mtllib eye_ball_tex.mtl
v 0.319403 0.349588 0.465917
v 0.307977 0.392559 0.451112
v 0.299436 0.389750 0.451662
v 0.291631 0.385381 0.452183
v 0.284865 0.379639 0.452646
v 0.279400 0.372735 0.453024
v 0.275442 0.364945 0.453312
v 0.273136 0.356560 0.453509
v 0.272566 0.347896 0.453618
v 0.273745 0.339298 0.453630
v 0.276627 0.331085 0.453569
v 0.281104 0.323565 0.453436
v 0.287012 0.317020 0.453228
v 0.294143 0.311721 0.452936
v 0.302218 0.307856 0.452571
v 0.310925 0.305578 0.452147
v 0.319931 0.304983 0.451672
v 0.328881 0.306105 0.451161
v 0.337428 0.308899 0.450634
v 0.345244 0.313248 0.450107
v 0.352034 0.318993 0.449603
v 0.357523 0.325917 0.449142
v 0.361509 0.333727 0.448754
v 0.363837 0.342147 0.448455
v 0.364419 0.350838 0.448259
v 0.363232 0.359465 0.448180
v 0.360331 0.367702 0.448226
v 0.355827 0.375239 0.448393
v 0.349886 0.381785 0.448675
v 0.342732 0.387074 0.449047
v 0.334642 0.390923 0.449499
v 0.325927 0.393159 0.450009
v 0.316924 0.393710 0.450556
v 0.298107 0.427959 0.423705
v 0.282921 0.422817 0.424627
v 0.269052 0.414847 0.425497
v 0.257045 0.404347 0.426263
v 0.247368 0.391726 0.426880
v 0.240397 0.377490 0.427324
v 0.236388 0.362176 0.427595
v 0.235470 0.346376 0.427718
v 0.237632 0.330690 0.427731
v 0.242756 0.315692 0.427675
v 0.250651 0.301929 0.427552
v 0.261054 0.289918 0.427350
v 0.273645 0.280155 0.427001
v 0.287974 0.273024 0.426477
v 0.303466 0.268818 0.425811
v 0.319502 0.267713 0.425030
v 0.335454 0.269742 0.424165
v 0.350695 0.274826 0.423259
v 0.364636 0.282782 0.422337
v 0.376772 0.293295 0.421436
v 0.386631 0.305952 0.420607
v 0.393803 0.320278 0.419896
v 0.397973 0.335695 0.419330
v 0.398980 0.351615 0.418944
v 0.396808 0.367426 0.418776
v 0.391550 0.382520 0.418842
v 0.383424 0.396320 0.419137
v 0.372756 0.408294 0.419628
v 0.359972 0.417987 0.420271
v 0.345564 0.425007 0.421035
v 0.330046 0.429090 0.421883
v 0.314022 0.430081 0.422779
v 0.292610 0.446790 0.402338
v 0.273915 0.440418 0.403455
v 0.256833 0.430531 0.404521
v 0.242026 0.417507 0.405483
v 0.230069 0.401843 0.406287
v 0.221445 0.384144 0.406880
v 0.216485 0.365109 0.407247
v 0.215335 0.345458 0.407436
v 0.217988 0.325942 0.407497
v 0.224316 0.307282 0.407458
v 0.234077 0.290176 0.407310
v 0.246934 0.275279 0.407017
v 0.262477 0.263173 0.406520
v 0.280138 0.254364 0.405811
v 0.299216 0.249176 0.404939
v 0.318955 0.247820 0.403949
v 0.338583 0.250349 0.402881
v 0.357338 0.256673 0.401772
v 0.374511 0.266542 0.400668
v 0.389502 0.279588 0.399618
v 0.401698 0.295287 0.398667
v 0.410575 0.313070 0.397847
v 0.415741 0.332207 0.397195
v 0.416994 0.351968 0.396755
v 0.414315 0.371587 0.396562
v 0.407821 0.390324 0.396648
v 0.397767 0.407456 0.396984
v 0.384572 0.422328 0.397550
v 0.368781 0.434360 0.398295
v 0.351027 0.443084 0.399182
v 0.331924 0.448161 0.400171
v 0.312198 0.449402 0.401230
v 0.287668 0.461003 0.371613
v 0.266199 0.453712 0.372852
v 0.246566 0.442376 0.374055
v 0.229524 0.427424 0.375166
v 0.215725 0.409422 0.376134
v 0.205713 0.389069 0.376901
v 0.199887 0.367147 0.377436
v 0.198462 0.344512 0.377747
v 0.201471 0.322023 0.377870
v 0.208788 0.300536 0.377817
v 0.220108 0.280875 0.377584
v 0.235014 0.263784 0.377135
v 0.252972 0.249934 0.376453
v 0.273308 0.239886 0.375555
v 0.295225 0.233998 0.374500
v 0.317872 0.232494 0.373340
v 0.340382 0.235438 0.372121
v 0.361883 0.242704 0.370891
v 0.381592 0.254036 0.369690
v 0.398815 0.269004 0.368560
v 0.412832 0.287041 0.367542
v 0.423036 0.307439 0.366680
v 0.428996 0.329388 0.366021
v 0.430473 0.352055 0.365595
v 0.427412 0.374561 0.365420
v 0.419953 0.396057 0.365503
v 0.408409 0.415736 0.365842
v 0.393247 0.432813 0.366418
v 0.375089 0.446622 0.367200
v 0.354694 0.456642 0.368145
v 0.332780 0.462499 0.369219
v 0.310148 0.463967 0.370388
v 0.285952 0.464825 0.355377
v 0.263709 0.457289 0.356631
v 0.243363 0.445558 0.357850
v 0.225700 0.430067 0.358977
v 0.211384 0.411421 0.359979
v 0.200969 0.390336 0.360790
v 0.194875 0.367614 0.361383
v 0.193349 0.344140 0.361750
v 0.196457 0.320825 0.361894
v 0.204062 0.298558 0.361831
v 0.215840 0.278192 0.361555
v 0.231339 0.260505 0.361051
v 0.249982 0.246188 0.360327
v 0.271067 0.235797 0.359397
v 0.293773 0.229714 0.358312
v 0.317230 0.228169 0.357128
v 0.340537 0.231223 0.355883
v 0.362798 0.238760 0.354632
v 0.383206 0.250496 0.353417
v 0.401039 0.266007 0.352265
v 0.415554 0.284687 0.351241
v 0.426117 0.305797 0.350381
v 0.432290 0.328517 0.349731
v 0.433828 0.351970 0.349314
v 0.430665 0.375267 0.349145
v 0.422945 0.397522 0.349223
v 0.410996 0.417892 0.349558
v 0.395296 0.435581 0.350124
v 0.376492 0.449884 0.350908
v 0.355369 0.460265 0.351857
v 0.332678 0.466344 0.352948
v 0.309240 0.467879 0.354138
v 0.284888 0.466013 0.339241
v 0.262374 0.458394 0.340480
v 0.241784 0.446516 0.341685
v 0.223903 0.430845 0.342800
v 0.209407 0.411978 0.343790
v 0.198843 0.390635 0.344614
v 0.192646 0.367635 0.345235
v 0.191074 0.343870 0.345629
v 0.194212 0.320263 0.345789
v 0.201920 0.297725 0.345719
v 0.213866 0.277113 0.345425
v 0.229583 0.259226 0.344909
v 0.248476 0.244753 0.344176
v 0.269820 0.234241 0.343249
v 0.292801 0.228091 0.342176
v 0.316538 0.226540 0.340999
v 0.340118 0.229633 0.339766
v 0.362637 0.237260 0.338528
v 0.383280 0.249145 0.337317
v 0.401320 0.264840 0.336182
v 0.416002 0.283742 0.335173
v 0.426689 0.305097 0.334331
v 0.432929 0.328074 0.333689
v 0.434484 0.351796 0.333278
v 0.431289 0.375359 0.333109
v 0.423488 0.397873 0.333190
v 0.411404 0.418486 0.333512
v 0.395522 0.436383 0.334063
v 0.376502 0.450863 0.334828
v 0.355133 0.461370 0.335768
v 0.332176 0.467531 0.336842
v 0.308457 0.469097 0.338015
v 0.284386 0.464930 0.323403
v 0.262037 0.457364 0.324607
v 0.241598 0.445579 0.325777
v 0.223847 0.430024 0.326864
v 0.209463 0.411292 0.327830
v 0.198954 0.390121 0.328632
v 0.192800 0.367283 0.329244
v 0.191228 0.343686 0.329641
v 0.194336 0.320251 0.329811
v 0.201982 0.297864 0.329752
v 0.213856 0.277407 0.329466
v 0.229472 0.259666 0.328954
v 0.248238 0.245303 0.328236
v 0.269429 0.234867 0.327336
v 0.292242 0.228772 0.326291
v 0.315801 0.227225 0.325144
v 0.339201 0.230310 0.323944
v 0.361549 0.237883 0.322733
v 0.382027 0.249687 0.321560
v 0.399923 0.265262 0.320460
v 0.414486 0.284021 0.319483
v 0.425089 0.305213 0.318671
v 0.431283 0.328018 0.318049
v 0.432828 0.351559 0.317647
v 0.429665 0.374942 0.317479
v 0.421930 0.397279 0.317552
v 0.409938 0.417731 0.317861
v 0.394180 0.435490 0.318392
v 0.375313 0.449876 0.319126
v 0.354116 0.460330 0.320026
v 0.331325 0.466429 0.321071
v 0.307781 0.467995 0.322209
v 0.284365 0.461875 0.307971
v 0.262560 0.454495 0.309124
v 0.242616 0.442996 0.310248
v 0.211263 0.409542 0.312215
v 0.201053 0.388866 0.312989
v 0.195071 0.366590 0.313586
v 0.215596 0.278945 0.313823
v 0.292038 0.231479 0.310779
v 0.315020 0.229971 0.309678
v 0.337850 0.232964 0.308525
v 0.359646 0.240368 0.307363
v 0.379608 0.251888 0.306238
v 0.397042 0.267096 0.305189
v 0.421567 0.306061 0.303481
v 0.426041 0.374066 0.302336
v 0.373055 0.447149 0.303886
v 0.352391 0.457351 0.304744
v 0.307194 0.464855 0.306829
v 0.312425 0.376497 0.460163
v 0.307024 0.374740 0.460519
v 0.302087 0.372012 0.460859
v 0.297802 0.368421 0.461162
v 0.294336 0.364109 0.461420
v 0.291818 0.359233 0.461623
v 0.290345 0.353990 0.461768
v 0.289973 0.348570 0.461846
v 0.290714 0.343186 0.461863
v 0.292541 0.338052 0.461816
v 0.295383 0.333351 0.461710
v 0.299132 0.329265 0.461551
v 0.303649 0.325960 0.461338
v 0.308758 0.323547 0.461080
v 0.314264 0.322143 0.460789
v 0.319955 0.321779 0.460467
v 0.325610 0.322491 0.460129
v 0.331012 0.324238 0.459784
v 0.335953 0.326955 0.459448
v 0.340242 0.330548 0.459133
v 0.343716 0.334862 0.458853
v 0.346238 0.339743 0.458616
v 0.347717 0.345003 0.458441
v 0.348092 0.350427 0.458329
v 0.347350 0.355818 0.458288
v 0.345519 0.360962 0.458320
v 0.342671 0.365675 0.458426
v 0.338915 0.369755 0.458600
v 0.334392 0.373069 0.458836
v 0.329280 0.375465 0.459123
v 0.323771 0.376867 0.459450
v 0.318079 0.377213 0.459801
v 0.314470 0.368902 0.463094
v 0.310582 0.367646 0.463350
v 0.307027 0.365696 0.463594
v 0.303940 0.363120 0.463816
v 0.301442 0.360024 0.464007
v 0.299627 0.356527 0.464158
v 0.298564 0.352764 0.464267
v 0.298295 0.348874 0.464328
v 0.298828 0.345016 0.464343
v 0.300144 0.341328 0.464309
v 0.302192 0.337954 0.464229
v 0.304893 0.335028 0.464108
v 0.308145 0.332660 0.463950
v 0.311824 0.330928 0.463760
v 0.315788 0.329922 0.463542
v 0.319883 0.329667 0.463304
v 0.323954 0.330177 0.463056
v 0.327842 0.331435 0.462805
v 0.331398 0.333386 0.462562
v 0.334486 0.335957 0.462336
v 0.336987 0.339054 0.462134
v 0.338805 0.342553 0.461970
v 0.339870 0.346319 0.461846
v 0.340141 0.350208 0.461768
v 0.339607 0.354076 0.461741
v 0.338290 0.357769 0.461766
v 0.336241 0.361149 0.461842
v 0.333536 0.364077 0.461969
v 0.330282 0.366441 0.462139
v 0.326601 0.368166 0.462346
v 0.322637 0.369170 0.462580
v 0.318540 0.369421 0.462833
v 0.317192 0.358412 0.465311
v 0.315414 0.357835 0.465429
v 0.313786 0.356942 0.465541
v 0.312374 0.355767 0.465645
v 0.311229 0.354358 0.465733
v 0.310398 0.352765 0.465805
v 0.309910 0.351047 0.465856
v 0.309786 0.349270 0.465886
v 0.310030 0.347505 0.465895
v 0.310632 0.345825 0.465880
v 0.311570 0.344286 0.465844
v 0.312807 0.342949 0.465787
v 0.314295 0.341875 0.465712
v 0.315979 0.341085 0.465622
v 0.317793 0.340624 0.465517
v 0.319667 0.340510 0.465406
v 0.321530 0.340748 0.465289
v 0.323309 0.341317 0.465174
v 0.324937 0.342208 0.465063
v 0.326350 0.343380 0.464960
v 0.327495 0.344795 0.464869
v 0.328327 0.346386 0.464794
v 0.328814 0.348108 0.464738
v 0.328938 0.349884 0.464704
v 0.328695 0.351642 0.464694
v 0.328092 0.353332 0.464707
v 0.327154 0.354869 0.464743
v 0.325917 0.356203 0.464800
v 0.324428 0.357287 0.464878
v 0.322743 0.358075 0.464970
v 0.320929 0.358528 0.465076
v 0.319055 0.358643 0.465191
v 0.302902 0.410734 0.437985
v 0.290921 0.406721 0.438729
v 0.279978 0.400499 0.439425
v 0.270502 0.392312 0.440038
v 0.262863 0.382477 0.440531
v 0.257349 0.371375 0.440894
v 0.254161 0.359439 0.441125
v 0.253406 0.347118 0.441235
v 0.255089 0.334889 0.441243
v 0.259131 0.323197 0.441181
v 0.265373 0.312478 0.441053
v 0.273609 0.303142 0.440844
v 0.283565 0.295542 0.440531
v 0.294878 0.289995 0.440102
v 0.307100 0.286721 0.439568
v 0.319749 0.285859 0.438941
v 0.332323 0.287450 0.438263
v 0.344322 0.291421 0.437551
v 0.355307 0.297607 0.436811
v 0.364845 0.305799 0.436093
v 0.372584 0.315671 0.435432
v 0.378206 0.326821 0.434864
v 0.381479 0.338828 0.434415
v 0.382261 0.351234 0.434120
v 0.380567 0.363532 0.433987
v 0.376460 0.375288 0.434044
v 0.370100 0.386034 0.434283
v 0.361738 0.395375 0.434679
v 0.351697 0.402930 0.435200
v 0.340338 0.408408 0.435821
v 0.328099 0.411600 0.436506
v 0.315459 0.412381 0.437235
v 0.305313 0.402029 0.444232
v 0.294970 0.398595 0.444886
v 0.285522 0.393259 0.445499
v 0.277336 0.386240 0.446040
v 0.270732 0.377806 0.446480
v 0.265956 0.368289 0.446810
v 0.263185 0.358055 0.447025
v 0.262514 0.347489 0.447135
v 0.263954 0.336998 0.447147
v 0.267442 0.326972 0.447083
v 0.272848 0.317786 0.446948
v 0.279981 0.309791 0.446733
v 0.288598 0.303299 0.446425
v 0.298367 0.298555 0.446027
v 0.308915 0.295762 0.445542
v 0.319827 0.295026 0.444993
v 0.330665 0.296406 0.444357
v 0.341025 0.299804 0.443733
v 0.350508 0.305106 0.443127
v 0.358731 0.312125 0.442512
v 0.365388 0.320575 0.441945
v 0.370228 0.330137 0.441464
v 0.373048 0.340422 0.441086
v 0.373743 0.351037 0.440834
v 0.372290 0.361579 0.440728
v 0.368762 0.371647 0.440780
v 0.363289 0.380861 0.440984
v 0.356090 0.388858 0.441326
v 0.347425 0.395327 0.441779
v 0.337624 0.400024 0.442321
v 0.327063 0.402763 0.442928
v 0.316153 0.403435 0.443574
v 0.303071 0.382585 0.456489
v 0.296623 0.379004 0.456928
v 0.291030 0.374292 0.457318
v 0.286508 0.368624 0.457644
v 0.283229 0.362225 0.457895
v 0.281316 0.355333 0.458073
v 0.280836 0.348223 0.458169
v 0.281805 0.341159 0.458183
v 0.284187 0.334419 0.458127
v 0.287893 0.328241 0.458002
v 0.292785 0.322879 0.457809
v 0.298679 0.318531 0.457547
v 0.305350 0.315370 0.457226
v 0.312541 0.313506 0.456858
v 0.319978 0.313030 0.456453
v 0.327366 0.313953 0.456021
v 0.334425 0.316247 0.455579
v 0.340879 0.319817 0.455143
v 0.346481 0.324531 0.454729
v 0.351017 0.330202 0.454355
v 0.354310 0.336623 0.454039
v 0.356236 0.343528 0.453801
v 0.356721 0.350649 0.453647
v 0.355748 0.357732 0.453589
v 0.353356 0.364496 0.453628
v 0.349637 0.370677 0.453767
v 0.344730 0.376039 0.453997
v 0.338823 0.380381 0.454306
v 0.332144 0.383538 0.454680
v 0.324947 0.385378 0.455104
v 0.317512 0.385831 0.455561
v 0.310126 0.384885 0.456030
v 0.295053 0.438661 0.412898
v 0.277883 0.432814 0.413930
v 0.262199 0.423755 0.414912
v 0.248611 0.411822 0.415786
v 0.237651 0.397478 0.416502
v 0.229753 0.381280 0.417020
v 0.225218 0.363857 0.417335
v 0.224181 0.345879 0.417485
v 0.226626 0.328023 0.417524
v 0.232426 0.310951 0.417479
v 0.241371 0.295296 0.417345
v 0.253147 0.281642 0.417108
v 0.267396 0.270543 0.416695
v 0.283603 0.262441 0.416080
v 0.301122 0.257680 0.415309
v 0.319254 0.256424 0.414412
v 0.337288 0.258738 0.413431
v 0.354521 0.264525 0.412406
v 0.370292 0.273561 0.411375
v 0.384041 0.285516 0.410380
v 0.395222 0.299912 0.409473
v 0.403358 0.316195 0.408695
v 0.408092 0.333727 0.408074
v 0.409235 0.351828 0.407648
v 0.406775 0.369800 0.407462
v 0.400818 0.386971 0.407538
v 0.391598 0.402667 0.407860
v 0.379497 0.416284 0.408397
v 0.365011 0.427298 0.409102
v 0.348710 0.435286 0.409942
v 0.331165 0.439932 0.410875
v 0.313046 0.441062 0.411867
v 0.287035 0.414560 0.432242
v 0.274668 0.407488 0.433020
v 0.263962 0.398169 0.433702
v 0.255334 0.386983 0.434253
v 0.249115 0.374349 0.434651
v 0.245530 0.360773 0.434900
v 0.244697 0.346760 0.435013
v 0.246616 0.332849 0.435019
v 0.251184 0.319545 0.434959
v 0.258227 0.307348 0.434837
v 0.267514 0.296713 0.434641
v 0.278750 0.288056 0.434319
v 0.291531 0.281734 0.433853
v 0.305347 0.278001 0.433260
v 0.319645 0.277019 0.432565
v 0.333864 0.278824 0.431800
v 0.347444 0.283341 0.430997
v 0.359866 0.290394 0.430175
v 0.370664 0.299715 0.429367
v 0.379432 0.310944 0.428616
v 0.385807 0.323636 0.427971
v 0.389513 0.337303 0.427460
v 0.390404 0.351421 0.427117
v 0.388473 0.365433 0.426968
v 0.383803 0.378810 0.427027
v 0.376586 0.391038 0.427296
v 0.367105 0.401659 0.427739
v 0.355732 0.410259 0.428319
v 0.342890 0.416489 0.429008
v 0.329056 0.420125 0.429772
v 0.314769 0.421005 0.430579
v 0.300578 0.419125 0.431414
v 0.289779 0.455510 0.387371
v 0.269401 0.448577 0.388569
v 0.250773 0.437806 0.389725
v 0.234610 0.423598 0.390784
v 0.221540 0.406516 0.391688
v 0.212085 0.387198 0.392383
v 0.206621 0.366406 0.392834
v 0.205321 0.344938 0.393083
v 0.208196 0.323618 0.393175
v 0.215115 0.303232 0.393137
v 0.225804 0.284558 0.392955
v 0.239887 0.268324 0.392581
v 0.256886 0.255156 0.391973
v 0.276165 0.245575 0.391147
v 0.296965 0.239961 0.390158
v 0.318470 0.238511 0.389063
v 0.339850 0.241285 0.387899
v 0.360274 0.248191 0.386708
v 0.378988 0.258947 0.385540
v 0.395340 0.273167 0.384440
v 0.408648 0.290292 0.383446
v 0.418338 0.309670 0.382594
v 0.423983 0.330531 0.381927
v 0.425366 0.352071 0.381485
v 0.422452 0.373455 0.381301
v 0.415369 0.393882 0.381387
v 0.404405 0.412571 0.381731
v 0.390013 0.428791 0.382310
v 0.372784 0.441909 0.383088
v 0.353426 0.451428 0.384015
v 0.332614 0.456971 0.385058
v 0.311122 0.458347 0.386187
v 0.284818 0.456878 0.293069
v 0.263926 0.449807 0.294163
v 0.244816 0.438789 0.295225
v 0.228220 0.424243 0.296215
v 0.214776 0.406735 0.297091
v 0.205001 0.386932 0.297825
v 0.199274 0.365588 0.298390
v 0.197828 0.343548 0.298763
v 0.200728 0.321647 0.298933
v 0.207858 0.300745 0.298888
v 0.218931 0.281623 0.298633
v 0.233515 0.265032 0.298171
v 0.251047 0.251602 0.297520
v 0.270852 0.241846 0.296703
v 0.292171 0.236140 0.295754
v 0.314189 0.234694 0.294712
v 0.336059 0.237573 0.293617
v 0.356939 0.244669 0.292517
v 0.376049 0.255708 0.291452
v 0.392728 0.270276 0.290460
v 0.406298 0.287798 0.289579
v 0.416194 0.307600 0.288847
v 0.421983 0.328910 0.288283
v 0.423431 0.350901 0.287916
v 0.420487 0.372751 0.287756
v 0.413270 0.393623 0.287814
v 0.402075 0.412723 0.288083
v 0.387374 0.429319 0.288555
v 0.369777 0.442759 0.289210
v 0.349990 0.452535 0.290020
v 0.328697 0.458268 0.290957
v 0.306689 0.459733 0.291988
v 0.285721 0.450015 0.278958
v 0.266101 0.443376 0.279982
v 0.248153 0.433026 0.280975
v 0.232568 0.419367 0.281902
v 0.219944 0.402926 0.282724
v 0.210770 0.384323 0.283411
v 0.205403 0.364290 0.283941
v 0.204051 0.343588 0.284291
v 0.206772 0.323029 0.284450
v 0.213461 0.303395 0.284410
v 0.223855 0.285438 0.284172
v 0.237549 0.269851 0.283739
v 0.254011 0.257238 0.283128
v 0.272608 0.248075 0.282364
v 0.292628 0.242714 0.281475
v 0.313304 0.241356 0.280500
v 0.333842 0.244058 0.279476
v 0.353449 0.250727 0.278443
v 0.371383 0.261095 0.277448
v 0.387019 0.274777 0.276521
v 0.399742 0.291228 0.275700
v 0.409014 0.309823 0.275014
v 0.414446 0.329836 0.274489
v 0.415808 0.350491 0.274145
v 0.413049 0.371012 0.273995
v 0.406283 0.390617 0.274046
v 0.395787 0.408554 0.274297
v 0.382002 0.424137 0.274736
v 0.365497 0.436758 0.275345
v 0.346925 0.445937 0.276101
v 0.326928 0.451317 0.276981
v 0.306261 0.452695 0.277945
v 0.287090 0.441339 0.266104
v 0.269089 0.435247 0.267045
v 0.252624 0.425752 0.267957
v 0.238327 0.413219 0.268809
v 0.226748 0.398129 0.269563
v 0.218335 0.381066 0.270195
v 0.213417 0.362693 0.270682
v 0.212182 0.343705 0.271005
v 0.214678 0.324842 0.271150
v 0.220811 0.306828 0.271112
v 0.230344 0.290360 0.270891
v 0.242904 0.276061 0.270494
v 0.258003 0.264489 0.269932
v 0.275062 0.256084 0.269229
v 0.293427 0.251159 0.268413
v 0.312394 0.249917 0.267515
v 0.331234 0.252397 0.266575
v 0.349222 0.258511 0.265627
v 0.365664 0.268020 0.264711
v 0.379987 0.280573 0.263861
v 0.391631 0.295663 0.263109
v 0.400116 0.312721 0.262479
v 0.405088 0.331076 0.261998
v 0.406336 0.350036 0.261683
v 0.403814 0.368864 0.261545
v 0.397621 0.386849 0.261591
v 0.388014 0.403308 0.261820
v 0.375391 0.417603 0.262223
v 0.360273 0.429182 0.262782
v 0.343241 0.437602 0.263480
v 0.324894 0.442536 0.264286
v 0.305933 0.443802 0.265174
v 0.288921 0.430978 0.254601
v 0.272866 0.425540 0.255440
v 0.258181 0.417065 0.256257
v 0.245430 0.405884 0.257015
v 0.235104 0.392429 0.257689
v 0.227603 0.377214 0.258254
v 0.223218 0.360825 0.258688
v 0.222119 0.343891 0.258977
v 0.224347 0.327068 0.259106
v 0.229816 0.311011 0.259071
v 0.238316 0.296317 0.258873
v 0.249515 0.283567 0.258516
v 0.262980 0.273242 0.258016
v 0.278194 0.265739 0.257388
v 0.294572 0.261348 0.256660
v 0.311489 0.260236 0.255860
v 0.328294 0.262450 0.255020
v 0.344338 0.267902 0.254174
v 0.359004 0.276389 0.253355
v 0.371754 0.287574 0.252597
v 0.382116 0.301034 0.251923
v 0.389664 0.316250 0.251360
v 0.394086 0.332624 0.250930
v 0.395198 0.349533 0.250648
v 0.392956 0.366332 0.250525
v 0.387448 0.382384 0.250566
v 0.378900 0.397062 0.250771
v 0.367665 0.409814 0.251131
v 0.354201 0.420144 0.251632
v 0.339009 0.427654 0.252255
v 0.322641 0.432054 0.252977
v 0.305728 0.433176 0.253770
v 0.291170 0.419139 0.244542
v 0.277345 0.414454 0.245265
v 0.264701 0.407157 0.245967
v 0.253722 0.397531 0.246622
v 0.244832 0.385942 0.247203
v 0.238375 0.372841 0.247690
v 0.234600 0.358731 0.248063
v 0.233655 0.344148 0.248311
v 0.235573 0.329663 0.248423
v 0.240282 0.315829 0.248392
v 0.247599 0.303179 0.248220
v 0.257239 0.292203 0.247913
v 0.268834 0.283310 0.247481
v 0.281932 0.276850 0.246941
v 0.296037 0.273064 0.246314
v 0.310603 0.272110 0.245625
v 0.325074 0.274016 0.244901
v 0.338892 0.278706 0.244172
v 0.351524 0.286014 0.243465
v 0.362489 0.295648 0.242808
v 0.371389 0.307229 0.242227
v 0.377870 0.320330 0.241741
v 0.381666 0.334439 0.241367
v 0.382620 0.349008 0.241123
v 0.380696 0.363478 0.241018
v 0.375967 0.377302 0.241054
v 0.368627 0.389944 0.241233
v 0.358976 0.400925 0.241544
v 0.347395 0.409821 0.241975
v 0.334307 0.416283 0.242515
v 0.320209 0.420077 0.243139
v 0.305644 0.421037 0.243824
v 0.296735 0.391984 0.229366
v 0.288045 0.389039 0.229823
v 0.280098 0.384448 0.230265
v 0.273199 0.378393 0.230678
v 0.267613 0.371114 0.231045
v 0.263556 0.362876 0.231351
v 0.261185 0.354007 0.231587
v 0.260590 0.344844 0.231742
v 0.261795 0.335735 0.231810
v 0.264752 0.327044 0.231790
v 0.269349 0.319091 0.231679
v 0.275406 0.312187 0.231485
v 0.282691 0.306599 0.231211
v 0.290926 0.302535 0.230873
v 0.299792 0.300160 0.230479
v 0.308950 0.299551 0.230046
v 0.318047 0.300749 0.229590
v 0.326735 0.303705 0.229132
v 0.334679 0.308292 0.228686
v 0.341574 0.314345 0.228271
v 0.347156 0.321629 0.227903
v 0.351209 0.329866 0.227595
v 0.353579 0.338734 0.227360
v 0.354173 0.347893 0.227206
v 0.352970 0.356996 0.227139
v 0.350016 0.365693 0.227163
v 0.345424 0.373646 0.227275
v 0.339371 0.380544 0.227472
v 0.332088 0.386144 0.227746
v 0.323857 0.390201 0.228086
v 0.314991 0.392578 0.228480
v 0.305833 0.393182 0.228913
v 0.303379 0.361819 0.221561
v 0.300415 0.360814 0.221718
v 0.297705 0.359244 0.221869
v 0.295353 0.357186 0.222011
v 0.293449 0.354698 0.222137
v 0.292065 0.351892 0.222241
v 0.291257 0.348868 0.222321
v 0.291054 0.345742 0.222374
v 0.291464 0.342632 0.222397
v 0.292472 0.339672 0.222389
v 0.294040 0.336951 0.222352
v 0.296104 0.334602 0.222285
v 0.298589 0.332692 0.222191
v 0.301397 0.331308 0.222075
v 0.304421 0.330501 0.221940
v 0.307545 0.330291 0.221794
v 0.310648 0.330703 0.221637
v 0.313612 0.331707 0.221482
v 0.316321 0.333279 0.221329
v 0.318673 0.335337 0.221189
v 0.320577 0.337826 0.221063
v 0.321960 0.340636 0.220957
v 0.322768 0.343660 0.220877
v 0.322971 0.346781 0.220824
v 0.322561 0.349886 0.220801
v 0.321553 0.352851 0.220809
v 0.319986 0.355568 0.220848
v 0.317922 0.357922 0.220915
v 0.315438 0.359829 0.221009
v 0.312629 0.361216 0.221124
v 0.309606 0.362024 0.221258
v 0.306482 0.362225 0.221406
v 0.306965 0.346248 0.220603
v 0.225297 0.427813 0.311290
v 0.193543 0.343582 0.313974
v 0.196570 0.320725 0.314145
v 0.204019 0.298897 0.314095
v 0.230823 0.261635 0.313336
v 0.249114 0.247613 0.312645
v 0.269785 0.237431 0.311781
v 0.411230 0.285391 0.304258
v 0.427611 0.328300 0.302888
v 0.429120 0.351261 0.302498
v 0.418500 0.395853 0.302398
v 0.406805 0.415793 0.302689
v 0.391443 0.433110 0.303192
v 0.330165 0.463325 0.305738
vt 0.500000 0.500000
vt 0.494704 0.525502
vt 0.489636 0.524022
vt 0.484965 0.521620
vt 0.480870 0.518389
vt 0.477506 0.514451
vt 0.475005 0.509956
vt 0.473463 0.505076
vt 0.472940 0.500000
vt 0.473463 0.494924
vt 0.475005 0.490044
vt 0.477506 0.485549
vt 0.480870 0.481611
vt 0.484965 0.478379
vt 0.489636 0.475978
vt 0.494704 0.474498
vt 0.500000 0.473998
vt 0.505246 0.474498
vt 0.510316 0.475976
vt 0.514991 0.478377
vt 0.519091 0.481607
vt 0.522458 0.485546
vt 0.524965 0.490041
vt 0.526510 0.494922
vt 0.527036 0.500000
vt 0.526511 0.505078
vt 0.524965 0.509959
vt 0.522459 0.514454
vt 0.519091 0.518393
vt 0.514991 0.521623
vt 0.510316 0.524024
vt 0.505246 0.525502
vt 0.500000 0.526002
vt 0.468236 0.658410
vt 0.437560 0.649220
vt 0.449309 0.620478
vt 0.474277 0.627900
vt 0.409288 0.634297
vt 0.426302 0.608425
vt 0.384505 0.614214
vt 0.406139 0.592206
vt 0.364167 0.589738
vt 0.389594 0.572443
vt 0.349052 0.561814
vt 0.377303 0.549898
vt 0.339743 0.531513
vt 0.369734 0.525437
vt 0.336602 0.500000
vt 0.367179 0.500000
vt 0.339743 0.468487
vt 0.369734 0.474562
vt 0.349052 0.438186
vt 0.377303 0.450102
vt 0.364167 0.410262
vt 0.389594 0.427557
vt 0.384504 0.385786
vt 0.406139 0.407794
vt 0.409288 0.365703
vt 0.426301 0.391574
vt 0.437560 0.350780
vt 0.449309 0.379522
vt 0.468236 0.341590
vt 0.474277 0.372100
vt 0.500000 0.338487
vt 0.500000 0.369595
vt 0.532041 0.341590
vt 0.526216 0.372103
vt 0.562718 0.350780
vt 0.551189 0.379527
vt 0.590993 0.365703
vt 0.574205 0.391582
vt 0.615778 0.385787
vt 0.594377 0.407803
vt 0.636134 0.410263
vt 0.610929 0.427565
vt 0.651294 0.438187
vt 0.623228 0.450108
vt 0.660642 0.468488
vt 0.630806 0.474566
vt 0.663800 0.500000
vt 0.633366 0.500000
vt 0.660641 0.531512
vt 0.630806 0.525434
vt 0.651294 0.561812
vt 0.623228 0.549892
vt 0.636134 0.589737
vt 0.610929 0.572435
vt 0.615778 0.614213
vt 0.594377 0.592197
vt 0.590993 0.634297
vt 0.574205 0.608418
vt 0.562718 0.649220
vt 0.551189 0.620472
vt 0.532041 0.658410
vt 0.526216 0.627897
vt 0.500000 0.661513
vt 0.500000 0.630405
vt 0.446186 0.770098
vt 0.394473 0.754427
vt 0.407347 0.723497
vt 0.452784 0.737147
vt 0.346906 0.729079
vt 0.365533 0.701170
vt 0.305074 0.694874
vt 0.328874 0.671062
vt 0.270652 0.653186
vt 0.298634 0.634491
vt 0.245095 0.605651
vt 0.276179 0.592697
vt 0.229264 0.553878
vt 0.262427 0.547224
vt 0.224046 0.500000
vt 0.257748 0.500000
vt 0.229257 0.446120
vt 0.262427 0.452776
vt 0.245095 0.394349
vt 0.276179 0.407303
vt 0.270652 0.346814
vt 0.298634 0.365509
vt 0.305073 0.305126
vt 0.328874 0.328938
vt 0.346906 0.270921
vt 0.365534 0.298829
vt 0.394473 0.245573
vt 0.407347 0.276503
vt 0.446187 0.229907
vt 0.452785 0.262854
vt 0.500000 0.224702
vt 0.500000 0.258177
vt 0.553727 0.229818
vt 0.547097 0.262807
vt 0.605318 0.245437
vt 0.592555 0.276432
vt 0.653084 0.270779
vt 0.634394 0.298747
vt 0.694964 0.304984
vt 0.671080 0.328856
vt 0.729430 0.346689
vt 0.701348 0.365436
vt 0.755026 0.394255
vt 0.723825 0.407248
vt 0.770889 0.446070
vt 0.737593 0.452747
vt 0.776107 0.500000
vt 0.742277 0.500000
vt 0.770889 0.553930
vt 0.737593 0.547253
vt 0.755026 0.605745
vt 0.723825 0.592752
vt 0.729431 0.653311
vt 0.701348 0.634564
vt 0.694964 0.695016
vt 0.671080 0.671144
vt 0.653084 0.729221
vt 0.634394 0.701253
vt 0.605318 0.754563
vt 0.592555 0.723568
vt 0.553726 0.770179
vt 0.547097 0.737193
vt 0.500000 0.775298
vt 0.500000 0.741823
vt 0.434632 0.828586
vt 0.371701 0.809591
vt 0.384382 0.779197
vt 0.441005 0.796266
vt 0.313680 0.778786
vt 0.331977 0.751386
vt 0.262784 0.737189
vt 0.286045 0.713917
vt 0.220941 0.686456
vt 0.248322 0.668155
vt 0.189887 0.628476
vt 0.220240 0.615798
vt 0.170719 0.565473
vt 0.203000 0.559096
vt 0.164268 0.500000
vt 0.197123 0.500000
vt 0.170707 0.434524
vt 0.202989 0.440901
vt 0.189885 0.371523
vt 0.220240 0.384202
vt 0.220943 0.313545
vt 0.248322 0.331845
vt 0.262784 0.262811
vt 0.286045 0.286082
vt 0.313679 0.221211
vt 0.331977 0.248614
vt 0.371699 0.190404
vt 0.384380 0.220798
vt 0.434634 0.171423
vt 0.441006 0.203742
vt 0.500000 0.164987
vt 0.500000 0.197879
vt 0.565334 0.171310
vt 0.558941 0.203630
vt 0.628306 0.190259
vt 0.615608 0.220646
vt 0.686378 0.221045
vt 0.668063 0.248440
vt 0.737329 0.262643
vt 0.714052 0.285909
vt 0.779224 0.313397
vt 0.751830 0.331693
vt 0.810326 0.371412
vt 0.779959 0.384088
vt 0.829529 0.434466
vt 0.797239 0.440841
vt 0.835981 0.500000
vt 0.803114 0.500000
vt 0.829534 0.565534
vt 0.797239 0.559159
vt 0.810326 0.628587
vt 0.779959 0.615912
vt 0.779224 0.686603
vt 0.751830 0.668307
vt 0.737329 0.737357
vt 0.714052 0.714091
vt 0.686379 0.778957
vt 0.668063 0.751560
vt 0.628306 0.809741
vt 0.615608 0.779354
vt 0.565334 0.828688
vt 0.558940 0.796368
vt 0.500000 0.835018
vt 0.500000 0.802121
vt 0.350162 0.861663
vt 0.360451 0.836941
vt 0.428826 0.857620
vt 0.423661 0.883864
vt 0.282461 0.825526
vt 0.297282 0.803342
vt 0.223139 0.776855
vt 0.241849 0.757991
vt 0.174408 0.717574
vt 0.196456 0.702822
vt 0.138205 0.649884
vt 0.162670 0.639686
vt 0.115844 0.576365
vt 0.141860 0.571256
vt 0.108345 0.500000
vt 0.134853 0.500000
vt 0.115842 0.423635
vt 0.141852 0.428742
vt 0.138204 0.350115
vt 0.162666 0.360313
vt 0.174407 0.282425
vt 0.196458 0.297179
vt 0.223138 0.223144
vt 0.241849 0.242008
vt 0.282461 0.174474
vt 0.297280 0.196655
vt 0.350162 0.138335
vt 0.360449 0.163055
vt 0.423661 0.116135
vt 0.428826 0.142381
vt 0.500000 0.108527
vt 0.500000 0.135390
vt 0.576333 0.116109
vt 0.571155 0.142297
vt 0.649843 0.138297
vt 0.639560 0.162944
vt 0.717557 0.174430
vt 0.702766 0.196531
vt 0.776895 0.223099
vt 0.758143 0.241839
vt 0.825641 0.282385
vt 0.803673 0.297066
vt 0.861857 0.350085
vt 0.837497 0.360230
vt 0.884113 0.423616
vt 0.858334 0.428698
vt 0.891726 0.500000
vt 0.865340 0.500000
vt 0.884114 0.576384
vt 0.858335 0.571302
vt 0.861857 0.649914
vt 0.837500 0.639770
vt 0.825641 0.717615
vt 0.803673 0.702933
vt 0.776895 0.776900
vt 0.758142 0.758161
vt 0.717557 0.825569
vt 0.702768 0.803472
vt 0.649843 0.861703
vt 0.639559 0.837052
vt 0.576333 0.883891
vt 0.571155 0.857704
vt 0.500000 0.891476
vt 0.500000 0.864616
vt 0.341931 0.881504
vt 0.419434 0.905050
vt 0.270560 0.843366
vt 0.208018 0.791984
vt 0.156636 0.729442
vt 0.118498 0.658071
vt 0.094953 0.580568
vt 0.086982 0.500000
vt 0.094953 0.419431
vt 0.118498 0.341929
vt 0.156636 0.270558
vt 0.208018 0.208016
vt 0.270560 0.156633
vt 0.341931 0.118495
vt 0.419434 0.094950
vt 0.500000 0.086979
vt 0.580571 0.094950
vt 0.658074 0.118495
vt 0.729445 0.156633
vt 0.791987 0.208016
vt 0.843369 0.270558
vt 0.881507 0.341929
vt 0.905053 0.419431
vt 0.912901 0.500000
vt 0.905053 0.580568
vt 0.881507 0.658071
vt 0.843369 0.729442
vt 0.791987 0.791984
vt 0.729445 0.843366
vt 0.658074 0.881504
vt 0.580571 0.905050
vt 0.500000 0.913021
vt 0.332403 0.904658
vt 0.414609 0.929528
vt 0.256691 0.864106
vt 0.190289 0.809711
vt 0.135771 0.743309
vt 0.095342 0.667597
vt 0.070472 0.585391
vt 0.062019 0.500000
vt 0.070472 0.414609
vt 0.095342 0.332403
vt 0.135894 0.256691
vt 0.190289 0.190289
vt 0.256691 0.135893
vt 0.332403 0.095342
vt 0.414609 0.070472
vt 0.500000 0.062019
vt 0.585391 0.070472
vt 0.667597 0.095342
vt 0.743309 0.135893
vt 0.809711 0.190289
vt 0.864106 0.256691
vt 0.904658 0.332403
vt 0.929528 0.414609
vt 0.937981 0.500000
vt 0.929528 0.585391
vt 0.904658 0.667597
vt 0.864106 0.743309
vt 0.809711 0.809711
vt 0.743309 0.864106
vt 0.667597 0.904658
vt 0.585391 0.929528
vt 0.500000 0.937981
vt 0.322210 0.929244
vt 0.409384 0.955625
vt 0.241918 0.886294
vt 0.171567 0.828433
vt 0.113706 0.758081
vt 0.070756 0.677790
vt 0.044374 0.590616
vt 0.035453 0.500000
vt 0.044374 0.409384
vt 0.070756 0.322210
vt 0.113706 0.241918
vt 0.171567 0.171567
vt 0.241918 0.113706
vt 0.322210 0.070756
vt 0.409384 0.044374
vt 0.500000 0.035453
vt 0.590616 0.044374
vt 0.677790 0.070756
vt 0.758081 0.113706
vt 0.828433 0.171567
vt 0.886294 0.241918
vt 0.929116 0.322210
vt 0.955625 0.409384
vt 0.964546 0.500000
vt 0.955625 0.590616
vt 0.929116 0.677790
vt 0.886294 0.758081
vt 0.828433 0.828433
vt 0.758081 0.886294
vt 0.677790 0.929244
vt 0.590616 0.955625
vt 0.500000 0.964546
vt 0.479059 0.603654
vt 0.458706 0.597635
vt 0.468591 0.573830
vt 0.484060 0.578385
vt 0.439954 0.587863
vt 0.454340 0.566438
vt 0.423525 0.574713
vt 0.441855 0.556494
vt 0.410048 0.558696
vt 0.431614 0.544382
vt 0.400037 0.540426
vt 0.424006 0.530568
vt 0.393874 0.520608
vt 0.419322 0.515583
vt 0.391795 0.500000
vt 0.417739 0.500000
vt 0.393873 0.479392
vt 0.419321 0.484417
vt 0.400037 0.459573
vt 0.424006 0.469432
vt 0.410048 0.441304
vt 0.431614 0.455618
vt 0.423525 0.425286
vt 0.441855 0.443506
vt 0.439954 0.412137
vt 0.454340 0.433562
vt 0.458706 0.402364
vt 0.468591 0.426170
vt 0.479059 0.396345
vt 0.484060 0.421614
vt 0.500000 0.394314
vt 0.500000 0.420078
vt 0.521407 0.396349
vt 0.516249 0.421618
vt 0.541768 0.402371
vt 0.531727 0.426174
vt 0.560531 0.412147
vt 0.545990 0.433566
vt 0.576971 0.425298
vt 0.558486 0.443511
vt 0.590460 0.441315
vt 0.568742 0.455622
vt 0.600480 0.459581
vt 0.576361 0.469434
vt 0.606651 0.479396
vt 0.581057 0.484418
vt 0.608734 0.500000
vt 0.582645 0.500000
vt 0.606651 0.520604
vt 0.581057 0.515582
vt 0.600480 0.540419
vt 0.576361 0.530566
vt 0.590459 0.558685
vt 0.568742 0.544378
vt 0.576971 0.574702
vt 0.558486 0.556490
vt 0.560531 0.587854
vt 0.545990 0.566435
vt 0.541769 0.597629
vt 0.531728 0.573827
vt 0.521406 0.603651
vt 0.516249 0.578382
vt 0.500000 0.605685
vt 0.500000 0.579921
vt 0.477471 0.552681
vt 0.488549 0.555930
vt 0.467265 0.547408
vt 0.458319 0.540315
vt 0.450980 0.531674
vt 0.445527 0.521818
vt 0.442167 0.511123
vt 0.441030 0.500000
vt 0.442167 0.488877
vt 0.445527 0.478182
vt 0.450980 0.468326
vt 0.458319 0.459685
vt 0.467265 0.452592
vt 0.477471 0.447319
vt 0.488548 0.444069
vt 0.500000 0.442973
vt 0.511600 0.444071
vt 0.522684 0.447319
vt 0.532901 0.452591
vt 0.541854 0.459683
vt 0.549205 0.468323
vt 0.554671 0.478180
vt 0.558040 0.488875
vt 0.559182 0.500000
vt 0.558040 0.511125
vt 0.554671 0.521820
vt 0.549205 0.531677
vt 0.541855 0.540317
vt 0.532901 0.547410
vt 0.522684 0.552681
vt 0.511600 0.555929
vt 0.500000 0.557026
vt 0.457475 0.712795
vt 0.416839 0.700454
vt 0.426922 0.675333
vt 0.462714 0.686134
vt 0.379297 0.680455
vt 0.393936 0.657794
vt 0.346441 0.653466
vt 0.365026 0.634190
vt 0.319442 0.620606
vt 0.341301 0.605431
vt 0.299429 0.583042
vt 0.323673 0.572621
vt 0.287071 0.542371
vt 0.312817 0.537021
vt 0.282871 0.500000
vt 0.309152 0.500000
vt 0.287071 0.457629
vt 0.312817 0.462979
vt 0.299429 0.416958
vt 0.323673 0.427379
vt 0.319441 0.379394
vt 0.341301 0.394569
vt 0.346441 0.346534
vt 0.365026 0.365810
vt 0.379297 0.319545
vt 0.393936 0.342205
vt 0.416839 0.299546
vt 0.426922 0.324667
vt 0.457475 0.287206
vt 0.462714 0.313866
vt 0.500000 0.283007
vt 0.500000 0.310219
vt 0.542126 0.287202
vt 0.537158 0.313868
vt 0.582763 0.299541
vt 0.572947 0.324672
vt 0.620309 0.319536
vt 0.605929 0.342211
vt 0.653196 0.346524
vt 0.634843 0.365816
vt 0.680279 0.379379
vt 0.658644 0.394569
vt 0.700390 0.416945
vt 0.676380 0.427379
vt 0.712824 0.457621
vt 0.687320 0.462979
vt 0.717051 0.500000
vt 0.691014 0.500000
vt 0.712824 0.542378
vt 0.687320 0.537021
vt 0.700390 0.583054
vt 0.676380 0.572620
vt 0.680279 0.620621
vt 0.658644 0.605430
vt 0.653196 0.653476
vt 0.634843 0.634184
vt 0.620309 0.680463
vt 0.605929 0.657789
vt 0.582763 0.700459
vt 0.572947 0.675328
vt 0.542127 0.712798
vt 0.537158 0.686131
vt 0.500000 0.716993
vt 0.500000 0.689780
vt 0.312317 0.953157
vt 0.404375 0.981008
vt 0.227530 0.907745
vt 0.153170 0.846831
vt 0.092118 0.772470
vt 0.046843 0.687683
vt 0.018992 0.595625
vt 0.009526 0.500000
vt 0.018992 0.404375
vt 0.046843 0.312317
vt 0.092254 0.227530
vt 0.153170 0.153170
vt 0.227530 0.092256
vt 0.312317 0.046843
vt 0.404375 0.018992
vt 0.500000 0.009526
vt 0.595625 0.018992
vt 0.687683 0.046843
vt 0.772470 0.092256
vt 0.846831 0.153170
vt 0.907745 0.227530
vt 0.953157 0.312317
vt 0.981008 0.404375
vt 0.990474 0.500000
vt 0.981008 0.595625
vt 0.953157 0.687683
vt 0.907745 0.772470
vt 0.846831 0.846831
vt 0.772470 0.907745
vt 0.687683 0.953157
vt 0.595625 0.981008
vt 0.500000 0.990474
vt 0.116159 0.976018
vt 0.118759 0.982469
vt 0.104356 0.986832
vt 0.103065 0.979999
vt 0.128225 0.969560
vt 0.132034 0.975380
vt 0.138800 0.960871
vt 0.143671 0.965837
vt 0.147477 0.950287
vt 0.153223 0.954207
vt 0.153921 0.938214
vt 0.160321 0.940937
vt 0.157887 0.925116
vt 0.164695 0.926537
vt 0.159221 0.911494
vt 0.166176 0.911561
vt 0.157873 0.897876
vt 0.164706 0.896583
vt 0.153891 0.884781
vt 0.160342 0.882180
vt 0.147434 0.872715
vt 0.153253 0.868905
vt 0.138746 0.862140
vt 0.143710 0.857268
vt 0.128161 0.853463
vt 0.132080 0.847717
vt 0.116088 0.847017
vt 0.118810 0.840618
vt 0.102989 0.843051
vt 0.104411 0.836244
vt 0.089368 0.841719
vt 0.089434 0.834764
vt 0.075749 0.843067
vt 0.074456 0.836233
vt 0.062654 0.847047
vt 0.060054 0.840597
vt 0.050588 0.853505
vt 0.046779 0.847687
vt 0.040013 0.862194
vt 0.035143 0.857230
vt 0.031336 0.872778
vt 0.025590 0.868860
vt 0.024892 0.884851
vt 0.018492 0.882129
vt 0.020926 0.897951
vt 0.014118 0.896529
vt 0.019592 0.911571
vt 0.012637 0.911506
vt 0.020941 0.925191
vt 0.014107 0.926482
vt 0.024922 0.938285
vt 0.018471 0.940885
vt 0.031379 0.950351
vt 0.025561 0.954161
vt 0.040067 0.960927
vt 0.035103 0.965798
vt 0.050651 0.969602
vt 0.046733 0.975349
vt 0.062724 0.976048
vt 0.060003 0.982447
vt 0.075824 0.980014
vt 0.074402 0.986821
vt 0.089444 0.981347
vt 0.089380 0.988301
vt 0.113164 0.968594
vt 0.101575 0.972133
vt 0.123839 0.962863
vt 0.133192 0.955160
vt 0.140862 0.945780
vt 0.146554 0.935083
vt 0.150051 0.923482
vt 0.151215 0.911421
vt 0.150006 0.899364
vt 0.146468 0.887776
vt 0.140736 0.877100
vt 0.133034 0.867747
vt 0.123653 0.860077
vt 0.112957 0.854384
vt 0.101355 0.850889
vt 0.089294 0.849723
vt 0.077238 0.850933
vt 0.065649 0.854472
vt 0.054973 0.860202
vt 0.045621 0.867907
vt 0.037951 0.877287
vt 0.032259 0.887983
vt 0.028763 0.899586
vt 0.027597 0.911645
vt 0.028807 0.923702
vt 0.032345 0.935290
vt 0.038076 0.945965
vt 0.045781 0.955319
vt 0.055161 0.962988
vt 0.065857 0.968681
vt 0.077459 0.972176
vt 0.089519 0.973342
vt 0.109881 0.960557
vt 0.099924 0.963609
vt 0.119052 0.955620
vt 0.127082 0.948990
vt 0.133666 0.940921
vt 0.138549 0.931721
vt 0.141543 0.921745
vt 0.142533 0.911377
vt 0.141482 0.901017
vt 0.138430 0.891059
vt 0.133494 0.881889
vt 0.126863 0.873857
vt 0.118794 0.867272
vt 0.109595 0.862391
vt 0.099619 0.859396
vt 0.089251 0.858406
vt 0.078891 0.859457
vt 0.068934 0.862509
vt 0.059763 0.867445
vt 0.051730 0.874075
vt 0.045147 0.882146
vt 0.040264 0.891346
vt 0.037269 0.901320
vt 0.036280 0.911689
vt 0.037331 0.922049
vt 0.040383 0.932008
vt 0.045319 0.941179
vt 0.051949 0.949208
vt 0.060019 0.955793
vt 0.069220 0.960676
vt 0.079194 0.963669
vt 0.089561 0.964659
vt 0.106637 0.952646
vt 0.098285 0.955220
vt 0.114327 0.948495
vt 0.121059 0.942923
vt 0.126576 0.936146
vt 0.130663 0.928420
vt 0.133164 0.920048
vt 0.133985 0.911348
vt 0.133093 0.902655
vt 0.130520 0.894302
vt 0.126369 0.886612
vt 0.120796 0.879879
vt 0.114021 0.874365
vt 0.106295 0.870278
vt 0.097923 0.867774
vt 0.089222 0.866952
vt 0.080528 0.867847
vt 0.072175 0.870419
vt 0.064485 0.874570
vt 0.057753 0.880141
vt 0.052238 0.886921
vt 0.048151 0.894644
vt 0.045649 0.903018
vt 0.044827 0.911717
vt 0.045721 0.920410
vt 0.048291 0.928762
vt 0.052443 0.936454
vt 0.058016 0.943186
vt 0.064793 0.948702
vt 0.072517 0.952790
vt 0.080891 0.955291
vt 0.089592 0.956112
vt 0.100176 0.937177
vt 0.094966 0.938783
vt 0.104971 0.934584
vt 0.109169 0.931103
vt 0.112607 0.926872
vt 0.115153 0.922051
vt 0.116711 0.916826
vt 0.117219 0.911398
vt 0.116658 0.905974
vt 0.115052 0.900764
vt 0.112457 0.895967
vt 0.108977 0.891771
vt 0.104745 0.888332
vt 0.099924 0.885785
vt 0.094701 0.884227
vt 0.089272 0.883721
vt 0.083849 0.884282
vt 0.078639 0.885890
vt 0.073842 0.888484
vt 0.069646 0.891962
vt 0.066207 0.896195
vt 0.063660 0.901014
vt 0.062102 0.906241
vt 0.061594 0.911668
vt 0.062155 0.917093
vt 0.063765 0.922301
vt 0.066357 0.927097
vt 0.069837 0.931296
vt 0.074068 0.934734
vt 0.078889 0.937280
vt 0.084114 0.938838
vt 0.089542 0.939345
vt 0.093081 0.920271
vt 0.091305 0.920822
vt 0.094716 0.919388
vt 0.096145 0.918202
vt 0.097317 0.916760
vt 0.098183 0.915116
vt 0.098714 0.913335
vt 0.098887 0.911483
vt 0.098695 0.909635
vt 0.098146 0.907859
vt 0.097262 0.906224
vt 0.096075 0.904795
vt 0.094633 0.903622
vt 0.092989 0.902755
vt 0.091208 0.902225
vt 0.089358 0.902053
vt 0.087508 0.902243
vt 0.085732 0.902794
vt 0.084097 0.903678
vt 0.082668 0.904863
vt 0.081496 0.906308
vt 0.080629 0.907949
vt 0.080099 0.909732
vt 0.079926 0.911582
vt 0.080118 0.913432
vt 0.080667 0.915206
vt 0.081551 0.916841
vt 0.082738 0.918272
vt 0.084182 0.919443
vt 0.085824 0.920310
vt 0.087606 0.920841
vt 0.089455 0.921013
vt 0.089407 0.911534
vn 0.061154 0.013834 0.998032
vn -0.066828 0.554302 0.829628
vn -0.168134 0.522856 0.835675
vn -0.263324 0.471904 0.841408
vn -0.348824 0.402176 0.846508
vn -0.420571 0.315592 0.850601
vn -0.474145 0.215925 0.853559
vn -0.507088 0.107073 0.855218
vn -0.517252 -0.005931 0.855812
vn -0.504010 -0.117505 0.855667
vn -0.468184 -0.221973 0.855296
vn -0.411840 -0.315871 0.854759
vn -0.337626 -0.396409 0.853738
vn -0.249618 -0.460478 0.851852
vn -0.152976 -0.505297 0.849278
vn -0.050281 -0.531496 0.845567
vn 0.055165 -0.538256 0.840974
vn 0.161374 -0.526327 0.834828
vn 0.261967 -0.494540 0.828736
vn 0.355583 -0.442743 0.823128
vn 0.439967 -0.372952 0.816906
vn 0.509414 -0.288291 0.810793
vn 0.560919 -0.191002 0.805536
vn 0.592594 -0.084111 0.801098
vn 0.602220 0.027256 0.797864
vn 0.589246 0.137783 0.796119
vn 0.554358 0.242161 0.796270
vn 0.499423 0.336617 0.798289
vn 0.427035 0.417840 0.801904
vn 0.341028 0.482846 0.806573
vn 0.245302 0.529713 0.811930
vn 0.143079 0.557606 0.817682
vn 0.037911 0.565851 0.823636
vn -0.106171 0.669139 0.735514
vn -0.231648 0.629718 0.741482
vn -0.349057 0.566070 0.746809
vn -0.453495 0.479282 0.751420
vn -0.539606 0.372244 0.755156
vn -0.602933 0.249611 0.757738
vn -0.640392 0.117667 0.758981
vn -0.650108 -0.016020 0.759673
vn -0.632747 -0.144775 0.760704
vn -0.590602 -0.265194 0.762143
vn -0.525560 -0.375320 0.763493
vn -0.438395 -0.473092 0.764195
vn -0.331216 -0.555061 0.763023
vn -0.210412 -0.615269 0.759718
vn -0.081438 -0.651281 0.754454
vn 0.051251 -0.662008 0.747743
vn 0.183175 -0.647332 0.739870
vn 0.310355 -0.607649 0.731056
vn 0.427783 -0.543795 0.722003
vn 0.529607 -0.458303 0.713775
vn 0.612387 -0.354057 0.706842
vn 0.673477 -0.233938 0.701214
vn 0.709712 -0.102876 0.696940
vn 0.719135 0.031951 0.694136
vn 0.701780 0.164320 0.693184
vn 0.658963 0.289363 0.694289
vn 0.592827 0.403175 0.697142
vn 0.505989 0.501711 0.701614
vn 0.401360 0.581568 0.707594
vn 0.282764 0.639705 0.714718
vn 0.154833 0.674352 0.721994
vn 0.023626 0.684149 0.728959
vn -0.150523 0.811555 0.564554
vn -0.303445 0.761696 0.572486
vn -0.444681 0.682500 0.580045
vn -0.568371 0.576231 0.587292
vn -0.668977 0.446377 0.594321
vn -0.741749 0.298184 0.600746
vn -0.782942 0.140010 0.606134
vn -0.791960 -0.019176 0.610272
vn -0.770958 -0.173806 0.612712
vn -0.721947 -0.320605 0.613192
vn -0.646005 -0.456816 0.611552
vn -0.543281 -0.579807 0.607182
vn -0.416022 -0.682893 0.600486
vn -0.270640 -0.758786 0.592451
vn -0.114183 -0.803975 0.583597
vn 0.047603 -0.817332 0.574197
vn 0.209014 -0.798488 0.564562
vn 0.363722 -0.748313 0.554738
vn 0.504463 -0.668953 0.545911
vn 0.625711 -0.564101 0.538773
vn 0.724835 -0.436642 0.532877
vn 0.797965 -0.290387 0.528136
vn 0.840948 -0.131523 0.524889
vn 0.851665 0.031908 0.523114
vn 0.830525 0.192755 0.522565
vn 0.779075 0.345642 0.523042
vn 0.699486 0.484957 0.524916
vn 0.594984 0.605517 0.528529
vn 0.469124 0.703612 0.533716
vn 0.325324 0.775947 0.540436
vn 0.169170 0.819116 0.548115
vn 0.008710 0.830906 0.556345
vn -0.231546 0.926459 0.296749
vn -0.406170 0.860851 0.306533
vn -0.565012 0.762158 0.316033
vn -0.701532 0.634178 0.325072
vn -0.810414 0.481243 0.334118
vn -0.886856 0.309196 0.343342
vn -0.927592 0.125977 0.351713
vn -0.932050 -0.060319 0.357274
vn -0.901404 -0.242709 0.358557
vn -0.837337 -0.415330 0.355484
vn -0.741214 -0.573353 0.349096
vn -0.614792 -0.711151 0.341020
vn -0.462379 -0.822110 0.332176
vn -0.291368 -0.900482 0.322858
vn -0.109377 -0.943306 0.313386
vn 0.077373 -0.949673 0.303536
vn 0.261716 -0.919337 0.293809
vn 0.436193 -0.853645 0.284650
vn 0.593630 -0.755878 0.276136
vn 0.728846 -0.629786 0.268613
vn 0.838054 -0.478327 0.262427
vn 0.916275 -0.306578 0.257780
vn 0.959337 -0.121446 0.254802
vn 0.965003 0.068995 0.253000
vn 0.933263 0.256023 0.251937
vn 0.866213 0.431487 0.251980
vn 0.767070 0.589302 0.253627
vn 0.639861 0.724322 0.256778
vn 0.489684 0.831745 0.261552
vn 0.320475 0.908432 0.268416
vn 0.138630 0.950752 0.277222
vn -0.047705 0.956798 0.286814
vn -0.215435 0.962192 0.166654
vn -0.397972 0.900290 0.176343
vn -0.565153 0.803842 0.185578
vn -0.710287 0.676587 0.194222
vn -0.827598 0.523572 0.202370
vn -0.912839 0.349933 0.210409
vn -0.962380 0.162351 0.217867
vn -0.974176 -0.031556 0.223574
vn -0.948187 -0.223437 0.225869
vn -0.886102 -0.405531 0.224426
vn -0.790374 -0.571825 0.219829
vn -0.663760 -0.716990 0.212950
vn -0.510446 -0.835117 0.205000
vn -0.336799 -0.920770 0.196849
vn -0.150532 -0.970547 0.188094
vn 0.041548 -0.983012 0.178774
vn 0.232455 -0.957746 0.169372
vn 0.414548 -0.895901 0.159721
vn 0.580308 -0.800371 0.150499
vn 0.723906 -0.675076 0.142244
vn 0.841408 -0.523234 0.135123
vn 0.928058 -0.349234 0.129400
vn 0.979184 -0.159958 0.124948
vn 0.991838 0.036693 0.122108
vn 0.965289 0.231506 0.120923
vn 0.901463 0.415496 0.121355
vn 0.803886 0.581857 0.123329
vn 0.676602 0.725302 0.127069
vn 0.524827 0.840828 0.132529
vn 0.353363 0.925053 0.139329
vn 0.167503 0.974750 0.147667
vn -0.024661 0.987296 0.156966
vn -0.225363 0.974173 0.014047
vn -0.410741 0.911450 0.023467
vn -0.580400 0.813684 0.032469
vn -0.727632 0.684750 0.040843
vn -0.846497 0.530172 0.048587
vn -0.933323 0.354669 0.055837
vn -0.984376 0.164953 0.061593
vn -0.997300 -0.032130 0.066038
vn -0.971269 -0.227988 0.068245
vn -0.907803 -0.413891 0.067738
vn -0.809899 -0.583030 0.064343
vn -0.680921 -0.729985 0.058887
vn -0.525622 -0.849113 0.052237
vn -0.349948 -0.935690 0.044954
vn -0.161155 -0.986242 0.036827
vn 0.033732 -0.999041 0.027898
vn 0.227149 -0.973688 0.018298
vn 0.412146 -0.911076 0.008760
vn 0.580230 -0.814453 -0.000814
vn 0.726017 -0.687611 -0.009483
vn 0.845395 -0.533863 -0.017239
vn 0.933596 -0.357543 -0.023709
vn 0.985793 -0.165496 -0.028706
vn 0.998913 0.033958 -0.031920
vn 0.972224 0.231699 -0.033103
vn 0.907586 0.418611 -0.032448
vn 0.808563 0.587640 -0.030085
vn 0.679567 0.733156 -0.025892
vn 0.525680 0.850458 -0.019540
vn 0.351501 0.936108 -0.012188
vn 0.163311 0.986565 -0.004344
vn -0.031761 0.999484 0.004855
vn -0.229860 0.965359 -0.123475
vn -0.413788 0.903159 -0.114383
vn -0.582284 0.806118 -0.105452
vn -0.728439 0.678189 -0.097139
vn -0.846423 0.524788 -0.090365
vn -0.932514 0.351000 -0.084952
vn -0.983377 0.162798 -0.080410
vn -0.996489 -0.032533 -0.077148
vn -0.970963 -0.227063 -0.075319
vn -0.908029 -0.412096 -0.075239
vn -0.810641 -0.580404 -0.077412
vn -0.682667 -0.726177 -0.081444
vn -0.528773 -0.844313 -0.086800
vn -0.354717 -0.930289 -0.093478
vn -0.167442 -0.980664 -0.101300
vn 0.026024 -0.993630 -0.109645
vn 0.218399 -0.968603 -0.118788
vn 0.402000 -0.906547 -0.128719
vn 0.569036 -0.810552 -0.138577
vn 0.713529 -0.684803 -0.148060
vn 0.831998 -0.532273 -0.156412
vn 0.919527 -0.357468 -0.163361
vn 0.971457 -0.166932 -0.168535
vn 0.984662 0.030889 -0.171715
vn 0.958430 0.227153 -0.172667
vn 0.894439 0.412917 -0.171692
vn 0.796274 0.580821 -0.169099
vn 0.668579 0.725181 -0.164665
vn 0.516336 0.841641 -0.158231
vn 0.343198 0.927189 -0.150117
vn 0.156086 0.977521 -0.141740
vn -0.037332 0.990430 -0.132870
vn -0.229631 0.940033 -0.252206
vn -0.409227 0.879485 -0.242982
vn -0.573668 0.784921 -0.234103
vn -0.831827 0.510116 -0.218734
vn -0.915640 0.340445 -0.213778
vn -0.964922 0.157139 -0.210318
vn -0.797016 -0.567031 -0.207945
vn -0.170327 -0.958149 -0.230084
vn 0.018165 -0.970945 -0.238614
vn 0.206179 -0.946688 -0.247533
vn 0.385639 -0.886135 -0.256997
vn 0.548787 -0.792285 -0.266679
vn 0.689507 -0.669490 -0.276339
vn 0.889609 -0.350713 -0.292569
vn 0.927935 0.218681 -0.301854
vn 0.498344 0.818373 -0.286216
vn 0.329787 0.901923 -0.278882
vn -0.041707 0.964323 -0.261423
vn -0.021619 0.408960 0.912296
vn -0.089700 0.382141 0.919740
vn -0.156671 0.346250 0.924967
vn -0.216513 0.297116 0.929970
vn -0.266642 0.236462 0.934338
vn -0.304651 0.166669 0.937768
vn -0.328511 0.090381 0.940166
vn -0.337054 0.010530 0.941426
vn -0.329848 -0.068995 0.941509
vn -0.307123 -0.144846 0.940582
vn -0.270216 -0.213413 0.938849
vn -0.220703 -0.272972 0.936363
vn -0.161227 -0.321153 0.933202
vn -0.094506 -0.356419 0.929534
vn -0.022621 -0.377585 0.925699
vn 0.051960 -0.384150 0.921808
vn 0.126688 -0.376166 0.917850
vn 0.198472 -0.353835 0.914008
vn 0.265342 -0.317691 0.910311
vn 0.324691 -0.268990 0.906764
vn 0.374174 -0.209027 0.903494
vn 0.411574 -0.140246 0.900521
vn 0.434925 -0.065042 0.898115
vn 0.443221 0.014046 0.896303
vn 0.435926 0.093007 0.895164
vn 0.413463 0.168520 0.894790
vn 0.376949 0.237376 0.895300
vn 0.328167 0.297224 0.896641
vn 0.269261 0.345862 0.898820
vn 0.202828 0.381660 0.901774
vn 0.131002 0.403683 0.905471
vn 0.052409 0.406507 0.912143
vn -0.006256 0.305043 0.952318
vn -0.055942 0.266167 0.962302
vn -0.101155 0.237956 0.965994
vn -0.140607 0.201046 0.969438
vn -0.172756 0.156468 0.972457
vn -0.195883 0.106445 0.974833
vn -0.209149 0.052178 0.976491
vn -0.211914 -0.003250 0.977283
vn -0.203973 -0.058085 0.977252
vn -0.185853 -0.109999 0.976401
vn -0.158274 -0.156613 0.974896
vn -0.122467 -0.196547 0.972816
vn -0.080378 -0.228200 0.970291
vn -0.032785 -0.250690 0.967512
vn 0.018418 -0.263200 0.964566
vn 0.070583 -0.265169 0.961615
vn 0.122485 -0.256715 0.958694
vn 0.171737 -0.238167 0.955920
vn 0.216994 -0.210026 0.953311
vn 0.256270 -0.173237 0.950955
vn 0.288008 -0.129152 0.948879
vn 0.310903 -0.079724 0.947092
vn 0.323894 -0.025770 0.945742
vn 0.326488 0.029413 0.944744
vn 0.318676 0.083823 0.944150
vn 0.300703 0.135471 0.944047
vn 0.273331 0.182299 0.944488
vn 0.237788 0.222462 0.945499
vn 0.195497 0.254486 0.947110
vn 0.148218 0.277349 0.949268
vn 0.097213 0.290219 0.952010
vn 0.051834 0.267600 0.962135
vn 0.022951 0.184284 0.982605
vn -0.010617 0.160782 0.986933
vn -0.036647 0.143357 0.988992
vn -0.059138 0.120788 0.990915
vn -0.077147 0.093938 0.992584
vn -0.089738 0.064123 0.993899
vn -0.096604 0.031867 0.994813
vn -0.097362 -0.000288 0.995249
vn -0.092026 -0.032395 0.995230
vn -0.080831 -0.062676 0.994755
vn -0.064334 -0.089654 0.993893
vn -0.043045 -0.112772 0.992688
vn -0.018004 -0.130837 0.991240
vn 0.010791 -0.143596 0.989578
vn 0.040851 -0.150295 0.987797
vn 0.071513 -0.150649 0.985997
vn 0.101876 -0.144848 0.984195
vn 0.130317 -0.133209 0.982483
vn 0.156662 -0.115621 0.980861
vn 0.179350 -0.092870 0.979392
vn 0.196961 -0.066598 0.978147
vn 0.209539 -0.036446 0.977121
vn 0.216232 -0.004634 0.976331
vn 0.217024 0.027346 0.975783
vn 0.211717 0.059119 0.975541
vn 0.200507 0.089364 0.975608
vn 0.183968 0.116487 0.976005
vn 0.162697 0.139623 0.976747
vn 0.137596 0.157927 0.977817
vn 0.109007 0.170872 0.979245
vn 0.079190 0.177645 0.980903
vn 0.057181 0.155851 0.986124
vn -0.082402 0.583941 0.807603
vn -0.191207 0.550089 0.812922
vn -0.293123 0.495192 0.817841
vn -0.384814 0.420181 0.821807
vn -0.461248 0.327370 0.824669
vn -0.518393 0.220489 0.826229
vn -0.552793 0.104671 0.826719
vn -0.562717 -0.014343 0.826525
vn -0.547812 -0.130062 0.826429
vn -0.509264 -0.237566 0.827171
vn -0.448922 -0.334308 0.828678
vn -0.369247 -0.417435 0.830304
vn -0.274374 -0.484300 0.830766
vn -0.169150 -0.532766 0.829185
vn -0.058056 -0.560888 0.825854
vn 0.056216 -0.567855 0.821207
vn 0.168156 -0.553411 0.815758
vn 0.276718 -0.519544 0.808394
vn 0.378736 -0.465100 0.800150
vn 0.467857 -0.391305 0.792458
vn 0.540474 -0.301301 0.785561
vn 0.594264 -0.197548 0.779631
vn 0.626709 -0.083886 0.774725
vn 0.635575 0.033596 0.771308
vn 0.620503 0.148836 0.769951
vn 0.582940 0.257761 0.770545
vn 0.524641 0.356321 0.773167
vn 0.447881 0.441280 0.777608
vn 0.355842 0.509632 0.783359
vn 0.252579 0.559215 0.789609
vn 0.142505 0.588327 0.795967
vn 0.029546 0.596642 0.801964
vn -0.077140 0.569397 0.818435
vn -0.182384 0.536303 0.824085
vn -0.281173 0.483004 0.829246
vn -0.369765 0.410130 0.833707
vn -0.443653 0.320009 0.837118
vn -0.498913 0.216289 0.839229
vn -0.532382 0.103541 0.840148
vn -0.542076 -0.012886 0.840231
vn -0.527445 -0.126787 0.840076
vn -0.489571 -0.233081 0.840234
vn -0.430450 -0.328387 0.840758
vn -0.352623 -0.410125 0.841103
vn -0.260711 -0.474456 0.840786
vn -0.159278 -0.520379 0.838950
vn -0.052151 -0.546910 0.835566
vn 0.058863 -0.553822 0.830552
vn 0.167796 -0.539784 0.824911
vn 0.270492 -0.505629 0.819252
vn 0.368462 -0.452363 0.812160
vn 0.456109 -0.380393 0.804528
vn 0.526939 -0.292807 0.797872
vn 0.579391 -0.191926 0.792130
vn 0.611045 -0.081470 0.787393
vn 0.620036 0.033238 0.783869
vn 0.605660 0.146247 0.782169
vn 0.568872 0.252760 0.782622
vn 0.511648 0.349133 0.785062
vn 0.436360 0.431972 0.789297
vn 0.346789 0.498062 0.794778
vn 0.246909 0.545794 0.800715
vn 0.140553 0.573985 0.806713
vn 0.031234 0.582017 0.812576
vn -0.135077 0.455880 0.879732
vn -0.216603 0.410970 0.885543
vn -0.289228 0.350006 0.890979
vn -0.350124 0.274714 0.895514
vn -0.395408 0.188599 0.898934
vn -0.423033 0.094625 0.901160
vn -0.431277 -0.002929 0.902215
vn -0.419801 -0.099679 0.902126
vn -0.389127 -0.190441 0.901284
vn -0.341065 -0.272298 0.899738
vn -0.277874 -0.342395 0.897525
vn -0.202927 -0.398488 0.894443
vn -0.120124 -0.438346 0.890743
vn -0.032124 -0.461119 0.886756
vn 0.058949 -0.466883 0.882352
vn 0.149558 -0.455267 0.877704
vn 0.236659 -0.426743 0.872859
vn 0.317744 -0.381680 0.867963
vn 0.389423 -0.321345 0.863184
vn 0.449159 -0.247306 0.858543
vn 0.493032 -0.162830 0.854638
vn 0.519818 -0.070414 0.851370
vn 0.527852 0.025988 0.848939
vn 0.516512 0.121796 0.847573
vn 0.486436 0.212529 0.847474
vn 0.439216 0.294747 0.848654
vn 0.377230 0.365267 0.851045
vn 0.303459 0.422094 0.854254
vn 0.221329 0.462889 0.858340
vn 0.133095 0.487295 0.863035
vn 0.042528 0.494248 0.868280
vn -0.047977 0.483790 0.873868
vn -0.129070 0.728854 0.672393
vn -0.266209 0.684292 0.678880
vn -0.393555 0.613332 0.684791
vn -0.505803 0.517482 0.690199
vn -0.597465 0.399973 0.695024
vn -0.664186 0.265718 0.698750
vn -0.702283 0.122273 0.701319
vn -0.710473 -0.021907 0.703383
vn -0.690414 -0.160850 0.705306
vn -0.644532 -0.291875 0.706674
vn -0.574314 -0.412419 0.707159
vn -0.480044 -0.520579 0.706085
vn -0.363810 -0.611172 0.702930
vn -0.231981 -0.677869 0.697623
vn -0.090875 -0.717308 0.690804
vn 0.054542 -0.728418 0.682959
vn 0.199214 -0.711261 0.674108
vn 0.338175 -0.666367 0.664525
vn 0.465360 -0.595181 0.655133
vn 0.575080 -0.500740 0.646949
vn 0.664028 -0.385909 0.640423
vn 0.729549 -0.254013 0.635009
vn 0.767931 -0.110625 0.630907
vn 0.776972 0.036579 0.628472
vn 0.756992 0.180936 0.627874
vn 0.709506 0.317476 0.629134
vn 0.636733 0.441916 0.631888
vn 0.541575 0.549285 0.636383
vn 0.427244 0.636010 0.642614
vn 0.297355 0.699213 0.650139
vn 0.157031 0.736635 0.657808
vn 0.013228 0.746475 0.665282
vn -0.209390 0.584383 0.783998
vn -0.318199 0.525550 0.789017
vn -0.415545 0.445319 0.793104
vn -0.496407 0.346174 0.796080
vn -0.556329 0.232387 0.797806
vn -0.592124 0.109470 0.798377
vn -0.602020 -0.015999 0.798321
vn -0.586032 -0.137295 0.798571
vn -0.545901 -0.250028 0.799674
vn -0.483422 -0.352223 0.801400
vn -0.400253 -0.441232 0.803188
vn -0.299638 -0.514675 0.803323
vn -0.187385 -0.568338 0.801174
vn -0.068275 -0.599952 0.797117
vn 0.053978 -0.608890 0.791416
vn 0.175327 -0.594970 0.784392
vn 0.292269 -0.558189 0.776533
vn 0.400938 -0.499281 0.768093
vn 0.495750 -0.420254 0.760012
vn 0.572757 -0.323881 0.753027
vn 0.629614 -0.212802 0.747196
vn 0.663434 -0.091388 0.742633
vn 0.672118 0.033477 0.739687
vn 0.655874 0.156071 0.738560
vn 0.615978 0.271909 0.739349
vn 0.554299 0.376841 0.742120
vn 0.473218 0.467703 0.746538
vn 0.375592 0.541066 0.752448
vn 0.265468 0.594165 0.759272
vn 0.147457 0.625592 0.766088
vn 0.026371 0.634574 0.772412
vn -0.093462 0.620796 0.778381
vn -0.178976 0.882686 0.434549
vn -0.345483 0.826834 0.443832
vn -0.498480 0.739203 0.452876
vn -0.631599 0.622769 0.461782
vn -0.739495 0.481436 0.470495
vn -0.817182 0.320718 0.478909
vn -0.860848 0.149022 0.486552
vn -0.870083 -0.024920 0.492274
vn -0.846760 -0.195017 0.494940
vn -0.792790 -0.357034 0.493975
vn -0.709076 -0.507537 0.489507
vn -0.595964 -0.642076 0.482250
vn -0.456706 -0.753056 0.473630
vn -0.298108 -0.834132 0.464064
vn -0.127667 -0.881819 0.453979
vn 0.048301 -0.894762 0.443923
vn 0.223789 -0.872776 0.433798
vn 0.391095 -0.816609 0.424492
vn 0.543091 -0.729221 0.416280
vn 0.674393 -0.614587 0.409241
vn 0.781867 -0.475363 0.403378
vn 0.860829 -0.315958 0.398928
vn 0.907014 -0.142927 0.396102
vn 0.918131 0.035505 0.394682
vn 0.894448 0.211740 0.393863
vn 0.837481 0.378997 0.393684
vn 0.749870 0.530751 0.394966
vn 0.635153 0.662166 0.397640
vn 0.497454 0.768808 0.401838
vn 0.340450 0.847104 0.408054
vn 0.170246 0.893224 0.416133
vn -0.005063 0.905076 0.425219
vn -0.225275 0.898563 -0.376611
vn -0.397375 0.840700 -0.367855
vn -0.554891 0.750322 -0.359324
vn -0.691654 0.631027 -0.351311
vn -0.802450 0.487312 -0.344384
vn -0.883094 0.324596 -0.338795
vn -0.930472 0.149067 -0.334665
vn -0.942621 -0.032666 -0.332264
vn -0.919088 -0.213744 -0.331046
vn -0.860870 -0.386343 -0.331123
vn -0.770409 -0.543916 -0.332604
vn -0.651166 -0.680630 -0.335746
vn -0.507722 -0.791212 -0.340884
vn -0.345357 -0.871826 -0.347345
vn -0.170457 -0.919312 -0.354697
vn 0.010311 -0.931772 -0.362898
vn 0.190342 -0.908553 -0.371890
vn 0.362435 -0.850533 -0.381097
vn 0.518855 -0.760560 -0.390305
vn 0.653661 -0.642771 -0.399465
vn 0.763503 -0.500483 -0.408142
vn 0.844428 -0.337877 -0.415669
vn 0.892646 -0.160702 -0.421140
vn 0.905231 0.023357 -0.424278
vn 0.881443 0.206161 -0.424919
vn 0.822628 0.379711 -0.423205
vn 0.731992 0.536815 -0.419545
vn 0.613704 0.672106 -0.414294
vn 0.472005 0.781407 -0.408184
vn 0.310630 0.861577 -0.401489
vn 0.135557 0.909171 -0.393742
vn -0.045382 0.921674 -0.385303
vn -0.216513 0.838786 -0.499559
vn -0.377595 0.784897 -0.491283
vn -0.525062 0.700545 -0.483266
vn -0.653122 0.589056 -0.475863
vn -0.756963 0.454660 -0.469351
vn -0.832607 0.302448 -0.463994
vn -0.877050 0.138250 -0.460077
vn -0.888594 -0.031645 -0.457601
vn -0.866869 -0.200740 -0.456334
vn -0.812699 -0.362227 -0.456412
vn -0.728291 -0.509623 -0.458122
vn -0.616895 -0.637632 -0.461373
vn -0.482806 -0.741405 -0.466065
vn -0.331184 -0.816997 -0.472052
vn -0.167636 -0.861633 -0.479048
vn 0.001429 -0.873424 -0.486958
vn 0.169946 -0.851962 -0.495256
vn 0.331131 -0.797920 -0.503663
vn 0.477830 -0.713686 -0.512183
vn 0.603996 -0.603303 -0.520783
vn 0.706459 -0.470148 -0.529033
vn 0.781742 -0.318293 -0.536255
vn 0.826506 -0.153145 -0.541695
vn 0.838401 0.018435 -0.544742
vn 0.816677 0.188962 -0.545282
vn 0.762424 0.351168 -0.543499
vn 0.678431 0.498393 -0.539755
vn 0.568328 0.625361 -0.534721
vn 0.435839 0.728246 -0.528870
vn 0.284791 0.803634 -0.522558
vn 0.121084 0.848284 -0.515511
vn -0.048202 0.860179 -0.507710
vn -0.203661 0.759723 -0.617530
vn -0.349947 0.710827 -0.610133
vn -0.483875 0.634303 -0.602930
vn -0.600302 0.533173 -0.596124
vn -0.694713 0.411232 -0.590137
vn -0.763573 0.273051 -0.585148
vn -0.804135 0.123907 -0.581390
vn -0.814784 -0.030285 -0.578973
vn -0.795209 -0.183686 -0.577843
vn -0.746191 -0.330290 -0.578020
vn -0.669692 -0.464335 -0.579574
vn -0.568714 -0.580622 -0.582617
vn -0.447108 -0.674998 -0.586917
vn -0.309534 -0.743824 -0.592381
vn -0.161070 -0.784529 -0.598808
vn -0.007408 -0.795440 -0.605987
vn 0.145509 -0.776064 -0.613638
vn 0.292009 -0.727144 -0.621283
vn 0.425670 -0.650697 -0.628807
vn 0.540716 -0.550248 -0.636281
vn 0.633679 -0.429192 -0.643619
vn 0.701768 -0.291400 -0.650083
vn 0.742200 -0.141843 -0.654996
vn 0.753023 0.013425 -0.657858
vn 0.733672 0.167881 -0.658439
vn 0.685000 0.315100 -0.656876
vn 0.609266 0.448979 -0.653615
vn 0.509575 0.564775 -0.649124
vn 0.389125 0.658731 -0.643937
vn 0.251706 0.727488 -0.638283
vn 0.102963 0.768186 -0.631893
vn -0.050737 0.779059 -0.624894
vn -0.187325 0.668620 -0.719622
vn -0.316584 0.625607 -0.713015
vn -0.434898 0.558178 -0.706612
vn -0.537668 0.469020 -0.700666
vn -0.621164 0.361468 -0.695339
vn -0.682152 0.239520 -0.690868
vn -0.718184 0.107830 -0.687447
vn -0.727824 -0.028314 -0.685179
vn -0.710751 -0.163704 -0.684130
vn -0.667679 -0.293168 -0.684293
vn -0.600332 -0.411602 -0.685700
vn -0.511350 -0.514475 -0.688358
vn -0.404153 -0.597938 -0.692192
vn -0.282756 -0.658930 -0.697037
vn -0.151631 -0.695076 -0.702764
vn -0.015912 -0.704870 -0.709158
vn 0.119157 -0.688009 -0.715852
vn 0.248650 -0.645016 -0.722584
vn 0.367017 -0.577571 -0.729184
vn 0.469102 -0.488773 -0.735557
vn 0.551531 -0.381755 -0.741672
vn 0.611680 -0.260132 -0.747114
vn 0.647338 -0.128337 -0.751321
vn 0.657023 0.008433 -0.753823
vn 0.640197 0.144528 -0.754492
vn 0.597592 0.274505 -0.753347
vn 0.531019 0.392958 -0.750735
vn 0.443052 0.495568 -0.747072
vn 0.336370 0.578948 -0.742748
vn 0.214852 0.639861 -0.737846
vn 0.083360 0.676031 -0.732143
vn -0.052360 0.685630 -0.726064
vn -0.162052 0.520160 -0.838554
vn -0.263156 0.486038 -0.833377
vn -0.355775 0.432824 -0.828304
vn -0.436113 0.362645 -0.823586
vn -0.501248 0.278002 -0.819430
vn -0.548661 0.182221 -0.815945
vn -0.576569 0.078858 -0.813234
vn -0.583824 -0.027949 -0.811399
vn -0.570141 -0.134073 -0.810533
vn -0.536085 -0.235422 -0.810672
vn -0.483024 -0.328184 -0.811778
vn -0.412961 -0.408698 -0.813898
vn -0.328650 -0.473883 -0.816960
vn -0.233251 -0.521318 -0.820866
vn -0.130339 -0.549278 -0.825412
vn -0.023767 -0.556660 -0.830401
vn 0.082104 -0.542999 -0.835710
vn 0.183401 -0.508941 -0.841037
vn 0.276323 -0.455752 -0.846130
vn 0.356581 -0.385690 -0.850937
vn 0.421268 -0.301363 -0.855403
vn 0.468277 -0.205729 -0.859298
vn 0.495879 -0.102356 -0.862338
vn 0.503070 0.004736 -0.864232
vn 0.489526 0.111259 -0.864862
vn 0.455751 0.212990 -0.864249
vn 0.403021 0.305853 -0.862571
vn 0.333436 0.386093 -0.860089
vn 0.249034 0.451391 -0.856871
vn 0.153358 0.498793 -0.853046
vn 0.050194 0.526671 -0.848586
vn -0.056438 0.533911 -0.843655
vn -0.122054 0.372410 -0.920008
vn -0.195357 0.349740 -0.916252
vn -0.262993 0.313159 -0.912560
vn -0.322120 0.264097 -0.909116
vn -0.370552 0.204459 -0.906029
vn -0.406501 0.136381 -0.903414
vn -0.428492 0.062529 -0.901380
vn -0.435711 -0.014185 -0.899975
vn -0.427914 -0.090810 -0.899246
vn -0.405309 -0.164429 -0.899271
vn -0.368903 -0.232153 -0.900008
vn -0.319974 -0.291474 -0.901476
vn -0.260478 -0.340077 -0.903603
vn -0.192626 -0.376076 -0.906346
vn -0.119184 -0.398068 -0.909581
vn -0.042658 -0.405359 -0.913162
vn 0.033963 -0.397543 -0.916955
vn 0.107439 -0.374900 -0.920819
vn 0.175121 -0.338409 -0.924560
vn 0.234498 -0.289322 -0.928064
vn 0.282916 -0.229763 -0.931218
vn 0.318782 -0.161762 -0.933922
vn 0.340661 -0.087971 -0.936062
vn 0.347795 -0.011222 -0.937503
vn 0.339962 0.065559 -0.938151
vn 0.317461 0.139283 -0.937987
vn 0.281075 0.207256 -0.937039
vn 0.232227 0.266513 -0.935436
vn 0.172649 0.314997 -0.933257
vn 0.104454 0.351138 -0.930479
vn 0.030878 0.373065 -0.927291
vn -0.045751 0.380269 -0.923744
vn -0.084403 0.200499 -0.976051
vn -0.125200 0.189076 -0.973948
vn -0.163045 0.169888 -0.971882
vn -0.196540 0.143566 -0.969928
vn -0.224044 0.111430 -0.968188
vn -0.244893 0.074424 -0.966689
vn -0.258189 0.033821 -0.965502
vn -0.263306 -0.008531 -0.964675
vn -0.260133 -0.050829 -0.964234
vn -0.248684 -0.091971 -0.964208
vn -0.229590 -0.129846 -0.964587
vn -0.203446 -0.163352 -0.965363
vn -0.171254 -0.191070 -0.966522
vn -0.134237 -0.212038 -0.967998
vn -0.093931 -0.225291 -0.969753
vn -0.051901 -0.230407 -0.971709
vn -0.009488 -0.227191 -0.973804
vn 0.031667 -0.215724 -0.975941
vn 0.069405 -0.196601 -0.978024
vn 0.102888 -0.170314 -0.980004
vn 0.130558 -0.138064 -0.981780
vn 0.151399 -0.101085 -0.983290
vn 0.164710 -0.060552 -0.984482
vn 0.169815 -0.018389 -0.985304
vn 0.166592 0.024061 -0.985732
vn 0.155150 0.065195 -0.985737
vn 0.135998 0.103071 -0.985333
vn 0.109712 0.136681 -0.984521
vn 0.077658 0.164275 -0.983353
vn 0.040512 0.185274 -0.981851
vn 0.000036 0.198604 -0.980080
vn -0.042118 0.203717 -0.978123
vn -0.048063 -0.013692 -0.998750
vn -0.716282 0.660215 -0.225955
vn -0.977580 -0.032790 -0.207998
vn -0.952859 -0.222249 -0.206556
vn -0.891787 -0.402595 -0.206479
vn -0.672509 -0.709255 -0.211399
vn -0.522691 -0.824610 -0.216364
vn -0.353025 -0.908732 -0.222663
vn 0.804567 -0.520874 -0.285239
vn 0.940192 -0.165219 -0.297895
vn 0.953214 0.027448 -0.301048
vn 0.865865 0.399959 -0.300517
vn 0.770526 0.563822 -0.297311
vn 0.646450 0.704693 -0.292421
vn 0.146888 0.951526 -0.270227
f 1/1/1 308/2/308 309/3/309
f 1/1/1 309/3/309 310/4/310
f 1/1/1 310/4/310 311/5/311
f 1/1/1 311/5/311 312/6/312
f 1/1/1 312/6/312 313/7/313
f 1/1/1 313/7/313 314/8/314
f 1/1/1 314/8/314 315/9/315
f 1/1/1 315/9/315 316/10/316
f 1/1/1 316/10/316 317/11/317
f 1/1/1 317/11/317 318/12/318
f 1/1/1 318/12/318 319/13/319
f 1/1/1 319/13/319 320/14/320
f 1/1/1 320/14/320 321/15/321
f 1/1/1 321/15/321 322/16/322
f 1/1/1 322/16/322 323/17/323
f 1/1/1 323/17/323 324/18/324
f 1/1/1 324/18/324 325/19/325
f 1/1/1 325/19/325 326/20/326
f 1/1/1 326/20/326 327/21/327
f 1/1/1 327/21/327 328/22/328
f 1/1/1 328/22/328 329/23/329
f 1/1/1 329/23/329 330/24/330
f 1/1/1 330/24/330 331/25/331
f 1/1/1 331/25/331 332/26/332
f 1/1/1 332/26/332 333/27/333
f 1/1/1 333/27/333 334/28/334
f 1/1/1 334/28/334 335/29/335
f 1/1/1 335/29/335 336/30/336
f 1/1/1 336/30/336 337/31/337
f 1/1/1 337/31/337 338/32/338
f 1/1/1 338/32/338 339/33/339
f 1/1/1 339/33/339 308/2/308
f 372/34/372 373/35/373 3/36/3 2/37/2
f 373/35/373 374/38/374 4/39/4 3/36/3
f 374/38/374 375/40/375 5/41/5 4/39/4
f 375/40/375 376/42/376 6/43/6 5/41/5
f 376/42/376 377/44/377 7/45/7 6/43/6
f 377/44/377 378/46/378 8/47/8 7/45/7
f 378/46/378 379/48/379 9/49/9 8/47/8
f 379/48/379 380/50/380 10/51/10 9/49/9
f 380/50/380 381/52/381 11/53/11 10/51/10
f 381/52/381 382/54/382 12/55/12 11/53/11
f 382/54/382 383/56/383 13/57/13 12/55/12
f 383/56/383 384/58/384 14/59/14 13/57/13
f 384/58/384 385/60/385 15/61/15 14/59/14
f 385/60/385 386/62/386 16/63/16 15/61/15
f 386/62/386 387/64/387 17/65/17 16/63/16
f 387/64/387 388/66/388 18/67/18 17/65/17
f 388/66/388 389/68/389 19/69/19 18/67/18
f 389/68/389 390/70/390 20/71/20 19/69/19
f 390/70/390 391/72/391 21/73/21 20/71/20
f 391/72/391 392/74/392 22/75/22 21/73/21
f 392/74/392 393/76/393 23/77/23 22/75/22
f 393/76/393 394/78/394 24/79/24 23/77/23
f 394/78/394 395/80/395 25/81/25 24/79/24
f 395/80/395 396/82/396 26/83/26 25/81/25
f 396/82/396 397/84/397 27/85/27 26/83/26
f 397/84/397 398/86/398 28/87/28 27/85/27
f 398/86/398 399/88/399 29/89/29 28/87/28
f 399/88/399 400/90/400 30/91/30 29/89/29
f 400/90/400 401/92/401 31/93/31 30/91/30
f 401/92/401 402/94/402 32/95/32 31/93/31
f 402/94/402 403/96/403 33/97/33 32/95/32
f 403/96/403 372/34/372 2/37/2 33/97/33
f 436/98/436 437/99/437 35/100/35 34/101/34
f 437/99/437 438/102/438 36/103/36 35/100/35
f 438/102/438 439/104/439 37/105/37 36/103/36
f 439/104/439 440/106/440 38/107/38 37/105/37
f 440/106/440 441/108/441 39/109/39 38/107/38
f 441/108/441 442/110/442 40/111/40 39/109/39
f 442/110/442 443/112/443 41/113/41 40/111/40
f 443/112/443 444/114/444 42/115/42 41/113/41
f 444/114/444 445/116/445 43/117/43 42/115/42
f 445/116/445 446/118/446 44/119/44 43/117/43
f 446/118/446 447/120/447 45/121/45 44/119/44
f 447/120/447 448/122/448 46/123/46 45/121/45
f 448/122/448 449/124/449 47/125/47 46/123/46
f 449/124/449 450/126/450 48/127/48 47/125/47
f 450/126/450 451/128/451 49/129/49 48/127/48
f 451/128/451 452/130/452 50/131/50 49/129/49
f 452/130/452 453/132/453 51/133/51 50/131/50
f 453/132/453 454/134/454 52/135/52 51/133/51
f 454/134/454 455/136/455 53/137/53 52/135/52
f 455/136/455 456/138/456 54/139/54 53/137/53
f 456/138/456 457/140/457 55/141/55 54/139/54
f 457/140/457 458/142/458 56/143/56 55/141/55
f 458/142/458 459/144/459 57/145/57 56/143/56
f 459/144/459 460/146/460 58/147/58 57/145/57
f 460/146/460 461/148/461 59/149/59 58/147/58
f 461/148/461 462/150/462 60/151/60 59/149/59
f 462/150/462 463/152/463 61/153/61 60/151/60
f 463/152/463 464/154/464 62/155/62 61/153/61
f 464/154/464 465/156/465 63/157/63 62/155/62
f 465/156/465 466/158/466 64/159/64 63/157/63
f 466/158/466 467/160/467 65/161/65 64/159/64
f 467/160/467 436/98/436 34/101/34 65/161/65
f 500/162/500 501/163/501 67/164/67 66/165/66
f 501/163/501 502/166/502 68/167/68 67/164/67
f 502/166/502 503/168/503 69/169/69 68/167/68
f 503/168/503 504/170/504 70/171/70 69/169/69
f 504/170/504 505/172/505 71/173/71 70/171/70
f 505/172/505 506/174/506 72/175/72 71/173/71
f 506/174/506 507/176/507 73/177/73 72/175/72
f 507/176/507 508/178/508 74/179/74 73/177/73
f 508/178/508 509/180/509 75/181/75 74/179/74
f 509/180/509 510/182/510 76/183/76 75/181/75
f 510/182/510 511/184/511 77/185/77 76/183/76
f 511/184/511 512/186/512 78/187/78 77/185/77
f 512/186/512 513/188/513 79/189/79 78/187/78
f 513/188/513 514/190/514 80/191/80 79/189/79
f 514/190/514 515/192/515 81/193/81 80/191/80
f 515/192/515 516/194/516 82/195/82 81/193/81
f 516/194/516 517/196/517 83/197/83 82/195/82
f 517/196/517 518/198/518 84/199/84 83/197/83
f 518/198/518 519/200/519 85/201/85 84/199/84
f 519/200/519 520/202/520 86/203/86 85/201/85
f 520/202/520 521/204/521 87/205/87 86/203/86
f 521/204/521 522/206/522 88/207/88 87/205/87
f 522/206/522 523/208/523 89/209/89 88/207/88
f 523/208/523 524/210/524 90/211/90 89/209/89
f 524/210/524 525/212/525 91/213/91 90/211/90
f 525/212/525 526/214/526 92/215/92 91/213/91
f 526/214/526 527/216/527 93/217/93 92/215/92
f 527/216/527 528/218/528 94/219/94 93/217/93
f 528/218/528 529/220/529 95/221/95 94/219/94
f 529/220/529 530/222/530 96/223/96 95/221/95
f 530/222/530 531/224/531 97/225/97 96/223/96
f 531/224/531 500/162/500 66/165/66 97/225/97
f 131/226/131 99/227/99 98/228/98 130/229/130
f 132/230/132 100/231/100 99/227/99 131/226/131
f 133/232/133 101/233/101 100/231/100 132/230/132
f 134/234/134 102/235/102 101/233/101 133/232/133
f 135/236/135 103/237/103 102/235/102 134/234/134
f 136/238/136 104/239/104 103/237/103 135/236/135
f 137/240/137 105/241/105 104/239/104 136/238/136
f 138/242/138 106/243/106 105/241/105 137/240/137
f 139/244/139 107/245/107 106/243/106 138/242/138
f 140/246/140 108/247/108 107/245/107 139/244/139
f 141/248/141 109/249/109 108/247/108 140/246/140
f 142/250/142 110/251/110 109/249/109 141/248/141
f 143/252/143 111/253/111 110/251/110 142/250/142
f 144/254/144 112/255/112 111/253/111 143/252/143
f 145/256/145 113/257/113 112/255/112 144/254/144
f 146/258/146 114/259/114 113/257/113 145/256/145
f 147/260/147 115/261/115 114/259/114 146/258/146
f 148/262/148 116/263/116 115/261/115 147/260/147
f 149/264/149 117/265/117 116/263/116 148/262/148
f 150/266/150 118/267/118 117/265/117 149/264/149
f 151/268/151 119/269/119 118/267/118 150/266/150
f 152/270/152 120/271/120 119/269/119 151/268/151
f 153/272/153 121/273/121 120/271/120 152/270/152
f 154/274/154 122/275/122 121/273/121 153/272/153
f 155/276/155 123/277/123 122/275/122 154/274/154
f 156/278/156 124/279/124 123/277/123 155/276/155
f 157/280/157 125/281/125 124/279/124 156/278/156
f 158/282/158 126/283/126 125/281/125 157/280/157
f 159/284/159 127/285/127 126/283/126 158/282/158
f 160/286/160 128/287/128 127/285/127 159/284/159
f 161/288/161 129/289/129 128/287/128 160/286/160
f 130/229/130 98/228/98 129/289/129 161/288/161
f 163/290/163 131/226/131 130/229/130 162/291/162
f 164/292/164 132/230/132 131/226/131 163/290/163
f 165/293/165 133/232/133 132/230/132 164/292/164
f 166/294/166 134/234/134 133/232/133 165/293/165
f 167/295/167 135/236/135 134/234/134 166/294/166
f 168/296/168 136/238/136 135/236/135 167/295/167
f 169/297/169 137/240/137 136/238/136 168/296/168
f 170/298/170 138/242/138 137/240/137 169/297/169
f 171/299/171 139/244/139 138/242/138 170/298/170
f 172/300/172 140/246/140 139/244/139 171/299/171
f 173/301/173 141/248/141 140/246/140 172/300/172
f 174/302/174 142/250/142 141/248/141 173/301/173
f 175/303/175 143/252/143 142/250/142 174/302/174
f 176/304/176 144/254/144 143/252/143 175/303/175
f 177/305/177 145/256/145 144/254/144 176/304/176
f 178/306/178 146/258/146 145/256/145 177/305/177
f 179/307/179 147/260/147 146/258/146 178/306/178
f 180/308/180 148/262/148 147/260/147 179/307/179
f 181/309/181 149/264/149 148/262/148 180/308/180
f 182/310/182 150/266/150 149/264/149 181/309/181
f 183/311/183 151/268/151 150/266/150 182/310/182
f 184/312/184 152/270/152 151/268/151 183/311/183
f 185/313/185 153/272/153 152/270/152 184/312/184
f 186/314/186 154/274/154 153/272/153 185/313/185
f 187/315/187 155/276/155 154/274/154 186/314/186
f 188/316/188 156/278/156 155/276/155 187/315/187
f 189/317/189 157/280/157 156/278/156 188/316/188
f 190/318/190 158/282/158 157/280/157 189/317/189
f 191/319/191 159/284/159 158/282/158 190/318/190
f 192/320/192 160/286/160 159/284/159 191/319/191
f 193/321/193 161/288/161 160/286/160 192/320/192
f 162/291/162 130/229/130 161/288/161 193/321/193
f 195/322/195 163/290/163 162/291/162 194/323/194
f 196/324/196 164/292/164 163/290/163 195/322/195
f 197/325/197 165/293/165 164/292/164 196/324/196
f 198/326/198 166/294/166 165/293/165 197/325/197
f 199/327/199 167/295/167 166/294/166 198/326/198
f 200/328/200 168/296/168 167/295/167 199/327/199
f 201/329/201 169/297/169 168/296/168 200/328/200
f 202/330/202 170/298/170 169/297/169 201/329/201
f 203/331/203 171/299/171 170/298/170 202/330/202
f 204/332/204 172/300/172 171/299/171 203/331/203
f 205/333/205 173/301/173 172/300/172 204/332/204
f 206/334/206 174/302/174 173/301/173 205/333/205
f 207/335/207 175/303/175 174/302/174 206/334/206
f 208/336/208 176/304/176 175/303/175 207/335/207
f 209/337/209 177/305/177 176/304/176 208/336/208
f 210/338/210 178/306/178 177/305/177 209/337/209
f 211/339/211 179/307/179 178/306/178 210/338/210
f 212/340/212 180/308/180 179/307/179 211/339/211
f 213/341/213 181/309/181 180/308/180 212/340/212
f 214/342/214 182/310/182 181/309/181 213/341/213
f 215/343/215 183/311/183 182/310/182 214/342/214
f 216/344/216 184/312/184 183/311/183 215/343/215
f 217/345/217 185/313/185 184/312/184 216/344/216
f 218/346/218 186/314/186 185/313/185 217/345/217
f 219/347/219 187/315/187 186/314/186 218/346/218
f 220/348/220 188/316/188 187/315/187 219/347/219
f 221/349/221 189/317/189 188/316/188 220/348/220
f 222/350/222 190/318/190 189/317/189 221/349/221
f 223/351/223 191/319/191 190/318/190 222/350/222
f 224/352/224 192/320/192 191/319/191 223/351/223
f 225/353/225 193/321/193 192/320/192 224/352/224
f 194/323/194 162/291/162 193/321/193 225/353/225
f 227/354/227 195/322/195 194/323/194 226/355/226
f 228/356/228 196/324/196 195/322/195 227/354/227
f 757/357/757 197/325/197 196/324/196 228/356/228
f 229/358/229 198/326/198 197/325/197 757/357/757
f 230/359/230 199/327/199 198/326/198 229/358/229
f 231/360/231 200/328/200 199/327/199 230/359/230
f 758/361/758 201/329/201 200/328/200 231/360/231
f 759/362/759 202/330/202 201/329/201 758/361/758
f 760/363/760 203/331/203 202/330/202 759/362/759
f 232/364/232 204/332/204 203/331/203 760/363/760
f 761/365/761 205/333/205 204/332/204 232/364/232
f 762/366/762 206/334/206 205/333/205 761/365/761
f 763/367/763 207/335/207 206/334/206 762/366/762
f 233/368/233 208/336/208 207/335/207 763/367/763
f 234/369/234 209/337/209 208/336/208 233/368/233
f 235/370/235 210/338/210 209/337/209 234/369/234
f 236/371/236 211/339/211 210/338/210 235/370/235
f 237/372/237 212/340/212 211/339/211 236/371/236
f 238/373/238 213/341/213 212/340/212 237/372/237
f 764/374/764 214/342/214 213/341/213 238/373/238
f 239/375/239 215/343/215 214/342/214 764/374/764
f 765/376/765 216/344/216 215/343/215 239/375/239
f 766/377/766 217/345/217 216/344/216 765/376/765
f 240/378/240 218/346/218 217/345/217 766/377/766
f 767/379/767 219/347/219 218/346/218 240/378/240
f 768/380/768 220/348/220 219/347/219 767/379/767
f 769/381/769 221/349/221 220/348/220 768/380/768
f 241/382/241 222/350/222 221/349/221 769/381/769
f 242/383/242 223/351/223 222/350/222 241/382/241
f 770/384/770 224/352/224 223/351/223 242/383/242
f 243/385/243 225/353/225 224/352/224 770/384/770
f 226/355/226 194/323/194 225/353/225 243/385/243
f 435/386/435 404/387/404 245/388/245 244/389/244
f 404/387/404 405/390/405 246/391/246 245/388/245
f 405/390/405 406/392/406 247/393/247 246/391/246
f 406/392/406 407/394/407 248/395/248 247/393/247
f 407/394/407 408/396/408 249/397/249 248/395/248
f 408/396/408 409/398/409 250/399/250 249/397/249
f 409/398/409 410/400/410 251/401/251 250/399/250
f 410/400/410 411/402/411 252/403/252 251/401/251
f 411/402/411 412/404/412 253/405/253 252/403/252
f 412/404/412 413/406/413 254/407/254 253/405/253
f 413/406/413 414/408/414 255/409/255 254/407/254
f 414/408/414 415/410/415 256/411/256 255/409/255
f 415/410/415 416/412/416 257/413/257 256/411/256
f 416/412/416 417/414/417 258/415/258 257/413/257
f 417/414/417 418/416/418 259/417/259 258/415/258
f 418/416/418 419/418/419 260/419/260 259/417/259
f 419/418/419 420/420/420 261/421/261 260/419/260
f 420/420/420 421/422/421 262/423/262 261/421/261
f 421/422/421 422/424/422 263/425/263 262/423/262
f 422/424/422 423/426/423 264/427/264 263/425/263
f 423/426/423 424/428/424 265/429/265 264/427/264
f 424/428/424 425/430/425 266/431/266 265/429/265
f 425/430/425 426/432/426 267/433/267 266/431/266
f 426/432/426 427/434/427 268/435/268 267/433/267
f 427/434/427 428/436/428 269/437/269 268/435/268
f 428/436/428 429/438/429 270/439/270 269/437/269
f 429/438/429 430/440/430 271/441/271 270/439/270
f 430/440/430 431/442/431 272/443/272 271/441/271
f 431/442/431 432/444/432 273/445/273 272/443/272
f 432/444/432 433/446/433 274/447/274 273/445/273
f 433/446/433 434/448/434 275/449/275 274/447/274
f 434/448/434 435/386/435 244/389/244 275/449/275
f 245/388/245 277/450/277 276/451/276 244/389/244
f 246/391/246 278/452/278 277/450/277 245/388/245
f 247/393/247 279/453/279 278/452/278 246/391/246
f 248/395/248 280/454/280 279/453/279 247/393/247
f 249/397/249 281/455/281 280/454/280 248/395/248
f 250/399/250 282/456/282 281/455/281 249/397/249
f 251/401/251 283/457/283 282/456/282 250/399/250
f 252/403/252 284/458/284 283/457/283 251/401/251
f 253/405/253 285/459/285 284/458/284 252/403/252
f 254/407/254 286/460/286 285/459/285 253/405/253
f 255/409/255 287/461/287 286/460/286 254/407/254
f 256/411/256 288/462/288 287/461/287 255/409/255
f 257/413/257 289/463/289 288/462/288 256/411/256
f 258/415/258 290/464/290 289/463/289 257/413/257
f 259/417/259 291/465/291 290/464/290 258/415/258
f 260/419/260 292/466/292 291/465/291 259/417/259
f 261/421/261 293/467/293 292/466/292 260/419/260
f 262/423/262 294/468/294 293/467/293 261/421/261
f 263/425/263 295/469/295 294/468/294 262/423/262
f 264/427/264 296/470/296 295/469/295 263/425/263
f 265/429/265 297/471/297 296/470/296 264/427/264
f 266/431/266 298/472/298 297/471/297 265/429/265
f 267/433/267 299/473/299 298/472/298 266/431/266
f 268/435/268 300/474/300 299/473/299 267/433/267
f 269/437/269 301/475/301 300/474/300 268/435/268
f 270/439/270 302/476/302 301/475/301 269/437/269
f 271/441/271 303/477/303 302/476/302 270/439/270
f 272/443/272 304/478/304 303/477/303 271/441/271
f 273/445/273 305/479/305 304/478/304 272/443/272
f 274/447/274 306/480/306 305/479/305 273/445/273
f 275/449/275 307/481/307 306/480/306 274/447/274
f 275/449/275 244/389/244 276/451/276 307/481/307
f 277/450/277 309/3/309 308/2/308 276/451/276
f 278/452/278 310/4/310 309/3/309 277/450/277
f 279/453/279 311/5/311 310/4/310 278/452/278
f 280/454/280 312/6/312 311/5/311 279/453/279
f 281/455/281 313/7/313 312/6/312 280/454/280
f 282/456/282 314/8/314 313/7/313 281/455/281
f 283/457/283 315/9/315 314/8/314 282/456/282
f 284/458/284 316/10/316 315/9/315 283/457/283
f 285/459/285 317/11/317 316/10/316 284/458/284
f 286/460/286 318/12/318 317/11/317 285/459/285
f 287/461/287 319/13/319 318/12/318 286/460/286
f 288/462/288 320/14/320 319/13/319 287/461/287
f 289/463/289 321/15/321 320/14/320 288/462/288
f 290/464/290 322/16/322 321/15/321 289/463/289
f 291/465/291 323/17/323 322/16/322 290/464/290
f 292/466/292 324/18/324 323/17/323 291/465/291
f 293/467/293 325/19/325 324/18/324 292/466/292
f 294/468/294 326/20/326 325/19/325 293/467/293
f 295/469/295 327/21/327 326/20/326 294/468/294
f 296/470/296 328/22/328 327/21/327 295/469/295
f 297/471/297 329/23/329 328/22/328 296/470/296
f 298/472/298 330/24/330 329/23/329 297/471/297
f 299/473/299 331/25/331 330/24/330 298/472/298
f 300/474/300 332/26/332 331/25/331 299/473/299
f 301/475/301 333/27/333 332/26/332 300/474/300
f 302/476/302 334/28/334 333/27/333 301/475/301
f 303/477/303 335/29/335 334/28/334 302/476/302
f 304/478/304 336/30/336 335/29/335 303/477/303
f 305/479/305 337/31/337 336/30/336 304/478/304
f 306/480/306 338/32/338 337/31/337 305/479/305
f 307/481/307 339/33/339 338/32/338 306/480/306
f 307/481/307 276/451/276 308/2/308 339/33/339
f 499/482/499 468/483/468 341/484/341 340/485/340
f 468/483/468 469/486/469 342/487/342 341/484/341
f 469/486/469 470/488/470 343/489/343 342/487/342
f 470/488/470 471/490/471 344/491/344 343/489/343
f 471/490/471 472/492/472 345/493/345 344/491/344
f 472/492/472 473/494/473 346/495/346 345/493/345
f 473/494/473 474/496/474 347/497/347 346/495/346
f 474/496/474 475/498/475 348/499/348 347/497/347
f 475/498/475 476/500/476 349/501/349 348/499/348
f 476/500/476 477/502/477 350/503/350 349/501/349
f 477/502/477 478/504/478 351/505/351 350/503/350
f 478/504/478 479/506/479 352/507/352 351/505/351
f 479/506/479 480/508/480 353/509/353 352/507/352
f 480/508/480 481/510/481 354/511/354 353/509/353
f 481/510/481 482/512/482 355/513/355 354/511/354
f 482/512/482 483/514/483 356/515/356 355/513/355
f 483/514/483 484/516/484 357/517/357 356/515/356
f 484/516/484 485/518/485 358/519/358 357/517/357
f 485/518/485 486/520/486 359/521/359 358/519/358
f 486/520/486 487/522/487 360/523/360 359/521/359
f 487/522/487 488/524/488 361/525/361 360/523/360
f 488/524/488 489/526/489 362/527/362 361/525/361
f 489/526/489 490/528/490 363/529/363 362/527/362
f 490/528/490 491/530/491 364/531/364 363/529/363
f 491/530/491 492/532/492 365/533/365 364/531/364
f 492/532/492 493/534/493 366/535/366 365/533/365
f 493/534/493 494/536/494 367/537/367 366/535/366
f 494/536/494 495/538/495 368/539/368 367/537/367
f 495/538/495 496/540/496 369/541/369 368/539/368
f 496/540/496 497/542/497 370/543/370 369/541/369
f 497/542/497 498/544/498 371/545/371 370/543/370
f 498/544/498 499/482/499 340/485/340 371/545/371
f 340/485/340 341/484/341 373/35/373 372/34/372
f 341/484/341 342/487/342 374/38/374 373/35/373
f 342/487/342 343/489/343 375/40/375 374/38/374
f 343/489/343 344/491/344 376/42/376 375/40/375
f 344/491/344 345/493/345 377/44/377 376/42/376
f 345/493/345 346/495/346 378/46/378 377/44/377
f 346/495/346 347/497/347 379/48/379 378/46/378
f 347/497/347 348/499/348 380/50/380 379/48/379
f 348/499/348 349/501/349 381/52/381 380/50/380
f 349/501/349 350/503/350 382/54/382 381/52/381
f 350/503/350 351/505/351 383/56/383 382/54/382
f 351/505/351 352/507/352 384/58/384 383/56/383
f 352/507/352 353/509/353 385/60/385 384/58/384
f 353/509/353 354/511/354 386/62/386 385/60/385
f 354/511/354 355/513/355 387/64/387 386/62/386
f 355/513/355 356/515/356 388/66/388 387/64/387
f 356/515/356 357/517/357 389/68/389 388/66/388
f 357/517/357 358/519/358 390/70/390 389/68/389
f 358/519/358 359/521/359 391/72/391 390/70/390
f 359/521/359 360/523/360 392/74/392 391/72/391
f 360/523/360 361/525/361 393/76/393 392/74/392
f 361/525/361 362/527/362 394/78/394 393/76/393
f 362/527/362 363/529/363 395/80/395 394/78/394
f 363/529/363 364/531/364 396/82/396 395/80/395
f 364/531/364 365/533/365 397/84/397 396/82/396
f 365/533/365 366/535/366 398/86/398 397/84/397
f 366/535/366 367/537/367 399/88/399 398/86/398
f 367/537/367 368/539/368 400/90/400 399/88/399
f 368/539/368 369/541/369 401/92/401 400/90/400
f 369/541/369 370/543/370 402/94/402 401/92/401
f 370/543/370 371/545/371 403/96/403 402/94/402
f 371/545/371 340/485/340 372/34/372 403/96/403
f 2/37/2 3/36/3 404/387/404 435/386/435
f 3/36/3 4/39/4 405/390/405 404/387/404
f 4/39/4 5/41/5 406/392/406 405/390/405
f 5/41/5 6/43/6 407/394/407 406/392/406
f 6/43/6 7/45/7 408/396/408 407/394/407
f 7/45/7 8/47/8 409/398/409 408/396/408
f 8/47/8 9/49/9 410/400/410 409/398/409
f 9/49/9 10/51/10 411/402/411 410/400/410
f 10/51/10 11/53/11 412/404/412 411/402/411
f 11/53/11 12/55/12 413/406/413 412/404/412
f 12/55/12 13/57/13 414/408/414 413/406/413
f 13/57/13 14/59/14 415/410/415 414/408/414
f 14/59/14 15/61/15 416/412/416 415/410/415
f 15/61/15 16/63/16 417/414/417 416/412/416
f 16/63/16 17/65/17 418/416/418 417/414/417
f 17/65/17 18/67/18 419/418/419 418/416/418
f 18/67/18 19/69/19 420/420/420 419/418/419
f 19/69/19 20/71/20 421/422/421 420/420/420
f 20/71/20 21/73/21 422/424/422 421/422/421
f 21/73/21 22/75/22 423/426/423 422/424/422
f 22/75/22 23/77/23 424/428/424 423/426/423
f 23/77/23 24/79/24 425/430/425 424/428/424
f 24/79/24 25/81/25 426/432/426 425/430/425
f 25/81/25 26/83/26 427/434/427 426/432/426
f 26/83/26 27/85/27 428/436/428 427/434/427
f 27/85/27 28/87/28 429/438/429 428/436/428
f 28/87/28 29/89/29 430/440/430 429/438/429
f 29/89/29 30/91/30 431/442/431 430/440/430
f 30/91/30 31/93/31 432/444/432 431/442/431
f 31/93/31 32/95/32 433/446/433 432/444/432
f 32/95/32 33/97/33 434/448/434 433/446/433
f 33/97/33 2/37/2 435/386/435 434/448/434
f 66/165/66 67/164/67 437/99/437 436/98/436
f 67/164/67 68/167/68 438/102/438 437/99/437
f 68/167/68 69/169/69 439/104/439 438/102/438
f 69/169/69 70/171/70 440/106/440 439/104/439
f 70/171/70 71/173/71 441/108/441 440/106/440
f 71/173/71 72/175/72 442/110/442 441/108/441
f 72/175/72 73/177/73 443/112/443 442/110/442
f 73/177/73 74/179/74 444/114/444 443/112/443
f 74/179/74 75/181/75 445/116/445 444/114/444
f 75/181/75 76/183/76 446/118/446 445/116/445
f 76/183/76 77/185/77 447/120/447 446/118/446
f 77/185/77 78/187/78 448/122/448 447/120/447
f 78/187/78 79/189/79 449/124/449 448/122/448
f 79/189/79 80/191/80 450/126/450 449/124/449
f 80/191/80 81/193/81 451/128/451 450/126/450
f 81/193/81 82/195/82 452/130/452 451/128/451
f 82/195/82 83/197/83 453/132/453 452/130/452
f 83/197/83 84/199/84 454/134/454 453/132/453
f 84/199/84 85/201/85 455/136/455 454/134/454
f 85/201/85 86/203/86 456/138/456 455/136/455
f 86/203/86 87/205/87 457/140/457 456/138/456
f 87/205/87 88/207/88 458/142/458 457/140/457
f 88/207/88 89/209/89 459/144/459 458/142/458
f 89/209/89 90/211/90 460/146/460 459/144/459
f 90/211/90 91/213/91 461/148/461 460/146/460
f 91/213/91 92/215/92 462/150/462 461/148/461
f 92/215/92 93/217/93 463/152/463 462/150/462
f 93/217/93 94/219/94 464/154/464 463/152/463
f 94/219/94 95/221/95 465/156/465 464/154/464
f 95/221/95 96/223/96 466/158/466 465/156/465
f 96/223/96 97/225/97 467/160/467 466/158/466
f 97/225/97 66/165/66 436/98/436 467/160/467
f 34/101/34 35/100/35 468/483/468 499/482/499
f 35/100/35 36/103/36 469/486/469 468/483/468
f 36/103/36 37/105/37 470/488/470 469/486/469
f 37/105/37 38/107/38 471/490/471 470/488/470
f 38/107/38 39/109/39 472/492/472 471/490/471
f 39/109/39 40/111/40 473/494/473 472/492/472
f 40/111/40 41/113/41 474/496/474 473/494/473
f 41/113/41 42/115/42 475/498/475 474/496/474
f 42/115/42 43/117/43 476/500/476 475/498/475
f 43/117/43 44/119/44 477/502/477 476/500/476
f 44/119/44 45/121/45 478/504/478 477/502/477
f 45/121/45 46/123/46 479/506/479 478/504/478
f 46/123/46 47/125/47 480/508/480 479/506/479
f 47/125/47 48/127/48 481/510/481 480/508/480
f 48/127/48 49/129/49 482/512/482 481/510/481
f 49/129/49 50/131/50 483/514/483 482/512/482
f 50/131/50 51/133/51 484/516/484 483/514/483
f 51/133/51 52/135/52 485/518/485 484/516/484
f 52/135/52 53/137/53 486/520/486 485/518/485
f 53/137/53 54/139/54 487/522/487 486/520/486
f 54/139/54 55/141/55 488/524/488 487/522/487
f 55/141/55 56/143/56 489/526/489 488/524/488
f 56/143/56 57/145/57 490/528/490 489/526/489
f 57/145/57 58/147/58 491/530/491 490/528/490
f 58/147/58 59/149/59 492/532/492 491/530/491
f 59/149/59 60/151/60 493/534/493 492/532/492
f 60/151/60 61/153/61 494/536/494 493/534/493
f 61/153/61 62/155/62 495/538/495 494/536/494
f 62/155/62 63/157/63 496/540/496 495/538/495
f 63/157/63 64/159/64 497/542/497 496/540/496
f 64/159/64 65/161/65 498/544/498 497/542/497
f 65/161/65 34/101/34 499/482/499 498/544/498
f 98/228/98 99/227/99 501/163/501 500/162/500
f 99/227/99 100/231/100 502/166/502 501/163/501
f 100/231/100 101/233/101 503/168/503 502/166/502
f 101/233/101 102/235/102 504/170/504 503/168/503
f 102/235/102 103/237/103 505/172/505 504/170/504
f 103/237/103 104/239/104 506/174/506 505/172/505
f 104/239/104 105/241/105 507/176/507 506/174/506
f 105/241/105 106/243/106 508/178/508 507/176/507
f 106/243/106 107/245/107 509/180/509 508/178/508
f 107/245/107 108/247/108 510/182/510 509/180/509
f 108/247/108 109/249/109 511/184/511 510/182/510
f 109/249/109 110/251/110 512/186/512 511/184/511
f 110/251/110 111/253/111 513/188/513 512/186/512
f 111/253/111 112/255/112 514/190/514 513/188/513
f 112/255/112 113/257/113 515/192/515 514/190/514
f 113/257/113 114/259/114 516/194/516 515/192/515
f 114/259/114 115/261/115 517/196/517 516/194/516
f 115/261/115 116/263/116 518/198/518 517/196/517
f 116/263/116 117/265/117 519/200/519 518/198/518
f 117/265/117 118/267/118 520/202/520 519/200/519
f 118/267/118 119/269/119 521/204/521 520/202/520
f 119/269/119 120/271/120 522/206/522 521/204/521
f 120/271/120 121/273/121 523/208/523 522/206/522
f 121/273/121 122/275/122 524/210/524 523/208/523
f 122/275/122 123/277/123 525/212/525 524/210/524
f 123/277/123 124/279/124 526/214/526 525/212/525
f 124/279/124 125/281/125 527/216/527 526/214/526
f 125/281/125 126/283/126 528/218/528 527/216/527
f 126/283/126 127/285/127 529/220/529 528/218/528
f 127/285/127 128/287/128 530/222/530 529/220/529
f 128/287/128 129/289/129 531/224/531 530/222/530
f 129/289/129 98/228/98 500/162/500 531/224/531
f 533/546/533 227/354/227 226/355/226 532/547/532
f 534/548/534 228/356/228 227/354/227 533/546/533
f 535/549/535 757/357/757 228/356/228 534/548/534
f 536/550/536 229/358/229 757/357/757 535/549/535
f 537/551/537 230/359/230 229/358/229 536/550/536
f 538/552/538 231/360/231 230/359/230 537/551/537
f 539/553/539 758/361/758 231/360/231 538/552/538
f 540/554/540 759/362/759 758/361/758 539/553/539
f 541/555/541 760/363/760 759/362/759 540/554/540
f 542/556/542 232/364/232 760/363/760 541/555/541
f 543/557/543 761/365/761 232/364/232 542/556/542
f 544/558/544 762/366/762 761/365/761 543/557/543
f 545/559/545 763/367/763 762/366/762 544/558/544
f 546/560/546 233/368/233 763/367/763 545/559/545
f 547/561/547 234/369/234 233/368/233 546/560/546
f 548/562/548 235/370/235 234/369/234 547/561/547
f 549/563/549 236/371/236 235/370/235 548/562/548
f 550/564/550 237/372/237 236/371/236 549/563/549
f 551/565/551 238/373/238 237/372/237 550/564/550
f 552/566/552 764/374/764 238/373/238 551/565/551
f 553/567/553 239/375/239 764/374/764 552/566/552
f 554/568/554 765/376/765 239/375/239 553/567/553
f 555/569/555 766/377/766 765/376/765 554/568/554
f 556/570/556 240/378/240 766/377/766 555/569/555
f 557/571/557 767/379/767 240/378/240 556/570/556
f 558/572/558 768/380/768 767/379/767 557/571/557
f 559/573/559 769/381/769 768/380/768 558/572/558
f 560/574/560 241/382/241 769/381/769 559/573/559
f 561/575/561 242/383/242 241/382/241 560/574/560
f 562/576/562 770/384/770 242/383/242 561/575/561
f 563/577/563 243/385/243 770/384/770 562/576/562
f 532/547/532 226/355/226 243/385/243 563/577/563
f 565/578/565 533/579/533 532/580/532 564/581/564
f 566/582/566 534/583/534 533/579/533 565/578/565
f 567/584/567 535/585/535 534/583/534 566/582/566
f 568/586/568 536/587/536 535/585/535 567/584/567
f 569/588/569 537/589/537 536/587/536 568/586/568
f 570/590/570 538/591/538 537/589/537 569/588/569
f 571/592/571 539/593/539 538/591/538 570/590/570
f 572/594/572 540/595/540 539/593/539 571/592/571
f 573/596/573 541/597/541 540/595/540 572/594/572
f 574/598/574 542/599/542 541/597/541 573/596/573
f 575/600/575 543/601/543 542/599/542 574/598/574
f 576/602/576 544/603/544 543/601/543 575/600/575
f 577/604/577 545/605/545 544/603/544 576/602/576
f 578/606/578 546/607/546 545/605/545 577/604/577
f 579/608/579 547/609/547 546/607/546 578/606/578
f 580/610/580 548/611/548 547/609/547 579/608/579
f 581/612/581 549/613/549 548/611/548 580/610/580
f 582/614/582 550/615/550 549/613/549 581/612/581
f 583/616/583 551/617/551 550/615/550 582/614/582
f 584/618/584 552/619/552 551/617/551 583/616/583
f 585/620/585 553/621/553 552/619/552 584/618/584
f 586/622/586 554/623/554 553/621/553 585/620/585
f 587/624/587 555/625/555 554/623/554 586/622/586
f 588/626/588 556/627/556 555/625/555 587/624/587
f 589/628/589 557/629/557 556/627/556 588/626/588
f 590/630/590 558/631/558 557/629/557 589/628/589
f 591/632/591 559/633/559 558/631/558 590/630/590
f 592/634/592 560/635/560 559/633/559 591/632/591
f 593/636/593 561/637/561 560/635/560 592/634/592
f 594/638/594 562/639/562 561/637/561 593/636/593
f 595/640/595 563/641/563 562/639/562 594/638/594
f 564/581/564 532/580/532 563/641/563 595/640/595
f 597/642/597 565/578/565 564/581/564 596/643/596
f 598/644/598 566/582/566 565/578/565 597/642/597
f 599/645/599 567/584/567 566/582/566 598/644/598
f 600/646/600 568/586/568 567/584/567 599/645/599
f 601/647/601 569/588/569 568/586/568 600/646/600
f 602/648/602 570/590/570 569/588/569 601/647/601
f 603/649/603 571/592/571 570/590/570 602/648/602
f 604/650/604 572/594/572 571/592/571 603/649/603
f 605/651/605 573/596/573 572/594/572 604/650/604
f 606/652/606 574/598/574 573/596/573 605/651/605
f 607/653/607 575/600/575 574/598/574 606/652/606
f 608/654/608 576/602/576 575/600/575 607/653/607
f 609/655/609 577/604/577 576/602/576 608/654/608
f 610/656/610 578/606/578 577/604/577 609/655/609
f 611/657/611 579/608/579 578/606/578 610/656/610
f 612/658/612 580/610/580 579/608/579 611/657/611
f 613/659/613 581/612/581 580/610/580 612/658/612
f 614/660/614 582/614/582 581/612/581 613/659/613
f 615/661/615 583/616/583 582/614/582 614/660/614
f 616/662/616 584/618/584 583/616/583 615/661/615
f 617/663/617 585/620/585 584/618/584 616/662/616
f 618/664/618 586/622/586 585/620/585 617/663/617
f 619/665/619 587/624/587 586/622/586 618/664/618
f 620/666/620 588/626/588 587/624/587 619/665/619
f 621/667/621 589/628/589 588/626/588 620/666/620
f 622/668/622 590/630/590 589/628/589 621/667/621
f 623/669/623 591/632/591 590/630/590 622/668/622
f 624/670/624 592/634/592 591/632/591 623/669/623
f 625/671/625 593/636/593 592/634/592 624/670/624
f 626/672/626 594/638/594 593/636/593 625/671/625
f 627/673/627 595/640/595 594/638/594 626/672/626
f 596/643/596 564/581/564 595/640/595 627/673/627
f 629/674/629 597/642/597 596/643/596 628/675/628
f 630/676/630 598/644/598 597/642/597 629/674/629
f 631/677/631 599/645/599 598/644/598 630/676/630
f 632/678/632 600/646/600 599/645/599 631/677/631
f 633/679/633 601/647/601 600/646/600 632/678/632
f 634/680/634 602/648/602 601/647/601 633/679/633
f 635/681/635 603/649/603 602/648/602 634/680/634
f 636/682/636 604/650/604 603/649/603 635/681/635
f 637/683/637 605/651/605 604/650/604 636/682/636
f 638/684/638 606/652/606 605/651/605 637/683/637
f 639/685/639 607/653/607 606/652/606 638/684/638
f 640/686/640 608/654/608 607/653/607 639/685/639
f 641/687/641 609/655/609 608/654/608 640/686/640
f 642/688/642 610/656/610 609/655/609 641/687/641
f 643/689/643 611/657/611 610/656/610 642/688/642
f 644/690/644 612/658/612 611/657/611 643/689/643
f 645/691/645 613/659/613 612/658/612 644/690/644
f 646/692/646 614/660/614 613/659/613 645/691/645
f 647/693/647 615/661/615 614/660/614 646/692/646
f 648/694/648 616/662/616 615/661/615 647/693/647
f 649/695/649 617/663/617 616/662/616 648/694/648
f 650/696/650 618/664/618 617/663/617 649/695/649
f 651/697/651 619/665/619 618/664/618 650/696/650
f 652/698/652 620/666/620 619/665/619 651/697/651
f 653/699/653 621/667/621 620/666/620 652/698/652
f 654/700/654 622/668/622 621/667/621 653/699/653
f 655/701/655 623/669/623 622/668/622 654/700/654
f 656/702/656 624/670/624 623/669/623 655/701/655
f 657/703/657 625/671/625 624/670/624 656/702/656
f 658/704/658 626/672/626 625/671/625 657/703/657
f 659/705/659 627/673/627 626/672/626 658/704/658
f 628/675/628 596/643/596 627/673/627 659/705/659
f 661/706/661 629/674/629 628/675/628 660/707/660
f 662/708/662 630/676/630 629/674/629 661/706/661
f 663/709/663 631/677/631 630/676/630 662/708/662
f 664/710/664 632/678/632 631/677/631 663/709/663
f 665/711/665 633/679/633 632/678/632 664/710/664
f 666/712/666 634/680/634 633/679/633 665/711/665
f 667/713/667 635/681/635 634/680/634 666/712/666
f 668/714/668 636/682/636 635/681/635 667/713/667
f 669/715/669 637/683/637 636/682/636 668/714/668
f 670/716/670 638/684/638 637/683/637 669/715/669
f 671/717/671 639/685/639 638/684/638 670/716/670
f 672/718/672 640/686/640 639/685/639 671/717/671
f 673/719/673 641/687/641 640/686/640 672/718/672
f 674/720/674 642/688/642 641/687/641 673/719/673
f 675/721/675 643/689/643 642/688/642 674/720/674
f 676/722/676 644/690/644 643/689/643 675/721/675
f 677/723/677 645/691/645 644/690/644 676/722/676
f 678/724/678 646/692/646 645/691/645 677/723/677
f 679/725/679 647/693/647 646/692/646 678/724/678
f 680/726/680 648/694/648 647/693/647 679/725/679
f 681/727/681 649/695/649 648/694/648 680/726/680
f 682/728/682 650/696/650 649/695/649 681/727/681
f 683/729/683 651/697/651 650/696/650 682/728/682
f 684/730/684 652/698/652 651/697/651 683/729/683
f 685/731/685 653/699/653 652/698/652 684/730/684
f 686/732/686 654/700/654 653/699/653 685/731/685
f 687/733/687 655/701/655 654/700/654 686/732/686
f 688/734/688 656/702/656 655/701/655 687/733/687
f 689/735/689 657/703/657 656/702/656 688/734/688
f 690/736/690 658/704/658 657/703/657 689/735/689
f 691/737/691 659/705/659 658/704/658 690/736/690
f 660/707/660 628/675/628 659/705/659 691/737/691
f 693/738/693 661/706/661 660/707/660 692/739/692
f 694/740/694 662/708/662 661/706/661 693/738/693
f 695/741/695 663/709/663 662/708/662 694/740/694
f 696/742/696 664/710/664 663/709/663 695/741/695
f 697/743/697 665/711/665 664/710/664 696/742/696
f 698/744/698 666/712/666 665/711/665 697/743/697
f 699/745/699 667/713/667 666/712/666 698/744/698
f 700/746/700 668/714/668 667/713/667 699/745/699
f 701/747/701 669/715/669 668/714/668 700/746/700
f 702/748/702 670/716/670 669/715/669 701/747/701
f 703/749/703 671/717/671 670/716/670 702/748/702
f 704/750/704 672/718/672 671/717/671 703/749/703
f 705/751/705 673/719/673 672/718/672 704/750/704
f 706/752/706 674/720/674 673/719/673 705/751/705
f 707/753/707 675/721/675 674/720/674 706/752/706
f 708/754/708 676/722/676 675/721/675 707/753/707
f 709/755/709 677/723/677 676/722/676 708/754/708
f 710/756/710 678/724/678 677/723/677 709/755/709
f 711/757/711 679/725/679 678/724/678 710/756/710
f 712/758/712 680/726/680 679/725/679 711/757/711
f 713/759/713 681/727/681 680/726/680 712/758/712
f 714/760/714 682/728/682 681/727/681 713/759/713
f 715/761/715 683/729/683 682/728/682 714/760/714
f 716/762/716 684/730/684 683/729/683 715/761/715
f 717/763/717 685/731/685 684/730/684 716/762/716
f 718/764/718 686/732/686 685/731/685 717/763/717
f 719/765/719 687/733/687 686/732/686 718/764/718
f 720/766/720 688/734/688 687/733/687 719/765/719
f 721/767/721 689/735/689 688/734/688 720/766/720
f 722/768/722 690/736/690 689/735/689 721/767/721
f 723/769/723 691/737/691 690/736/690 722/768/722
f 692/739/692 660/707/660 691/737/691 723/769/723
f 725/770/725 693/738/693 692/739/692 724/771/724
f 726/772/726 694/740/694 693/738/693 725/770/725
f 727/773/727 695/741/695 694/740/694 726/772/726
f 728/774/728 696/742/696 695/741/695 727/773/727
f 729/775/729 697/743/697 696/742/696 728/774/728
f 730/776/730 698/744/698 697/743/697 729/775/729
f 731/777/731 699/745/699 698/744/698 730/776/730
f 732/778/732 700/746/700 699/745/699 731/777/731
f 733/779/733 701/747/701 700/746/700 732/778/732
f 734/780/734 702/748/702 701/747/701 733/779/733
f 735/781/735 703/749/703 702/748/702 734/780/734
f 736/782/736 704/750/704 703/749/703 735/781/735
f 737/783/737 705/751/705 704/750/704 736/782/736
f 738/784/738 706/752/706 705/751/705 737/783/737
f 739/785/739 707/753/707 706/752/706 738/784/738
f 740/786/740 708/754/708 707/753/707 739/785/739
f 741/787/741 709/755/709 708/754/708 740/786/740
f 742/788/742 710/756/710 709/755/709 741/787/741
f 743/789/743 711/757/711 710/756/710 742/788/742
f 744/790/744 712/758/712 711/757/711 743/789/743
f 745/791/745 713/759/713 712/758/712 744/790/744
f 746/792/746 714/760/714 713/759/713 745/791/745
f 747/793/747 715/761/715 714/760/714 746/792/746
f 748/794/748 716/762/716 715/761/715 747/793/747
f 749/795/749 717/763/717 716/762/716 748/794/748
f 750/796/750 718/764/718 717/763/717 749/795/749
f 751/797/751 719/765/719 718/764/718 750/796/750
f 752/798/752 720/766/720 719/765/719 751/797/751
f 753/799/753 721/767/721 720/766/720 752/798/752
f 754/800/754 722/768/722 721/767/721 753/799/753
f 755/801/755 723/769/723 722/768/722 754/800/754
f 724/771/724 692/739/692 723/769/723 755/801/755
f 756/802/756 725/770/725 724/771/724
f 756/802/756 726/772/726 725/770/725
f 756/802/756 727/773/727 726/772/726
f 756/802/756 728/774/728 727/773/727
f 756/802/756 729/775/729 728/774/728
f 756/802/756 730/776/730 729/775/729
f 756/802/756 731/777/731 730/776/730
f 756/802/756 732/778/732 731/777/731
f 756/802/756 733/779/733 732/778/732
f 756/802/756 734/780/734 733/779/733
f 756/802/756 735/781/735 734/780/734
f 756/802/756 736/782/736 735/781/735
f 756/802/756 737/783/737 736/782/736
f 756/802/756 738/784/738 737/783/737
f 756/802/756 739/785/739 738/784/738
f 756/802/756 740/786/740 739/785/739
f 756/802/756 741/787/741 740/786/740
f 756/802/756 742/788/742 741/787/741
f 756/802/756 743/789/743 742/788/742
f 756/802/756 744/790/744 743/789/743
f 756/802/756 745/791/745 744/790/744
f 756/802/756 746/792/746 745/791/745
f 756/802/756 747/793/747 746/792/746
f 756/802/756 748/794/748 747/793/747
f 756/802/756 749/795/749 748/794/748
f 756/802/756 750/796/750 749/795/749
f 756/802/756 751/797/751 750/796/750
f 756/802/756 752/798/752 751/797/751
f 756/802/756 753/799/753 752/798/752
f 756/802/756 754/800/754 753/799/753
f 756/802/756 755/801/755 754/800/754
f 756/802/756 724/771/724 755/801/755
