mtllib eye_ball_tex.mtl
v -0.304004 0.355638 0.469021
v -0.311178 0.399087 0.454658
v -0.319806 0.396897 0.454468
v -0.327811 0.393118 0.454265
v -0.334885 0.387916 0.454050
v -0.340750 0.381481 0.453822
v -0.345187 0.374068 0.453600
v -0.348033 0.365956 0.453400
v -0.349183 0.357454 0.453240
v -0.348604 0.348895 0.453122
v -0.346319 0.340604 0.453074
v -0.342412 0.332885 0.453096
v -0.337029 0.326028 0.453180
v -0.330352 0.320317 0.453307
v -0.322646 0.315958 0.453473
v -0.314206 0.313120 0.453671
v -0.305357 0.311922 0.453884
v -0.296444 0.312420 0.454101
v -0.287814 0.314593 0.454315
v -0.279798 0.318353 0.454513
v -0.272698 0.323559 0.454689
v -0.266799 0.330013 0.454837
v -0.262326 0.337446 0.454964
v -0.259449 0.345591 0.455066
v -0.258279 0.354120 0.455141
v -0.258858 0.362709 0.455194
v -0.261160 0.371031 0.455226
v -0.265094 0.378766 0.455236
v -0.270516 0.385623 0.455222
v -0.277222 0.391323 0.455172
v -0.284951 0.395664 0.455089
v -0.293407 0.398463 0.454975
v -0.302263 0.399615 0.454832
v -0.316338 0.435221 0.427808
v -0.331683 0.431182 0.427410
v -0.345919 0.424265 0.426990
v -0.358488 0.414727 0.426545
v -0.368895 0.402941 0.426081
v -0.376740 0.389379 0.425612
v -0.381730 0.374556 0.425176
v -0.383705 0.359042 0.424820
v -0.382635 0.343430 0.424597
v -0.378601 0.328292 0.424553
v -0.371756 0.314180 0.424689
v -0.362322 0.301632 0.424986
v -0.350575 0.291142 0.425365
v -0.336927 0.283135 0.425774
v -0.321930 0.277933 0.426207
v -0.306180 0.275752 0.426650
v -0.290297 0.276670 0.427084
v -0.274902 0.280651 0.427501
v -0.260592 0.287546 0.427876
v -0.247885 0.297091 0.428197
v -0.237279 0.308903 0.428468
v -0.229211 0.322543 0.428690
v -0.224030 0.337468 0.428851
v -0.221941 0.353099 0.428958
v -0.223000 0.368837 0.429031
v -0.227159 0.384077 0.429078
v -0.234243 0.398236 0.429095
v -0.243962 0.410765 0.429061
v -0.255928 0.421190 0.428955
v -0.269679 0.429089 0.428773
v -0.284724 0.434169 0.428513
v -0.300479 0.436235 0.428181
v -0.318789 0.454597 0.406821
v -0.337681 0.449583 0.406311
v -0.355221 0.440994 0.405786
v -0.370726 0.429158 0.405254
v -0.383594 0.414525 0.404718
v -0.393308 0.397664 0.404181
v -0.399491 0.379233 0.403669
v -0.401958 0.359938 0.403262
v -0.400664 0.340516 0.403025
v -0.395696 0.321687 0.402996
v -0.387239 0.304153 0.403166
v -0.375580 0.288586 0.403488
v -0.361076 0.275589 0.403890
v -0.344253 0.265700 0.404333
v -0.325779 0.259289 0.404815
v -0.306390 0.256610 0.405331
v -0.286843 0.257768 0.405863
v -0.267896 0.262730 0.406383
v -0.250266 0.271296 0.406877
v -0.234572 0.283143 0.407339
v -0.221454 0.297797 0.407748
v -0.211468 0.314729 0.408083
v -0.205053 0.333251 0.408333
v -0.202458 0.352653 0.408503
v -0.203759 0.372181 0.408611
v -0.208889 0.391099 0.408675
v -0.217647 0.408674 0.408669
v -0.229662 0.424233 0.408587
v -0.244434 0.437171 0.408410
v -0.261369 0.446977 0.408134
v -0.279883 0.453278 0.407761
v -0.299272 0.455843 0.407311
v -0.320266 0.469572 0.376539
v -0.341957 0.463840 0.375912
v -0.362111 0.454000 0.375287
v -0.379954 0.440413 0.374678
v -0.394805 0.423599 0.374103
v -0.406074 0.404212 0.373561
v -0.413315 0.382994 0.373073
v -0.416262 0.360772 0.372688
v -0.414825 0.338394 0.372465
v -0.409072 0.316710 0.372426
v -0.399249 0.296550 0.372567
v -0.385710 0.278684 0.372838
v -0.368935 0.263807 0.373199
v -0.349551 0.252515 0.373629
v -0.328321 0.245219 0.374133
v -0.306069 0.242199 0.374704
v -0.283650 0.243571 0.375320
v -0.261929 0.249276 0.375957
v -0.241702 0.259110 0.376590
v -0.223678 0.272698 0.377193
v -0.208606 0.289530 0.377738
v -0.197138 0.308950 0.378202
v -0.189754 0.330191 0.378579
v -0.186745 0.352440 0.378856
v -0.188228 0.374841 0.379024
v -0.194121 0.396545 0.379083
v -0.204172 0.416734 0.379029
v -0.217974 0.434602 0.378862
v -0.234955 0.449451 0.378584
v -0.254404 0.460719 0.378194
v -0.275634 0.467984 0.377708
v -0.297874 0.470968 0.377146
v -0.320415 0.473788 0.360512
v -0.342883 0.467867 0.359834
v -0.363767 0.457682 0.359158
v -0.382258 0.443611 0.358505
v -0.397661 0.426199 0.357906
v -0.409380 0.406114 0.357357
v -0.416943 0.384125 0.356885
v -0.420050 0.361086 0.356526
v -0.418573 0.337884 0.356309
v -0.412589 0.315408 0.356263
v -0.402359 0.294528 0.356379
v -0.388274 0.276033 0.356626
v -0.370853 0.260645 0.356987
v -0.350753 0.248965 0.357435
v -0.328758 0.241425 0.357966
v -0.305711 0.238308 0.358574
v -0.282499 0.239735 0.359228
v -0.260013 0.245650 0.359911
v -0.239069 0.255837 0.360595
v -0.220407 0.269921 0.361238
v -0.204804 0.287352 0.361831
v -0.192934 0.307452 0.362343
v -0.185288 0.329435 0.362766
v -0.182168 0.352457 0.363075
v -0.183699 0.375642 0.363263
v -0.189796 0.398112 0.363316
v -0.200199 0.419011 0.363245
v -0.214487 0.437521 0.363042
v -0.232071 0.452901 0.362729
v -0.252212 0.464572 0.362296
v -0.274192 0.472109 0.361772
v -0.297221 0.475216 0.361171
v -0.320106 0.475358 0.344566
v -0.342846 0.469378 0.343849
v -0.363979 0.459065 0.343139
v -0.382695 0.444830 0.342451
v -0.398290 0.427213 0.341821
v -0.410173 0.406885 0.341266
v -0.417858 0.384629 0.340808
v -0.421032 0.361303 0.340463
v -0.419547 0.337813 0.340258
v -0.413479 0.315062 0.340205
v -0.403100 0.293927 0.340310
v -0.388811 0.275220 0.340557
v -0.371155 0.259665 0.340925
v -0.350809 0.247844 0.341392
v -0.328548 0.240220 0.341954
v -0.305229 0.237076 0.342591
v -0.281746 0.238524 0.343279
v -0.259001 0.244511 0.343998
v -0.237816 0.254829 0.344707
v -0.218939 0.269078 0.345387
v -0.203158 0.286718 0.346015
v -0.191152 0.307048 0.346560
v -0.183423 0.329280 0.347002
v -0.180268 0.352565 0.347326
v -0.181813 0.376017 0.347519
v -0.187974 0.398748 0.347573
v -0.198493 0.419893 0.347485
v -0.212943 0.438620 0.347261
v -0.230728 0.454190 0.346915
v -0.251099 0.466006 0.346458
v -0.273335 0.473642 0.345898
v -0.296636 0.476798 0.345261
v -0.319423 0.474649 0.328898
v -0.341993 0.468709 0.328161
v -0.362969 0.458478 0.327431
v -0.381548 0.444348 0.326728
v -0.397022 0.426858 0.326085
v -0.408837 0.406694 0.325518
v -0.416468 0.384595 0.325060
v -0.419630 0.361435 0.324722
v -0.418165 0.338115 0.324527
v -0.412149 0.315521 0.324485
v -0.401829 0.294542 0.324596
v -0.387632 0.275986 0.324844
v -0.370094 0.260545 0.325219
v -0.349895 0.248812 0.325703
v -0.327799 0.241251 0.326282
v -0.304655 0.238126 0.326933
v -0.281352 0.239576 0.327641
v -0.258781 0.245522 0.328372
v -0.237768 0.255769 0.329103
v -0.219043 0.269908 0.329804
v -0.203392 0.287414 0.330450
v -0.191480 0.307591 0.331015
v -0.183811 0.329656 0.331467
v -0.180679 0.352762 0.331795
v -0.182203 0.376035 0.331986
v -0.188311 0.398588 0.332034
v -0.198749 0.419570 0.331937
v -0.213085 0.438152 0.331698
v -0.230722 0.453619 0.331331
v -0.250926 0.465369 0.330846
v -0.273000 0.472934 0.330270
v -0.296127 0.476080 0.329610
v -0.318430 0.471952 0.313617
v -0.340451 0.466158 0.312878
v -0.360916 0.456174 0.312146
v -0.394137 0.425322 0.310799
v -0.405623 0.405629 0.310241
v -0.413047 0.384072 0.309793
v -0.398781 0.296253 0.309363
v -0.326593 0.244249 0.311055
v -0.304018 0.241200 0.311711
v -0.281285 0.242599 0.312417
v -0.259272 0.248414 0.313148
v -0.238788 0.258417 0.313880
v -0.220546 0.272225 0.314586
v -0.193687 0.308977 0.315801
v -0.184629 0.375728 0.316767
v -0.231922 0.451397 0.316075
v -0.251615 0.462863 0.315584
v -0.295701 0.473337 0.314334
v -0.308600 0.382763 0.463505
v -0.314054 0.381396 0.463393
v -0.319118 0.379039 0.463276
v -0.323594 0.375791 0.463151
v -0.327312 0.371774 0.463026
v -0.330130 0.367138 0.462905
v -0.331941 0.362069 0.462800
v -0.332678 0.356751 0.462709
v -0.332312 0.351393 0.462645
v -0.330859 0.346205 0.462607
v -0.328372 0.341377 0.462602
v -0.324949 0.337094 0.462630
v -0.320715 0.333529 0.462686
v -0.315835 0.330800 0.462765
v -0.310495 0.329043 0.462866
v -0.304900 0.328298 0.462981
v -0.299266 0.328616 0.463103
v -0.293811 0.329973 0.463226
v -0.288746 0.332316 0.463348
v -0.284263 0.335570 0.463461
v -0.280538 0.339589 0.463564
v -0.277712 0.344232 0.463653
v -0.275891 0.349317 0.463729
v -0.275149 0.354640 0.463787
v -0.275513 0.360006 0.463828
v -0.276970 0.365205 0.463850
v -0.279460 0.370042 0.463855
v -0.282891 0.374321 0.463841
v -0.287132 0.377892 0.463809
v -0.292020 0.380605 0.463758
v -0.297366 0.382358 0.463690
v -0.302965 0.383087 0.463605
v -0.307331 0.375076 0.466355
v -0.311258 0.374101 0.466274
v -0.314902 0.372418 0.466190
v -0.318126 0.370087 0.466104
v -0.320805 0.367205 0.466019
v -0.322836 0.363882 0.465937
v -0.324142 0.360241 0.465866
v -0.324673 0.356425 0.465806
v -0.324410 0.352584 0.465761
v -0.323362 0.348860 0.465736
v -0.321569 0.345394 0.465728
v -0.319101 0.342324 0.465743
v -0.316051 0.339769 0.465778
v -0.312536 0.337814 0.465830
v -0.308691 0.336552 0.465896
v -0.304663 0.336022 0.465971
v -0.300609 0.336248 0.466057
v -0.296683 0.337225 0.466142
v -0.293036 0.338907 0.466227
v -0.289811 0.341233 0.466310
v -0.287129 0.344118 0.466384
v -0.285093 0.347446 0.466453
v -0.283784 0.351090 0.466510
v -0.283251 0.354905 0.466554
v -0.283512 0.358756 0.466586
v -0.284560 0.362487 0.466604
v -0.286355 0.365954 0.466607
v -0.288826 0.369024 0.466598
v -0.291879 0.371580 0.466574
v -0.295397 0.373529 0.466538
v -0.299246 0.374784 0.466488
v -0.303275 0.375311 0.466426
v -0.305535 0.364504 0.468480
v -0.307332 0.364054 0.468443
v -0.309000 0.363282 0.468406
v -0.310476 0.362223 0.468368
v -0.311703 0.360910 0.468330
v -0.312632 0.359395 0.468296
v -0.313231 0.357733 0.468265
v -0.313475 0.355991 0.468239
v -0.313354 0.354236 0.468221
v -0.312874 0.352537 0.468209
v -0.312053 0.350955 0.468207
v -0.310923 0.349555 0.468212
v -0.309525 0.348393 0.468226
v -0.307916 0.347500 0.468246
v -0.306157 0.346923 0.468273
v -0.304313 0.346685 0.468305
v -0.302457 0.346792 0.468339
v -0.300661 0.347230 0.468379
v -0.298992 0.348001 0.468419
v -0.297517 0.349057 0.468456
v -0.296289 0.350379 0.468491
v -0.295358 0.351892 0.468522
v -0.294759 0.353554 0.468549
v -0.294515 0.355298 0.468572
v -0.294636 0.357048 0.468588
v -0.295115 0.358754 0.468596
v -0.295936 0.360334 0.468599
v -0.297068 0.361734 0.468595
v -0.298465 0.362903 0.468584
v -0.300075 0.363793 0.468565
v -0.301836 0.364364 0.468541
v -0.303679 0.364606 0.468512
v -0.313908 0.417620 0.441803
v -0.326014 0.414476 0.441505
v -0.337244 0.409085 0.441185
v -0.347156 0.401655 0.440845
v -0.355365 0.392478 0.440488
v -0.361558 0.381909 0.440133
v -0.365513 0.370356 0.439808
v -0.367092 0.358262 0.439542
v -0.366259 0.346090 0.439365
v -0.363067 0.334286 0.439316
v -0.357643 0.323290 0.439398
v -0.350158 0.313524 0.439589
v -0.340858 0.305353 0.439854
v -0.330077 0.299111 0.440166
v -0.318241 0.295050 0.440499
v -0.305815 0.293341 0.440838
v -0.293295 0.294056 0.441183
v -0.281179 0.297155 0.441512
v -0.269907 0.302509 0.441792
v -0.259926 0.309941 0.442034
v -0.251603 0.319154 0.442234
v -0.245283 0.329768 0.442396
v -0.241223 0.341389 0.442516
v -0.239598 0.353567 0.442604
v -0.240426 0.365810 0.442659
v -0.243677 0.377682 0.442699
v -0.249226 0.388711 0.442719
v -0.256848 0.398484 0.442702
v -0.266251 0.406616 0.442634
v -0.277097 0.412787 0.442507
v -0.288967 0.416765 0.442317
v -0.301396 0.418394 0.442077
v -0.312617 0.408744 0.447918
v -0.323066 0.406060 0.447674
v -0.332760 0.401440 0.447411
v -0.341320 0.395074 0.447131
v -0.348413 0.387207 0.446836
v -0.353773 0.378151 0.446547
v -0.357202 0.368249 0.446282
v -0.358580 0.357878 0.446067
v -0.357870 0.347437 0.445920
v -0.355110 0.337317 0.445871
v -0.350404 0.327886 0.445918
v -0.343912 0.319517 0.446053
v -0.335854 0.312531 0.446249
v -0.326540 0.307187 0.446491
v -0.316321 0.303717 0.446757
v -0.305601 0.302251 0.447040
v -0.294805 0.302874 0.447288
v -0.284345 0.305522 0.447561
v -0.274620 0.310105 0.447836
v -0.266017 0.316469 0.448045
v -0.258861 0.324351 0.448219
v -0.253423 0.333454 0.448365
v -0.249930 0.343404 0.448475
v -0.248514 0.353826 0.448554
v -0.249224 0.364321 0.448608
v -0.252021 0.374488 0.448645
v -0.256797 0.383943 0.448660
v -0.263362 0.392317 0.448645
v -0.271481 0.399284 0.448587
v -0.280842 0.404578 0.448484
v -0.291086 0.407996 0.448336
v -0.301816 0.409398 0.448145
v -0.317095 0.389484 0.459320
v -0.323708 0.386390 0.459161
v -0.329553 0.382125 0.458992
v -0.334404 0.376843 0.458817
v -0.338077 0.370754 0.458646
v -0.340435 0.364093 0.458496
v -0.341392 0.357116 0.458371
v -0.340915 0.350085 0.458279
v -0.339023 0.343277 0.458234
v -0.335785 0.336931 0.458239
v -0.331322 0.331312 0.458288
v -0.325800 0.326624 0.458375
v -0.319429 0.323052 0.458494
v -0.312457 0.320729 0.458640
v -0.305148 0.319753 0.458804
v -0.297789 0.320163 0.458973
v -0.290662 0.321943 0.459143
v -0.284044 0.325027 0.459304
v -0.278188 0.329296 0.459451
v -0.273320 0.334583 0.459579
v -0.269626 0.340689 0.459688
v -0.267250 0.347368 0.459779
v -0.266282 0.354359 0.459849
v -0.266757 0.361410 0.459897
v -0.268658 0.368239 0.459925
v -0.271909 0.374587 0.459934
v -0.276390 0.380208 0.459918
v -0.281928 0.384888 0.459876
v -0.288312 0.388452 0.459810
v -0.295296 0.390755 0.459719
v -0.302608 0.391706 0.459606
v -0.309969 0.391277 0.459472
v -0.317767 0.446201 0.417202
v -0.335119 0.441601 0.416740
v -0.351221 0.433734 0.416262
v -0.365449 0.422893 0.415765
v -0.377242 0.409492 0.415254
v -0.386135 0.394060 0.414738
v -0.391788 0.377191 0.414250
v -0.394026 0.359538 0.413855
v -0.392826 0.341768 0.413624
v -0.388269 0.324540 0.413589
v -0.380519 0.308490 0.413747
v -0.369842 0.294225 0.414073
v -0.356550 0.282309 0.414482
v -0.341115 0.273216 0.414923
v -0.324154 0.267329 0.415395
v -0.306345 0.264860 0.415881
v -0.288385 0.265914 0.416370
v -0.270977 0.270451 0.416842
v -0.254786 0.278291 0.417279
v -0.240390 0.289145 0.417669
v -0.228362 0.302584 0.418010
v -0.219209 0.318089 0.418291
v -0.213328 0.335056 0.418496
v -0.210954 0.352830 0.418631
v -0.212150 0.370719 0.418719
v -0.216858 0.388054 0.418774
v -0.224892 0.404156 0.418782
v -0.235914 0.418404 0.418724
v -0.249467 0.430248 0.418581
v -0.265019 0.439230 0.418353
v -0.282027 0.445001 0.418035
v -0.299838 0.447347 0.417639
v -0.328795 0.422607 0.435017
v -0.341488 0.416468 0.434645
v -0.352691 0.408009 0.434250
v -0.361967 0.397565 0.433837
v -0.368960 0.385533 0.433423
v -0.373416 0.372393 0.433042
v -0.375185 0.358635 0.432729
v -0.374234 0.344791 0.432527
v -0.370633 0.331361 0.432478
v -0.364520 0.318855 0.432590
v -0.356090 0.307734 0.432841
v -0.345603 0.298430 0.433171
v -0.333428 0.291326 0.433538
v -0.320053 0.286705 0.433927
v -0.306010 0.284765 0.434323
v -0.291852 0.285577 0.434715
v -0.278136 0.289109 0.435090
v -0.265387 0.295220 0.435423
v -0.254084 0.303679 0.435702
v -0.244651 0.314159 0.435929
v -0.237482 0.326243 0.436112
v -0.232880 0.339471 0.436247
v -0.231028 0.353335 0.436341
v -0.231973 0.367281 0.436405
v -0.235669 0.380789 0.436446
v -0.241962 0.393337 0.436466
v -0.250603 0.404451 0.436442
v -0.261250 0.413700 0.436355
v -0.273509 0.420717 0.436201
v -0.286922 0.425239 0.435977
v -0.300969 0.427077 0.435690
v -0.315110 0.426185 0.435366
v -0.319804 0.463692 0.392083
v -0.340395 0.458241 0.391510
v -0.359521 0.448884 0.390931
v -0.376445 0.435974 0.390358
v -0.390512 0.420017 0.389799
v -0.401158 0.401611 0.389256
v -0.407961 0.381484 0.388742
v -0.410702 0.360409 0.388335
v -0.409316 0.339193 0.388100
v -0.403882 0.318620 0.388075
v -0.394616 0.299478 0.388241
v -0.381834 0.282509 0.388545
v -0.365962 0.268369 0.388923
v -0.347592 0.257610 0.389354
v -0.327445 0.250660 0.389845
v -0.306318 0.247768 0.390393
v -0.285026 0.249054 0.390971
v -0.264392 0.254473 0.391553
v -0.245181 0.263809 0.392127
v -0.228067 0.276718 0.392674
v -0.213757 0.292701 0.393163
v -0.202863 0.311151 0.393572
v -0.195859 0.331342 0.393888
v -0.193018 0.352487 0.394113
v -0.194431 0.373772 0.394256
v -0.200027 0.394394 0.394319
v -0.209574 0.413567 0.394290
v -0.222677 0.430538 0.394164
v -0.238791 0.444642 0.393934
v -0.257252 0.455344 0.393595
v -0.277420 0.462224 0.393155
v -0.298542 0.465038 0.392640
v -0.317146 0.467297 0.298846
v -0.338242 0.461747 0.298125
v -0.357851 0.452183 0.297410
v -0.375218 0.438972 0.296728
v -0.389680 0.422622 0.296101
v -0.400676 0.403759 0.295559
v -0.407784 0.383105 0.295125
v -0.410716 0.361470 0.294814
v -0.409351 0.339678 0.294642
v -0.403743 0.318579 0.294613
v -0.394123 0.298974 0.294726
v -0.380867 0.281621 0.294973
v -0.364486 0.267186 0.295343
v -0.345610 0.256218 0.295819
v -0.324963 0.249140 0.296386
v -0.303336 0.246216 0.297025
v -0.281559 0.247567 0.297712
v -0.260472 0.253145 0.298426
v -0.240862 0.262730 0.299138
v -0.223410 0.275957 0.299825
v -0.208825 0.292312 0.300458
v -0.197710 0.311163 0.301011
v -0.190543 0.331782 0.301451
v -0.187613 0.353366 0.301766
v -0.189026 0.375112 0.301942
v -0.194721 0.396184 0.301979
v -0.204463 0.415779 0.301868
v -0.217836 0.433144 0.301622
v -0.234281 0.447594 0.301253
v -0.253137 0.458580 0.300770
v -0.273756 0.465683 0.300194
v -0.295370 0.468624 0.299546
v -0.315605 0.460756 0.284839
v -0.335418 0.455545 0.284159
v -0.353832 0.446561 0.283484
v -0.370143 0.434154 0.282840
v -0.383721 0.418799 0.282251
v -0.394042 0.401081 0.281741
v -0.400706 0.381694 0.281332
v -0.403454 0.361373 0.281040
v -0.402173 0.340917 0.280880
v -0.396914 0.321099 0.280853
v -0.387886 0.302687 0.280961
v -0.375439 0.286387 0.281193
v -0.360058 0.272830 0.281540
v -0.342333 0.262530 0.281990
v -0.322944 0.255882 0.282526
v -0.302636 0.253135 0.283129
v -0.282186 0.254400 0.283778
v -0.262385 0.259641 0.284449
v -0.243981 0.268645 0.285121
v -0.227620 0.281070 0.285770
v -0.213943 0.296426 0.286368
v -0.203525 0.314130 0.286886
v -0.196800 0.333496 0.287303
v -0.194047 0.353768 0.287601
v -0.195368 0.374189 0.287767
v -0.200705 0.393982 0.287798
v -0.209836 0.412382 0.287694
v -0.222374 0.428685 0.287462
v -0.237796 0.442255 0.287110
v -0.255494 0.452568 0.286654
v -0.274858 0.459235 0.286112
v -0.295156 0.462002 0.285499
v -0.313829 0.452370 0.272060
v -0.332005 0.447588 0.271438
v -0.348899 0.439347 0.270820
v -0.363862 0.427963 0.270232
v -0.376318 0.413868 0.269690
v -0.385782 0.397618 0.269224
v -0.391890 0.379835 0.268851
v -0.394405 0.361196 0.268586
v -0.393230 0.342426 0.268437
v -0.388410 0.324247 0.268411
v -0.380129 0.307360 0.268507
v -0.368713 0.292406 0.268720
v -0.354604 0.279968 0.269037
v -0.338347 0.270519 0.269448
v -0.320562 0.264415 0.269937
v -0.301931 0.261899 0.270488
v -0.283171 0.263061 0.271083
v -0.265005 0.267867 0.271697
v -0.248132 0.276127 0.272312
v -0.233144 0.287525 0.272905
v -0.220623 0.301614 0.273452
v -0.211087 0.317856 0.273926
v -0.204929 0.335616 0.274309
v -0.202404 0.354227 0.274582
v -0.203606 0.372962 0.274734
v -0.208489 0.391118 0.274763
v -0.216844 0.408000 0.274669
v -0.228322 0.422957 0.274457
v -0.242449 0.435403 0.274137
v -0.258679 0.444863 0.273722
v -0.276446 0.450978 0.273225
v -0.295068 0.453516 0.272664
v -0.311816 0.442263 0.260606
v -0.328029 0.437996 0.260051
v -0.343098 0.430638 0.259502
v -0.356442 0.420482 0.258975
v -0.367549 0.407917 0.258494
v -0.375989 0.393423 0.258080
v -0.381435 0.377562 0.257746
v -0.383675 0.360939 0.257511
v -0.382627 0.344200 0.257378
v -0.378327 0.327995 0.257354
v -0.370944 0.312924 0.257439
v -0.360764 0.299592 0.257625
v -0.348183 0.288493 0.257909
v -0.333684 0.280061 0.258275
v -0.317823 0.274617 0.258711
v -0.301206 0.272371 0.259203
v -0.284474 0.273410 0.259732
v -0.268270 0.277694 0.260280
v -0.253220 0.285062 0.260825
v -0.239875 0.295226 0.261352
v -0.228733 0.307792 0.261835
v -0.220247 0.322283 0.262256
v -0.214766 0.338128 0.262595
v -0.212515 0.354722 0.262838
v -0.213580 0.371441 0.262975
v -0.217918 0.387644 0.263002
v -0.225351 0.402697 0.262920
v -0.235565 0.416036 0.262733
v -0.248145 0.427139 0.262451
v -0.262623 0.435578 0.262083
v -0.278472 0.441030 0.261641
v -0.295083 0.443289 0.261144
v -0.309607 0.430642 0.250566
v -0.323568 0.426967 0.250089
v -0.336543 0.420630 0.249616
v -0.348033 0.411883 0.249164
v -0.357595 0.401062 0.248751
v -0.364861 0.388583 0.248394
v -0.369549 0.374925 0.248108
v -0.371478 0.360613 0.247905
v -0.370575 0.346198 0.247791
v -0.366873 0.332238 0.247769
v -0.360517 0.319266 0.247840
v -0.351755 0.307785 0.248000
v -0.340923 0.298228 0.248244
v -0.328438 0.290968 0.248558
v -0.314781 0.286274 0.248934
v -0.300471 0.284344 0.249358
v -0.286063 0.285238 0.249813
v -0.272108 0.288925 0.250285
v -0.259145 0.295268 0.250753
v -0.247667 0.304022 0.251202
v -0.238095 0.314836 0.251615
v -0.230806 0.327312 0.251973
v -0.226097 0.340968 0.252261
v -0.224161 0.355266 0.252469
v -0.225072 0.369667 0.252589
v -0.228794 0.383618 0.252615
v -0.235173 0.396584 0.252547
v -0.243947 0.408070 0.252389
v -0.254766 0.417630 0.252148
v -0.267238 0.424893 0.251833
v -0.280890 0.429591 0.251454
v -0.295196 0.431530 0.251028
v -0.304764 0.403799 0.235351
v -0.313540 0.401485 0.235053
v -0.321695 0.397499 0.234756
v -0.328916 0.392000 0.234473
v -0.334924 0.385200 0.234215
v -0.339490 0.377354 0.233992
v -0.342435 0.368769 0.233812
v -0.343648 0.359776 0.233684
v -0.343081 0.350712 0.233610
v -0.340757 0.341942 0.233595
v -0.336765 0.333786 0.233639
v -0.331259 0.326567 0.233738
v -0.324451 0.320558 0.233888
v -0.316605 0.315993 0.234087
v -0.308018 0.313046 0.234323
v -0.299024 0.311824 0.234590
v -0.289965 0.312387 0.234876
v -0.281191 0.314708 0.235171
v -0.273038 0.318693 0.235465
v -0.265821 0.324192 0.235745
v -0.259817 0.330995 0.236002
v -0.255254 0.338841 0.236222
v -0.252312 0.347423 0.236402
v -0.251099 0.356413 0.236532
v -0.251665 0.365470 0.236607
v -0.253985 0.374249 0.236626
v -0.257973 0.382403 0.236586
v -0.263475 0.389617 0.236489
v -0.270279 0.395633 0.236339
v -0.278124 0.400193 0.236142
v -0.286710 0.403140 0.235906
v -0.295705 0.404360 0.235638
v -0.299645 0.373762 0.227401
v -0.302637 0.372973 0.227300
v -0.305419 0.371611 0.227200
v -0.307880 0.369741 0.227105
v -0.309929 0.367416 0.227018
v -0.311486 0.364742 0.226941
v -0.312490 0.361815 0.226880
v -0.312904 0.358748 0.226836
v -0.312711 0.355654 0.226811
v -0.311919 0.352667 0.226805
v -0.310558 0.349878 0.226819
v -0.308681 0.347421 0.226851
v -0.306360 0.345369 0.226903
v -0.303684 0.343814 0.226971
v -0.300755 0.342813 0.227050
v -0.297688 0.342393 0.227143
v -0.294597 0.342586 0.227238
v -0.291604 0.343375 0.227341
v -0.288824 0.344740 0.227440
v -0.286362 0.346608 0.227537
v -0.284313 0.348933 0.227624
v -0.282757 0.351610 0.227699
v -0.281753 0.354538 0.227761
v -0.281339 0.357601 0.227804
v -0.281532 0.360690 0.227830
v -0.282324 0.363683 0.227836
v -0.283684 0.366468 0.227823
v -0.285561 0.368932 0.227790
v -0.287882 0.370980 0.227739
v -0.290558 0.372539 0.227670
v -0.293487 0.373540 0.227590
v -0.296555 0.373953 0.227500
v -0.297091 0.358186 0.226334
v -0.379041 0.442384 0.311443
v -0.416126 0.361491 0.309466
v -0.414699 0.338746 0.309281
v -0.408840 0.316714 0.309246
v -0.384938 0.278149 0.309615
v -0.367847 0.263079 0.309989
v -0.348145 0.251633 0.310474
v -0.205297 0.289299 0.315236
v -0.186205 0.330494 0.316257
v -0.183149 0.353032 0.316580
v -0.190583 0.397726 0.316806
v -0.200761 0.418182 0.316700
v -0.214736 0.436305 0.316453
v -0.273139 0.470267 0.314997
vt 0.500000 0.500000
vt 0.494704 0.525502
vt 0.489636 0.524022
vt 0.484965 0.521620
vt 0.480870 0.518389
vt 0.477506 0.514451
vt 0.475005 0.509956
vt 0.473463 0.505076
vt 0.472940 0.500000
vt 0.473463 0.494924
vt 0.475005 0.490044
vt 0.477506 0.485549
vt 0.480870 0.481611
vt 0.484965 0.478379
vt 0.489636 0.475978
vt 0.494704 0.474498
vt 0.500000 0.473998
vt 0.505246 0.474498
vt 0.510316 0.475976
vt 0.514991 0.478377
vt 0.519091 0.481607
vt 0.522458 0.485546
vt 0.524965 0.490041
vt 0.526510 0.494922
vt 0.527036 0.500000
vt 0.526511 0.505078
vt 0.524965 0.509959
vt 0.522459 0.514454
vt 0.519091 0.518393
vt 0.514991 0.521623
vt 0.510316 0.524024
vt 0.505246 0.525502
vt 0.500000 0.526002
vt 0.468236 0.658410
vt 0.437560 0.649220
vt 0.449309 0.620478
vt 0.474277 0.627900
vt 0.409288 0.634297
vt 0.426302 0.608425
vt 0.384505 0.614214
vt 0.406139 0.592206
vt 0.364167 0.589738
vt 0.389594 0.572443
vt 0.349052 0.561814
vt 0.377303 0.549898
vt 0.339743 0.531513
vt 0.369734 0.525437
vt 0.336602 0.500000
vt 0.367179 0.500000
vt 0.339743 0.468487
vt 0.369734 0.474562
vt 0.349052 0.438186
vt 0.377303 0.450102
vt 0.364167 0.410262
vt 0.389594 0.427557
vt 0.384504 0.385786
vt 0.406139 0.407794
vt 0.409288 0.365703
vt 0.426301 0.391574
vt 0.437560 0.350780
vt 0.449309 0.379522
vt 0.468236 0.341590
vt 0.474277 0.372100
vt 0.500000 0.338487
vt 0.500000 0.369595
vt 0.532041 0.341590
vt 0.526216 0.372103
vt 0.562718 0.350780
vt 0.551189 0.379527
vt 0.590993 0.365703
vt 0.574205 0.391582
vt 0.615778 0.385787
vt 0.594377 0.407803
vt 0.636134 0.410263
vt 0.610929 0.427565
vt 0.651294 0.438187
vt 0.623228 0.450108
vt 0.660642 0.468488
vt 0.630806 0.474566
vt 0.663800 0.500000
vt 0.633366 0.500000
vt 0.660641 0.531512
vt 0.630806 0.525434
vt 0.651294 0.561812
vt 0.623228 0.549892
vt 0.636134 0.589737
vt 0.610929 0.572435
vt 0.615778 0.614213
vt 0.594377 0.592197
vt 0.590993 0.634297
vt 0.574205 0.608418
vt 0.562718 0.649220
vt 0.551189 0.620472
vt 0.532041 0.658410
vt 0.526216 0.627897
vt 0.500000 0.661513
vt 0.500000 0.630405
vt 0.446186 0.770098
vt 0.394473 0.754427
vt 0.407347 0.723497
vt 0.452784 0.737147
vt 0.346906 0.729079
vt 0.365533 0.701170
vt 0.305074 0.694874
vt 0.328874 0.671062
vt 0.270652 0.653186
vt 0.298634 0.634491
vt 0.245095 0.605651
vt 0.276179 0.592697
vt 0.229264 0.553878
vt 0.262427 0.547224
vt 0.224046 0.500000
vt 0.257748 0.500000
vt 0.229257 0.446120
vt 0.262427 0.452776
vt 0.245095 0.394349
vt 0.276179 0.407303
vt 0.270652 0.346814
vt 0.298634 0.365509
vt 0.305073 0.305126
vt 0.328874 0.328938
vt 0.346906 0.270921
vt 0.365534 0.298829
vt 0.394473 0.245573
vt 0.407347 0.276503
vt 0.446187 0.229907
vt 0.452785 0.262854
vt 0.500000 0.224702
vt 0.500000 0.258177
vt 0.553727 0.229818
vt 0.547097 0.262807
vt 0.605318 0.245437
vt 0.592555 0.276432
vt 0.653084 0.270779
vt 0.634394 0.298747
vt 0.694964 0.304984
vt 0.671080 0.328856
vt 0.729430 0.346689
vt 0.701348 0.365436
vt 0.755026 0.394255
vt 0.723825 0.407248
vt 0.770889 0.446070
vt 0.737593 0.452747
vt 0.776107 0.500000
vt 0.742277 0.500000
vt 0.770889 0.553930
vt 0.737593 0.547253
vt 0.755026 0.605745
vt 0.723825 0.592752
vt 0.729431 0.653311
vt 0.701348 0.634564
vt 0.694964 0.695016
vt 0.671080 0.671144
vt 0.653084 0.729221
vt 0.634394 0.701253
vt 0.605318 0.754563
vt 0.592555 0.723568
vt 0.553726 0.770179
vt 0.547097 0.737193
vt 0.500000 0.775298
vt 0.500000 0.741823
vt 0.434632 0.828586
vt 0.371701 0.809591
vt 0.384382 0.779197
vt 0.441005 0.796266
vt 0.313680 0.778786
vt 0.331977 0.751386
vt 0.262784 0.737189
vt 0.286045 0.713917
vt 0.220941 0.686456
vt 0.248322 0.668155
vt 0.189887 0.628476
vt 0.220240 0.615798
vt 0.170719 0.565473
vt 0.203000 0.559096
vt 0.164268 0.500000
vt 0.197123 0.500000
vt 0.170707 0.434524
vt 0.202989 0.440901
vt 0.189885 0.371523
vt 0.220240 0.384202
vt 0.220943 0.313545
vt 0.248322 0.331845
vt 0.262784 0.262811
vt 0.286045 0.286082
vt 0.313679 0.221211
vt 0.331977 0.248614
vt 0.371699 0.190404
vt 0.384380 0.220798
vt 0.434634 0.171423
vt 0.441006 0.203742
vt 0.500000 0.164987
vt 0.500000 0.197879
vt 0.565334 0.171310
vt 0.558941 0.203630
vt 0.628306 0.190259
vt 0.615608 0.220646
vt 0.686378 0.221045
vt 0.668063 0.248440
vt 0.737329 0.262643
vt 0.714052 0.285909
vt 0.779224 0.313397
vt 0.751830 0.331693
vt 0.810326 0.371412
vt 0.779959 0.384088
vt 0.829529 0.434466
vt 0.797239 0.440841
vt 0.835981 0.500000
vt 0.803114 0.500000
vt 0.829534 0.565534
vt 0.797239 0.559159
vt 0.810326 0.628587
vt 0.779959 0.615912
vt 0.779224 0.686603
vt 0.751830 0.668307
vt 0.737329 0.737357
vt 0.714052 0.714091
vt 0.686379 0.778957
vt 0.668063 0.751560
vt 0.628306 0.809741
vt 0.615608 0.779354
vt 0.565334 0.828688
vt 0.558940 0.796368
vt 0.500000 0.835018
vt 0.500000 0.802121
vt 0.350162 0.861663
vt 0.360451 0.836941
vt 0.428826 0.857620
vt 0.423661 0.883864
vt 0.282461 0.825526
vt 0.297282 0.803342
vt 0.223139 0.776855
vt 0.241849 0.757991
vt 0.174408 0.717574
vt 0.196456 0.702822
vt 0.138205 0.649884
vt 0.162670 0.639686
vt 0.115844 0.576365
vt 0.141860 0.571256
vt 0.108345 0.500000
vt 0.134853 0.500000
vt 0.115842 0.423635
vt 0.141852 0.428742
vt 0.138204 0.350115
vt 0.162666 0.360313
vt 0.174407 0.282425
vt 0.196458 0.297179
vt 0.223138 0.223144
vt 0.241849 0.242008
vt 0.282461 0.174474
vt 0.297280 0.196655
vt 0.350162 0.138335
vt 0.360449 0.163055
vt 0.423661 0.116135
vt 0.428826 0.142381
vt 0.500000 0.108527
vt 0.500000 0.135390
vt 0.576333 0.116109
vt 0.571155 0.142297
vt 0.649843 0.138297
vt 0.639560 0.162944
vt 0.717557 0.174430
vt 0.702766 0.196531
vt 0.776895 0.223099
vt 0.758143 0.241839
vt 0.825641 0.282385
vt 0.803673 0.297066
vt 0.861857 0.350085
vt 0.837497 0.360230
vt 0.884113 0.423616
vt 0.858334 0.428698
vt 0.891726 0.500000
vt 0.865340 0.500000
vt 0.884114 0.576384
vt 0.858335 0.571302
vt 0.861857 0.649914
vt 0.837500 0.639770
vt 0.825641 0.717615
vt 0.803673 0.702933
vt 0.776895 0.776900
vt 0.758142 0.758161
vt 0.717557 0.825569
vt 0.702768 0.803472
vt 0.649843 0.861703
vt 0.639559 0.837052
vt 0.576333 0.883891
vt 0.571155 0.857704
vt 0.500000 0.891476
vt 0.500000 0.864616
vt 0.341931 0.881504
vt 0.419434 0.905050
vt 0.270560 0.843366
vt 0.208018 0.791984
vt 0.156636 0.729442
vt 0.118498 0.658071
vt 0.094953 0.580568
vt 0.086982 0.500000
vt 0.094953 0.419431
vt 0.118498 0.341929
vt 0.156636 0.270558
vt 0.208018 0.208016
vt 0.270560 0.156633
vt 0.341931 0.118495
vt 0.419434 0.094950
vt 0.500000 0.086979
vt 0.580571 0.094950
vt 0.658074 0.118495
vt 0.729445 0.156633
vt 0.791987 0.208016
vt 0.843369 0.270558
vt 0.881507 0.341929
vt 0.905053 0.419431
vt 0.912901 0.500000
vt 0.905053 0.580568
vt 0.881507 0.658071
vt 0.843369 0.729442
vt 0.791987 0.791984
vt 0.729445 0.843366
vt 0.658074 0.881504
vt 0.580571 0.905050
vt 0.500000 0.913021
vt 0.332403 0.904658
vt 0.414609 0.929528
vt 0.256691 0.864106
vt 0.190289 0.809711
vt 0.135771 0.743309
vt 0.095342 0.667597
vt 0.070472 0.585391
vt 0.062019 0.500000
vt 0.070472 0.414609
vt 0.095342 0.332403
vt 0.135894 0.256691
vt 0.190289 0.190289
vt 0.256691 0.135893
vt 0.332403 0.095342
vt 0.414609 0.070472
vt 0.500000 0.062019
vt 0.585391 0.070472
vt 0.667597 0.095342
vt 0.743309 0.135893
vt 0.809711 0.190289
vt 0.864106 0.256691
vt 0.904658 0.332403
vt 0.929528 0.414609
vt 0.937981 0.500000
vt 0.929528 0.585391
vt 0.904658 0.667597
vt 0.864106 0.743309
vt 0.809711 0.809711
vt 0.743309 0.864106
vt 0.667597 0.904658
vt 0.585391 0.929528
vt 0.500000 0.937981
vt 0.322210 0.929244
vt 0.409384 0.955625
vt 0.241918 0.886294
vt 0.171567 0.828433
vt 0.113706 0.758081
vt 0.070756 0.677790
vt 0.044374 0.590616
vt 0.035453 0.500000
vt 0.044374 0.409384
vt 0.070756 0.322210
vt 0.113706 0.241918
vt 0.171567 0.171567
vt 0.241918 0.113706
vt 0.322210 0.070756
vt 0.409384 0.044374
vt 0.500000 0.035453
vt 0.590616 0.044374
vt 0.677790 0.070756
vt 0.758081 0.113706
vt 0.828433 0.171567
vt 0.886294 0.241918
vt 0.929116 0.322210
vt 0.955625 0.409384
vt 0.964546 0.500000
vt 0.955625 0.590616
vt 0.929116 0.677790
vt 0.886294 0.758081
vt 0.828433 0.828433
vt 0.758081 0.886294
vt 0.677790 0.929244
vt 0.590616 0.955625
vt 0.500000 0.964546
vt 0.479059 0.603654
vt 0.458706 0.597635
vt 0.468591 0.573830
vt 0.484060 0.578385
vt 0.439954 0.587863
vt 0.454340 0.566438
vt 0.423525 0.574713
vt 0.441855 0.556494
vt 0.410048 0.558696
vt 0.431614 0.544382
vt 0.400037 0.540426
vt 0.424006 0.530568
vt 0.393874 0.520608
vt 0.419322 0.515583
vt 0.391795 0.500000
vt 0.417739 0.500000
vt 0.393873 0.479392
vt 0.419321 0.484417
vt 0.400037 0.459573
vt 0.424006 0.469432
vt 0.410048 0.441304
vt 0.431614 0.455618
vt 0.423525 0.425286
vt 0.441855 0.443506
vt 0.439954 0.412137
vt 0.454340 0.433562
vt 0.458706 0.402364
vt 0.468591 0.426170
vt 0.479059 0.396345
vt 0.484060 0.421614
vt 0.500000 0.394314
vt 0.500000 0.420078
vt 0.521407 0.396349
vt 0.516249 0.421618
vt 0.541768 0.402371
vt 0.531727 0.426174
vt 0.560531 0.412147
vt 0.545990 0.433566
vt 0.576971 0.425298
vt 0.558486 0.443511
vt 0.590460 0.441315
vt 0.568742 0.455622
vt 0.600480 0.459581
vt 0.576361 0.469434
vt 0.606651 0.479396
vt 0.581057 0.484418
vt 0.608734 0.500000
vt 0.582645 0.500000
vt 0.606651 0.520604
vt 0.581057 0.515582
vt 0.600480 0.540419
vt 0.576361 0.530566
vt 0.590459 0.558685
vt 0.568742 0.544378
vt 0.576971 0.574702
vt 0.558486 0.556490
vt 0.560531 0.587854
vt 0.545990 0.566435
vt 0.541769 0.597629
vt 0.531728 0.573827
vt 0.521406 0.603651
vt 0.516249 0.578382
vt 0.500000 0.605685
vt 0.500000 0.579921
vt 0.477471 0.552681
vt 0.488549 0.555930
vt 0.467265 0.547408
vt 0.458319 0.540315
vt 0.450980 0.531674
vt 0.445527 0.521818
vt 0.442167 0.511123
vt 0.441030 0.500000
vt 0.442167 0.488877
vt 0.445527 0.478182
vt 0.450980 0.468326
vt 0.458319 0.459685
vt 0.467265 0.452592
vt 0.477471 0.447319
vt 0.488548 0.444069
vt 0.500000 0.442973
vt 0.511600 0.444071
vt 0.522684 0.447319
vt 0.532901 0.452591
vt 0.541854 0.459683
vt 0.549205 0.468323
vt 0.554671 0.478180
vt 0.558040 0.488875
vt 0.559182 0.500000
vt 0.558040 0.511125
vt 0.554671 0.521820
vt 0.549205 0.531677
vt 0.541855 0.540317
vt 0.532901 0.547410
vt 0.522684 0.552681
vt 0.511600 0.555929
vt 0.500000 0.557026
vt 0.457475 0.712795
vt 0.416839 0.700454
vt 0.426922 0.675333
vt 0.462714 0.686134
vt 0.379297 0.680455
vt 0.393936 0.657794
vt 0.346441 0.653466
vt 0.365026 0.634190
vt 0.319442 0.620606
vt 0.341301 0.605431
vt 0.299429 0.583042
vt 0.323673 0.572621
vt 0.287071 0.542371
vt 0.312817 0.537021
vt 0.282871 0.500000
vt 0.309152 0.500000
vt 0.287071 0.457629
vt 0.312817 0.462979
vt 0.299429 0.416958
vt 0.323673 0.427379
vt 0.319441 0.379394
vt 0.341301 0.394569
vt 0.346441 0.346534
vt 0.365026 0.365810
vt 0.379297 0.319545
vt 0.393936 0.342205
vt 0.416839 0.299546
vt 0.426922 0.324667
vt 0.457475 0.287206
vt 0.462714 0.313866
vt 0.500000 0.283007
vt 0.500000 0.310219
vt 0.542126 0.287202
vt 0.537158 0.313868
vt 0.582763 0.299541
vt 0.572947 0.324672
vt 0.620309 0.319536
vt 0.605929 0.342211
vt 0.653196 0.346524
vt 0.634843 0.365816
vt 0.680279 0.379379
vt 0.658644 0.394569
vt 0.700390 0.416945
vt 0.676380 0.427379
vt 0.712824 0.457621
vt 0.687320 0.462979
vt 0.717051 0.500000
vt 0.691014 0.500000
vt 0.712824 0.542378
vt 0.687320 0.537021
vt 0.700390 0.583054
vt 0.676380 0.572620
vt 0.680279 0.620621
vt 0.658644 0.605430
vt 0.653196 0.653476
vt 0.634843 0.634184
vt 0.620309 0.680463
vt 0.605929 0.657789
vt 0.582763 0.700459
vt 0.572947 0.675328
vt 0.542127 0.712798
vt 0.537158 0.686131
vt 0.500000 0.716993
vt 0.500000 0.689780
vt 0.312317 0.953157
vt 0.404375 0.981008
vt 0.227530 0.907745
vt 0.153170 0.846831
vt 0.092118 0.772470
vt 0.046843 0.687683
vt 0.018992 0.595625
vt 0.009526 0.500000
vt 0.018992 0.404375
vt 0.046843 0.312317
vt 0.092254 0.227530
vt 0.153170 0.153170
vt 0.227530 0.092256
vt 0.312317 0.046843
vt 0.404375 0.018992
vt 0.500000 0.009526
vt 0.595625 0.018992
vt 0.687683 0.046843
vt 0.772470 0.092256
vt 0.846831 0.153170
vt 0.907745 0.227530
vt 0.953157 0.312317
vt 0.981008 0.404375
vt 0.990474 0.500000
vt 0.981008 0.595625
vt 0.953157 0.687683
vt 0.907745 0.772470
vt 0.846831 0.846831
vt 0.772470 0.907745
vt 0.687683 0.953157
vt 0.595625 0.981008
vt 0.500000 0.990474
vt 0.116159 0.976018
vt 0.118759 0.982469
vt 0.104356 0.986832
vt 0.103065 0.979999
vt 0.128225 0.969560
vt 0.132034 0.975380
vt 0.138800 0.960871
vt 0.143671 0.965837
vt 0.147477 0.950287
vt 0.153223 0.954207
vt 0.153921 0.938214
vt 0.160321 0.940937
vt 0.157887 0.925116
vt 0.164695 0.926537
vt 0.159221 0.911494
vt 0.166176 0.911561
vt 0.157873 0.897876
vt 0.164706 0.896583
vt 0.153891 0.884781
vt 0.160342 0.882180
vt 0.147434 0.872715
vt 0.153253 0.868905
vt 0.138746 0.862140
vt 0.143710 0.857268
vt 0.128161 0.853463
vt 0.132080 0.847717
vt 0.116088 0.847017
vt 0.118810 0.840618
vt 0.102989 0.843051
vt 0.104411 0.836244
vt 0.089368 0.841719
vt 0.089434 0.834764
vt 0.075749 0.843067
vt 0.074456 0.836233
vt 0.062654 0.847047
vt 0.060054 0.840597
vt 0.050588 0.853505
vt 0.046779 0.847687
vt 0.040013 0.862194
vt 0.035143 0.857230
vt 0.031336 0.872778
vt 0.025590 0.868860
vt 0.024892 0.884851
vt 0.018492 0.882129
vt 0.020926 0.897951
vt 0.014118 0.896529
vt 0.019592 0.911571
vt 0.012637 0.911506
vt 0.020941 0.925191
vt 0.014107 0.926482
vt 0.024922 0.938285
vt 0.018471 0.940885
vt 0.031379 0.950351
vt 0.025561 0.954161
vt 0.040067 0.960927
vt 0.035103 0.965798
vt 0.050651 0.969602
vt 0.046733 0.975349
vt 0.062724 0.976048
vt 0.060003 0.982447
vt 0.075824 0.980014
vt 0.074402 0.986821
vt 0.089444 0.981347
vt 0.089380 0.988301
vt 0.113164 0.968594
vt 0.101575 0.972133
vt 0.123839 0.962863
vt 0.133192 0.955160
vt 0.140862 0.945780
vt 0.146554 0.935083
vt 0.150051 0.923482
vt 0.151215 0.911421
vt 0.150006 0.899364
vt 0.146468 0.887776
vt 0.140736 0.877100
vt 0.133034 0.867747
vt 0.123653 0.860077
vt 0.112957 0.854384
vt 0.101355 0.850889
vt 0.089294 0.849723
vt 0.077238 0.850933
vt 0.065649 0.854472
vt 0.054973 0.860202
vt 0.045621 0.867907
vt 0.037951 0.877287
vt 0.032259 0.887983
vt 0.028763 0.899586
vt 0.027597 0.911645
vt 0.028807 0.923702
vt 0.032345 0.935290
vt 0.038076 0.945965
vt 0.045781 0.955319
vt 0.055161 0.962988
vt 0.065857 0.968681
vt 0.077459 0.972176
vt 0.089519 0.973342
vt 0.109881 0.960557
vt 0.099924 0.963609
vt 0.119052 0.955620
vt 0.127082 0.948990
vt 0.133666 0.940921
vt 0.138549 0.931721
vt 0.141543 0.921745
vt 0.142533 0.911377
vt 0.141482 0.901017
vt 0.138430 0.891059
vt 0.133494 0.881889
vt 0.126863 0.873857
vt 0.118794 0.867272
vt 0.109595 0.862391
vt 0.099619 0.859396
vt 0.089251 0.858406
vt 0.078891 0.859457
vt 0.068934 0.862509
vt 0.059763 0.867445
vt 0.051730 0.874075
vt 0.045147 0.882146
vt 0.040264 0.891346
vt 0.037269 0.901320
vt 0.036280 0.911689
vt 0.037331 0.922049
vt 0.040383 0.932008
vt 0.045319 0.941179
vt 0.051949 0.949208
vt 0.060019 0.955793
vt 0.069220 0.960676
vt 0.079194 0.963669
vt 0.089561 0.964659
vt 0.106637 0.952646
vt 0.098285 0.955220
vt 0.114327 0.948495
vt 0.121059 0.942923
vt 0.126576 0.936146
vt 0.130663 0.928420
vt 0.133164 0.920048
vt 0.133985 0.911348
vt 0.133093 0.902655
vt 0.130520 0.894302
vt 0.126369 0.886612
vt 0.120796 0.879879
vt 0.114021 0.874365
vt 0.106295 0.870278
vt 0.097923 0.867774
vt 0.089222 0.866952
vt 0.080528 0.867847
vt 0.072175 0.870419
vt 0.064485 0.874570
vt 0.057753 0.880141
vt 0.052238 0.886921
vt 0.048151 0.894644
vt 0.045649 0.903018
vt 0.044827 0.911717
vt 0.045721 0.920410
vt 0.048291 0.928762
vt 0.052443 0.936454
vt 0.058016 0.943186
vt 0.064793 0.948702
vt 0.072517 0.952790
vt 0.080891 0.955291
vt 0.089592 0.956112
vt 0.100176 0.937177
vt 0.094966 0.938783
vt 0.104971 0.934584
vt 0.109169 0.931103
vt 0.112607 0.926872
vt 0.115153 0.922051
vt 0.116711 0.916826
vt 0.117219 0.911398
vt 0.116658 0.905974
vt 0.115052 0.900764
vt 0.112457 0.895967
vt 0.108977 0.891771
vt 0.104745 0.888332
vt 0.099924 0.885785
vt 0.094701 0.884227
vt 0.089272 0.883721
vt 0.083849 0.884282
vt 0.078639 0.885890
vt 0.073842 0.888484
vt 0.069646 0.891962
vt 0.066207 0.896195
vt 0.063660 0.901014
vt 0.062102 0.906241
vt 0.061594 0.911668
vt 0.062155 0.917093
vt 0.063765 0.922301
vt 0.066357 0.927097
vt 0.069837 0.931296
vt 0.074068 0.934734
vt 0.078889 0.937280
vt 0.084114 0.938838
vt 0.089542 0.939345
vt 0.093081 0.920271
vt 0.091305 0.920822
vt 0.094716 0.919388
vt 0.096145 0.918202
vt 0.097317 0.916760
vt 0.098183 0.915116
vt 0.098714 0.913335
vt 0.098887 0.911483
vt 0.098695 0.909635
vt 0.098146 0.907859
vt 0.097262 0.906224
vt 0.096075 0.904795
vt 0.094633 0.903622
vt 0.092989 0.902755
vt 0.091208 0.902225
vt 0.089358 0.902053
vt 0.087508 0.902243
vt 0.085732 0.902794
vt 0.084097 0.903678
vt 0.082668 0.904863
vt 0.081496 0.906308
vt 0.080629 0.907949
vt 0.080099 0.909732
vt 0.079926 0.911582
vt 0.080118 0.913432
vt 0.080667 0.915206
vt 0.081551 0.916841
vt 0.082738 0.918272
vt 0.084182 0.919443
vt 0.085824 0.920310
vt 0.087606 0.920841
vt 0.089455 0.921013
vt 0.089407 0.911534
vn -0.017939 -0.010980 0.999779
vn -0.095034 0.540511 0.835952
vn -0.198413 0.516086 0.833239
vn -0.296957 0.471801 0.830193
vn -0.387150 0.408114 0.826776
vn -0.464743 0.326652 0.822990
vn -0.525017 0.230940 0.819161
vn -0.565301 0.124626 0.815416
vn -0.583144 0.012595 0.812271
vn -0.577539 -0.099555 0.810270
vn -0.548979 -0.206264 0.809986
vn -0.499296 -0.303789 0.811428
vn -0.430875 -0.389236 0.814151
vn -0.347561 -0.459330 0.817446
vn -0.254302 -0.510731 0.821270
vn -0.153644 -0.543956 0.824927
vn -0.048870 -0.557992 0.828406
vn 0.057935 -0.553370 0.830918
vn 0.160730 -0.528583 0.833526
vn 0.257805 -0.483321 0.836623
vn 0.346948 -0.419461 0.838856
vn 0.422247 -0.339756 0.840401
vn 0.480574 -0.246178 0.841692
vn 0.519650 -0.141721 0.842543
vn 0.537037 -0.031258 0.842979
vn 0.531764 0.079859 0.843119
vn 0.504172 0.186452 0.843236
vn 0.455814 0.284507 0.843380
vn 0.389049 0.370436 0.843456
vn 0.307501 0.441196 0.843083
vn 0.215130 0.494437 0.842170
vn 0.114934 0.529273 0.840631
vn 0.010390 0.544802 0.838500
vn -0.118821 0.659695 0.742081
vn -0.246797 0.629010 0.737183
vn -0.368272 0.573600 0.731682
vn -0.478404 0.494240 0.725849
vn -0.571626 0.393408 0.720051
vn -0.643137 0.275488 0.714480
vn -0.689459 0.146485 0.709357
vn -0.708288 0.013828 0.705788
vn -0.699848 -0.115818 0.704839
vn -0.666232 -0.238906 0.706441
vn -0.609144 -0.353269 0.710032
vn -0.529145 -0.456924 0.715000
vn -0.428073 -0.546119 0.720075
vn -0.311744 -0.614565 0.724656
vn -0.185510 -0.659357 0.728584
vn -0.053745 -0.679214 0.731970
vn 0.079099 -0.673633 0.734821
vn 0.208961 -0.642745 0.737030
vn 0.330769 -0.587101 0.738853
vn 0.438526 -0.508747 0.740858
vn 0.528514 -0.410383 0.743141
vn 0.597866 -0.294746 0.745440
vn 0.643158 -0.166481 0.747416
vn 0.661912 -0.032593 0.748873
vn 0.653717 0.100635 0.750017
vn 0.619568 0.228322 0.751003
vn 0.561309 0.346390 0.751629
vn 0.481281 0.450657 0.751849
vn 0.382202 0.537430 0.751725
vn 0.267610 0.603591 0.751041
vn 0.142202 0.646928 0.749175
vn 0.011797 0.665729 0.746101
vn -0.139618 0.808341 0.571920
vn -0.295698 0.769097 0.566614
vn -0.442134 0.699825 0.561037
vn -0.572983 0.602318 0.555791
vn -0.682398 0.479709 0.551554
vn -0.765368 0.336861 0.548394
vn -0.817518 0.181857 0.546436
vn -0.837631 0.023659 0.545724
vn -0.827463 -0.132115 0.545757
vn -0.788736 -0.281923 0.546274
vn -0.722350 -0.423084 0.547001
vn -0.628214 -0.552784 0.547520
vn -0.508140 -0.664336 0.548134
vn -0.368044 -0.750069 0.549490
vn -0.214780 -0.805866 0.551770
vn -0.054115 -0.830244 0.554767
vn 0.108503 -0.822578 0.558204
vn 0.266539 -0.783134 0.561834
vn 0.412607 -0.713635 0.566110
vn 0.540891 -0.617373 0.571216
vn 0.648587 -0.497046 0.576437
vn 0.731636 -0.356193 0.581235
vn 0.785459 -0.200687 0.585473
vn 0.807377 -0.038377 0.588787
vn 0.797321 0.123505 0.590783
vn 0.756504 0.279580 0.591216
vn 0.686658 0.424050 0.590493
vn 0.590670 0.551462 0.589066
vn 0.471758 0.658020 0.586902
vn 0.333092 0.740081 0.584234
vn 0.180170 0.793843 0.580820
vn 0.020719 0.816676 0.576724
vn -0.191001 0.934076 0.301695
vn -0.369875 0.880662 0.296019
vn -0.535294 0.793130 0.290526
vn -0.680524 0.674784 0.285577
vn -0.799905 0.529686 0.282106
vn -0.888365 0.363249 0.280817
vn -0.942000 0.183202 0.281200
vn -0.959545 -0.002393 0.281546
vn -0.941568 -0.186480 0.280491
vn -0.889342 -0.363052 0.277963
vn -0.803987 -0.527234 0.275009
vn -0.686964 -0.673351 0.273274
vn -0.542252 -0.794441 0.273544
vn -0.376778 -0.884360 0.275582
vn -0.197905 -0.939608 0.279231
vn -0.011822 -0.958783 0.283895
vn 0.174255 -0.941193 0.289466
vn 0.353025 -0.887658 0.295696
vn 0.516910 -0.800992 0.302019
vn 0.660525 -0.684565 0.308347
vn 0.779950 -0.540983 0.314667
vn 0.869798 -0.375043 0.320615
vn 0.925445 -0.193336 0.325842
vn 0.944169 -0.003767 0.329439
vn 0.925409 0.184978 0.330759
vn 0.870648 0.364669 0.330135
vn 0.782641 0.528975 0.328113
vn 0.665074 0.672437 0.324816
vn 0.522658 0.789965 0.320599
vn 0.359066 0.878127 0.316170
vn 0.180351 0.932859 0.311845
vn -0.005317 0.951693 0.307004
vn -0.162152 0.971264 0.174221
vn -0.348695 0.922049 0.168042
vn -0.522161 0.837406 0.161556
vn -0.675866 0.720424 0.155545
vn -0.803607 0.575801 0.150562
vn -0.900820 0.408414 0.147384
vn -0.963430 0.224651 0.146061
vn -0.988802 0.031975 0.145771
vn -0.976190 -0.161248 0.145095
vn -0.926704 -0.347186 0.143814
vn -0.842444 -0.519635 0.142367
vn -0.725860 -0.673108 0.141609
vn -0.580813 -0.801439 0.142658
vn -0.413237 -0.898849 0.145965
vn -0.230687 -0.961322 0.150476
vn -0.039766 -0.986970 0.155912
vn 0.152472 -0.974923 0.162103
vn 0.338591 -0.925747 0.168369
vn 0.510705 -0.841833 0.174635
vn 0.662643 -0.726770 0.180860
vn 0.790399 -0.583386 0.186897
vn 0.888868 -0.415764 0.192492
vn 0.952931 -0.230479 0.196982
vn 0.979109 -0.035161 0.200271
vn 0.966051 0.160985 0.202061
vn 0.915056 0.348936 0.202276
vn 0.829164 0.521646 0.200928
vn 0.712024 0.673539 0.198412
vn 0.568530 0.799225 0.194969
vn 0.403189 0.895057 0.190557
vn 0.221063 0.957438 0.185592
vn 0.030041 0.983184 0.180131
vn -0.159009 0.987038 0.021713
vn -0.348392 0.937229 0.014983
vn -0.524471 0.851389 0.008150
vn -0.680294 0.732938 0.001577
vn -0.809670 0.586872 -0.004040
vn -0.908521 0.417759 -0.008168
vn -0.972651 0.231996 -0.011344
vn -0.999258 0.036244 -0.013040
vn -0.986866 -0.160941 -0.013900
vn -0.936349 -0.350780 -0.014298
vn -0.850197 -0.526267 -0.014404
vn -0.731493 -0.681714 -0.013547
vn -0.584670 -0.811194 -0.011160
vn -0.415239 -0.909686 -0.006915
vn -0.230213 -0.973139 -0.001535
vn -0.036593 -0.999320 0.004450
vn 0.158215 -0.987347 0.010674
vn 0.347217 -0.937626 0.017243
vn 0.521755 -0.852774 0.023405
vn 0.676023 -0.736290 0.029496
vn 0.805797 -0.591153 0.035067
vn 0.906037 -0.421291 0.040131
vn 0.971395 -0.233313 0.044228
vn 0.998262 -0.035225 0.047252
vn 0.985256 0.163879 0.049130
vn 0.933632 0.354786 0.049578
vn 0.846452 0.530244 0.048576
vn 0.727708 0.684312 0.046459
vn 0.582174 0.811887 0.043740
vn 0.414233 0.909306 0.039662
vn 0.229827 0.972633 0.034117
vn 0.035938 0.998951 0.028369
vn -0.153104 0.981386 -0.115930
vn -0.340965 0.932006 -0.122914
vn -0.515842 0.846807 -0.129709
vn -0.670538 0.729268 -0.136191
vn -0.798863 0.584347 -0.142678
vn -0.896725 0.416923 -0.148524
vn -0.960460 0.232699 -0.152867
vn -0.987041 0.038728 -0.155723
vn -0.975030 -0.157098 -0.156962
vn -0.925030 -0.346045 -0.156756
vn -0.839445 -0.520672 -0.155670
vn -0.721775 -0.674899 -0.153466
vn -0.576345 -0.803352 -0.149840
vn -0.408582 -0.901105 -0.145157
vn -0.225039 -0.964307 -0.139531
vn -0.032883 -0.990558 -0.133093
vn 0.160799 -0.978845 -0.126514
vn 0.348413 -0.929574 -0.120415
vn 0.521860 -0.845289 -0.114669
vn 0.674855 -0.729781 -0.109496
vn 0.803715 -0.585751 -0.104583
vn 0.903200 -0.417374 -0.100143
vn 0.968211 -0.230856 -0.096300
vn 0.995040 -0.034442 -0.093322
vn 0.982375 0.163169 -0.091183
vn 0.931290 0.352888 -0.090386
vn 0.844877 0.527146 -0.091098
vn 0.727334 0.679971 -0.092872
vn 0.583322 0.806628 -0.095323
vn 0.416373 0.903830 -0.098616
vn 0.233012 0.966936 -0.103633
vn 0.040805 0.993139 -0.109591
vn -0.144332 0.958757 -0.244855
vn -0.327798 0.910713 -0.251296
vn -0.498434 0.827715 -0.257782
vn -0.775104 0.571329 -0.269809
vn -0.870374 0.407869 -0.275848
vn -0.932116 0.228437 -0.281029
vn -0.814561 -0.505594 -0.284367
vn -0.216157 -0.938973 -0.267592
vn -0.028837 -0.964751 -0.261581
vn 0.160436 -0.953493 -0.255170
vn 0.343762 -0.905431 -0.249042
vn 0.513188 -0.823025 -0.243448
vn 0.662240 -0.710194 -0.238876
vn 0.884219 -0.405895 -0.231096
vn 0.961791 0.159481 -0.222539
vn 0.574067 0.787304 -0.224941
vn 0.411577 0.882226 -0.228651
vn 0.044938 0.970050 -0.238713
vn -0.066549 0.390601 0.918152
vn -0.136697 0.368472 0.919534
vn -0.206156 0.337272 0.918557
vn -0.269357 0.292343 0.917596
vn -0.323718 0.235265 0.916437
vn -0.366526 0.168283 0.915062
vn -0.395613 0.093822 0.913612
vn -0.409690 0.014734 0.912106
vn -0.407912 -0.065139 0.910695
vn -0.390413 -0.142351 0.909568
vn -0.358202 -0.213263 0.908961
vn -0.312826 -0.276072 0.908804
vn -0.256792 -0.328149 0.909052
vn -0.192431 -0.367895 0.909738
vn -0.121995 -0.393993 0.910981
vn -0.048061 -0.405652 0.912763
vn 0.027058 -0.402897 0.914845
vn 0.100321 -0.385536 0.917223
vn 0.169596 -0.354065 0.919715
vn 0.232255 -0.309524 0.922092
vn 0.285755 -0.253149 0.924262
vn 0.327802 -0.187146 0.926025
vn 0.356373 -0.113641 0.927407
vn 0.370148 -0.035343 0.928300
vn 0.368380 0.043987 0.928634
vn 0.351241 0.120818 0.928457
vn 0.319524 0.192020 0.927918
vn 0.274907 0.255124 0.927005
vn 0.219529 0.307681 0.925818
vn 0.155675 0.348027 0.924469
vn 0.085444 0.374903 0.923118
vn 0.006945 0.383036 0.923707
vn -0.061576 0.285137 0.956507
vn -0.114405 0.249605 0.961566
vn -0.161572 0.224541 0.960976
vn -0.203576 0.190481 0.960351
vn -0.238841 0.148187 0.959685
vn -0.265434 0.099786 0.958951
vn -0.282407 0.046687 0.958158
vn -0.289006 -0.008518 0.957290
vn -0.284840 -0.063821 0.956448
vn -0.270257 -0.116792 0.955678
vn -0.245921 -0.165151 0.955117
vn -0.212911 -0.207424 0.954801
vn -0.172833 -0.241914 0.954781
vn -0.126769 -0.267572 0.955162
vn -0.076686 -0.283561 0.955883
vn -0.024740 -0.289171 0.956958
vn 0.027735 -0.284261 0.958346
vn 0.078254 -0.269154 0.959913
vn 0.125406 -0.244162 0.961592
vn 0.167166 -0.210198 0.963261
vn 0.201872 -0.168412 0.964824
vn 0.228117 -0.120604 0.966135
vn 0.244826 -0.067758 0.967197
vn 0.251271 -0.012918 0.967831
vn 0.247272 0.041968 0.968037
vn 0.232856 0.094788 0.967881
vn 0.208750 0.143387 0.967400
vn 0.176082 0.185866 0.966669
vn 0.136214 0.220674 0.965789
vn 0.090394 0.246795 0.964843
vn 0.040439 0.263123 0.963914
vn -0.007105 0.243516 0.969871
vn -0.043238 0.162008 0.985842
vn -0.078498 0.140787 0.986923
vn -0.105605 0.125280 0.986485
vn -0.129626 0.104370 0.986055
vn -0.149610 0.078660 0.985611
vn -0.164304 0.049774 0.985153
vn -0.173338 0.018232 0.984694
vn -0.176320 -0.014077 0.984232
vn -0.173186 -0.046385 0.983796
vn -0.164078 -0.077305 0.983414
vn -0.149536 -0.105245 0.983139
vn -0.129680 -0.129890 0.983012
vn -0.105712 -0.149726 0.983060
vn -0.078274 -0.164270 0.983305
vn -0.048592 -0.173038 0.983716
vn -0.017835 -0.175504 0.984317
vn 0.012928 -0.171743 0.985057
vn 0.042021 -0.162133 0.985874
vn 0.069553 -0.146441 0.986771
vn 0.093830 -0.125253 0.987678
vn 0.113303 -0.100109 0.988504
vn 0.127872 -0.071095 0.989239
vn 0.136735 -0.039979 0.989801
vn 0.139765 -0.007997 0.990152
vn 0.136595 0.024338 0.990328
vn 0.127490 0.055186 0.990303
vn 0.112980 0.083197 0.990108
vn 0.093340 0.107820 0.989779
vn 0.069560 0.127785 0.989360
vn 0.041738 0.142716 0.988883
vn 0.012598 0.151483 0.988380
vn -0.011274 0.131172 0.991296
vn -0.106775 0.571508 0.813620
vn -0.217564 0.545208 0.809577
vn -0.323205 0.497508 0.805000
vn -0.419739 0.429050 0.799835
vn -0.502266 0.341779 0.794302
vn -0.566537 0.239143 0.788573
vn -0.608659 0.126030 0.783359
vn -0.626596 0.008014 0.779303
vn -0.619627 -0.108436 0.777370
vn -0.588673 -0.218330 0.778329
vn -0.535397 -0.319086 0.782007
vn -0.461898 -0.407681 0.787685
vn -0.372143 -0.480917 0.793869
vn -0.270659 -0.536555 0.799282
vn -0.161780 -0.572299 0.803929
vn -0.048286 -0.587127 0.808054
vn 0.064446 -0.580436 0.811752
vn 0.175283 -0.554101 0.813786
vn 0.281095 -0.506758 0.814974
vn 0.375388 -0.439195 0.816206
vn 0.454315 -0.354335 0.817340
vn 0.515288 -0.254534 0.818346
vn 0.555688 -0.143337 0.818941
vn 0.572751 -0.026715 0.819294
vn 0.565702 0.089295 0.819761
vn 0.535696 0.200508 0.820260
vn 0.484220 0.302844 0.820863
vn 0.413316 0.392894 0.821465
vn 0.325994 0.467347 0.821775
vn 0.226181 0.523874 0.821217
vn 0.118134 0.560502 0.819684
vn 0.005904 0.576486 0.817086
vn -0.103403 0.556470 0.824408
vn -0.210711 0.530701 0.820949
vn -0.312958 0.484326 0.816998
vn -0.406466 0.417745 0.812572
vn -0.486312 0.332977 0.807853
vn -0.548459 0.233346 0.802959
vn -0.589509 0.123179 0.798315
vn -0.607057 0.007738 0.794621
vn -0.600251 -0.106861 0.792641
vn -0.569821 -0.215515 0.793005
vn -0.517545 -0.314640 0.795706
vn -0.445690 -0.401713 0.799992
vn -0.358647 -0.472315 0.805165
vn -0.260782 -0.525104 0.810098
vn -0.155714 -0.559003 0.814413
vn -0.045452 -0.573523 0.817927
vn 0.064258 -0.567028 0.821188
vn 0.169193 -0.540029 0.824465
vn 0.270800 -0.493575 0.826469
vn 0.363452 -0.427765 0.827598
vn 0.440459 -0.345179 0.828762
vn 0.499910 -0.248141 0.829769
vn 0.539244 -0.140106 0.830413
vn 0.556279 -0.026254 0.830581
vn 0.549826 0.087498 0.830684
vn 0.520435 0.196331 0.831025
vn 0.469864 0.296321 0.831518
vn 0.400279 0.384133 0.831997
vn 0.315242 0.456195 0.832171
vn 0.218743 0.510593 0.831532
vn 0.114347 0.546076 0.829895
vn 0.005692 0.561596 0.827392
vn -0.173663 0.446001 0.878023
vn -0.258142 0.406802 0.876285
vn -0.334951 0.350957 0.874435
vn -0.401013 0.279992 0.872234
vn -0.452161 0.197252 0.869852
vn -0.486216 0.105426 0.867455
vn -0.501149 0.008669 0.865317
vn -0.496304 -0.088616 0.863614
vn -0.471899 -0.181261 0.862819
vn -0.429551 -0.266231 0.862906
vn -0.371301 -0.340495 0.863828
vn -0.300388 -0.401574 0.865162
vn -0.220383 -0.447137 0.866891
vn -0.134062 -0.475894 0.869225
vn -0.043584 -0.487882 0.871821
vn 0.047653 -0.482539 0.874577
vn 0.136568 -0.460043 0.877331
vn 0.220746 -0.420640 0.879962
vn 0.296518 -0.365356 0.882379
vn 0.361212 -0.295660 0.884370
vn 0.410989 -0.214359 0.886080
vn 0.444180 -0.123991 0.887317
vn 0.458928 -0.028331 0.888022
vn 0.454249 0.068010 0.888275
vn 0.430506 0.160516 0.888200
vn 0.389044 0.245842 0.887810
vn 0.331985 0.320517 0.887161
vn 0.262230 0.382269 0.886062
vn 0.183005 0.428632 0.884751
vn 0.096697 0.458922 0.883199
vn 0.006593 0.472142 0.881498
vn -0.084575 0.467904 0.879723
vn -0.132507 0.722116 0.678963
vn -0.272445 0.687129 0.673518
vn -0.404362 0.625140 0.667601
vn -0.522951 0.537259 0.661722
vn -0.622508 0.426353 0.656282
vn -0.698247 0.297054 0.651314
vn -0.746118 0.156563 0.647144
vn -0.764210 0.013344 0.644830
vn -0.753866 -0.126704 0.644695
vn -0.717271 -0.260597 0.646229
vn -0.655683 -0.385748 0.649060
vn -0.569186 -0.500216 0.652542
vn -0.459509 -0.598591 0.656156
vn -0.332501 -0.674172 0.659496
vn -0.194258 -0.723277 0.662672
vn -0.049822 -0.744345 0.665934
vn 0.095914 -0.737108 0.668934
vn 0.237918 -0.701830 0.671438
vn 0.369981 -0.639557 0.673855
vn 0.486192 -0.552862 0.676728
vn 0.583005 -0.444395 0.680160
vn 0.657532 -0.317326 0.683342
vn 0.705767 -0.176927 0.685996
vn 0.724969 -0.030681 0.688097
vn 0.714975 0.114706 0.689676
vn 0.676924 0.254163 0.690779
vn 0.612793 0.383315 0.691053
vn 0.525117 0.496918 0.690886
vn 0.416818 0.591238 0.690435
vn 0.291296 0.663248 0.689383
vn 0.153736 0.710205 0.687003
vn 0.010799 0.729900 0.683469
vn -0.231124 0.581361 0.780129
vn -0.343780 0.530165 0.775074
vn -0.446279 0.456858 0.769491
vn -0.533726 0.363565 0.763516
vn -0.601171 0.254233 0.757601
vn -0.645172 0.134140 0.752170
vn -0.663532 0.009708 0.748085
vn -0.655887 -0.112404 0.746443
vn -0.623756 -0.227674 0.747725
vn -0.568713 -0.333990 0.751676
vn -0.492172 -0.428617 0.757663
vn -0.397147 -0.508842 0.763776
vn -0.288964 -0.570200 0.769007
vn -0.172316 -0.609979 0.773455
vn -0.050929 -0.627283 0.777124
vn 0.071259 -0.621736 0.779978
vn 0.190709 -0.593109 0.782210
vn 0.303409 -0.541785 0.783845
vn 0.403777 -0.469365 0.785278
vn 0.487465 -0.378456 0.786860
vn 0.552011 -0.271546 0.788383
vn 0.594246 -0.152743 0.789646
vn 0.611617 -0.028733 0.790632
vn 0.603909 0.094693 0.791409
vn 0.572046 0.212976 0.792089
vn 0.517613 0.321932 0.792740
vn 0.442791 0.418104 0.793174
vn 0.350242 0.497952 0.793331
vn 0.243780 0.558465 0.792898
vn 0.128021 0.597902 0.791280
vn 0.007699 0.615174 0.788354
vn -0.112869 0.609673 0.784576
vn -0.152646 0.883909 0.442046
vn -0.322807 0.839652 0.436783
vn -0.481621 0.762749 0.431572
vn -0.622679 0.655709 0.426986
vn -0.740261 0.522135 0.423543
vn -0.829123 0.367085 0.421669
vn -0.884822 0.198758 0.421408
vn -0.906296 0.025796 0.421855
vn -0.894869 -0.145523 0.421939
vn -0.852133 -0.310875 0.420982
vn -0.778753 -0.466719 0.419187
vn -0.674840 -0.608650 0.417296
vn -0.543219 -0.728915 0.416648
vn -0.390252 -0.820635 0.417446
vn -0.223178 -0.879875 0.419537
vn -0.048195 -0.904906 0.422874
vn 0.128587 -0.895025 0.427078
vn 0.299505 -0.850491 0.432391
vn 0.457272 -0.773782 0.438365
vn 0.596201 -0.668479 0.444612
vn 0.713012 -0.537002 0.450825
vn 0.802742 -0.383423 0.456718
vn 0.860664 -0.214016 0.462012
vn 0.883965 -0.036796 0.466103
vn 0.872461 0.140620 0.468015
vn 0.827192 0.311414 0.467733
vn 0.750272 0.468865 0.466109
vn 0.644927 0.607886 0.463189
vn 0.514904 0.723784 0.459359
vn 0.363586 0.812688 0.455349
vn 0.196793 0.870412 0.451282
vn 0.022508 0.894299 0.446903
vn -0.132857 0.919649 -0.369587
vn -0.308670 0.873785 -0.375796
vn -0.472128 0.794484 -0.381956
vn -0.616875 0.684885 -0.387812
vn -0.737403 0.549124 -0.393320
vn -0.829115 0.392356 -0.398278
vn -0.888481 0.220529 -0.402452
vn -0.913107 0.040082 -0.405745
vn -0.902117 -0.142189 -0.407391
vn -0.855950 -0.318410 -0.407387
vn -0.776564 -0.481862 -0.405904
vn -0.667026 -0.626437 -0.403302
vn -0.531477 -0.746642 -0.400072
vn -0.374979 -0.838240 -0.395909
vn -0.203716 -0.897642 -0.390818
vn -0.024113 -0.922550 -0.385123
vn 0.157250 -0.911812 -0.379304
vn 0.333048 -0.865762 -0.373544
vn 0.495433 -0.786762 -0.368173
vn 0.638248 -0.678515 -0.363673
vn 0.757859 -0.544085 -0.360028
vn 0.849996 -0.387397 -0.356974
vn 0.910422 -0.213960 -0.354052
vn 0.935708 -0.031204 -0.351392
vn 0.924534 0.152762 -0.349144
vn 0.877701 0.329952 -0.347523
vn 0.797942 0.492892 -0.346909
vn 0.689100 0.635945 -0.347440
vn 0.555102 0.754763 -0.349565
vn 0.399566 0.845825 -0.353450
vn 0.228076 0.905369 -0.358174
vn 0.048272 0.930318 -0.363563
vn -0.118398 0.861940 -0.492993
vn -0.282914 0.819267 -0.498759
vn -0.435944 0.745277 -0.504495
vn -0.571470 0.642865 -0.510046
vn -0.684398 0.515937 -0.515178
vn -0.770392 0.369298 -0.519726
vn -0.826058 0.208583 -0.523567
vn -0.849296 0.039903 -0.526407
vn -0.839292 -0.130303 -0.527835
vn -0.796392 -0.295131 -0.527881
vn -0.722329 -0.448036 -0.526787
vn -0.620009 -0.583398 -0.524629
vn -0.493336 -0.696171 -0.521503
vn -0.347196 -0.782028 -0.517578
vn -0.187051 -0.837792 -0.512949
vn -0.019119 -0.861193 -0.507919
vn 0.150623 -0.851403 -0.502419
vn 0.315307 -0.808571 -0.496783
vn 0.467545 -0.734653 -0.491617
vn 0.601227 -0.633199 -0.487427
vn 0.712853 -0.507374 -0.484161
vn 0.798629 -0.361026 -0.481510
vn 0.854810 -0.199320 -0.479136
vn 0.878543 -0.028975 -0.476785
vn 0.868565 0.142621 -0.474609
vn 0.825483 0.308153 -0.472884
vn 0.751668 0.460788 -0.471880
vn 0.650421 0.594981 -0.472176
vn 0.525172 0.706739 -0.474041
vn 0.379580 0.792339 -0.477617
vn 0.219293 0.848135 -0.482262
vn 0.051082 0.871687 -0.487393
vn -0.101581 0.784607 -0.611615
vn -0.250959 0.745911 -0.616957
vn -0.389938 0.678805 -0.622232
vn -0.513144 0.585940 -0.627182
vn -0.615819 0.470773 -0.631775
vn -0.694091 0.337652 -0.635789
vn -0.744863 0.191668 -0.639095
vn -0.766116 0.038601 -0.641542
vn -0.757169 -0.115811 -0.642871
vn -0.718377 -0.265428 -0.643026
vn -0.651292 -0.404452 -0.642057
vn -0.558546 -0.527408 -0.640208
vn -0.443687 -0.629959 -0.637411
vn -0.311095 -0.708114 -0.633872
vn -0.165696 -0.758946 -0.629718
vn -0.013095 -0.780379 -0.625170
vn 0.140938 -0.771563 -0.620344
vn 0.290622 -0.732850 -0.615200
vn 0.429309 -0.665789 -0.610261
vn 0.551085 -0.573500 -0.606137
vn 0.652403 -0.459081 -0.603005
vn 0.729985 -0.326278 -0.600553
vn 0.780771 -0.179829 -0.598379
vn 0.802310 -0.025694 -0.596355
vn 0.793631 0.129728 -0.594408
vn 0.755104 0.279941 -0.592833
vn 0.688628 0.418650 -0.592051
vn 0.597019 0.541020 -0.592339
vn 0.483187 0.643050 -0.594153
vn 0.350749 0.721107 -0.597477
vn 0.205114 0.771947 -0.601686
vn 0.052406 0.793370 -0.606480
vn -0.083368 0.694732 -0.714421
vn -0.215375 0.660727 -0.719064
vn -0.338120 0.601581 -0.723723
vn -0.446838 0.519721 -0.728166
vn -0.537653 0.418162 -0.732168
vn -0.606948 0.300683 -0.735666
vn -0.651993 0.171820 -0.738501
vn -0.671022 0.036676 -0.740530
vn -0.663336 -0.099586 -0.741665
vn -0.629283 -0.231710 -0.741831
vn -0.570262 -0.354486 -0.741041
vn -0.488556 -0.463292 -0.739374
vn -0.387301 -0.553923 -0.736999
vn -0.270320 -0.623136 -0.733914
vn -0.141906 -0.668235 -0.730291
vn -0.007112 -0.687329 -0.726312
vn 0.128902 -0.679773 -0.722007
vn 0.261082 -0.645799 -0.717482
vn 0.383986 -0.586705 -0.712974
vn 0.492009 -0.505153 -0.709047
vn 0.581766 -0.404028 -0.705910
vn 0.650295 -0.286793 -0.703467
vn 0.695033 -0.157780 -0.701452
vn 0.714176 -0.021983 -0.699620
vn 0.706731 0.114908 -0.698088
vn 0.673122 0.247528 -0.696877
vn 0.614781 0.370277 -0.696376
vn 0.533984 0.478651 -0.696961
vn 0.433205 0.569191 -0.698824
vn 0.316087 0.638353 -0.701851
vn 0.187354 0.683445 -0.705551
vn 0.052506 0.702390 -0.709853
vn -0.058816 0.547329 -0.834848
vn -0.162112 0.520240 -0.838493
vn -0.258275 0.473530 -0.842059
vn -0.343298 0.409035 -0.845480
vn -0.414117 0.329104 -0.848645
vn -0.468101 0.236779 -0.851362
vn -0.503088 0.135613 -0.853529
vn -0.517709 0.029568 -0.855046
vn -0.511382 -0.077246 -0.855874
vn -0.484388 -0.180738 -0.855980
vn -0.437845 -0.276872 -0.855356
vn -0.373479 -0.362025 -0.854079
vn -0.293796 -0.432914 -0.852215
vn -0.201857 -0.486788 -0.849877
vn -0.101040 -0.521779 -0.847076
vn 0.004859 -0.536475 -0.843902
vn 0.111491 -0.530135 -0.840551
vn 0.214978 -0.503128 -0.837046
vn 0.311332 -0.456465 -0.833494
vn 0.396350 -0.392079 -0.830169
vn 0.466721 -0.312439 -0.827377
vn 0.520345 -0.220218 -0.825073
vn 0.555051 -0.119013 -0.823259
vn 0.569633 -0.012650 -0.821802
vn 0.563450 0.094547 -0.820722
vn 0.536727 0.198331 -0.820115
vn 0.490477 0.294584 -0.820154
vn 0.426526 0.379450 -0.821032
vn 0.346777 0.450387 -0.822737
vn 0.254526 0.504277 -0.825179
vn 0.153488 0.539195 -0.828077
vn 0.047566 0.553759 -0.831318
vn -0.022593 0.398838 -0.916743
vn -0.097346 0.381256 -0.919330
vn -0.167361 0.349442 -0.921890
vn -0.229801 0.304558 -0.924357
vn -0.282280 0.248373 -0.926622
vn -0.322829 0.182959 -0.928605
vn -0.349903 0.110807 -0.930209
vn -0.362405 0.034775 -0.931372
vn -0.359924 -0.042209 -0.932026
vn -0.342435 -0.117250 -0.932197
vn -0.310775 -0.187318 -0.931843
vn -0.266049 -0.249812 -0.931027
vn -0.210003 -0.302398 -0.929760
vn -0.144757 -0.343001 -0.928114
vn -0.072939 -0.369994 -0.926166
vn 0.002973 -0.382545 -0.923932
vn 0.079974 -0.380021 -0.921514
vn 0.154906 -0.362502 -0.919019
vn 0.224985 -0.330762 -0.916503
vn 0.287652 -0.285876 -0.914074
vn 0.340095 -0.229799 -0.911882
vn 0.380579 -0.164431 -0.910012
vn 0.407557 -0.092296 -0.908504
vn 0.419976 -0.016210 -0.907390
vn 0.417457 0.060914 -0.906653
vn 0.400082 0.136012 -0.906331
vn 0.368446 0.206303 -0.906469
vn 0.323764 0.268785 -0.907156
vn 0.267626 0.321279 -0.908381
vn 0.202043 0.362013 -0.910014
vn 0.130126 0.388949 -0.912023
vn 0.054192 0.401416 -0.914291
vn 0.007713 0.225914 -0.974117
vn -0.033932 0.217311 -0.975512
vn -0.073021 0.200782 -0.976911
vn -0.108170 0.176871 -0.978272
vn -0.137978 0.146587 -0.979528
vn -0.161319 0.111118 -0.980627
vn -0.177356 0.071625 -0.981537
vn -0.185389 0.029708 -0.982216
vn -0.185145 -0.012720 -0.982629
vn -0.176567 -0.054525 -0.982777
vn -0.160132 -0.093667 -0.982641
vn -0.136326 -0.128923 -0.982239
vn -0.106102 -0.158784 -0.981596
vn -0.070637 -0.182198 -0.980721
vn -0.031285 -0.198204 -0.979661
vn 0.010305 -0.206213 -0.978453
vn 0.052891 -0.205929 -0.977136
vn 0.094734 -0.197340 -0.975747
vn 0.133755 -0.180856 -0.974372
vn 0.168981 -0.156966 -0.973040
vn 0.198888 -0.126641 -0.971805
vn 0.222248 -0.091154 -0.970720
vn 0.238291 -0.051697 -0.969817
vn 0.246315 -0.009940 -0.969139
vn 0.246036 0.032642 -0.968711
vn 0.237469 0.074382 -0.968543
vn 0.220940 0.113557 -0.968654
vn 0.197023 0.148891 -0.969027
vn 0.166983 0.178585 -0.969652
vn 0.131297 0.202132 -0.970517
vn 0.091739 0.218256 -0.971570
vn 0.050158 0.226209 -0.972787
vn 0.031031 0.010214 -0.999466
vn -0.649395 0.713136 -0.264053
vn -0.957811 0.039832 -0.284627
vn -0.946220 -0.150873 -0.286189
vn -0.897747 -0.335014 -0.286034
vn -0.700130 -0.656077 -0.281745
vn -0.558585 -0.781480 -0.277979
vn -0.395097 -0.877066 -0.273230
vn 0.787490 -0.569817 -0.234879
vn 0.947569 -0.224302 -0.227600
vn 0.973863 -0.033013 -0.224724
vn 0.912284 0.344598 -0.221335
vn 0.828356 0.514613 -0.221358
vn 0.714146 0.663685 -0.222527
vn 0.232355 0.944296 -0.233059
f 1/1/1 308/2/308 309/3/309
f 1/1/1 309/3/309 310/4/310
f 1/1/1 310/4/310 311/5/311
f 1/1/1 311/5/311 312/6/312
f 1/1/1 312/6/312 313/7/313
f 1/1/1 313/7/313 314/8/314
f 1/1/1 314/8/314 315/9/315
f 1/1/1 315/9/315 316/10/316
f 1/1/1 316/10/316 317/11/317
f 1/1/1 317/11/317 318/12/318
f 1/1/1 318/12/318 319/13/319
f 1/1/1 319/13/319 320/14/320
f 1/1/1 320/14/320 321/15/321
f 1/1/1 321/15/321 322/16/322
f 1/1/1 322/16/322 323/17/323
f 1/1/1 323/17/323 324/18/324
f 1/1/1 324/18/324 325/19/325
f 1/1/1 325/19/325 326/20/326
f 1/1/1 326/20/326 327/21/327
f 1/1/1 327/21/327 328/22/328
f 1/1/1 328/22/328 329/23/329
f 1/1/1 329/23/329 330/24/330
f 1/1/1 330/24/330 331/25/331
f 1/1/1 331/25/331 332/26/332
f 1/1/1 332/26/332 333/27/333
f 1/1/1 333/27/333 334/28/334
f 1/1/1 334/28/334 335/29/335
f 1/1/1 335/29/335 336/30/336
f 1/1/1 336/30/336 337/31/337
f 1/1/1 337/31/337 338/32/338
f 1/1/1 338/32/338 339/33/339
f 1/1/1 339/33/339 308/2/308
f 372/34/372 373/35/373 3/36/3 2/37/2
f 373/35/373 374/38/374 4/39/4 3/36/3
f 374/38/374 375/40/375 5/41/5 4/39/4
f 375/40/375 376/42/376 6/43/6 5/41/5
f 376/42/376 377/44/377 7/45/7 6/43/6
f 377/44/377 378/46/378 8/47/8 7/45/7
f 378/46/378 379/48/379 9/49/9 8/47/8
f 379/48/379 380/50/380 10/51/10 9/49/9
f 380/50/380 381/52/381 11/53/11 10/51/10
f 381/52/381 382/54/382 12/55/12 11/53/11
f 382/54/382 383/56/383 13/57/13 12/55/12
f 383/56/383 384/58/384 14/59/14 13/57/13
f 384/58/384 385/60/385 15/61/15 14/59/14
f 385/60/385 386/62/386 16/63/16 15/61/15
f 386/62/386 387/64/387 17/65/17 16/63/16
f 387/64/387 388/66/388 18/67/18 17/65/17
f 388/66/388 389/68/389 19/69/19 18/67/18
f 389/68/389 390/70/390 20/71/20 19/69/19
f 390/70/390 391/72/391 21/73/21 20/71/20
f 391/72/391 392/74/392 22/75/22 21/73/21
f 392/74/392 393/76/393 23/77/23 22/75/22
f 393/76/393 394/78/394 24/79/24 23/77/23
f 394/78/394 395/80/395 25/81/25 24/79/24
f 395/80/395 396/82/396 26/83/26 25/81/25
f 396/82/396 397/84/397 27/85/27 26/83/26
f 397/84/397 398/86/398 28/87/28 27/85/27
f 398/86/398 399/88/399 29/89/29 28/87/28
f 399/88/399 400/90/400 30/91/30 29/89/29
f 400/90/400 401/92/401 31/93/31 30/91/30
f 401/92/401 402/94/402 32/95/32 31/93/31
f 402/94/402 403/96/403 33/97/33 32/95/32
f 403/96/403 372/34/372 2/37/2 33/97/33
f 436/98/436 437/99/437 35/100/35 34/101/34
f 437/99/437 438/102/438 36/103/36 35/100/35
f 438/102/438 439/104/439 37/105/37 36/103/36
f 439/104/439 440/106/440 38/107/38 37/105/37
f 440/106/440 441/108/441 39/109/39 38/107/38
f 441/108/441 442/110/442 40/111/40 39/109/39
f 442/110/442 443/112/443 41/113/41 40/111/40
f 443/112/443 444/114/444 42/115/42 41/113/41
f 444/114/444 445/116/445 43/117/43 42/115/42
f 445/116/445 446/118/446 44/119/44 43/117/43
f 446/118/446 447/120/447 45/121/45 44/119/44
f 447/120/447 448/122/448 46/123/46 45/121/45
f 448/122/448 449/124/449 47/125/47 46/123/46
f 449/124/449 450/126/450 48/127/48 47/125/47
f 450/126/450 451/128/451 49/129/49 48/127/48
f 451/128/451 452/130/452 50/131/50 49/129/49
f 452/130/452 453/132/453 51/133/51 50/131/50
f 453/132/453 454/134/454 52/135/52 51/133/51
f 454/134/454 455/136/455 53/137/53 52/135/52
f 455/136/455 456/138/456 54/139/54 53/137/53
f 456/138/456 457/140/457 55/141/55 54/139/54
f 457/140/457 458/142/458 56/143/56 55/141/55
f 458/142/458 459/144/459 57/145/57 56/143/56
f 459/144/459 460/146/460 58/147/58 57/145/57
f 460/146/460 461/148/461 59/149/59 58/147/58
f 461/148/461 462/150/462 60/151/60 59/149/59
f 462/150/462 463/152/463 61/153/61 60/151/60
f 463/152/463 464/154/464 62/155/62 61/153/61
f 464/154/464 465/156/465 63/157/63 62/155/62
f 465/156/465 466/158/466 64/159/64 63/157/63
f 466/158/466 467/160/467 65/161/65 64/159/64
f 467/160/467 436/98/436 34/101/34 65/161/65
f 500/162/500 501/163/501 67/164/67 66/165/66
f 501/163/501 502/166/502 68/167/68 67/164/67
f 502/166/502 503/168/503 69/169/69 68/167/68
f 503/168/503 504/170/504 70/171/70 69/169/69
f 504/170/504 505/172/505 71/173/71 70/171/70
f 505/172/505 506/174/506 72/175/72 71/173/71
f 506/174/506 507/176/507 73/177/73 72/175/72
f 507/176/507 508/178/508 74/179/74 73/177/73
f 508/178/508 509/180/509 75/181/75 74/179/74
f 509/180/509 510/182/510 76/183/76 75/181/75
f 510/182/510 511/184/511 77/185/77 76/183/76
f 511/184/511 512/186/512 78/187/78 77/185/77
f 512/186/512 513/188/513 79/189/79 78/187/78
f 513/188/513 514/190/514 80/191/80 79/189/79
f 514/190/514 515/192/515 81/193/81 80/191/80
f 515/192/515 516/194/516 82/195/82 81/193/81
f 516/194/516 517/196/517 83/197/83 82/195/82
f 517/196/517 518/198/518 84/199/84 83/197/83
f 518/198/518 519/200/519 85/201/85 84/199/84
f 519/200/519 520/202/520 86/203/86 85/201/85
f 520/202/520 521/204/521 87/205/87 86/203/86
f 521/204/521 522/206/522 88/207/88 87/205/87
f 522/206/522 523/208/523 89/209/89 88/207/88
f 523/208/523 524/210/524 90/211/90 89/209/89
f 524/210/524 525/212/525 91/213/91 90/211/90
f 525/212/525 526/214/526 92/215/92 91/213/91
f 526/214/526 527/216/527 93/217/93 92/215/92
f 527/216/527 528/218/528 94/219/94 93/217/93
f 528/218/528 529/220/529 95/221/95 94/219/94
f 529/220/529 530/222/530 96/223/96 95/221/95
f 530/222/530 531/224/531 97/225/97 96/223/96
f 531/224/531 500/162/500 66/165/66 97/225/97
f 131/226/131 99/227/99 98/228/98 130/229/130
f 132/230/132 100/231/100 99/227/99 131/226/131
f 133/232/133 101/233/101 100/231/100 132/230/132
f 134/234/134 102/235/102 101/233/101 133/232/133
f 135/236/135 103/237/103 102/235/102 134/234/134
f 136/238/136 104/239/104 103/237/103 135/236/135
f 137/240/137 105/241/105 104/239/104 136/238/136
f 138/242/138 106/243/106 105/241/105 137/240/137
f 139/244/139 107/245/107 106/243/106 138/242/138
f 140/246/140 108/247/108 107/245/107 139/244/139
f 141/248/141 109/249/109 108/247/108 140/246/140
f 142/250/142 110/251/110 109/249/109 141/248/141
f 143/252/143 111/253/111 110/251/110 142/250/142
f 144/254/144 112/255/112 111/253/111 143/252/143
f 145/256/145 113/257/113 112/255/112 144/254/144
f 146/258/146 114/259/114 113/257/113 145/256/145
f 147/260/147 115/261/115 114/259/114 146/258/146
f 148/262/148 116/263/116 115/261/115 147/260/147
f 149/264/149 117/265/117 116/263/116 148/262/148
f 150/266/150 118/267/118 117/265/117 149/264/149
f 151/268/151 119/269/119 118/267/118 150/266/150
f 152/270/152 120/271/120 119/269/119 151/268/151
f 153/272/153 121/273/121 120/271/120 152/270/152
f 154/274/154 122/275/122 121/273/121 153/272/153
f 155/276/155 123/277/123 122/275/122 154/274/154
f 156/278/156 124/279/124 123/277/123 155/276/155
f 157/280/157 125/281/125 124/279/124 156/278/156
f 158/282/158 126/283/126 125/281/125 157/280/157
f 159/284/159 127/285/127 126/283/126 158/282/158
f 160/286/160 128/287/128 127/285/127 159/284/159
f 161/288/161 129/289/129 128/287/128 160/286/160
f 130/229/130 98/228/98 129/289/129 161/288/161
f 163/290/163 131/226/131 130/229/130 162/291/162
f 164/292/164 132/230/132 131/226/131 163/290/163
f 165/293/165 133/232/133 132/230/132 164/292/164
f 166/294/166 134/234/134 133/232/133 165/293/165
f 167/295/167 135/236/135 134/234/134 166/294/166
f 168/296/168 136/238/136 135/236/135 167/295/167
f 169/297/169 137/240/137 136/238/136 168/296/168
f 170/298/170 138/242/138 137/240/137 169/297/169
f 171/299/171 139/244/139 138/242/138 170/298/170
f 172/300/172 140/246/140 139/244/139 171/299/171
f 173/301/173 141/248/141 140/246/140 172/300/172
f 174/302/174 142/250/142 141/248/141 173/301/173
f 175/303/175 143/252/143 142/250/142 174/302/174
f 176/304/176 144/254/144 143/252/143 175/303/175
f 177/305/177 145/256/145 144/254/144 176/304/176
f 178/306/178 146/258/146 145/256/145 177/305/177
f 179/307/179 147/260/147 146/258/146 178/306/178
f 180/308/180 148/262/148 147/260/147 179/307/179
f 181/309/181 149/264/149 148/262/148 180/308/180
f 182/310/182 150/266/150 149/264/149 181/309/181
f 183/311/183 151/268/151 150/266/150 182/310/182
f 184/312/184 152/270/152 151/268/151 183/311/183
f 185/313/185 153/272/153 152/270/152 184/312/184
f 186/314/186 154/274/154 153/272/153 185/313/185
f 187/315/187 155/276/155 154/274/154 186/314/186
f 188/316/188 156/278/156 155/276/155 187/315/187
f 189/317/189 157/280/157 156/278/156 188/316/188
f 190/318/190 158/282/158 157/280/157 189/317/189
f 191/319/191 159/284/159 158/282/158 190/318/190
f 192/320/192 160/286/160 159/284/159 191/319/191
f 193/321/193 161/288/161 160/286/160 192/320/192
f 162/291/162 130/229/130 161/288/161 193/321/193
f 195/322/195 163/290/163 162/291/162 194/323/194
f 196/324/196 164/292/164 163/290/163 195/322/195
f 197/325/197 165/293/165 164/292/164 196/324/196
f 198/326/198 166/294/166 165/293/165 197/325/197
f 199/327/199 167/295/167 166/294/166 198/326/198
f 200/328/200 168/296/168 167/295/167 199/327/199
f 201/329/201 169/297/169 168/296/168 200/328/200
f 202/330/202 170/298/170 169/297/169 201/329/201
f 203/331/203 171/299/171 170/298/170 202/330/202
f 204/332/204 172/300/172 171/299/171 203/331/203
f 205/333/205 173/301/173 172/300/172 204/332/204
f 206/334/206 174/302/174 173/301/173 205/333/205
f 207/335/207 175/303/175 174/302/174 206/334/206
f 208/336/208 176/304/176 175/303/175 207/335/207
f 209/337/209 177/305/177 176/304/176 208/336/208
f 210/338/210 178/306/178 177/305/177 209/337/209
f 211/339/211 179/307/179 178/306/178 210/338/210
f 212/340/212 180/308/180 179/307/179 211/339/211
f 213/341/213 181/309/181 180/308/180 212/340/212
f 214/342/214 182/310/182 181/309/181 213/341/213
f 215/343/215 183/311/183 182/310/182 214/342/214
f 216/344/216 184/312/184 183/311/183 215/343/215
f 217/345/217 185/313/185 184/312/184 216/344/216
f 218/346/218 186/314/186 185/313/185 217/345/217
f 219/347/219 187/315/187 186/314/186 218/346/218
f 220/348/220 188/316/188 187/315/187 219/347/219
f 221/349/221 189/317/189 188/316/188 220/348/220
f 222/350/222 190/318/190 189/317/189 221/349/221
f 223/351/223 191/319/191 190/318/190 222/350/222
f 224/352/224 192/320/192 191/319/191 223/351/223
f 225/353/225 193/321/193 192/320/192 224/352/224
f 194/323/194 162/291/162 193/321/193 225/353/225
f 227/354/227 195/322/195 194/323/194 226/355/226
f 228/356/228 196/324/196 195/322/195 227/354/227
f 757/357/757 197/325/197 196/324/196 228/356/228
f 229/358/229 198/326/198 197/325/197 757/357/757
f 230/359/230 199/327/199 198/326/198 229/358/229
f 231/360/231 200/328/200 199/327/199 230/359/230
f 758/361/758 201/329/201 200/328/200 231/360/231
f 759/362/759 202/330/202 201/329/201 758/361/758
f 760/363/760 203/331/203 202/330/202 759/362/759
f 232/364/232 204/332/204 203/331/203 760/363/760
f 761/365/761 205/333/205 204/332/204 232/364/232
f 762/366/762 206/334/206 205/333/205 761/365/761
f 763/367/763 207/335/207 206/334/206 762/366/762
f 233/368/233 208/336/208 207/335/207 763/367/763
f 234/369/234 209/337/209 208/336/208 233/368/233
f 235/370/235 210/338/210 209/337/209 234/369/234
f 236/371/236 211/339/211 210/338/210 235/370/235
f 237/372/237 212/340/212 211/339/211 236/371/236
f 238/373/238 213/341/213 212/340/212 237/372/237
f 764/374/764 214/342/214 213/341/213 238/373/238
f 239/375/239 215/343/215 214/342/214 764/374/764
f 765/376/765 216/344/216 215/343/215 239/375/239
f 766/377/766 217/345/217 216/344/216 765/376/765
f 240/378/240 218/346/218 217/345/217 766/377/766
f 767/379/767 219/347/219 218/346/218 240/378/240
f 768/380/768 220/348/220 219/347/219 767/379/767
f 769/381/769 221/349/221 220/348/220 768/380/768
f 241/382/241 222/350/222 221/349/221 769/381/769
f 242/383/242 223/351/223 222/350/222 241/382/241
f 770/384/770 224/352/224 223/351/223 242/383/242
f 243/385/243 225/353/225 224/352/224 770/384/770
f 226/355/226 194/323/194 225/353/225 243/385/243
f 435/386/435 404/387/404 245/388/245 244/389/244
f 404/387/404 405/390/405 246/391/246 245/388/245
f 405/390/405 406/392/406 247/393/247 246/391/246
f 406/392/406 407/394/407 248/395/248 247/393/247
f 407/394/407 408/396/408 249/397/249 248/395/248
f 408/396/408 409/398/409 250/399/250 249/397/249
f 409/398/409 410/400/410 251/401/251 250/399/250
f 410/400/410 411/402/411 252/403/252 251/401/251
f 411/402/411 412/404/412 253/405/253 252/403/252
f 412/404/412 413/406/413 254/407/254 253/405/253
f 413/406/413 414/408/414 255/409/255 254/407/254
f 414/408/414 415/410/415 256/411/256 255/409/255
f 415/410/415 416/412/416 257/413/257 256/411/256
f 416/412/416 417/414/417 258/415/258 257/413/257
f 417/414/417 418/416/418 259/417/259 258/415/258
f 418/416/418 419/418/419 260/419/260 259/417/259
f 419/418/419 420/420/420 261/421/261 260/419/260
f 420/420/420 421/422/421 262/423/262 261/421/261
f 421/422/421 422/424/422 263/425/263 262/423/262
f 422/424/422 423/426/423 264/427/264 263/425/263
f 423/426/423 424/428/424 265/429/265 264/427/264
f 424/428/424 425/430/425 266/431/266 265/429/265
f 425/430/425 426/432/426 267/433/267 266/431/266
f 426/432/426 427/434/427 268/435/268 267/433/267
f 427/434/427 428/436/428 269/437/269 268/435/268
f 428/436/428 429/438/429 270/439/270 269/437/269
f 429/438/429 430/440/430 271/441/271 270/439/270
f 430/440/430 431/442/431 272/443/272 271/441/271
f 431/442/431 432/444/432 273/445/273 272/443/272
f 432/444/432 433/446/433 274/447/274 273/445/273
f 433/446/433 434/448/434 275/449/275 274/447/274
f 434/448/434 435/386/435 244/389/244 275/449/275
f 245/388/245 277/450/277 276/451/276 244/389/244
f 246/391/246 278/452/278 277/450/277 245/388/245
f 247/393/247 279/453/279 278/452/278 246/391/246
f 248/395/248 280/454/280 279/453/279 247/393/247
f 249/397/249 281/455/281 280/454/280 248/395/248
f 250/399/250 282/456/282 281/455/281 249/397/249
f 251/401/251 283/457/283 282/456/282 250/399/250
f 252/403/252 284/458/284 283/457/283 251/401/251
f 253/405/253 285/459/285 284/458/284 252/403/252
f 254/407/254 286/460/286 285/459/285 253/405/253
f 255/409/255 287/461/287 286/460/286 254/407/254
f 256/411/256 288/462/288 287/461/287 255/409/255
f 257/413/257 289/463/289 288/462/288 256/411/256
f 258/415/258 290/464/290 289/463/289 257/413/257
f 259/417/259 291/465/291 290/464/290 258/415/258
f 260/419/260 292/466/292 291/465/291 259/417/259
f 261/421/261 293/467/293 292/466/292 260/419/260
f 262/423/262 294/468/294 293/467/293 261/421/261
f 263/425/263 295/469/295 294/468/294 262/423/262
f 264/427/264 296/470/296 295/469/295 263/425/263
f 265/429/265 297/471/297 296/470/296 264/427/264
f 266/431/266 298/472/298 297/471/297 265/429/265
f 267/433/267 299/473/299 298/472/298 266/431/266
f 268/435/268 300/474/300 299/473/299 267/433/267
f 269/437/269 301/475/301 300/474/300 268/435/268
f 270/439/270 302/476/302 301/475/301 269/437/269
f 271/441/271 303/477/303 302/476/302 270/439/270
f 272/443/272 304/478/304 303/477/303 271/441/271
f 273/445/273 305/479/305 304/478/304 272/443/272
f 274/447/274 306/480/306 305/479/305 273/445/273
f 275/449/275 307/481/307 306/480/306 274/447/274
f 275/449/275 244/389/244 276/451/276 307/481/307
f 277/450/277 309/3/309 308/2/308 276/451/276
f 278/452/278 310/4/310 309/3/309 277/450/277
f 279/453/279 311/5/311 310/4/310 278/452/278
f 280/454/280 312/6/312 311/5/311 279/453/279
f 281/455/281 313/7/313 312/6/312 280/454/280
f 282/456/282 314/8/314 313/7/313 281/455/281
f 283/457/283 315/9/315 314/8/314 282/456/282
f 284/458/284 316/10/316 315/9/315 283/457/283
f 285/459/285 317/11/317 316/10/316 284/458/284
f 286/460/286 318/12/318 317/11/317 285/459/285
f 287/461/287 319/13/319 318/12/318 286/460/286
f 288/462/288 320/14/320 319/13/319 287/461/287
f 289/463/289 321/15/321 320/14/320 288/462/288
f 290/464/290 322/16/322 321/15/321 289/463/289
f 291/465/291 323/17/323 322/16/322 290/464/290
f 292/466/292 324/18/324 323/17/323 291/465/291
f 293/467/293 325/19/325 324/18/324 292/466/292
f 294/468/294 326/20/326 325/19/325 293/467/293
f 295/469/295 327/21/327 326/20/326 294/468/294
f 296/470/296 328/22/328 327/21/327 295/469/295
f 297/471/297 329/23/329 328/22/328 296/470/296
f 298/472/298 330/24/330 329/23/329 297/471/297
f 299/473/299 331/25/331 330/24/330 298/472/298
f 300/474/300 332/26/332 331/25/331 299/473/299
f 301/475/301 333/27/333 332/26/332 300/474/300
f 302/476/302 334/28/334 333/27/333 301/475/301
f 303/477/303 335/29/335 334/28/334 302/476/302
f 304/478/304 336/30/336 335/29/335 303/477/303
f 305/479/305 337/31/337 336/30/336 304/478/304
f 306/480/306 338/32/338 337/31/337 305/479/305
f 307/481/307 339/33/339 338/32/338 306/480/306
f 307/481/307 276/451/276 308/2/308 339/33/339
f 499/482/499 468/483/468 341/484/341 340/485/340
f 468/483/468 469/486/469 342/487/342 341/484/341
f 469/486/469 470/488/470 343/489/343 342/487/342
f 470/488/470 471/490/471 344/491/344 343/489/343
f 471/490/471 472/492/472 345/493/345 344/491/344
f 472/492/472 473/494/473 346/495/346 345/493/345
f 473/494/473 474/496/474 347/497/347 346/495/346
f 474/496/474 475/498/475 348/499/348 347/497/347
f 475/498/475 476/500/476 349/501/349 348/499/348
f 476/500/476 477/502/477 350/503/350 349/501/349
f 477/502/477 478/504/478 351/505/351 350/503/350
f 478/504/478 479/506/479 352/507/352 351/505/351
f 479/506/479 480/508/480 353/509/353 352/507/352
f 480/508/480 481/510/481 354/511/354 353/509/353
f 481/510/481 482/512/482 355/513/355 354/511/354
f 482/512/482 483/514/483 356/515/356 355/513/355
f 483/514/483 484/516/484 357/517/357 356/515/356
f 484/516/484 485/518/485 358/519/358 357/517/357
f 485/518/485 486/520/486 359/521/359 358/519/358
f 486/520/486 487/522/487 360/523/360 359/521/359
f 487/522/487 488/524/488 361/525/361 360/523/360
f 488/524/488 489/526/489 362/527/362 361/525/361
f 489/526/489 490/528/490 363/529/363 362/527/362
f 490/528/490 491/530/491 364/531/364 363/529/363
f 491/530/491 492/532/492 365/533/365 364/531/364
f 492/532/492 493/534/493 366/535/366 365/533/365
f 493/534/493 494/536/494 367/537/367 366/535/366
f 494/536/494 495/538/495 368/539/368 367/537/367
f 495/538/495 496/540/496 369/541/369 368/539/368
f 496/540/496 497/542/497 370/543/370 369/541/369
f 497/542/497 498/544/498 371/545/371 370/543/370
f 498/544/498 499/482/499 340/485/340 371/545/371
f 340/485/340 341/484/341 373/35/373 372/34/372
f 341/484/341 342/487/342 374/38/374 373/35/373
f 342/487/342 343/489/343 375/40/375 374/38/374
f 343/489/343 344/491/344 376/42/376 375/40/375
f 344/491/344 345/493/345 377/44/377 376/42/376
f 345/493/345 346/495/346 378/46/378 377/44/377
f 346/495/346 347/497/347 379/48/379 378/46/378
f 347/497/347 348/499/348 380/50/380 379/48/379
f 348/499/348 349/501/349 381/52/381 380/50/380
f 349/501/349 350/503/350 382/54/382 381/52/381
f 350/503/350 351/505/351 383/56/383 382/54/382
f 351/505/351 352/507/352 384/58/384 383/56/383
f 352/507/352 353/509/353 385/60/385 384/58/384
f 353/509/353 354/511/354 386/62/386 385/60/385
f 354/511/354 355/513/355 387/64/387 386/62/386
f 355/513/355 356/515/356 388/66/388 387/64/387
f 356/515/356 357/517/357 389/68/389 388/66/388
f 357/517/357 358/519/358 390/70/390 389/68/389
f 358/519/358 359/521/359 391/72/391 390/70/390
f 359/521/359 360/523/360 392/74/392 391/72/391
f 360/523/360 361/525/361 393/76/393 392/74/392
f 361/525/361 362/527/362 394/78/394 393/76/393
f 362/527/362 363/529/363 395/80/395 394/78/394
f 363/529/363 364/531/364 396/82/396 395/80/395
f 364/531/364 365/533/365 397/84/397 396/82/396
f 365/533/365 366/535/366 398/86/398 397/84/397
f 366/535/366 367/537/367 399/88/399 398/86/398
f 367/537/367 368/539/368 400/90/400 399/88/399
f 368/539/368 369/541/369 401/92/401 400/90/400
f 369/541/369 370/543/370 402/94/402 401/92/401
f 370/543/370 371/545/371 403/96/403 402/94/402
f 371/545/371 340/485/340 372/34/372 403/96/403
f 2/37/2 3/36/3 404/387/404 435/386/435
f 3/36/3 4/39/4 405/390/405 404/387/404
f 4/39/4 5/41/5 406/392/406 405/390/405
f 5/41/5 6/43/6 407/394/407 406/392/406
f 6/43/6 7/45/7 408/396/408 407/394/407
f 7/45/7 8/47/8 409/398/409 408/396/408
f 8/47/8 9/49/9 410/400/410 409/398/409
f 9/49/9 10/51/10 411/402/411 410/400/410
f 10/51/10 11/53/11 412/404/412 411/402/411
f 11/53/11 12/55/12 413/406/413 412/404/412
f 12/55/12 13/57/13 414/408/414 413/406/413
f 13/57/13 14/59/14 415/410/415 414/408/414
f 14/59/14 15/61/15 416/412/416 415/410/415
f 15/61/15 16/63/16 417/414/417 416/412/416
f 16/63/16 17/65/17 418/416/418 417/414/417
f 17/65/17 18/67/18 419/418/419 418/416/418
f 18/67/18 19/69/19 420/420/420 419/418/419
f 19/69/19 20/71/20 421/422/421 420/420/420
f 20/71/20 21/73/21 422/424/422 421/422/421
f 21/73/21 22/75/22 423/426/423 422/424/422
f 22/75/22 23/77/23 424/428/424 423/426/423
f 23/77/23 24/79/24 425/430/425 424/428/424
f 24/79/24 25/81/25 426/432/426 425/430/425
f 25/81/25 26/83/26 427/434/427 426/432/426
f 26/83/26 27/85/27 428/436/428 427/434/427
f 27/85/27 28/87/28 429/438/429 428/436/428
f 28/87/28 29/89/29 430/440/430 429/438/429
f 29/89/29 30/91/30 431/442/431 430/440/430
f 30/91/30 31/93/31 432/444/432 431/442/431
f 31/93/31 32/95/32 433/446/433 432/444/432
f 32/95/32 33/97/33 434/448/434 433/446/433
f 33/97/33 2/37/2 435/386/435 434/448/434
f 66/165/66 67/164/67 437/99/437 436/98/436
f 67/164/67 68/167/68 438/102/438 437/99/437
f 68/167/68 69/169/69 439/104/439 438/102/438
f 69/169/69 70/171/70 440/106/440 439/104/439
f 70/171/70 71/173/71 441/108/441 440/106/440
f 71/173/71 72/175/72 442/110/442 441/108/441
f 72/175/72 73/177/73 443/112/443 442/110/442
f 73/177/73 74/179/74 444/114/444 443/112/443
f 74/179/74 75/181/75 445/116/445 444/114/444
f 75/181/75 76/183/76 446/118/446 445/116/445
f 76/183/76 77/185/77 447/120/447 446/118/446
f 77/185/77 78/187/78 448/122/448 447/120/447
f 78/187/78 79/189/79 449/124/449 448/122/448
f 79/189/79 80/191/80 450/126/450 449/124/449
f 80/191/80 81/193/81 451/128/451 450/126/450
f 81/193/81 82/195/82 452/130/452 451/128/451
f 82/195/82 83/197/83 453/132/453 452/130/452
f 83/197/83 84/199/84 454/134/454 453/132/453
f 84/199/84 85/201/85 455/136/455 454/134/454
f 85/201/85 86/203/86 456/138/456 455/136/455
f 86/203/86 87/205/87 457/140/457 456/138/456
f 87/205/87 88/207/88 458/142/458 457/140/457
f 88/207/88 89/209/89 459/144/459 458/142/458
f 89/209/89 90/211/90 460/146/460 459/144/459
f 90/211/90 91/213/91 461/148/461 460/146/460
f 91/213/91 92/215/92 462/150/462 461/148/461
f 92/215/92 93/217/93 463/152/463 462/150/462
f 93/217/93 94/219/94 464/154/464 463/152/463
f 94/219/94 95/221/95 465/156/465 464/154/464
f 95/221/95 96/223/96 466/158/466 465/156/465
f 96/223/96 97/225/97 467/160/467 466/158/466
f 97/225/97 66/165/66 436/98/436 467/160/467
f 34/101/34 35/100/35 468/483/468 499/482/499
f 35/100/35 36/103/36 469/486/469 468/483/468
f 36/103/36 37/105/37 470/488/470 469/486/469
f 37/105/37 38/107/38 471/490/471 470/488/470
f 38/107/38 39/109/39 472/492/472 471/490/471
f 39/109/39 40/111/40 473/494/473 472/492/472
f 40/111/40 41/113/41 474/496/474 473/494/473
f 41/113/41 42/115/42 475/498/475 474/496/474
f 42/115/42 43/117/43 476/500/476 475/498/475
f 43/117/43 44/119/44 477/502/477 476/500/476
f 44/119/44 45/121/45 478/504/478 477/502/477
f 45/121/45 46/123/46 479/506/479 478/504/478
f 46/123/46 47/125/47 480/508/480 479/506/479
f 47/125/47 48/127/48 481/510/481 480/508/480
f 48/127/48 49/129/49 482/512/482 481/510/481
f 49/129/49 50/131/50 483/514/483 482/512/482
f 50/131/50 51/133/51 484/516/484 483/514/483
f 51/133/51 52/135/52 485/518/485 484/516/484
f 52/135/52 53/137/53 486/520/486 485/518/485
f 53/137/53 54/139/54 487/522/487 486/520/486
f 54/139/54 55/141/55 488/524/488 487/522/487
f 55/141/55 56/143/56 489/526/489 488/524/488
f 56/143/56 57/145/57 490/528/490 489/526/489
f 57/145/57 58/147/58 491/530/491 490/528/490
f 58/147/58 59/149/59 492/532/492 491/530/491
f 59/149/59 60/151/60 493/534/493 492/532/492
f 60/151/60 61/153/61 494/536/494 493/534/493
f 61/153/61 62/155/62 495/538/495 494/536/494
f 62/155/62 63/157/63 496/540/496 495/538/495
f 63/157/63 64/159/64 497/542/497 496/540/496
f 64/159/64 65/161/65 498/544/498 497/542/497
f 65/161/65 34/101/34 499/482/499 498/544/498
f 98/228/98 99/227/99 501/163/501 500/162/500
f 99/227/99 100/231/100 502/166/502 501/163/501
f 100/231/100 101/233/101 503/168/503 502/166/502
f 101/233/101 102/235/102 504/170/504 503/168/503
f 102/235/102 103/237/103 505/172/505 504/170/504
f 103/237/103 104/239/104 506/174/506 505/172/505
f 104/239/104 105/241/105 507/176/507 506/174/506
f 105/241/105 106/243/106 508/178/508 507/176/507
f 106/243/106 107/245/107 509/180/509 508/178/508
f 107/245/107 108/247/108 510/182/510 509/180/509
f 108/247/108 109/249/109 511/184/511 510/182/510
f 109/249/109 110/251/110 512/186/512 511/184/511
f 110/251/110 111/253/111 513/188/513 512/186/512
f 111/253/111 112/255/112 514/190/514 513/188/513
f 112/255/112 113/257/113 515/192/515 514/190/514
f 113/257/113 114/259/114 516/194/516 515/192/515
f 114/259/114 115/261/115 517/196/517 516/194/516
f 115/261/115 116/263/116 518/198/518 517/196/517
f 116/263/116 117/265/117 519/200/519 518/198/518
f 117/265/117 118/267/118 520/202/520 519/200/519
f 118/267/118 119/269/119 521/204/521 520/202/520
f 119/269/119 120/271/120 522/206/522 521/204/521
f 120/271/120 121/273/121 523/208/523 522/206/522
f 121/273/121 122/275/122 524/210/524 523/208/523
f 122/275/122 123/277/123 525/212/525 524/210/524
f 123/277/123 124/279/124 526/214/526 525/212/525
f 124/279/124 125/281/125 527/216/527 526/214/526
f 125/281/125 126/283/126 528/218/528 527/216/527
f 126/283/126 127/285/127 529/220/529 528/218/528
f 127/285/127 128/287/128 530/222/530 529/220/529
f 128/287/128 129/289/129 531/224/531 530/222/530
f 129/289/129 98/228/98 500/162/500 531/224/531
f 533/546/533 227/354/227 226/355/226 532/547/532
f 534/548/534 228/356/228 227/354/227 533/546/533
f 535/549/535 757/357/757 228/356/228 534/548/534
f 536/550/536 229/358/229 757/357/757 535/549/535
f 537/551/537 230/359/230 229/358/229 536/550/536
f 538/552/538 231/360/231 230/359/230 537/551/537
f 539/553/539 758/361/758 231/360/231 538/552/538
f 540/554/540 759/362/759 758/361/758 539/553/539
f 541/555/541 760/363/760 759/362/759 540/554/540
f 542/556/542 232/364/232 760/363/760 541/555/541
f 543/557/543 761/365/761 232/364/232 542/556/542
f 544/558/544 762/366/762 761/365/761 543/557/543
f 545/559/545 763/367/763 762/366/762 544/558/544
f 546/560/546 233/368/233 763/367/763 545/559/545
f 547/561/547 234/369/234 233/368/233 546/560/546
f 548/562/548 235/370/235 234/369/234 547/561/547
f 549/563/549 236/371/236 235/370/235 548/562/548
f 550/564/550 237/372/237 236/371/236 549/563/549
f 551/565/551 238/373/238 237/372/237 550/564/550
f 552/566/552 764/374/764 238/373/238 551/565/551
f 553/567/553 239/375/239 764/374/764 552/566/552
f 554/568/554 765/376/765 239/375/239 553/567/553
f 555/569/555 766/377/766 765/376/765 554/568/554
f 556/570/556 240/378/240 766/377/766 555/569/555
f 557/571/557 767/379/767 240/378/240 556/570/556
f 558/572/558 768/380/768 767/379/767 557/571/557
f 559/573/559 769/381/769 768/380/768 558/572/558
f 560/574/560 241/382/241 769/381/769 559/573/559
f 561/575/561 242/383/242 241/382/241 560/574/560
f 562/576/562 770/384/770 242/383/242 561/575/561
f 563/577/563 243/385/243 770/384/770 562/576/562
f 532/547/532 226/355/226 243/385/243 563/577/563
f 565/578/565 533/579/533 532/580/532 564/581/564
f 566/582/566 534/583/534 533/579/533 565/578/565
f 567/584/567 535/585/535 534/583/534 566/582/566
f 568/586/568 536/587/536 535/585/535 567/584/567
f 569/588/569 537/589/537 536/587/536 568/586/568
f 570/590/570 538/591/538 537/589/537 569/588/569
f 571/592/571 539/593/539 538/591/538 570/590/570
f 572/594/572 540/595/540 539/593/539 571/592/571
f 573/596/573 541/597/541 540/595/540 572/594/572
f 574/598/574 542/599/542 541/597/541 573/596/573
f 575/600/575 543/601/543 542/599/542 574/598/574
f 576/602/576 544/603/544 543/601/543 575/600/575
f 577/604/577 545/605/545 544/603/544 576/602/576
f 578/606/578 546/607/546 545/605/545 577/604/577
f 579/608/579 547/609/547 546/607/546 578/606/578
f 580/610/580 548/611/548 547/609/547 579/608/579
f 581/612/581 549/613/549 548/611/548 580/610/580
f 582/614/582 550/615/550 549/613/549 581/612/581
f 583/616/583 551/617/551 550/615/550 582/614/582
f 584/618/584 552/619/552 551/617/551 583/616/583
f 585/620/585 553/621/553 552/619/552 584/618/584
f 586/622/586 554/623/554 553/621/553 585/620/585
f 587/624/587 555/625/555 554/623/554 586/622/586
f 588/626/588 556/627/556 555/625/555 587/624/587
f 589/628/589 557/629/557 556/627/556 588/626/588
f 590/630/590 558/631/558 557/629/557 589/628/589
f 591/632/591 559/633/559 558/631/558 590/630/590
f 592/634/592 560/635/560 559/633/559 591/632/591
f 593/636/593 561/637/561 560/635/560 592/634/592
f 594/638/594 562/639/562 561/637/561 593/636/593
f 595/640/595 563/641/563 562/639/562 594/638/594
f 564/581/564 532/580/532 563/641/563 595/640/595
f 597/642/597 565/578/565 564/581/564 596/643/596
f 598/644/598 566/582/566 565/578/565 597/642/597
f 599/645/599 567/584/567 566/582/566 598/644/598
f 600/646/600 568/586/568 567/584/567 599/645/599
f 601/647/601 569/588/569 568/586/568 600/646/600
f 602/648/602 570/590/570 569/588/569 601/647/601
f 603/649/603 571/592/571 570/590/570 602/648/602
f 604/650/604 572/594/572 571/592/571 603/649/603
f 605/651/605 573/596/573 572/594/572 604/650/604
f 606/652/606 574/598/574 573/596/573 605/651/605
f 607/653/607 575/600/575 574/598/574 606/652/606
f 608/654/608 576/602/576 575/600/575 607/653/607
f 609/655/609 577/604/577 576/602/576 608/654/608
f 610/656/610 578/606/578 577/604/577 609/655/609
f 611/657/611 579/608/579 578/606/578 610/656/610
f 612/658/612 580/610/580 579/608/579 611/657/611
f 613/659/613 581/612/581 580/610/580 612/658/612
f 614/660/614 582/614/582 581/612/581 613/659/613
f 615/661/615 583/616/583 582/614/582 614/660/614
f 616/662/616 584/618/584 583/616/583 615/661/615
f 617/663/617 585/620/585 584/618/584 616/662/616
f 618/664/618 586/622/586 585/620/585 617/663/617
f 619/665/619 587/624/587 586/622/586 618/664/618
f 620/666/620 588/626/588 587/624/587 619/665/619
f 621/667/621 589/628/589 588/626/588 620/666/620
f 622/668/622 590/630/590 589/628/589 621/667/621
f 623/669/623 591/632/591 590/630/590 622/668/622
f 624/670/624 592/634/592 591/632/591 623/669/623
f 625/671/625 593/636/593 592/634/592 624/670/624
f 626/672/626 594/638/594 593/636/593 625/671/625
f 627/673/627 595/640/595 594/638/594 626/672/626
f 596/643/596 564/581/564 595/640/595 627/673/627
f 629/674/629 597/642/597 596/643/596 628/675/628
f 630/676/630 598/644/598 597/642/597 629/674/629
f 631/677/631 599/645/599 598/644/598 630/676/630
f 632/678/632 600/646/600 599/645/599 631/677/631
f 633/679/633 601/647/601 600/646/600 632/678/632
f 634/680/634 602/648/602 601/647/601 633/679/633
f 635/681/635 603/649/603 602/648/602 634/680/634
f 636/682/636 604/650/604 603/649/603 635/681/635
f 637/683/637 605/651/605 604/650/604 636/682/636
f 638/684/638 606/652/606 605/651/605 637/683/637
f 639/685/639 607/653/607 606/652/606 638/684/638
f 640/686/640 608/654/608 607/653/607 639/685/639
f 641/687/641 609/655/609 608/654/608 640/686/640
f 642/688/642 610/656/610 609/655/609 641/687/641
f 643/689/643 611/657/611 610/656/610 642/688/642
f 644/690/644 612/658/612 611/657/611 643/689/643
f 645/691/645 613/659/613 612/658/612 644/690/644
f 646/692/646 614/660/614 613/659/613 645/691/645
f 647/693/647 615/661/615 614/660/614 646/692/646
f 648/694/648 616/662/616 615/661/615 647/693/647
f 649/695/649 617/663/617 616/662/616 648/694/648
f 650/696/650 618/664/618 617/663/617 649/695/649
f 651/697/651 619/665/619 618/664/618 650/696/650
f 652/698/652 620/666/620 619/665/619 651/697/651
f 653/699/653 621/667/621 620/666/620 652/698/652
f 654/700/654 622/668/622 621/667/621 653/699/653
f 655/701/655 623/669/623 622/668/622 654/700/654
f 656/702/656 624/670/624 623/669/623 655/701/655
f 657/703/657 625/671/625 624/670/624 656/702/656
f 658/704/658 626/672/626 625/671/625 657/703/657
f 659/705/659 627/673/627 626/672/626 658/704/658
f 628/675/628 596/643/596 627/673/627 659/705/659
f 661/706/661 629/674/629 628/675/628 660/707/660
f 662/708/662 630/676/630 629/674/629 661/706/661
f 663/709/663 631/677/631 630/676/630 662/708/662
f 664/710/664 632/678/632 631/677/631 663/709/663
f 665/711/665 633/679/633 632/678/632 664/710/664
f 666/712/666 634/680/634 633/679/633 665/711/665
f 667/713/667 635/681/635 634/680/634 666/712/666
f 668/714/668 636/682/636 635/681/635 667/713/667
f 669/715/669 637/683/637 636/682/636 668/714/668
f 670/716/670 638/684/638 637/683/637 669/715/669
f 671/717/671 639/685/639 638/684/638 670/716/670
f 672/718/672 640/686/640 639/685/639 671/717/671
f 673/719/673 641/687/641 640/686/640 672/718/672
f 674/720/674 642/688/642 641/687/641 673/719/673
f 675/721/675 643/689/643 642/688/642 674/720/674
f 676/722/676 644/690/644 643/689/643 675/721/675
f 677/723/677 645/691/645 644/690/644 676/722/676
f 678/724/678 646/692/646 645/691/645 677/723/677
f 679/725/679 647/693/647 646/692/646 678/724/678
f 680/726/680 648/694/648 647/693/647 679/725/679
f 681/727/681 649/695/649 648/694/648 680/726/680
f 682/728/682 650/696/650 649/695/649 681/727/681
f 683/729/683 651/697/651 650/696/650 682/728/682
f 684/730/684 652/698/652 651/697/651 683/729/683
f 685/731/685 653/699/653 652/698/652 684/730/684
f 686/732/686 654/700/654 653/699/653 685/731/685
f 687/733/687 655/701/655 654/700/654 686/732/686
f 688/734/688 656/702/656 655/701/655 687/733/687
f 689/735/689 657/703/657 656/702/656 688/734/688
f 690/736/690 658/704/658 657/703/657 689/735/689
f 691/737/691 659/705/659 658/704/658 690/736/690
f 660/707/660 628/675/628 659/705/659 691/737/691
f 693/738/693 661/706/661 660/707/660 692/739/692
f 694/740/694 662/708/662 661/706/661 693/738/693
f 695/741/695 663/709/663 662/708/662 694/740/694
f 696/742/696 664/710/664 663/709/663 695/741/695
f 697/743/697 665/711/665 664/710/664 696/742/696
f 698/744/698 666/712/666 665/711/665 697/743/697
f 699/745/699 667/713/667 666/712/666 698/744/698
f 700/746/700 668/714/668 667/713/667 699/745/699
f 701/747/701 669/715/669 668/714/668 700/746/700
f 702/748/702 670/716/670 669/715/669 701/747/701
f 703/749/703 671/717/671 670/716/670 702/748/702
f 704/750/704 672/718/672 671/717/671 703/749/703
f 705/751/705 673/719/673 672/718/672 704/750/704
f 706/752/706 674/720/674 673/719/673 705/751/705
f 707/753/707 675/721/675 674/720/674 706/752/706
f 708/754/708 676/722/676 675/721/675 707/753/707
f 709/755/709 677/723/677 676/722/676 708/754/708
f 710/756/710 678/724/678 677/723/677 709/755/709
f 711/757/711 679/725/679 678/724/678 710/756/710
f 712/758/712 680/726/680 679/725/679 711/757/711
f 713/759/713 681/727/681 680/726/680 712/758/712
f 714/760/714 682/728/682 681/727/681 713/759/713
f 715/761/715 683/729/683 682/728/682 714/760/714
f 716/762/716 684/730/684 683/729/683 715/761/715
f 717/763/717 685/731/685 684/730/684 716/762/716
f 718/764/718 686/732/686 685/731/685 717/763/717
f 719/765/719 687/733/687 686/732/686 718/764/718
f 720/766/720 688/734/688 687/733/687 719/765/719
f 721/767/721 689/735/689 688/734/688 720/766/720
f 722/768/722 690/736/690 689/735/689 721/767/721
f 723/769/723 691/737/691 690/736/690 722/768/722
f 692/739/692 660/707/660 691/737/691 723/769/723
f 725/770/725 693/738/693 692/739/692 724/771/724
f 726/772/726 694/740/694 693/738/693 725/770/725
f 727/773/727 695/741/695 694/740/694 726/772/726
f 728/774/728 696/742/696 695/741/695 727/773/727
f 729/775/729 697/743/697 696/742/696 728/774/728
f 730/776/730 698/744/698 697/743/697 729/775/729
f 731/777/731 699/745/699 698/744/698 730/776/730
f 732/778/732 700/746/700 699/745/699 731/777/731
f 733/779/733 701/747/701 700/746/700 732/778/732
f 734/780/734 702/748/702 701/747/701 733/779/733
f 735/781/735 703/749/703 702/748/702 734/780/734
f 736/782/736 704/750/704 703/749/703 735/781/735
f 737/783/737 705/751/705 704/750/704 736/782/736
f 738/784/738 706/752/706 705/751/705 737/783/737
f 739/785/739 707/753/707 706/752/706 738/784/738
f 740/786/740 708/754/708 707/753/707 739/785/739
f 741/787/741 709/755/709 708/754/708 740/786/740
f 742/788/742 710/756/710 709/755/709 741/787/741
f 743/789/743 711/757/711 710/756/710 742/788/742
f 744/790/744 712/758/712 711/757/711 743/789/743
f 745/791/745 713/759/713 712/758/712 744/790/744
f 746/792/746 714/760/714 713/759/713 745/791/745
f 747/793/747 715/761/715 714/760/714 746/792/746
f 748/794/748 716/762/716 715/761/715 747/793/747
f 749/795/749 717/763/717 716/762/716 748/794/748
f 750/796/750 718/764/718 717/763/717 749/795/749
f 751/797/751 719/765/719 718/764/718 750/796/750
f 752/798/752 720/766/720 719/765/719 751/797/751
f 753/799/753 721/767/721 720/766/720 752/798/752
f 754/800/754 722/768/722 721/767/721 753/799/753
f 755/801/755 723/769/723 722/768/722 754/800/754
f 724/771/724 692/739/692 723/769/723 755/801/755
f 756/802/756 725/770/725 724/771/724
f 756/802/756 726/772/726 725/770/725
f 756/802/756 727/773/727 726/772/726
f 756/802/756 728/774/728 727/773/727
f 756/802/756 729/775/729 728/774/728
f 756/802/756 730/776/730 729/775/729
f 756/802/756 731/777/731 730/776/730
f 756/802/756 732/778/732 731/777/731
f 756/802/756 733/779/733 732/778/732
f 756/802/756 734/780/734 733/779/733
f 756/802/756 735/781/735 734/780/734
f 756/802/756 736/782/736 735/781/735
f 756/802/756 737/783/737 736/782/736
f 756/802/756 738/784/738 737/783/737
f 756/802/756 739/785/739 738/784/738
f 756/802/756 740/786/740 739/785/739
f 756/802/756 741/787/741 740/786/740
f 756/802/756 742/788/742 741/787/741
f 756/802/756 743/789/743 742/788/742
f 756/802/756 744/790/744 743/789/743
f 756/802/756 745/791/745 744/790/744
f 756/802/756 746/792/746 745/791/745
f 756/802/756 747/793/747 746/792/746
f 756/802/756 748/794/748 747/793/747
f 756/802/756 749/795/749 748/794/748
f 756/802/756 750/796/750 749/795/749
f 756/802/756 751/797/751 750/796/750
f 756/802/756 752/798/752 751/797/751
f 756/802/756 753/799/753 752/798/752
f 756/802/756 754/800/754 753/799/753
f 756/802/756 755/801/755 754/800/754
f 756/802/756 724/771/724 755/801/755
