0 0.5 0.8012400269508362
1 0.5 0.7678400278091431
2 0.5 0.8656600117683411
3 0.5 0.7838500142097473
4 0.5 0.8431500196456909
5 0.5 0.8206800222396851
6 0.5 0.2117999941110611
7 0.5 0.8851699829101562
8 0.5 0.9028699994087219
9 0.5 0.20149999856948853
10 0.8845199942588806 0.5347300171852112
11 0.8855699896812439 0.5574600100517273
12 0.8839600086212158 0.5096700191497803
13 0.8859300017356873 0.5758399963378906
14 0.8857200145721436 0.5911700129508972
15 0.8851900100708008 0.603410005569458
16 0.8838899731636047 0.614329993724823
17 0.8797199130058289 0.626550018787384
18 0.8756099939346313 0.624530017375946
19 0.8742499947547913 0.4775499999523163
20 0.8797799944877625 0.4900600016117096
21 0.8685299754142761 0.47078999876976013
22 0.8656499981880188 0.47804000973701477
23 0.7547100186347961 0.38969001173973083
24 0.7307199835777283 0.3605700135231018
25 0.730970025062561 0.39761000871658325
26 0.750249981880188 0.42107000946998596
27 0.756380021572113 0.36048001050949097
28 0.7149199843406677 0.3157599866390228
29 0.6919599771499634 0.7606899738311768
30 0.7106500267982483 0.7428399920463562
31 0.7007899880409241 0.7315899729728699
32 0.6825500130653381 0.7478700280189514
33 0.7007899880409241 0.7745599746704102
34 0.7205899953842163 0.7545099854469299
35 0.7259200215339661 0.7235000133514404
36 0.7158799767494202 0.7145299911499023
37 0.7362800240516663 0.732729971408844
38 0.727180004119873 0.4319300055503845
39 0.7438600063323975 0.4519500136375427
40 0.6908599734306335 0.7214300036430359
41 0.6733800172805786 0.7358400225639343
42 0.7061399817466736 0.705839991569519
43 0.7190799713134766 0.6890599727630615
44 0.7284299731254578 0.670490026473999
45 0.5188800096511841 0.7679600119590759
46 0.5208500027656555 0.8204200267791748
47 0.5200999975204468 0.8011599779129028
48 0.7277299761772156 0.5107200145721436
49 0.7141000032424927 0.49015000462532043
50 0.7210699915885925 0.46254000067710876
51 0.7357699871063232 0.48219001293182373
52 0.5401300191879272 0.8008300065994263
53 0.5387700200080872 0.7838299870491028
54 0.5195299983024597 0.7839099764823914
55 0.7286099791526794 0.6961399912834167
56 0.7388499975204468 0.7033299803733826
57 0.7496799826622009 0.7109299898147583
58 0.5418999791145325 0.8197500109672546
59 0.5374100208282471 0.7678999900817871
60 0.5241900086402893 0.8650799989700317
61 0.5220299959182739 0.8428699970245361
62 0.5443500280380249 0.8417699933052063
63 0.7093799710273743 0.7877200245857239
64 0.730650007724762 0.7656099796295166
65 0.7469599843025208 0.741919994354248
66 0.7965700030326843 0.5474799871444702
67 0.7996299862861633 0.5284000039100647
68 0.7907999753952026 0.513949990272522
69 0.7854999899864197 0.5372800230979919
70 0.6060900092124939 0.23050999641418457
71 0.6615099906921387 0.26469001173973083
72 0.5530800223350525 0.21774999797344208
73 0.7452999949455261 0.5406200289726257
74 0.753849983215332 0.5050299763679504
75 0.7664899826049805 0.5524600148200989
76 0.7716599702835083 0.5231299996376038
77 0.7387700080871582 0.6761500239372253
78 0.7497400045394897 0.6825000047683716
79 0.7615500092506409 0.6891199946403503
80 0.760919988155365 0.718970000743866
81 0.7737200260162354 0.6962699890136719
82 0.8625800013542175 0.4572800099849701
83 0.5484200119972229 0.8630899786949158
84 0.7409399747848511 0.7755200266838074
85 0.7577999830245972 0.7507699728012085
86 0.7805299758911133 0.3953399956226349
87 0.7750700116157532 0.4185500144958496
88 0.8722599744796753 0.6409900188446045
89 0.6558300256729126 0.7472500205039978
90 0.664080023765564 0.7605699896812439
91 0.7184699773788452 0.7993299961090088
92 0.6723999977111816 0.7749099731445312
93 0.6377000212669373 0.7559300065040588
94 0.6441299915313721 0.770550012588501
95 0.6176900267601013 0.7624099850654602
96 0.6226199865341187 0.7777699828147888
97 0.6502299904823303 0.7860599756240845
98 0.6274600028991699 0.7937099933624268
99 0.5790200233459473 0.7830399870872498
100 0.5585799813270569 0.783519983291626
101 0.5606799721717834 0.8002300262451172
102 0.5822299718856812 0.7994999885559082
103 0.5633299946784973 0.8186100125312805
104 0.5852299928665161 0.8172799944877625
105 0.5757899880409241 0.7671899795532227
106 0.5563600063323975 0.7676200270652771
107 0.6040400266647339 0.7978900074958801
108 0.607990026473999 0.8143900036811829
109 0.6318299770355225 0.8101800084114075
110 0.6003299951553345 0.7820900082588196
111 0.5962399840354919 0.7663599848747253
112 0.7416899800300598 0.6290900111198425
113 0.7476599812507629 0.5783500075340271
114 0.7602099776268005 0.6088899970054626
115 0.7638599872589111 0.582040011882782
116 0.7460899949073792 0.605929970741272
117 0.7542700171470642 0.6327900290489197
118 0.768090009689331 0.6370900273323059
119 0.7817100286483765 0.6416400074958801
120 0.774590015411377 0.6134099960327148
121 0.7821400165557861 0.562309980392456
122 0.7785099744796753 0.5880600214004517
123 0.7872300148010254 0.6182000041007996
124 0.7962999939918518 0.5709400177001953
125 0.8043500185012817 0.5844900012016296
126 0.8021199703216553 0.6009500026702881
127 0.7911999821662903 0.5945000052452087
128 0.8001599907875061 0.6213600039482117
129 0.7618299722671509 0.47304001450538635
130 0.7693099975585938 0.44536998867988586
131 0.7791500091552734 0.4948900043964386
132 0.8442299962043762 0.4384100139141083
133 0.5306699872016907 0.9010400176048279
134 0.5270799994468689 0.8831999897956848
135 0.5602399706840515 0.8978000283241272
136 0.553820013999939 0.8805699944496155
137 0.7821900248527527 0.7648400068283081
138 0.7694200277328491 0.7586699724197388
139 0.7523900270462036 0.7840700149536133
140 0.7651600241661072 0.7907299995422363
141 0.7294899821281433 0.8090000152587891
142 0.7427800297737122 0.8184300065040588
143 0.7722700238227844 0.7271599769592285
144 0.7855299711227417 0.7040200233459473
145 0.7988700270652771 0.6464300155639648
146 0.8200399875640869 0.646619975566864
147 0.7842000126838684 0.7345799803733826
148 0.7970799803733826 0.7401000261306763
149 0.7971400022506714 0.711139976978302
150 0.8263199925422668 0.6523399949073792
151 0.8629099726676941 0.6509100198745728
152 0.8093000054359436 0.7163199782371521
153 0.8339099884033203 0.6563199758529663
154 0.8529700040817261 0.656440019607544
155 0.8428999781608582 0.6580899953842163
156 0.6133300065994263 0.8313300013542175
157 0.6362500190734863 0.8263800144195557
158 0.5670300126075745 0.839389979839325
159 0.5899999737739563 0.8358399868011475
160 0.5726000070571899 0.8595700263977051
161 0.5967699885368347 0.8546500205993652
162 0.5799400210380554 0.8771100044250488
163 0.6056100130081177 0.8722900152206421
164 0.6210200190544128 0.8488600254058838
165 0.6311900019645691 0.8654800057411194
166 0.5889400243759155 0.8935700058937073
167 0.6167100071907043 0.8877999782562256
168 0.6558200120925903 0.8019700050354004
169 0.6801599860191345 0.7897700071334839
170 0.6872199773788452 0.804069995880127
171 0.6951000094413757 0.8168900012969971
172 0.645359992980957 0.8422399759292603
173 0.6696199774742126 0.8319900035858154
174 0.6611800193786621 0.8172199726104736
175 0.7053200006484985 0.8300099968910217
176 0.6566500067710876 0.8575599789619446
177 0.6812599897384644 0.8456900119781494
178 0.643809974193573 0.879859983921051
179 0.7196400165557861 0.8395799994468689
180 0.6707000136375427 0.8704699873924255
181 0.6957600116729736 0.8567299842834473
182 0.7356600165367126 0.6504300236701965
183 0.7593399882316589 0.6604899764060974
184 0.7470200061798096 0.6550800204277039
185 0.7723000049591064 0.6661999821662903
186 0.7857800126075745 0.6730499863624573
187 0.7976199984550476 0.6820099949836731
188 0.8086199760437012 0.6893600225448608
189 0.8196200132369995 0.6942800283432007
190 0.7981899976730347 0.49472999572753906
191 0.789929986000061 0.4690900444984436
192 0.7916100025177002 0.44117000699043274
193 0.8041399717330933 0.512470006942749
194 0.7965099811553955 0.421889990568161
195 0.8546900153160095 0.4457300007343292
196 0.8030999898910522 0.4088200032711029
197 0.7868099808692932 0.37961000204086304
198 0.7623699903488159 0.3422999978065491
199 0.7232400178909302 0.29848000407218933
200 0.6696100234985352 0.2548399865627289
201 0.6100000143051147 0.22039000689983368
202 0.5539399981498718 0.20765000581741333
203 0.8532099723815918 0.531719982624054
204 0.8445500135421753 0.5106899738311768
205 0.8426300287246704 0.5149099826812744
206 0.838919997215271 0.5019699931144714
207 0.8369200229644775 0.5081999897956848
208 0.8319799304008484 0.5519899725914001
209 0.8372600674629211 0.5527799725532532
210 0.8471199870109558 0.5425000190734863
211 0.8352000117301941 0.4864400029182434
212 0.8332300186157227 0.49393001198768616
213 0.8409500122070312 0.49619001150131226
214 0.8315200209617615 0.5956799983978271
215 0.8308600187301636 0.5861999988555908
216 0.827489972114563 0.5902799963951111
217 0.8284199833869934 0.600629985332489
218 0.8442299962043762 0.6118999719619751
219 0.8417400121688843 0.6078500151634216
220 0.8398200273513794 0.5658699870109558
221 0.838699996471405 0.5730999708175659
222 0.8544899821281433 0.5861499905586243
223 0.8553299903869629 0.5566499829292297
224 0.8349599838256836 0.5135599970817566
225 0.84757000207901 0.614300012588501
226 0.8465999960899353 0.5068399906158447
227 0.8583300113677979 0.5569599866867065
228 0.8612300157546997 0.5568900108337402
229 0.856249988079071 0.5307499766349792
230 0.8508399724960327 0.49970000982284546
231 0.8531399965286255 0.497079998254776
232 0.8466500043869019 0.4837400019168854
233 0.8446499705314636 0.4870299994945526
234 0.8601800203323364 0.5862100124359131
235 0.862559974193573 0.5869100093841553
236 0.8510000109672546 0.6147500276565552
237 0.8540599942207336 0.6139100193977356
238 0.8615099787712097 0.6038900017738342
239 0.8569599986076355 0.6122599840164185
240 0.8640599846839905 0.6248000264167786
241 0.842769980430603 0.623769998550415
242 0.8383200168609619 0.6209099888801575
243 0.8303099870681763 0.6108099818229675
244 0.8329700231552124 0.6054900288581848
245 0.8475000262260437 0.6241700053215027
246 0.8636999726295471 0.5276200175285339
247 0.8680400252342224 0.5549799799919128
248 0.8614599704742432 0.5291100144386292
249 0.8659200072288513 0.555869996547699
250 0.8686599731445312 0.5874500274658203
251 0.8664399981498718 0.5872399806976318
252 0.8518900275230408 0.6226900219917297
253 0.852429986000061 0.6261900067329407
254 0.8476399779319763 0.6281999945640564
255 0.8557900190353394 0.620199978351593
256 0.8567699790000916 0.6230700016021729
257 0.8666700124740601 0.6068300008773804
258 0.8648499846458435 0.605650007724762
259 0.8609600067138672 0.6193000078201294
260 0.8596600294113159 0.6170799732208252
261 0.860480010509491 0.634090006351471
262 0.8209400177001953 0.5992199778556824
263 0.805109977722168 0.5668399930000305
264 0.8051400184631348 0.5529099702835083
265 0.8111400008201599 0.6036999821662903
266 0.8169699907302856 0.6028599739074707
267 0.810920000076294 0.589739978313446
268 0.8108299970626831 0.5679699778556824
269 0.8204799890518188 0.490090012550354
270 0.8151400089263916 0.5006300210952759
271 0.8207100033760071 0.5017499923706055
272 0.8395400047302246 0.47589999437332153
273 0.8243600130081177 0.4703899919986725
274 0.8198800086975098 0.4640499949455261
275 0.817330002784729 0.4728200137615204
276 0.8219299912452698 0.4790099859237671
277 0.8337000012397766 0.4560199975967407
278 0.8226500153541565 0.4571000039577484
279 0.8310099840164185 0.45941001176834106
280 0.8296499848365784 0.4778499901294708
281 0.816510021686554 0.5906999707221985
282 0.8171399831771851 0.5129799842834473
283 0.8205199837684631 0.5277400016784668
284 0.8235700130462646 0.5358200073242188
285 0.8321700096130371 0.5634499788284302
286 0.8279100060462952 0.5805699825286865
287 0.8313999772071838 0.5786499977111816
288 0.8352800011634827 0.5638800263404846
289 0.8208400011062622 0.5874500274658203
290 0.8151299953460693 0.5694400072097778
291 0.8184499740600586 0.5680099725723267
292 0.8217499852180481 0.5650799870491028
293 0.8388100266456604 0.5851600170135498
294 0.8381699919700623 0.5783399939537048
295 0.8402400016784668 0.6013699769973755
296 0.8369500041007996 0.5746600031852722
297 0.8349599838256836 0.6148499846458435
298 0.8392699956893921 0.5929200053215027
299 0.8107900023460388 0.5575100183486938
300 0.8110100626945496 0.5497400164604187
301 0.807699978351593 0.5398899912834167
302 0.8134599924087524 0.5430200099945068
303 0.8187599778175354 0.5210099816322327
304 0.8174200057983398 0.548229992389679
305 0.8146200180053711 0.5603500008583069
306 0.813979983329773 0.5516600012779236
307 0.8203200697898865 0.5557000041007996
308 0.8174099922180176 0.5597100257873535
309 0.8164299726486206 0.5533900260925293
310 0.8182799816131592 0.6151900291442871
311 0.8118799924850464 0.6194900274276733
312 0.8217499852180481 0.626550018787384
313 0.842490017414093 0.628279983997345
314 0.8373500108718872 0.6255599856376648
315 0.8330399990081787 0.6196799874305725
316 0.8259000182151794 0.6385599970817566
317 0.8325700163841248 0.6418399810791016
318 0.8339200019836426 0.6378899812698364
319 0.8275399804115295 0.6333600282669067
320 0.8399699926376343 0.6446800231933594
321 0.8408499956130981 0.6406599879264832
322 0.8544600009918213 0.6386500000953674
323 0.8553100228309631 0.6430299878120422
324 0.8478999733924866 0.6454700231552124
325 0.8478699922561646 0.6409900188446045
326 0.8382200002670288 0.5680099725723267
327 0.8306400179862976 0.5091999769210815
328 0.8259199857711792 0.5050600171089172
329 0.8275499939918518 0.48603999614715576
330 0.826259970664978 0.49577999114990234
331 0.8318099975585938 0.5019000172615051
332 0.8619899749755859 0.568149983882904
333 0.8592600226402283 0.5682500004768372
334 0.8559899926185608 0.5683299899101257
335 0.8394100069999695 0.5604199767112732
336 0.8373399972915649 0.5662800073623657
337 0.8346700072288513 0.5763900279998779
338 0.8351100087165833 0.5821099877357483
339 0.8358700275421143 0.5909299850463867
340 0.8368499875068665 0.5990399718284607
341 0.8379499912261963 0.60794997215271
342 0.83992999792099 0.6146100163459778
343 0.8431900143623352 0.6182500123977661
344 0.8473299741744995 0.6196600198745728
345 0.8513799905776978 0.6191200017929077
346 0.854960024356842 0.6173999905586243
347 0.858430027961731 0.6150500178337097
348 0.863349974155426 0.6049100160598755
349 0.8645300269126892 0.5870800018310547
350 0.8684300184249878 0.566789984703064
351 0.8663399815559387 0.5672900080680847
352 0.8486300110816956 0.5030199885368347
353 0.8428099751472473 0.4912799894809723
354 0.8589900135993958 0.5299999713897705
355 0.8274400234222412 0.463809996843338
356 0.8321999907493591 0.47165998816490173
357 0.8374000191688538 0.480569988489151
358 0.8637099862098694 0.5565000176429749
359 0.8642399907112122 0.5677700042724609
360 0.8094099760055542 0.525439977645874
361 0.8182200193405151 0.5408099889755249
362 0.8226699829101562 0.5476499795913696
363 0.8139600157737732 0.5336899757385254
364 0.80690997838974 0.5765100717544556
365 0.8200899958610535 0.5777000188827515
366 0.8112099766731262 0.578540027141571
367 0.8158199787139893 0.5797799825668335
368 0.8312100172042847 0.4491199851036072
369 0.8265100121498108 0.45214998722076416
370 0.8293899893760681 0.628790020942688
371 0.8351600170135498 0.6339799761772156
372 0.8247900009155273 0.6209700107574463
373 0.8219699859619141 0.6107400059700012
374 0.8476799726486206 0.6366299986839294
375 0.8591099977493286 0.6301199793815613
376 0.8536099791526794 0.6343799829483032
377 0.8413800001144409 0.6365799903869629
378 0.8388000726699829 0.5751699805259705
379 0.8481900095939636 0.5650500059127808
380 0.8486999869346619 0.5540199875831604
381 0.8436400294303894 0.5758699774742126
382 0.8417099714279175 0.5798299908638
383 0.8522300124168396 0.5557399988174438
384 0.8519100546836853 0.5693399906158447
385 0.8451600074768066 0.5799800157546997
386 0.8424800038337708 0.5854300260543823
387 0.8217300176620483 0.5116099715232849
388 0.8224899768829346 0.5188900232315063
389 0.8261500000953674 0.5126000046730042
390 0.8260499835014343 0.5189899802207947
391 0.829990029335022 0.5160999894142151
392 0.8291800022125244 0.5217599868774414
393 0.8334299921989441 0.5193899869918823
394 0.8322299718856812 0.5248200297355652
395 0.8368200063705444 0.5212200880050659
396 0.8359699845314026 0.5259000062942505
397 0.8404499888420105 0.5194600224494934
398 0.8397600054740906 0.5261800289154053
399 0.8503900170326233 0.5428000092506409
400 0.8478900194168091 0.5329200029373169
401 0.8451499938964844 0.5342900156974792
402 0.8683500289916992 0.6183300018310547
403 0.8644999861717224 0.6142899990081787
404 0.8629000186920166 0.6125800013542175
405 0.8614500164985657 0.611240029335022
406 0.8596100211143494 0.6092900037765503
407 0.868120014667511 0.5976700186729431
408 0.8662099838256836 0.5969099998474121
409 0.8645099997520447 0.5964199900627136
410 0.8626499772071838 0.5960400104522705
411 0.8603399991989136 0.5943099856376648
412 0.8552600145339966 0.5940499901771545
413 0.8685600161552429 0.577269971370697
414 0.8664199709892273 0.5773500204086304
415 0.8644199967384338 0.577530026435852
416 0.8623300194740295 0.577709972858429
417 0.8598399758338928 0.5776600241661072
418 0.8565999865531921 0.5773199796676636
419 0.8563200235366821 0.5438100099563599
420 0.85944002866745 0.543749988079071
421 0.862089991569519 0.5436000227928162
422 0.864359974861145 0.5431200265884399
423 0.8665000200271606 0.5420500040054321
424 0.8510000109672546 0.6104999780654907
425 0.8534500002861023 0.6100199818611145
426 0.8495200276374817 0.604669988155365
427 0.851170003414154 0.6010400056838989
428 0.8495200276374817 0.5950700044631958
429 0.8476700186729431 0.6005200147628784
430 0.8460500240325928 0.596560001373291
431 0.8468300104141235 0.5883700251579285
432 0.8439099788665771 0.6007900238037109
433 0.8431800007820129 0.5935099720954895
434 0.8620399832725525 0.6383100152015686
435 0.8729400038719177 0.6223599910736084
436 0.867929995059967 0.6315500140190125
437 0.8658900260925293 0.6279600262641907
438 0.8705499768257141 0.6203299760818481
439 0.8592299818992615 0.5122100114822388
440 0.8567600250244141 0.5143399834632874
441 0.8542500138282776 0.5161399841308594
442 0.8519399762153625 0.518280029296875
443 0.8495200276374817 0.5205000042915344
444 0.8147100210189819 0.46741002798080444
445 0.8162500262260437 0.45976001024246216
446 0.8191099762916565 0.45263001322746277
447 0.8349800109863281 0.4671500027179718
448 0.8375200033187866 0.46434998512268066
449 0.8415499925613403 0.4726400077342987
450 0.8701800107955933 0.6355000138282776
451 0.8632199764251709 0.6431800127029419
452 0.8550300002098083 0.6483299732208252
453 0.8461199998855591 0.6500800251960754
454 0.8375800251960754 0.6485999822616577
455 0.830489993095398 0.6456599831581116
456 0.8256800174713135 0.643090009689331
457 0.8244799971580505 0.5727700591087341
458 0.824400007724762 0.5829600095748901
459 0.8240900039672852 0.5945600271224976
460 0.8252000212669373 0.6057000160217285
461 0.8275600075721741 0.6159200072288513
462 0.8312199711799622 0.6241899728775024
463 0.836329996585846 0.629800021648407
464 0.8419899940490723 0.632420003414154
465 0.8476799726486206 0.6322699785232544
466 0.8529899716377258 0.6300899982452393
467 0.8578900098800659 0.6263800263404846
468 0.8624500036239624 0.6218900084495544
469 0.8663399815559387 0.6162700057029724
470 0.8687999844551086 0.608269989490509
471 0.8702700138092041 0.5982000231742859
472 0.8708800077438354 0.5876200199127197
473 0.8707399964332581 0.5772600173950195
474 0.8705400228500366 0.5662999749183655
475 0.8701000213623047 0.5538100004196167
476 0.8684700131416321 0.5402600169181824
477 0.8655700087547302 0.5253599882125854
478 0.8613600134849548 0.5095499753952026
479 0.8554999828338623 0.4944399893283844
480 0.8489599823951721 0.4812000095844269
481 0.843720018863678 0.47036001086235046
482 0.8405100107192993 0.4628799855709076
483 0.8381500244140625 0.4554400146007538
484 0.837689995765686 0.4488399922847748
485 0.8484200239181519 0.6090899705886841
486 0.8458899855613708 0.6056399941444397
487 0.8525400161743164 0.6057100296020508
488 0.8510100245475769 0.6071299910545349
489 0.836870014667511 0.4429500102996826
490 0.8451499938964844 0.4460200071334839
491 0.8293799757957458 0.4438000023365021
492 0.8234000205993652 0.447409987449646
493 0.8538600206375122 0.4539799988269806
494 0.8608199954032898 0.46608999371528625
495 0.8110100030899048 0.4689300060272217
496 0.8116599917411804 0.45767998695373535
497 0.8150699734687805 0.44854000210762024
498 0.8264399766921997 0.4378199875354767
499 0.8343200087547302 0.4363200068473816
500 0.8202199935913086 0.44189000129699707
501 0.8533099889755249 0.5435000061988831
502 0.845009982585907 0.5251700282096863
503 0.8429800271987915 0.5289499759674072
504 0.8504599928855896 0.5324400067329407
505 0.8472200036048889 0.5228000283241272
506 0.8262500166893005 0.53125
507 0.8234699964523315 0.5249099731445312
508 0.8328099846839905 0.5395399928092957
509 0.8364999890327454 0.5406699776649475
510 0.8343799710273743 0.5319700241088867
511 0.8310199975967407 0.529990017414093
512 0.8380900621414185 0.5334500670433044
513 0.8409900069236755 0.5326799750328064
514 0.841949999332428 0.5368499755859375
515 0.8435099720954895 0.5442799925804138
516 0.8450700044631958 0.5542500019073486
517 0.8449299931526184 0.563539981842041
518 0.8420000076293945 0.573419988155365
519 0.8404099941253662 0.5760999917984009
520 0.8267899751663208 0.5451800227165222
521 0.8291800022125244 0.5362300276756287
522 0.8390200138092041 0.539139986038208
523 0.8403400182723999 0.5475199818611145
524 0.8418999910354614 0.5563300251960754
525 0.8420199751853943 0.5638800263404846
526 0.8404200077056885 0.5725299715995789
527 0.8397900462150574 0.5745700597763062
528 0.8479899764060974 0.5753600001335144
529 0.8457900285720825 0.5717099905014038
530 0.8434799909591675 0.5696700215339661
531 0.8412100076675415 0.569130003452301
532 0.8392300009727478 0.5699599981307983
533 0.8374199867248535 0.5711899995803833
534 0.835640013217926 0.5716500282287598
535 0.8329799771308899 0.5721200108528137
536 0.8288699984550476 0.5718500018119812
537 0.8557900190353394 0.6085600256919861
538 0.8579099774360657 0.605970025062561
539 0.8594499826431274 0.6013200283050537
540 0.8533099889755249 0.5783200263977051
541 0.8499799966812134 0.5816900134086609
542 0.856249988079071 0.6009500026702881
543 0.8290299773216248 0.5581899881362915
544 0.8268600106239319 0.5613300204277039
545 0.8252099752426147 0.5555599927902222
546 0.8271099925041199 0.553409993648529
547 0.8244699835777283 0.5629299879074097
548 0.8233400583267212 0.5579800009727478
549 0.8279600143432617 0.5663599967956543
550 0.8258699774742126 0.5672500133514404
551 0.8298799991607666 0.5631899833679199
552 0.82819002866745 0.5267300009727478
553 0.8259199857711792 0.5235400199890137
554 0.8815299868583679 0.5380799770355225
555 0.8827099800109863 0.6086500883102417
556 0.883080005645752 0.5895000100135803
557 0.8827400207519531 0.5580899715423584
558 0.8829900026321411 0.6006900072097778
559 0.8831700086593628 0.5753700137138367
560 0.8804500102996826 0.5167999863624573
561 0.8809199929237366 0.6108899712562561
562 0.8808599710464478 0.5995200276374817
563 0.8806800246238708 0.5881400108337402
564 0.8805299997329712 0.5752900242805481
565 0.8799499869346619 0.5597599744796753
566 0.8787199854850769 0.5420100092887878
567 0.8770700097084045 0.5228700041770935
568 0.874180018901825 0.48719000816345215
569 0.8714900016784668 0.48805001378059387
570 0.8776599764823914 0.4984999895095825
571 0.875029981136322 0.5043299794197083
572 0.8788800239562988 0.5991700291633606
573 0.878790020942688 0.5875899791717529
574 0.8785200119018555 0.5754500031471252
575 0.8779000043869019 0.5614799857139587
576 0.8768699765205383 0.5454800128936768
577 0.8749499917030334 0.5277400016784668
578 0.8784499764442444 0.6113600134849548
579 0.8692399859428406 0.4925200045108795
580 0.8725900053977966 0.5095300078392029
581 0.8721699714660645 0.5523499846458435
582 0.8730300068855286 0.587660014629364
583 0.8672999739646912 0.5221899747848511
584 0.8608099818229675 0.4871099889278412
585 0.8580800294876099 0.4911800026893616
586 0.8519399762153625 0.4783500134944916
587 0.8712000250816345 0.6097099781036377
588 0.8552600145339966 0.4750100076198578
589 0.8726699948310852 0.5657200217247009
590 0.858240008354187 0.47134000062942505
591 0.8726300001144409 0.5986300110816956
592 0.8728700280189514 0.5771600008010864
593 0.8703500032424927 0.5378000140190125
594 0.8736699819564819 0.6107000112533569
595 0.8749300241470337 0.5990800261497498
596 0.8751400113105774 0.587689995765686
597 0.8749399781227112 0.5767199993133545
598 0.8746399879455566 0.5646499991416931
599 0.8740100264549255 0.5505200028419495
600 0.8719900250434875 0.5348399877548218
601 0.8690800070762634 0.5182600021362305
602 0.8654999732971191 0.5016899704933167
603 0.8634099960327148 0.5060999989509583
604 0.8449599742889404 0.45263999700546265
605 0.843720018863678 0.45868998765945435
606 0.8432300090789795 0.46281999349594116
607 0.8519999980926514 0.46055999398231506
608 0.8491899967193604 0.4650000035762787
609 0.8463299870491028 0.46818000078201294
610 0.8761399984359741 0.6111500263214111
611 0.877020001411438 0.5991299748420715
612 0.8770599961280823 0.5875499844551086
613 0.876800000667572 0.5760499835014343
614 0.8763099908828735 0.5631399750709534
615 0.8754600286483765 0.5482199788093567
616 0.8732600212097168 0.5315600037574768
617 0.8631500005722046 0.4828599989414215
618 0.8673200011253357 0.4970499873161316
619 0.8706899881362915 0.5140399932861328
620 0.8064200282096863 0.4866800010204315
621 0.8032500147819519 0.46869999170303345
622 0.8039100170135498 0.45243000984191895
623 0.8078600168228149 0.43884000182151794
624 0.8139100074768066 0.42917001247406006
625 0.8213300108909607 0.4239000082015991
626 0.8298500180244446 0.4226900041103363
627 0.8408100008964539 0.42594999074935913
628 0.8535900115966797 0.43386998772621155
629 0.8633300065994263 0.4449999928474426
630 0.8690699934959412 0.4539699852466583
631 0.8763499855995178 0.4673199951648712
632 0.8823300004005432 0.4862099885940552
633 0.8855800032615662 0.504610002040863
634 0.8872399926185608 0.5322999954223633
635 0.8883699774742126 0.557699978351593
636 0.8887699842453003 0.5743399858474731
637 0.888949990272522 0.5920199751853943
638 0.8881700038909912 0.6078299880027771
639 0.8867400288581848 0.6196799874305725
640 0.8822799921035767 0.6368600130081177
641 0.8734800219535828 0.6534000039100647
642 0.8619999885559082 0.6661400198936462
643 0.8496999740600586 0.673229992389679
644 0.8382099866867065 0.6747499704360962
645 0.8277900218963623 0.6729699969291687
646 0.818340003490448 0.6686300039291382
647 0.8091300129890442 0.6610599756240845
648 0.816330075263977 0.6355000138282776
649 0.8571500182151794 0.5851699709892273
650 0.8575599789619446 0.592739999294281
651 0.854449987411499 0.6035299897193909
652 0.8532199859619141 0.5972700119018555
653 0.8519899845123291 0.5896400213241577
654 0.8577000498771667 0.5984899997711182
655 0.8141000866889954 0.4828999936580658
656 0.8094900250434875 0.504069983959198
657 0.812749981880188 0.5173799991607666
658 0.8155800104141235 0.5262200236320496
659 0.8184900283813477 0.5328999757766724
660 0.8215500712394714 0.53889000415802
661 0.5 0.7523999810218811
662 0.5 0.7365099787712097
663 0.5 0.22020000219345093
664 0.5 0.25297999382019043
665 0.5 0.26524001359939575
666 0.5 0.3274199962615967
667 0.5 0.29322001338005066
668 0.5 0.23003000020980835
669 0.5 0.3799099922180176
670 0.5 0.3739599883556366
671 0.5 0.36785998940467834
672 0.5 0.34841999411582947
673 0.5 0.35537999868392944
674 0.5 0.27845999598503113
675 0.5 0.31870999932289124
676 0.5 0.34139999747276306
677 0.5 0.33458998799324036
678 0.5 0.30741000175476074
679 0.5 0.7209200263023376
680 0.5 0.705780029296875
681 0.5 0.5906199812889099
682 0.5 0.6013500094413757
683 0.5 0.5655999779701233
684 0.5 0.6217300295829773
685 0.5 0.678600013256073
686 0.5 0.5729399919509888
687 0.5 0.4986000061035156
688 0.5 0.4846400022506714
689 0.5 0.5120599865913391
690 0.5 0.5057899951934814
691 0.5 0.547980010509491
692 0.5 0.6656200289726257
693 0.5 0.46285000443458557
694 0.5 0.5304099917411804
695 0.5 0.5811600089073181
696 0.5 0.45855000615119934
697 0.5 0.6316800117492676
698 0.5 0.5178400278091431
699 0.5 0.6534799933433533
700 0.5 0.6920400261878967
701 0.5 0.5236300230026245
702 0.5 0.49136999249458313
703 0.5 0.5386800169944763
704 0.5 0.612089991569519
705 0.5 0.4785799980163574
706 0.5 0.3993600010871887
707 0.5 0.39465999603271484
708 0.49999749660491943 0.6498700380325317
709 0.5 0.42559000849723816
710 0.49999502301216125 0.9045199751853943
711 0.5 0.40968000888824463
712 0.5 0.40435001254081726
713 0.49999502301216125 0.8846700191497803
714 0.4999949634075165 0.9435200095176697
715 0.5 0.38999998569488525
716 0.49999499320983887 0.8822100162506104
717 0.49999499320983887 0.8872299790382385
718 0.49999499320983887 0.8896999955177307
719 0.49999499320983887 0.917389988899231
720 0.5 0.38547998666763306
721 0.49999499320983887 0.9923200011253357
722 0.49999749660491943 0.6594949960708618
723 0.49999499320983887 0.9704899787902832
724 0.5 0.4452599883079529
725 0.5 0.4503200054168701
726 0.5 0.4347800016403198
727 0.5 0.4299899935722351
728 0.49999502301216125 0.9035099744796753
729 0.49999499320983887 0.923229992389679
730 0.5 0.4399000108242035
731 0.49999499320983887 0.9007099866867065
732 0.49999502301216125 0.9077600240707397
733 0.5 0.9142699837684631
734 0.49999499320983887 0.9430299997329712
735 0.5 0.4545600116252899
736 0.5 0.4148100018501282
737 0.4999949634075165 0.9740999937057495
738 0.49999499320983887 0.993910014629364
739 0.49999502301216125 0.8924999833106995
740 0.49999502301216125 0.8966000080108643
741 0.5 0.6421700119972229
742 0.6083999872207642 0.7333599925041199
743 0.5892000198364258 0.7356600165367126
744 0.5924299955368042 0.7508100271224976
745 0.6127300262451172 0.7475500106811523
746 0.71875 0.6660199761390686
747 0.709659993648529 0.6830000281333923
748 0.7098699808120728 0.6619600057601929
749 0.7008100152015686 0.6774100065231323
750 0.5183500051498413 0.7524700164794922
751 0.7056400179862976 0.5128600001335144
752 0.7166200280189514 0.5327500104904175
753 0.6815599799156189 0.712660014629364
754 0.6653500199317932 0.7250999808311462
755 0.6963300108909607 0.6986299753189087
756 0.7055699825286865 0.549310028553009
757 0.7133499979972839 0.5688599944114685
758 0.7268800139427185 0.5566499829292297
759 0.6735799908638 0.7046300172805786
760 0.6584699749946594 0.7151299715042114
761 0.6878200173377991 0.6918699741363525
762 0.696619987487793 0.5316100120544434
763 0.517799973487854 0.7365300059318542
764 0.536080002784729 0.7523800134658813
765 0.5347099900245667 0.736739993095398
766 0.5575000047683716 0.39087000489234924
767 0.561240017414093 0.38495999574661255
768 0.5487200021743774 0.3808000087738037
769 0.5455999970436096 0.38679999113082886
770 0.5694199800491333 0.39587000012397766
771 0.5734300017356873 0.390639990568161
772 0.5227100253105164 0.3815999925136566
773 0.5242900252342224 0.3758000135421753
774 0.5121999979019165 0.3744400143623352
775 0.5113999843597412 0.3803200125694275
776 0.5339000225067139 0.38359999656677246
777 0.536270022392273 0.37773001194000244
778 0.5656899809837341 0.3784500062465668
779 0.552619993686676 0.37391000986099243
780 0.5780199766159058 0.38510000705718994
781 0.712119996547699 0.3799000084400177
782 0.7048500180244446 0.34373000264167786
783 0.6836299896240234 0.30379998683929443
784 0.5926700234413147 0.41422000527381897
785 0.5947499871253967 0.4201200008392334
786 0.5996500253677368 0.420879989862442
787 0.5971900224685669 0.412880003452301
788 0.5801399946212769 0.40156999230384827
789 0.584089994430542 0.39732998609542847
790 0.5888500213623047 0.3738499879837036
791 0.588699996471405 0.3931199908256531
792 0.6008999943733215 0.38530001044273376
793 0.5968599915504456 0.4021899998188019
794 0.6101499795913696 0.3982900083065033
795 0.6048799753189087 0.42181000113487244
796 0.5992400050163269 0.4291999936103821
797 0.6050199866294861 0.43163999915122986
798 0.5920600295066833 0.4047499895095825
799 0.711359977722168 0.4148299992084503
800 0.6568400263786316 0.4691399931907654
801 0.6636300086975098 0.4781999886035919
802 0.6680799722671509 0.45816999673843384
803 0.6603599786758423 0.4495899975299835
804 0.5755699872970581 0.3643999993801117
805 0.6876099705696106 0.5149999856948853
806 0.69514000415802 0.49533000588417053
807 0.7020300030708313 0.47257000207901
808 0.6790099740028381 0.5003700256347656
809 0.6853399872779846 0.480459988117218
810 0.588129997253418 0.40782999992370605
811 0.6021599769592285 0.41203001141548157
812 0.7078400254249573 0.44571998715400696
813 0.6188099980354309 0.42489001154899597
814 0.6190099716186523 0.4379499852657318
815 0.6158199906349182 0.4116100072860718
816 0.5939900279045105 0.42667001485824585
817 0.6817299723625183 0.3328000009059906
818 0.6926100254058838 0.36748000979423523
819 0.660260021686554 0.29782000184059143
820 0.6093999743461609 0.38144001364707947
821 0.6187099814414978 0.3966499865055084
822 0.5969600081443787 0.36803001165390015
823 0.6964200139045715 0.4008699953556061
824 0.6952199935913086 0.4313499927520752
825 0.5887200236320496 0.24587999284267426
826 0.5981299877166748 0.23883000016212463
827 0.550059974193573 0.22554999589920044
828 0.5460699796676636 0.23352999985218048
829 0.6661900281906128 0.38332998752593994
830 0.653689980506897 0.37900999188423157
831 0.6595600247383118 0.40432000160217285
832 0.6710100173950195 0.4107399880886078
833 0.6574000120162964 0.3547399938106537
834 0.6442300081253052 0.35339000821113586
835 0.6242799758911133 0.412090003490448
836 0.6268100142478943 0.4272400140762329
837 0.6909999847412109 0.458050012588501
838 0.6708499789237976 0.43595001101493835
839 0.6615700125694275 0.42792999744415283
840 0.6330500245094299 0.414000004529953
841 0.6428300142288208 0.4173699915409088
842 0.6386500000953674 0.39741000533103943
843 0.6279100179672241 0.39629000425338745
844 0.6309700012207031 0.37716999650001526
845 0.6195200085639954 0.37880998849868774
846 0.6194700002670288 0.3581700026988983
847 0.6073799729347229 0.36267000436782837
848 0.6349899768829346 0.4309599995613098
849 0.6437699794769287 0.4360499978065491
850 0.6263800263404846 0.44185999035835266
851 0.6339799761772156 0.4468100070953369
852 0.6420400142669678 0.45326998829841614
853 0.6454600095748901 0.26629000902175903
854 0.6284800171852112 0.26728999614715576
855 0.5428900122642517 0.34525999426841736
856 0.5267699956893921 0.3468700051307678
857 0.5275800228118896 0.3552300035953522
858 0.5433300137519836 0.35530999302864075
859 0.5260400176048279 0.3693599998950958
860 0.5135800242424011 0.35534998774528503
861 0.5130199790000916 0.368259996175766
862 0.5391499996185303 0.371069997549057
863 0.5218899846076965 0.29565998911857605
864 0.5182700157165527 0.30906999111175537
865 0.5381600260734558 0.31334999203681946
866 0.5450299978256226 0.30153998732566833
867 0.5130500197410583 0.3480199873447418
868 0.5201500654220581 0.33430999517440796
869 0.5111700296401978 0.33441001176834106
870 0.5119400024414062 0.34084999561309814
871 0.5238000154495239 0.3391999900341034
872 0.6114000082015991 0.3077099919319153
873 0.624530017375946 0.2998799979686737
874 0.6010599732398987 0.27744999527931213
875 0.5882400274276733 0.2888000011444092
876 0.582610011100769 0.3562999963760376
877 0.5645899772644043 0.3447200059890747
878 0.56072998046875 0.3576200008392334
879 0.5126199722290039 0.3277899920940399
880 0.5250599980354309 0.3297100067138672
881 0.6303600072860718 0.3290500044822693
882 0.6443099975585938 0.325980007648468
883 0.5357300043106079 0.3355399966239929
884 0.6048700213432312 0.3409700095653534
885 0.5928699970245361 0.34839001297950745
886 0.559719979763031 0.32201001048088074
887 0.5688999891281128 0.31189000606536865
888 0.5619999766349792 0.27476000785827637
889 0.5711699724197388 0.2631399929523468
890 0.5371900200843811 0.25461000204086304
891 0.5318499803543091 0.2674599885940552
892 0.5776399970054626 0.33483999967575073
893 0.5888699889183044 0.3253200054168701
894 0.6499800086021423 0.46094000339508057
895 0.6525300145149231 0.4424799978733063
896 0.6526600122451782 0.42232999205589294
897 0.649399995803833 0.4001300036907196
898 0.6424300074577332 0.3770599961280823
899 0.6317499876022339 0.3547700047492981
900 0.6175600290298462 0.3344700038433075
901 0.5999299883842468 0.3163999915122986
902 0.5779100060462952 0.3006199896335602
903 0.552869975566864 0.2883799970149994
904 0.5257800221443176 0.2797900140285492
905 0.5315600037574768 0.3226099908351898
906 0.515250027179718 0.3196200132369995
907 0.5486299991607666 0.33017998933792114
908 0.6671000123023987 0.6964700222015381
909 0.6529099941253662 0.7056599855422974
910 0.6806700229644775 0.6849700212478638
911 0.5960100293159485 0.43762001395225525
912 0.6023499965667725 0.44137999415397644
913 0.5868200063705444 0.7212299704551697
914 0.5682100057601929 0.7216200232505798
915 0.5701199769973755 0.7363799810409546
916 0.6800100207328796 0.5316299796104431
917 0.6881800293922424 0.5469800233840942
918 0.6220099925994873 0.7172499895095825
919 0.6049500107765198 0.7199900150299072
920 0.6264200210571289 0.7291499972343445
921 0.7017300128936768 0.6580100059509277
922 0.6929900050163269 0.6718500256538391
923 0.5519499778747559 0.7366899847984314
924 0.550320029258728 0.7213199734687805
925 0.5334699749946594 0.7210599780082703
926 0.5171099901199341 0.7208600044250488
927 0.5906000137329102 0.4334299862384796
928 0.6165500283241272 0.450439989566803
929 0.6234599947929382 0.45559999346733093
930 0.6957899928092957 0.5625799894332886
931 0.6719300150871277 0.5177199840545654
932 0.7027999758720398 0.578790009021759
933 0.6305199861526489 0.46143999695777893
934 0.6376699805259705 0.4685499966144562
935 0.6445199847221375 0.47675999999046326
936 0.6508600115776062 0.4857400059700012
937 0.6573100090026855 0.4956499934196472
938 0.5671300292015076 0.7071899771690369
939 0.5489000082015991 0.7060700058937073
940 0.5321199893951416 0.7058200240135193
941 0.5842800140380859 0.43970999121665955
942 0.5900899767875671 0.44523999094963074
943 0.5969700217247009 0.4506700038909912
944 0.6118999719619751 0.4621799886226654
945 0.6185500025749207 0.4681600034236908
946 0.6247900128364563 0.47457000613212585
947 0.6309300065040588 0.48197999596595764
948 0.6370099782943726 0.49046000838279724
949 0.6433600187301636 0.5001000165939331
950 0.650160014629364 0.5105000138282776
951 0.6647499799728394 0.5325400233268738
952 0.6727799773216248 0.5454000234603882
953 0.6808000206947327 0.559249997138977
954 0.6878799796104431 0.573140025138855
955 0.6940600275993347 0.5872399806976318
956 0.6946899890899658 0.6539899706840515
957 0.6867600083351135 0.6660299897193909
958 0.6752200126647949 0.6779000163078308
959 0.662559986114502 0.6880699992179871
960 0.6488800048828125 0.6964100003242493
961 0.6190299987792969 0.7059299945831299
962 0.6025400161743164 0.7076799869537354
963 0.5854099988937378 0.7079200148582458
964 0.5163400173187256 0.705780029296875
965 0.6379899978637695 0.7124599814414978
966 0.6430000066757202 0.7231199741363525
967 0.6345499753952026 0.702239990234375
968 0.6177600026130676 0.6956200003623962
969 0.6020600199699402 0.696940004825592
970 0.5159599781036377 0.4789400100708008
971 0.5312299728393555 0.4800899922847748
972 0.529420018196106 0.46362000703811646
973 0.5155699849128723 0.4634599983692169
974 0.5166699886322021 0.5185499787330627
975 0.5168399810791016 0.5131800174713135
976 0.5090699791908264 0.512440025806427
977 0.5091099739074707 0.5181400179862976
978 0.5223399996757507 0.5184199810028076
979 0.5221199989318848 0.513670027256012
980 0.5334500074386597 0.4913400113582611
981 0.5320500135421753 0.4860199987888336
982 0.5164899826049805 0.4849900007247925
983 0.5181699991226196 0.49202999472618103
984 0.573390007019043 0.5068299770355225
985 0.580500066280365 0.5282099843025208
986 0.5850200057029724 0.5156800150871277
987 0.5725600123405457 0.49919000267982483
988 0.5486699938774109 0.49465999007225037
989 0.5639600157737732 0.4997900128364563
990 0.5618399977684021 0.4929800033569336
991 0.5477700233459473 0.48840999603271484
992 0.5734800100326538 0.5141199827194214
993 0.5668100118637085 0.5074099898338318
994 0.5668299794197083 0.5143700242042542
995 0.5715299844741821 0.5207800269126892
996 0.5409299731254578 0.5351600050926208
997 0.5420399904251099 0.5418599843978882
998 0.5474900007247925 0.539680004119873
999 0.5461900234222412 0.5335299968719482
1000 0.6055899858474731 0.4731000065803528
1001 0.5882800221443176 0.45963001251220703
1002 0.5758399963378906 0.468720018863678
1003 0.5985000133514404 0.48370999097824097
1004 0.5739099979400635 0.4811600148677826
1005 0.5923100113868713 0.4941200017929077
1006 0.5977299809455872 0.5011000037193298
1007 0.6047000288963318 0.49048998951911926
1008 0.6120700240135193 0.479559987783432
1009 0.5754600167274475 0.44558000564575195
1010 0.5812299847602844 0.45186999440193176
1011 0.5851600170135498 0.6967599987983704
1012 0.5878700017929077 0.5043299794197083
1013 0.5928199887275696 0.5120900273323059
1014 0.5726100206375122 0.49070999026298523
1015 0.5555099844932556 0.4606100022792816
1016 0.5425199866294861 0.4625000059604645
1017 0.5462300181388855 0.4820300042629242
1018 0.5606399774551392 0.4856800138950348
1019 0.5889400243759155 0.5234599709510803
1020 0.5830900073051453 0.535099983215332
1021 0.5290399789810181 0.5155500173568726
1022 0.5281100273132324 0.5135800242424011
1023 0.525600016117096 0.5136600136756897
1024 0.5258899927139282 0.51705002784729
1025 0.5258700251579285 0.504360020160675
1026 0.5302000045776367 0.5060700178146362
1027 0.5338000059127808 0.5030699968338013
1028 0.5301499962806702 0.500819981098175
1029 0.5766299962997437 0.5308099985122681
1030 0.5743399858474731 0.5318300127983093
1031 0.5090299844741821 0.5654000043869019
1032 0.5099999904632568 0.5476800203323364
1033 0.6890900135040283 0.6505699753761292
1034 0.6820700168609619 0.6608899831771851
1035 0.5581600069999695 0.5349100232124329
1036 0.5555499792098999 0.528980016708374
1037 0.6595600247383118 0.6800000071525574
1038 0.6465700268745422 0.6872199773788452
1039 0.5914599895477295 0.5529099702835083
1040 0.5992000102996826 0.5442000031471252
1041 0.5954099893569946 0.5371999740600586
1042 0.5880900025367737 0.5469099879264832
1043 0.671720027923584 0.671209990978241
1044 0.5669999718666077 0.6947000026702881
1045 0.5469800233840942 0.6895800232887268
1046 0.5373899936676025 0.6753299832344055
1047 0.5254999995231628 0.6770899891853333
1048 0.5296000242233276 0.6909999847412109
1049 0.5132200121879578 0.6781899929046631
1050 0.514769971370697 0.691860020160675
1051 0.5217499732971191 0.6645100116729736
1052 0.5316500067710876 0.6632699966430664
1053 0.5166599750518799 0.6324700117111206
1054 0.5246099829673767 0.633430004119873
1055 0.5403000116348267 0.5171099901199341
1056 0.5361999869346619 0.5183699727058411
1057 0.5371800065040588 0.5206599831581116
1058 0.5417299866676331 0.5198299884796143
1059 0.5436800122261047 0.515250027179718
1060 0.5115799903869629 0.4993099868297577
1061 0.5203099846839905 0.5020099878311157
1062 0.5259699821472168 0.4974600076675415
1063 0.5188400149345398 0.6529200077056885
1064 0.5278800129890442 0.6526100039482117
1065 0.5601300001144409 0.5091699957847595
1066 0.5573999881744385 0.5026100277900696
1067 0.5591800212860107 0.5145000219345093
1068 0.5642799735069275 0.5203099846839905
1069 0.5601199865341187 0.5252900123596191
1070 0.5561100244522095 0.5192099809646606
1071 0.5524399876594543 0.5230100154876709
1072 0.5446900129318237 0.5274199843406677
1073 0.5397099852561951 0.5285900235176086
1074 0.6232200264930725 0.4940299987792969
1075 0.6289399862289429 0.5029199719429016
1076 0.6134600043296814 0.5249699950218201
1077 0.6080700159072876 0.5161700248718262
1078 0.6016899943351746 0.526889979839325
1079 0.6063600182533264 0.5348799824714661
1080 0.6209400296211243 0.5143700242042542
1081 0.6154699921607971 0.5054200291633606
1082 0.6101499795913696 0.49750998616218567
1083 0.6177200078964233 0.48636001348495483
1084 0.6182600259780884 0.6861199736595154
1085 0.6036800146102905 0.687250018119812
1086 0.6577000021934509 0.6724799871444702
1087 0.6455399990081787 0.6785500049591064
1088 0.5486099720001221 0.6706399917602539
1089 0.5418300032615662 0.6610599756240845
1090 0.5713899731636047 0.6848400235176086
1091 0.5575299859046936 0.6793699860572815
1092 0.5879300236701965 0.6870499849319458
1093 0.6785399913787842 0.6564300060272217
1094 0.6690800189971924 0.6648300290107727
1095 0.6849499940872192 0.6478599905967712
1096 0.5371400117874146 0.6515899896621704
1097 0.6680399775505066 0.5774199962615967
1098 0.6740999817848206 0.5691400170326233
1099 0.6660699844360352 0.5568400025367737
1100 0.6596699953079224 0.5668100118637085
1101 0.6810899972915649 0.5814800262451172
1102 0.6576099991798401 0.5448300242424011
1103 0.675599992275238 0.5883499979972839
1104 0.6816999912261963 0.5995000004768372
1105 0.6870899796485901 0.5939000248908997
1106 0.5854399800300598 0.5411499738693237
1107 0.5922499895095825 0.5305200219154358
1108 0.5973799824714661 0.5196300148963928
1109 0.6029099822044373 0.5083299875259399
1110 0.6177700161933899 0.6110100150108337
1111 0.6174799799919128 0.5964699983596802
1112 0.6078100204467773 0.598039984703064
1113 0.6086400151252747 0.6113499999046326
1114 0.6187499761581421 0.6198099851608276
1115 0.6182699799537659 0.6167299747467041
1116 0.6089100241661072 0.6168699860572815
1117 0.60903000831604 0.6199899911880493
1118 0.5988900065422058 0.5667200088500977
1119 0.6077799797058105 0.5599300265312195
1120 0.6033899784088135 0.5517799854278564
1121 0.5951700210571289 0.5595200061798096
1122 0.616569995880127 0.5525500178337097
1123 0.6254299879074097 0.5442299842834473
1124 0.6193699836730957 0.5345399975776672
1125 0.6113499999046326 0.5435100197792053
1126 0.6353499889373779 0.5129200220108032
1127 0.6424199938774109 0.5232899785041809
1128 0.6539899706840515 0.5764600038528442
1129 0.6635400056838989 0.5851100087165833
1130 0.6711000204086304 0.5943700075149536
1131 0.677079975605011 0.6043300032615662
1132 0.6272799968719482 0.5242999792098999
1133 0.6340799927711487 0.534500002861023
1134 0.5690400004386902 0.45743000507354736
1135 0.5641999840736389 0.45052000880241394
1136 0.5523800253868103 0.45447999238967896
1137 0.5406299829483032 0.45754000544548035
1138 0.5429900288581848 0.5228400230407715
1139 0.5382400155067444 0.5236999988555908
1140 0.5087299942970276 0.6422899961471558
1141 0.5084599852561951 0.6319599747657776
1142 0.6498799920082092 0.5560600161552429
1143 0.6405100226402283 0.5683199763298035
1144 0.5174400210380554 0.6226000189781189
1145 0.5088000297546387 0.6219599843025208
1146 0.5254499912261963 0.6238800287246704
1147 0.6262900233268738 0.5738499760627747
1148 0.5094500184059143 0.5237299799919128
1149 0.517490029335022 0.5236999988555908
1150 0.6046800017356873 0.583079993724823
1151 0.6148399710655212 0.578790009021759
1152 0.5335299968719482 0.5083100199699402
1153 0.5271900296211243 0.5098699927330017
1154 0.5301600098609924 0.5113400220870972
1155 0.5232099890708923 0.5087699890136719
1156 0.5178899765014648 0.5074099898338318
1157 0.5097200274467468 0.5061600208282471
1158 0.534089982509613 0.6425300240516663
1159 0.509630024433136 0.6533200144767761
1160 0.6166800260543823 0.5880600214004517
1161 0.6066100001335144 0.5907999873161316
1162 0.5545099973678589 0.5105800032615662
1163 0.554069995880127 0.5060700178146362
1164 0.5504400134086609 0.5010899901390076
1165 0.5282300114631653 0.45961999893188477
1166 0.6276299953460693 0.5853300094604492
1167 0.6394500136375427 0.5835899710655212
1168 0.6275799870491028 0.5950999855995178
1169 0.6380299925804138 0.5946000218391418
1170 0.6371700167655945 0.6110699772834778
1171 0.6271799802780151 0.6108499765396118
1172 0.6571599841117859 0.6006600260734558
1173 0.6542199850082397 0.6134999990463257
1174 0.6600099802017212 0.6157000064849854
1175 0.6641899943351746 0.6061300039291382
1176 0.6600599884986877 0.5930200219154358
1177 0.6507999897003174 0.5868499875068665
1178 0.6482800245285034 0.5965999960899353
1179 0.6673399806022644 0.6002399921417236
1180 0.6698700189590454 0.6131399869918823
1181 0.6731299757957458 0.6088600158691406
1182 0.6643700003623962 0.6192100048065186
1183 0.6466000080108643 0.6120799779891968
1184 0.6328499913215637 0.6922900080680847
1185 0.6323999762535095 0.6831600069999695
1186 0.605970025062561 0.6382899880409241
1187 0.6172000169754028 0.6377099752426147
1188 0.6180300116539001 0.6345499753952026
1189 0.6067100167274475 0.6350499987602234
1190 0.5704500079154968 0.6321200132369995
1191 0.5717099905014038 0.6308799982070923
1192 0.5692499876022339 0.6292499899864197
1193 0.579479992389679 0.6357600092887878
1194 0.580079972743988 0.6333100199699402
1195 0.5752300024032593 0.6322799921035767
1196 0.5743499994277954 0.6341599822044373
1197 0.5865399837493896 0.6368700265884399
1198 0.5870599746704102 0.6340500116348267
1199 0.595300018787384 0.6378099918365479
1200 0.5958899855613708 0.6345900297164917
1201 0.6276400089263916 0.6368899941444397
1202 0.6285600066184998 0.6337900161743164
1203 0.6374599933624268 0.6358500123023987
1204 0.6382799744606018 0.6327400207519531
1205 0.6541399955749512 0.6338499784469604
1206 0.6600099802017212 0.6323699951171875
1207 0.659280002117157 0.6297900080680847
1208 0.6540899872779846 0.6310200095176697
1209 0.663670003414154 0.6300100088119507
1210 0.6620500087738037 0.6279799938201904
1211 0.6277099847793579 0.6166200041770935
1212 0.6285099983215332 0.6197100281715393
1213 0.6383200287818909 0.6194499731063843
1214 0.637719988822937 0.6164900064468384
1215 0.6587899923324585 0.6188899874687195
1216 0.6537399888038635 0.6178600192070007
1217 0.6536499857902527 0.6200199723243713
1218 0.6582800149917603 0.620419979095459
1219 0.6463199853897095 0.6347100138664246
1220 0.6467400193214417 0.6317899823188782
1221 0.6622099876403809 0.6208999752998352
1222 0.661050021648407 0.621720016002655
1223 0.6467599868774414 0.617110013961792
1224 0.6469500064849854 0.6197500228881836
1225 0.6764900088310242 0.7654399871826172
1226 0.7051600217819214 0.8005549907684326
1227 0.8377400636672974 0.9729200601577759
1228 0.7596650123596191 0.805305004119873
1229 0.7519400119781494 0.8084749579429626
1230 0.7650799751281738 0.8020650148391724
1231 0.735289990901947 0.8357340097427368
1232 0.8391799926757812 0.9726999998092651
1233 0.7154899835586548 0.8052000403404236
1234 0.7223249673843384 0.8075349926948547
1235 0.7699500322341919 0.7935600280761719
1236 0.7705000042915344 0.7952450513839722
1237 0.7313199639320374 0.8094650506973267
1238 0.7541767358779907 0.851360023021698
1239 0.7315559387207031 0.8297920227050781
1240 0.7295849919319153 0.7890049815177917
1241 0.7383049726486206 0.7874699831008911
1242 0.7113200426101685 0.8026599884033203
1243 0.7688199877738953 0.7990100383758545
1244 0.7704849243164062 0.796779990196228
1245 0.741795003414154 0.8100700378417969
1246 0.7664350271224976 0.7898600101470947
1247 0.7691699862480164 0.7917699813842773
1248 0.7468949556350708 0.7866950035095215
1249 0.7544649839401245 0.7868199944496155
1250 0.7610500454902649 0.7879999876022339
1251 0.8802499771118164 0.9661700129508972
1252 0.8808799982070923 0.9686499834060669
1253 0.8766400218009949 0.9820500016212463
1254 0.8713200092315674 0.986329972743988
1255 0.8531100153923035 0.9547899961471558
1256 0.857990026473999 0.9526900053024292
1257 0.8811600208282471 0.9722099900245667
1258 0.8799300193786621 0.9770900011062622
1259 0.8463199734687805 0.9812399744987488
1260 0.850570023059845 0.9852399826049805
1261 0.864359974861145 0.988569974899292
1262 0.876550018787384 0.9572799801826477
1263 0.8782699704170227 0.9605200290679932
1264 0.8793900012969971 0.9629899859428406
1265 0.8633400201797485 0.9517099857330322
1266 0.8687800168991089 0.9521899819374084
1267 0.8562899827957153 0.9879999756813049
1268 0.8433399796485901 0.9768199920654297
1269 0.8730499744415283 0.953980028629303
1270 0.8424500226974487 0.9740999937057495
1271 0.5112599730491638 0.665369987487793
1272 0.5098699927330017 0.5302000045776367
1273 0.5101199746131897 0.538349986076355
1274 0.5094699859619141 0.6121799945831299
1275 0.5151200294494629 0.45945999026298523
1276 0.5344099998474121 0.5160599946975708
1277 0.5323799848556519 0.5135300159454346
1278 0.5308600068092346 0.5177500247955322
1279 0.5381799936294556 0.5140600204467773
1280 0.5358999967575073 0.5110399723052979
1281 0.5411900281906128 0.5117499828338623
1282 0.5329400300979614 0.519070029258728
1283 0.5434799790382385 0.4969100058078766
1284 0.54680997133255 0.5016400218009949
1285 0.5418000221252441 0.4991300106048584
1286 0.5502700209617615 0.5052199959754944
1287 0.5344099998474121 0.4956899881362915
1288 0.5357599854469299 0.498879998922348
1289 0.5415700078010559 0.5020999908447266
1290 0.5450000166893005 0.5035099983215332
1291 0.5377399921417236 0.5016400218009949
1292 0.5366700291633606 0.5056300163269043
1293 0.5388699769973755 0.5084699988365173
1294 0.5494800806045532 0.508109986782074
1295 0.848550021648407 0.9579899907112122
1296 0.5514600276947021 0.508679986000061
1297 0.5461699962615967 0.5125499963760376
1298 0.5436099767684937 0.5095499753952026
1299 0.5472300052642822 0.5539100170135498
1300 0.5532100200653076 0.5481299757957458
1301 0.5605000257492065 0.5439199805259705
1302 0.5594000220298767 0.5474799871444702
1303 0.5681099891662598 0.5265399813652039
1304 0.5712699890136719 0.5364900231361389
1305 0.5633999705314636 0.5313400030136108
1306 0.5662699937820435 0.5444599986076355
1307 0.5660799741744995 0.54093998670578
1308 0.5192300081253052 0.5377200245857239
1309 0.518589973449707 0.5299199819564819
1310 0.5325599908828735 0.5239400267601013
1311 0.5338699817657471 0.5291799902915955
1312 0.5324000120162964 0.5208699703216553
1313 0.5195299983024597 0.5467699766159058
1314 0.5186700224876404 0.5641899704933167
1315 0.5253700613975525 0.5230100154876709
1316 0.5282400250434875 0.519819974899292
1317 0.5348899960517883 0.5362300276756287
1318 0.5355299711227417 0.5438399910926819
1319 0.546750009059906 0.5613499879837036
1320 0.5364800095558167 0.5657899975776672
1321 0.537090003490448 0.5722600221633911
1322 0.547249972820282 0.5676699876785278
1323 0.5279300212860107 0.5455300211906433
1324 0.5276600122451782 0.5619400143623352
1325 0.5275800228118896 0.5370000004768372
1326 0.5267300009727478 0.529449999332428
1327 0.5364900231361389 0.5587700009346008
1328 0.5588099956512451 0.5901899933815002
1329 0.5682399868965149 0.5843499898910522
1330 0.5645999908447266 0.5794000029563904
1331 0.5546299815177917 0.5855100154876709
1332 0.5859599709510803 0.5666199922561646
1333 0.5891900062561035 0.5729699730873108
1334 0.5773299932479858 0.5504400134086609
1335 0.5796599984169006 0.555429995059967
1336 0.5996000170707703 0.6170799732208252
1337 0.5991799831390381 0.6202399730682373
1338 0.5984399914741516 0.5998499989509583
1339 0.5996699929237366 0.611840009689331
1340 0.5510299801826477 0.58024001121521
1341 0.5613600015640259 0.5741900205612183
1342 0.5590000152587891 0.5686200261116028
1343 0.5485600233078003 0.5741000175476074
1344 0.5826699733734131 0.5607399940490723
1345 0.5670300126075745 0.5991399884223938
1346 0.575410008430481 0.5945799946784973
1347 0.5947499871253967 0.586899995803833
1348 0.5968800187110901 0.5935699939727783
1349 0.5848399996757507 0.6214399933815002
1350 0.5734300017356873 0.622730016708374
1351 0.5908499956130981 0.620930016040802
1352 0.721560001373291 0.7910000085830688
1353 0.7148100137710571 0.7932299971580505
1354 0.8442299962043762 0.9616000056266785
1355 0.8420799970626831 0.9644500017166138
1356 0.5847399830818176 0.5904800295829773
1357 0.5785899758338928 0.5997499823570251
1358 0.587369978427887 0.5964400172233582
1359 0.5785899758338928 0.5786700248718262
1360 0.5753600001335144 0.5730999708175659
1361 0.5722900032997131 0.5677000284194946
1362 0.5697100162506104 0.562470018863678
1363 0.5725299715995789 0.5389099717140198
1364 0.5894200205802917 0.6020600199699402
1365 0.5914000272750854 0.6126000285148621
1366 0.5915499925613403 0.6178200244903564
1367 0.5093799829483032 0.5903300046920776
1368 0.5100700259208679 0.6011800169944763
1369 0.5087100267410278 0.5727599859237671
1370 0.508840024471283 0.5808899998664856
1371 0.5183500051498413 0.5713899731636047
1372 0.5185199975967407 0.5791299939155579
1373 0.5278499722480774 0.5761799812316895
1374 0.5275400280952454 0.5690000057220459
1375 0.550599992275238 0.5960299968719482
1376 0.5708699822425842 0.6034700274467468
1377 0.5456200242042542 0.5914899706840515
1378 0.5384600162506104 0.579069972038269
1379 0.5851600170135498 0.6185799837112427
1380 0.5810499787330627 0.6046500205993652
1381 0.5841400027275085 0.6138299703598022
1382 0.519540011882782 0.5880600214004517
1383 0.5412300229072571 0.5859900116920471
1384 0.5290300250053406 0.5839200019836426
1385 0.5320299863815308 0.592170000076294
1386 0.5375999808311462 0.5979300141334534
1387 0.5436099767684937 0.6023200154304504
1388 0.5691400170326233 0.6242600083351135
1389 0.5670700073242188 0.6231099963188171
1390 0.52742999792099 0.6145700216293335
1391 0.5190399885177612 0.6123499870300293
1392 0.6755660176277161 0.7642599940299988
1393 0.8345800042152405 0.9703400135040283
1394 0.7026300430297852 0.7973300218582153
1395 0.5708699822425842 0.6233699917793274
1396 0.8371099829673767 0.9701300263404846
1397 0.5689200162887573 0.6214100122451782
1398 0.5311200022697449 0.6053500175476074
1399 0.5382599830627441 0.6092600226402283
1400 0.5717499852180481 0.6203399896621704
1401 0.5631700158119202 0.6134799718856812
1402 0.5691999793052673 0.6177700161933899
1403 0.5221499800682068 0.5996900200843811
1404 0.5597800016403198 0.6168500185012817
1405 0.5661200284957886 0.6197100281715393
1406 0.8399800062179565 0.9699500203132629
1407 0.557669997215271 0.5629100203514099
1408 0.5679399967193604 0.5573999881744385
1409 0.5741099715232849 0.5411499738693237
1410 0.5755900144577026 0.5455300211906433
1411 0.5571500062942505 0.5574100017547607
1412 0.5668699741363525 0.5525799989700317
1413 0.5575600266456604 0.5519300103187561
1414 0.5663700103759766 0.5481100082397461
1415 0.5782899856567383 0.6391699910163879
1416 0.5728899836540222 0.6366099715232849
1417 0.5688899755477905 0.6421599984169006
1418 0.5748100280761719 0.6471400260925293
1419 0.5813400149345398 0.651419997215271
1420 0.5852299928665161 0.6412299871444702
1421 0.5686200261116028 0.6338599920272827
1422 0.5641800165176392 0.6379899978637695
1423 0.5902799963951111 0.6549999713897705
1424 0.5940600037574768 0.6428300142288208
1425 0.6011199951171875 0.6567400097846985
1426 0.6047000288963318 0.6434500217437744
1427 0.6126999855041504 0.6567000150680542
1428 0.615880012512207 0.6431599855422974
1429 0.6559000015258789 0.6657800078392029
1430 0.644540011882782 0.6707599759101868
1431 0.6324599981307983 0.6746799945831299
1432 0.6061000227928162 0.6782799959182739
1433 0.6196900010108948 0.6770399808883667
1434 0.591920018196106 0.6781600117683411
1435 0.5780400037765503 0.6754400134086609
1436 0.5664100050926208 0.670710027217865
1437 0.5577700138092041 0.6645100116729736
1438 0.5508000254631042 0.6572700142860413
1439 0.596019983291626 0.669189989566803
1440 0.6088399887084961 0.6695200204849243
1441 0.5839300155639648 0.6664900183677673
1442 0.573889970779419 0.662339985370636
1443 0.5657600164413452 0.6577699780464172
1444 0.5587800145149231 0.6520799994468689
1445 0.6213799715042114 0.6686000227928162
1446 0.6329100131988525 0.6669399738311768
1447 0.6441400051116943 0.6638699769973755
1448 0.6549400091171265 0.6599100232124329
1449 0.6667900085449219 0.6594499945640564
1450 0.6650599837303162 0.6545600295066833
1451 0.6609500050544739 0.6366199851036072
1452 0.6637700200080872 0.6469200253486633
1453 0.6714299917221069 0.641510009765625
1454 0.6658200025558472 0.6333699822425842
1455 0.6541699767112732 0.6388199925422668
1456 0.6548600196838379 0.6511099934577942
1457 0.6240900158882141 0.6565600037574768
1458 0.6347500085830688 0.6558200120925903
1459 0.636430025100708 0.6419299840927124
1460 0.6264200210571289 0.6428499817848206
1461 0.6450700163841248 0.6539300084114075
1462 0.645829975605011 0.6403899788856506
1463 0.5326700210571289 0.6338099837303162
1464 0.5659000277519226 0.6307700276374817
1465 0.5329700112342834 0.6251699924468994
1466 0.534820020198822 0.6170200109481812
1467 0.553600013256073 0.646049976348877
1468 0.5456299781799316 0.649590015411377
1469 0.5401399731636047 0.6335600018501282
1470 0.546239972114563 0.625819981098175
1471 0.549560010433197 0.6393799781799316
1472 0.5644299983978271 0.6221500039100647
1473 0.5582200288772583 0.6207799911499023
1474 0.5540300011634827 0.7521299719810486
1475 0.6489400267601013 0.7346799969673157
1476 0.6317499876022339 0.7420399785041809
1477 0.5726799964904785 0.7516300082206726
1478 0.7188299894332886 0.5893300175666809
1479 0.7321000099182129 0.5827800035476685
1480 0.719789981842041 0.6274300217628479
1481 0.7302500009536743 0.6272799968719482
1482 0.7328299880027771 0.6063899993896484
1483 0.720990002155304 0.6091799736022949
1484 0.7083799839019775 0.5959100127220154
1485 0.7111799716949463 0.6126300096511841
1486 0.7105399966239929 0.6282899975776672
1487 0.6994100213050842 0.6016499996185303
1488 0.702459990978241 0.6158199906349182
1489 0.7023699879646301 0.629010021686554
1490 0.695580005645752 0.6297500133514404
1491 0.6920499801635742 0.6063500046730042
1492 0.6902700066566467 0.630810022354126
1493 0.6951000094413757 0.6186299920082092
1494 0.6862099766731262 0.6106100082397461
1495 0.6892399787902832 0.6214799880981445
1496 0.68163001537323 0.6146699786186218
1497 0.6778600215911865 0.6186500191688538
1498 0.674340009689331 0.6220300197601318
1499 0.6771399974822998 0.6334099769592285
1500 0.6758999824523926 0.6524699926376343
1501 0.674049973487854 0.6485300064086914
1502 0.6848499774932861 0.624530017375946
1503 0.6820700168609619 0.6455600261688232
1504 0.6802200078964233 0.6430000066757202
1505 0.6861900091171265 0.6322799921035767
1506 0.6812800168991089 0.6283199787139893
1507 0.6828600168228149 0.6347500085830688
1508 0.5107100009918213 0.38576000928878784
1509 0.521619975566864 0.38675999641418457
1510 0.5323399901390076 0.38865000009536743
1511 0.5646799802780151 0.4053800106048584
1512 0.5532600283622742 0.402209997177124
1513 0.553409993648529 0.4053800106048584
1514 0.5643600225448608 0.40782999992370605
1515 0.5424299836158752 0.3997899889945984
1516 0.5428799986839294 0.40365999937057495
1517 0.948360025882721 0.9079899787902832
1518 0.9471099972724915 0.9048699736595154
1519 0.9438700079917908 0.9069799780845642
1520 0.9457200169563293 0.9096699953079224
1521 0.5725499987602234 0.41756001114845276
1522 0.5647100210189819 0.41662999987602234
1523 0.757599949836731 0.661020040512085
1524 0.76152503490448 0.6625750064849854
1525 0.7644450068473816 0.6638249754905701
1526 0.5781599879264832 0.4185999929904938
1527 0.9475299715995789 0.9117199778556824
1528 0.9496999979019165 0.9102200269699097
1529 0.9420899748802185 0.9037299752235413
1530 0.9406099915504456 0.9001799821853638
1531 0.9364200234413147 0.9022700190544128
1532 0.9381399750709534 0.9056199789047241
1533 0.9308099746704102 0.8913499712944031
1534 0.9363300204277039 0.8886799812316895
1535 0.9392200112342834 0.8965100049972534
1536 0.9378600120544434 0.8926399946212769
1537 0.9328100085258484 0.8952699899673462
1538 0.9346799850463867 0.8988800048828125
1539 0.7527999877929688 0.6591800451278687
1540 0.5555099844932556 0.41596001386642456
1541 0.9460700154304504 0.901170015335083
1542 0.945169985294342 0.8973399996757507
1543 0.5452499985694885 0.4154599905014038
1544 0.747344970703125 0.657289981842041
1545 0.5224499702453613 0.41018998622894287
1546 0.5112299919128418 0.4098300039768219
1547 0.5110999941825867 0.4146200120449066
1548 0.5226200222969055 0.41481998562812805
1549 0.5336599946022034 0.41075998544692993
1550 0.5341899991035461 0.4151099920272827
1551 0.5774000287055969 0.4051100015640259
1552 0.5667799711227417 0.4000599980354309
1553 0.5888299942016602 0.4156099855899811
1554 0.5901899933815002 0.41951000690460205
1555 0.5824999809265137 0.4198099970817566
1556 0.5819200277328491 0.4191400110721588
1557 0.5811899900436401 0.4193899929523468
1558 0.5818099975585938 0.41978999972343445
1559 0.5726799964904785 0.4156399965286255
1560 0.5643799901008606 0.41387999057769775
1561 0.9432399868965149 0.889519989490509
1562 0.9419900178909302 0.8857600092887878
1563 0.7278950214385986 0.6515650153160095
1564 0.7344750165939331 0.6533350348472595
1565 0.9442899823188782 0.8934500217437744
1566 0.7410899996757507 0.6552799940109253
1567 0.5547299981117249 0.41253000497817993
1568 0.54448002576828 0.41154998540878296
1569 0.9533699750900269 0.9128199815750122
1570 0.9520900249481201 0.9125499725341797
1571 0.9509599804878235 0.9142400026321411
1572 0.9526699781417847 0.9147700071334839
1573 0.5821700096130371 0.42048999667167664
1574 0.5816100239753723 0.4202199876308441
1575 0.5107899904251099 0.39991000294685364
1576 0.5215399861335754 0.4008600115776062
1577 0.5211899876594543 0.39605000615119934
1578 0.5105800032615662 0.3951199948787689
1579 0.5316399931907654 0.3977299928665161
1580 0.532260000705719 0.40220001339912415
1581 0.5549200177192688 0.3955399990081787
1582 0.5435299873352051 0.3916800022125244
1583 0.5741900205612183 0.4112600088119507
1584 0.5806900262832642 0.4153299927711487
1585 0.5819600224494934 0.41398999094963074
1586 0.5750100016593933 0.40933001041412354
1587 0.5849499702453613 0.42184001207351685
1588 0.5853899717330933 0.41962000727653503
1589 0.5841000080108643 0.4197799861431122
1590 0.5836799740791321 0.4213300049304962
1591 0.9264299869537354 0.931439995765686
1592 0.9443299770355225 0.9239500761032104
1593 0.9446899890899658 0.9216200113296509
1594 0.928380012512207 0.9220200181007385
1595 0.9486200213432312 0.9271399974822998
1596 0.9501299858093262 0.9238799810409546
1597 0.9352399706840515 0.9469500184059143
1598 0.7666199803352356 0.6647599935531616
1599 0.7673100233078003 0.6652699708938599
1600 0.950950026512146 0.9117000102996826
1601 0.9492800235748291 0.9132300019264221
1602 0.578790009021759 0.41769999265670776
1603 0.5847300291061401 0.4176900088787079
1604 0.5835700035095215 0.4184199869632721
1605 0.9174799919128418 0.9379600286483765
1606 0.9211999773979187 0.9222099781036377
1607 0.9301000237464905 0.9582899808883667
1608 0.5851699709892273 0.4105300009250641
1609 0.5896000266075134 0.4239499866962433
1610 0.7679800391197205 0.6655199527740479
1611 0.5871400237083435 0.4194999933242798
1612 0.5867199897766113 0.4225200116634369
1613 0.5862799882888794 0.4168500006198883
1614 0.5832899808883667 0.41255998611450195
1615 0.5759000182151794 0.4074600040912628
1616 0.5654100179672241 0.40299999713897705
1617 0.5537300109863281 0.3990899920463562
1618 0.5425599813461304 0.3958500027656555
1619 0.5316600203514099 0.3930799961090088
1620 0.5212399959564209 0.3911699950695038
1621 0.5105000138282776 0.3902600109577179
1622 0.5831900238990784 0.4198499917984009
1623 0.5827800035476685 0.42087000608444214
1624 0.5826500058174133 0.41885998845100403
1625 0.5796200037002563 0.41659000515937805
1626 0.5733100175857544 0.41345998644828796
1627 0.5642399787902832 0.4108000099658966
1628 0.5540199875831604 0.40893998742103577
1629 0.5436599850654602 0.4076099991798401
1630 0.5219900012016296 0.4054099917411804
1631 0.5329599976539612 0.4064300060272217
1632 0.5110499858856201 0.4047499895095825
1633 0.931190013885498 0.9138699769973755
1634 0.9343000054359436 0.907260000705719
1635 0.9328100085258484 0.9039899706840515
1636 0.9363300204277039 0.9108499884605408
1637 0.9401999711990356 0.9087899923324585
1638 0.924530029296875 0.9133099913597107
1639 0.9309200048446655 0.9010999798774719
1640 0.9286100268363953 0.8978400230407715
1641 0.9259899854660034 0.894029974937439
1642 0.9396200180053711 0.9134799838066101
1643 0.9426699876785278 0.9113699793815613
1644 0.9462299942970276 0.9168400168418884
1645 0.9490100145339966 0.9180600047111511
1646 0.9499199986457825 0.9160599708557129
1647 0.9476699829101562 0.9148899912834167
1648 0.94309002161026 0.9153500199317932
1649 0.9452400207519531 0.913349986076355
1650 0.9515500068664551 0.9190099835395813
1651 0.9520900249481201 0.9168400168418884
1652 0.9452000260353088 0.9191100001335144
1653 0.9510300159454346 0.9212599992752075
1654 0.5866600275039673 0.42923998832702637
1655 0.5797299742698669 0.42087000608444214
1656 0.5798100233078003 0.42170000076293945
1657 0.9545599818229675 0.9148799777030945
1658 0.9550999999046326 0.9127100110054016
1659 0.7683200240135193 0.6655300259590149
1660 0.9543399810791016 0.9172400236129761
1661 0.5810700058937073 0.423880010843277
1662 0.5825499892234802 0.42517000436782837
1663 0.9568399786949158 0.9174299836158752
1664 0.9568600058555603 0.9147300124168396
1665 0.9575200080871582 0.9123600125312805
1666 0.7677399516105652 0.6653499603271484
1667 0.575760006904602 0.4217100143432617
1668 0.575410008430481 0.4232499897480011
1669 0.575659990310669 0.42739999294281006
1670 0.5767899751663208 0.42961999773979187
1671 0.5806199908256531 0.43518000841140747
1672 0.5842700004577637 0.42677000164985657
1673 0.5783399939537048 0.4321199953556061
1674 0.5801500082015991 0.4227199852466583
1675 0.5752000212669373 0.42524999380111694
1676 0.9540899991989136 0.9196199774742126
1677 0.9568399786949158 0.9200900197029114
1678 0.9597899913787842 0.9238600134849548
1679 0.9553800225257874 0.9256600141525269
1680 0.9641199707984924 0.9167100191116333
1681 0.9639999866485596 0.9131900072097778
1682 0.9599499702453613 0.9141899943351746
1683 0.9599499702453613 0.9172199964523315
1684 0.7646299600601196 0.664110004901886
1685 0.5623499751091003 0.4233799874782562
1686 0.5697000026702881 0.42256999015808105
1687 0.766124963760376 0.6648150086402893
1688 0.7617099285125732 0.6631549596786499
1689 0.5527300238609314 0.4238100051879883
1690 0.9645199775695801 0.9102799892425537
1691 0.9686200022697449 0.9117000102996826
1692 0.9686700105667114 0.9084699749946594
1693 0.9606900215148926 0.9115899801254272
1694 0.7572799921035767 0.6622300148010254
1695 0.540440022945404 0.4242900013923645
1696 0.9731699824333191 0.9098600149154663
1697 0.9728900194168091 0.9065399765968323
1698 0.7463500499725342 0.6604650020599365
1699 0.512470006942749 0.4253599941730499
1700 0.5267000198364258 0.4247399866580963
1701 0.7520549893379211 0.6613500118255615
1702 0.9771900177001953 0.9046800136566162
1703 0.9778500199317932 0.9079599976539612
1704 0.9825000166893005 0.9059600234031677
1705 0.9813399910926819 0.9028400182723999
1706 0.5480499863624573 0.4411599934101105
1707 0.5486099720001221 0.43626999855041504
1708 0.5372999906539917 0.43845000863075256
1709 0.5369899868965149 0.4442799985408783
1710 0.5587199926376343 0.4376299977302551
1711 0.5590100288391113 0.43355000019073486
1712 0.5687800049781799 0.43377000093460083
1713 0.568310022354126 0.4306100010871887
1714 0.5720400214195251 0.4408099949359894
1715 0.5246599912643433 0.4462299942970276
1716 0.5248200297355652 0.4397900104522705
1717 0.5119799971580505 0.4401699900627136
1718 0.5123599767684937 0.4459899961948395
1719 0.5688599944114685 0.4249100089073181
1720 0.560949981212616 0.4263499975204468
1721 0.5512599945068359 0.42743998765945435
1722 0.5393400192260742 0.4284200072288513
1723 0.5261099934577942 0.42921000719070435
1724 0.5123100280761719 0.4299600124359131
1725 0.9591900110244751 0.9418900012969971
1726 0.9619899988174438 0.9497100114822388
1727 0.9710100293159485 0.9364500045776367
1728 0.965939998626709 0.9330499768257141
1729 0.9540200233459473 0.9279500842094421
1730 0.9693499803543091 0.915880024433136
1731 0.9743899703025818 0.9145299792289734
1732 0.9843800067901611 0.9104400277137756
1733 0.9792900085449219 0.9125499725341797
1734 0.5611299872398376 0.4458000063896179
1735 0.5500699877738953 0.450080007314682
1736 0.5390400290489197 0.45375001430511475
1737 0.5132499933242798 0.4516099989414215
1738 0.5257700085639954 0.4519999921321869
1739 0.5378299951553345 0.44962000846862793
1740 0.5487200021743774 0.4459100067615509
1741 0.5594499707221985 0.4416700005531311
1742 0.5698999762535095 0.4370799958705902
1743 0.525439977645874 0.43417999148368835
1744 0.5121099948883057 0.43487998843193054
1745 0.5497300028800964 0.43160000443458557
1746 0.5382099747657776 0.4331499934196472
1747 0.5598099827766418 0.4297100007534027
1748 0.5683500170707703 0.427619993686676
1749 0.9645900130271912 0.9208899736404419
1750 0.9601500034332275 0.9204699993133545
1751 0.9692800045013428 0.926580011844635
1752 0.9705100059509277 0.9211500287055969
1753 0.9759899973869324 0.9205700159072876
1754 0.9813100099563599 0.9188399910926819
1755 0.9866600036621094 0.916700005531311
1756 0.9810299873352051 0.926110029220581
1757 0.5268999934196472 0.4562099874019623
1758 0.5142199993133545 0.45583999156951904
1759 0.5388000011444092 0.5041800737380981
1760 0.5413200259208679 0.5059400200843811
1761 0.5440200567245483 0.5056899785995483
1762 0.5527899861335754 0.5375000238418579
1763 0.551010012626648 0.5315999984741211
1764 0.5453699827194214 0.5183600187301636
1765 0.5488100051879883 0.5257700085639954
1766 0.5467600226402283 0.5213599801063538
1767 0.5561599731445312 0.5452700853347778
1768 0.549839973449707 0.5184999704360962
1769 0.5481200218200684 0.5154799818992615
1770 0.5527099967002869 0.5145699977874756
1771 0.5504099726676941 0.5118700265884399
1772 0.5483599901199341 0.5099999904632568
1773 0.9218900203704834 0.9792500138282776
1774 0.9009400010108948 0.9436100125312805
1775 0.9067400097846985 0.9207800030708313
1776 0.9127399921417236 0.9089499711990356
1777 0.985230028629303 0.9413400292396545
1778 0.9745100140571594 0.9638400077819824
1779 0.9874699711799622 0.924589991569519
1780 0.9187700152397156 0.9117900133132935
1781 0.914359986782074 0.9222099781036377
1782 0.9098600149154663 0.9410899877548218
1783 0.9266600012779236 0.9678400158882141
1784 0.9678699970245361 0.95728999376297
1785 0.9778199791908264 0.9394999742507935
1786 0.9747899770736694 0.9267699718475342
1787 0.9353200197219849 0.9208599925041199
1788 0.934939980506897 0.9271600246429443
1789 0.9407899975776672 0.9387099742889404
1790 0.936739981174469 0.916450023651123
1791 0.9575700163841248 0.9356600046157837
1792 0.9619699716567993 0.9300199747085571
1793 0.9641000032424927 0.9254299998283386
1794 0.9407100081443787 0.9210299849510193
1795 0.9416199922561646 0.9246000051498413
1796 0.9460600018501282 0.9318100214004517
1797 0.9413800239562988 0.9179199934005737
1798 0.9550999999046326 0.9304500222206116
1799 0.9582800269126892 0.9273300170898438
1800 0.9564599990844727 0.922819972038269
1801 0.9482899904251099 0.9202499985694885
1802 0.9475200176239014 0.9227499961853027
1803 0.9461299777030945 0.9255899786949158
1804 0.9431999921798706 0.9290400147438049
1805 0.9363800287246704 0.9335200190544128
1806 0.9271100163459778 0.9418200254440308
1807 0.9194200038909912 0.9508900046348572
1808 0.913640022277832 0.9582200050354004
1809 0.9061899781227112 0.9665499925613403
1810 0.9536600112915039 0.9220499992370605
1811 0.9527199864387512 0.9247999787330627
1812 0.9515600204467773 0.9279099702835083
1813 0.9504799842834473 0.9322199821472168
1814 0.9493899941444397 0.9402899742126465
1815 0.9490200281143188 0.9493299722671509
1816 0.9478399753570557 0.9599499702453613
1817 0.948889970779419 0.9690300226211548
1818 0.9506400227546692 0.9805600047111511
1819 0.9281899929046631 0.9036099910736084
1820 0.9253600239753723 0.9008100032806396
1821 0.9220700263977051 0.8970699906349182
1822 0.9303100109100342 0.905269980430603
1823 0.9304500222206116 0.9083499908447266
1824 0.9264199733734131 0.9073699712753296
1825 0.9224399924278259 0.9049599766731262
1826 0.9181900024414062 0.9014000296592712
1827 0.5478699803352356 0.5059700012207031
1828 0.5460100173950195 0.5077999830245972
1829 0.8779399991035461 0.9666600227355957
1830 0.8705899715423584 0.9826300144195557
1831 0.8748599886894226 0.9792299866676331
1832 0.8590400218963623 0.9567499756813049
1833 0.8547999858856201 0.9586799740791321
1834 0.8778899908065796 0.9752799868583679
1835 0.8486300110816956 0.9795600175857544
1836 0.8529800176620483 0.9827200174331665
1837 0.8645099997520447 0.984969973564148
1838 0.8751099705696106 0.9598000049591064
1839 0.8768100142478943 0.9620199799537659
1840 0.8682600259780884 0.9564499855041504
1841 0.8638100028038025 0.9558500051498413
1842 0.8584499955177307 0.9848499894142151
1843 0.8443199992179871 0.9755600094795227
1844 0.8717799782752991 0.9577999711036682
1845 0.8431000113487244 0.9739800691604614
1846 0.8502100110054016 0.9609500169754028
1847 0.845229983329773 0.9639099836349487
1848 0.8432900309562683 0.965190052986145
1849 0.8756300210952759 0.9673299789428711
1850 0.8693400025367737 0.9793099761009216
1851 0.8729400038719177 0.9762399792671204
1852 0.8600599765777588 0.9622399806976318
1853 0.8560000061988831 0.9632099866867065
1854 0.8755999803543091 0.9732900261878967
1855 0.8503699898719788 0.9770699739456177
1856 0.8554099798202515 0.9800199866294861
1857 0.8648300170898438 0.9811099767684937
1858 0.8732799887657166 0.9627000093460083
1859 0.8751699924468994 0.9630600810050964
1860 0.8670399785041809 0.9617800116539001
1861 0.8636800050735474 0.9616699814796448
1862 0.8603100180625916 0.9812700152397156
1863 0.8452500104904175 0.9735900163650513
1864 0.8702399730682373 0.9621599912643433
1865 0.8433899879455566 0.9729700088500977
1866 0.8509200215339661 0.9645199775695801
1867 0.8462899923324585 0.9657999873161316
1868 0.8434000015258789 0.9665499925613403
1869 0.8791900277137756 0.9716200232505798
1870 0.8773300051689148 0.9712499976158142
1871 0.8637700080871582 0.9718599915504456
1872 0.8667799830436707 0.9710400104522705
1873 0.8697299957275391 0.9699299931526184
1874 0.8729199767112732 0.9685800075531006
1875 0.5171499848365784 0.6423699855804443
1876 0.5254999995231628 0.6428300142288208
1877 0.5420600175857544 0.6414999961853027
1878 0.5608199834823608 0.6336600184440613
1879 0.5677400231361389 0.6297600269317627
1880 0.8361600041389465 0.9718800187110901
1881 0.8379499912261963 0.9716500043869019
1882 0.8467900156974792 0.9704099893569946
1883 0.8516200184822083 0.9716100096702576
1884 0.8566799759864807 0.9724500179290771
1885 0.8605200052261353 0.9725099802017212
1886 0.8412799835205078 0.9725499749183655
1887 0.8406000137329102 0.9713900089263916
1888 0.8347899913787842 0.9682199954986572
1889 0.8371899724006653 0.9682300090789795
1890 0.8400400280952454 0.9681800007820129
1891 0.8360700011253357 0.9665500521659851
1892 0.8381999731063843 0.9664899706840515
1893 0.8406000137329102 0.9666900038719177
1894 0.8433200120925903 0.9699100255966187
1895 0.8433600068092346 0.9681800007820129
1896 0.8468199968338013 0.9681699872016907
1897 0.8514299988746643 0.9681400060653687
1898 0.8564900159835815 0.9680799841880798
1899 0.8601499795913696 0.9676600098609924
1900 0.8632699847221375 0.9670799970626831
1901 0.8662800192832947 0.9666000008583069
1902 0.8694400191307068 0.966189980506897
1903 0.8729199767112732 0.9655500054359436
1904 0.8753299713134766 0.9650099873542786
1905 0.8777199983596802 0.9633899927139282
1906 0.8786699771881104 0.968779981136322
1907 0.87677001953125 0.9694799780845642
1908 0.8737199902534485 0.9711099863052368
1909 0.8708800077438354 0.9732300043106079
1910 0.8678399920463562 0.9752100110054016
1911 0.8644599914550781 0.9764800071716309
1912 0.8607900142669678 0.9770500063896179
1913 0.8565000295639038 0.9765899777412415
1914 0.8513299822807312 0.9746599793434143
1915 0.8460900187492371 0.9722700119018555
1916 0.8433499932289124 0.9715099930763245
1917 0.6642699837684631 0.5059700012207031
1918 0.6571900248527527 0.5209699869155884
1919 0.6497099995613098 0.5336099863052368
1920 0.6413900256156921 0.5448799729347229
1921 0.6321399807929993 0.5548499822616577
1922 0.6219199895858765 0.5625500082969666
1923 0.6118199825286865 0.569130003452301
1924 0.602150022983551 0.5747799873352051
1925 0.5922099947929382 0.5797600150108337
1926 0.5817700028419495 0.5843999981880188
1927 0.5719199776649475 0.5893200039863586
1928 0.562969982624054 0.5946900248527527
1929 0.5397199988365173 0.6258900165557861
1930 0.5412300229072571 0.6187400221824646
1931 0.5443500280380249 0.6119899749755859
1932 0.5553299784660339 0.6000699996948242
1933 0.5490999817848206 0.6057299971580505
1934 0.5667499899864197 0.6274399757385254
1935 0.5646799802780151 0.6277999877929688
1936 0.558899998664856 0.6292399764060974
1937 0.5470600128173828 0.6324300169944763
1938 0.566540002822876 0.6253100037574768
1939 0.558139979839325 0.6249600052833557
1940 0.5641599893569946 0.6249899864196777
1941 0.5598800182342529 0.603879988193512
1942 0.5542899966239929 0.6086400151252747
1943 0.5501499772071838 0.6138700246810913
1944 0.5474799871444702 0.6196200251579285
1945 0.6356099843978882 0.6489499807357788
1946 0.6253399848937988 0.6496800184249878
1947 0.6143699884414673 0.6497200131416321
1948 0.6029700040817261 0.6501299738883972
1949 0.5921099781990051 0.6493300199508667
1950 0.5833600163459778 0.646589994430542
1951 0.5769299864768982 0.6430799961090088
1952 0.5711399912834167 0.6392899751663208
1953 0.5666000247001648 0.635919988155365
1954 0.5636699795722961 0.6321099996566772
1955 0.5622000098228455 0.628350019454956
1956 0.5615400075912476 0.6248499751091003
1957 0.5616099834442139 0.6214200258255005
1958 0.5631300210952759 0.6182399988174438
1959 0.5663300156593323 0.6155700087547302
1960 0.582830011844635 0.6092600226402283
1961 0.590719997882843 0.6074000000953674
1962 0.5993300080299377 0.6059899926185608
1963 0.6083700060844421 0.604960024356842
1964 0.6176300048828125 0.6041200160980225
1965 0.627240002155304 0.60343998670578
1966 0.63714998960495 0.6035000085830688
1967 0.646809995174408 0.604960024356842
1968 0.6552000045776367 0.6075000166893005
1969 0.6618300080299377 0.6112800240516663
1970 0.6670899987220764 0.6165599822998047
1971 0.6708199977874756 0.623520016670227
1972 0.6685100197792053 0.6375200152397156
1973 0.6622599959373474 0.6418200135231018
1974 0.6544899940490723 0.6450499892234802
1975 0.6454799771308899 0.6473900079727173
1976 0.6725299954414368 0.631600022315979
1977 0.5765900015830994 0.6222500205039978
1978 0.5753200054168701 0.6195499897003174
1979 0.573199987411499 0.6162800192832947
1980 0.5707399845123291 0.6132199764251709
1981 0.5679100155830383 0.6103600263595581
1982 0.5802299976348877 0.6217899918556213
1983 0.5739200115203857 0.6073300242424011
1984 0.576200008392334 0.611050009727478
1985 0.5781300067901611 0.6150000095367432
1986 0.5797299742698669 0.6190099716186523
1987 0.5653200149536133 0.6460000276565552
1988 0.5716300010681152 0.651449978351593
1989 0.5602899789810181 0.6412299871444702
1990 0.5561699867248535 0.636139988899231
1991 0.553600013256073 0.6307299733161926
1992 0.5554800033569336 0.6155200004577637
1993 0.553409993648529 0.6202999949455261
1994 0.5526700019836426 0.6254799962043762
1995 0.5591999888420105 0.6114000082015991
1996 0.5643200278282166 0.6074900031089783
1997 0.5788400173187256 0.6558099985122681
1998 0.5878400206565857 0.6597499847412109
1999 0.5989699959754944 0.6623499989509583
2000 0.6109200119972229 0.6627399921417236
2001 0.6226900219917297 0.6622200012207031
2002 0.6336299777030945 0.661050021648407
2003 0.6444500088691711 0.658490002155304
2004 0.654699981212616 0.6551200151443481
2005 0.6642000079154968 0.6502799987792969
2006 0.6728299856185913 0.6448000073432922
2007 0.6790400147438049 0.6391199827194214
2008 0.6625099778175354 0.6236699819564819
2009 0.6643199920654297 0.6236600279808044
2010 0.7702000141143799 0.7943650484085083
2011 0.6673200130462646 0.6237199902534485
2012 0.8801599740982056 0.9650300145149231
2013 0.8780900239944458 0.9649400115013123
2014 0.7703549861907959 0.7946799993515015
2015 0.6631199717521667 0.6258100271224976
2016 0.6685600280761719 0.6290000081062317
2017 0.6652799844741821 0.6269299983978271
2018 0.5 0.24129000306129456
2019 0.5417500138282776 0.24288000166416168
2020 0.5798299908638 0.25356999039649963
2021 0.6137400269508362 0.27098000049591064
2022 0.640500009059906 0.2962400019168854
2023 0.6609899997711182 0.3269299864768982
2024 0.6735100150108337 0.3591800034046173
2025 0.6809200048446655 0.390390008687973
2026 0.6830199956893921 0.41964998841285706
2027 0.680679976940155 0.4459500014781952
2028 0.676360011100769 0.4683400094509125
2029 0.670930027961731 0.48837000131607056
2030 0.683180034160614 0.6389200091362
2031 0.6854199767112732 0.6389999985694885
2032 0.6888499855995178 0.6394199728965759
2033 0.6935300230979919 0.6402999758720398
2034 0.699720025062561 0.6416900157928467
2035 0.7073299884796143 0.6435199975967407
2036 0.7161099910736084 0.6451200246810913
2037 0.7254199981689453 0.6472100019454956
2038 0.5685300230979919 0.6258699893951416
2039 0.5684000253677368 0.6274799704551697
2040 0.6644200086593628 0.7390567064285278
2041 0.6658000349998474 0.7386800050735474
2042 0.5705100297927856 0.6268100142478943
2043 0.5705100297927856 0.6273400187492371
2044 0.5 0.5574399828910828
2045 0.5096200108528137 0.5572599768638611
2046 0.5192800164222717 0.5561400055885315
2047 0.527899980545044 0.5542100071907043
2048 0.5359799861907959 0.5515300035476685
2049 0.5436699986457825 0.5482100248336792
2050 0.5495499968528748 0.5449399948120117
2051 0.5545499920845032 0.5424299836158752
2052 0.5598800182342529 0.5399799942970276
2053 0.5652899742126465 0.5366500020027161
2054 0.5702099800109863 0.5321699976921082
2055 0.5738800168037415 0.5271400213241577
2056 0.57669997215271 0.5221999883651733
2057 0.578790009021759 0.5159199833869934
2058 0.5799300074577332 0.5067999958992004
2059 0.5814300179481506 0.49709001183509827
2060 0.5848000049591064 0.487280011177063
2061 0.5897700190544128 0.4768100082874298
2062 0.5978000164031982 0.4666599929332733
2063 0.6047899723052979 0.4563100039958954
2064 0.6095200181007385 0.445609986782074
2065 0.6117600202560425 0.4345000088214874
2066 0.6112800240516663 0.4231100082397461
2067 0.6082800030708313 0.4116399884223938
2068 0.6028000116348267 0.4002099931240082
2069 0.5941100120544434 0.3892799913883209
2070 0.5829300284385681 0.3795199990272522
2071 0.5705299973487854 0.3715899884700775
2072 0.5566800236701965 0.3664399981498718
2073 0.5415999889373779 0.3637999892234802
2074 0.527209997177124 0.36256998777389526
2075 0.5134900212287903 0.3619700074195862
2076 0.5 0.3617199957370758
2077 0.5586100220680237 0.46873998641967773
2078 0.544160008430481 0.46869000792503357
2079 0.5301799774169922 0.4685499966144562
2080 0.5156800150871277 0.4681200087070465
2081 0.5 0.467739999294281
2082 0.5598300099372864 0.4775199890136719
2083 0.5452200174331665 0.475380003452301
2084 0.5307300090789795 0.47415998578071594
2085 0.515779972076416 0.47336000204086304
2086 0.5 0.47304999828338623
2087 0.5834599733352661 0.623960018157959
2088 0.5894500017166138 0.623740017414093
2089 0.5983800292015076 0.623420000076294
2090 0.6088399887084961 0.6231899857521057
2091 0.6193199753761292 0.62295001745224
2092 0.6296499967575073 0.6226800084114075
2093 0.6391599774360657 0.622219979763031
2094 0.6473699808120728 0.6221299767494202
2095 0.6538500189781189 0.6219800114631653
2096 0.6580700278282166 0.6219599843025208
2097 0.6600900292396545 0.6226500272750854
2098 0.6609600186347961 0.6239100098609924
2099 0.6612600088119507 0.6251500248908997
2100 0.6606500148773193 0.6264500021934509
2101 0.6585900187492371 0.6276100277900696
2102 0.6541299819946289 0.6282200217247009
2103 0.6473399996757507 0.6289299726486206
2104 0.6391900181770325 0.6297699809074402
2105 0.6297299861907959 0.6306899785995483
2106 0.6191099882125854 0.6311399936676025
2107 0.6075299978256226 0.6315000057220459
2108 0.5964499711990356 0.631380021572113
2109 0.5873399972915649 0.6310300230979919
2110 0.5805400013923645 0.63059002161026
2111 0.575689971446991 0.6299999952316284
2112 0.5722299814224243 0.6292300224304199
2113 0.5705199837684631 0.6284800171852112
2114 0.5698000192642212 0.6275200247764587
2115 0.569819986820221 0.6264399886131287
2116 0.5703700184822083 0.6256399750709534
2117 0.571940004825592 0.6251299977302551
2118 0.5745900273323059 0.6247400045394897
2119 0.577430009841919 0.6246200203895569
2120 0.5800899863243103 0.6242600083351135
2121 0.49999499320983887 0.9909399747848511
2122 0.49999499320983887 0.9660300016403198
2123 0.49999499320983887 0.11473000049591064
2124 0.49999499320983887 0.08183000236749649
2125 0.49999499320983887 0.45375001430511475
2126 0.49999499320983887 0.41986000537872314
2127 0.49999502301216125 0.3892199993133545
2128 0.4999949634075165 0.7249400019645691
2129 0.49999499320983887 0.5820199847221375
2130 0.49999499320983887 0.5219299793243408
2131 0.49999499320983887 0.6159700155258179
2132 0.49999499320983887 0.6819499731063843
2133 0.49999499320983887 0.26750001311302185
2134 0.49999499320983887 0.29662999510765076
2135 0.49999499320983887 0.23771999776363373
2136 0.4999949634075165 0.358460009098053
2137 0.49999499320983887 0.20565000176429749
2138 0.49999499320983887 0.1434600055217743
2139 0.49999499320983887 0.17294999957084656
2140 0.49999499320983887 0.3273000121116638
2141 0.49999502301216125 0.8702499866485596
2142 0.49999499320983887 0.8149200081825256
2143 0.49999499320983887 0.9248200058937073
2144 0.49999502301216125 0.766219973564148
2145 0.49999502301216125 0.5522500276565552
2146 0.49999499320983887 0.008070000447332859
2147 0.49999499320983887 0.02607000060379505
2148 0.49999499320983887 0.05115000158548355
2149 0.49999499320983887 0.6500599980354309
2150 0.49999499320983887 0.4886699914932251
2151 0.5 0.9212200045585632
2152 0.49999499320983887 0.9960200190544128
2153 0.5 0.16839000582695007
2154 0.5 0.1868000030517578
2155 0.5 0.12189999967813492
2156 0.5 0.09866999834775925
2157 0.5 0.05183999985456467
2158 0.5 0.07592999935150146
2159 0.5 0.1459600031375885
2160 0.5 0.975350022315979
2161 0.5 0.9429399967193604
2162 0.5 0.007930000312626362
2163 0.5 0.026480000466108322
2164 0.7563999891281128 0.08483999967575073
2165 0.7582499980926514 0.07037000358104706
2166 0.7814300060272217 0.08389999717473984
2167 0.7839400172233582 0.10317999869585037
2168 0.873170018196106 0.35842999815940857
2169 0.8577100038528442 0.3171199858188629
2170 0.8785399794578552 0.32624000310897827
2171 0.890529990196228 0.365119993686676
2172 0.8877300024032593 0.40171000361442566
2173 0.900189995765686 0.4053899943828583
2174 0.9144499897956848 0.6298099756240845
2175 0.9094200134277344 0.6675300002098083
2176 0.8998900055885315 0.6653299927711487
2177 0.9057899713516235 0.6281800270080566
2178 0.8234300017356873 0.24563999474048615
2179 0.8062899708747864 0.21341000497341156
2180 0.8375300168991089 0.22532999515533447
2181 0.8524399995803833 0.2567700147628784
2182 0.7692300081253052 0.15520000457763672
2183 0.7559800148010254 0.12635000050067902
2184 0.794219970703125 0.14535999298095703
2185 0.8047400116920471 0.17090000212192535
2186 0.787310004234314 0.18419000506401062
2187 0.8204200267791748 0.19745999574661255
2188 0.8405399918556213 0.2797499895095825
2189 0.866599977016449 0.2896600067615509
2190 0.7370200157165527 0.969789981842041
2191 0.8111000061035156 0.9457600116729736
2192 0.7881699800491333 0.12349999696016312
2193 0.7541599869728088 0.10395000129938126
2194 0.8131600022315979 0.8399500250816345
2195 0.8231099843978882 0.8197900056838989
2196 0.8360599875450134 0.8153899908065796
2197 0.8336600065231323 0.8270999789237976
2198 0.850820004940033 0.798799991607666
2199 0.8398200273513794 0.7974900007247925
2200 0.7928299903869629 0.8786799907684326
2201 0.8033699989318848 0.8598600029945374
2202 0.8305100202560425 0.8428000211715698
2203 0.8265799880027771 0.8604699969291687
2204 0.8991000056266785 0.7064200043678284
2205 0.8853999972343445 0.7423099875450134
2206 0.8735700249671936 0.7413600087165833
2207 0.8883600234985352 0.7043700218200684
2208 0.8685600161552429 0.7726399898529053
2209 0.8561300039291382 0.7711300253868103
2210 0.8100799918174744 0.92808997631073
2211 0.7434999942779541 0.950469970703125
2212 0.821370005607605 0.8775799870491028
2213 0.780210018157959 0.8959500193595886
2214 0.7543699741363525 0.9320099949836731
2215 0.8120800256729126 0.9109399914741516
2216 0.7676799893379211 0.9135199785232544
2217 0.8160399794578552 0.8942199945449829
2218 0.9070600271224976 0.5946999788284302
2219 0.9157599806785583 0.5937899947166443
2220 0.9037700295448303 0.527970016002655
2221 0.900600016117096 0.4901700019836426
2222 0.9096099734306335 0.48923999071121216
2223 0.9125800132751465 0.5259199738502502
2224 0.9146000146865845 0.5596799850463867
2225 0.9056599736213684 0.5618399977684021
2226 0.7817100286483765 0.013159999623894691
2227 0.784030020236969 0.008070000447332859
2228 0.7917199730873108 0.008070000447332859
2229 0.7903500199317932 0.014539999887347221
2230 0.7807000279426575 0.06740999966859818
2231 0.7622100114822388 0.056460000574588776
2232 0.7821199893951416 0.05150999873876572
2233 0.7666900157928467 0.04303999990224838
2234 0.772819995880127 0.03123999945819378
2235 0.7845799922943115 0.037470001727342606
2236 0.7876999974250793 0.024949999526143074
2237 0.7782400250434875 0.02127999998629093
2238 0.8958699703216553 0.4459899961948395
2239 0.9063000082969666 0.4458000063896179
2240 0.8132100105285645 0.1137000024318695
2241 0.8674399852752686 0.11745999753475189
2242 0.8406999707221985 0.11963000148534775
2243 0.9239599704742432 0.1038300022482872
2244 0.9575600028038025 0.1047699972987175
2245 0.8965999484062195 0.10476000607013702
2246 0.8070200085639954 0.09437999874353409
2247 0.8328800201416016 0.09888000041246414
2248 0.8569899797439575 0.0957299992442131
2249 0.8788400292396545 0.08433999866247177
2250 0.8956500291824341 0.06345000118017197
2251 0.9109799861907959 0.07283999770879745
2252 0.9290199875831604 0.07530999928712845
2253 0.9606000185012817 0.07665000110864639
2254 0.9242299795150757 0.593209981918335
2255 0.9213600158691406 0.5245000123977661
2256 0.9058099985122681 0.3712100088596344
2257 0.8977900147438049 0.33417999744415283
2258 0.9118899703025818 0.40950000286102295
2259 0.9089900255203247 0.7071499824523926
2260 0.9231299757957458 0.6298900246620178
2261 0.9447399973869324 0.35210999846458435
2262 0.9470999836921692 0.38554999232292175
2263 0.975629985332489 0.3895699977874756
2264 0.9750300049781799 0.3576599955558777
2265 0.9301300048828125 0.5236600041389465
2266 0.9323700070381165 0.5922099947929382
2267 0.9160699844360352 0.4476200044155121
2268 0.9258300065994263 0.452210009098053
2269 0.923740029335022 0.41411998867988586
2270 0.9146900177001953 0.3413200080394745
2271 0.919920027256012 0.37683001160621643
2272 0.931439995765686 0.628849983215332
2273 0.9486799836158752 0.4554600119590759
2274 0.9497100114822388 0.5229399800300598
2275 0.9754400253295898 0.5211899876594543
2276 0.9756900072097778 0.45548999309539795
2277 0.9486299753189087 0.42048999667167664
2278 0.9514600038528442 0.5881199836730957
2279 0.9513800144195557 0.6232699751853943
2280 0.9761499762535095 0.6173099875450134
2281 0.9744200110435486 0.6858999729156494
2282 0.9187800288200378 0.707260012626648
2283 0.9452999830245972 0.6984800100326538
2284 0.9758899807929993 0.421889990568161
2285 0.9760599732398987 0.5840299725532532
2286 0.9361900091171265 0.289249986410141
2287 0.9721400141716003 0.2958599925041199
2288 0.9700700044631958 0.2658100128173828
2289 0.9105299711227417 0.25450000166893005
2290 0.8771600127220154 0.2683899998664856
2291 0.8988000154495239 0.2775999903678894
2292 0.8893100023269653 0.24794000387191772
2293 0.8650000095367432 0.23823000490665436
2294 0.8281700015068054 0.15985000133514404
2295 0.8583099842071533 0.1674399971961975
2296 0.849120020866394 0.1430100053548813
2297 0.8200899958610535 0.13628000020980835
2298 0.8757299780845642 0.14237000048160553
2299 0.8848900198936462 0.16906000673770905
2300 0.838890016078949 0.18476000428199768
2301 0.868619978427887 0.1929900050163269
2302 0.8938599824905396 0.19682000577449799
2303 0.8796799778938293 0.22000999748706818
2304 0.9028199911117554 0.22582000494003296
2305 0.8518900275230408 0.21083000302314758
2306 0.9677500128746033 0.23443999886512756
2307 0.9411600232124329 0.32008999586105347
2308 0.9739400148391724 0.3264800012111664
2309 0.907800018787384 0.30831998586654663
2310 0.88823002576828 0.29997000098228455
2311 0.9660800099372864 0.2015399932861328
2312 0.9416099786758423 0.19774000346660614
2313 0.917680025100708 0.1975100040435791
2314 0.9394000172615051 0.15857000648975372
2315 0.8952299952507019 0.7444499731063843
2316 0.9044100046157837 0.748449981212616
2317 0.9705399870872498 0.7257300019264221
2318 0.9380900263786316 0.7387700080871582
2319 0.917959988117218 0.8604699969291687
2320 0.872409999370575 0.9075000286102295
2321 0.8608899712562561 0.8795599937438965
2322 0.8560799956321716 0.8061500191688538
2323 0.8772199749946594 0.7775400280952454
2324 0.8595100045204163 0.8333799839019775
2325 0.9523400068283081 0.12985000014305115
2326 0.9109500050544739 0.16617000102996826
2327 0.9264600276947021 0.12952999770641327
2328 0.9025400280952454 0.13691000640392303
2329 0.858780026435852 0.818149983882904
2330 0.9479799866676331 0.81072998046875
2331 0.9597300291061401 0.35558000206947327
2332 0.9611899852752686 0.3882000148296356
2333 0.9615499973297119 0.45607998967170715
2334 0.9618200063705444 0.5220400094985962
2335 0.9630600214004517 0.5860400199890137
2336 0.9618300199508667 0.4219000041484833
2337 0.9631400108337402 0.6203600168228149
2338 0.9594900012016296 0.6913300156593323
2339 0.9500499963760376 0.2628999948501587
2340 0.9539099931716919 0.29322999715805054
2341 0.9457299709320068 0.2315800040960312
2342 0.9573299884796143 0.32405999302864075
2343 0.8652300238609314 0.8931699991226196
2344 0.9546999931335449 0.7300699949264526
2345 0.9062700271606445 0.8517100214958191
2346 0.9323099851608276 0.808650016784668
2347 0.9304900169372559 0.2591400146484375
2348 0.9243500232696533 0.22904999554157257
2349 0.9334499835968018 0.3817499876022339
2350 0.9299899935722351 0.34727999567985535
2351 0.9360100030899048 0.41804999113082886
2352 0.9368500113487244 0.45430999994277954
2353 0.9393200278282166 0.5233100056648254
2354 0.9411900043487549 0.5904899835586548
2355 0.9406700134277344 0.6264700293540955
2356 0.9304900169372559 0.7061100006103516
2357 0.9160799980163574 0.7562400102615356
2358 0.9181900024414062 0.28411000967025757
2359 0.9249399900436401 0.31481999158859253
2360 0.8593599796295166 0.849810004234314
2361 0.8594300150871277 0.8654599785804749
2362 0.897130012512207 0.8433200120925903
2363 0.8914600014686584 0.8335000276565552
2364 0.9187999963760376 0.8082399964332581
2365 0.9087100028991699 0.8098400831222534
2366 0.8835399746894836 0.7861400246620178
2367 0.8886799812316895 0.7994099855422974
2368 0.9632499814033508 0.7658200263977051
2369 0.9467200040817261 0.7684100270271301
2370 0.9303399920463562 0.7748799920082092
2371 0.9125000238418579 0.7897899746894836
2372 0.8898100256919861 0.8178899884223938
2373 0.9231899976730347 0.558210015296936
2374 0.950659990310669 0.5550900101661682
2375 0.9403600096702576 0.5564200282096863
2376 0.9314799904823303 0.5572299957275391
2377 0.9757500290870667 0.5525000095367432
2378 0.9624599814414978 0.5537700057029724
2379 0.9183899760246277 0.008070000447332859
2380 0.9287899732589722 0.008070000447332859
2381 0.9261699914932251 0.022590000182390213
2382 0.9146000146865845 0.021649999544024467
2383 0.9390100240707397 0.008070000447332859
2384 0.9377400279045105 0.02305999957025051
2385 0.949940025806427 0.008070000447332859
2386 0.9498999714851379 0.023520000278949738
2387 0.9625599980354309 0.008070000447332859
2388 0.9627299904823303 0.023989999666810036
2389 0.9751600027084351 0.008070000447332859
2390 0.9760800004005432 0.024569999426603317
2391 0.9036399722099304 0.01962999999523163
2392 0.8932600021362305 0.01696999929845333
2393 0.8977299928665161 0.008070000447332859
2394 0.9082300066947937 0.008070000447332859
2395 0.8006200194358826 0.01566999964416027
2396 0.800790011882782 0.008070000447332859
2397 0.8127700090408325 0.008070000447332859
2398 0.8141300082206726 0.016419999301433563
2399 0.8303599953651428 0.008070000447332859
2400 0.8312900066375732 0.016909999772906303
2401 0.8472899794578552 0.008070000447332859
2402 0.8480700254440308 0.016170000657439232
2403 0.8617900013923645 0.008070000447332859
2404 0.862089991569519 0.015039999969303608
2405 0.8732399940490723 0.014390000142157078
2406 0.8741300106048584 0.008070000447332859
2407 0.8856199979782104 0.008070000447332859
2408 0.883109986782074 0.01513999979943037
2409 0.9071199893951416 0.04179000109434128
2410 0.9203900098800659 0.04594000056385994
2411 0.9343799948692322 0.04755999892950058
2412 0.9483500123023987 0.04820000007748604
2413 0.9622899889945984 0.04871999844908714
2414 0.9764099717140198 0.04975000023841858
2415 0.8484399914741516 0.07579000294208527
2416 0.825469970703125 0.07902999967336655
2417 0.8018900156021118 0.07579000294208527
2418 0.8955900073051453 0.03568999841809273
2419 0.8841500282287598 0.05201999843120575
2420 0.8684499859809875 0.06633000075817108
2421 0.8609799742698669 0.0516900010406971
2422 0.8753200173377991 0.0415400005877018
2423 0.7997300028800964 0.05820000171661377
2424 0.8207600116729736 0.061170000582933426
2425 0.8424500226974487 0.05868000164628029
2426 0.8859000205993652 0.029360000044107437
2427 0.8778499960899353 0.02419999986886978
2428 0.8685600161552429 0.032430000603199005
2429 0.7991999983787537 0.0423399992287159
2430 0.8174200057983398 0.04495999962091446
2431 0.8374999761581421 0.043800000101327896
2432 0.8550400137901306 0.03926999866962433
2433 0.8153799772262573 0.029759999364614487
2434 0.8506900072097778 0.027400000020861626
2435 0.8639400005340576 0.023840000852942467
2436 0.8720499873161316 0.020670000463724136
2437 0.8336899876594543 0.029759999364614487
2438 0.7998800277709961 0.027890000492334366
2439 0.9757599830627441 0.6510400176048279
2440 0.9619899988174438 0.6544899940490723
2441 0.949429988861084 0.6594700217247009
2442 0.9374300241470337 0.6643499732017517
2443 0.9273499846458435 0.666949987411499
2444 0.9186199903488159 0.6677299737930298
2445 0.918749988079071 0.48938000202178955
2446 0.9280099868774414 0.48980000615119934
2447 0.9378899931907654 0.49000999331474304
2448 0.9487699866294861 0.49004000425338745
2449 0.9612100124359131 0.4899100065231323
2450 0.9751399755477905 0.48899999260902405
2451 0.7317600250244141 0.0649000033736229
2452 0.7146400213241577 0.0427200011909008
2453 0.703249990940094 0.008070000447332859
2454 0.7060999870300293 0.02184000052511692
2455 0.7187299728393555 0.008070000447332859
2456 0.7206500172615051 0.02037999965250492
2457 0.7273399829864502 0.037629999220371246
2458 0.7400299906730652 0.054749999195337296
2459 0.7352100014686584 0.28773999214172363
2460 0.7725300192832947 0.3330399990081787
2461 0.8958899974822998 0.5303900241851807
2462 0.8992499709129333 0.5948699712753296
2463 0.677649974822998 0.23848000168800354
2464 0.6100000143051147 0.20541000366210938
2465 0.8124600052833557 0.27070000767707825
2466 0.831820011138916 0.30910998582839966
2467 0.7556800246238708 0.2537199854850769
2468 0.7811899781227112 0.2944900095462799
2469 0.7735999822616577 0.20437000691890717
2470 0.7932299971580505 0.23532000184059143
2471 0.7054499983787537 0.1887200027704239
2472 0.6325100064277649 0.16895000636577606
2473 0.6507400274276733 0.19913999736309052
2474 0.7280200123786926 0.21987999975681305
2475 0.5886899828910828 0.15791000425815582
2476 0.5992699861526489 0.18355000019073486
2477 0.5501800179481506 0.1731099933385849
2478 0.5459399819374084 0.1482599973678589
2479 0.7106199860572815 0.09855999797582626
2480 0.7317900061607361 0.14100000262260437
2481 0.6640999913215637 0.12400999665260315
2482 0.6848400235176086 0.1577800065279007
2483 0.7523000240325928 0.17470000684261322
2484 0.6164500117301941 0.14063000679016113
2485 0.5779600143432617 0.1319199949502945
2486 0.5392600297927856 0.12466000020503998
2487 0.5533000230789185 0.19309000670909882
2488 0.6024500131607056 0.11255999654531479
2489 0.5350499749183655 0.10103999823331833
2490 0.5692300200462341 0.10716000199317932
2491 0.6441299915313721 0.08857999742031097
2492 0.5619999766349792 0.08167999982833862
2493 0.5900899767875671 0.08315999805927277
2494 0.5317100286483765 0.07824999839067459
2495 0.8853999972343445 0.44951000809669495
2496 0.8710399866104126 0.40182000398635864
2497 0.7933200001716614 0.8481000065803528
2498 0.7609099745750427 0.8879899978637695
2499 0.7735099792480469 0.8504599928855896
2500 0.7322900295257568 0.890209972858429
2501 0.7412099838256836 0.9051499962806702
2502 0.7074900269508362 0.9062700271606445
2503 0.6499900221824646 0.9758700132369995
2504 0.5682399868965149 0.963670015335083
2505 0.6985499858856201 0.938480019569397
2506 0.673009991645813 0.9569200277328491
2507 0.6501200199127197 0.9345999956130981
2508 0.6132100224494934 0.9497100114822388
2509 0.8077399730682373 0.823390007019043
2510 0.7910699844360352 0.825160026550293
2511 0.8093000054359436 0.7984099984169006
2512 0.8253800272941589 0.7980599999427795
2513 0.8424500226974487 0.7701399922370911
2514 0.8269500136375427 0.7703800201416016
2515 0.8053900003433228 0.33570998907089233
2516 0.8535799980163574 0.3515399992465973
2517 0.8590199947357178 0.7405999898910522
2518 0.8980200290679932 0.625
2519 0.8753000497817993 0.6993499994277954
2520 0.8111699819564819 0.7704100012779236
2521 0.7938899993896484 0.7972800135612488
2522 0.7748600244522095 0.8247500061988831
2523 0.754010021686554 0.8490899801254272
2524 0.7069100141525269 0.8868200182914734
2525 0.6800400018692017 0.90065997838974
2526 0.6212599873542786 0.9223600029945374
2527 0.5846099853515625 0.9329299926757812
2528 0.5443300008773804 0.940530002117157
2529 0.8422200083732605 0.7430599927902222
2530 0.795520007610321 0.37105000019073486
2531 0.8226500153541565 0.3723900020122528
2532 0.7223100066184998 0.0776899978518486
2533 0.5357199907302856 0.919510006904602
2534 0.5694699883460999 0.9152500033378601
2535 0.7791500091552734 0.7952100038528442
2536 0.7584699988365173 0.8238999843597412
2537 0.796239972114563 0.768779993057251
2538 0.826259970664978 0.744350016117096
2539 0.8113700151443481 0.7433199882507324
2540 0.8539199829101562 0.7125300168991089
2541 0.8371300101280212 0.7177299857139587
2542 0.8227400183677673 0.7185900211334229
2543 0.6014400124549866 0.9088900089263916
2544 0.6593599915504456 0.8914600014686584
2545 0.7360299825668335 0.8460299968719482
2546 0.686959981918335 0.8800699710845947
2547 0.5275499820709229 0.0530799999833107
2548 0.579230010509491 0.05437999963760376
2549 0.5539600253105164 0.054590001702308655
2550 0.6294800043106079 0.053369998931884766
2551 0.6795600056648254 0.05211000144481659
2552 0.6991000175476074 0.04763999953866005
2553 0.6251000165939331 0.025359999388456345
2554 0.6701499819755554 0.02370000071823597
2555 0.5750300288200378 0.027370000258088112
2556 0.5501000285148621 0.027249999344348907
2557 0.5246700048446655 0.026639999821782112
2558 0.5754299759864807 0.008070000447332859
2559 0.5498999953269958 0.008089999668300152
2560 0.5244100093841553 0.008050000295042992
2561 0.6251999735832214 0.008070000447332859
2562 0.6892300248146057 0.0228899996727705
2563 0.6859800219535828 0.008070000447332859
2564 0.6677200198173523 0.008070000447332859
2565 0.7779300212860107 0.8686800003051758
2566 0.7541499733924866 0.871649980545044
2567 0.7313899993896484 0.8694800138473511
2568 0.7122600078582764 0.8645700216293335
2569 0.7218300104141235 0.9216300249099731
2570 0.6815599799156189 0.9204000234603882
2571 0.6520000100135803 0.9120000004768372
2572 0.6311900019645691 0.9009100198745728
2573 0.844569981098175 0.6940299868583679
2574 0.8314700126647949 0.6958600282669067
2575 0.8932999968528748 0.5932000279426575
2576 0.8915500044822693 0.6188700199127197
2577 0.8747299909591675 0.6719300150871277
2578 0.8594099879264832 0.6866700053215027
2579 0.897819995880127 0.5638300180435181
2580 0.8795400261878967 0.4592300057411194
2581 0.8908299803733826 0.5313799977302551
2582 0.8337200284004211 0.40354999899864197
2583 0.8112999796867371 0.40143999457359314
2584 0.7349799871444702 0.018370000645518303
2585 0.7341600060462952 0.008070000447332859
2586 0.74822998046875 0.008070000447332859
2587 0.7486000061035156 0.016920000314712524
2588 0.7617700099945068 0.008070000447332859
2589 0.761709988117218 0.014279999770224094
2590 0.772819995880127 0.012539999559521675
2591 0.774399995803833 0.008070000447332859
2592 0.739139974117279 0.032579999417066574
2593 0.747409999370575 0.044429998844861984
2594 0.7524399757385254 0.03180000185966492
2595 0.7644299864768982 0.023320000618696213
2596 0.7718499898910522 0.018360000103712082
2597 0.8918099999427795 0.6589400172233582
2598 0.8864399790763855 0.6472799777984619
2599 0.8921800851821899 0.565030038356781
2600 0.8868700265884399 0.49413999915122986
2601 0.8925999999046326 0.492220014333725
2602 0.8665000200271606 0.43410998582839966
2603 0.6478400230407715 0.008070000447332859
2604 0.6488000154495239 0.024809999391436577
2605 0.6553500294685364 0.05313999950885773
2606 0.6749200224876404 0.09249000251293182
2607 0.6972699761390686 0.1309099942445755
2608 0.7181500196456909 0.16571000218391418
2609 0.7392899990081787 0.19678999483585358
2610 0.762470006942749 0.22693000733852386
2611 0.7841100096702576 0.2622300088405609
2612 0.8055499792098999 0.3020400106906891
2613 0.8278200030326843 0.3431900143623352
2614 0.8445799946784973 0.38300999999046326
2615 0.8490200042724609 0.41479000449180603
2616 0.8212199807167053 0.3994799852371216
2617 0.8072599768638611 0.36886999011039734
2618 0.7868599891662598 0.3318699896335602
2619 0.7581300139427185 0.28819000720977783
2620 0.7215999960899353 0.24683000147342682
2621 0.6920400261878967 0.21121999621391296
2622 0.6709799766540527 0.1798499971628189
2623 0.6524999737739563 0.149509996175766
2624 0.6331700086593628 0.11852999776601791
2625 0.6162499785423279 0.08538000285625458
2626 0.6033300161361694 0.053599998354911804
2627 0.5997800230979919 0.02631000056862831
2628 0.6003400087356567 0.008070000447332859
2629 0.9757000207901001 0.07873000204563141
2630 0.9740999937057495 0.10949999839067459
2631 0.9708600044250488 0.13788999617099762
2632 0.9667800068855286 0.16835999488830566
2633 0.9403700232505798 0.12070000171661377
2634 0.9420499801635742 0.10211999714374542
2635 0.9453799724578857 0.07568000257015228
2636 0.11547999829053879 0.5347300171852112
2637 0.11441999673843384 0.5574600100517273
2638 0.1160300001502037 0.5096700191497803
2639 0.11406999826431274 0.5758399963378906
2640 0.11427000164985657 0.5911700129508972
2641 0.11479999870061874 0.603410005569458
2642 0.1160999983549118 0.614329993724823
2643 0.1202700063586235 0.626550018787384
2644 0.12438999861478806 0.624530017375946
2645 0.12574000656604767 0.4775499999523163
2646 0.12020999938249588 0.4900600016117096
2647 0.13145999610424042 0.47078999876976013
2648 0.13434000313282013 0.47804000973701477
2649 0.24528999626636505 0.38969001173973083
2650 0.26927000284194946 0.3605700135231018
2651 0.2690199911594391 0.39761000871658325
2652 0.24974000453948975 0.42107000946998596
2653 0.24360999464988708 0.36048001050949097
2654 0.2850799858570099 0.3157599866390228
2655 0.30803000926971436 0.7606899738311768
2656 0.28933998942375183 0.7428399920463562
2657 0.29919999837875366 0.7315899729728699
2658 0.31744998693466187 0.7478700280189514
2659 0.2992100119590759 0.7745599746704102
2660 0.2793999910354614 0.7545099854469299
2661 0.27406999468803406 0.7235000133514404
2662 0.28411000967025757 0.7145299911499023
2663 0.26370999217033386 0.732729971408844
2664 0.2728100121021271 0.4319300055503845
2665 0.25613000988960266 0.4519500136375427
2666 0.3091300129890442 0.7214300036430359
2667 0.3266099989414215 0.7358400225639343
2668 0.29385000467300415 0.705839991569519
2669 0.2809099853038788 0.6890599727630615
2670 0.27156001329421997 0.670490026473999
2671 0.48111000657081604 0.7679600119590759
2672 0.4791400134563446 0.8204200267791748
2673 0.47988998889923096 0.8011599779129028
2674 0.27226001024246216 0.5107200145721436
2675 0.28589001297950745 0.49015000462532043
2676 0.2789199948310852 0.46254000067710876
2677 0.2642199993133545 0.48219001293182373
2678 0.4598599970340729 0.8008300065994263
2679 0.46121999621391296 0.7838299870491028
2680 0.480459988117218 0.7839099764823914
2681 0.2713800072669983 0.6961399912834167
2682 0.26113998889923096 0.7033299803733826
2683 0.2503100037574768 0.7109299898147583
2684 0.45809000730514526 0.8197500109672546
2685 0.46257999539375305 0.7678999900817871
2686 0.4758000075817108 0.8650799989700317
2687 0.4779599905014038 0.8428699970245361
2688 0.4556399881839752 0.8417699933052063
2689 0.2906099855899811 0.7877200245857239
2690 0.26934000849723816 0.7656099796295166
2691 0.253030002117157 0.741919994354248
2692 0.2034199982881546 0.5474799871444702
2693 0.2003600001335144 0.5284000039100647
2694 0.2091899961233139 0.513949990272522
2695 0.21449999511241913 0.5372800230979919
2696 0.3939000070095062 0.23050999641418457
2697 0.33847999572753906 0.26469001173973083
2698 0.44690999388694763 0.21774999797344208
2699 0.2546899914741516 0.5406200289726257
2700 0.24615000188350677 0.5050299763679504
2701 0.23350000381469727 0.5524600148200989
2702 0.22833000123500824 0.5231299996376038
2703 0.2612200081348419 0.6761500239372253
2704 0.2502500116825104 0.6825000047683716
2705 0.23844000697135925 0.6891199946403503
2706 0.23906999826431274 0.718970000743866
2707 0.22628000378608704 0.6962699890136719
2708 0.1374099999666214 0.4572800099849701
2709 0.4515700042247772 0.8630899786949158
2710 0.25905001163482666 0.7755200266838074
2711 0.24220000207424164 0.7507699728012085
2712 0.21945999562740326 0.3953399956226349
2713 0.22492000460624695 0.4185500144958496
2714 0.12772999703884125 0.6409900188446045
2715 0.3441599905490875 0.7472500205039978
2716 0.33590999245643616 0.7605699896812439
2717 0.2815299928188324 0.7993299961090088
2718 0.3275899887084961 0.7749099731445312
2719 0.36230000853538513 0.7559300065040588
2720 0.35585999488830566 0.770550012588501
2721 0.38231000304222107 0.7624099850654602
2722 0.3773699998855591 0.7777699828147888
2723 0.3497599959373474 0.7860599756240845
2724 0.3725300133228302 0.7937099933624268
2725 0.42096999287605286 0.7830399870872498
2726 0.44141000509262085 0.783519983291626
2727 0.4393100142478943 0.8002300262451172
2728 0.4177600145339966 0.7994999885559082
2729 0.4366599917411804 0.8186100125312805
2730 0.4147599935531616 0.8172799944877625
2731 0.42419999837875366 0.7671899795532227
2732 0.44363000988960266 0.7676200270652771
2733 0.39594998955726624 0.7978900074958801
2734 0.3919999897480011 0.8143900036811829
2735 0.36816999316215515 0.8101800084114075
2736 0.39965999126434326 0.7820900082588196
2737 0.4037500023841858 0.7663599848747253
2738 0.2583000063896179 0.6290900111198425
2739 0.2523300051689148 0.5783500075340271
2740 0.239779993891716 0.6088899970054626
2741 0.2361299991607666 0.582040011882782
2742 0.2538999915122986 0.605929970741272
2743 0.2457199990749359 0.6327900290489197
2744 0.23190000653266907 0.6370900273323059
2745 0.21828000247478485 0.6416400074958801
2746 0.22540999948978424 0.6134099960327148
2747 0.217849999666214 0.562309980392456
2748 0.22147999703884125 0.5880600214004517
2749 0.21276000142097473 0.6182000041007996
2750 0.20369000732898712 0.5709400177001953
2751 0.19564999639987946 0.5844900012016296
2752 0.19787000119686127 0.6009500026702881
2753 0.20879000425338745 0.5945000052452087
2754 0.19982999563217163 0.6213600039482117
2755 0.23815999925136566 0.47304001450538635
2756 0.23068000376224518 0.44536998867988586
2757 0.22084000706672668 0.4948900043964386
2758 0.15577000379562378 0.4384100139141083
2759 0.46931999921798706 0.9010400176048279
2760 0.4729200005531311 0.8831999897956848
2761 0.43974998593330383 0.8978000283241272
2762 0.44617000222206116 0.8805699944496155
2763 0.21780000627040863 0.7648400068283081
2764 0.2305700033903122 0.7586699724197388
2765 0.2476000040769577 0.7840700149536133
2766 0.23483000695705414 0.7907299995422363
2767 0.2705000042915344 0.8090000152587891
2768 0.25720998644828796 0.8184300065040588
2769 0.2277200073003769 0.7271599769592285
2770 0.21446000039577484 0.7040200233459473
2771 0.20112000405788422 0.6464300155639648
2772 0.17994999885559082 0.646619975566864
2773 0.2157900035381317 0.7345799803733826
2774 0.20291000604629517 0.7401000261306763
2775 0.20284999907016754 0.711139976978302
2776 0.1736699938774109 0.6523399949073792
2777 0.13708999752998352 0.6509100198745728
2778 0.19068999588489532 0.7163199782371521
2779 0.16607999801635742 0.6563199758529663
2780 0.14701999723911285 0.656440019607544
2781 0.1570899933576584 0.6580899953842163
2782 0.38666000962257385 0.8313300013542175
2783 0.3637399971485138 0.8263800144195557
2784 0.43296000361442566 0.839389979839325
2785 0.40999001264572144 0.8358399868011475
2786 0.4273900091648102 0.8595700263977051
2787 0.403219997882843 0.8546500205993652
2788 0.4200499951839447 0.8771100044250488
2789 0.39438000321388245 0.8722900152206421
2790 0.3789699971675873 0.8488600254058838
2791 0.3688099980354309 0.8654800057411194
2792 0.4110499918460846 0.8935700058937073
2793 0.3832800090312958 0.8877999782562256
2794 0.3441700041294098 0.8019700050354004
2795 0.3198300004005432 0.7897700071334839
2796 0.3127700090408325 0.804069995880127
2797 0.3048900067806244 0.8168900012969971
2798 0.3546299934387207 0.8422399759292603
2799 0.3303700089454651 0.8319900035858154
2800 0.338809996843338 0.8172199726104736
2801 0.2946699857711792 0.8300099968910217
2802 0.3433400094509125 0.8575599789619446
2803 0.3187299966812134 0.8456900119781494
2804 0.35618001222610474 0.879859983921051
2805 0.280349999666214 0.8395799994468689
2806 0.3292900025844574 0.8704699873924255
2807 0.3042300045490265 0.8567299842834473
2808 0.2643299996852875 0.6504300236701965
2809 0.2406499981880188 0.6604899764060974
2810 0.25297001004219055 0.6550800204277039
2811 0.22768999636173248 0.6661999821662903
2812 0.21421000361442566 0.6730499863624573
2813 0.20237000286579132 0.6820099949836731
2814 0.19136999547481537 0.6893600225448608
2815 0.1803700029850006 0.6942800283432007
2816 0.20180000364780426 0.49472999572753906
2817 0.2100600004196167 0.4690900444984436
2818 0.20837999880313873 0.44117000699043274
2819 0.19584999978542328 0.512470006942749
2820 0.20348000526428223 0.421889990568161
2821 0.1453000009059906 0.4457300007343292
2822 0.1968899965286255 0.4088200032711029
2823 0.21318000555038452 0.37961000204086304
2824 0.23761999607086182 0.3422999978065491
2825 0.27674999833106995 0.29848000407218933
2826 0.33037999272346497 0.2548399865627289
2827 0.38999998569488525 0.22039000689983368
2828 0.4460499882698059 0.20765000581741333
2829 0.14677999913692474 0.531719982624054
2830 0.15544000267982483 0.5106899738311768
2831 0.1573600023984909 0.5149099826812744
2832 0.16107000410556793 0.5019699931144714
2833 0.16306999325752258 0.5081999897956848
2834 0.16800999641418457 0.5519899725914001
2835 0.16272999346256256 0.5527799725532532
2836 0.15286999940872192 0.5425000190734863
2837 0.1648000031709671 0.4864400029182434
2838 0.16675999760627747 0.49393001198768616
2839 0.15904000401496887 0.49619001150131226
2840 0.16846999526023865 0.5956799983978271
2841 0.16912999749183655 0.5861999988555908
2842 0.17249999940395355 0.5902799963951111
2843 0.17157000303268433 0.600629985332489
2844 0.1557600051164627 0.6118999719619751
2845 0.15825000405311584 0.6078500151634216
2846 0.160180002450943 0.5658699870109558
2847 0.1612900048494339 0.5730999708175659
2848 0.14550000429153442 0.5861499905586243
2849 0.14465999603271484 0.5566499829292297
2850 0.16503000259399414 0.5135599970817566
2851 0.15241999924182892 0.614300012588501
2852 0.15339000523090363 0.5068399906158447
2853 0.14166000485420227 0.5569599866867065
2854 0.13876000046730042 0.5568900108337402
2855 0.1437399983406067 0.5307499766349792
2856 0.14914999902248383 0.49970000982284546
2857 0.14685000479221344 0.497079998254776
2858 0.15333999693393707 0.4837400019168854
2859 0.15534000098705292 0.4870299994945526
2860 0.1398099958896637 0.5862100124359131
2861 0.13742999732494354 0.5869100093841553
2862 0.14899000525474548 0.6147500276565552
2863 0.14593000710010529 0.6139100193977356
2864 0.13847999274730682 0.6038900017738342
2865 0.14303000271320343 0.6122599840164185
2866 0.13593000173568726 0.6248000264167786
2867 0.1572200059890747 0.623769998550415
2868 0.1616699993610382 0.6209099888801575
2869 0.16967999935150146 0.6108099818229675
2870 0.16701999306678772 0.6054900288581848
2871 0.15249000489711761 0.6241700053215027
2872 0.13628999888896942 0.5276200175285339
2873 0.1319500058889389 0.5549799799919128
2874 0.13853000104427338 0.5291100144386292
2875 0.13407999277114868 0.555869996547699
2876 0.1313299983739853 0.5874500274658203
2877 0.1335500031709671 0.5872399806976318
2878 0.14810000360012054 0.6226900219917297
2879 0.1475600004196167 0.6261900067329407
2880 0.15234999358654022 0.6281999945640564
2881 0.14420999586582184 0.620199978351593
2882 0.14323000609874725 0.6230700016021729
2883 0.13332000374794006 0.6068300008773804
2884 0.13514000177383423 0.605650007724762
2885 0.13902999460697174 0.6193000078201294
2886 0.1403300017118454 0.6170799732208252
2887 0.13951000571250916 0.634090006351471
2888 0.1790499985218048 0.5992199778556824
2889 0.19487999379634857 0.5668399930000305
2890 0.19484999775886536 0.5529099702835083
2891 0.18885000050067902 0.6036999821662903
2892 0.1830199956893921 0.6028599739074707
2893 0.18907000124454498 0.589739978313446
2894 0.18916000425815582 0.5679699778556824
2895 0.1795099973678589 0.490090012550354
2896 0.18485000729560852 0.5006300210952759
2897 0.17927999794483185 0.5017499923706055
2898 0.16044999659061432 0.47589999437332153
2899 0.17563000321388245 0.4703899919986725
2900 0.18010999262332916 0.4640499949455261
2901 0.18265999853610992 0.4728200137615204
2902 0.17805999517440796 0.4790099859237671
2903 0.16629000008106232 0.4560199975967407
2904 0.17734000086784363 0.4571000039577484
2905 0.16898000240325928 0.45941001176834106
2906 0.17034000158309937 0.4778499901294708
2907 0.18347999453544617 0.5906999707221985
2908 0.18286000192165375 0.5129799842834473
2909 0.1794700026512146 0.5277400016784668
2910 0.17642000317573547 0.5358200073242188
2911 0.167820006608963 0.5634499788284302
2912 0.17207999527454376 0.5805699825286865
2913 0.1685899943113327 0.5786499977111816
2914 0.16471999883651733 0.5638800263404846
2915 0.17915000021457672 0.5874500274658203
2916 0.1848600059747696 0.5694400072097778
2917 0.18154999613761902 0.5680099725723267
2918 0.1782499998807907 0.5650799870491028
2919 0.16118000447750092 0.5851600170135498
2920 0.16182999312877655 0.5783399939537048
2921 0.15974999964237213 0.6013699769973755
2922 0.16303999722003937 0.5746600031852722
2923 0.16503000259399414 0.6148499846458435
2924 0.16072000563144684 0.5929200053215027
2925 0.1891999989748001 0.5575100183486938
2926 0.18898001313209534 0.5497400164604187
2927 0.19228999316692352 0.5398899912834167
2928 0.1865299940109253 0.5430200099945068
2929 0.18122999370098114 0.5210099816322327
2930 0.18256999552249908 0.548229992389679
2931 0.1853799968957901 0.5603500008583069
2932 0.18601000308990479 0.5516600012779236
2933 0.1796800047159195 0.5557000041007996
2934 0.18257999420166016 0.5597100257873535
2935 0.18355999886989594 0.5533900260925293
2936 0.18171000480651855 0.6151900291442871
2937 0.18810999393463135 0.6194900274276733
2938 0.1782499998807907 0.626550018787384
2939 0.1574999988079071 0.628279983997345
2940 0.16264000535011292 0.6255599856376648
2941 0.16695000231266022 0.6196799874305725
2942 0.17408999800682068 0.6385599970817566
2943 0.16741999983787537 0.6418399810791016
2944 0.16606999933719635 0.6378899812698364
2945 0.1724500060081482 0.6333600282669067
2946 0.16001999378204346 0.6446800231933594
2947 0.15914000570774078 0.6406599879264832
2948 0.14553000032901764 0.6386500000953674
2949 0.144679993391037 0.6430299878120422
2950 0.15208999812602997 0.6454700231552124
2951 0.15211999416351318 0.6409900188446045
2952 0.1617700159549713 0.5680099725723267
2953 0.16934999823570251 0.5091999769210815
2954 0.17407000064849854 0.5050600171089172
2955 0.17244000732898712 0.48603999614715576
2956 0.1737300008535385 0.49577999114990234
2957 0.16818000376224518 0.5019000172615051
2958 0.1379999965429306 0.568149983882904
2959 0.14072999358177185 0.5682500004768372
2960 0.14399999380111694 0.5683299899101257
2961 0.16057999432086945 0.5604199767112732
2962 0.162650004029274 0.5662800073623657
2963 0.1653199940919876 0.5763900279998779
2964 0.16487999260425568 0.5821099877357483
2965 0.16412000358104706 0.5909299850463867
2966 0.16313999891281128 0.5990399718284607
2967 0.16203999519348145 0.60794997215271
2968 0.16006000339984894 0.6146100163459778
2969 0.15680000185966492 0.6182500123977661
2970 0.15265999734401703 0.6196600198745728
2971 0.14860999584197998 0.6191200017929077
2972 0.14503000676631927 0.6173999905586243
2973 0.14156000316143036 0.6150500178337097
2974 0.1366499960422516 0.6049100160598755
2975 0.1354600042104721 0.5870800018310547
2976 0.1315699964761734 0.566789984703064
2977 0.133650004863739 0.5672900080680847
2978 0.15136000514030457 0.5030199885368347
2979 0.15717999637126923 0.4912799894809723
2980 0.14100000262260437 0.5299999713897705
2981 0.1725499927997589 0.463809996843338
2982 0.1677899956703186 0.47165998816490173
2983 0.16258999705314636 0.480569988489151
2984 0.13628000020980835 0.5565000176429749
2985 0.13574999570846558 0.5677700042724609
2986 0.19057999551296234 0.525439977645874
2987 0.18176999688148499 0.5408099889755249
2988 0.17733000218868256 0.5476499795913696
2989 0.18603000044822693 0.5336899757385254
2990 0.19307999312877655 0.5765100717544556
2991 0.17990000545978546 0.5777000188827515
2992 0.18877999484539032 0.578540027141571
2993 0.18416999280452728 0.5797799825668335
2994 0.16877999901771545 0.4491199851036072
2995 0.17348000407218933 0.45214998722076416
2996 0.17059999704360962 0.628790020942688
2997 0.16482999920845032 0.6339799761772156
2998 0.17520000040531158 0.6209700107574463
2999 0.17802000045776367 0.6107400059700012
3000 0.15230999886989594 0.6366299986839294
3001 0.14088000357151031 0.6301199793815613
3002 0.1463800072669983 0.6343799829483032
3003 0.158610001206398 0.6365799903869629
3004 0.161190003156662 0.5751699805259705
3005 0.1518000066280365 0.5650500059127808
3006 0.15128999948501587 0.5540199875831604
3007 0.1563500016927719 0.5758699774742126
3008 0.15828000009059906 0.5798299908638
3009 0.14776000380516052 0.5557399988174438
3010 0.1480800062417984 0.5693399906158447
3011 0.1548299938440323 0.5799800157546997
3012 0.15750999748706818 0.5854300260543823
3013 0.17825999855995178 0.5116099715232849
3014 0.17749999463558197 0.5188900232315063
3015 0.1738400012254715 0.5126000046730042
3016 0.1739400029182434 0.5189899802207947
3017 0.17000000178813934 0.5160999894142151
3018 0.17080999910831451 0.5217599868774414
3019 0.16655999422073364 0.5193899869918823
3020 0.1677599996328354 0.5248200297355652
3021 0.1631700098514557 0.5212200880050659
3022 0.16402000188827515 0.5259000062942505
3023 0.15953999757766724 0.5194600224494934
3024 0.16022999584674835 0.5261800289154053
3025 0.14959999918937683 0.5428000092506409
3026 0.15209999680519104 0.5329200029373169
3027 0.15484000742435455 0.5342900156974792
3028 0.1316400021314621 0.6183300018310547
3029 0.13549000024795532 0.6142899990081787
3030 0.13708999752998352 0.6125800013542175
3031 0.13853999972343445 0.611240029335022
3032 0.14037999510765076 0.6092900037765503
3033 0.13187000155448914 0.5976700186729431
3034 0.13378000259399414 0.5969099998474121
3035 0.13548000156879425 0.5964199900627136
3036 0.1373399943113327 0.5960400104522705
3037 0.13965000212192535 0.5943099856376648
3038 0.14473000168800354 0.5940499901771545
3039 0.1314300000667572 0.577269971370697
3040 0.13357000052928925 0.5773500204086304
3041 0.13558000326156616 0.577530026435852
3042 0.13765999674797058 0.577709972858429
3043 0.14014999568462372 0.5776600241661072
3044 0.1433899998664856 0.5773199796676636
3045 0.143669992685318 0.5438100099563599
3046 0.14055000245571136 0.543749988079071
3047 0.1378999948501587 0.5436000227928162
3048 0.13562999665737152 0.5431200265884399
3049 0.13348999619483948 0.5420500040054321
3050 0.14899000525474548 0.6104999780654907
3051 0.14654000103473663 0.6100199818611145
3052 0.15047000348567963 0.604669988155365
3053 0.14881999790668488 0.6010400056838989
3054 0.15047000348567963 0.5950700044631958
3055 0.152319997549057 0.6005200147628784
3056 0.15394000709056854 0.596560001373291
3057 0.1531600058078766 0.5883700251579285
3058 0.1560799926519394 0.6007900238037109
3059 0.156810000538826 0.5935099720954895
3060 0.13795000314712524 0.6383100152015686
3061 0.1270499974489212 0.6223599910736084
3062 0.1320600062608719 0.6315500140190125
3063 0.13410000503063202 0.6279600262641907
3064 0.12943999469280243 0.6203299760818481
3065 0.14076000452041626 0.5122100114822388
3066 0.14323000609874725 0.5143399834632874
3067 0.14574000239372253 0.5161399841308594
3068 0.14805999398231506 0.518280029296875
3069 0.15047000348567963 0.5205000042915344
3070 0.18528001010417938 0.46741002798080444
3071 0.18374000489711761 0.45976001024246216
3072 0.18087999522686005 0.45263001322746277
3073 0.165010005235672 0.4671500027179718
3074 0.1624699980020523 0.46434998512268066
3075 0.1584399938583374 0.4726400077342987
3076 0.12981000542640686 0.6355000138282776
3077 0.13676999509334564 0.6431800127029419
3078 0.14496000111103058 0.6483299732208252
3079 0.15387000143527985 0.6500800251960754
3080 0.16241000592708588 0.6485999822616577
3081 0.16949999332427979 0.6456599831581116
3082 0.17431001365184784 0.643090009689331
3083 0.17552000284194946 0.5727700591087341
3084 0.17558999359607697 0.5829600095748901
3085 0.17589999735355377 0.5945600271224976
3086 0.17478999495506287 0.6057000160217285
3087 0.17242999374866486 0.6159200072288513
3088 0.16877000033855438 0.6241899728775024
3089 0.16366000473499298 0.629800021648407
3090 0.15800000727176666 0.632420003414154
3091 0.15230999886989594 0.6322699785232544
3092 0.1469999998807907 0.6300899982452393
3093 0.14211000502109528 0.6263800263404846
3094 0.13753999769687653 0.6218900084495544
3095 0.133650004863739 0.6162700057029724
3096 0.1311900019645691 0.608269989490509
3097 0.12972000241279602 0.5982000231742859
3098 0.12912000715732574 0.5876200199127197
3099 0.12925000488758087 0.5772600173950195
3100 0.1294499933719635 0.5662999749183655
3101 0.12988999485969543 0.5538100004196167
3102 0.13152000308036804 0.5402600169181824
3103 0.1344199925661087 0.5253599882125854
3104 0.1386300027370453 0.5095499753952026
3105 0.14449000358581543 0.4944399893283844
3106 0.15103000402450562 0.4812000095844269
3107 0.15627999603748322 0.47036001086235046
3108 0.1594800055027008 0.4628799855709076
3109 0.16184000670909882 0.4554400146007538
3110 0.1623000055551529 0.4488399922847748
3111 0.15157000720500946 0.6090899705886841
3112 0.15410000085830688 0.6056399941444397
3113 0.14745000004768372 0.6057100296020508
3114 0.1489800065755844 0.6071299910545349
3115 0.16312000155448914 0.4429500102996826
3116 0.15484000742435455 0.4460200071334839
3117 0.1706099957227707 0.4438000023365021
3118 0.1765899956226349 0.447409987449646
3119 0.14612999558448792 0.4539799988269806
3120 0.13917000591754913 0.46608999371528625
3121 0.18897999823093414 0.4689300060272217
3122 0.18832999467849731 0.45767998695373535
3123 0.18491999804973602 0.44854000210762024
3124 0.17354999482631683 0.4378199875354767
3125 0.1656699925661087 0.4363200068473816
3126 0.17976999282836914 0.44189000129699707
3127 0.14667999744415283 0.5435000061988831
3128 0.15498000383377075 0.5251700282096863
3129 0.15702000260353088 0.5289499759674072
3130 0.14952999353408813 0.5324400067329407
3131 0.15276999771595 0.5228000283241272
3132 0.17374999821186066 0.53125
3133 0.17652000486850739 0.5249099731445312
3134 0.16718000173568726 0.5395399928092957
3135 0.16348999738693237 0.5406699776649475
3136 0.16561000049114227 0.5319700241088867
3137 0.1689700037240982 0.529990017414093
3138 0.16189999878406525 0.5334500670433044
3139 0.15900000929832458 0.5326799750328064
3140 0.15805000066757202 0.5368499755859375
3141 0.1564899981021881 0.5442799925804138
3142 0.15491999685764313 0.5542500019073486
3143 0.15505999326705933 0.563539981842041
3144 0.1579899936914444 0.573419988155365
3145 0.15958000719547272 0.5760999917984009
3146 0.17319999635219574 0.5451800227165222
3147 0.17080999910831451 0.5362300276756287
3148 0.16097000241279602 0.539139986038208
3149 0.15964999794960022 0.5475199818611145
3150 0.15809999406337738 0.5563300251960754
3151 0.15796999633312225 0.5638800263404846
3152 0.15956999361515045 0.5725299715995789
3153 0.16019999980926514 0.5745700597763062
3154 0.15199999511241913 0.5753600001335144
3155 0.1542000025510788 0.5717099905014038
3156 0.15650999546051025 0.5696700215339661
3157 0.15877999365329742 0.569130003452301
3158 0.16076000034809113 0.5699599981307983
3159 0.16256999969482422 0.5711899995803833
3160 0.1643500030040741 0.5716500282287598
3161 0.16700999438762665 0.5721200108528137
3162 0.17112000286579132 0.5718500018119812
3163 0.14420999586582184 0.6085600256919861
3164 0.14207999408245087 0.605970025062561
3165 0.1405400037765503 0.6013200283050537
3166 0.14667999744415283 0.5783200263977051
3167 0.15001000463962555 0.5816900134086609
3168 0.1437399983406067 0.6009500026702881
3169 0.17096999287605286 0.5581899881362915
3170 0.17313000559806824 0.5613300204277039
3171 0.1747799962759018 0.5555599927902222
3172 0.17287999391555786 0.553409993648529
3173 0.17552000284194946 0.5629299879074097
3174 0.1766500174999237 0.5579800009727478
3175 0.1720300018787384 0.5663599967956543
3176 0.1741199940443039 0.5672500133514404
3177 0.17011001706123352 0.5631899833679199
3178 0.17180000245571136 0.5267300009727478
3179 0.17407000064849854 0.5235400199890137
3180 0.11845999956130981 0.5380799770355225
3181 0.11727999895811081 0.6086500883102417
3182 0.11691000312566757 0.5895000100135803
3183 0.1172500029206276 0.5580899715423584
3184 0.11699999868869781 0.6006900072097778
3185 0.11682000011205673 0.5753700137138367
3186 0.11953999847173691 0.5167999863624573
3187 0.11907000094652176 0.6108899712562561
3188 0.11913000047206879 0.5995200276374817
3189 0.11930999904870987 0.5881400108337402
3190 0.11946000158786774 0.5752900242805481
3191 0.12003999948501587 0.5597599744796753
3192 0.12127000093460083 0.5420100092887878
3193 0.12292999774217606 0.5228700041770935
3194 0.12580999732017517 0.48719000816345215
3195 0.12849999964237213 0.48805001378059387
3196 0.12233000248670578 0.4984999895095825
3197 0.12495999783277512 0.5043299794197083
3198 0.12110999971628189 0.5991700291633606
3199 0.12120000272989273 0.5875899791717529
3200 0.12146999686956406 0.5754500031471252
3201 0.12208999693393707 0.5614799857139587
3202 0.12313000112771988 0.5454800128936768
3203 0.1250399947166443 0.5277400016784668
3204 0.12154000252485275 0.6113600134849548
3205 0.13075000047683716 0.4925200045108795
3206 0.1273999959230423 0.5095300078392029
3207 0.12782999873161316 0.5523499846458435
3208 0.12696999311447144 0.587660014629364
3209 0.13268999755382538 0.5221899747848511
3210 0.1391800045967102 0.4871099889278412
3211 0.14191000163555145 0.4911800026893616
3212 0.148049995303154 0.4783500134944916
3213 0.1287900060415268 0.6097099781036377
3214 0.14473000168800354 0.4750100076198578
3215 0.12732000648975372 0.5657200217247009
3216 0.14176000654697418 0.47134000062942505
3217 0.127360001206398 0.5986300110816956
3218 0.1271200031042099 0.5771600008010864
3219 0.12964999675750732 0.5378000140190125
3220 0.1263200044631958 0.6107000112533569
3221 0.12506000697612762 0.5990800261497498
3222 0.12484999746084213 0.587689995765686
3223 0.12504999339580536 0.5767199993133545
3224 0.1253499984741211 0.5646499991416931
3225 0.12598000466823578 0.5505200028419495
3226 0.12800000607967377 0.5348399877548218
3227 0.13091999292373657 0.5182600021362305
3228 0.1344899982213974 0.5016899704933167
3229 0.13658000528812408 0.5060999989509583
3230 0.15503999590873718 0.45263999700546265
3231 0.15626999735832214 0.45868998765945435
3232 0.15676000714302063 0.46281999349594116
3233 0.14800000190734863 0.46055999398231506
3234 0.15080000460147858 0.4650000035762787
3235 0.15365999937057495 0.46818000078201294
3236 0.12385000288486481 0.6111500263214111
3237 0.12296999990940094 0.5991299748420715
3238 0.12292999774217606 0.5875499844551086
3239 0.1231900006532669 0.5760499835014343
3240 0.1236800029873848 0.5631399750709534
3241 0.12453000247478485 0.5482199788093567
3242 0.12672999501228333 0.5315600037574768
3243 0.13684000074863434 0.4828599989414215
3244 0.13267000019550323 0.4970499873161316
3245 0.12929999828338623 0.5140399932861328
3246 0.19357000291347504 0.4866800010204315
3247 0.19674000144004822 0.46869999170303345
3248 0.1960899978876114 0.45243000984191895
3249 0.19212999939918518 0.43884000182151794
3250 0.1860799938440323 0.42917001247406006
3251 0.17866000533103943 0.4239000082015991
3252 0.17013999819755554 0.4226900041103363
3253 0.15918000042438507 0.42594999074935913
3254 0.14640000462532043 0.43386998772621155
3255 0.13665999472141266 0.4449999928474426
3256 0.13091999292373657 0.4539699852466583
3257 0.12364000082015991 0.4673199951648712
3258 0.11766000092029572 0.4862099885940552
3259 0.11441999673843384 0.504610002040863
3260 0.11275000125169754 0.5322999954223633
3261 0.11162000149488449 0.557699978351593
3262 0.11122000217437744 0.5743399858474731
3263 0.11104000359773636 0.5920199751853943
3264 0.11181999742984772 0.6078299880027771
3265 0.1132500022649765 0.6196799874305725
3266 0.11772000044584274 0.6368600130081177
3267 0.12650999426841736 0.6534000039100647
3268 0.13798999786376953 0.6661400198936462
3269 0.15028999745845795 0.673229992389679
3270 0.1617799997329712 0.6747499704360962
3271 0.17219999432563782 0.6729699969291687
3272 0.18164999783039093 0.6686300039291382
3273 0.19086000323295593 0.6610599756240845
3274 0.18366001546382904 0.6355000138282776
3275 0.14283999800682068 0.5851699709892273
3276 0.14242999255657196 0.592739999294281
3277 0.1455399990081787 0.6035299897193909
3278 0.14677000045776367 0.5972700119018555
3279 0.14800000190734863 0.5896400213241577
3280 0.14228999614715576 0.5984899997711182
3281 0.18589000403881073 0.4828999936580658
3282 0.19051000475883484 0.504069983959198
3283 0.18724000453948975 0.5173799991607666
3284 0.1844100058078766 0.5262200236320496
3285 0.18150000274181366 0.5328999757766724
3286 0.17844001948833466 0.53889000415802
3287 0.3915899991989136 0.7333599925041199
3288 0.41078999638557434 0.7356600165367126
3289 0.40755999088287354 0.7508100271224976
3290 0.38725998997688293 0.7475500106811523
3291 0.28123998641967773 0.6660199761390686
3292 0.2903299927711487 0.6830000281333923
3293 0.290120005607605 0.6619600057601929
3294 0.2991800010204315 0.6774100065231323
3295 0.4816400110721588 0.7524700164794922
3296 0.2943499982357025 0.5128600001335144
3297 0.2833699882030487 0.5327500104904175
3298 0.31843000650405884 0.712660014629364
3299 0.3346399962902069 0.7250999808311462
3300 0.30366000533103943 0.6986299753189087
3301 0.2944200038909912 0.549310028553009
3302 0.2866399884223938 0.5688599944114685
3303 0.2731100022792816 0.5566499829292297
3304 0.3264099955558777 0.7046300172805786
3305 0.3415200114250183 0.7151299715042114
3306 0.31216999888420105 0.6918699741363525
3307 0.30336999893188477 0.5316100120544434
3308 0.48219001293182373 0.7365300059318542
3309 0.463919997215271 0.7523800134658813
3310 0.4652799963951111 0.736739993095398
3311 0.4424999952316284 0.39087000489234924
3312 0.4387499988079071 0.38495999574661255
3313 0.4512700140476227 0.3808000087738037
3314 0.4543899893760681 0.38679999113082886
3315 0.43057000637054443 0.39587000012397766
3316 0.42656001448631287 0.390639990568161
3317 0.47727999091148376 0.3815999925136566
3318 0.4757100045681 0.3758000135421753
3319 0.48778998851776123 0.3744400143623352
3320 0.4885999858379364 0.3803200125694275
3321 0.46608999371528625 0.38359999656677246
3322 0.4637199938297272 0.37773001194000244
3323 0.4343000054359436 0.3784500062465668
3324 0.4473699927330017 0.37391000986099243
3325 0.421970009803772 0.38510000705718994
3326 0.28786998987197876 0.3799000084400177
3327 0.29513999819755554 0.34373000264167786
3328 0.3163599967956543 0.30379998683929443
3329 0.4073199927806854 0.41422000527381897
3330 0.405239999294281 0.4201200008392334
3331 0.4003399908542633 0.420879989862442
3332 0.4027999937534332 0.412880003452301
3333 0.4198499917984009 0.40156999230384827
3334 0.41589999198913574 0.39732998609542847
3335 0.41113999485969543 0.3738499879837036
3336 0.4112899899482727 0.3931199908256531
3337 0.3990899920463562 0.38530001044273376
3338 0.40314000844955444 0.4021899998188019
3339 0.3898400068283081 0.3982900083065033
3340 0.39511001110076904 0.42181000113487244
3341 0.4007500112056732 0.4291999936103821
3342 0.39496999979019165 0.43163999915122986
3343 0.4079299867153168 0.4047499895095825
3344 0.28863000869750977 0.4148299992084503
3345 0.34314998984336853 0.4691399931907654
3346 0.33636000752449036 0.4781999886035919
3347 0.33191001415252686 0.45816999673843384
3348 0.33963000774383545 0.4495899975299835
3349 0.42441999912261963 0.3643999993801117
3350 0.31237998604774475 0.5149999856948853
3351 0.3048500120639801 0.49533000588417053
3352 0.2979600131511688 0.47257000207901
3353 0.3209800124168396 0.5003700256347656
3354 0.3146600127220154 0.480459988117218
3355 0.41185998916625977 0.40782999992370605
3356 0.3978300094604492 0.41203001141548157
3357 0.29214999079704285 0.44571998715400696
3358 0.3811799883842468 0.42489001154899597
3359 0.3809800148010254 0.4379499852657318
3360 0.3841699957847595 0.4116100072860718
3361 0.4059999883174896 0.42667001485824585
3362 0.3182600140571594 0.3328000009059906
3363 0.30737999081611633 0.36748000979423523
3364 0.33972999453544617 0.29782000184059143
3365 0.39059001207351685 0.38144001364707947
3366 0.38128000497817993 0.3966499865055084
3367 0.40303000807762146 0.36803001165390015
3368 0.3035700023174286 0.4008699953556061
3369 0.30476999282836914 0.4313499927520752
3370 0.41126999258995056 0.24587999284267426
3371 0.40185999870300293 0.23883000016212463
3372 0.44993001222610474 0.22554999589920044
3373 0.45392000675201416 0.23352999985218048
3374 0.33379998803138733 0.38332998752593994
3375 0.34630000591278076 0.37900999188423157
3376 0.34042999148368835 0.40432000160217285
3377 0.3289799988269806 0.4107399880886078
3378 0.34259000420570374 0.3547399938106537
3379 0.35576000809669495 0.35339000821113586
3380 0.37571001052856445 0.412090003490448
3381 0.37318000197410583 0.4272400140762329
3382 0.3089900016784668 0.458050012588501
3383 0.3291400074958801 0.43595001101493835
3384 0.33842000365257263 0.42792999744415283
3385 0.3669399917125702 0.414000004529953
3386 0.3571600019931793 0.4173699915409088
3387 0.3613399863243103 0.39741000533103943
3388 0.372079998254776 0.39629000425338745
3389 0.3690199851989746 0.37716999650001526
3390 0.38047000765800476 0.37880998849868774
3391 0.3805199861526489 0.3581700026988983
3392 0.39261001348495483 0.36267000436782837
3393 0.36500000953674316 0.4309599995613098
3394 0.356220006942749 0.4360499978065491
3395 0.3736099898815155 0.44185999035835266
3396 0.36601001024246216 0.4468100070953369
3397 0.3579599857330322 0.45326998829841614
3398 0.35453000664711 0.26629000902175903
3399 0.37150999903678894 0.26728999614715576
3400 0.4571000039577484 0.34525999426841736
3401 0.47321999073028564 0.3468700051307678
3402 0.4724099934101105 0.3552300035953522
3403 0.4566600024700165 0.35530999302864075
3404 0.47394999861717224 0.3693599998950958
3405 0.486409991979599 0.35534998774528503
3406 0.4869700074195862 0.368259996175766
3407 0.46083998680114746 0.371069997549057
3408 0.4781000018119812 0.29565998911857605
3409 0.4817200005054474 0.30906999111175537
3410 0.4618299901485443 0.31334999203681946
3411 0.4549599885940552 0.30153998732566833
3412 0.4869399964809418 0.3480199873447418
3413 0.4798400104045868 0.33430999517440796
3414 0.48881998658180237 0.33441001176834106
3415 0.48805999755859375 0.34084999561309814
3416 0.4761900007724762 0.3391999900341034
3417 0.388590008020401 0.3077099919319153
3418 0.3754599988460541 0.2998799979686737
3419 0.39893999695777893 0.27744999527931213
3420 0.4117499887943268 0.2888000011444092
3421 0.4173800051212311 0.3562999963760376
3422 0.43540000915527344 0.3447200059890747
3423 0.43926000595092773 0.3576200008392334
3424 0.48737001419067383 0.3277899920940399
3425 0.4749299883842468 0.3297100067138672
3426 0.36963000893592834 0.3290500044822693
3427 0.355679988861084 0.325980007648468
3428 0.4642600119113922 0.3355399966239929
3429 0.3951199948787689 0.3409700095653534
3430 0.40713000297546387 0.34839001297950745
3431 0.4402799904346466 0.32201001048088074
3432 0.43108999729156494 0.31189000606536865
3433 0.4379900097846985 0.27476000785827637
3434 0.42882001399993896 0.2631399929523468
3435 0.462799996137619 0.25461000204086304
3436 0.46814000606536865 0.2674599885940552
3437 0.4223499894142151 0.33483999967575073
3438 0.4111199975013733 0.3253200054168701
3439 0.35001999139785767 0.46094000339508057
3440 0.347460001707077 0.4424799978733063
3441 0.3473300039768219 0.42232999205589294
3442 0.3505899906158447 0.4001300036907196
3443 0.35756000876426697 0.3770599961280823
3444 0.36823999881744385 0.3547700047492981
3445 0.38242998719215393 0.3344700038433075
3446 0.4000599980354309 0.3163999915122986
3447 0.42208001017570496 0.3006199896335602
3448 0.4471200108528137 0.2883799970149994
3449 0.4742099940776825 0.2797900140285492
3450 0.4684300124645233 0.3226099908351898
3451 0.4847399890422821 0.3196200132369995
3452 0.4513700008392334 0.33017998933792114
3453 0.33289000391960144 0.6964700222015381
3454 0.3470799922943115 0.7056599855422974
3455 0.3193199932575226 0.6849700212478638
3456 0.40397998690605164 0.43762001395225525
3457 0.3976399898529053 0.44137999415397644
3458 0.4131700098514557 0.7212299704551697
3459 0.43178999423980713 0.7216200232505798
3460 0.42987000942230225 0.7363799810409546
3461 0.3199799954891205 0.5316299796104431
3462 0.3118099868297577 0.5469800233840942
3463 0.37797999382019043 0.7172499895095825
3464 0.39504000544548035 0.7199900150299072
3465 0.3735699951648712 0.7291499972343445
3466 0.29826000332832336 0.6580100059509277
3467 0.3070000112056732 0.6718500256538391
3468 0.4480400085449219 0.7366899847984314
3469 0.4496699869632721 0.7213199734687805
3470 0.4665200114250183 0.7210599780082703
3471 0.48287999629974365 0.7208600044250488
3472 0.40939998626708984 0.4334299862384796
3473 0.3834399878978729 0.450439989566803
3474 0.3765299916267395 0.45559999346733093
3475 0.3041999936103821 0.5625799894332886
3476 0.32806000113487244 0.5177199840545654
3477 0.29719001054763794 0.578790009021759
3478 0.3694700002670288 0.46143999695777893
3479 0.3623200058937073 0.4685499966144562
3480 0.3554700016975403 0.47675999999046326
3481 0.3491300046443939 0.4857400059700012
3482 0.3426800072193146 0.4956499934196472
3483 0.43285998702049255 0.7071899771690369
3484 0.451090008020401 0.7060700058937073
3485 0.4678800106048584 0.7058200240135193
3486 0.41571998596191406 0.43970999121665955
3487 0.4099000096321106 0.44523999094963074
3488 0.4030199944972992 0.4506700038909912
3489 0.38809001445770264 0.4621799886226654
3490 0.38144001364707947 0.4681600034236908
3491 0.3752000033855438 0.47457000613212585
3492 0.3690600097179413 0.48197999596595764
3493 0.3629800081253052 0.49046000838279724
3494 0.35662999749183655 0.5001000165939331
3495 0.3498300015926361 0.5105000138282776
3496 0.3352400064468384 0.5325400233268738
3497 0.327210009098053 0.5454000234603882
3498 0.31918999552726746 0.559249997138977
3499 0.3121100068092346 0.573140025138855
3500 0.3059299886226654 0.5872399806976318
3501 0.3052999973297119 0.6539899706840515
3502 0.3132399916648865 0.6660299897193909
3503 0.3247700035572052 0.6779000163078308
3504 0.3374300003051758 0.6880699992179871
3505 0.3511100113391876 0.6964100003242493
3506 0.38095998764038086 0.7059299945831299
3507 0.3974500000476837 0.7076799869537354
3508 0.41457998752593994 0.7079200148582458
3509 0.48364999890327454 0.705780029296875
3510 0.3619999885559082 0.7124599814414978
3511 0.3569900095462799 0.7231199741363525
3512 0.3654400110244751 0.702239990234375
3513 0.3822300136089325 0.6956200003623962
3514 0.39792999625205994 0.696940004825592
3515 0.48403000831604004 0.4789400100708008
3516 0.46876001358032227 0.4800899922847748
3517 0.47056999802589417 0.46362000703811646
3518 0.4844200015068054 0.4634599983692169
3519 0.4833199977874756 0.5185499787330627
3520 0.48315000534057617 0.5131800174713135
3521 0.4909200072288513 0.512440025806427
3522 0.49088001251220703 0.5181400179862976
3523 0.477649986743927 0.5184199810028076
3524 0.47786998748779297 0.513670027256012
3525 0.46654000878334045 0.4913400113582611
3526 0.46794000267982483 0.4860199987888336
3527 0.48350000381469727 0.4849900007247925
3528 0.4818200170993805 0.49202999472618103
3529 0.42660000920295715 0.5068299770355225
3530 0.4194999635219574 0.5282099843025208
3531 0.4149700105190277 0.5156800150871277
3532 0.42743000388145447 0.49919000267982483
3533 0.45131999254226685 0.49465999007225037
3534 0.43603000044822693 0.4997900128364563
3535 0.43814998865127563 0.4929800033569336
3536 0.45221999287605286 0.48840999603271484
3537 0.4265100061893463 0.5141199827194214
3538 0.4331800043582916 0.5074099898338318
3539 0.4331600069999695 0.5143700242042542
3540 0.4284600019454956 0.5207800269126892
3541 0.45906001329421997 0.5351600050926208
3542 0.45796000957489014 0.5418599843978882
3543 0.45249998569488525 0.539680004119873
3544 0.4537999927997589 0.5335299968719482
3545 0.39441001415252686 0.4731000065803528
3546 0.4117099940776825 0.45963001251220703
3547 0.4241499900817871 0.468720018863678
3548 0.4014900028705597 0.48370999097824097
3549 0.42607998847961426 0.4811600148677826
3550 0.4076800048351288 0.4941200017929077
3551 0.4022600054740906 0.5011000037193298
3552 0.39528998732566833 0.49048998951911926
3553 0.38791999220848083 0.479559987783432
3554 0.4245299994945526 0.44558000564575195
3555 0.4187600016593933 0.45186999440193176
3556 0.4148299992084503 0.6967599987983704
3557 0.4121200144290924 0.5043299794197083
3558 0.40716999769210815 0.5120900273323059
3559 0.4273799955844879 0.49070999026298523
3560 0.444489985704422 0.4606100022792816
3561 0.45746999979019165 0.4625000059604645
3562 0.4537700116634369 0.4820300042629242
3563 0.4393500089645386 0.4856800138950348
3564 0.41106000542640686 0.5234599709510803
3565 0.41690000891685486 0.535099983215332
3566 0.47095000743865967 0.5155500173568726
3567 0.4718800187110901 0.5135800242424011
3568 0.4743900001049042 0.5136600136756897
3569 0.4740999937057495 0.51705002784729
3570 0.47411999106407166 0.504360020160675
3571 0.4697900116443634 0.5060700178146362
3572 0.46619001030921936 0.5030699968338013
3573 0.46983999013900757 0.500819981098175
3574 0.4233599901199341 0.5308099985122681
3575 0.4256500005722046 0.5318300127983093
3576 0.4909600019454956 0.5654000043869019
3577 0.49000000953674316 0.5476800203323364
3578 0.3109000027179718 0.6505699753761292
3579 0.3179199993610382 0.6608899831771851
3580 0.44183000922203064 0.5349100232124329
3581 0.44444000720977783 0.528980016708374
3582 0.34042999148368835 0.6800000071525574
3583 0.3534199893474579 0.6872199773788452
3584 0.40852999687194824 0.5529099702835083
3585 0.4007900059223175 0.5442000031471252
3586 0.4045799970626831 0.5371999740600586
3587 0.41190001368522644 0.5469099879264832
3588 0.32826998829841614 0.671209990978241
3589 0.43299001455307007 0.6947000026702881
3590 0.4530099928379059 0.6895800232887268
3591 0.4625999927520752 0.6753299832344055
3592 0.4744899868965149 0.6770899891853333
3593 0.4703899919986725 0.6909999847412109
3594 0.48677000403404236 0.6781899929046631
3595 0.4852199852466583 0.691860020160675
3596 0.4782400131225586 0.6645100116729736
3597 0.4683400094509125 0.6632699966430664
3598 0.48333001136779785 0.6324700117111206
3599 0.475380003452301 0.633430004119873
3600 0.45969000458717346 0.5171099901199341
3601 0.46378999948501587 0.5183699727058411
3602 0.4628100097179413 0.5206599831581116
3603 0.4582599997520447 0.5198299884796143
3604 0.4563100039958954 0.515250027179718
3605 0.48840999603271484 0.4993099868297577
3606 0.47968000173568726 0.5020099878311157
3607 0.47402000427246094 0.4974600076675415
3608 0.4811500012874603 0.6529200077056885
3609 0.47211000323295593 0.6526100039482117
3610 0.4398599863052368 0.5091699957847595
3611 0.44258999824523926 0.5026100277900696
3612 0.4408099949359894 0.5145000219345093
3613 0.43571001291275024 0.5203099846839905
3614 0.4398699998855591 0.5252900123596191
3615 0.44387999176979065 0.5192099809646606
3616 0.4475499987602234 0.5230100154876709
3617 0.4553000032901764 0.5274199843406677
3618 0.46028000116348267 0.5285900235176086
3619 0.3767800033092499 0.4940299987792969
3620 0.37105000019073486 0.5029199719429016
3621 0.3865399956703186 0.5249699950218201
3622 0.3919200003147125 0.5161700248718262
3623 0.3982999920845032 0.526889979839325
3624 0.3936299979686737 0.5348799824714661
3625 0.37904998660087585 0.5143700242042542
3626 0.3845199942588806 0.5054200291633606
3627 0.389849990606308 0.49750998616218567
3628 0.38227999210357666 0.48636001348495483
3629 0.38172999024391174 0.6861199736595154
3630 0.3963100016117096 0.687250018119812
3631 0.3422999978065491 0.6724799871444702
3632 0.354449987411499 0.6785500049591064
3633 0.45138001441955566 0.6706399917602539
3634 0.45816001296043396 0.6610599756240845
3635 0.428600013256073 0.6848400235176086
3636 0.44246000051498413 0.6793699860572815
3637 0.4120599925518036 0.6870499849319458
3638 0.32144999504089355 0.6564300060272217
3639 0.33092001080513 0.6648300290107727
3640 0.3150399923324585 0.6478599905967712
3641 0.46285000443458557 0.6515899896621704
3642 0.33195000886917114 0.5774199962615967
3643 0.3258900046348572 0.5691400170326233
3644 0.3339200019836426 0.5568400025367737
3645 0.34031999111175537 0.5668100118637085
3646 0.3188999891281128 0.5814800262451172
3647 0.34237998723983765 0.5448300242424011
3648 0.3243899941444397 0.5883499979972839
3649 0.31828999519348145 0.5995000004768372
3650 0.31290000677108765 0.5939000248908997
3651 0.4145500063896179 0.5411499738693237
3652 0.4077399969100952 0.5305200219154358
3653 0.40261998772621155 0.5196300148963928
3654 0.3970800042152405 0.5083299875259399
3655 0.38222000002861023 0.6110100150108337
3656 0.3825100064277649 0.5964699983596802
3657 0.3921799957752228 0.598039984703064
3658 0.39135000109672546 0.6113499999046326
3659 0.38124001026153564 0.6198099851608276
3660 0.38172000646591187 0.6167299747467041
3661 0.39107999205589294 0.6168699860572815
3662 0.3909600079059601 0.6199899911880493
3663 0.4011099934577942 0.5667200088500977
3664 0.3922100067138672 0.5599300265312195
3665 0.39660999178886414 0.5517799854278564
3666 0.4048199951648712 0.5595200061798096
3667 0.3834199905395508 0.5525500178337097
3668 0.37455999851226807 0.5442299842834473
3669 0.38062000274658203 0.5345399975776672
3670 0.38863998651504517 0.5435100197792053
3671 0.3646399974822998 0.5129200220108032
3672 0.3575800061225891 0.5232899785041809
3673 0.34599998593330383 0.5764600038528442
3674 0.3364500105381012 0.5851100087165833
3675 0.32888999581336975 0.5943700075149536
3676 0.32291001081466675 0.6043300032615662
3677 0.3727099895477295 0.5242999792098999
3678 0.36590999364852905 0.534500002861023
3679 0.43094998598098755 0.45743000507354736
3680 0.4357900023460388 0.45052000880241394
3681 0.4476099908351898 0.45447999238967896
3682 0.4593699872493744 0.45754000544548035
3683 0.4569999873638153 0.5228400230407715
3684 0.46175000071525574 0.5236999988555908
3685 0.49125999212265015 0.6422899961471558
3686 0.49153000116348267 0.6319599747657776
3687 0.3501099944114685 0.5560600161552429
3688 0.35947999358177185 0.5683199763298035
3689 0.4825499951839447 0.6226000189781189
3690 0.4912000000476837 0.6219599843025208
3691 0.47453999519348145 0.6238800287246704
3692 0.37369999289512634 0.5738499760627747
3693 0.4905399978160858 0.5237299799919128
3694 0.48249998688697815 0.5236999988555908
3695 0.39531001448631287 0.583079993724823
3696 0.3851499855518341 0.578790009021759
3697 0.4664599895477295 0.5083100199699402
3698 0.47279998660087585 0.5098699927330017
3699 0.4698300063610077 0.5113400220870972
3700 0.4767799973487854 0.5087699890136719
3701 0.4821000099182129 0.5074099898338318
3702 0.4902699887752533 0.5061600208282471
3703 0.4659000039100647 0.6425300240516663
3704 0.4903700053691864 0.6533200144767761
3705 0.3833099901676178 0.5880600214004517
3706 0.39337998628616333 0.5907999873161316
3707 0.44547998905181885 0.5105800032615662
3708 0.4459199905395508 0.5060700178146362
3709 0.44955000281333923 0.5010899901390076
3710 0.47176000475883484 0.45961999893188477
3711 0.3723599910736084 0.5853300094604492
3712 0.3605400025844574 0.5835899710655212
3713 0.37240999937057495 0.5950999855995178
3714 0.3619599938392639 0.5946000218391418
3715 0.36281999945640564 0.6110699772834778
3716 0.3728100061416626 0.6108499765396118
3717 0.34283000230789185 0.6006600260734558
3718 0.345770001411438 0.6134999990463257
3719 0.33998000621795654 0.6157000064849854
3720 0.3357999920845032 0.6061300039291382
3721 0.33992999792099 0.5930200219154358
3722 0.34918999671936035 0.5868499875068665
3723 0.3517099916934967 0.5965999960899353
3724 0.33265000581741333 0.6002399921417236
3725 0.3301199972629547 0.6131399869918823
3726 0.3268600106239319 0.6088600158691406
3727 0.33562999963760376 0.6192100048065186
3728 0.35339000821113586 0.6120799779891968
3729 0.367139995098114 0.6922900080680847
3730 0.3675900101661682 0.6831600069999695
3731 0.3940199911594391 0.6382899880409241
3732 0.3827899992465973 0.6377099752426147
3733 0.38196998834609985 0.6345499753952026
3734 0.3932799994945526 0.6350499987602234
3735 0.4295400083065033 0.6321200132369995
3736 0.4282799959182739 0.6308799982070923
3737 0.4307500123977661 0.6292499899864197
3738 0.4205099940299988 0.6357600092887878
3739 0.4199100136756897 0.6333100199699402
3740 0.42476001381874084 0.6322799921035767
3741 0.4256399869918823 0.6341599822044373
3742 0.4134500026702881 0.6368700265884399
3743 0.41293999552726746 0.6340500116348267
3744 0.40470001101493835 0.6378099918365479
3745 0.40411001443862915 0.6345900297164917
3746 0.3723500072956085 0.6368899941444397
3747 0.37143000960350037 0.6337900161743164
3748 0.362529993057251 0.6358500123023987
3749 0.3617100119590759 0.6327400207519531
3750 0.34584999084472656 0.6338499784469604
3751 0.33998000621795654 0.6323699951171875
3752 0.34071001410484314 0.6297900080680847
3753 0.3458999991416931 0.6310200095176697
3754 0.33632001280784607 0.6300100088119507
3755 0.3379400074481964 0.6279799938201904
3756 0.3722800016403198 0.6166200041770935
3757 0.37147998809814453 0.6197100281715393
3758 0.36166998744010925 0.6194499731063843
3759 0.3622699975967407 0.6164900064468384
3760 0.34119999408721924 0.6188899874687195
3761 0.3462499976158142 0.6178600192070007
3762 0.34634000062942505 0.6200199723243713
3763 0.34172001481056213 0.620419979095459
3764 0.35367000102996826 0.6347100138664246
3765 0.35324999690055847 0.6317899823188782
3766 0.3377799987792969 0.6208999752998352
3767 0.33893999457359314 0.621720016002655
3768 0.3532400131225586 0.617110013961792
3769 0.35304000973701477 0.6197500228881836
3770 0.32350000739097595 0.7654399871826172
3771 0.29482999444007874 0.8005549907684326
3772 0.16225001215934753 0.9729200601577759
3773 0.24032500386238098 0.805305004119873
3774 0.2480500042438507 0.8084750175476074
3775 0.2349099963903427 0.8020650148391724
3776 0.2647000253200531 0.8357340097427368
3777 0.16080999374389648 0.9726999998092651
3778 0.28450000286102295 0.8051999807357788
3779 0.2776699960231781 0.8075349926948547
3780 0.23004001379013062 0.7935600280761719
3781 0.22949498891830444 0.7952450513839722
3782 0.268669992685318 0.8094650506973267
3783 0.24581335484981537 0.851360023021698
3784 0.26844000816345215 0.8297920227050781
3785 0.2704100012779236 0.7890049815177917
3786 0.26169002056121826 0.7874699831008911
3787 0.2886750102043152 0.8026599884033203
3788 0.2311750054359436 0.7990100383758545
3789 0.22951000928878784 0.796779990196228
3790 0.2582000195980072 0.8100699782371521
3791 0.23355500400066376 0.7898600101470947
3792 0.2308250069618225 0.7917699813842773
3793 0.25309500098228455 0.7866950035095215
3794 0.24552500247955322 0.7868199944496155
3795 0.23894000053405762 0.7879999876022339
3796 0.1197500005364418 0.9661700129508972
3797 0.11911000311374664 0.9686499834060669
3798 0.12336000055074692 0.9820500016212463
3799 0.12867000699043274 0.986329972743988
3800 0.14688000082969666 0.9547899961471558
3801 0.1420000046491623 0.9526900053024292
3802 0.11883000284433365 0.9722099900245667
3803 0.12007000297307968 0.9770900011062622
3804 0.15366999804973602 0.9812399744987488
3805 0.14941999316215515 0.9852399826049805
3806 0.13562999665737152 0.988569974899292
3807 0.12343999743461609 0.9572799801826477
3808 0.12172000110149384 0.9605200290679932
3809 0.12060000002384186 0.9629899859428406
3810 0.1366499960422516 0.9517099857330322
3811 0.13120999932289124 0.9521899819374084
3812 0.1437000036239624 0.9879999756813049
3813 0.15666000545024872 0.9768199920654297
3814 0.12693999707698822 0.953980028629303
3815 0.15755000710487366 0.9740999937057495
3816 0.4887300133705139 0.665369987487793
3817 0.490119993686676 0.5302000045776367
3818 0.48987001180648804 0.538349986076355
3819 0.49052000045776367 0.6121799945831299
3820 0.48486998677253723 0.45945999026298523
3821 0.4655799865722656 0.5160599946975708
3822 0.46761998534202576 0.5135300159454346
3823 0.4691300094127655 0.5177500247955322
3824 0.46180999279022217 0.5140600204467773
3825 0.4640899896621704 0.5110399723052979
3826 0.45879998803138733 0.5117499828338623
3827 0.4670500159263611 0.519070029258728
3828 0.4565100073814392 0.4969100058078766
3829 0.4531799852848053 0.5016400218009949
3830 0.458189994096756 0.4991300106048584
3831 0.44971999526023865 0.5052199959754944
3832 0.4655799865722656 0.4956899881362915
3833 0.4642300009727478 0.498879998922348
3834 0.4584200084209442 0.5020999908447266
3835 0.4549899995326996 0.5035099983215332
3836 0.4622499942779541 0.5016400218009949
3837 0.4633199870586395 0.5056300163269043
3838 0.4611299932003021 0.5084699988365173
3839 0.4505099952220917 0.508109986782074
3840 0.15143999457359314 0.9579899907112122
3841 0.448529988527298 0.508679986000061
3842 0.45381999015808105 0.5125499963760376
3843 0.4563800096511841 0.5095499753952026
3844 0.4527600407600403 0.5539100170135498
3845 0.4467799961566925 0.5481299757957458
3846 0.4394899904727936 0.5439199805259705
3847 0.4405899941921234 0.5474799871444702
3848 0.43187999725341797 0.5265399813652039
3849 0.42871999740600586 0.5364900231361389
3850 0.4365899860858917 0.5313400030136108
3851 0.4337199926376343 0.5444599986076355
3852 0.4339100122451782 0.54093998670578
3853 0.48076000809669495 0.5377200245857239
3854 0.4814000129699707 0.5299199819564819
3855 0.4674299955368042 0.5239400267601013
3856 0.46612000465393066 0.5291799902915955
3857 0.46759000420570374 0.5208699703216553
3858 0.480459988117218 0.5467699766159058
3859 0.48131999373435974 0.5641899704933167
3860 0.4746299684047699 0.5230100154876709
3861 0.4717499911785126 0.519819974899292
3862 0.4650999903678894 0.5362300276756287
3863 0.46445998549461365 0.5438399910926819
3864 0.4532400071620941 0.5613499879837036
3865 0.46351000666618347 0.5657899975776672
3866 0.4629000127315521 0.5722600221633911
3867 0.45274999737739563 0.5676699876785278
3868 0.4720599949359894 0.5455300211906433
3869 0.4723399877548218 0.5619400143623352
3870 0.4724099934101105 0.5370000004768372
3871 0.4732699990272522 0.529449999332428
3872 0.4634999930858612 0.5587700009346008
3873 0.4411799907684326 0.5901899933815002
3874 0.43174999952316284 0.5843499898910522
3875 0.43538999557495117 0.5794000029563904
3876 0.445360004901886 0.5855100154876709
3877 0.414029985666275 0.5666199922561646
3878 0.4108000099658966 0.5729699730873108
3879 0.4226599931716919 0.5504400134086609
3880 0.4203299880027771 0.555429995059967
3881 0.40038999915122986 0.6170799732208252
3882 0.40081000328063965 0.6202399730682373
3883 0.4015499949455261 0.5998499989509583
3884 0.40031999349594116 0.611840009689331
3885 0.44896000623703003 0.58024001121521
3886 0.43863001465797424 0.5741900205612183
3887 0.44099000096321106 0.5686200261116028
3888 0.45142999291419983 0.5741000175476074
3889 0.41732001304626465 0.5607399940490723
3890 0.43296000361442566 0.5991399884223938
3891 0.42458000779151917 0.5945799946784973
3892 0.405239999294281 0.586899995803833
3893 0.4031200110912323 0.5935699939727783
3894 0.41516000032424927 0.6214399933815002
3895 0.42656999826431274 0.622730016708374
3896 0.4091399908065796 0.620930016040802
3897 0.2784299850463867 0.7910000085830688
3898 0.285180002450943 0.7932299971580505
3899 0.1557600051164627 0.9616000056266785
3900 0.15791000425815582 0.9644500017166138
3901 0.4152500033378601 0.5904800295829773
3902 0.4214000105857849 0.5997499823570251
3903 0.41262000799179077 0.5964400172233582
3904 0.4214000105857849 0.5786700248718262
3905 0.4246399998664856 0.5730999708175659
3906 0.427700012922287 0.5677000284194946
3907 0.43027999997138977 0.562470018863678
3908 0.4274600148200989 0.5389099717140198
3909 0.4105699956417084 0.6020600199699402
3910 0.4085899889469147 0.6126000285148621
3911 0.40845000743865967 0.6178200244903564
3912 0.4906199872493744 0.5903300046920776
3913 0.48993000388145447 0.6011800169944763
3914 0.49129000306129456 0.5727599859237671
3915 0.49114999175071716 0.5808899998664856
3916 0.4816400110721588 0.5713899731636047
3917 0.481469988822937 0.5791299939155579
3918 0.47214001417160034 0.5761799812316895
3919 0.47244998812675476 0.5690000057220459
3920 0.4493899941444397 0.5960299968719482
3921 0.4291200041770935 0.6034700274467468
3922 0.45436999201774597 0.5914899706840515
3923 0.46152999997138977 0.579069972038269
3924 0.4148299992084503 0.6185799837112427
3925 0.418940007686615 0.6046500205993652
3926 0.4158500134944916 0.6138299703598022
3927 0.48045000433921814 0.5880600214004517
3928 0.45875999331474304 0.5859900116920471
3929 0.47095999121665955 0.5839200019836426
3930 0.467960000038147 0.592170000076294
3931 0.4623900055885315 0.5979300141334534
3932 0.4563800096511841 0.6023200154304504
3933 0.43084999918937683 0.6242600083351135
3934 0.43292000889778137 0.6231099963188171
3935 0.47255998849868774 0.6145700216293335
3936 0.4809499979019165 0.6123499870300293
3937 0.32442399859428406 0.7642599940299988
3938 0.16540999710559845 0.9703400135040283
3939 0.2973649799823761 0.7973299622535706
3940 0.4291200041770935 0.6233699917793274
3941 0.16288000345230103 0.9701300263404846
3942 0.4310699999332428 0.6214100122451782
3943 0.46887001395225525 0.6053500175476074
3944 0.4617300033569336 0.6092600226402283
3945 0.4282500147819519 0.6203399896621704
3946 0.43682000041007996 0.6134799718856812
3947 0.4307999908924103 0.6177700161933899
3948 0.47784000635147095 0.5996900200843811
3949 0.4402100145816803 0.6168500185012817
3950 0.43386998772621155 0.6197100281715393
3951 0.16000999510288239 0.9699500203132629
3952 0.44231998920440674 0.5629100203514099
3953 0.4320499897003174 0.5573999881744385
3954 0.4258800148963928 0.5411499738693237
3955 0.4244000017642975 0.5455300211906433
3956 0.44284000992774963 0.5574100017547607
3957 0.4331200122833252 0.5525799989700317
3958 0.4424299895763397 0.5519300103187561
3959 0.43362000584602356 0.5481100082397461
3960 0.42170000076293945 0.6391699910163879
3961 0.4271000027656555 0.6366099715232849
3962 0.4311000108718872 0.6421599984169006
3963 0.42517998814582825 0.6471400260925293
3964 0.4186500012874603 0.651419997215271
3965 0.4147599935531616 0.6412299871444702
3966 0.43136999011039734 0.6338599920272827
3967 0.4358200132846832 0.6379899978637695
3968 0.4097200036048889 0.6549999713897705
3969 0.4059300124645233 0.6428300142288208
3970 0.39886999130249023 0.6567400097846985
3971 0.39528998732566833 0.6434500217437744
3972 0.38729000091552734 0.6567000150680542
3973 0.3841100037097931 0.6431599855422974
3974 0.3440900146961212 0.6657800078392029
3975 0.35545000433921814 0.6707599759101868
3976 0.3675299882888794 0.6746799945831299
3977 0.39388999342918396 0.6782799959182739
3978 0.3803099989891052 0.6770399808883667
3979 0.40808001160621643 0.6781600117683411
3980 0.42195001244544983 0.6754400134086609
3981 0.4335800111293793 0.670710027217865
3982 0.4422299861907959 0.6645100116729736
3983 0.4491899907588959 0.6572700142860413
3984 0.40397000312805176 0.669189989566803
3985 0.39114999771118164 0.6695200204849243
3986 0.4160600006580353 0.6664900183677673
3987 0.4260999858379364 0.662339985370636
3988 0.4342299997806549 0.6577699780464172
3989 0.441210001707077 0.6520799994468689
3990 0.3786099851131439 0.6686000227928162
3991 0.3670800030231476 0.6669399738311768
3992 0.3558500111103058 0.6638699769973755
3993 0.34505000710487366 0.6599100232124329
3994 0.33320000767707825 0.6594499945640564
3995 0.3349300026893616 0.6545600295066833
3996 0.33904001116752625 0.6366199851036072
3997 0.33621999621391296 0.6469200253486633
3998 0.3285599946975708 0.641510009765625
3999 0.33417001366615295 0.6333699822425842
4000 0.34582000970840454 0.6388199925422668
4001 0.34512999653816223 0.6511099934577942
4002 0.375900000333786 0.6565600037574768
4003 0.3652400076389313 0.6558200120925903
4004 0.3635599911212921 0.6419299840927124
4005 0.3735699951648712 0.6428499817848206
4006 0.35491999983787537 0.6539300084114075
4007 0.3541699945926666 0.6403899788856506
4008 0.4673199951648712 0.6338099837303162
4009 0.4340899884700775 0.6307700276374817
4010 0.4670200049877167 0.6251699924468994
4011 0.4651699960231781 0.6170200109481812
4012 0.4463900029659271 0.646049976348877
4013 0.4543600082397461 0.649590015411377
4014 0.459850013256073 0.6335600018501282
4015 0.45375001430511475 0.625819981098175
4016 0.4504300057888031 0.6393799781799316
4017 0.4355599880218506 0.6221500039100647
4018 0.4417699873447418 0.6207799911499023
4019 0.44595998525619507 0.7521299719810486
4020 0.3510499894618988 0.7346799969673157
4021 0.36823999881744385 0.7420399785041809
4022 0.4273099899291992 0.7516300082206726
4023 0.28115999698638916 0.5893300175666809
4024 0.26789000630378723 0.5827800035476685
4025 0.2802000045776367 0.6274300217628479
4026 0.2697499990463257 0.6272799968719482
4027 0.26715999841690063 0.6063899993896484
4028 0.27900001406669617 0.6091799736022949
4029 0.2916199862957001 0.5959100127220154
4030 0.28881001472473145 0.6126300096511841
4031 0.2894600033760071 0.6282899975776672
4032 0.3005799949169159 0.6016499996185303
4033 0.29752999544143677 0.6158199906349182
4034 0.2976199984550476 0.629010021686554
4035 0.30441001057624817 0.6297500133514404
4036 0.3079499900341034 0.6063500046730042
4037 0.3097200095653534 0.630810022354126
4038 0.3048900067806244 0.6186299920082092
4039 0.3137800097465515 0.6106100082397461
4040 0.31075000762939453 0.6214799880981445
4041 0.31836000084877014 0.6146699786186218
4042 0.3221299946308136 0.6186500191688538
4043 0.32565000653266907 0.6220300197601318
4044 0.32284998893737793 0.6334099769592285
4045 0.32409000396728516 0.6524699926376343
4046 0.32594001293182373 0.6485300064086914
4047 0.3151499927043915 0.624530017375946
4048 0.3179300129413605 0.6455600261688232
4049 0.3197700083255768 0.6430000066757202
4050 0.31380000710487366 0.6322799921035767
4051 0.31870999932289124 0.6283199787139893
4052 0.3171299993991852 0.6347500085830688
4053 0.48927998542785645 0.38576000928878784
4054 0.4783700108528137 0.38675999641418457
4055 0.46764999628067017 0.38865000009536743
4056 0.4353100061416626 0.4053800106048584
4057 0.44672998785972595 0.402209997177124
4058 0.4465799927711487 0.4053800106048584
4059 0.4356299936771393 0.40782999992370605
4060 0.4575600028038025 0.3997899889945984
4061 0.4571099877357483 0.40365999937057495
4062 0.05163000151515007 0.9079899787902832
4063 0.052880000323057175 0.9048699736595154
4064 0.056120000779628754 0.9069799780845642
4065 0.054269999265670776 0.9096699953079224
4066 0.42743998765945435 0.41756001114845276
4067 0.4352799952030182 0.41662999987602234
4068 0.2423900067806244 0.6610199809074402
4069 0.23846499621868134 0.6625750064849854
4070 0.23554500937461853 0.6638250350952148
4071 0.42184001207351685 0.4185999929904938
4072 0.05245999991893768 0.9117199778556824
4073 0.050289999693632126 0.9102200269699097
4074 0.05790000036358833 0.9037299752235413
4075 0.059379998594522476 0.9001799821853638
4076 0.06357000023126602 0.9022700190544128
4077 0.06185999885201454 0.9056199789047241
4078 0.06919000297784805 0.8913499712944031
4079 0.06366000324487686 0.8886799812316895
4080 0.060770001262426376 0.8965100049972534
4081 0.062130000442266464 0.8926399946212769
4082 0.06718999892473221 0.8952699899673462
4083 0.06531000137329102 0.8988800048828125
4084 0.24719500541687012 0.6591799855232239
4085 0.4444800019264221 0.41596001386642456
4086 0.05392000079154968 0.901170015335083
4087 0.05482000112533569 0.8973399996757507
4088 0.4547399878501892 0.4154599905014038
4089 0.2526499927043915 0.6572900414466858
4090 0.477539986371994 0.41018998622894287
4091 0.48875999450683594 0.4098300039768219
4092 0.48888999223709106 0.4146200120449066
4093 0.47738000750541687 0.41481998562812805
4094 0.46632999181747437 0.41075998544692993
4095 0.46581000089645386 0.4151099920272827
4096 0.4225899875164032 0.4051100015640259
4097 0.43320998549461365 0.4000599980354309
4098 0.4111599922180176 0.4156099855899811
4099 0.4097999930381775 0.41951000690460205
4100 0.41749998927116394 0.4198099970817566
4101 0.418069988489151 0.4191400110721588
4102 0.4187999963760376 0.4193899929523468
4103 0.418179988861084 0.41978999972343445
4104 0.4273099899291992 0.4156399965286255
4105 0.4356200098991394 0.41387999057769775
4106 0.05674999952316284 0.889519989490509
4107 0.057999998331069946 0.8857600092887878
4108 0.2720949947834015 0.6515650153160095
4109 0.265514999628067 0.6533349752426147
4110 0.05570000037550926 0.8934500217437744
4111 0.2589000165462494 0.6552799940109253
4112 0.4452599883079529 0.41253000497817993
4113 0.4555099904537201 0.41154998540878296
4114 0.046629998832941055 0.9128199815750122
4115 0.0478999987244606 0.9125499725341797
4116 0.04902999848127365 0.9142400026321411
4117 0.04732000082731247 0.9147700071334839
4118 0.417820006608963 0.42048999667167664
4119 0.4183799922466278 0.4202199876308441
4120 0.48919999599456787 0.39991000294685364
4121 0.4784500002861023 0.4008600115776062
4122 0.4787999987602234 0.39605000615119934
4123 0.48941001296043396 0.3951199948787689
4124 0.46834999322891235 0.3977299928665161
4125 0.46772998571395874 0.40220001339912415
4126 0.4450699985027313 0.3955399990081787
4127 0.45645999908447266 0.3916800022125244
4128 0.42579999566078186 0.4112600088119507
4129 0.4193100035190582 0.4153299927711487
4130 0.4180299937725067 0.41398999094963074
4131 0.4249800145626068 0.40933001041412354
4132 0.415039986371994 0.42184001207351685
4133 0.4146000146865845 0.41962000727653503
4134 0.41589000821113586 0.4197799861431122
4135 0.41631001234054565 0.4213300049304962
4136 0.07355999946594238 0.931439995765686
4137 0.055660001933574677 0.9239500761032104
4138 0.05530000105500221 0.9216200113296509
4139 0.07161000370979309 0.9220200181007385
4140 0.05136999860405922 0.9271399974822998
4141 0.049869999289512634 0.9238799810409546
4142 0.06475000083446503 0.9469500184059143
4143 0.23337000608444214 0.6647599935531616
4144 0.23267999291419983 0.6652699708938599
4145 0.04904000088572502 0.9117000102996826
4146 0.05071000009775162 0.9132300019264221
4147 0.4212000072002411 0.41769999265670776
4148 0.41525998711586 0.4176900088787079
4149 0.41642001271247864 0.4184199869632721
4150 0.08251000195741653 0.9379600286483765
4151 0.07879000157117844 0.9222099781036377
4152 0.06988999992609024 0.9582899808883667
4153 0.41481998562812805 0.4105300009250641
4154 0.41040000319480896 0.4239499866962433
4155 0.23201000690460205 0.6655199527740479
4156 0.4128499925136566 0.4194999933242798
4157 0.4132699966430664 0.4225200116634369
4158 0.41370999813079834 0.4168500006198883
4159 0.41670000553131104 0.41255998611450195
4160 0.4240899980068207 0.4074600040912628
4161 0.434579998254776 0.40299999713897705
4162 0.4462699890136719 0.3990899920463562
4163 0.45743000507354736 0.3958500027656555
4164 0.4683299958705902 0.3930799961090088
4165 0.47874999046325684 0.3911699950695038
4166 0.48949000239372253 0.3902600109577179
4167 0.41679999232292175 0.4198499917984009
4168 0.41721001267433167 0.42087000608444214
4169 0.4173400104045868 0.41885998845100403
4170 0.4203700125217438 0.41659000515937805
4171 0.4266799986362457 0.41345998644828796
4172 0.43575000762939453 0.4108000099658966
4173 0.44596999883651733 0.40893998742103577
4174 0.45633000135421753 0.4076099991798401
4175 0.47800999879837036 0.4054099917411804
4176 0.46702998876571655 0.4064300060272217
4177 0.4889400005340576 0.4047499895095825
4178 0.06880000233650208 0.9138699769973755
4179 0.06569000333547592 0.907260000705719
4180 0.06718000024557114 0.9039899706840515
4181 0.06366000324487686 0.9108499884605408
4182 0.059790000319480896 0.9087899923324585
4183 0.07546000182628632 0.9133099913597107
4184 0.0690699964761734 0.9010999798774719
4185 0.07137999683618546 0.8978400230407715
4186 0.07400000095367432 0.894029974937439
4187 0.06036999821662903 0.9134799838066101
4188 0.0573199987411499 0.9113699793815613
4189 0.05375999957323074 0.9168400168418884
4190 0.05098000168800354 0.9180600047111511
4191 0.05006999894976616 0.9160599708557129
4192 0.052319999784231186 0.9148899912834167
4193 0.05689999833703041 0.9153500199317932
4194 0.054749999195337296 0.913349986076355
4195 0.04843999817967415 0.9190099835395813
4196 0.0478999987244606 0.9168400168418884
4197 0.05479000136256218 0.9191100001335144
4198 0.048969998955726624 0.9212599992752075
4199 0.41332998871803284 0.42923998832702637
4200 0.4202600121498108 0.42087000608444214
4201 0.42017999291419983 0.42170000076293945
4202 0.04543000087141991 0.9148799777030945
4203 0.04489000141620636 0.9127100110054016
4204 0.23166999220848083 0.6655299663543701
4205 0.04565000161528587 0.9172400236129761
4206 0.41892001032829285 0.423880010843277
4207 0.4174500107765198 0.42517000436782837
4208 0.043150000274181366 0.9174299836158752
4209 0.043129999190568924 0.9147300124168396
4210 0.04247000068426132 0.9123600125312805
4211 0.23225000500679016 0.6653499603271484
4212 0.42423000931739807 0.4217100143432617
4213 0.42458000779151917 0.4232499897480011
4214 0.4243299961090088 0.42739999294281006
4215 0.42320001125335693 0.42961999773979187
4216 0.41936999559402466 0.43518000841140747
4217 0.41571998596191406 0.42677000164985657
4218 0.4216499924659729 0.4321199953556061
4219 0.419840008020401 0.4227199852466583
4220 0.42478999495506287 0.42524999380111694
4221 0.045899998396635056 0.9196199774742126
4222 0.043150000274181366 0.9200900197029114
4223 0.04019999876618385 0.9238600134849548
4224 0.044610001146793365 0.9256600141525269
4225 0.03587999939918518 0.9167100191116333
4226 0.035989999771118164 0.9131900072097778
4227 0.04004000127315521 0.9141899943351746
4228 0.04004000127315521 0.9172199964523315
4229 0.23536500334739685 0.664110004901886
4230 0.4376400113105774 0.4233799874782562
4231 0.43029001355171204 0.42256999015808105
4232 0.23386500775814056 0.6648150086402893
4233 0.23828499019145966 0.6631549596786499
4234 0.4472599923610687 0.4238100051879883
4235 0.03547000139951706 0.9102799892425537
4236 0.031369999051094055 0.9117000102996826
4237 0.0313199982047081 0.9084699749946594
4238 0.03929999843239784 0.9115899801254272
4239 0.24270999431610107 0.6622300148010254
4240 0.45954999327659607 0.4242900013923645
4241 0.026820000261068344 0.9098600149154663
4242 0.02710000053048134 0.9065399765968323
4243 0.25363999605178833 0.6604650020599365
4244 0.4875200092792511 0.4253599941730499
4245 0.47328999638557434 0.4247399866580963
4246 0.2479349970817566 0.6613500118255615
4247 0.02280000038444996 0.9046800136566162
4248 0.022140000015497208 0.9079599976539612
4249 0.017489999532699585 0.9059600234031677
4250 0.018650000914931297 0.9028400182723999
4251 0.45194000005722046 0.4411599934101105
4252 0.45138001441955566 0.43626999855041504
4253 0.46268999576568604 0.43845000863075256
4254 0.46299999952316284 0.4442799985408783
4255 0.44126999378204346 0.4376299977302551
4256 0.4409799873828888 0.43355000019073486
4257 0.4312100112438202 0.43377000093460083
4258 0.43167999386787415 0.4306100010871887
4259 0.427949994802475 0.4408099949359894
4260 0.4753299951553345 0.4462299942970276
4261 0.47516998648643494 0.4397900104522705
4262 0.4880099892616272 0.4401699900627136
4263 0.4876300096511841 0.4459899961948395
4264 0.43112999200820923 0.4249100089073181
4265 0.43904000520706177 0.4263499975204468
4266 0.44874000549316406 0.42743998765945435
4267 0.4606499969959259 0.4284200072288513
4268 0.47387999296188354 0.42921000719070435
4269 0.48767998814582825 0.4299600124359131
4270 0.040800001472234726 0.9418900012969971
4271 0.03799999877810478 0.9497100114822388
4272 0.02897999994456768 0.9364500045776367
4273 0.034049998968839645 0.9330499768257141
4274 0.04597000405192375 0.9279500842094421
4275 0.030640000477433205 0.915880024433136
4276 0.025599999353289604 0.9145299792289734
4277 0.01561999972909689 0.9104400277137756
4278 0.02070000022649765 0.9125499725341797
4279 0.4388599991798401 0.4458000063896179
4280 0.44993001222610474 0.450080007314682
4281 0.46094998717308044 0.45375001430511475
4282 0.48673999309539795 0.4516099989414215
4283 0.47422000765800476 0.4519999921321869
4284 0.46215999126434326 0.44962000846862793
4285 0.4512700140476227 0.4459100067615509
4286 0.44053998589515686 0.4416700005531311
4287 0.4300900101661682 0.4370799958705902
4288 0.4745599925518036 0.43417999148368835
4289 0.48787999153137207 0.43487998843193054
4290 0.45026999711990356 0.43160000443458557
4291 0.46178001165390015 0.4331499934196472
4292 0.4401800036430359 0.4297100007534027
4293 0.4316500127315521 0.427619993686676
4294 0.03539999946951866 0.9208899736404419
4295 0.03984000161290169 0.9204699993133545
4296 0.030710000544786453 0.926580011844635
4297 0.029479999095201492 0.9211500287055969
4298 0.024000000208616257 0.9205700159072876
4299 0.01868000067770481 0.9188399910926819
4300 0.013330000452697277 0.916700005531311
4301 0.018959999084472656 0.926110029220581
4302 0.4730899930000305 0.4562099874019623
4303 0.48576998710632324 0.45583999156951904
4304 0.46118998527526855 0.5041800737380981
4305 0.4586699903011322 0.5059400200843811
4306 0.45598000288009644 0.5056899785995483
4307 0.4472000002861023 0.5375000238418579
4308 0.4489800035953522 0.5315999984741211
4309 0.45462000370025635 0.5183600187301636
4310 0.45118001103401184 0.5257700085639954
4311 0.45322999358177185 0.5213599801063538
4312 0.4438300132751465 0.5452700853347778
4313 0.4501599967479706 0.5184999704360962
4314 0.45186999440193176 0.5154799818992615
4315 0.44727998971939087 0.5145699977874756
4316 0.44958001375198364 0.5118700265884399
4317 0.4516400098800659 0.5099999904632568
4318 0.07810000330209732 0.9792500138282776
4319 0.09905000030994415 0.9436100125312805
4320 0.09324999898672104 0.9207800030708313
4321 0.0872500017285347 0.9089499711990356
4322 0.014759999699890614 0.9413400292396545
4323 0.02549000084400177 0.9638400077819824
4324 0.012520000338554382 0.924589991569519
4325 0.08122000098228455 0.9117900133132935
4326 0.08562999963760376 0.9222099781036377
4327 0.09013000130653381 0.9410899877548218
4328 0.07333000004291534 0.9678400158882141
4329 0.0321200005710125 0.95728999376297
4330 0.022180000320076942 0.9394999742507935
4331 0.025200000032782555 0.9267699718475342
4332 0.06466999650001526 0.9208599925041199
4333 0.06504999846220016 0.9271600246429443
4334 0.05920000001788139 0.9387099742889404
4335 0.06324999779462814 0.916450023651123
4336 0.042419999837875366 0.9356600046157837
4337 0.038019999861717224 0.9300199747085571
4338 0.03589000180363655 0.9254299998283386
4339 0.05928000062704086 0.9210299849510193
4340 0.05837000161409378 0.9246000051498413
4341 0.053939998149871826 0.9318100214004517
4342 0.05861999839544296 0.9179199934005737
4343 0.04489000141620636 0.9304500222206116
4344 0.04171000048518181 0.9273300170898438
4345 0.043529998511075974 0.922819972038269
4346 0.05169999971985817 0.9202499985694885
4347 0.052480001002550125 0.9227499961853027
4348 0.053860001266002655 0.9255899786949158
4349 0.056790001690387726 0.9290400147438049
4350 0.0636100023984909 0.9335200190544128
4351 0.07288999855518341 0.9418200254440308
4352 0.08058000355958939 0.9508900046348572
4353 0.08635000139474869 0.9582200050354004
4354 0.09380000084638596 0.9665499925613403
4355 0.04633000120520592 0.9220499992370605
4356 0.047269999980926514 0.9247999787330627
4357 0.04842999950051308 0.9279099702835083
4358 0.04950999841094017 0.9322199821472168
4359 0.050609998404979706 0.9402899742126465
4360 0.05096999928355217 0.9493299722671509
4361 0.05215999856591225 0.9599499702453613
4362 0.051100000739097595 0.9690300226211548
4363 0.04935000091791153 0.9805600047111511
4364 0.07180999964475632 0.9036099910736084
4365 0.0746299996972084 0.9008100032806396
4366 0.07791999727487564 0.8970699906349182
4367 0.06967999786138535 0.905269980430603
4368 0.06954000145196915 0.9083499908447266
4369 0.07356999814510345 0.9073699712753296
4370 0.0775500014424324 0.9049599766731262
4371 0.08179999887943268 0.9014000296592712
4372 0.45212000608444214 0.5059700012207031
4373 0.4539799988269806 0.5077999830245972
4374 0.12205000221729279 0.9666600227355957
4375 0.12939999997615814 0.9826300144195557
4376 0.12512999773025513 0.9792299866676331
4377 0.14094999432563782 0.9567499756813049
4378 0.14519000053405762 0.9586799740791321
4379 0.12211000174283981 0.9752799868583679
4380 0.15136000514030457 0.9795600175857544
4381 0.14700999855995178 0.9827200174331665
4382 0.13548000156879425 0.984969973564148
4383 0.12488000094890594 0.9598000049591064
4384 0.12318000197410583 0.9620199799537659
4385 0.13173000514507294 0.9564499855041504
4386 0.13617999851703644 0.9558500051498413
4387 0.14154000580310822 0.9848499894142151
4388 0.15567000210285187 0.9755600094795227
4389 0.12820999324321747 0.9577999711036682
4390 0.15689000487327576 0.9739800691604614
4391 0.14979000389575958 0.9609500169754028
4392 0.15476000308990479 0.9639099836349487
4393 0.156700000166893 0.965190052986145
4394 0.12437000125646591 0.9673299789428711
4395 0.13064999878406525 0.9793099761009216
4396 0.1270499974489212 0.9762399792671204
4397 0.13992999494075775 0.9622399806976318
4398 0.14398999512195587 0.9632099866867065
4399 0.12439999729394913 0.9732900261878967
4400 0.14962999522686005 0.9770699739456177
4401 0.14458000659942627 0.9800199866294861
4402 0.13515999913215637 0.9811099767684937
4403 0.12670999765396118 0.9627000093460083
4404 0.12482000887393951 0.9630600810050964
4405 0.1329600065946579 0.9617800116539001
4406 0.13631999492645264 0.9616699814796448
4407 0.13967999815940857 0.9812700152397156
4408 0.15474000573158264 0.9735900163650513
4409 0.12974999845027924 0.9621599912643433
4410 0.1565999984741211 0.9729700088500977
4411 0.14906999468803406 0.9645199775695801
4412 0.15369999408721924 0.9657999873161316
4413 0.15658999979496002 0.9665499925613403
4414 0.12080000340938568 0.9716200232505798
4415 0.12266000360250473 0.9712499976158142
4416 0.13621999323368073 0.9718599915504456
4417 0.13321000337600708 0.9710400104522705
4418 0.13026000559329987 0.9699299931526184
4419 0.12706999480724335 0.9685800075531006
4420 0.48284000158309937 0.6423699855804443
4421 0.4744899868965149 0.6428300142288208
4422 0.4579299986362457 0.6414999961853027
4423 0.4391700029373169 0.6336600184440613
4424 0.4322499930858612 0.6297600269317627
4425 0.1638299971818924 0.9718800187110901
4426 0.16203999519348145 0.9716500043869019
4427 0.15320000052452087 0.9704099893569946
4428 0.14837999641895294 0.9716100096702576
4429 0.14330999553203583 0.9724500179290771
4430 0.13946999609470367 0.9725099802017212
4431 0.15871000289916992 0.9725499749183655
4432 0.15939000248908997 0.9713900089263916
4433 0.16520999372005463 0.9682199954986572
4434 0.16280999779701233 0.9682300090789795
4435 0.15995000302791595 0.9681800007820129
4436 0.16392001509666443 0.9665500521659851
4437 0.16178999841213226 0.9664899706840515
4438 0.15939000248908997 0.9666900038719177
4439 0.1566700041294098 0.9699100255966187
4440 0.1566299945116043 0.9681800007820129
4441 0.15317000448703766 0.9681699872016907
4442 0.1485700011253357 0.9681400060653687
4443 0.14350000023841858 0.9680799841880798
4444 0.1398400068283081 0.9676600098609924
4445 0.13672000169754028 0.9670799970626831
4446 0.13370999693870544 0.9666000008583069
4447 0.13054999709129333 0.966189980506897
4448 0.12706999480724335 0.9655500054359436
4449 0.12466000765562057 0.9650099873542786
4450 0.12227000296115875 0.9633899927139282
4451 0.12132000178098679 0.968779981136322
4452 0.12321999669075012 0.9694799780845642
4453 0.12626999616622925 0.9711099863052368
4454 0.12910999357700348 0.9732300043106079
4455 0.13214999437332153 0.9752100110054016
4456 0.1355299949645996 0.9764800071716309
4457 0.13920000195503235 0.9770500063896179
4458 0.1434900015592575 0.9765899777412415
4459 0.14866000413894653 0.9746599793434143
4460 0.15389999747276306 0.9722700119018555
4461 0.15663999319076538 0.9715099930763245
4462 0.3357200026512146 0.5059700012207031
4463 0.34279999136924744 0.5209699869155884
4464 0.3502799868583679 0.5336099863052368
4465 0.358599990606308 0.5448799729347229
4466 0.36785998940467834 0.5548499822616577
4467 0.37806999683380127 0.5625500082969666
4468 0.3881700038909912 0.569130003452301
4469 0.3978399932384491 0.5747799873352051
4470 0.4077799916267395 0.5797600150108337
4471 0.41822001338005066 0.5843999981880188
4472 0.4280700087547302 0.5893200039863586
4473 0.43702998757362366 0.5946900248527527
4474 0.4602699875831604 0.6258900165557861
4475 0.45875999331474304 0.6187400221824646
4476 0.4556399881839752 0.6119899749755859
4477 0.4446600079536438 0.6000699996948242
4478 0.4508900046348572 0.6057299971580505
4479 0.43323999643325806 0.6274399757385254
4480 0.4353100061416626 0.6277999877929688
4481 0.44110000133514404 0.6292399764060974
4482 0.4529300034046173 0.6324300169944763
4483 0.43345001339912415 0.6253100037574768
4484 0.4418500065803528 0.6249600052833557
4485 0.4358299970626831 0.6249899864196777
4486 0.4401099979877472 0.603879988193512
4487 0.4456999897956848 0.6086400151252747
4488 0.4498400092124939 0.6138700246810913
4489 0.4525099992752075 0.6196200251579285
4490 0.36438000202178955 0.6489499807357788
4491 0.3746500015258789 0.6496800184249878
4492 0.38561999797821045 0.6497200131416321
4493 0.3970299959182739 0.6501299738883972
4494 0.4078800082206726 0.6493300199508667
4495 0.41662999987602234 0.646589994430542
4496 0.42305999994277954 0.6430799961090088
4497 0.428849995136261 0.6392899751663208
4498 0.4333899915218353 0.635919988155365
4499 0.4363200068473816 0.6321099996566772
4500 0.43779999017715454 0.628350019454956
4501 0.43845000863075256 0.6248499751091003
4502 0.43838000297546387 0.6214200258255005
4503 0.4368700087070465 0.6182399988174438
4504 0.43366000056266785 0.6155700087547302
4505 0.4171600043773651 0.6092600226402283
4506 0.4092699885368347 0.6074000000953674
4507 0.4006600081920624 0.6059899926185608
4508 0.391620010137558 0.604960024356842
4509 0.3823600113391876 0.6041200160980225
4510 0.37275001406669617 0.60343998670578
4511 0.3628399968147278 0.6035000085830688
4512 0.3531799912452698 0.604960024356842
4513 0.3447900116443634 0.6075000166893005
4514 0.33816999197006226 0.6112800240516663
4515 0.3329100012779236 0.6165599822998047
4516 0.32916998863220215 0.623520016670227
4517 0.3314799964427948 0.6375200152397156
4518 0.3377299904823303 0.6418200135231018
4519 0.34549999237060547 0.6450499892234802
4520 0.35451000928878784 0.6473900079727173
4521 0.32745999097824097 0.631600022315979
4522 0.42340999841690063 0.6222500205039978
4523 0.42467001080513 0.6195499897003174
4524 0.4267899990081787 0.6162800192832947
4525 0.42925000190734863 0.6132199764251709
4526 0.4320800006389618 0.6103600263595581
4527 0.41975998878479004 0.6217899918556213
4528 0.4260700047016144 0.6073300242424011
4529 0.423799991607666 0.611050009727478
4530 0.421860009431839 0.6150000095367432
4531 0.4202600121498108 0.6190099716186523
4532 0.43467000126838684 0.6460000276565552
4533 0.4283599853515625 0.651449978351593
4534 0.43970000743865967 0.6412299871444702
4535 0.4438300132751465 0.636139988899231
4536 0.4463900029659271 0.6307299733161926
4537 0.44451001286506653 0.6155200004577637
4538 0.4465799927711487 0.6202999949455261
4539 0.44732001423835754 0.6254799962043762
4540 0.44078999757766724 0.6114000082015991
4541 0.43566998839378357 0.6074900031089783
4542 0.42114999890327454 0.6558099985122681
4543 0.41214999556541443 0.6597499847412109
4544 0.40101999044418335 0.6623499989509583
4545 0.3890700042247772 0.6627399921417236
4546 0.3772999942302704 0.6622200012207031
4547 0.36636000871658325 0.661050021648407
4548 0.355540007352829 0.658490002155304
4549 0.34529000520706177 0.6551200151443481
4550 0.3357900083065033 0.6502799987792969
4551 0.3271600008010864 0.6448000073432922
4552 0.3209500014781952 0.6391199827194214
4553 0.33748000860214233 0.6236699819564819
4554 0.33566999435424805 0.6236600279808044
4555 0.22979000210762024 0.7943650484085083
4556 0.3326700031757355 0.6237199902534485
4557 0.11983000487089157 0.9650300145149231
4558 0.12189999967813492 0.9649400115013123
4559 0.22964000701904297 0.7946799993515015
4560 0.336870014667511 0.6258100271224976
4561 0.33142998814582825 0.6290000081062317
4562 0.3347100019454956 0.6269299983978271
4563 0.45824000239372253 0.24288000166416168
4564 0.42017000913619995 0.25356999039649963
4565 0.38624998927116394 0.27098000049591064
4566 0.3594900071620941 0.2962400019168854
4567 0.33901000022888184 0.3269299864768982
4568 0.3264800012111664 0.3591800034046173
4569 0.3190700113773346 0.390390008687973
4570 0.31696999073028564 0.41964998841285706
4571 0.3193100094795227 0.4459500014781952
4572 0.3236300051212311 0.4683400094509125
4573 0.32905998826026917 0.48837000131607056
4574 0.3168100118637085 0.6389200091362
4575 0.31457000970840454 0.6389999985694885
4576 0.3111400008201599 0.6394199728965759
4577 0.3064599931240082 0.6402999758720398
4578 0.3002699911594391 0.6416900157928467
4579 0.2926599979400635 0.6435199975967407
4580 0.28387999534606934 0.6451200246810913
4581 0.2745699882507324 0.6472100019454956
4582 0.4314599931240082 0.6258699893951416
4583 0.4315899908542633 0.6274799704551697
4584 0.3355700373649597 0.7390567064285278
4585 0.3341900110244751 0.7386800050735474
4586 0.42948001623153687 0.6268100142478943
4587 0.42948001623153687 0.6273400187492371
4588 0.4903700053691864 0.5572599768638611
4589 0.4807099997997284 0.5561400055885315
4590 0.4720900058746338 0.5542100071907043
4591 0.46401000022888184 0.5515300035476685
4592 0.45631998777389526 0.5482100248336792
4593 0.450439989566803 0.5449399948120117
4594 0.44543999433517456 0.5424299836158752
4595 0.4401099979877472 0.5399799942970276
4596 0.43470001220703125 0.5366500020027161
4597 0.4297800064086914 0.5321699976921082
4598 0.42612001299858093 0.5271400213241577
4599 0.4232900142669678 0.5221999883651733
4600 0.4212000072002411 0.5159199833869934
4601 0.42006000876426697 0.5067999958992004
4602 0.4185599982738495 0.49709001183509827
4603 0.4151900112628937 0.487280011177063
4604 0.4102199971675873 0.4768100082874298
4605 0.4021899998188019 0.4666599929332733
4606 0.3952000141143799 0.4563100039958954
4607 0.3904699981212616 0.445609986782074
4608 0.3882400095462799 0.4345000088214874
4609 0.38870999217033386 0.4231100082397461
4610 0.3917100131511688 0.4116399884223938
4611 0.39719000458717346 0.4002099931240082
4612 0.40588000416755676 0.3892799913883209
4613 0.4170700013637543 0.3795199990272522
4614 0.42945998907089233 0.3715899884700775
4615 0.44332000613212585 0.3664399981498718
4616 0.4583899974822998 0.3637999892234802
4617 0.472790002822876 0.36256998777389526
4618 0.48649999499320984 0.3619700074195862
4619 0.4413900077342987 0.46873998641967773
4620 0.45583000779151917 0.46869000792503357
4621 0.46981000900268555 0.4685499966144562
4622 0.48431000113487244 0.4681200087070465
4623 0.44016000628471375 0.4775199890136719
4624 0.4547699987888336 0.475380003452301
4625 0.46926000714302063 0.47415998578071594
4626 0.4842199981212616 0.47336000204086304
4627 0.4165300130844116 0.623960018157959
4628 0.41054001450538635 0.623740017414093
4629 0.40160998702049255 0.623420000076294
4630 0.39114999771118164 0.6231899857521057
4631 0.3806700110435486 0.62295001745224
4632 0.3703399896621704 0.6226800084114075
4633 0.36083000898361206 0.622219979763031
4634 0.352620005607605 0.6221299767494202
4635 0.3461399972438812 0.6219800114631653
4636 0.34191998839378357 0.6219599843025208
4637 0.3398999869823456 0.6226500272750854
4638 0.339029997587204 0.6239100098609924
4639 0.33873000741004944 0.6251500248908997
4640 0.3393400013446808 0.6264500021934509
4641 0.34139999747276306 0.6276100277900696
4642 0.34586000442504883 0.6282200217247009
4643 0.352649986743927 0.6289299726486206
4644 0.36079999804496765 0.6297699809074402
4645 0.37026000022888184 0.6306899785995483
4646 0.38089001178741455 0.6311399936676025
4647 0.3924599885940552 0.6315000057220459
4648 0.4035399854183197 0.631380021572113
4649 0.41266000270843506 0.6310300230979919
4650 0.4194500148296356 0.63059002161026
4651 0.4242999851703644 0.6299999952316284
4652 0.4277600049972534 0.6292300224304199
4653 0.4294700026512146 0.6284800171852112
4654 0.43018999695777893 0.6275200247764587
4655 0.4301699995994568 0.6264399886131287
4656 0.42961999773979187 0.6256399750709534
4657 0.4280500113964081 0.6251299977302551
4658 0.4253999888896942 0.6247400045394897
4659 0.4225600063800812 0.6246200203895569
4660 0.41990000009536743 0.6242600083351135
4661 0.24358999729156494 0.08483999967575073
4662 0.24174000322818756 0.07037000358104706
4663 0.21855999529361725 0.08389999717473984
4664 0.21604999899864197 0.10317999869585037
4665 0.12681999802589417 0.35842999815940857
4666 0.1422799974679947 0.3171199858188629
4667 0.12144999951124191 0.32624000310897827
4668 0.1094600036740303 0.365119993686676
4669 0.11225999891757965 0.40171000361442566
4670 0.0997999981045723 0.4053899943828583
4671 0.08553999662399292 0.6298099756240845
4672 0.09057000279426575 0.6675300002098083
4673 0.1001100018620491 0.6653299927711487
4674 0.094200000166893 0.6281800270080566
4675 0.17655999958515167 0.24563999474048615
4676 0.19370000064373016 0.21341000497341156
4677 0.16245999932289124 0.22532999515533447
4678 0.1475600004196167 0.2567700147628784
4679 0.23075999319553375 0.15520000457763672
4680 0.24401000142097473 0.12635000050067902
4681 0.20577000081539154 0.14535999298095703
4682 0.195250004529953 0.17090000212192535
4683 0.21267999708652496 0.18419000506401062
4684 0.1795700043439865 0.19745999574661255
4685 0.15945999324321747 0.2797499895095825
4686 0.13338999450206757 0.2896600067615509
4687 0.2629700005054474 0.969789981842041
4688 0.1888899952173233 0.9457600116729736
4689 0.21182000637054443 0.12349999696016312
4690 0.2458299994468689 0.10395000129938126
4691 0.18682999908924103 0.8399500250816345
4692 0.17688000202178955 0.8197900056838989
4693 0.1639299988746643 0.8153899908065796
4694 0.1663299947977066 0.8270999789237976
4695 0.14917999505996704 0.798799991607666
4696 0.16017000377178192 0.7974900007247925
4697 0.20716999471187592 0.8786799907684326
4698 0.19662000238895416 0.8598600029945374
4699 0.1694899946451187 0.8428000211715698
4700 0.17340999841690063 0.8604699969291687
4701 0.10089000314474106 0.7064200043678284
4702 0.11460000276565552 0.7423099875450134
4703 0.1264200061559677 0.7413600087165833
4704 0.11163000017404556 0.7043700218200684
4705 0.1314300000667572 0.7726399898529053
4706 0.14385999739170074 0.7711300253868103
4707 0.18991999328136444 0.92808997631073
4708 0.25648999214172363 0.950469970703125
4709 0.17861999571323395 0.8775799870491028
4710 0.21977999806404114 0.8959500193595886
4711 0.245619997382164 0.9320099949836731
4712 0.18791000545024872 0.9109399914741516
4713 0.2323099970817566 0.9135199785232544
4714 0.1839500069618225 0.8942199945449829
4715 0.09292999655008316 0.5946999788284302
4716 0.08422999829053879 0.5937899947166443
4717 0.096220001578331 0.527970016002655
4718 0.09939000010490417 0.4901700019836426
4719 0.090379998087883 0.48923999071121216
4720 0.08741000294685364 0.5259199738502502
4721 0.08539000153541565 0.5596799850463867
4722 0.09432999789714813 0.5618399977684021
4723 0.21828000247478485 0.013159999623894691
4724 0.21595999598503113 0.008070000447332859
4725 0.20826999843120575 0.008070000447332859
4726 0.2096399962902069 0.014539999887347221
4727 0.21929000318050385 0.06740999966859818
4728 0.23778000473976135 0.056460000574588776
4729 0.2178799957036972 0.05150999873876572
4730 0.23330000042915344 0.04303999990224838
4731 0.22717000544071198 0.03123999945819378
4732 0.2154099941253662 0.037470001727342606
4733 0.21229000389575958 0.024949999526143074
4734 0.22176000475883484 0.02127999998629093
4735 0.10412000119686127 0.4459899961948395
4736 0.09369000047445297 0.4458000063896179
4737 0.18678000569343567 0.1137000024318695
4738 0.13255000114440918 0.11745999753475189
4739 0.15929000079631805 0.11963000148534775
4740 0.07603000104427338 0.1038300022482872
4741 0.04242999851703644 0.1047699972987175
4742 0.10339000076055527 0.10476000607013702
4743 0.19296999275684357 0.09437999874353409
4744 0.16710999608039856 0.09888000041246414
4745 0.14300000667572021 0.0957299992442131
4746 0.12115000188350677 0.08433999866247177
4747 0.10434000194072723 0.06345000118017197
4748 0.08901000022888184 0.07283999770879745
4749 0.07096999883651733 0.07530999928712845
4750 0.039400000125169754 0.07665000110864639
4751 0.07575999945402145 0.593209981918335
4752 0.0786300003528595 0.5245000123977661
4753 0.09418000280857086 0.3712100088596344
4754 0.10220000147819519 0.33417999744415283
4755 0.08810000121593475 0.40950000286102295
4756 0.09099999815225601 0.7071499824523926
4757 0.07687000185251236 0.6298900246620178
4758 0.05525000020861626 0.35210999846458435
4759 0.052889999002218246 0.38554999232292175
4760 0.02435999922454357 0.3895699977874756
4761 0.024960000067949295 0.3576599955558777
4762 0.0698700025677681 0.5236600041389465
4763 0.06762000173330307 0.5922099947929382
4764 0.08392000198364258 0.4476200044155121
4765 0.07416000217199326 0.452210009098053
4766 0.07625000178813934 0.41411998867988586
4767 0.08529999852180481 0.3413200080394745
4768 0.08006999641656876 0.37683001160621643
4769 0.0685499981045723 0.628849983215332
4770 0.05130999907851219 0.4554600119590759
4771 0.050289999693632126 0.5229399800300598
4772 0.024550000205636024 0.5211899876594543
4773 0.024299999698996544 0.45548999309539795
4774 0.05135999992489815 0.42048999667167664
4775 0.04853000119328499 0.5881199836730957
4776 0.04861000180244446 0.6232699751853943
4777 0.023840000852942467 0.6173099875450134
4778 0.02556999959051609 0.6858999729156494
4779 0.08121000230312347 0.707260012626648
4780 0.05468999966979027 0.6984800100326538
4781 0.02411000058054924 0.421889990568161
4782 0.023930000141263008 0.5840299725532532
4783 0.06379999965429306 0.289249986410141
4784 0.02785000018775463 0.2958599925041199
4785 0.029920000582933426 0.2658100128173828
4786 0.08946000039577484 0.25450000166893005
4787 0.12283000349998474 0.2683899998664856
4788 0.1011900007724762 0.2775999903678894
4789 0.1106799989938736 0.24794000387191772
4790 0.13499000668525696 0.23823000490665436
4791 0.1718199998140335 0.15985000133514404
4792 0.14169000089168549 0.1674399971961975
4793 0.15086999535560608 0.1430100053548813
4794 0.17990000545978546 0.13628000020980835
4795 0.12426000088453293 0.14237000048160553
4796 0.11509999632835388 0.16906000673770905
4797 0.16110000014305115 0.18476000428199768
4798 0.13136999309062958 0.1929900050163269
4799 0.10612999647855759 0.19682000577449799
4800 0.12031000107526779 0.22000999748706818
4801 0.09717000275850296 0.22582000494003296
4802 0.14810000360012054 0.21083000302314758
4803 0.03223999962210655 0.23443999886512756
4804 0.05883000046014786 0.32008999586105347
4805 0.02604999952018261 0.3264800012111664
4806 0.09218999743461609 0.30831998586654663
4807 0.11175999790430069 0.29997000098228455
4808 0.03392000123858452 0.2015399932861328
4809 0.05838000029325485 0.19774000346660614
4810 0.08230999857187271 0.1975100040435791
4811 0.060589998960494995 0.15857000648975372
4812 0.10475999861955643 0.7444499731063843
4813 0.09557999670505524 0.748449981212616
4814 0.02944999933242798 0.7257300019264221
4815 0.061900001019239426 0.7387700080871582
4816 0.08202999830245972 0.8604699969291687
4817 0.12758000195026398 0.9075000286102295
4818 0.13910000026226044 0.8795599937438965
4819 0.1439100056886673 0.8061500191688538
4820 0.12276999652385712 0.7775400280952454
4821 0.14047999680042267 0.8333799839019775
4822 0.04764999821782112 0.12985000014305115
4823 0.08904000371694565 0.16617000102996826
4824 0.07353000342845917 0.12952999770641327
4825 0.09745000302791595 0.13691000640392303
4826 0.14121000468730927 0.818149983882904
4827 0.05200999975204468 0.81072998046875
4828 0.04025999829173088 0.35558000206947327
4829 0.03880000114440918 0.3882000148296356
4830 0.038440000265836716 0.45607998967170715
4831 0.03816999867558479 0.5220400094985962
4832 0.03692999854683876 0.5860400199890137
4833 0.03815999999642372 0.4219000041484833
4834 0.03685000166296959 0.6203600168228149
4835 0.04050999879837036 0.6913300156593323
4836 0.049949999898672104 0.2628999948501587
4837 0.04608000069856644 0.29322999715805054
4838 0.054260000586509705 0.2315800040960312
4839 0.042660001665353775 0.32405999302864075
4840 0.13476000726222992 0.8931699991226196
4841 0.04529999941587448 0.7300699949264526
4842 0.09371999651193619 0.8517100214958191
4843 0.0676800012588501 0.808650016784668
4844 0.06949999928474426 0.2591400146484375
4845 0.0756400004029274 0.22904999554157257
4846 0.06654000282287598 0.3817499876022339
4847 0.0700099989771843 0.34727999567985535
4848 0.06397999823093414 0.41804999113082886
4849 0.06313999742269516 0.45430999994277954
4850 0.060669999569654465 0.5233100056648254
4851 0.058800000697374344 0.5904899835586548
4852 0.05931999906897545 0.6264700293540955
4853 0.06949999928474426 0.7061100006103516
4854 0.0839100033044815 0.7562400102615356
4855 0.08179999887943268 0.28411000967025757
4856 0.0750499963760376 0.31481999158859253
4857 0.14063000679016113 0.849810004234314
4858 0.14056000113487244 0.8654599785804749
4859 0.10286000370979309 0.8433200120925903
4860 0.10852999985218048 0.8335000276565552
4861 0.0812000036239624 0.8082399964332581
4862 0.0912800058722496 0.8098400831222534
4863 0.1164499968290329 0.7861400246620178
4864 0.11130999773740768 0.7994099855422974
4865 0.036740001291036606 0.7658200263977051
4866 0.05327000096440315 0.7684100270271301
4867 0.06965000182390213 0.7748799920082092
4868 0.08748999983072281 0.7897899746894836
4869 0.11017999798059464 0.8178899884223938
4870 0.07680000364780426 0.558210015296936
4871 0.04932999983429909 0.5550900101661682
4872 0.05962999910116196 0.5564200282096863
4873 0.06851000338792801 0.5572299957275391
4874 0.024240000173449516 0.5525000095367432
4875 0.03753000125288963 0.5537700057029724
4876 0.08160000294446945 0.008070000447332859
4877 0.07119999825954437 0.008070000447332859
4878 0.07382000237703323 0.022590000182390213
4879 0.08539000153541565 0.021649999544024467
4880 0.06097999960184097 0.008070000447332859
4881 0.06224999949336052 0.02305999957025051
4882 0.050050001591444016 0.008070000447332859
4883 0.0500900000333786 0.023520000278949738
4884 0.03743999823927879 0.008070000447332859
4885 0.03725999966263771 0.023989999666810036
4886 0.02483000047504902 0.008070000447332859
4887 0.023910000920295715 0.024569999426603317
4888 0.09635999798774719 0.01962999999523163
4889 0.10672999918460846 0.01696999929845333
4890 0.10226999968290329 0.008070000447332859
4891 0.09176000207662582 0.008070000447332859
4892 0.19937999546527863 0.01566999964416027
4893 0.19920000433921814 0.008070000447332859
4894 0.1872200071811676 0.008070000447332859
4895 0.18585999310016632 0.016419999301433563
4896 0.16964000463485718 0.008070000447332859
4897 0.16870999336242676 0.016909999772906303
4898 0.1527000069618225 0.008070000447332859
4899 0.15192000567913055 0.016170000657439232
4900 0.13819999992847443 0.008070000447332859
4901 0.1378999948501587 0.015039999969303608
4902 0.12675000727176666 0.014390000142157078
4903 0.1258700042963028 0.008070000447332859
4904 0.11437000334262848 0.008070000447332859
4905 0.11687999963760376 0.01513999979943037
4906 0.09286999702453613 0.04179000109434128
4907 0.07960999757051468 0.04594000056385994
4908 0.06560999900102615 0.04755999892950058
4909 0.05164000019431114 0.04820000007748604
4910 0.037700001150369644 0.04871999844908714
4911 0.023579999804496765 0.04975000023841858
4912 0.15154999494552612 0.07579000294208527
4913 0.17452000081539154 0.07902999967336655
4914 0.1981000006198883 0.07579000294208527
4915 0.10440000146627426 0.03568999841809273
4916 0.11584000289440155 0.05201999843120575
4917 0.13154000043869019 0.06633000075817108
4918 0.1390099972486496 0.0516900010406971
4919 0.12466999888420105 0.0415400005877018
4920 0.2002599984407425 0.05820000171661377
4921 0.1792300045490265 0.061170000582933426
4922 0.1575399935245514 0.05868000164628029
4923 0.11409000307321548 0.029360000044107437
4924 0.12213999778032303 0.02419999986886978
4925 0.1314300000667572 0.032430000603199005
4926 0.20079000294208527 0.0423399992287159
4927 0.18256999552249908 0.04495999962091446
4928 0.16248999536037445 0.043800000101327896
4929 0.1449500024318695 0.03926999866962433
4930 0.18460999429225922 0.029759999364614487
4931 0.1492999941110611 0.027400000020861626
4932 0.1360500007867813 0.023840000852942467
4933 0.12793999910354614 0.020670000463724136
4934 0.1662999987602234 0.029759999364614487
4935 0.20011000335216522 0.027890000492334366
4936 0.024229999631643295 0.6510400176048279
4937 0.03799999877810478 0.6544899940490723
4938 0.05056000128388405 0.6594700217247009
4939 0.06255999952554703 0.6643499732017517
4940 0.07264000177383423 0.666949987411499
4941 0.08137000352144241 0.6677299737930298
4942 0.08123999834060669 0.48938000202178955
4943 0.07197999954223633 0.48980000615119934
4944 0.06210999935865402 0.49000999331474304
4945 0.05121999979019165 0.49004000425338745
4946 0.03878000006079674 0.4899100065231323
4947 0.02484999969601631 0.48899999260902405
4948 0.26822999119758606 0.0649000033736229
4949 0.2853499948978424 0.0427200011909008
4950 0.29673999547958374 0.008070000447332859
4951 0.29388999938964844 0.02184000052511692
4952 0.28126001358032227 0.008070000447332859
4953 0.279339998960495 0.02037999965250492
4954 0.27265000343322754 0.037629999220371246
4955 0.25995999574661255 0.054749999195337296
4956 0.2647800147533417 0.28773999214172363
4957 0.22745999693870544 0.3330399990081787
4958 0.10409999638795853 0.5303900241851807
4959 0.10074000060558319 0.5948699712753296
4960 0.3223400115966797 0.23848000168800354
4961 0.3899900019168854 0.20541000366210938
4962 0.18752999603748322 0.27070000767707825
4963 0.1681700050830841 0.30910998582839966
4964 0.24431000649929047 0.2537199854850769
4965 0.21879999339580536 0.2944900095462799
4966 0.22639000415802002 0.20437000691890717
4967 0.2067600041627884 0.23532000184059143
4968 0.2945399880409241 0.1887200027704239
4969 0.36748000979423523 0.16895000636577606
4970 0.3492499887943268 0.19913999736309052
4971 0.2719700038433075 0.21987999975681305
4972 0.41130000352859497 0.15791000425815582
4973 0.4007200002670288 0.18355000019073486
4974 0.4498099982738495 0.1731099933385849
4975 0.4540500044822693 0.1482599973678589
4976 0.28937003016471863 0.09855999797582626
4977 0.26820001006126404 0.14100000262260437
4978 0.335889995098114 0.12400999665260315
4979 0.3151499927043915 0.1577800065279007
4980 0.24769000709056854 0.17470000684261322
4981 0.3835499882698059 0.14063000679016113
4982 0.4220300018787384 0.1319199949502945
4983 0.4607299864292145 0.12466000020503998
4984 0.44668999314308167 0.19309000670909882
4985 0.39754000306129456 0.11255999654531479
4986 0.46494001150131226 0.10103999823331833
4987 0.430759996175766 0.10716000199317932
4988 0.35585999488830566 0.08857999742031097
4989 0.4379900097846985 0.08167999982833862
4990 0.4099000096321106 0.08315999805927277
4991 0.46827998757362366 0.07824999839067459
4992 0.11458999663591385 0.44951000809669495
4993 0.1289599984884262 0.40182000398635864
4994 0.20667000114917755 0.8481000065803528
4995 0.23907999694347382 0.8879899978637695
4996 0.22648000717163086 0.8504599928855896
4997 0.2676999866962433 0.890209972858429
4998 0.25878000259399414 0.9051499962806702
4999 0.29249998927116394 0.9062700271606445
5000 0.3499999940395355 0.9758700132369995
5001 0.43174999952316284 0.963670015335083
5002 0.3014400005340576 0.938480019569397
5003 0.326990008354187 0.9569200277328491
5004 0.3498699963092804 0.9345999956130981
5005 0.3867799937725067 0.9497100114822388
5006 0.19224999845027924 0.823390007019043
5007 0.20893000066280365 0.825160026550293
5008 0.1906999945640564 0.7984099984169006
5009 0.17461000382900238 0.7980599999427795
5010 0.1575399935245514 0.7701399922370911
5011 0.17305000126361847 0.7703800201416016
5012 0.19460000097751617 0.33570998907089233
5013 0.14642000198364258 0.3515399992465973
5014 0.14097000658512115 0.7405999898910522
5015 0.10197000205516815 0.625
5016 0.12469001114368439 0.6993499994277954
5017 0.18883000314235687 0.7704100012779236
5018 0.2061000019311905 0.7972800135612488
5019 0.22513000667095184 0.8247500061988831
5020 0.24597999453544617 0.8490899801254272
5021 0.29308000206947327 0.8868200182914734
5022 0.31995001435279846 0.90065997838974
5023 0.37872999906539917 0.9223600029945374
5024 0.4153900146484375 0.9329299926757812
5025 0.45565998554229736 0.940530002117157
5026 0.1577800065279007 0.7430599927902222
5027 0.20446999371051788 0.37105000019073486
5028 0.17734000086784363 0.3723900020122528
5029 0.27768999338150024 0.0776899978518486
5030 0.4642699956893921 0.919510006904602
5031 0.4305199980735779 0.9152500033378601
5032 0.22085000574588776 0.7952100038528442
5033 0.2415200024843216 0.8238999843597412
5034 0.20374999940395355 0.768779993057251
5035 0.1737300008535385 0.744350016117096
5036 0.18862000107765198 0.7433199882507324
5037 0.14607000350952148 0.7125300168991089
5038 0.16286000609397888 0.7177299857139587
5039 0.1772499978542328 0.7185900211334229
5040 0.39855000376701355 0.9088900089263916
5041 0.3406299948692322 0.8914600014686584
5042 0.2639699876308441 0.8460299968719482
5043 0.3130300045013428 0.8800699710845947
5044 0.4724400043487549 0.0530799999833107
5045 0.42076000571250916 0.05437999963760376
5046 0.44602999091148376 0.054590001702308655
5047 0.3705100119113922 0.053369998931884766
5048 0.3204300105571747 0.05211000144481659
5049 0.3008899986743927 0.04763999953866005
5050 0.374889999628067 0.025359999388456345
5051 0.3298400044441223 0.02370000071823597
5052 0.4249599874019623 0.027370000258088112
5053 0.44988998770713806 0.027249999344348907
5054 0.4753200113773346 0.026639999821782112
5055 0.424560010433197 0.008070000447332859
5056 0.4500899910926819 0.008089999668300152
5057 0.47558000683784485 0.008050000295042992
5058 0.3747900128364563 0.008070000447332859
5059 0.3107599914073944 0.0228899996727705
5060 0.31400999426841736 0.008070000447332859
5061 0.3322699964046478 0.008070000447332859
5062 0.22205999493598938 0.8686800003051758
5063 0.24584999680519104 0.871649980545044
5064 0.2685999870300293 0.8694800138473511
5065 0.28773000836372375 0.8645700216293335
5066 0.2781600058078766 0.9216300249099731
5067 0.31843000650405884 0.9204000234603882
5068 0.3479900062084198 0.9120000004768372
5069 0.36880001425743103 0.9009100198745728
5070 0.15542000532150269 0.6940299868583679
5071 0.1685200035572052 0.6958600282669067
5072 0.10668999701738358 0.5932000279426575
5073 0.10843999683856964 0.6188700199127197
5074 0.12525999546051025 0.6719300150871277
5075 0.14057999849319458 0.6866700053215027
5076 0.10216999799013138 0.5638300180435181
5077 0.12044999748468399 0.4592300057411194
5078 0.10915999859571457 0.5313799977302551
5079 0.16627000272274017 0.40354999899864197
5080 0.18869000673294067 0.40143999457359314
5081 0.2650099992752075 0.018370000645518303
5082 0.26583001017570496 0.008070000447332859
5083 0.25176000595092773 0.008070000447332859
5084 0.2513900101184845 0.016920000314712524
5085 0.2382200062274933 0.008070000447332859
5086 0.23827999830245972 0.014279999770224094
5087 0.22717000544071198 0.012539999559521675
5088 0.22559000551700592 0.008070000447332859
5089 0.2608500123023987 0.032579999417066574
5090 0.2525799870491028 0.044429998844861984
5091 0.24754999577999115 0.03180000185966492
5092 0.2355699986219406 0.023320000618696213
5093 0.2281399965286255 0.018360000103712082
5094 0.10818000137805939 0.6589400172233582
5095 0.11354999989271164 0.6472799777984619
5096 0.10780999809503555 0.565030038356781
5097 0.11311999708414078 0.49413999915122986
5098 0.10739000141620636 0.492220014333725
5099 0.13348999619483948 0.43410998582839966
5100 0.35214999318122864 0.008070000447332859
5101 0.3511900007724762 0.024809999391436577
5102 0.34463998675346375 0.05313999950885773
5103 0.32506999373435974 0.09249000251293182
5104 0.30272001028060913 0.1309099942445755
5105 0.2818399965763092 0.16571000218391418
5106 0.260699987411499 0.19678999483585358
5107 0.2375199943780899 0.22693000733852386
5108 0.21588000655174255 0.2622300088405609
5109 0.19444000720977783 0.3020400106906891
5110 0.1721699982881546 0.3431900143623352
5111 0.1554100066423416 0.38300999999046326
5112 0.150969997048378 0.41479000449180603
5113 0.1787700057029724 0.3994799852371216
5114 0.19272999465465546 0.36886999011039734
5115 0.21312999725341797 0.3318699896335602
5116 0.24186000227928162 0.28819000720977783
5117 0.27838999032974243 0.24683000147342682
5118 0.3079499900341034 0.21121999621391296
5119 0.329010009765625 0.1798499971628189
5120 0.3474999964237213 0.149509996175766
5121 0.36682000756263733 0.11852999776601791
5122 0.38374000787734985 0.08538000285625458
5123 0.3966600000858307 0.053599998354911804
5124 0.4002099931240082 0.02631000056862831
5125 0.3996500074863434 0.008070000447332859
5126 0.024289999157190323 0.07873000204563141
5127 0.02589000016450882 0.10949999839067459
5128 0.0291300006210804 0.13788999617099762
5129 0.03320999816060066 0.16835999488830566
5130 0.059620004147291183 0.12070000171661377
5131 0.05793999880552292 0.10211999714374542
5132 0.0546099990606308 0.07568000257015228
5133 0.7528900504112244 0.4052400290966034
5134 0.740630030632019 0.4088900089263916
5135 0.7318100333213806 0.379800021648407
5136 0.7428399324417114 0.37474000453948975
5137 0.7557000517845154 0.37422001361846924
5138 0.7260199189186096 0.34031999111175537
5139 0.7396799325942993 0.3397800326347351
5140 0.6872800588607788 0.7541599869728088
5141 0.6918699741363525 0.7400100231170654
5142 0.7057200074195862 0.7371100783348083
5143 0.7015600204467773 0.7520999908447266
5144 0.6964300870895386 0.7675899863243103
5145 0.7156100273132324 0.748680055141449
5146 0.7109799981117249 0.7649899125099182
5147 0.7087100744247437 0.7231600284576416
5148 0.7208600044250488 0.7189899682998657
5149 0.7186799645423889 0.7332900762557983
5150 0.7310600280761719 0.7280999422073364
5151 0.7288900017738342 0.743690013885498
5152 0.7472800612449646 0.43661001324653625
5153 0.7351799607276917 0.44152000546455383
5154 0.7290500402450562 0.41512006521224976
5155 0.6778699159622192 0.7417200803756714
5156 0.6822599768638611 0.7288900017738342
5157 0.6957999467849731 0.7263399362564087
5158 0.6987900137901306 0.7137599587440491
5159 0.7110099792480469 0.7100600600242615
5160 0.5103600025177002 0.8205999732017517
5161 0.5 0.8106099367141724
5162 0.5100100040435791 0.8012199997901917
5163 0.5204400420188904 0.8104199767112732
5164 0.7400599122047424 0.46712997555732727
5165 0.727840006351471 0.47179001569747925
5166 0.7244500517845154 0.4476799964904785
5167 0.7176600098609924 0.47679999470710754
5168 0.7320299744606018 0.49709004163742065
5169 0.7206300497055054 0.49977996945381165
5170 0.5198100209236145 0.7923399209976196
5171 0.5291399955749512 0.7839000225067139
5172 0.5394200682640076 0.7921599745750427
5173 0.5300999283790588 0.8010300397872925
5174 0.5192000269889832 0.7758200168609619
5175 0.5097499489784241 0.7838799953460693
5176 0.5 0.7757200598716736
5177 0.5096099972724915 0.7678999900817871
5178 0.5 0.7923399209976196
5179 0.7336400747299194 0.699709951877594
5180 0.7326499223709106 0.7135000228881836
5181 0.7225499749183655 0.705530047416687
5182 0.7441999912261963 0.7070699334144592
5183 0.7431999444961548 0.7218099236488342
5184 0.7237900495529175 0.6925200819969177
5185 0.7129899263381958 0.6976400017738342
5186 0.5313500761985779 0.8201399445533752
5187 0.5409600138664246 0.8099299669265747
5188 0.5281199812889099 0.7679600119590759
5189 0.5380899906158447 0.7757800817489624
5190 0.5109900832176208 0.8430899977684021
5191 0.5230000019073486 0.8542199730873108
5192 0.5120900273323059 0.8655300140380859
5193 0.5 0.854640007019043
5194 0.5331500172615051 0.842460036277771
5195 0.5213499665260315 0.8314200043678284
5196 0.5429800152778625 0.8305798768997192
5197 0.5 0.8316799402236938
5198 0.7256100177764893 0.7601799964904785
5199 0.7203699350357056 0.7771800756454468
5200 0.705079972743988 0.7813000082969666
5201 0.741599977016449 0.7373499870300293
5202 0.739319920539856 0.7537699341773987
5203 0.7499399781227112 0.5215799808502197
5204 0.7358099222183228 0.5239099860191345
5205 0.7445899248123169 0.4937300384044647
5206 0.7570499777793884 0.54680997133255
5207 0.7630700469017029 0.514710009098053
5208 0.7687400579452515 0.5376999974250793
5209 0.7552700042724609 0.7149099707603455
5210 0.754129946231842 0.7303699851036072
5211 0.5461999773979187 0.8526800870895386
5212 0.536300003528595 0.8642700910568237
5213 0.735710084438324 0.7707499861717224
5214 0.75232994556427 0.7464199662208557
5215 0.7499299645423889 0.7630800604820251
5216 0.6733899712562561 0.7546400427818298
5217 0.6598600745201111 0.7537999749183655
5218 0.664609968662262 0.7419300079345703
5219 0.7137699723243713 0.7937499284744263
5220 0.730120062828064 0.7879400253295898
5221 0.6823899745941162 0.7682399749755859
5222 0.6682800650596619 0.7676300406455994
5223 0.6543200016021729 0.7658900618553162
5224 0.6409000754356384 0.763140082359314
5225 0.6469299793243408 0.7518900632858276
5226 0.6335399746894836 0.7745099663734436
5227 0.6201600432395935 0.7700300216674805
5228 0.6279399991035461 0.7594500184059143
5229 0.6472399830818176 0.7782100439071655
5230 0.6615300178527832 0.7808799743652344
5231 0.6250800490379333 0.7856600284576416
5232 0.6389399170875549 0.7903199791908264
5233 0.5806599259376526 0.7911400198936462
5234 0.5713899731636047 0.7999100089073181
5235 0.5596099495887756 0.7917299866676331
5236 0.5687100291252136 0.7832899689674377
5237 0.5485900044441223 0.7837100028991699
5238 0.550290048122406 0.8005499839782715
5239 0.5836400389671326 0.8082500100135803
5240 0.5741999745368958 0.8180599808692932
5241 0.5619099736213684 0.809130072593689
5242 0.5525599122047424 0.8192099928855896
5243 0.5774000287055969 0.7750600576400757
5244 0.5574999451637268 0.7754999399185181
5245 0.5659800171852112 0.7674000263214111
5246 0.6297100186347961 0.8019300103187561
5247 0.6199600100517273 0.8125399947166443
5248 0.6059200167655945 0.8060699701309204
5249 0.6156899929046631 0.7961900234222412
5250 0.5468299984931946 0.7677899599075317
5251 0.6022199988365173 0.7899399399757385
5252 0.6114599704742432 0.7803500890731812
5253 0.5982999801635742 0.7742199897766113
5254 0.6069899201393127 0.764769971370697
5255 0.585860013961792 0.7670000791549683
5256 0.5895400047302246 0.7828099727630615
5257 0.5929999947547913 0.7989100813865662
5258 0.5964499115943909 0.8160099983215332
5259 0.7530599236488342 0.6070799827575684
5260 0.7473000884056091 0.5929200053215027
5261 0.755829930305481 0.579460084438324
5262 0.7622900009155273 0.5958700180053711
5263 0.7470599412918091 0.561739981174469
5264 0.7650700211524963 0.5673999786376953
5265 0.7747300863265991 0.5576000213623047
5266 0.7790399193763733 0.5306599736213684
5267 0.7837200164794922 0.5496500134468079
5268 0.767520010471344 0.6110400557518005
5269 0.7714300155639648 0.5849499702453613
5270 0.7767199873924255 0.6008899807929993
5271 0.7803599834442139 0.575160026550293
5272 0.7810100317001343 0.6158599853515625
5273 0.7850900292396545 0.5912299752235413
5274 0.7892399430274963 0.6063399910926819
5275 0.7526899576187134 0.46261000633239746
5276 0.7578300833702087 0.48879000544548035
5277 0.5154799818992615 0.9021100401878357
5278 0.5 0.8942399621009827
5279 0.5135499835014343 0.8843098878860474
5280 0.5287500023841858 0.8921499848365784
5281 0.5455699563026428 0.8995299935340881
5282 0.5404700636863708 0.8821700811386108
5283 0.5567999482154846 0.8891400694847107
5284 0.5255399346351624 0.8741799592971802
5285 0.5 0.8757399916648865
5286 0.5510299801826477 0.871910035610199
5287 0.774179995059967 0.7775000333786011
5288 0.7586100101470947 0.7876400351524353
5289 0.761479914188385 0.7711400389671326
5290 0.7756500244140625 0.7620100378990173
5291 0.7634800672531128 0.7548900246620178
5292 0.7465000152587891 0.7798600196838379
5293 0.7543900012969971 0.8048900365829468
5294 0.7357500791549683 0.8146299719810486
5295 0.7413500547409058 0.7968100309371948
5296 0.7236899733543396 0.8044099807739258
5297 0.7665700316429138 0.7231000661849976
5298 0.7652100324630737 0.7388600707054138
5299 0.7781199812889099 0.7310400009155273
5300 0.7770199775695801 0.7465199828147888
5301 0.7904800772666931 0.737619936466217
5302 0.7898999452590942 0.7523799538612366
5303 0.6104199886322021 0.8227900862693787
5304 0.6338199973106384 0.8183001279830933
5305 0.6252499222755432 0.8288799524307251
5306 0.5649899840354919 0.8288699388504028
5307 0.555649995803833 0.8407400846481323
5308 0.5873499512672424 0.8264899849891663
5309 0.5784800052642822 0.8377500176429749
5310 0.5695900321006775 0.8496599793434143
5311 0.5605199933052063 0.8615199327468872
5312 0.6015999913215637 0.8336800336837769
5313 0.5931300520896912 0.8453000783920288
5314 0.5846900343894958 0.8572598695755005
5315 0.5761299729347229 0.8682699799537659
5316 0.5669699311256409 0.8788899779319763
5317 0.6009299755096436 0.8636899590492249
5318 0.5927700400352478 0.87527996301651
5319 0.6168699860572815 0.8400999307632446
5320 0.6088799834251404 0.851830005645752
5321 0.6258000731468201 0.8573799729347229
5322 0.6184000372886658 0.8690000176429749
5323 0.5841699242591858 0.8854599595069885
5324 0.5746999382972717 0.8958300352096558
5325 0.6763700842857361 0.7823399901390076
5326 0.6682299971580505 0.7962799668312073
5327 0.6531000137329102 0.7940400838851929
5328 0.69076007604599 0.7826799750328064
5329 0.6837100386619568 0.7970600128173828
5330 0.6986099481582642 0.7964900732040405
5331 0.7069799900054932 0.8087000250816345
5332 0.6908899545669556 0.8106599450111389
5333 0.6409199833869934 0.8340600728988647
5334 0.6485700011253357 0.8223199844360352
5335 0.6652999520301819 0.8245200514793396
5336 0.6574699878692627 0.8375998735427856
5337 0.643809974193573 0.8065800070762634
5338 0.6583700180053711 0.8096799850463867
5339 0.6743999123573303 0.8110499978065491
5340 0.7179499268531799 0.8191900253295898
5341 0.6992599964141846 0.8243099451065063
5342 0.6750000715255737 0.8390999436378479
5343 0.6690599918365479 0.8521400094032288
5344 0.650629997253418 0.8501200079917908
5345 0.6331999897956848 0.8458300232887268
5346 0.6439800262451172 0.8618401288986206
5347 0.6819300055503845 0.8254899978637695
5348 0.6933199167251587 0.8382900953292847
5349 0.7312499284744263 0.8297600150108337
5350 0.712160050868988 0.8351298570632935
5351 0.6633800864219666 0.864389955997467
5352 0.6573900580406189 0.8755398988723755
5353 0.6371799111366272 0.8730000853538513
5354 0.6882200241088867 0.8515900373458862
5355 0.683440089225769 0.8641200065612793
5356 0.7078199982643127 0.8485599160194397
5357 0.6108300089836121 0.880340039730072
5358 0.6030200123786926 0.8912500739097595
5359 0.6302800178527832 0.8839701414108276
5360 0.7335299849510193 0.6731900572776794
5361 0.7339900732040405 0.6863099336624146
5362 0.7241300344467163 0.6799899339675903
5363 0.7441600561141968 0.6792799234390259
5364 0.7445100545883179 0.6930199265480042
5365 0.7555599808692932 0.6857699751853943
5366 0.7557799816131592 0.7000899910926819
5367 0.7676400542259216 0.6926100254058838
5368 0.7674399614334106 0.7076200842857361
5369 0.753089964389801 0.6577300429344177
5370 0.7546500563621521 0.6716799736022949
5371 0.7430700659751892 0.6657500267028809
5372 0.7412099838256836 0.6526100039482117
5373 0.7322400808334351 0.6606299877166748
5374 0.7657199501991272 0.6632800102233887
5375 0.7670400142669678 0.6778699159622192
5376 0.7716799378395081 0.6253700256347656
5377 0.7611399292945862 0.6349000334739685
5378 0.7574800848960876 0.6211299896240234
5379 0.7478099465370178 0.6307799816131592
5380 0.7441600561141968 0.6178699135780334
5381 0.7848700881004333 0.6298499703407288
5382 0.7747700214385986 0.6393199563026428
5383 0.779670000076294 0.7001299858093262
5384 0.7790499329566956 0.71548992395401
5385 0.7791200280189514 0.6693700551986694
5386 0.7797699570655823 0.6848599910736084
5387 0.7918900847434998 0.6774899959564209
5388 0.791689932346344 0.6929100751876831
5389 0.7913399338722229 0.7077499628067017
5390 0.7908200621604919 0.7226900458335876
5391 0.8031700849533081 0.6859699487686157
5392 0.803100049495697 0.7001000046730042
5393 0.8031100630760193 0.7140499353408813
5394 0.803059995174408 0.7278800010681152
5395 0.8140698671340942 0.6921800374984741
5396 0.8147100806236267 0.7051700353622437
5397 0.7507700324058533 0.64410001039505
5398 0.738830029964447 0.639930009841919
5399 0.7638999223709106 0.6488800048828125
5400 0.7773600220680237 0.6539400219917297
5401 0.7894200682640076 0.64410001039505
5402 0.791930079460144 0.6604999899864197
5403 0.8043799996376038 0.6551099419593811
5404 0.8033900260925293 0.6711300611495972
5405 0.813750147819519 0.6654199957847595
5406 0.8149499893188477 0.6526200175285339
5407 0.8229699730873108 0.6498399376869202
5408 0.8226900100708008 0.65951007604599
5409 0.8229799866676331 0.6711300611495972
5410 0.8299499154090881 0.6545400023460388
5411 0.8311399817466736 0.6637000441551208
5412 0.832859992980957 0.6741999983787537
5413 0.8382300734519958 0.6575599312782288
5414 0.8407801389694214 0.6655200123786926
5415 0.8438200354576111 0.6745499968528748
5416 0.847879946231842 0.6577300429344177
5417 0.8515200018882751 0.6639699935913086
5418 0.7709899544715881 0.48420000076293945
5419 0.7750999927520752 0.5087599754333496
5420 0.7978400588035583 0.5375999808311462
5421 0.7913399338722229 0.5429700016975403
5422 0.7878599762916565 0.5253300070762634
5423 0.7954200506210327 0.5216999650001526
5424 0.7855700850486755 0.5049099922180176
5425 0.7839000225067139 0.4818499684333801
5426 0.7946500182151794 0.483940064907074
5427 0.7943000197410583 0.5033000111579895
5428 0.8012999892234802 0.5042200088500977
5429 0.8017500638961792 0.5197400450706482
5430 0.7936800718307495 0.6202399730682373
5431 0.7968699932098389 0.5979599952697754
5432 0.8010700941085815 0.6107699871063232
5433 0.7995399832725525 0.6326900124549866
5434 0.7891000509262085 0.5666900277137756
5435 0.796019971370697 0.5581799149513245
5436 0.7933999300003052 0.5829300284385681
5437 0.8007000684738159 0.5793399810791016
5438 0.8031700849533081 0.5919199585914612
5439 0.765749990940094 0.459089994430542
5440 0.7599000334739685 0.4332299828529358
5441 0.7696700096130371 0.37908002734184265
5442 0.7775999307632446 0.40626001358032227
5443 0.7655100226402283 0.40453001856803894
5444 0.7724800109863281 0.4316900074481964
5445 0.7902100086212158 0.4533500373363495
5446 0.7791000008583069 0.4572000205516815
5447 0.7839299440383911 0.4310600161552429
5448 0.7890600562095642 0.40984004735946655
5449 0.7937799692153931 0.4307100176811218
5450 0.8429299592971802 0.4330900013446808
5451 0.8472700119018555 0.42935997247695923
5452 0.8544999361038208 0.44043996930122375
5453 0.8495999574661255 0.4414300322532654
5454 0.8630300164222717 0.451339989900589
5455 0.8663400411605835 0.44988006353378296
5456 0.8689199686050415 0.46191999316215515
5457 0.8655499815940857 0.46338993310928345
5458 0.8878999352455139 0.5459399819374084
5459 0.8869199752807617 0.5572900176048279
5460 0.8850098848342896 0.5466099381446838
5461 0.8858500123023987 0.5333499908447266
5462 0.8865399956703186 0.5178099274635315
5463 0.884440004825592 0.5220000147819519
5464 0.8848900198936462 0.5070300102233887
5465 0.8858500123023987 0.5671200156211853
5466 0.8885098695755005 0.5665599703788757
5467 0.8873000144958496 0.5755100250244141
5468 0.8558400869369507 0.670430064201355
5469 0.8579798936843872 0.65420001745224
5470 0.8625799417495728 0.6576799750328064
5471 0.8679599761962891 0.660379946231842
5472 0.8677500486373901 0.6464400291442871
5473 0.8729199767112732 0.646329939365387
5474 0.8850299119949341 0.6278700232505798
5475 0.880829930305481 0.6319900155067444
5476 0.8823599815368652 0.6202200055122375
5477 0.8850999474525452 0.6172999739646912
5478 0.888670027256012 0.6004800200462341
5479 0.8865799903869629 0.6052899956703186
5480 0.8855100274085999 0.5975900292396545
5481 0.8872299790382385 0.5916399955749512
5482 0.8783398866653442 0.6454700827598572
5483 0.8761800527572632 0.6347399353981018
5484 0.8875299692153931 0.6134600043296814
5485 0.8847399353981018 0.6088600158691406
5486 0.8858699798583984 0.5838900208473206
5487 0.8889499306678772 0.5830699801445007
5488 0.8796600699424744 0.47658997774124146
5489 0.8809300065040588 0.48725003004074097
5490 0.87704998254776 0.48295000195503235
5491 0.8750900626182556 0.47221997380256653
5492 0.8726100325584412 0.4597899913787842
5493 0.8715500235557556 0.47373002767562866
5494 0.8841500282287598 0.4948200583457947
5495 0.8822399377822876 0.4989900290966034
5496 0.859009861946106 0.43936997652053833
5497 0.8589900732040405 0.451200008392334
5498 0.7959499955177307 0.39520999789237976
5499 0.7996100783348083 0.41461998224258423
5500 0.7833799719810486 0.3865499794483185
5501 0.7760000228881836 0.3619999885559082
5502 0.7587099671363831 0.35005998611450195
5503 0.7445499897003174 0.32079002261161804
5504 0.7190099358558655 0.3059900104999542
5505 0.6662499904632568 0.26078000664711
5506 0.6980000138282776 0.27553001046180725
5507 0.6878399848937988 0.28707000613212585
5508 0.6398500800132751 0.23628999292850494
5509 0.6336399912834167 0.24619998037815094
5510 0.6085000038146973 0.2260199934244156
5511 0.5810800194740295 0.2128000110387802
5512 0.5789899826049805 0.22290001809597015
5513 0.5538100600242615 0.21324001252651215
5514 0.5283300280570984 0.20321999490261078
5515 0.5282700061798096 0.2138899862766266
5516 0.5 0.20727001130580902
5517 0.8417700529098511 0.5062199234962463
5518 0.8435899019241333 0.5127699971199036
5519 0.8397899270057678 0.51146000623703
5520 0.837920069694519 0.5051299929618835
5521 0.8573899865150452 0.5890399813652039
5522 0.8563500046730042 0.5930600166320801
5523 0.8548999428749084 0.5901499390602112
5524 0.8557800650596619 0.585349977016449
5525 0.8404499292373657 0.6226900219917297
5526 0.8390599489212036 0.6179099678993225
5527 0.8414100408554077 0.6167700290679932
5528 0.8429299592971802 0.6211400032043457
5529 0.8451399803161621 0.624239981174469
5530 0.8452100157737732 0.6192200183868408
5531 0.8473900556564331 0.6220099925994873
5532 0.8497599959373474 0.6236100196838379
5533 0.849399983882904 0.6195899844169617
5534 0.8516300916671753 0.6209700107574463
5535 0.8532000184059143 0.6183599829673767
5536 0.8553699851036072 0.6188499927520752
5537 0.8538699746131897 0.6215400099754333
5538 0.8657199144363403 0.6108400225639343
5539 0.8636699318885803 0.6133800148963928
5540 0.8639899492263794 0.6093900203704834
5541 0.8657101392745972 0.606190025806427
5542 0.862510085105896 0.6083899140357971
5543 0.8640999794006348 0.6052499413490295
5544 0.8621901273727417 0.6119099259376526
5545 0.8577499985694885 0.6187600493431091
5546 0.856719970703125 0.6163399815559387
5547 0.8590699434280396 0.616100013256073
5548 0.8387899994850159 0.6116600036621094
5549 0.8364700675010681 0.6183300018310547
5550 0.836430013179779 0.6115099787712097
5551 0.8395799994468689 0.568049967288971
5552 0.8382998704910278 0.570609986782074
5553 0.8378600478172302 0.5694599747657776
5554 0.838890016078949 0.567110002040863
5555 0.8373399376869202 0.6035500168800354
5556 0.8338399529457092 0.6104099750518799
5557 0.8349400162696838 0.6022999882698059
5558 0.8321800231933594 0.600570023059845
5559 0.8337100744247437 0.5933700203895569
5560 0.8363500237464905 0.5950000286102295
5561 0.8331199288368225 0.5775099396705627
5562 0.8347700834274292 0.5789299607276917
5563 0.8330100774765015 0.5841100215911865
5564 0.8309899568557739 0.5821999907493591
5565 0.836430013179779 0.5690699219703674
5566 0.8344601392745972 0.571899950504303
5567 0.8341199159622192 0.5682799816131592
5568 0.8364700675010681 0.5649600028991699
5569 0.838610053062439 0.5570600032806396
5570 0.8383299112319946 0.5632700324058533
5571 0.8362399339675903 0.5588999390602112
5572 0.8210300803184509 0.4843299686908722
5573 0.8246799111366272 0.4824099838733673
5574 0.826789915561676 0.4908299744129181
5575 0.8233799934387207 0.49296998977661133
5576 0.8303899765014648 0.4899299740791321
5577 0.8324800133705139 0.4979400336742401
5578 0.8290900588035583 0.4987800121307373
5579 0.8343400359153748 0.5050200819969177
5580 0.8360700011253357 0.4979099929332733
5581 0.8204201459884644 0.4960000216960907
5582 0.8259800672531128 0.5005800127983093
5583 0.8233699798583984 0.5032300353050232
5584 0.8311800360679626 0.505620002746582
5585 0.8359099626541138 0.5109099745750427
5586 0.8327399492263794 0.5113100409507751
5587 0.8283600211143494 0.5070800185203552
5588 0.8292999863624573 0.6401800513267517
5589 0.8316899538040161 0.6436600089073181
5590 0.827690064907074 0.6442199349403381
5591 0.8256798982620239 0.6411399841308594
5592 0.8338099122047424 0.6472000479698181
5593 0.8361600637435913 0.6434100270271301
5594 0.8389500379562378 0.6464700102806091
5595 0.8439399003982544 0.6454300284385681
5596 0.8472300171852112 0.6476100087165833
5597 0.8417300581932068 0.6496500372886658
5598 0.8397799134254456 0.5633400082588196
5599 0.8379100561141968 0.5673699975013733
5600 0.8365799188613892 0.5714700222015381
5601 0.8359199166297913 0.5754799842834473
5602 0.8373199701309204 0.5764599442481995
5603 0.8367400169372559 0.5803199410438538
5604 0.8381199836730957 0.5960699915885925
5605 0.8374500274658203 0.5881100296974182
5606 0.8390301465988159 0.5889000296592712
5607 0.839690089225769 0.5972200036048889
5608 0.8391199707984924 0.6047300696372986
5609 0.8409000039100647 0.604919970035553
5610 0.8407999277114868 0.6112899780273438
5611 0.8428601026535034 0.6101300120353699
5612 0.8436199426651001 0.6151400208473206
5613 0.8458399772644043 0.6133199334144592
5614 0.8473700881004333 0.6170300841331482
5615 0.8493099808692932 0.6147399544715881
5616 0.8511499762535095 0.6169900298118591
5617 0.8525699973106384 0.6144499778747559
5618 0.8544899225234985 0.6157299876213074
5619 0.8555201292037964 0.6132100224494934
5620 0.8576899170875549 0.6137700080871582
5621 0.8606500029563904 0.606909990310669
5622 0.8624700307846069 0.6045299172401428
5623 0.8605499863624573 0.6103900074958801
5624 0.8588799834251404 0.5628799796104431
5625 0.8576899170875549 0.5682399868965149
5626 0.8557500243186951 0.5628100037574768
5627 0.8568300604820251 0.5568600296974182
5628 0.8562899231910706 0.5730800032615662
5629 0.8595799803733826 0.5731200575828552
5630 0.8582700490951538 0.577430009841919
5631 0.8380599617958069 0.4911799728870392
5632 0.8399400115013123 0.49898001551628113
5633 0.8341599106788635 0.49004003405570984
5634 0.8437899947166443 0.5014200210571289
5635 0.8455700278282166 0.5087400078773499
5636 0.8519800901412964 0.49834007024765015
5637 0.8476800322532654 0.49314001202583313
5638 0.8456200361251831 0.485260009765625
5639 0.849820077419281 0.49015000462532043
5640 0.8457001447677612 0.4970000088214874
5641 0.843720018863678 0.4890499711036682
5642 0.8497200012207031 0.5012699961662292
5643 0.8580199480056763 0.5133399963378906
5644 0.8539000153541565 0.506879985332489
5645 0.8563299775123596 0.5044999718666077
5646 0.8515099883079529 0.5094299912452698
5647 0.8554900884628296 0.5152400135993958
5648 0.8230500221252441 0.4744100272655487
5649 0.8269400000572205 0.47398999333381653
5650 0.8285199403762817 0.48169997334480286
5651 0.8323999643325806 0.481999933719635
5652 0.8400698900222778 0.48573997616767883
5653 0.8384900093078613 0.4780699908733368
5654 0.84197998046875 0.48120999336242676
5655 0.8493499755859375 0.512440025806427
5656 0.8507300019264221 0.5193800330162048
5657 0.8471699357032776 0.5154299736022949
5658 0.857479989528656 0.5504299998283386
5659 0.8579100370407104 0.5438099503517151
5660 0.860499918460846 0.5504299998283386
5661 0.859809935092926 0.5569700598716736
5662 0.8616999983787537 0.56277996301651
5663 0.8606900572776794 0.5682299733161926
5664 0.8603500723838806 0.5903400778770447
5665 0.8614500761032104 0.5866499543190002
5666 0.8626899719238281 0.5915499329566956
5667 0.8615699410438538 0.5952900052070618
5668 0.8664199113845825 0.5921400189399719
5669 0.8653498888015747 0.5966200232505798
5670 0.8646100759506226 0.5917999744415283
5671 0.8654699921607971 0.5871500372886658
5672 0.8621901273727417 0.5730599761009216
5673 0.8611699342727661 0.5777400135993958
5674 0.8636199235916138 0.5963199734687805
5675 0.8635700941085815 0.5870299935340881
5676 0.863070011138916 0.5501899719238281
5677 0.8632498979568481 0.5434100031852722
5678 0.8653000593185425 0.5496500134468079
5679 0.8648300170898438 0.5562099814414978
5680 0.8663901090621948 0.5724100470542908
5681 0.8654099106788635 0.577430009841919
5682 0.8643499612808228 0.5727600455284119
5683 0.8653000593185425 0.5675399899482727
5684 0.8640699982643127 0.5623599886894226
5685 0.8662199974060059 0.5617600083351135
5686 0.8633999824523926 0.5776299834251404
5687 0.8631600737571716 0.5679900050163269
5688 0.8625200986862183 0.5567299723625183
5689 0.8608299493789673 0.543690025806427
5690 0.8530899286270142 0.5171800255775452
5691 0.8476099967956543 0.5049099922180176
5692 0.8418899178504944 0.4936399757862091
5693 0.8362899422645569 0.4833199977874756
5694 0.8347600698471069 0.4759199917316437
5695 0.8308800458908081 0.4745199978351593
5696 0.8669900298118591 0.5554599761962891
5697 0.8654499650001526 0.5426700115203857
5698 0.8674298524856567 0.5486800074577332
5699 0.8673800826072693 0.5670400261878967
5700 0.8684900999069214 0.5721399784088135
5701 0.8674699068069458 0.5772899985313416
5702 0.8684998750686646 0.5926199555397034
5703 0.867129921913147 0.5972899794578552
5704 0.8675299286842346 0.5873399376869202
5705 0.8683199882507324 0.5610499978065491
5706 0.8219900131225586 0.46703001856803894
5707 0.8194499611854553 0.4758400321006775
5708 0.8186200857162476 0.46831995248794556
5709 0.8154300451278687 0.5527200102806091
5710 0.8136500716209412 0.5474100112915039
5711 0.8156200051307678 0.5453900694847107
5712 0.8169001340866089 0.5512999892234802
5713 0.8059700727462769 0.5461900234222412
5714 0.8097700476646423 0.546269953250885
5715 0.8108998537063599 0.5528600215911865
5716 0.8082699775695801 0.5553100109100342
5717 0.8109101057052612 0.5207900404930115
5718 0.8141999840736389 0.5222399830818176
5719 0.8145899772644043 0.5296800136566162
5720 0.8117499947547913 0.5299400687217712
5721 0.8123599290847778 0.5504500269889832
5722 0.8109699487686157 0.5410400032997131
5723 0.8135799765586853 0.5382900238037109
5724 0.8083000183105469 0.5317299962043762
5725 0.8161100745201111 0.5372900366783142
5726 0.8179000616073608 0.5446900725364685
5727 0.8169799447059631 0.5296400189399719
5728 0.8182700872421265 0.5367000102996826
5729 0.804830014705658 0.5600399971008301
5730 0.8107600212097168 0.5626299977302551
5731 0.8081899285316467 0.5670700073242188
5732 0.8337498903274536 0.5634899735450745
5733 0.8325300216674805 0.5584099888801575
5734 0.8346900343894958 0.5522599816322327
5735 0.8202900290489197 0.5443100333213806
5736 0.8202000260353088 0.5363699793815613
5737 0.8220800757408142 0.5423700213432312
5738 0.8069600462913513 0.6028199791908264
5739 0.80774986743927 0.5878099799156189
5740 0.8109699487686157 0.5964000225067139
5741 0.8088399171829224 0.577459990978241
5742 0.8060101270675659 0.5725799202919006
5743 0.8110499978065491 0.5732499957084656
5744 0.8258100152015686 0.46682000160217285
5745 0.8298100829124451 0.46761995553970337
5746 0.8249598741531372 0.46022993326187134
5747 0.8244600296020508 0.45438000559806824
5748 0.8287100195884705 0.4555700123310089
5749 0.8292799592018127 0.4614200294017792
5750 0.8211799263954163 0.46031999588012695
5751 0.8286899924278259 0.4503600299358368
5752 0.832300066947937 0.4523499608039856
5753 0.8323100805282593 0.45750001072883606
5754 0.8143100142478943 0.5559800267219543
5755 0.8128799796104431 0.5592699646949768
5756 0.816909909248352 0.5560999512672424
5757 0.8160800337791443 0.560490071773529
5758 0.8214200735092163 0.5515000224113464
5759 0.818880021572113 0.551580011844635
5760 0.8187299370765686 0.5580200552940369
5761 0.8221701383590698 0.5754899978637695
5762 0.8192800879478455 0.5727900862693787
5763 0.8201199173927307 0.566569983959198
5764 0.8229199647903442 0.5689600110054016
5765 0.8148699402809143 0.5647799968719482
5766 0.8131299614906311 0.5689200758934021
5767 0.8178700804710388 0.5636600852012634
5768 0.8168400526046753 0.5690500140190125
5769 0.8135499954223633 0.5794400572776794
5770 0.8154600858688354 0.5744900107383728
5771 0.8179899454116821 0.5791599750518799
5772 0.820900022983551 0.5608400702476501
5773 0.8298701047897339 0.5981199741363525
5774 0.831540048122406 0.608250081539154
5775 0.8292699456214905 0.6057999730110168
5776 0.8275899887084961 0.5852800011634827
5777 0.8296599984169006 0.5796399712562561
5778 0.8291100859642029 0.5882499814033508
5779 0.8226699829101562 0.5851100087165833
5780 0.8241700530052185 0.5886499881744385
5781 0.8225399255752563 0.5969099998474121
5782 0.8208799958229065 0.5931900143623352
5783 0.8191199898719788 0.6012899875640869
5784 0.8167200088500977 0.5966799855232239
5785 0.818809986114502 0.5894599556922913
5786 0.8138599991798401 0.590749979019165
5787 0.8143900632858276 0.6036900877952576
5788 0.8311100006103516 0.57218998670578
5789 0.8308800458908081 0.5676999688148499
5790 0.8231500387191772 0.6160899996757507
5791 0.8235899209976196 0.6082599759101868
5792 0.826229989528656 0.6109799742698669
5793 0.8261799812316895 0.6184300780296326
5794 0.8516899347305298 0.644599974155426
5795 0.8553699851036072 0.6455100178718567
5796 0.8506001234054565 0.6496400237083435
5797 0.8546299934387207 0.6247300505638123
5798 0.8521599769592285 0.6244099736213684
5799 0.8562499284744263 0.6215999722480774
5800 0.8589000105857849 0.6212900280952454
5801 0.860289990901947 0.618149995803833
5802 0.8616499900817871 0.6275799870491028
5803 0.8584799766540527 0.6282100081443787
5804 0.8602200150489807 0.624239981174469
5805 0.8632298707962036 0.6233200430870056
5806 0.8266000151634216 0.635919988155365
5807 0.8306699395179749 0.6358399987220764
5808 0.8332900404930115 0.6398900151252747
5809 0.8234000205993652 0.6235899925231934
5810 0.8269000053405762 0.6252099871635437
5811 0.8284701108932495 0.6310300230979919
5812 0.8244600296020508 0.6304299831390381
5813 0.833899974822998 0.6174499988555908
5814 0.8315200209617615 0.6155200004577637
5815 0.8302999138832092 0.62649005651474
5816 0.8292099237442017 0.6203499436378479
5817 0.8564199805259705 0.6324400305747986
5818 0.8532800078392029 0.6322199702262878
5819 0.8554800748825073 0.6283800005912781
5820 0.8597699403762817 0.6320800185203552
5821 0.8575400710105896 0.6366000175476074
5822 0.8540100455284119 0.6365199685096741
5823 0.8500900268554688 0.6273799538612366
5824 0.8475800156593323 0.6262099742889404
5825 0.8398699760437012 0.6273000240325928
5826 0.8377900123596191 0.6233800053596497
5827 0.8426399827003479 0.6261200308799744
5828 0.8350300192832947 0.6230199933052063
5829 0.8321800231933594 0.6317099928855896
5830 0.8345499634742737 0.6359500288963318
5831 0.8382400870323181 0.635610044002533
5832 0.8357600569725037 0.6319100260734558
5833 0.8391299843788147 0.6314799785614014
5834 0.8416799902915955 0.6345000267028809
5835 0.8373399376869202 0.6395300030708313
5836 0.8405399918556213 0.6427099704742432
5837 0.8336500525474548 0.627359926700592
5838 0.8450899720191956 0.6285399794578552
5839 0.8443899750709534 0.6411499977111816
5840 0.8480200171470642 0.6432399749755859
5841 0.8506999611854553 0.6357799172401428
5842 0.8476700186729431 0.6344299912452698
5843 0.8503900170326233 0.6314000487327576
5844 0.8512300848960876 0.6401299834251404
5845 0.8549500107765198 0.640779972076416
5846 0.8477500677108765 0.6388000845909119
5847 0.8411198854446411 0.6386299729347229
5848 0.8445500731468201 0.6369100213050842
5849 0.8448600172996521 0.6326399445533752
5850 0.8386601209640503 0.5743399262428284
5851 0.8385400176048279 0.576170027256012
5852 0.837850034236908 0.5738200545310974
5853 0.8421300649642944 0.5603399872779846
5854 0.8408399224281311 0.5647299885749817
5855 0.8405799865722656 0.5581099987030029
5856 0.8416699767112732 0.5667800307273865
5857 0.8401899933815002 0.5694199204444885
5858 0.8395699858665466 0.5726500153541565
5859 0.8400698900222778 0.5737500190734863
5860 0.8392700552940369 0.5748900771141052
5861 0.839419960975647 0.5774000287055969
5862 0.8400200605392456 0.5751000046730042
5863 0.8411999344825745 0.5519999861717224
5864 0.8389600515365601 0.5497400164604187
5865 0.8523300886154175 0.5624099373817444
5866 0.849889874458313 0.5667099952697754
5867 0.8487400412559509 0.5598999857902527
5868 0.8505100607872009 0.5548099875450134
5869 0.8498000502586365 0.5728499889373779
5870 0.8469200134277344 0.5732499957084656
5871 0.8470898866653442 0.5688599944114685
5872 0.842739999294281 0.577750027179718
5873 0.8443999886512756 0.5775600075721741
5874 0.8438700437545776 0.5824699997901917
5875 0.8421400785446167 0.5823299884796143
5876 0.8403200507164001 0.5823500156402588
5877 0.8408399224281311 0.589139997959137
5878 0.8541799187660217 0.5686500072479248
5879 0.8538099527359009 0.5563200116157532
5880 0.8194299340248108 0.5119699835777283
5881 0.8221398591995239 0.5155100226402283
5882 0.820609986782074 0.5196200013160706
5883 0.8179899454116821 0.5173699855804443
5884 0.8243199586868286 0.5186200141906738
5885 0.8239899277687073 0.5117800235748291
5886 0.8261299729347229 0.5159500241279602
5887 0.828140139579773 0.5141900181770325
5888 0.829599916934967 0.5190600752830505
5889 0.8276600241661072 0.5201600193977356
5890 0.8316799402236938 0.5178999900817871
5891 0.8327999711036682 0.522159993648529
5892 0.8306599259376526 0.5234299302101135
5893 0.8340400457382202 0.5255900025367737
5894 0.8354100584983826 0.520389974117279
5895 0.8365999460220337 0.523099958896637
5896 0.8514999747276306 0.5490400195121765
5897 0.8480700850486755 0.548039972782135
5898 0.848810076713562 0.5424799919128418
5899 0.8414801359176636 0.5272200107574463
5900 0.8403700590133667 0.5230600237846375
5901 0.8430600166320801 0.522159993648529
5902 0.8439999222755432 0.5269299149513245
5903 0.8461399674415588 0.5379800200462341
5904 0.8465700149536133 0.5334500670433044
5905 0.8491801023483276 0.5375099778175354
5906 0.8645400404930115 0.6193099617958069
5907 0.867330014705658 0.6172999739646912
5908 0.8663400411605835 0.6217699646949768
5909 0.8628700971603394 0.6170399785041809
5910 0.8614100813865662 0.615079939365387
5911 0.8600500822067261 0.6134099960327148
5912 0.8583499193191528 0.611020028591156
5913 0.8674899339675903 0.602419912815094
5914 0.8656400442123413 0.6014500260353088
5915 0.8640499711036682 0.600860059261322
5916 0.8622099161148071 0.6002100110054016
5917 0.866439938545227 0.5823000073432922
5918 0.8686500191688538 0.582360029220581
5919 0.8644700050354004 0.5823100209236145
5920 0.8624500632286072 0.582319974899292
5921 0.8600300550460815 0.5820099711418152
5922 0.8548699617385864 0.5376200079917908
5923 0.8547300696372986 0.5312399864196777
5924 0.858009934425354 0.5371900200843811
5925 0.860740065574646 0.5368599891662598
5926 0.8576599359512329 0.5303599834442139
5927 0.8602499961853027 0.5296099781990051
5928 0.8631100058555603 0.5362500548362732
5929 0.862619936466217 0.5284600257873535
5930 0.865280032157898 0.5350099205970764
5931 0.8509699106216431 0.6125699877738953
5932 0.8522400259971619 0.6104400157928467
5933 0.8537501096725464 0.6120200157165527
5934 0.8518900275230408 0.6034799218177795
5935 0.851659893989563 0.6065700054168701
5936 0.8503699898719788 0.6061800122261047
5937 0.8502799272537231 0.6028199791908264
5938 0.8485499620437622 0.5978500247001648
5939 0.850409984588623 0.5982099175453186
5940 0.848609983921051 0.6027200222015381
5941 0.8467398881912231 0.5982299447059631
5942 0.8463300466537476 0.5935000777244568
5943 0.8483900427818298 0.5916600227355957
5944 0.8450999855995178 0.5981500148773193
5945 0.8434600234031677 0.5974000096321106
5946 0.8448399901390076 0.5904999375343323
5947 0.8427800536155701 0.6041799187660217
5948 0.8416299819946289 0.5973799824714661
5949 0.8428400754928589 0.5893399715423584
5950 0.8459600806236267 0.5835599899291992
5951 0.8612599968910217 0.6361499428749084
5952 0.858769953250885 0.6409199833869934
5953 0.8627700209617615 0.6405699849128723
5954 0.859250009059906 0.6461099982261658
5955 0.8705998659133911 0.6272500157356262
5956 0.8741899132728577 0.6234300136566162
5957 0.8731499314308167 0.6304000020027161
5958 0.8690500259399414 0.6334699988365173
5959 0.8650899529457092 0.6352099776268005
5960 0.8668699860572815 0.6396999955177307
5961 0.8632599115371704 0.6312100291252136
5962 0.866890013217926 0.6297000050544739
5963 0.8683599829673767 0.6243600249290466
5964 0.8717299699783325 0.6213300228118896
5965 0.8649500608444214 0.6263399720191956
5966 0.8694300055503845 0.6193299889564514
5967 0.8593100309371948 0.5217900276184082
5968 0.8616799712181091 0.5199699997901917
5969 0.8567799925804138 0.5230500102043152
5970 0.8542299866676331 0.5244200229644775
5971 0.8514800071716309 0.5259699821472168
5972 0.8156899809837341 0.4698500335216522
5973 0.8152499794960022 0.46407002210617065
5974 0.818049967288971 0.4615800082683563
5975 0.8175200819969177 0.45594000816345215
5976 0.8207999467849731 0.45462995767593384
5977 0.8330100774765015 0.46323007345199585
5978 0.8335999846458435 0.4691900610923767
5979 0.8355199098587036 0.4601300060749054
5980 0.8362399339675903 0.4655599892139435
5981 0.8371800780296326 0.47129005193710327
5982 0.8394799828529358 0.4683299660682678
5983 0.8405399918556213 0.47411006689071655
5984 0.8439198732376099 0.47783997654914856
5985 0.8773499131202698 0.6256299614906311
5986 0.8712998628616333 0.6377000212669373
5987 0.8631900548934937 0.6463499665260315
5988 0.854189932346344 0.6515999436378479
5989 0.8446799516677856 0.6532599925994873
5990 0.8359799981117249 0.6515799164772034
5991 0.8288098573684692 0.648140013217926
5992 0.8235999345779419 0.6438899636268616
5993 0.8084601163864136 0.6399899125099182
5994 0.8176499605178833 0.6422500014305115
5995 0.8261500000953674 0.5815700888633728
5996 0.8257799744606018 0.5923699736595154
5997 0.8268299698829651 0.6031599640846252
5998 0.8289600014686584 0.6133700013160706
5999 0.8321400284767151 0.6219300627708435
6000 0.8368600606918335 0.6276900172233582
6001 0.8422699570655823 0.6303600668907166
6002 0.8476700186729431 0.6301999688148499
6003 0.8527098894119263 0.628089964389801
6004 0.8573099374771118 0.6246700286865234
6005 0.8616899847984314 0.6205499768257141
6006 0.8653899431228638 0.6152600646018982
6007 0.8677000403404236 0.6075300574302673
6008 0.8677300810813904 0.6125800013542175
6009 0.8696499466896057 0.6033999919891357
6010 0.8691600561141968 0.5979599952697754
6011 0.8706799149513245 0.5929099917411804
6012 0.8697800040245056 0.5875499844551086
6013 0.8696499466896057 0.5772600173950195
6014 0.8708600401878357 0.5824499726295471
6015 0.8706399202346802 0.5719299912452698
6016 0.8694800734519958 0.5665500164031982
6017 0.8704100251197815 0.5602200031280518
6018 0.8690699934959412 0.5544300079345703
6019 0.8674999475479126 0.5412499904632568
6020 0.869450032711029 0.5471799969673157
6021 0.864669919013977 0.5265999436378479
6022 0.8671699166297913 0.5329700112342834
6023 0.8636499643325806 0.5174799561500549
6024 0.8603200316429138 0.510960042476654
6025 0.8586000800132751 0.5018300414085388
6026 0.8543000221252441 0.4957999885082245
6027 0.8521900177001953 0.4875600039958954
6028 0.8477400541305542 0.4824399948120117
6029 0.8460999131202698 0.47537997364997864
6030 0.8425899147987366 0.4714300334453583
6031 0.8389800786972046 0.46344998478889465
6032 0.8419399857521057 0.46640998125076294
6033 0.8391500115394592 0.45914003252983093
6034 0.8356999754905701 0.4552900195121765
6035 0.8342700004577637 0.4485499858856201
6036 0.8377900123596191 0.45201995968818665
6037 0.8471299409866333 0.6075699925422668
6038 0.8479400277137756 0.6116300225257874
6039 0.8450099229812622 0.6086699962615967
6040 0.8447700142860413 0.6034500002861023
6041 0.8497200012207031 0.6100599765777588
6042 0.8530501127243042 0.6079099774360657
6043 0.8510099649429321 0.6085800528526306
6044 0.8467799425125122 0.6030200123786926
6045 0.8489299416542053 0.6067699790000916
6046 0.8329800367355347 0.4429599940776825
6047 0.837440013885498 0.44583994150161743
6048 0.830329954624176 0.4463300406932831
6049 0.8261799812316895 0.44534996151924133
6050 0.8248199820518494 0.44957998394966125
6051 0.821060061454773 0.4498099982738495
6052 0.8133000731468201 0.46831995248794556
6053 0.8109301328659058 0.46306997537612915
6054 0.8142200112342834 0.45875999331474304
6055 0.8076600432395935 0.46891000866889954
6056 0.803059995174408 0.46024996042251587
6057 0.8082500100135803 0.45562002062797546
6058 0.8130899667739868 0.4528200328350067
6059 0.8173099160194397 0.45089003443717957
6060 0.8056899309158325 0.44541001319885254
6061 0.8120699524879456 0.44470998644828796
6062 0.8231700658798218 0.43953996896743774
6063 0.8176899552345276 0.436599999666214
6064 0.8176499605178833 0.42610999941825867
6065 0.8242701292037964 0.4319300353527069
6066 0.8350099921226501 0.4237399697303772
6067 0.8390699625015259 0.4368000030517578
6068 0.8324199318885803 0.43056005239486694
6069 0.8618298768997192 0.462179958820343
6070 0.866890013217926 0.47481006383895874
6071 0.8634600043296814 0.47196003794670105
6072 0.8576098680496216 0.4598200023174286
6073 0.8544398546218872 0.4501500129699707
6074 0.8495899438858032 0.44937998056411743
6075 0.8449000716209412 0.4425499737262726
6076 0.8253499269485474 0.42274999618530273
6077 0.8301300406455994 0.43669992685317993
6078 0.8409199714660645 0.4439299702644348
6079 0.8358100652694702 0.44012001156806946
6080 0.8174800276756287 0.4449000060558319
6081 0.8106499314308167 0.4334399998188019
6082 0.8220000267028809 0.44516995549201965
6083 0.828109860420227 0.44137001037597656
6084 0.8544701337814331 0.5500100255012512
6085 0.8547898530960083 0.5437099933624268
6086 0.8518700003623962 0.5431699752807617
6087 0.8441500067710876 0.5313000082969666
6088 0.846560001373291 0.5287899971008301
6089 0.8519400358200073 0.5377200245857239
6090 0.8491700887680054 0.5326399803161621
6091 0.8518000245094299 0.5321300029754639
6092 0.8460899591445923 0.5238800048828125
6093 0.8489499688148499 0.5274199843406677
6094 0.848360002040863 0.5216500163078308
6095 0.8451099991798401 0.5186600089073181
6096 0.8416000008583069 0.5170199871063232
6097 0.837649941444397 0.5161200165748596
6098 0.8247199654579163 0.5281299948692322
6099 0.8249200582504272 0.5335900187492371
6100 0.8219599723815918 0.5316299796104431
6101 0.8219599723815918 0.5260999798774719
6102 0.8309201002120972 0.5381199717521667
6103 0.8323899507522583 0.5450800061225891
6104 0.8294400572776794 0.5482000708580017
6105 0.8281000852584839 0.5403800010681152
6106 0.8347500562667847 0.5404000282287598
6107 0.8367000222206116 0.5459700226783752
6108 0.8378099799156189 0.5403099656105042
6109 0.8396000266075134 0.5430799126625061
6110 0.8352099657058716 0.5288400053977966
6111 0.8326400518417358 0.5311300158500671
6112 0.8316699266433716 0.5273699760437012
6113 0.8398500084877014 0.5327600836753845
6114 0.8389100432395935 0.5295400023460388
6115 0.8418399095535278 0.5310099720954895
6116 0.8453000783920288 0.5431600213050842
6117 0.8426799774169922 0.5401800274848938
6118 0.8435698747634888 0.5355200171470642
6119 0.8468599915504456 0.5538700222969055
6120 0.8443999886512756 0.5491300225257874
6121 0.846530020236969 0.5640299916267395
6122 0.8452200293540955 0.5591800212860107
6123 0.8446398973464966 0.5704999566078186
6124 0.8442801237106323 0.5669799447059631
6125 0.8412399888038635 0.5748199820518494
6126 0.8428200483322144 0.5744699835777283
6127 0.8410500884056091 0.577709972858429
6128 0.8385099768638611 0.5816900134086609
6129 0.8354700803756714 0.5863699913024902
6130 0.831059992313385 0.5907899737358093
6131 0.827799916267395 0.5954299569129944
6132 0.8244600296020508 0.6002299785614014
6133 0.8212699890136719 0.6050900816917419
6134 0.8203000426292419 0.6129899621009827
6135 0.8174300193786621 0.6090499758720398
6136 0.8156399726867676 0.6174600124359131
6137 0.8113099336624146 0.6114500164985657
6138 0.8064699769020081 0.6209499835968018
6139 0.8276800513267517 0.5339400172233582
6140 0.8250699639320374 0.5401000380516052
6141 0.8301700353622437 0.5328500270843506
6142 0.8335300087928772 0.5353599190711975
6143 0.8413500189781189 0.5342900156974792
6144 0.8418599367141724 0.5457200407981873
6145 0.8404101133346558 0.5380300879478455
6146 0.8434000015258789 0.5550599694252014
6147 0.8434000015258789 0.5634899735450745
6148 0.8423299789428711 0.5692099928855896
6149 0.8412099480628967 0.5727800726890564
6150 0.8386498689651489 0.5361800193786621
6151 0.8362199068069458 0.5326300263404846
6152 0.8379000425338745 0.5259199738502502
6153 0.8382400870323181 0.5202400088310242
6154 0.8341399431228638 0.5164499878883362
6155 0.8302899599075317 0.5127599835395813
6156 0.8260201215744019 0.5090100169181824
6157 0.8211999535560608 0.5069800019264221
6158 0.8179599046707153 0.5007500052452087
6159 0.8161000609397888 0.507420003414154
6160 0.8068600296974182 0.5195799469947815
6161 0.8067399263381958 0.5074400305747986
6162 0.8111299872398376 0.5113100409507751
6163 0.8036499619483948 0.534250020980835
6164 0.8011999726295471 0.5505499839782715
6165 0.8014401197433472 0.5679200291633606
6166 0.8057699799537659 0.5794400572776794
6167 0.8110799789428711 0.5839099884033203
6168 0.8161898851394653 0.5851200222969055
6169 0.8205999732017517 0.5824399590492249
6170 0.8245300650596619 0.5779500007629395
6171 0.8368901014328003 0.5367899537086487
6172 0.8464899659156799 0.5776700377464294
6173 0.8446499109268188 0.5739499926567078
6174 0.8427299857139587 0.5717599987983704
6175 0.8407999277114868 0.5710100531578064
6176 0.8389100432395935 0.5716400146484375
6177 0.8370500206947327 0.5729100108146667
6178 0.8350099921226501 0.5740199685096741
6179 0.8320699334144592 0.575439989566803
6180 0.8282899856567383 0.5763199925422668
6181 0.8546299934387207 0.6093999743461609
6182 0.8563600182533264 0.6105499863624573
6183 0.8569000959396362 0.6074600219726562
6184 0.8587499260902405 0.6078299880027771
6185 0.8587599396705627 0.603950023651123
6186 0.8604899644851685 0.6027600169181824
6187 0.8600100874900818 0.5980400443077087
6188 0.8526700735092163 0.5743200182914734
6189 0.8549500107765198 0.5775799751281738
6190 0.851620078086853 0.5796599984169006
6191 0.8489900231361389 0.5782299637794495
6192 0.8539400100708008 0.5822400450706482
6193 0.8532400131225586 0.5875999927520752
6194 0.8510399460792542 0.5855799317359924
6195 0.8484500646591187 0.5845299363136292
6196 0.8542299866676331 0.5955100059509277
6197 0.8526700735092163 0.5935800075531006
6198 0.8570600152015686 0.5995799899101257
6199 0.8584299683570862 0.5997599959373474
6200 0.8570399880409241 0.6036999821662903
6201 0.8538199663162231 0.600570023059845
6202 0.8556900024414062 0.5977000594139099
6203 0.8553799986839294 0.6022800803184509
6204 0.8551300764083862 0.6062099933624268
6205 0.8280400633811951 0.5554599761962891
6206 0.8279299736022949 0.5600399971008301
6207 0.8261099457740784 0.5585899949073792
6208 0.8262800574302673 0.554349958896637
6209 0.8256999254226685 0.5621899962425232
6210 0.8237800002098083 0.5601599812507629
6211 0.8241199851036072 0.5568400025367737
6212 0.8252800703048706 0.5654500126838684
6213 0.8274699449539185 0.5638899803161621
6214 0.8268299698829651 0.5670599937438965
6215 0.8296399712562561 0.5610700249671936
6216 0.8290800452232361 0.5648799538612366
6217 0.825439989566803 0.5691400170326233
6218 0.8231700658798218 0.5638899803161621
6219 0.822179913520813 0.5570099949836731
6220 0.8283299803733826 0.5687900185585022
6221 0.8266400694847107 0.5728399753570557
6222 0.8308400511741638 0.5634099841117859
6223 0.8241400122642517 0.5521500110626221
6224 0.8246699571609497 0.5464800000190735
6225 0.8270300626754761 0.5504599213600159
6226 0.8302401304244995 0.555620014667511
6227 0.8224000334739685 0.5377399921417236
6228 0.8273500800132751 0.5289999842643738
6229 0.8295499086380005 0.528469979763031
6230 0.8287600874900818 0.5243100523948669
6231 0.8248900771141052 0.5240700244903564
6232 0.8269000053405762 0.524940013885498
6233 0.8259800672531128 0.5216500163078308
6234 0.822830080986023 0.5219299793243408
6235 0.8195300102233887 0.5243300795555115
6236 0.8819199204444885 0.5999500155448914
6237 0.8807600736618042 0.593940019607544
6238 0.881830096244812 0.5887299180030823
6239 0.8830400109291077 0.5954499840736389
6240 0.8818000555038452 0.5752699971199036
6241 0.8803099989891052 0.5678500533103943
6242 0.8812900185585022 0.5588499903678894
6243 0.8830599784851074 0.567110002040863
6244 0.8800400495529175 0.5400300025939941
6245 0.8779300451278687 0.5325000286102295
6246 0.8786400556564331 0.5200099945068359
6247 0.8810800313949585 0.5273500084877014
6248 0.879409909248352 0.5511199831962585
6249 0.8821600675582886 0.5483699440956116
6250 0.8830500245094299 0.5363100171089172
6251 0.8841699957847595 0.557680070400238
6252 0.8823500275611877 0.5131400227546692
6253 0.8845500349998474 0.5756800174713135
6254 0.8843599557876587 0.5903800129890442
6255 0.8840399384498596 0.601859986782074
6256 0.8828898668289185 0.6052499413490295
6257 0.883150041103363 0.6111299991607666
6258 0.883150041103363 0.5828199982643127
6259 0.8806300163269043 0.5819900035858154
6260 0.8798499703407288 0.5992799401283264
6261 0.8788599967956543 0.5933700203895569
6262 0.8796800374984741 0.5877699851989746
6263 0.8794599175453186 0.5753300189971924
6264 0.8786898851394653 0.5816699862480164
6265 0.8788400292396545 0.5606300234794617
6266 0.8782500624656677 0.5687199234962463
6267 0.8776899576187134 0.5438299775123596
6268 0.8774700164794922 0.5537300109863281
6269 0.8758898973464966 0.525439977645874
6270 0.8759899735450745 0.5367599129676819
6271 0.8819900155067444 0.609749972820282
6272 0.8809700012207031 0.6049799919128418
6273 0.8797000646591187 0.611329972743988
6274 0.878849983215332 0.6051300168037415
6275 0.8805399537086487 0.6178100109100342
6276 0.8773699402809143 0.6179999709129333
6277 0.8756999969482422 0.4916200339794159
6278 0.8740100264549255 0.4828900694847107
6279 0.8787399530410767 0.49421000480651855
6280 0.8763800263404846 0.5016899704933167
6281 0.8733000159263611 0.49599000811576843
6282 0.8729000091552734 0.48719000816345215
6283 0.8700500130653381 0.4802200198173523
6284 0.8702899217605591 0.4900500178337097
6285 0.8675199151039124 0.4849199950695038
6286 0.8792800307273865 0.5070400238037109
6287 0.8761900663375854 0.5133900046348572
6288 0.873749852180481 0.5069900155067444
6289 0.8709899187088013 0.5007800459861755
6290 0.8738599419593811 0.518589973449707
6291 0.8567600250244141 0.4929199814796448
6292 0.850380003452301 0.4798400104045868
6293 0.8550400137901306 0.48447996377944946
6294 0.8623800277709961 0.5079500079154968
6295 0.8609099984169006 0.49842000007629395
6296 0.8694199919700623 0.5390999913215637
6297 0.871429979801178 0.5452099442481995
6298 0.8711400032043457 0.5531200766563416
6299 0.8714399933815002 0.5984100699424744
6300 0.8719600439071655 0.5876500010490417
6301 0.8729299902915955 0.5930699706077576
6302 0.8725200295448303 0.55923992395401
6303 0.8716100454330444 0.5660399794578552
6304 0.8727799654006958 0.5716400146484375
6305 0.8718100190162659 0.577239990234375
6306 0.8581299781799316 0.4807899594306946
6307 0.8594599366188049 0.4892100691795349
6308 0.853600025177002 0.47672003507614136
6309 0.8699799180030823 0.6090199947357178
6310 0.8699599504470825 0.6143400073051453
6311 0.8720699548721313 0.6043199896812439
6312 0.8729800581932068 0.5824299454689026
6313 0.8664299249649048 0.5238800048828125
6314 0.8689399361610413 0.5300999283790588
6315 0.8724299669265747 0.6102799773216248
6316 0.8723400831222534 0.6157899498939514
6317 0.8737999200820923 0.5988799929618835
6318 0.8740900754928589 0.5876899361610413
6319 0.8751200437545776 0.5933099389076233
6320 0.8739200234413147 0.5769800543785095
6321 0.8750700354576111 0.5822400450706482
6322 0.8736900687217712 0.5652499794960022
6323 0.8748000860214233 0.570900022983551
6324 0.8731299638748169 0.5514900088310242
6325 0.87444007396698 0.5578200221061707
6326 0.871220052242279 0.5363699793815613
6327 0.8731599450111389 0.5428299903869629
6328 0.8681999444961548 0.520289957523346
6329 0.8706198930740356 0.5266199707984924
6330 0.8744899034500122 0.6050000190734863
6331 0.8654999732971191 0.5141000151634216
6332 0.8644700050354004 0.5039700865745544
6333 0.8632799386978149 0.4940900206565857
6334 0.867400050163269 0.509850025177002
6335 0.8412899971008301 0.45020002126693726
6336 0.8443599343299866 0.4558100402355194
6337 0.8408899903297424 0.45662999153137207
6338 0.8420000076293945 0.4626700282096863
6339 0.8433399796485901 0.46105000376701355
6340 0.850659966468811 0.46300002932548523
6341 0.8552599549293518 0.4657599925994873
6342 0.8568000197410583 0.4732699692249298
6343 0.8522099852561951 0.46963998675346375
6344 0.8489399552345276 0.4728100001811981
6345 0.8477400541305542 0.4667300581932068
6346 0.8443999886512756 0.4647999405860901
6347 0.8449801206588745 0.4693300426006317
6348 0.877289891242981 0.6112899780273438
6349 0.8767899870872498 0.6051499843597412
6350 0.8779600858688354 0.5991299748420715
6351 0.8770999908447266 0.593280017375946
6352 0.8779300451278687 0.5875200629234314
6353 0.8776501417160034 0.5757099986076355
6354 0.8769599199295044 0.5818800330162048
6355 0.8770800232887268 0.5623199939727783
6356 0.8765801191329956 0.569819986820221
6357 0.8761400580406189 0.5469200015068054
6358 0.8759999871253967 0.5559300780296326
6359 0.8740500807762146 0.5297499299049377
6360 0.874480128288269 0.5400599837303162
6361 0.8749199509620667 0.6109799742698669
6362 0.8759999871253967 0.5991399884223938
6363 0.8761300444602966 0.5876200199127197
6364 0.8758999109268188 0.5763999819755554
6365 0.8755000829696655 0.5639299750328064
6366 0.8747700452804565 0.5494299530982971
6367 0.8726200461387634 0.5332499146461487
6368 0.8748301267623901 0.6169400215148926
6369 0.8464199304580688 0.4614100158214569
6370 0.8485399484634399 0.45614001154899597
6371 0.8608299493789673 0.4769100546836853
6372 0.8619999885559082 0.4850000739097595
6373 0.865320086479187 0.4895699620246887
6374 0.8664199113845825 0.49936002492904663
6375 0.8452000021934509 0.44937998056411743
6376 0.8530501127243042 0.45750001072883606
6377 0.8596000075340271 0.4690399765968323
6378 0.864389955997467 0.48062998056411743
6379 0.8720301389694214 0.5228300094604492
6380 0.8715800642967224 0.5118499398231506
6381 0.8691100478172302 0.5053200125694275
6382 0.8682499527931213 0.4948100447654724
6383 0.8698800802230835 0.5161799788475037
6384 0.8046101331710815 0.4776000380516052
6385 0.8023200035095215 0.48962000012397766
6386 0.7978100180625916 0.46880003809928894
6387 0.7982699871063232 0.44791004061698914
6388 0.802619993686676 0.4314100444316864
6389 0.8090199828147888 0.42003005743026733
6390 0.8136700391769409 0.6787300109863281
6391 0.8239699602127075 0.6833500266075134
6392 0.856890082359314 0.5813000202178955
6393 0.8586901426315308 0.5855899453163147
6394 0.8589500784873962 0.5933099389076233
6395 0.8534899353981018 0.6046900153160095
6396 0.8521699905395508 0.5991500020027161
6397 0.8507099747657776 0.5922300219535828
6398 0.8576401472091675 0.5960999131202698
6399 0.8159499764442444 0.47727006673812866
6400 0.8120599389076233 0.47519996762275696
6401 0.8102198839187622 0.4846300482749939
6402 0.817560076713562 0.48687002062797546
6403 0.8144799470901489 0.4925699830055237
6404 0.8148699402809143 0.5147799849510193
6405 0.8123000860214233 0.50177001953125
6406 0.8170300126075745 0.5232700705528259
6407 0.8193000555038452 0.5299599766731262
6408 0.8079800009727478 0.49568992853164673
6409 0.821940004825592 0.6371099948883057
6410 0.8132399916648865 0.6276400089263916
6411 0.8197001218795776 0.6212400794029236
6412 0.8195900321006775 0.6301100254058838
6413 0.6104599833488464 0.7403600215911865
6414 0.602630078792572 0.7494999170303345
6415 0.590719997882843 0.7431600093841553
6416 0.5988699793815613 0.7347400188446045
6417 0.7142199873924255 0.6639599800109863
6418 0.7146600484848022 0.6747099161148071
6419 0.7051400542259216 0.680180013179779
6420 0.7057899832725525 0.6698299646377563
6421 0.5185999870300293 0.7602300047874451
6422 0.5 0.760129988193512
6423 0.5094500184059143 0.7524399757385254
6424 0.7100600600242615 0.5020899772644043
6425 0.7224000692367554 0.5225400328636169
6426 0.7111000418663025 0.5223999619483948
6427 0.6692100167274475 0.7303299903869629
6428 0.6735600829124451 0.7191700339317322
6429 0.6860899925231934 0.7168999314308167
6430 0.6891099214553833 0.7058300375938416
6431 0.7011600136756897 0.7020999193191528
6432 0.7109799981117249 0.5415700078010559
6433 0.7221299409866333 0.5442399978637695
6434 0.7196799516677856 0.5631199479103088
6435 0.7096800208091736 0.5588899254798889
6436 0.6774000525474548 0.708620011806488
6437 0.6617599129676819 0.720039963722229
6438 0.666100025177002 0.710189938545227
6439 0.7033700346946716 0.6909899711608887
6440 0.6919000148773193 0.6952400207519531
6441 0.6946600675582886 0.6847900748252869
6442 0.7011199593544006 0.5226799845695496
6443 0.701170027256012 0.5402799248695374
6444 0.7143399715423584 0.685920000076294
6445 0.6808099746704102 0.6985000371932983
6446 0.5 0.7444700598716736
6447 0.5091699957847595 0.7364799976348877
6448 0.518090009689331 0.7445200681686401
6449 0.527209997177124 0.7524399757385254
6450 0.5262699723243713 0.7366399765014648
6451 0.5353899598121643 0.7445799112319946
6452 0.5367500185966492 0.760129988193512
6453 0.5515299439430237 0.38872000575065613
6454 0.5470399856567383 0.3839400112628937
6455 0.5549899935722351 0.3827199935913086
6456 0.5592499375343323 0.3880300223827362
6457 0.5674399733543396 0.38762998580932617
6458 0.5713000297546387 0.39333999156951904
6459 0.5635200142860413 0.39326998591423035
6460 0.5170800089836121 0.3808700442314148
6461 0.5117899775505066 0.37741997838020325
6462 0.5182700157165527 0.3750400245189667
6463 0.5234499573707581 0.3787800073623657
6464 0.5302500128746033 0.37665998935699463
6465 0.5349900126457214 0.3807699978351593
6466 0.5282700061798096 0.3824799656867981
6467 0.5506200194358826 0.3774400055408478
6468 0.5592300295829773 0.3759300410747528
6469 0.5633999705314636 0.38176000118255615
6470 0.5720000267028809 0.38155004382133484
6471 0.5756800174713135 0.38788002729415894
6472 0.7100400328636169 0.3619399666786194
6473 0.7176499962806702 0.3508400321006775
6474 0.721560001373291 0.3880999684333801
6475 0.6962599754333496 0.32420995831489563
6476 0.6970900893211365 0.30903002619743347
6477 0.5948700308799744 0.4135100245475769
6478 0.5987600684165955 0.4168800711631775
6479 0.5971799492835999 0.42048999667167664
6480 0.59402996301651 0.4171600043773651
6481 0.5750300288200378 0.398639976978302
6482 0.5790299773216248 0.3938800096511841
6483 0.5820000171661377 0.39948999881744385
6484 0.5951200127601624 0.3793499767780304
6485 0.5972999930381775 0.3873099982738495
6486 0.5887399315834045 0.3842200040817261
6487 0.5856800079345703 0.3766999840736389
6488 0.598829984664917 0.39465001225471497
6489 0.6059499382972717 0.3916800022125244
6490 0.6063099503517151 0.39925000071525574
6491 0.6052899956703186 0.4267199635505676
6492 0.6020399928092957 0.43039995431900024
6493 0.5998000502586365 0.42499998211860657
6494 0.6021699905395508 0.4213099777698517
6495 0.5836300253868103 0.38896995782852173
6496 0.5863199830055237 0.3951900005340576
6497 0.5931300520896912 0.39754003286361694
6498 0.5943400263786316 0.40338996052742004
6499 0.5884299874305725 0.4009399712085724
6500 0.7192200422286987 0.4230499565601349
6501 0.7122300863265991 0.3978300094604492
6502 0.5768799781799316 0.37525999546051025
6503 0.5729299187660217 0.3680799603462219
6504 0.5823500156402588 0.3688499927520752
6505 0.6914500594139099 0.5055599808692932
6506 0.7003200054168701 0.5037999749183655
6507 0.6920899748802185 0.5231299996376038
6508 0.6985499858856201 0.48426002264022827
6509 0.7079300284385681 0.48094993829727173
6510 0.5899900794029236 0.4062800109386444
6511 0.5845499634742737 0.4046500027179718
6512 0.5995799899101257 0.41238999366760254
6513 0.6038399338722229 0.4169199764728546
6514 0.7100600600242615 0.43081000447273254
6515 0.7143899202346802 0.4538399875164032
6516 0.6192600131034851 0.43146997690200806
6517 0.6153500080108643 0.4361700415611267
6518 0.6118500232696533 0.42882996797561646
6519 0.6149500012397766 0.423939973115921
6520 0.6176499724388123 0.41826003789901733
6521 0.6100800037384033 0.41738003492355347
6522 0.6118999123573303 0.41158002614974976
6523 0.60589998960495 0.4059000015258789
6524 0.6133900284767151 0.40494996309280396
6525 0.5949699878692627 0.40879005193710327
6526 0.5998499989509583 0.40706998109817505
6527 0.5907700061798096 0.41106003522872925
6528 0.5947099328041077 0.4233200252056122
6529 0.5965399742126465 0.427979975938797
6530 0.6144999861717224 0.3889100253582001
6531 0.614329993724823 0.39737004041671753
6532 0.6049399971961975 0.3832800090312958
6533 0.6034899353981018 0.37448999285697937
6534 0.5926099419593811 0.37091997265815735
6535 0.6024499535560608 0.23507000505924225
6536 0.573710024356842 0.2313300222158432
6537 0.5517600178718567 0.22169998288154602
6538 0.6259199976921082 0.4197099804878235
6539 0.6227899193763733 0.42594000697135925
6540 0.6199899315834045 0.411730021238327
6541 0.6219200491905212 0.40439003705978394
6542 0.6308799386024475 0.40518999099731445
6543 0.6331600546836853 0.3966600298881531
6544 0.6411600112915039 0.40751001238822937
6545 0.6378600001335144 0.41548997163772583
6546 0.6231699585914612 0.39629003405570984
6547 0.6285800337791443 0.4128599762916565
6548 0.7051100134849548 0.4596800208091736
6549 0.6352700591087341 0.3872299790382385
6550 0.6241700053215027 0.3874500095844269
6551 0.6251599788665771 0.3778400123119354
6552 0.6256800293922424 0.3674600124359131
6553 0.6138600707054138 0.3705199956893921
6554 0.613309919834137 0.3603000342845917
6555 0.6436700224876404 0.42688995599746704
6556 0.6393299698829651 0.4333300292491913
6557 0.6344099640846252 0.42261001467704773
6558 0.6269400119781494 0.43462997674942017
6559 0.6226800084114075 0.4398200213909149
6560 0.6308500170707703 0.4289200007915497
6561 0.6348199844360352 0.4390299618244171
6562 0.6301299929618835 0.44416001439094543
6563 0.6432300209999084 0.44488000869750977
6564 0.637969970703125 0.4498600363731384
6565 0.6546400189399719 0.2658199965953827
6566 0.6220700144767761 0.25099995732307434
6567 0.6662799715995789 0.2844400107860565
6568 0.5437099933624268 0.35041001439094543
6569 0.5351800322532654 0.35514000058174133
6570 0.527400016784668 0.3510899841785431
6571 0.5343700051307678 0.3460400104522705
6572 0.520289957523346 0.36222001910209656
6573 0.5135999321937561 0.3587300181388855
6574 0.5204500555992126 0.3552999794483185
6575 0.5275099873542786 0.3590199947357178
6576 0.5425900816917419 0.35975000262260437
6577 0.5343000292778015 0.36305999755859375
6578 0.5251899361610413 0.3726400136947632
6579 0.5325599312782288 0.37011000514030457
6580 0.5377100110054016 0.3744800090789795
6581 0.5126299858093262 0.37137001752853394
6582 0.5195299983024597 0.3687300384044647
6583 0.5332799553871155 0.2981100082397461
6584 0.5415599942207336 0.3077700138092041
6585 0.5279399752616882 0.3107900321483612
6586 0.520039975643158 0.302729994058609
6587 0.5134000182151794 0.35172998905181885
6588 0.5197300314903259 0.3475300073623657
6589 0.5218300223350525 0.33625003695487976
6590 0.5178800225257874 0.34022000432014465
6591 0.5113700032234192 0.33757999539375305
6592 0.5163400173187256 0.3343200385570526
6593 0.5900099873542786 0.36201998591423035
6594 0.578730046749115 0.36039999127388
6595 0.5747500061988831 0.3506700396537781
6596 0.5684599876403809 0.360539972782135
6597 0.5628200173377991 0.35211998224258423
6598 0.5189499855041504 0.32840999960899353
6599 0.5222399830818176 0.3324199914932251
6600 0.5116600394248962 0.3312099874019623
6601 0.5067700743675232 0.35538002848625183
6602 0.5 0.3519499599933624
6603 0.5064899921417236 0.34832000732421875
6604 0.5060799717903137 0.3740699589252472
6605 0.5 0.37091997265815735
6606 0.5064899921417236 0.36796000599861145
6607 0.5255100131034851 0.3428199589252472
6608 0.529670000076294 0.3375900089740753
6609 0.5400099754333496 0.34012001752853394
6610 0.5125300288200378 0.34435999393463135
6611 0.6124200224876404 0.34935998916625977
6612 0.6002799868583679 0.3553600013256073
6613 0.5987300276756287 0.34459999203681946
6614 0.557159960269928 0.30622002482414246
6615 0.5644500255584717 0.3171299993991852
6616 0.5490599274635315 0.3170900046825409
6617 0.5307000279426575 0.33208000659942627
6618 0.5717200636863708 0.339570015668869
6619 0.5854300856590271 0.3415699601173401
6620 0.5874099731445312 0.35228997468948364
6621 0.569159984588623 0.32811999320983887
6622 0.579460084438324 0.31828999519348145
6623 0.583329975605011 0.330049991607666
6624 0.5971799492835999 0.33292004466056824
6625 0.5637999176979065 0.3686699867248535
6626 0.5586900115013123 0.3623099625110626
6627 0.6482300162315369 0.43915003538131714
6628 0.6515799164772034 0.4519800543785095
6629 0.6460999846458435 0.4569999873638153
6630 0.647819995880127 0.41971996426582336
6631 0.6529499888420105 0.432640016078949
6632 0.6514899730682373 0.4114299416542053
6633 0.64410001039505 0.3985900282859802
6634 0.6463800072669983 0.3885999917984009
6635 0.6367300152778625 0.3768899738788605
6636 0.6256099343299866 0.35628002882003784
6637 0.6375499367713928 0.3657500445842743
6638 0.6111500263214111 0.33761000633239746
6639 0.6250800490379333 0.34435003995895386
6640 0.5943899750709534 0.3208099901676178
6641 0.6092299818992615 0.32512998580932617
6642 0.5894899964332581 0.3082599937915802
6643 0.5733399987220764 0.30636000633239746
6644 0.5489000678062439 0.2950200140476227
6645 0.5655999779701233 0.29385998845100403
6646 0.5236999988555908 0.28787997364997864
6647 0.539680004119873 0.2839300334453583
6648 0.5 0.28516003489494324
6649 0.5130600333213806 0.2788499891757965
6650 0.510860025882721 0.2939099967479706
6651 0.5 0.3448899984359741
6652 0.5059700012207031 0.34125998616218567
6653 0.6142600178718567 0.37998002767562866
6654 0.6019100546836853 0.3652600049972534
6655 0.5232600569725037 0.32071998715400696
6656 0.516700029373169 0.31466999650001526
6657 0.5348500609397888 0.31828001141548157
6658 0.5401399731636047 0.3256700038909912
6659 0.5544499754905701 0.3264100253582001
6660 0.5566300749778748 0.33643004298210144
6661 0.5289700031280518 0.27386999130249023
6662 0.5472599864006042 0.27024999260902405
6663 0.5571200251579285 0.28161999583244324
6664 0.5754299759864807 0.2803399860858917
6665 0.582789957523346 0.29472997784614563
6666 0.6003299355506897 0.29809999465942383
6667 0.6055399775505066 0.3119800090789795
6668 0.6214900016784668 0.3178899586200714
6669 0.6240699887275696 0.3315500020980835
6670 0.6378800272941589 0.3409099876880646
6671 0.637939989566803 0.35378000140190125
6672 0.649429976940155 0.36615997552871704
6673 0.6480500102043152 0.3777599632740021
6674 0.6571000218391418 0.391789972782135
6675 0.6544099450111389 0.40199998021125793
6676 0.6610599160194397 0.41635996103286743
6677 0.6571099758148193 0.4249599575996399
6678 0.661300003528595 0.43897002935409546
6679 0.65652996301651 0.4459100067615509
6680 0.6589000225067139 0.4596800208091736
6681 0.6534900069236755 0.4649600386619568
6682 0.5 0.27178001403808594
6683 0.5162400603294373 0.26506999135017395
6684 0.5424500107765198 0.3791300058364868
6685 0.5396999716758728 0.3850700259208679
6686 0.5458800196647644 0.37230998277664185
6687 0.5526400208473206 0.34477999806404114
6688 0.5521000027656555 0.35600998997688293
6689 0.5491700172424316 0.3648700416088104
6690 0.5422200560569763 0.3331499993801117
6691 0.5282400250434875 0.32642999291419983
6692 0.5138599872589111 0.3239600360393524
6693 0.506309986114502 0.3274900019168854
6694 0.5 0.32332995533943176
6695 0.5075500011444092 0.31894001364707947
6696 0.5265100002288818 0.22216999530792236
6697 0.5 0.2158299833536148
6698 0.5 0.33799001574516296
6699 0.5056700110435486 0.3345299959182739
6700 0.5 0.31342002749443054
6701 0.5090299248695374 0.3078800141811371
6702 0.505649983882904 0.3799999952316284
6703 0.5 0.37696000933647156
6704 0.5067300200462341 0.3617899715900421
6705 0.5 0.35860997438430786
6706 0.5 0.33112001419067383
6707 0.5 0.3006500005722046
6708 0.6555100083351135 0.710349977016449
6709 0.6600800156593323 0.7013700008392334
6710 0.6701200008392334 0.7005800604820251
6711 0.6739799976348877 0.6909700036048889
6712 0.6840600371360779 0.6884499192237854
6713 0.5979700088500977 0.433459997177124
6714 0.6040200591087341 0.43654996156692505
6715 0.5990700125694275 0.43950003385543823
6716 0.587890088558197 0.7283400893211365
6717 0.5795800089836121 0.7361400127410889
6718 0.5690600275993347 0.7289599776268005
6719 0.5774999260902405 0.7215200066566467
6720 0.6922799348831177 0.5396999716758728
6721 0.684130072593689 0.5392100214958191
6722 0.6837900876998901 0.5236799716949463
6723 0.6240699887275696 0.7231100797653198
6724 0.6175900101661682 0.7314900755882263
6725 0.6065599918365479 0.7265600562095642
6726 0.6136199831962585 0.7188500761985779
6727 0.5960000157356262 0.7207499146461487
6728 0.7056899666786194 0.6599900126457214
6729 0.6967300772666931 0.6746500730514526
6730 0.6978100538253784 0.6650099754333496
6731 0.5510799884796143 0.7289800047874451
6732 0.5591400265693665 0.7215099930763245
6733 0.5609099864959717 0.7365599274635315
6734 0.5340800285339355 0.7288699746131897
6735 0.5417900085449219 0.7211700081825256
6736 0.5432400107383728 0.736750066280365
6737 0.5174599289894104 0.7286400198936462
6738 0.5 0.728670060634613
6739 0.5088000297546387 0.7208600044250488
6740 0.5926399827003479 0.4300699830055237
6741 0.5931599736213684 0.43557998538017273
6742 0.6180899739265442 0.4442799687385559
6743 0.6251999735832214 0.44885995984077454
6744 0.6199999451637268 0.4529600143432617
6745 0.700469970703125 0.5563099980354309
6746 0.6920599937438965 0.5547500252723694
6747 0.613070011138916 0.4479699730873108
6748 0.6109700202941895 0.4400999844074249
6749 0.7077799439430237 0.5740399956703186
6750 0.6994100213050842 0.570580005645752
6751 0.6401800513267517 0.46115997433662415
6752 0.6341099739074707 0.46483996510505676
6753 0.6325500011444092 0.454289972782135
6754 0.647580087184906 0.4691700339317322
6755 0.6411499977111816 0.4725499749183655
6756 0.5676000118255615 0.7142800688743591
6757 0.5496500134468079 0.7137099504470825
6758 0.5579100251197815 0.7065900564193726
6759 0.5328699946403503 0.7133799195289612
6760 0.5403299927711487 0.7058600783348083
6761 0.5877699851989746 0.4366300106048584
6762 0.5933899879455566 0.4415600001811981
6763 0.5869799256324768 0.4424299895763397
6764 0.6000300049781799 0.44606998562812805
6765 0.5934000015258789 0.4479599595069885
6766 0.6074600219726562 0.45100000500679016
6767 0.6144700050354004 0.4564099609851837
6768 0.6084399819374084 0.459229975938797
6769 0.6212300658226013 0.46202996373176575
6770 0.6152700781822205 0.4651499390602112
6771 0.6345199942588806 0.47547003626823425
6772 0.6278700232505798 0.4781399369239807
6773 0.6278900504112244 0.4681899845600128
6774 0.6409199833869934 0.48381999135017395
6775 0.6339600086212158 0.48607996106147766
6776 0.676330029964447 0.5388399958610535
6777 0.6843699812889099 0.5534600615501404
6778 0.6768499612808228 0.5522599816322327
6779 0.6916399598121643 0.5681700110435486
6780 0.6844700574874878 0.5661900043487549
6781 0.6982100009918213 0.5832200050354004
6782 0.6910600066184998 0.5801400542259216
6783 0.6896700263023376 0.6689199805259705
6784 0.6911600828170776 0.6600199341773987
6785 0.6980500221252441 0.65597003698349
6786 0.6871399879455566 0.6785500049591064
6787 0.6776999831199646 0.6814199686050415
6788 0.6812900304794312 0.6720899939537048
6789 0.664609968662262 0.6922600269317627
6790 0.6506900191307068 0.7010300159454346
6791 0.6558199524879456 0.6925100684165955
6792 0.6035599708557129 0.7136600017547607
6793 0.6108799576759338 0.7070199251174927
6794 0.6203200221061707 0.7114900350570679
6795 0.5860099792480469 0.7143599987030029
6796 0.5940999984741211 0.7079500555992126
6797 0.5763599872589111 0.7076500654220581
6798 0.5 0.7132300734519958
6799 0.5082600116729736 0.7057700157165527
6800 0.516789972782135 0.713200032711029
6801 0.6269699931144714 0.4583899974822998
6802 0.6216999888420105 0.47127002477645874
6803 0.6541100144386292 0.4777800440788269
6804 0.6477199196815491 0.4811399579048157
6805 0.6472300887107849 0.493149995803833
6806 0.6401299834251404 0.49515002965927124
6807 0.6690000891685486 0.6832099556922913
6808 0.6508200168609619 0.7194100022315979
6809 0.6403399109840393 0.717710018157959
6810 0.6455600261688232 0.7093400359153748
6811 0.6360499858856201 0.707319974899292
6812 0.6418300271034241 0.6996300220489502
6813 0.634880006313324 0.7263699173927307
6814 0.6301400065422058 0.7151099443435669
6815 0.6269400119781494 0.7043399810791016
6816 0.5252900123596191 0.7209400534629822
6817 0.5242099761962891 0.7057899832725525
6818 0.6020200252532959 0.7021399140357971
6819 0.6100100874900818 0.6964999437332153
6820 0.6181700229644775 0.7006499767303467
6821 0.5156499743461609 0.46570998430252075
6822 0.5226699709892273 0.4636799991130829
6823 0.5298399925231934 0.46598002314567566
6824 0.5230600237846375 0.46835997700691223
6825 0.5131199955940247 0.5183699727058411
6826 0.5090299248695374 0.5153399109840393
6827 0.5132099986076355 0.5127999782562256
6828 0.5166299939155579 0.5159199833869934
6829 0.5197799801826477 0.5186100006103516
6830 0.519770085811615 0.513480007648468
6831 0.5220000147819519 0.5160999894142151
6832 0.5263699889183044 0.491210013628006
6833 0.5172200202941895 0.488209992647171
6834 0.5243200659751892 0.48538997769355774
6835 0.5327500700950623 0.4887799918651581
6836 0.5481900572776794 0.4914400279521942
6837 0.5551499724388123 0.4904499650001526
6838 0.5627499222755432 0.4963500201702118
6839 0.5570899844169617 0.49698999524116516
6840 0.5727400183677673 0.517549991607666
6841 0.5694900155067444 0.5174999833106995
6842 0.5672100186347961 0.5110200047492981
6843 0.5705900192260742 0.5105699896812439
6844 0.5736299157142639 0.5105299949645996
6845 0.5655199885368347 0.5035800337791443
6846 0.5692899823188782 0.5030699372291565
6847 0.6020399928092957 0.47843000292778015
6848 0.5945900082588196 0.4803299903869629
6849 0.5936300158500671 0.47172001004219055
6850 0.6019399762153625 0.4699099659919739
6851 0.5952300429344177 0.48895999789237976
6852 0.5889100432395935 0.49066999554634094
6853 0.5869600176811218 0.4820699989795685
6854 0.6017900109291077 0.4870900511741638
6855 0.6010499596595764 0.4957900047302246
6856 0.5951600074768066 0.497590035200119
6857 0.6089500784873962 0.47631001472473145
6858 0.6084299683570862 0.48506999015808105
6859 0.5801900029182434 0.44272997975349426
6860 0.5860700011253357 0.448669970035553
6861 0.5781300067901611 0.44850996136665344
6862 0.5937700271606445 0.6970500349998474
6863 0.5849999785423279 0.7020999193191528
6864 0.5950300097465515 0.5065400004386902
6865 0.5904499888420105 0.5081899762153625
6866 0.5898399949073792 0.4991600215435028
6867 0.5829100012779236 0.49223998188972473
6868 0.5848899483680725 0.5006199479103088
6869 0.557200014591217 0.46449998021125793
6870 0.5512199997901917 0.4687199890613556
6871 0.54339998960495 0.4654800295829773
6872 0.5489599704742432 0.4616599678993225
6873 0.5862699151039124 0.5293200016021729
6874 0.5818700194358826 0.5318199992179871
6875 0.5831299424171448 0.5216500163078308
6876 0.5870800018310547 0.5197100043296814
6877 0.5274600386619568 0.5163300037384033
6878 0.5254899859428406 0.5154100060462952
6879 0.5270199775695801 0.5136199593544006
6880 0.5284299850463867 0.5144500136375427
6881 0.5753800272941589 0.5247200131416321
6882 0.5771399140357971 0.5264899730682373
6883 0.5753499865531921 0.53152996301651
6884 0.5743299126625061 0.5299200415611267
6885 0.5 0.5616899132728577
6886 0.5045700073242188 0.5574600100517273
6887 0.5093299746513367 0.5615000128746033
6888 0.5041800141334534 0.5656200051307678
6889 0.68423992395401 0.663360059261322
6890 0.6859699487686157 0.6557000279426575
6891 0.6917099952697754 0.6521900296211243
6892 0.6608800292015076 0.6839699745178223
6893 0.6475300192832947 0.6917900443077087
6894 0.6531500220298767 0.6838499307632446
6895 0.589709997177124 0.5498499870300293
6896 0.5918899178504944 0.5421599745750427
6897 0.5972300171852112 0.5406299233436584
6898 0.5954299569129944 0.5486500263214111
6899 0.6732900142669678 0.6745200157165527
6900 0.6772399544715881 0.6661500334739685
6901 0.5666999816894531 0.7006200551986694
6902 0.5762100219726562 0.6960000395774841
6903 0.5479400157928467 0.6982999444007874
6904 0.5575900077819824 0.6927599906921387
6905 0.5374899506568909 0.6904900074005127
6906 0.5276299118995667 0.6838899254798889
6907 0.5314900279045105 0.6764500141143799
6908 0.5413399338722229 0.6818900108337402
6909 0.5194500088691711 0.6776900291442871
6910 0.5220999717712402 0.6914900541305542
6911 0.5140200257301331 0.684969961643219
6912 0.5267000198364258 0.6639599800109863
6913 0.5342100262641907 0.6691199541091919
6914 0.5235400199890137 0.6706500053405762
6915 0.520639955997467 0.6329500079154968
6916 0.5248499512672424 0.6381199955940247
6917 0.5213000178337097 0.6426200270652771
6918 0.5167400240898132 0.637380063533783
6919 0.5140799880027771 0.49581000208854675
6920 0.5229399800300598 0.4950900077819824
6921 0.5227299332618713 0.49950000643730164
6922 0.5163599848747253 0.500540018081665
6923 0.5278200507164001 0.5024399757385254
6924 0.523360013961792 0.503279983997345
6925 0.528249979019165 0.4993400275707245
6926 0.5233500003814697 0.6528000235557556
6927 0.5295700430870056 0.6577900052070618
6928 0.5201699733734131 0.6585900187492371
6929 0.531059980392456 0.6983299851417542
6930 0.5156099796295166 0.6987299919128418
6931 0.5729599595069885 0.503089964389801
6932 0.5676500201225281 0.4959099590778351
6933 0.5593699812889099 0.5060400366783142
6934 0.5621299743652344 0.5046700835227966
6935 0.5635799765586853 0.5115600228309631
6936 0.5539199709892273 0.4989199936389923
6937 0.5930500030517578 0.455189973115921
6938 0.5844900012016296 0.45570996403694153
6939 0.6089000105857849 0.4677099883556366
6940 0.6154699921607971 0.4739599823951721
6941 0.6329999566078186 0.49682000279426575
6942 0.6260200142860413 0.4983200430870056
6943 0.6271299719810486 0.48813003301620483
6944 0.6098799705505371 0.5299999713897705
6945 0.6039800047874451 0.5307899117469788
6946 0.6047899723052979 0.5215499997138977
6947 0.610710084438324 0.5204500555992126
6948 0.6171299815177917 0.519770085811615
6949 0.6116799712181091 0.5108299851417542
6950 0.6181399822235107 0.5097599625587463
6951 0.6139500141143799 0.4920000433921814
6952 0.6204599738121033 0.490060031414032
6953 0.6193299889564514 0.49981001019477844
6954 0.6128100752830505 0.5013399720191956
6955 0.6248999238014221 0.5087599754333496
6956 0.6026899814605713 0.6919899582862854
6957 0.6110699772834778 0.6868800520896912
6958 0.6178399920463562 0.690790057182312
6959 0.6459899544715881 0.6827899217605591
6960 0.6517199873924255 0.6757100820541382
6961 0.6585599780082703 0.6761499643325806
6962 0.5367899537086487 0.6623299717903137
6963 0.544979989528656 0.6658700108528137
6964 0.5431900024414062 0.67330002784729
6965 0.5527200102806091 0.6839199662208557
6966 0.5639200210571289 0.6825500130653381
6967 0.5687000155448914 0.6895700097084045
6968 0.5526099801063538 0.6752700209617615
6969 0.5862500071525574 0.6917600035667419
6970 0.5959699749946594 0.6873499155044556
6971 0.680180013179779 0.6585800051689148
6972 0.6703400015830994 0.667940080165863
6973 0.6741399765014648 0.6606799960136414
6974 0.6820999383926392 0.6521400809288025
6975 0.6868500113487244 0.649139940738678
6976 0.5325499176979065 0.652209997177124
6977 0.5392499566078186 0.6562899947166443
6978 0.5795599818229675 0.6862800121307373
6979 0.6640099883079529 0.5720999836921692
6980 0.6628299355506897 0.5619400143623352
6981 0.6701899170875549 0.5629799962043762
6982 0.6709299683570862 0.573419988155365
6983 0.6773800253868103 0.5644500255584717
6984 0.6693700551986694 0.5513600707054138
6985 0.6843400001525879 0.5775399804115295
6986 0.6777300238609314 0.5753099918365479
6987 0.6719499230384827 0.5828499794006348
6988 0.6782000064849854 0.5850600600242615
6989 0.5079299807548523 0.46786999702453613
6990 0.5 0.46522998809814453
6991 0.5079200267791748 0.46307995915412903
6992 0.6015500426292419 0.46152999997138977
6993 0.684209942817688 0.5876899361610413
6994 0.6842499375343323 0.5968199372291565
6995 0.6788500547409058 0.5939199924468994
6996 0.6903600096702576 0.590749979019165
6997 0.5890499949455261 0.5359200835227966
6998 0.5938000082969666 0.5338699817657471
6999 0.5867000222206116 0.5440400242805481
7000 0.6213600039482117 0.48058992624282837
7001 0.5999699234962463 0.5139699578285217
7002 0.6054800152778625 0.51214998960495
7003 0.5995299816131592 0.5232300162315369
7004 0.6063799858093262 0.5029000639915466
7005 0.6131899952888489 0.6111599802970886
7006 0.608519971370697 0.6082300543785095
7007 0.6129699349403381 0.6045200228691101
7008 0.6176699995994568 0.6076700091362
7009 0.6139199733734131 0.6198899745941162
7010 0.609000027179718 0.6185799241065979
7011 0.6136000156402588 0.6168000102043152
7012 0.6185100078582764 0.6184399724006653
7013 0.6656100153923035 0.581279993057251
7014 0.6590999960899353 0.5807099938392639
7015 0.6565999984741211 0.571590006351471
7016 0.6732500791549683 0.5914199948310852
7017 0.6675400137901306 0.5896599888801575
7018 0.6793099641799927 0.6019799709320068
7019 0.674280047416687 0.5992699265480042
7020 0.5754500031471252 0.4548799991607666
7021 0.5826900005340576 0.4639799892902374
7022 0.5720099806785583 0.46226000785827637
7023 0.5664100050926208 0.4535899758338928
7024 0.5700299739837646 0.4481699764728546
7025 0.5582900047302246 0.4526199996471405
7026 0.5622900128364563 0.45927000045776367
7027 0.553879976272583 0.4572899639606476
7028 0.5415599942207336 0.4598500430583954
7029 0.5465400218963623 0.45612001419067383
7030 0.5240200161933899 0.5137100219726562
7031 0.5242800116539001 0.5178199410438538
7032 0.5043900012969971 0.6422200202941895
7033 0.5 0.6368399262428284
7034 0.5042499899864197 0.6317800879478455
7035 0.5085200667381287 0.6370700001716614
7036 0.5046500563621521 0.5179399847984314
7037 0.5 0.5149899125099182
7038 0.504610002040863 0.5121799111366272
7039 0.5906500220298767 0.5270599722862244
7040 0.5842599868774414 0.5381899476051331
7041 0.6003199219703674 0.5046600699424744
7042 0.5951300263404846 0.5159100890159607
7043 0.6074699759483337 0.49393004179000854
7044 0.6149500012397766 0.4828900694847107
7045 0.593299925327301 0.5561400055885315
7046 0.6012499928474426 0.5479199886322021
7047 0.5993599891662598 0.5557199120521545
7048 0.6088200211524963 0.539139986038208
7049 0.6163700222969055 0.5297099947929382
7050 0.6153600215911865 0.5391600131988525
7051 0.6240200400352478 0.5192599892616272
7052 0.6233200430870056 0.5295700430870056
7053 0.6393899917602539 0.5066999793052673
7054 0.6320499777793884 0.5078200697898865
7055 0.6312999725341797 0.5187699794769287
7056 0.5085700154304504 0.6269099712371826
7057 0.5131700038909912 0.6222100257873535
7058 0.5169200301170349 0.6275500655174255
7059 0.5126000046730042 0.6321700215339661
7060 0.5215200781822205 0.6231899857521057
7061 0.5248499512672424 0.6286500096321106
7062 0.5169900059700012 0.5210700035095215
7063 0.5135999321937561 0.5237500071525574
7064 0.5092599987983704 0.5208899974822998
7065 0.5317800045013428 0.509850025177002
7066 0.5288100242614746 0.5105299949645996
7067 0.5285800099372864 0.5079200267791748
7068 0.5320300459861755 0.507110059261322
7069 0.5243300795555115 0.5064799785614014
7070 0.5281400084495544 0.5052199959754944
7071 0.5253300070762634 0.5093200206756592
7072 0.5208200812339783 0.508109986782074
7073 0.5188000202178955 0.5046400427818298
7074 0.5102900862693787 0.502780020236969
7075 0.5141100287437439 0.5067099928855896
7076 0.5298200249671936 0.6427800059318542
7077 0.5354200005531311 0.6470100283622742
7078 0.5265200138092041 0.6476399898529053
7079 0.5178399682044983 0.6475300192832947
7080 0.5 0.6477199196815491
7081 0.509090006351471 0.6476899981498718
7082 0.5048399567604065 0.653439998626709
7083 0.556879997253418 0.5073400139808655
7084 0.5526800155639648 0.5035800337791443
7085 0.5534899830818176 0.5015000700950623
7086 0.5404999852180481 0.4923100173473358
7087 0.5399499535560608 0.4869900047779083
7088 0.5360199809074402 0.4631900191307068
7089 0.5371800065040588 0.4686400294303894
7090 0.5288700461387634 0.46150997281074524
7091 0.53451007604599 0.45879003405570984
7092 0.528890073299408 0.512660026550293
7093 0.5261800289154053 0.5117999911308289
7094 0.5224999785423279 0.5112000107765198
7095 0.5172500014305115 0.5102999806404114
7096 0.5093100070953369 0.5093700289726257
7097 0.6115699410438538 0.5894299149513245
7098 0.6171899437904358 0.5923699736595154
7099 0.6126000285148621 0.5972300171852112
7100 0.6073099970817566 0.5944700241088867
7101 0.6387400031089783 0.5894399285316467
7102 0.6327800154685974 0.5946300029754639
7103 0.6276900172233582 0.5904399752616882
7104 0.6335000395774841 0.58406001329422
7105 0.6321600079536438 0.6108799576759338
7106 0.6271499991416931 0.6072800159454346
7107 0.6321799755096436 0.6033300757408142
7108 0.6370599865913391 0.6074900031089783
7109 0.6587100028991699 0.609220027923584
7110 0.6608499884605408 0.613610029220581
7111 0.6573200225830078 0.6144599914550781
7112 0.6546199917793274 0.6106399893760681
7113 0.658519983291626 0.5969099998474121
7114 0.6529399752616882 0.5984200835227966
7115 0.6494600176811218 0.5918700098991394
7116 0.6557000279426575 0.5897200107574463
7117 0.652180016040802 0.5816400051116943
7118 0.6617100238800049 0.5890600085258484
7119 0.6452999711036682 0.5846700072288513
7120 0.6432499885559082 0.5952900052070618
7121 0.6420800089836121 0.6040700078010559
7122 0.6466000080108643 0.6087200045585632
7123 0.6420400142669678 0.6115000247955322
7124 0.6512100100517273 0.6060900092124939
7125 0.65065997838974 0.6127200126647949
7126 0.6657900214195251 0.675809919834137
7127 0.6635399460792542 0.6688099503517151
7128 0.6335000395774841 0.6971999406814575
7129 0.6398500800132751 0.6899999976158142
7130 0.6325200200080872 0.6876200437545776
7131 0.6391100287437439 0.6810399293899536
7132 0.6254300475120544 0.6941900253295898
7133 0.6254100203514099 0.6848599910736084
7134 0.6063699722290039 0.6365699768066406
7135 0.6123999953269958 0.634880006313324
7136 0.6176199913024902 0.6359999775886536
7137 0.6116200089454651 0.6380900740623474
7138 0.5767099857330322 0.6350200176239014
7139 0.5748600363731384 0.6332100033760071
7140 0.577430009841919 0.6328399777412415
7141 0.5798299908638 0.6344900131225586
7142 0.5833200812339783 0.6337099671363831
7143 0.5868600010871887 0.6353800296783447
7144 0.5827799439430237 0.6363499760627747
7145 0.5722699761390686 0.6331899762153625
7146 0.5711799263954163 0.6315000057220459
7147 0.5733399987220764 0.6316199898719788
7148 0.591219961643219 0.6343299746513367
7149 0.5956299901008606 0.6360899806022644
7150 0.5906800627708435 0.6373700499534607
7151 0.6011300086975098 0.6348900198936462
7152 0.6004599928855896 0.638159990310669
7153 0.6225100159645081 0.6373199820518494
7154 0.6233999729156494 0.6342000365257263
7155 0.6281099915504456 0.6351400017738342
7156 0.6326499581336975 0.6363999843597412
7157 0.6335499882698059 0.6332799792289734
7158 0.6378800272941589 0.6340799927711487
7159 0.6541200280189514 0.6322899460792542
7160 0.6569899916648865 0.6304799914360046
7161 0.6596300005912781 0.6309400200843811
7162 0.6573500037193298 0.6332200169563293
7163 0.6327300071716309 0.6164999604225159
7164 0.6380000114440918 0.6181399822235107
7165 0.6334800124168396 0.6195499897003174
7166 0.6280699372291565 0.6183500289916992
7167 0.6584699749946594 0.6197699904441833
7168 0.6562100052833557 0.6201500296592712
7169 0.6536499857902527 0.619100034236908
7170 0.6564900279045105 0.6182900071144104
7171 0.642009973526001 0.6352600455284119
7172 0.6426500678062439 0.6322399973869324
7173 0.6465299725532532 0.6330599784851074
7174 0.6468400359153748 0.6185899376869202
7175 0.6428399682044983 0.6195600032806396
7176 0.6424400210380554 0.6167399883270264
7177 0.6505599617958069 0.6198899745941162
7178 0.6505100131034851 0.6174700260162354
7179 0.650409996509552 0.6342999935150146
7180 0.6506199836730957 0.6314200758934021
7181 0.6346200108528137 0.6302599906921387
7182 0.6303200125694275 0.6290000081062317
7183 0.7558049559593201 0.806890070438385
7184 0.6396899819374084 0.6281700134277344
7185 0.6140900254249573 0.6230700016021729
7186 0.6196499466896057 0.6244400143623352
7187 0.7339450716972351 0.7882400155067444
7188 0.6086099743843079 0.6247300505638123
7189 0.6566700339317322 0.6279500126838684
7190 0.6542699933052063 0.6268799901008606
7191 0.7696499824523926 0.7978949546813965
7192 0.6583799719810486 0.6265000700950623
7193 0.6133599877357483 0.6313599944114685
7194 0.6078900694847107 0.6297900080680847
7195 0.7365549802780151 0.8097699284553528
7196 0.6195700168609619 0.6294799447059631
7197 0.5916100144386292 0.6312199234962463
7198 0.5873299241065979 0.6295499801635742
7199 0.7189099788665771 0.8063700199127197
7200 0.5966799855232239 0.6297900080680847
7201 0.65625 0.6219200491905212
7202 0.6581100821495056 0.6228899955749512
7203 0.7678000330924988 0.7908150553703308
7204 0.6541200280189514 0.6230000853538513
7205 0.5779200196266174 0.6303200125694275
7206 0.5759500861167908 0.6288800239562988
7207 0.7100350856781006 0.8018650412559509
7208 0.5807499885559082 0.6292399764060974
7209 0.5836600661277771 0.6308199763298035
7210 0.7133999466896057 0.8039299249649048
7211 0.5737599730491638 0.6296200156211853
7212 0.5725399851799011 0.6284299492835999
7213 0.7069549560546875 0.8008149266242981
7214 0.6345400214195251 0.6224399209022522
7215 0.6396200060844421 0.6234800219535828
7216 0.7506750226020813 0.7867599725723267
7217 0.6302300095558167 0.6240300536155701
7218 0.601830005645752 0.6315000057220459
7219 0.7268199920654297 0.8084999918937683
7220 0.6245599389076233 0.6309499740600586
7221 0.7468649744987488 0.8092750906944275
7222 0.6434299945831299 0.6293399930000305
7223 0.7623699903488159 0.8036850690841675
7224 0.6477100253105164 0.6274499893188477
7225 0.6508600115776062 0.6220700144767761
7226 0.7637449502944946 0.7889299392700195
7227 0.6477000117301941 0.6232799887657166
7228 0.6434500217437744 0.6221500039100647
7229 0.7577599883079529 0.7874099016189575
7230 0.8718199729919434 0.9878700971603394
7231 0.8742099404335022 0.984359860420227
7232 0.8775800466537476 0.9831299781799316
7233 0.8520899415016174 0.9532700181007385
7234 0.8573199510574341 0.9509400725364685
7235 0.8555001020431519 0.9535999894142151
7236 0.8785399794578552 0.979610025882721
7237 0.8808001279830933 0.9777098894119263
7238 0.8482999801635742 0.9833599328994751
7239 0.8494300246238708 0.9860900640487671
7240 0.8453100919723511 0.9817900061607361
7241 0.8639999628067017 0.9901900291442871
7242 0.8680500388145447 0.9877700209617615
7243 0.8789600729942322 0.9600200057029724
7244 0.8775700330734253 0.9589700102806091
7245 0.8771700263023376 0.9564200043678284
7246 0.8687400221824646 0.9506200551986694
7247 0.8661399483680725 0.9517799615859985
7248 0.8630399703979492 0.9499799013137817
7249 0.860230028629303 0.9886199235916138
7250 0.8554700613021851 0.9892998933792114
7251 0.853149950504303 0.9868401288986206
7252 0.8445900678634644 0.9789400100708008
7253 0.842739999294281 0.9772600531578064
7254 0.8734301328659058 0.9527400732040405
7255 0.8710299134254456 0.9528899788856506
7256 0.874970018863678 0.955530047416687
7257 0.6509600281715393 0.6285600066184998
7258 0.7669499516487122 0.8005399703979492
7259 0.5073999762535095 0.6920199990272522
7260 0.5 0.6852899193763733
7261 0.5066800117492676 0.6784900426864624
7262 0.5056800246238708 0.6655700206756592
7263 0.5 0.6594399809837341
7264 0.5103700160980225 0.6592299938201904
7265 0.5096700191497803 0.5267900824546814
7266 0.5049700140953064 0.5303199887275696
7267 0.5 0.5268499851226807
7268 0.504819929599762 0.5236700177192688
7269 0.5 0.672029972076416
7270 0.5122500061988831 0.6716799736022949
7271 0.5087099671363831 0.49147993326187134
7272 0.5059999823570251 0.49872997403144836
7273 0.5 0.4949500262737274
7274 0.5 0.6987900137901306
7275 0.5050299763679504 0.538569986820221
7276 0.5 0.5343800187110901
7277 0.5100299715995789 0.534089982509613
7278 0.5048299431800842 0.5479199886322021
7279 0.5 0.5432400107383728
7280 0.5100999474525452 0.5429200530052185
7281 0.5083399415016174 0.4847399890422821
7282 0.5 0.487930029630661
7283 0.5044000148773193 0.6217899918556213
7284 0.5 0.6266400218009949
7285 0.5 0.5206699967384338
7286 0.5049600005149841 0.5058699250221252
7287 0.5 0.5022600293159485
7288 0.5 0.6169700026512146
7289 0.5046799778938293 0.6121699810028076
7290 0.5091099739074707 0.6171500086784363
7291 0.5 0.5090299248695374
7292 0.5077199935913086 0.45890000462532043
7293 0.5153999924659729 0.4613899886608124
7294 0.5 0.46063998341560364
7295 0.5325499176979065 0.5169000029563904
7296 0.5298699736595154 0.516700029373169
7297 0.5306800007820129 0.5146200060844421
7298 0.5334100127220154 0.5147899985313416
7299 0.5319600105285645 0.518559992313385
7300 0.535379946231842 0.5172399878501892
7301 0.534280002117157 0.518809974193573
7302 0.5313100218772888 0.5123600363731384
7303 0.5166100859642029 0.6650000214576721
7304 0.512969970703125 0.6423000693321228
7305 0.5142800211906433 0.6531199812889099
7306 0.5473199486732483 0.49876001477241516
7307 0.5453400015830994 0.4958500266075134
7308 0.5390400290489197 0.4959099590778351
7309 0.5339499115943909 0.49366000294685364
7310 0.5299699902534485 0.4962000250816345
7311 0.5350000262260437 0.4973900020122528
7312 0.5328400135040283 0.49960997700691223
7313 0.5388200283050537 0.4987099766731262
7314 0.5423600077629089 0.4979700446128845
7315 0.5218600630760193 0.45976999402046204
7316 0.7350599765777588 0.5493000149726868
7317 0.5699999928474426 0.5237799286842346
7318 0.5664100050926208 0.5234499573707581
7319 0.5658199787139893 0.5174699425697327
7320 0.5721799731254578 0.529670000076294
7321 0.5732100009918213 0.5339599251747131
7322 0.5707899928092957 0.5345500111579895
7323 0.5623300075531006 0.5229399800300598
7324 0.5658699870109558 0.5290799736976624
7325 0.5619099736213684 0.5283699631690979
7326 0.5678700804710388 0.534529983997345
7327 0.5688199996948242 0.538860023021698
7328 0.5657899975776672 0.538919985294342
7329 0.5143600106239319 0.5300800204277039
7330 0.5189700126647949 0.5336299538612366
7331 0.5148200392723083 0.5380600094795227
7332 0.518060028553009 0.5266299843788147
7333 0.5369200110435486 0.5289499759674072
7334 0.5331599712371826 0.5262899994850159
7335 0.5355300307273865 0.5239199995994568
7336 0.5389699935913086 0.5258999466896057
7337 0.5347700119018555 0.5208699703216553
7338 0.5376600623130798 0.5220100283622742
7339 0.5323399901390076 0.5221900343894958
7340 0.5367400050163269 0.5194699764251709
7341 0.5326200127601624 0.5198100209236145
7342 0.5189800262451172 0.5603299736976624
7343 0.5138999819755554 0.5649300217628479
7344 0.5145599842071533 0.5568099617958069
7345 0.5194399952888489 0.5421299934387207
7346 0.5149099826812744 0.5472800135612488
7347 0.5260400176048279 0.5262100100517273
7348 0.5227499604225159 0.5296800136566162
7349 0.5213399529457092 0.5235000252723694
7350 0.5233399868011475 0.5205900073051453
7351 0.5270299911499023 0.5211300253868103
7352 0.5268099904060364 0.518589973449707
7353 0.5294700264930725 0.5187100768089294
7354 0.5403500199317932 0.5317599773406982
7355 0.5380399823188782 0.5357499718666077
7356 0.5344399809837341 0.5325599312782288
7357 0.5414599776268005 0.5385299324989319
7358 0.5389299988746643 0.5428799986839294
7359 0.5352500081062317 0.5400000214576721
7360 0.5468900203704834 0.56454998254776
7361 0.5420599579811096 0.5700100064277649
7362 0.5366899967193604 0.5690400004386902
7363 0.5415000319480896 0.5636100172996521
7364 0.5277799963951111 0.5581899285316467
7365 0.5232400298118591 0.5631800293922424
7366 0.5236999988555908 0.5552700161933899
7367 0.5278100371360779 0.5411900877952576
7368 0.5238500237464905 0.5461999773979187
7369 0.5235099792480469 0.5373600125312805
7370 0.5272300243377686 0.5330700278282166
7371 0.5292900204658508 0.5237200260162354
7372 0.5301600098609924 0.520550012588501
7373 0.5449900031089783 0.551110029220581
7374 0.5414400100708008 0.5565900206565857
7375 0.5362700819969177 0.5551900267601013
7376 0.5399699807167053 0.5499200224876404
7377 0.5468299984931946 0.557919979095459
7378 0.5364900231361389 0.5623300075531006
7379 0.5304499268531799 0.5293200016021729
7380 0.5313900113105774 0.5366299748420715
7381 0.5318499207496643 0.5447400212287903
7382 0.5319700241088867 0.5529599785804749
7383 0.5319899916648865 0.560509979724884
7384 0.5840499997138977 0.5513500571250916
7385 0.5784100890159607 0.5529099106788635
7386 0.581540048122406 0.5460500121116638
7387 0.6041799187660217 0.6169300079345703
7388 0.6040300726890564 0.6200799942016602
7389 0.5994300246238708 0.6187999844551086
7390 0.6040999889373779 0.6115699410438538
7391 0.599560022354126 0.6089500784873962
7392 0.6038100123405457 0.605440080165863
7393 0.5496399998664856 0.5772500038146973
7394 0.5537400245666504 0.5714399814605713
7395 0.5600500106811523 0.5714399814605713
7396 0.5561099648475647 0.577269971370697
7397 0.5872499942779541 0.5569400191307068
7398 0.5810999870300293 0.5580200552940369
7399 0.5527200102806091 0.5829799771308899
7400 0.5629000067710876 0.5768399834632874
7401 0.559499979019165 0.5824800133705139
7402 0.5907400250434875 0.5631499886512756
7403 0.5842999815940857 0.5636100172996521
7404 0.6030899882316589 0.5989000201225281
7405 0.5977399945259094 0.5967400074005127
7406 0.6017199158668518 0.5921800136566162
7407 0.6035299897193909 0.6232900023460388
7408 0.7255699634552002 0.7899999618530273
7409 0.5977299809455872 0.6249099373817444
7410 0.850820004940033 0.9562901258468628
7411 0.847529947757721 0.9567999839782715
7412 0.7181800603866577 0.7921149730682373
7413 0.8462299704551697 0.9598299264907837
7414 0.8436499238014221 0.9607400298118591
7415 0.5884299874305725 0.6250700354576111
7416 0.5936200022697449 0.6235799789428711
7417 0.5737800002098083 0.5703799724578857
7418 0.5699300169944763 0.5762700438499451
7419 0.5668100714683533 0.5710000395774841
7420 0.5709199905395508 0.5650600790977478
7421 0.5643799901008606 0.5656300187110901
7422 0.5718500018119812 0.5378599762916565
7423 0.5749899744987488 0.5350599884986877
7424 0.5662199854850769 0.5427499413490295
7425 0.5695599913597107 0.5420299172401428
7426 0.5748500227928162 0.5590999722480774
7427 0.5776299834251404 0.5643100142478943
7428 0.5807700157165527 0.5699099898338318
7429 0.5884799957275391 0.5992899537086487
7430 0.5920700430870056 0.5949699878692627
7431 0.5938799977302551 0.6008999943733215
7432 0.5911300182342529 0.609980046749115
7433 0.5949500203132629 0.6066399216651917
7434 0.5954299569129944 0.6121699810028076
7435 0.5913000106811523 0.6195499897003174
7436 0.5953699946403503 0.6174100041389465
7437 0.5947499871253967 0.6205700039863586
7438 0.5098000168800354 0.5956400036811829
7439 0.504819929599762 0.601419985294342
7440 0.5 0.5958899855613708
7441 0.5043900012969971 0.5906900763511658
7442 0.5088199973106384 0.5690799355506897
7443 0.5039500594139099 0.5729799866676331
7444 0.5 0.5692600607872009
7445 0.5 0.5857200026512146
7446 0.5040500164031982 0.5811900496482849
7447 0.5090599656105042 0.5854300856590271
7448 0.5087199807167053 0.5766900181770325
7449 0.5 0.5769000053405762
7450 0.5 0.6068200469017029
7451 0.509880006313324 0.6067799925804138
7452 0.5183600783348083 0.5751500129699707
7453 0.513700008392334 0.5801900029182434
7454 0.5135400295257568 0.5722200274467468
7455 0.5184599757194519 0.5678099989891052
7456 0.5230200290679932 0.5703000426292419
7457 0.5276200175285339 0.5725499987602234
7458 0.5232300162315369 0.5777900218963623
7459 0.5275599956512451 0.5655099749565125
7460 0.5319300293922424 0.567550003528595
7461 0.5324100852012634 0.5743299126625061
7462 0.5477799773216248 0.5708799958229065
7463 0.5434499382972717 0.5766200423240662
7464 0.5376400351524353 0.5756099820137024
7465 0.5188899636268616 0.5833799839019775
7466 0.5144900679588318 0.589449942111969
7467 0.5460600256919861 0.5831000208854675
7468 0.539650022983551 0.5826200842857361
7469 0.5500100255012512 0.5884799957275391
7470 0.5432800650596619 0.5889100432395935
7471 0.5282800197601318 0.5799400210380554
7472 0.5336999893188477 0.5815300345420837
7473 0.5243499875068665 0.5861499905586243
7474 0.5302199721336365 0.5881800055503845
7475 0.536590039730072 0.5890100002288818
7476 0.5346099734306335 0.595329999923706
7477 0.5414699912071228 0.5946300029754639
7478 0.5262799859046936 0.6192200183868408
7479 0.5181199908256531 0.617609977722168
7480 0.5233799815177917 0.613290011882782
7481 0.5143299698829651 0.6121100783348083
7482 0.520289957523346 0.6065599918365479
7483 0.5270900130271912 0.6029000282287598
7484 0.528980016708374 0.6098399758338928
7485 0.5205600261688232 0.5933399796485901
7486 0.5156400203704834 0.6005499958992004
7487 0.5340800285339355 0.6014400124549866
7488 0.5274500250816345 0.5954700112342834
7489 0.5524600148200989 0.565339982509613
7490 0.5582199692726135 0.56576007604599
7491 0.5687299370765686 0.5598999857902527
7492 0.5628700256347656 0.5602899193763733
7493 0.5774899125099182 0.5357199311256409
7494 0.5795199871063232 0.5406299233436584
7495 0.5748500227928162 0.5431399941444397
7496 0.5733099579811096 0.539870023727417
7497 0.57819002866745 0.5297300219535828
7498 0.5519999861717224 0.5593799948692322
7499 0.5573100447654724 0.5601500868797302
7500 0.5764099955558777 0.5479699969291687
7501 0.5673299431800842 0.5549600124359131
7502 0.5621200203895569 0.5551900267601013
7503 0.5527200102806091 0.5531600117683411
7504 0.5571900010108948 0.554610013961792
7505 0.5713700652122498 0.5494399666786194
7506 0.5665599703788757 0.5502700209617615
7507 0.570389986038208 0.5451700091362
7508 0.5584200024604797 0.549560010433197
7509 0.5628399848937988 0.5462499260902405
7510 0.5662999749183655 0.546209990978241
7511 0.5620999932289124 0.5503000617027283
7512 0.5727800726890564 0.5541700720787048
7513 0.5776600241661072 0.6410899758338928
7514 0.5739399790763855 0.6411600112915039
7515 0.5720600485801697 0.6379299759864807
7516 0.5754299759864807 0.6379299759864807
7517 0.581540048122406 0.6402599811553955
7518 0.5843300223350525 0.6438899636268616
7519 0.5799599289894104 0.6449000239372253
7520 0.5705900192260742 0.6352700591087341
7521 0.5686799883842468 0.6376000046730042
7522 0.5676400065422058 0.6348900198936462
7523 0.5893999934196472 0.6421199440956116
7524 0.5931200385093689 0.6460400223731995
7525 0.5874300003051758 0.648140013217926
7526 0.5992199778556824 0.643280029296875
7527 0.6038599610328674 0.6466899514198303
7528 0.5973700881004333 0.6499599814414978
7529 0.6103100180625916 0.6433500647544861
7530 0.6151400208473206 0.6463399529457092
7531 0.6086699962615967 0.6499500274658203
7532 0.6567500233650208 0.6690300703048706
7533 0.6450200080871582 0.6745499968528748
7534 0.6502799987792969 0.6684199571609497
7535 0.6323800086975098 0.6788500547409058
7536 0.6385899186134338 0.6728900671005249
7537 0.6129899621009827 0.6777900457382202
7538 0.6189000010490417 0.6815299987792969
7539 0.6048300266265869 0.6827300786972046
7540 0.5990399718284607 0.6784700751304626
7541 0.5898500084877014 0.6825900077819824
7542 0.5848199725151062 0.6771100759506226
7543 0.5746399760246277 0.6801300048828125
7544 0.5718700289726257 0.6732900142669678
7545 0.5621100068092346 0.6750000715255737
7546 0.5533999800682068 0.6676899194717407
7547 0.5617899894714355 0.6677699685096741
7548 0.5464699864387512 0.6593599915504456
7549 0.5540800094604492 0.6609799861907959
7550 0.661549985408783 0.639150083065033
7551 0.6585500240325928 0.643559992313385
7552 0.6542999744415283 0.6418600082397461
7553 0.6577799916267395 0.6378300189971924
7554 0.6258800029754639 0.6462200284004211
7555 0.6314899921417236 0.6424799561500549
7556 0.6359999775886536 0.645389974117279
7557 0.6305399537086487 0.649429976940155
7558 0.6212300658226013 0.6430299878120422
7559 0.6199399828910828 0.6496999859809875
7560 0.6406199932098389 0.6482600569725037
7561 0.641230046749115 0.6411899924278259
7562 0.6456499695777893 0.6438300013542175
7563 0.650160014629364 0.6396399140357971
7564 0.6501200199127197 0.6463199257850647
7565 0.6614699959754944 0.6627500057220459
7566 0.6678799986839294 0.6620399951934814
7567 0.6261600852012634 0.6760400533676147
7568 0.547999918460846 0.6534900069236755
7569 0.5414699912071228 0.6507499814033508
7570 0.5529399514198303 0.74440997838974
7571 0.5450000166893005 0.7522900104522705
7572 0.6571800112724304 0.730229914188385
7573 0.6458699703216553 0.7287799119949341
7574 0.6290000081062317 0.7354599237442017
7575 0.6224599480628967 0.7450399994850159
7576 0.6522300243377686 0.7408599853515625
7577 0.6346499919891357 0.7488799691200256
7578 0.6405200362205505 0.7386000156402588
7579 0.6151700019836426 0.7549099922180176
7580 0.5824299454689026 0.7513899803161621
7581 0.5713199973106384 0.7439499497413635
7582 0.574190080165863 0.759369969367981
7583 0.5551900267601013 0.759850025177002
7584 0.5632299780845642 0.7518900632858276
7585 0.5942800045013428 0.7585500478744507
7586 0.730139970779419 0.5697500109672546
7587 0.7251200079917908 0.5859900116920471
7588 0.7164499759674072 0.5790700316429138
7589 0.7266700267791748 0.6075900197029114
7590 0.7203500270843506 0.5994200110435486
7591 0.73294997215271 0.594980001449585
7592 0.7158799767494202 0.6108799576759338
7593 0.710189938545227 0.6043800711631775
7594 0.7133299112319946 0.5926799774169922
7595 0.7048699855804443 0.6508600115776062
7596 0.7116199135780334 0.644320011138916
7597 0.7133100032806396 0.6536899209022522
7598 0.7058500647544861 0.5873100161552429
7599 0.7037100195884705 0.5989099144935608
7600 0.6969199776649475 0.5944300293922424
7601 0.7066799402236938 0.6142799854278564
7602 0.7012900710105896 0.6088299751281738
7603 0.6975200176239014 0.647890031337738
7604 0.7033600211143494 0.6425999999046326
7605 0.6916099190711975 0.6454500555992126
7606 0.6964399814605713 0.6409299969673157
7607 0.6955299973487854 0.6040999889373779
7608 0.689750075340271 0.600130021572113
7609 0.6910200119018555 0.6398000121116638
7610 0.6872000098228455 0.6436300277709961
7611 0.6919799447059631 0.6200399994850159
7612 0.6879400610923767 0.616159975528717
7613 0.6889500021934509 0.6085100173950195
7614 0.6938599944114685 0.6125800013542175
7615 0.684149980545044 0.6050600409507751
7616 0.6985999345779419 0.6172500252723694
7617 0.6837900876998901 0.6126499772071838
7618 0.6795200705528259 0.6094899773597717
7619 0.7396799325942993 0.5798500180244446
7620 0.7393299341201782 0.6057700514793396
7621 0.7207399606704712 0.6184399724006653
7622 0.7150200605392456 0.627839982509613
7623 0.7112399339675903 0.6205499768257141
7624 0.7063000202178955 0.6286600232124329
7625 0.70278000831604 0.6225200295448303
7626 0.6987900137901306 0.6293500065803528
7627 0.6956700682640076 0.6243100166320801
7628 0.6927499771118164 0.6302400231361389
7629 0.6900400519371033 0.6263099312782288
7630 0.6716600060462952 0.6559900641441345
7631 0.6771199703216553 0.6544199585914612
7632 0.6833600401878357 0.6466899514198303
7633 0.679349958896637 0.6489800810813904
7634 0.8606200218200684 0.9520400762557983
7635 0.7425999641418457 0.7870849967002869
7636 0.6245399117469788 0.6228399872779846
7637 0.6229299902915955 0.6166800856590271
7638 0.6236100196838379 0.6197699904441833
7639 0.622409999370575 0.6108999848365784
7640 0.6223899722099304 0.6037300229072571
7641 0.622469961643219 0.5957300066947937
7642 0.6220300197601318 0.586679995059967
7643 0.6028199791908264 0.539609968662262
7644 0.6073699593544006 0.5477200150489807
7645 0.5986199975013733 0.5321099758148193
7646 0.5949100852012634 0.5251200199127197
7647 0.5909500122070312 0.5177199840545654
7648 0.586430013179779 0.5098699927330017
7649 0.58051997423172 0.5019500255584717
7650 0.5826799869537354 0.5112299919128418
7651 0.5669999718666077 0.4880199730396271
7652 0.5724300742149353 0.495059996843338
7653 0.5611600279808044 0.4894299805164337
7654 0.553619921207428 0.48364999890327454
7655 0.5470200181007385 0.4852699935436249
7656 0.5315600037574768 0.48309996724128723
7657 0.5387499928474426 0.48090001940727234
7658 0.5161200165748596 0.48190000653266907
7659 0.5236600041389465 0.4794299900531769
7660 0.5 0.48152998089790344
7661 0.5080299973487854 0.47867006063461304
7662 0.6273899674415588 0.614039957523346
7663 0.6179999709129333 0.6141499876976013
7664 0.6374099850654602 0.614109992980957
7665 0.6466599106788635 0.6149100661277771
7666 0.6539300084114075 0.6159500479698181
7667 0.6593099236488342 0.6175000071525574
7668 0.6541399955749512 0.6360899806022644
7669 0.6604400277137756 0.6343100070953369
7670 0.6460700035095215 0.6372500061988831
7671 0.6369500160217285 0.6386099457740784
7672 0.6270399689674377 0.6395999789237976
7673 0.6165900230407715 0.640190064907074
7674 0.6054100394248962 0.6406199932098389
7675 0.5947800278663635 0.6400700211524963
7676 0.5859799981117249 0.6388499736785889
7677 0.5789299607276917 0.6373500227928162
7678 0.573669970035553 0.6353200078010559
7679 0.5695800185203552 0.6329200267791748
7680 0.5915599465370178 0.6153600215911865
7681 0.5996900200843811 0.6146500110626221
7682 0.6087799668312073 0.6143400073051453
7683 0.5644800066947937 0.4065599739551544
7684 0.5588999390602112 0.4064900279045105
7685 0.5532699227333069 0.40375998616218567
7686 0.5589799880981445 0.40369993448257446
7687 0.5481100082397461 0.40445998311042786
7688 0.5425999760627747 0.4017300307750702
7689 0.5478000044822693 0.4009299576282501
7690 0.9471501111984253 0.9088698625564575
7691 0.9447999596595764 0.9084100127220154
7692 0.9456200003623962 0.9059900641441345
7693 0.9477199912071228 0.90652996301651
7694 0.5725600123405457 0.4185299873352051
7695 0.7595500349998474 0.6618399620056152
7696 0.5650400519371033 0.4180600345134735
7697 0.5688499808311462 0.4170699715614319
7698 0.575659990310669 0.41808992624282837
7699 0.5778999924659729 0.41905999183654785
7700 0.762969970703125 0.6632299423217773
7701 0.9490199685096741 0.9092198610305786
7702 0.9486599564552307 0.9109898805618286
7703 0.946619987487793 0.9107699990272522
7704 0.9400800466537476 0.904729962348938
7705 0.9372600317001343 0.9039498567581177
7706 0.9384299516677856 0.9013000130653381
7707 0.94132000207901 0.9019799828529358
7708 0.5559599995613098 0.41773003339767456
7709 0.560259997844696 0.416269987821579
7710 0.7551950216293335 0.6601150035858154
7711 0.9441999793052673 0.9025100469589233
7712 0.9465699791908264 0.9030600190162659
7713 0.9429599046707153 0.9054099321365356
7714 0.9429899454116821 0.8987999558448792
7715 0.9455999732017517 0.8992599844932556
7716 0.7500650882720947 0.6582449078559875
7717 0.5456299781799316 0.4174700081348419
7718 0.5504999756813049 0.41568997502326965
7719 0.5225899815559387 0.4125099778175354
7720 0.5168200135231018 0.41468000411987305
7721 0.511210024356842 0.41223999857902527
7722 0.5168399810791016 0.4099900424480438
7723 0.5339599251747131 0.4129300117492676
7724 0.5284299850463867 0.41495996713638306
7725 0.5280799865722656 0.4104500114917755
7726 0.5821400284767151 0.4198000133037567
7727 0.5816900134086609 0.41962000727653503
7728 0.581540048122406 0.4192599952220917
7729 0.5824099183082581 0.4195299744606018
7730 0.5725700259208679 0.4166199862957001
7731 0.5644999146461487 0.41527003049850464
7732 0.5687499642372131 0.41471001505851746
7733 0.9406899809837341 0.891059935092926
7734 0.9371200203895569 0.8906699419021606
7735 0.9393400549888611 0.887209951877594
7736 0.9426499605178833 0.8876100182533264
7737 0.5224900245666504 0.4171600043773651
7738 0.7311949729919434 0.6524349451065063
7739 0.5108699798583984 0.41704994440078735
7740 0.9418600797653198 0.8949900269508362
7741 0.9385499954223633 0.894599974155426
7742 0.9437900185585022 0.891480028629303
7743 0.5343099236488342 0.4172999858856201
7744 0.737809956073761 0.6542900204658508
7745 0.555109977722168 0.4142499566078186
7746 0.5596699714660645 0.4131600260734558
7747 0.5448699593544006 0.413500040769577
7748 0.5496799945831299 0.41200998425483704
7749 0.9529899954795837 0.9137898683547974
7750 0.9517999291419983 0.9145599603652954
7751 0.9515100121498108 0.913390040397644
7752 0.952690064907074 0.9127501249313354
7753 0.5818800330162048 0.42034003138542175
7754 0.5818399786949158 0.41999003291130066
7755 0.5824999809265137 0.42010998725891113
7756 0.510670006275177 0.3975300192832947
7757 0.5159199833869934 0.3955099880695343
7758 0.521329939365387 0.39848998188972473
7759 0.5161799788475037 0.4003400206565857
7760 0.5319100022315979 0.40000003576278687
7761 0.5269100069999695 0.40149998664855957
7762 0.5264000296592712 0.39681002497673035
7763 0.5745999813079834 0.41027000546455383
7764 0.5789899826049805 0.41165998578071594
7765 0.581309974193573 0.4146699905395508
7766 0.5778999924659729 0.4133100211620331
7767 0.5695599913597107 0.40942999720573425
7768 0.570129930973053 0.40723997354507446
7769 0.5842700004577637 0.4215700328350067
7770 0.58406001329422 0.4204599857330322
7771 0.5847000479698181 0.4197099804878235
7772 0.5853400230407715 0.42063000798225403
7773 0.5053200125694275 0.399539977312088
7774 0.5 0.396990031003952
7775 0.5051899552345276 0.39479997754096985
7776 0.9354800581932068 0.8866800665855408
7777 0.49999502301216125 0.8834400177001953
7778 0.9412299394607544 0.8839598894119263
7779 0.581540048122406 0.419810026884079
7780 0.7669849991798401 0.6650750637054443
7781 0.5809299945831299 0.4195299744606018
7782 0.9501299858093262 0.9138001203536987
7783 0.9501199722290039 0.9124699234962463
7784 0.9515200257301331 0.9121999740600586
7785 0.5760700106620789 0.416689932346344
7786 0.5784500241279602 0.41815999150276184
7787 0.5840200781822205 0.4192099869251251
7788 0.584119975566864 0.41808003187179565
7789 0.5852299332618713 0.4187700152397156
7790 0.724934995174408 0.6507099866867065
7791 0.5 0.4172000288963318
7792 0.5055099129676819 0.414730042219162
7793 0.5800099968910217 0.4190399944782257
7794 0.7655249834060669 0.6643350124359131
7795 0.9503499269485474 0.9110399484634399
7796 0.948419988155365 0.9125400185585022
7797 0.5837600231170654 0.416049987077713
7798 0.5825200080871582 0.41707995533943176
7799 0.5807200074195862 0.4185200035572052
7800 0.5813899636268616 0.42013001441955566
7801 0.7675949335098267 0.6654199957847595
7802 0.587119996547699 0.42089003324508667
7803 0.5857400298118591 0.4221300482749939
7804 0.5861600041389465 0.4195599853992462
7805 0.5854300856590271 0.4172999858856201
7806 0.5868899822235107 0.4182700514793396
7807 0.5825900435447693 0.41332003474235535
7808 0.5852199196815491 0.4149000346660614
7809 0.5754199624061584 0.40841004252433777
7810 0.5800999999046326 0.41001003980636597
7811 0.5649799704551697 0.4042200446128845
7812 0.570930004119873 0.4051399827003479
7813 0.5534200072288513 0.40067002177238464
7814 0.5595899224281311 0.4009700119495392
7815 0.5424099564552307 0.3978399932384491
7816 0.5480800271034241 0.3973999619483948
7817 0.5315700173377991 0.39539000391960144
7818 0.5211700797080994 0.3935699760913849
7819 0.5264400839805603 0.3919999897480011
7820 0.5105199813842773 0.3926599621772766
7821 0.5159000754356384 0.390610009431839
7822 0.5831900238990784 0.4210900664329529
7823 0.5831699967384338 0.4202899932861328
7824 0.5835999846458435 0.4198300242424011
7825 0.5831199288368225 0.41944000124931335
7826 0.583079993724823 0.4186699688434601
7827 0.5801200270652771 0.4159700274467468
7828 0.5815200209617615 0.4178900420665741
7829 0.5737400054931641 0.4123399555683136
7830 0.5768600106239319 0.4150499999523163
7831 0.5690299868583679 0.41203999519348145
7832 0.56427001953125 0.4092700183391571
7833 0.5591899752616882 0.40977999567985535
7834 0.5536800026893616 0.40713000297546387
7835 0.5488700270652771 0.4082300364971161
7836 0.5432500243186951 0.40563005208969116
7837 0.5326099991798401 0.40432000160217285
7838 0.5274900794029236 0.40588998794555664
7839 0.5217599868774414 0.40314003825187683
7840 0.510919988155365 0.40230995416641235
7841 0.5165299773216248 0.40505000948905945
7842 0.5824599862098694 0.4206700026988983
7843 0.582830011844635 0.4198400378227234
7844 0.5822799801826477 0.4190099835395813
7845 0.5791699886322021 0.4171700179576874
7846 0.572939932346344 0.41457992792129517
7847 0.5642799735069275 0.4123699963092804
7848 0.5543699860572815 0.41074997186660767
7849 0.5440800189971924 0.4095799922943115
7850 0.5333200097084045 0.4085800349712372
7851 0.5222300887107849 0.40779998898506165
7852 0.5111599564552307 0.4072999954223633
7853 0.9420599937438965 0.9078799486160278
7854 0.9391099214553833 0.907260000705719
7855 0.9441999793052673 0.9104899764060974
7856 0.9414100050926208 0.9101499915122986
7857 0.9484700560569763 0.9140300154685974
7858 0.9504299759864807 0.915130078792572
7859 0.9488100409507751 0.9155200719833374
7860 0.9463900327682495 0.9124999642372131
7861 0.9439700841903687 0.9124199151992798
7862 0.9464799165725708 0.9141701459884644
7863 0.9523700475692749 0.9157900214195251
7864 0.9510098695755005 0.9165000319480896
7865 0.5 0.4122900366783142
7866 0.5055999755859375 0.40971997380256653
7867 0.5 0.3923099637031555
7868 0.5051299929618835 0.3900499641895294
7869 0.5054900050163269 0.40448999404907227
7870 0.5 0.401809960603714
7871 0.5 0.40700003504753113
7872 0.5370200276374817 0.39871999621391296
7873 0.537060022354126 0.3943899869918823
7874 0.9355601072311401 0.9005900025367737
7875 0.9368399977684021 0.8977599740028381
7876 0.9398999810218811 0.8983498811721802
7877 0.9447299242019653 0.8953999876976013
7878 0.538360059261322 0.40700003504753113
7879 0.539139986038208 0.41112998127937317
7880 0.5397999882698059 0.41527003049850464
7881 0.7442499399185181 0.6562899351119995
7882 0.5375900268554688 0.4029200077056885
7883 0.49999499320983887 0.8811200857162476
7884 0.9439200758934021 0.8845700621604919
7885 0.945169985294342 0.888219952583313
7886 0.9462099671363831 0.8921599984169006
7887 0.946940004825592 0.8960899710655212
7888 0.9476199746131897 0.8999300003051758
7889 0.948390007019043 0.9036799669265747
7890 0.9493399262428284 0.9068899750709534
7891 0.9505199790000916 0.9092999696731567
7892 0.9517401456832886 0.9108700156211853
7893 0.9527000784873962 0.9116700887680054
7894 0.9538401365280151 0.911870002746582
7895 0.5901499390602112 0.4216199517250061
7896 0.5879799723625183 0.42309001088142395
7897 0.5884699821472168 0.4194500148296356
7898 0.5874000191688538 0.416269987821579
7899 0.5897499918937683 0.41760995984077454
7900 0.584119975566864 0.41162997484207153
7901 0.5874199867248535 0.41318994760513306
7902 0.5765299797058105 0.40639999508857727
7903 0.5817599892616272 0.4078100025653839
7904 0.5659800171852112 0.40164998173713684
7905 0.572350025177002 0.40251997113227844
7906 0.5608800053596497 0.3977299928665161
7907 0.5541899800300598 0.39740997552871704
7908 0.5429200530052185 0.39382001757621765
7909 0.5491700172424316 0.3935199975967407
7910 0.5378900170326233 0.39003998041152954
7911 0.5318999886512756 0.3908799886703491
7912 0.5269599556922913 0.38756996393203735
7913 0.521369993686676 0.388979971408844
7914 0.5105599761009216 0.38804003596305847
7915 0.5161799788475037 0.3861599564552307
7916 0.5052700042724609 0.3855400085449219
7917 0.5 0.387800008058548
7918 0.5812600255012512 0.42104002833366394
7919 0.5797600150108337 0.42125993967056274
7920 0.5809199810028076 0.42052003741264343
7921 0.9541598558425903 0.9127999544143677
7922 0.9547600150108337 0.9137700796127319
7923 0.9535799622535706 0.9148598909378052
7924 0.7681200504302979 0.6655550003051758
7925 0.5797299742698669 0.4205300211906433
7926 0.9531999230384827 0.9170699715614319
7927 0.9544300436973572 0.9160500168800354
7928 0.5841000080108643 0.4233400225639343
7929 0.5817599892616272 0.4244999885559082
7930 0.5827100276947021 0.42246001958847046
7931 0.9555400609970093 0.9173799157142639
7932 0.9556399583816528 0.914850115776062
7933 0.956820011138916 0.9160699844360352
7934 0.9562200307846069 0.9125800132751465
7935 0.9570699334144592 0.9134899377822876
7936 0.7680049538612366 0.6654700040817261
7937 0.5780200362205505 0.4212799668312073
7938 0.5759400725364685 0.4210500419139862
7939 0.5778799653053284 0.4224500358104706
7940 0.5755800604820251 0.42243000864982605
7941 0.5786600112915039 0.4256000220775604
7942 0.5800300240516663 0.42734000086784363
7943 0.5761600136756897 0.4284899830818176
7944 0.5816900134086609 0.4293999969959259
7945 0.5774999260902405 0.4308199882507324
7946 0.5833600163459778 0.42590001225471497
7947 0.585860013961792 0.42447999119758606
7948 0.5753300189971924 0.42632001638412476
7949 0.5779399871826172 0.42396000027656555
7950 0.5805299878120422 0.4232900142669678
7951 0.5817700028419495 0.4216899871826172
7952 0.5752500891685486 0.4242100417613983
7953 0.5799300074577332 0.42218998074531555
7954 0.9557099938392639 0.9117599129676819
7955 0.9582200050354004 0.9113198518753052
7956 0.585319995880127 0.42781999707221985
7957 0.5840000510215759 0.4321899712085724
7958 0.5793600082397461 0.43352001905441284
7959 0.5884799957275391 0.42649003863334656
7960 0.9618600606918335 0.9170199632644653
7961 0.9598899483680725 0.9156599640846252
7962 0.9618700742721558 0.9137600660324097
7963 0.9639800786972046 0.9148701429367065
7964 0.7653549909591675 0.6645000576972961
7965 0.5700399875640869 0.42148998379707336
7966 0.5662299990653992 0.4230099320411682
7967 0.5630199909210205 0.42191001772880554
7968 0.763124942779541 0.663640022277832
7969 0.5578699707984924 0.42361998558044434
7970 0.553380012512207 0.42211002111434937
7971 0.9666200280189514 0.9094200134277344
7972 0.9686199426651001 0.9099899530410767
7973 0.9663000106811523 0.9124999642372131
7974 0.9642000198364258 0.9116801023483276
7975 0.9602099657058716 0.9128599762916565
7976 0.9625500440597534 0.9109898805618286
7977 0.7595000267028809 0.6626899838447571
7978 0.5468500256538391 0.4240500330924988
7979 0.5408999919891357 0.4223499596118927
7980 0.970759928226471 0.907500147819519
7981 0.9729499816894531 0.9080600142478943
7982 0.9709100127220154 0.9108200073242188
7983 0.7492299675941467 0.6609200239181519
7984 0.5268800258636475 0.4225800037384033
7985 0.5194799900054932 0.4250600039958954
7986 0.5124800205230713 0.4229300022125244
7987 0.9793000221252441 0.9037899971008301
7988 0.9818400740623474 0.9042800664901733
7989 0.980199933052063 0.9070000052452087
7990 0.9774399399757385 0.9061799645423889
7991 0.542639970779419 0.4428100287914276
7992 0.5370200276374817 0.4413599967956543
7993 0.5430899262428284 0.43744996190071106
7994 0.548210084438324 0.43869999051094055
7995 0.5534200072288513 0.4394400119781494
7996 0.5539199709892273 0.43494993448257446
7997 0.5587599873542786 0.43557998538017273
7998 0.5638599991798401 0.4321100413799286
7999 0.5684800148010254 0.43216997385025024
8000 0.5639200210571289 0.43573999404907227
8001 0.5184900164604187 0.44631001353263855
8002 0.5120999813079834 0.44304996728897095
8003 0.5183600783348083 0.4400999844074249
8004 0.5246099829673767 0.4429900348186493
8005 0.5729299187660217 0.42214006185531616
8006 0.572350025177002 0.4240899682044983
8007 0.5692800879478455 0.4237000346183777
8008 0.5563700199127197 0.42691996693611145
8009 0.5520099997520447 0.4255799949169159
8010 0.5616400241851807 0.4248400032520294
8011 0.565090000629425 0.42566996812820435
8012 0.545520007610321 0.4279499650001526
8013 0.5399100184440613 0.4263000190258026
8014 0.5191400051116943 0.4296400249004364
8015 0.5123999714851379 0.4276700019836426
8016 0.526430070400238 0.4269299805164337
8017 0.9590100646018982 0.9120398759841919
8018 0.9582900404930115 0.9145098924636841
8019 0.7668850421905518 0.6651100516319275
8020 0.9582900404930115 0.9173699617385864
8021 0.9833298921585083 0.9018100500106812
8022 0.49999505281448364 0.9020000100135803
8023 0.9847098588943481 0.9047999978065491
8024 0.5722299218177795 0.4290499985218048
8025 0.5730500221252441 0.43175002932548523
8026 0.49999502301216125 0.905380129814148
8027 0.9868100881576538 0.9092000722885132
8028 0.9833298921585083 0.9079599976539612
8029 0.9818600416183472 0.9115399718284607
8030 0.978469967842102 0.9100399613380432
8031 0.5060799717903137 0.4255400002002716
8032 0.5 0.4230799973011017
8033 0.7442049980163574 0.6599900722503662
8034 0.5251299738883972 0.4492799937725067
8035 0.5195799469947815 0.45208999514579773
8036 0.5127699971199036 0.4489099979400635
8037 0.548259973526001 0.4435899555683136
8038 0.5433700084686279 0.4478699862957001
8039 0.5373100638389587 0.44707006216049194
8040 0.5589600205421448 0.4396500289440155
8041 0.5540800094604492 0.44383999705314636
8042 0.5648199915885925 0.439410001039505
8043 0.5692400336265564 0.43540000915527344
8044 0.5744100213050842 0.43467000126838684
8045 0.5120100378990173 0.4374699890613556
8046 0.5187100768089294 0.43460994958877563
8047 0.5251100063323975 0.43688005208969116
8048 0.5377100110054016 0.4357199966907501
8049 0.5441399216651917 0.4324299991130829
8050 0.5491099953651428 0.43389004468917847
8051 0.5549499988555908 0.4306900203227997
8052 0.5593600273132324 0.4315900206565857
8053 0.5642799735069275 0.4287000000476837
8054 0.5682700276374817 0.4290800094604492
8055 0.5719900131225586 0.426470011472702
8056 0.5257800221443176 0.4316299557685852
8057 0.512209951877594 0.43236997723579407
8058 0.5504699349403381 0.42945000529289246
8059 0.5387600064277649 0.4307100176811218
8060 0.5603399872779846 0.42796996235847473
8061 0.5685500502586365 0.42621996998786926
8062 0.5060200095176697 0.4300299286842346
8063 0.5 0.42781999707221985
8064 0.5309100151062012 0.44548994302749634
8065 0.5319100022315979 0.4510800242424011
8066 0.5311699509620667 0.4392400085926056
8067 0.5319499969482422 0.4337100386619568
8068 0.5328599810600281 0.42882007360458374
8069 0.5336999893188477 0.4244999885559082
8070 0.7546799182891846 0.6617799997329712
8071 0.9750400185585022 0.9055899977684021
8072 0.9755000472068787 0.9089099168777466
8073 0.5066800117492676 0.4508099853992462
8074 0.5 0.4478699862957001
8075 0.5061799883842468 0.445529967546463
8076 0.5059099793434143 0.440030038356781
8077 0.5 0.43731001019477844
8078 0.5059400200843811 0.4348599910736084
8079 0.5 0.43233007192611694
8080 0.5 0.4425800144672394
8081 0.9612999558448792 0.910379946231842
8082 0.9648900032043457 0.9089899659156799
8083 0.9688100218772888 0.9071100950241089
8084 0.9729400277137756 0.9052199721336365
8085 0.9770599603652954 0.903410017490387
8086 0.9809499382972717 0.9016099572181702
8087 0.49999499320983887 0.8995800018310547
8088 0.5072399973869324 0.45504000782966614
8089 0.5 0.452519953250885
8090 0.513729989528656 0.45387002825737
8091 0.5263299942016602 0.4542699456214905
8092 0.5206999778747559 0.45632001757621765
8093 0.5383999943733215 0.4517999291419983
8094 0.5330700278282166 0.45524999499320984
8095 0.5493000149726868 0.4480400085449219
8096 0.5446299910545349 0.45200997591018677
8097 0.5601500868797302 0.44370001554489136
8098 0.5555700659751892 0.44802001118659973
8099 0.5708399415016174 0.4388599693775177
8100 0.5667399764060974 0.4433899521827698
8101 0.576650083065033 0.4380600154399872
8102 0.5110200047492981 0.38314002752304077
8103 0.5220800042152405 0.3842799961566925
8104 0.5330100059509277 0.3862200081348419
8105 0.5679200291633606 0.3981199562549591
8106 0.5786100029945374 0.4034700095653534
8107 0.5906199812889099 0.41492003202438354
8108 0.5923600196838379 0.41975998878479004
8109 0.5444300174713135 0.3893599808216095
8110 0.5560399889945984 0.3933599591255188
8111 0.5 0.38280004262924194
8112 0.5865200161933899 0.4092499911785126
8113 0.5916299819946289 0.4252299964427948
8114 0.5884199738502502 0.4312100112438202
8115 0.5822100043296814 0.4372699558734894
8116 0.5735099911689758 0.4430299401283264
8117 0.5624600052833557 0.4479999840259552
8118 0.5511000156402588 0.45215994119644165
8119 0.5397800803184509 0.45559000968933105
8120 0.5275599956512451 0.45792004466056824
8121 0.5146999955177307 0.4576599895954132
8122 0.5 0.456540048122406
8123 0.5320300459861755 0.501990020275116
8124 0.5319399833679199 0.5044199824333191
8125 0.5367699265480042 0.5002699494361877
8126 0.5357599854469299 0.5021200180053711
8127 0.5353500247001648 0.504300057888031
8128 0.5351800322532654 0.5068699717521667
8129 0.5384699702262878 0.5030400156974792
8130 0.5379800200462341 0.5047199726104736
8131 0.543630063533783 0.5343999862670898
8132 0.54680997133255 0.5366600155830383
8133 0.5448399186134338 0.5407800078392029
8134 0.5519300103187561 0.5346099734306335
8135 0.5532999634742737 0.5303999781608582
8136 0.556950032711029 0.5320200324058533
8137 0.5554699897766113 0.5362899899482727
8138 0.5382699966430664 0.5177999138832092
8139 0.5410799980163574 0.5184900164604187
8140 0.5395299792289734 0.5203099846839905
8141 0.5454800128936768 0.5303699970245361
8142 0.5423099994659424 0.5280699729919434
8143 0.5423399806022644 0.5212100148200989
8144 0.5407400131225586 0.5233399868011475
8145 0.5438199639320374 0.5249099731445312
8146 0.5511000156402588 0.5469300150871277
8147 0.5507400035858154 0.5504199862480164
8148 0.5468000769615173 0.5465099811553955
8149 0.5554599761962891 0.5442699790000916
8150 0.5571699738502502 0.5412600040435791
8151 0.5603799819946289 0.5420599579811096
8152 0.5580000281333923 0.5448899865150452
8153 0.5601300597190857 0.5456600189208984
8154 0.5560899376869202 0.548210084438324
8155 0.5550299286842346 0.5464900135993958
8156 0.5608200430870056 0.5332699418067932
8157 0.5578299164772034 0.5272899270057678
8158 0.5632500052452087 0.5426200032234192
8159 0.5626099705696106 0.5384500026702881
8160 0.5520700812339783 0.5436200499534607
8161 0.5501399636268616 0.5386099815368652
8162 0.5486500263214111 0.5326200127601624
8163 0.5499400496482849 0.5285800099372864
8164 0.5468400120735168 0.5267000198364258
8165 0.5477200150489807 0.523360013961792
8166 0.5449900031089783 0.5222300887107849
8167 0.5460299849510193 0.5197799801826477
8168 0.5436800122261047 0.5192299485206604
8169 0.5421199798583984 0.5162799954414368
8170 0.5446199774742126 0.5168600082397461
8171 0.5617899894714355 0.5172500014305115
8172 0.5600100159645081 0.5119500160217285
8173 0.556689977645874 0.5122699737548828
8174 0.554639995098114 0.5084099769592285
8175 0.5581099987030029 0.522159993648529
8176 0.5578100085258484 0.5169400572776794
8177 0.5542899966239929 0.5166599750518799
8178 0.5538100600242615 0.5126000046730042
8179 0.5539999604225159 0.5258999466896057
8180 0.5542899966239929 0.5212299823760986
8181 0.5506400465965271 0.5245299935340881
8182 0.5483400225639343 0.5201000571250916
8183 0.5510299801826477 0.5205399990081787
8184 0.5513400435447693 0.5166000723838806
8185 0.9872199296951294 0.9199699759483337
8186 0.9893399477005005 0.9155398607254028
8187 0.4999949634075165 0.9178699851036072
8188 0.9907799363136292 0.9239200353622437
8189 0.9856100082397461 0.9135099649429321
8190 0.49999499320983887 0.9109000563621521
8191 0.49999499320983887 0.8858699798583984
8192 0.9334801435470581 0.890019953250885
8193 0.9297199845314026 0.889289915561676
8194 0.9337600469589233 0.8971099853515625
8195 0.9352198839187622 0.8940100073814392
8196 0.9318299889564514 0.8933400511741638
8197 0.9021300673484802 0.9561300277709961
8198 0.9015198945999146 0.9708200097084045
8199 0.49999499320983887 0.9600700736045837
8200 0.8958300352096558 0.9441900253295898
8201 0.9028200507164001 0.9315099716186523
8202 0.49999502301216125 0.9294700026512146
8203 0.9026399254798889 0.9195600152015686
8204 0.9781799912452698 0.9673200249671936
8205 0.9813299775123596 0.9523600339889526
8206 0.989109992980957 0.9422799348831177
8207 0.49999499320983887 0.9562798738479614
8208 0.9189299941062927 0.9855199456214905
8209 0.9358400702476501 0.9823599457740784
8210 0.9517499208450317 0.9870499968528748
8211 0.4999949634075165 0.9963399171829224
8212 0.9840000867843628 0.9177699685096741
8213 0.9804900884628296 0.9156799912452698
8214 0.9869800209999084 0.9320400953292847
8215 0.49999499320983887 0.9320300817489624
8216 0.9114099144935608 0.9312900304794312
8217 0.9055799841880798 0.9426499605178833
8218 0.9106301069259644 0.9217399954795837
8219 0.9106899499893188 0.9503298997879028
8220 0.9101200103759766 0.9624000191688538
8221 0.9376400709152222 0.9700799584388733
8222 0.949709951877594 0.9746900200843811
8223 0.9243899583816528 0.9734801054000854
8224 0.9178900122642517 0.9223700165748596
8225 0.9188099503517151 0.9299799203872681
8226 0.913849949836731 0.9396800398826599
8227 0.9178400039672852 0.9447199106216431
8228 0.9167199730873108 0.9544800519943237
8229 0.9285298585891724 0.9629300832748413
8230 0.9387000799179077 0.9602699875831604
8231 0.9481500387191772 0.964449942111969
8232 0.9736400246620178 0.9119900465011597
8233 0.9718899726867676 0.9152799248695374
8234 0.9688600301742554 0.913640022277832
8235 0.9667200446128845 0.9163699746131897
8236 0.9768700003623962 0.9136099815368652
8237 0.9753900170326233 0.9175400137901306
8238 0.9786500334739685 0.9198199510574341
8239 0.9842299818992615 0.9253901243209839
8240 0.9814000129699707 0.921999990940094
8241 0.9756799340248108 0.9234799742698669
8242 0.9778199791908264 0.9265900254249573
8243 0.971000075340271 0.9605599641799927
8244 0.9739099144935608 0.9483699798583984
8245 0.981440007686615 0.9405599236488342
8246 0.979919970035553 0.932200014591217
8247 0.9742399454116821 0.9381099343299866
8248 0.9648399949073792 0.9535099267959595
8249 0.9672099351882935 0.9430599808692932
8250 0.9731699228286743 0.9312400221824646
8251 0.9621500372886658 0.9207000136375427
8252 0.960080087184906 0.9188299775123596
8253 0.964380145072937 0.918739914894104
8254 0.9217800498008728 0.9346399903297424
8255 0.9247499108314514 0.9220899939537048
8256 0.9270700812339783 0.9266900420188904
8257 0.9261599183082581 0.9370899796485901
8258 0.922999918460846 0.9463700652122498
8259 0.941800057888031 0.9491199851036072
8260 0.9484900832176208 0.9546099305152893
8261 0.9326000213623047 0.9524999260902405
8262 0.9675301313400269 0.9210700392723083
8263 0.9700899720191956 0.9184699654579163
8264 0.9732900261878967 0.920989990234375
8265 0.9628300070762634 0.9373699426651001
8266 0.9682000875473022 0.9347800612449646
8267 0.960390031337738 0.9456800818443298
8268 0.9718899726867676 0.9267600774765015
8269 0.9677199721336365 0.9296199083328247
8270 0.9701499938964844 0.9237800240516663
8271 0.9408599138259888 0.9228800535202026
8272 0.9386700391769409 0.9256700873374939
8273 0.9347500205039978 0.9240499138832092
8274 0.9381700158119202 0.9209099411964417
8275 0.9421900510787964 0.9269599914550781
8276 0.9402899742126465 0.9310399293899536
8277 0.9352799654006958 0.9306000471115112
8278 0.9411500692367554 0.912350058555603
8279 0.9441400170326233 0.9142900109291077
8280 0.9413800239562988 0.9144898653030396
8281 0.9408599138259888 0.9194201231002808
8282 0.9357200264930725 0.9185199737548828
8283 0.9391499161720276 0.9172500371932983
8284 0.9381099343299866 0.9148200750350952
8285 0.9421500563621521 0.9165600538253784
8286 0.9666799902915955 0.9261101484298706
8287 0.9644699692726135 0.9231200218200684
8288 0.9639000296592712 0.9316500425338745
8289 0.9632200598716736 0.9277400374412537
8290 0.9599999785423279 0.9329299926757812
8291 0.9583300352096558 0.9386800527572632
8292 0.9450300931930542 0.9399399757385254
8293 0.9492000341415405 0.9446800947189331
8294 0.9379700422286987 0.9425400495529175
8295 0.9315199851989746 0.9374199509620667
8296 0.9305400252342224 0.9290500283241272
8297 0.9317699670791626 0.9213100075721741
8298 0.9481898546218872 0.9323200583457947
8299 0.9499400854110718 0.9357200264930725
8300 0.9437900185585022 0.9348698854446411
8301 0.9568099975585938 0.9290400147438049
8302 0.9599900245666504 0.928589940071106
8303 0.9562000632286072 0.9327200651168823
8304 0.9617900252342224 0.9245900511741638
8305 0.9600600600242615 0.9221500754356384
8306 0.9591399431228638 0.9256400465965271
8307 0.9469199776649475 0.9158200621604919
8308 0.9494500160217285 0.9170299172401428
8309 0.9476600289344788 0.9174799919128418
8310 0.9447098970413208 0.9161199927330017
8311 0.9444900155067444 0.930669903755188
8312 0.9382399916648865 0.9363499283790588
8313 0.9302300810813904 0.9447399377822876
8314 0.9235400557518005 0.9548901319503784
8315 0.9186400771141052 0.9635400176048279
8316 0.9119200110435486 0.9735899567604065
8317 0.49999502301216125 0.9838700294494629
8318 0.9544300436973572 0.9289199113845825
8319 0.9546299576759338 0.9269899725914001
8320 0.9567599892616272 0.9263700842857361
8321 0.9518199563026428 0.917900025844574
8322 0.9503000974655151 0.9185799956321716
8323 0.9529299736022949 0.9315800070762634
8324 0.9536100029945374 0.9383400678634644
8325 0.9544300436973572 0.9464000463485718
8326 0.9556999802589417 0.9559100866317749
8327 0.959350049495697 0.9643899202346802
8328 0.964340090751648 0.9740200042724609
8329 0.5 0.9840599298477173
8330 0.9583998918533325 0.9202799797058105
8331 0.9568700194358826 0.9187699556350708
8332 0.9542299509048462 0.9184199571609497
8333 0.9528099298477173 0.9193500876426697
8334 0.9554200172424316 0.9198599457740784
8335 0.9580200910568237 0.9232901334762573
8336 0.9566899538040161 0.9214600324630737
8337 0.9559499025344849 0.924280047416687
8338 0.955020010471344 0.9224200248718262
8339 0.9538899660110474 0.9208298921585083
8340 0.9540600180625916 0.9251700043678284
8341 0.952970027923584 0.9279800057411194
8342 0.9520901441574097 0.9263100028038025
8343 0.9510201215744019 0.9298200011253357
8344 0.9531999230384827 0.9234200119972229
8345 0.9433099031448364 0.9242200255393982
8346 0.9450899362564087 0.9247099161148071
8347 0.9449600577354431 0.9272699952125549
8348 0.945650041103363 0.917940080165863
8349 0.943399965763092 0.9185199737548828
8350 0.9448800086975098 0.9203600287437439
8351 0.9428700804710388 0.9212799668312073
8352 0.9444699883460999 0.9229599237442017
8353 0.946169912815094 0.9221600890159607
8354 0.946899950504303 0.9241899847984314
8355 0.9486199617385864 0.9191399216651917
8356 0.9468098878860474 0.9196900725364685
8357 0.9512900710105896 0.9201298952102661
8358 0.9496799111366272 0.9207800626754761
8359 0.9475001096725464 0.9292799234390259
8360 0.9500699639320374 0.927619993686676
8361 0.9473099708557129 0.9264498949050903
8362 0.9506000876426697 0.9225400686264038
8363 0.9488300681114197 0.9233399629592896
8364 0.9478999376296997 0.9214900732040405
8365 0.9514199495315552 0.9243699312210083
8366 0.949400007724762 0.9254599213600159
8367 0.9523400664329529 0.9216700196266174
8368 0.930590033531189 0.896530032157898
8369 0.9327000379562378 0.8999800086021423
8370 0.9298200011253357 0.8995400071144104
8371 0.9282799363136292 0.8926700353622437
8372 0.9273300170898438 0.8959999680519104
8373 0.4999949634075165 0.8884500861167908
8374 0.9246000647544861 0.8919200301170349
8375 0.9383200407028198 0.9097499847412109
8376 0.9378600120544434 0.9123000502586365
8377 0.9345301389694214 0.9031700491905212
8378 0.936210036277771 0.9064599275588989
8379 0.9335699677467346 0.9055600166320801
8380 0.9319300055503845 0.9025400876998901
8381 0.929390013217926 0.9022599458694458
8382 0.9268399477005005 0.9023399949073792
8383 0.9268599152565002 0.8992400169372559
8384 0.9237599968910217 0.8990498781204224
8385 0.9239300489425659 0.8954700827598572
8386 0.9097499847412109 0.9142199158668518
8387 0.49999502301216125 0.9102300405502319
8388 0.9098600745201111 0.9069700241088867
8389 0.9204100370407104 0.8948699235916138
8390 0.49999499320983887 0.8910199403762817
8391 0.916620135307312 0.916580080986023
8392 0.9158400893211365 0.9105400443077087
8393 0.9217700362205505 0.9126400351524353
8394 0.9229401350021362 0.9174299836158752
8395 0.9303199052810669 0.9064799547195435
8396 0.9313100576400757 0.9047399163246155
8397 0.9323800802230835 0.9079899787902832
8398 0.9351800680160522 0.9091100096702576
8399 0.9306899309158325 0.9107499718666077
8400 0.9340500235557556 0.9121399521827698
8401 0.929550051689148 0.9179200530052185
8402 0.9276099801063538 0.9136900305747986
8403 0.9293799996376038 0.9046100378036499
8404 0.9340900778770447 0.9154500365257263
8405 0.9284500479698181 0.9081000685691833
8406 0.9272499680519104 0.9052800536155701
8407 0.924530029296875 0.9063200354576111
8408 0.9239500761032104 0.9026599526405334
8409 0.920400083065033 0.9033199548721313
8410 0.9202899932861328 0.898930013179779
8411 0.9160500168800354 0.8991299271583557
8412 0.49999502301216125 0.8942299485206604
8413 0.9256200194358826 0.9100099205970764
8414 0.9207900762557983 0.9079599976539612
8415 0.915690004825592 0.9046899080276489
8416 0.49999502301216125 0.9000500440597534
8417 0.5363399982452393 0.5151100158691406
8418 0.5341600775718689 0.5123199820518494
8419 0.537060022354126 0.5125300288200378
8420 0.5346699357032776 0.509630024433136
8421 0.5393000245094299 0.5156099796295166
8422 0.5396900177001953 0.5016899704933167
8423 0.5416200160980225 0.5005099773406982
8424 0.5514699816703796 0.5130299925804138
8425 0.5511599183082581 0.5102500319480896
8426 0.5527999997138977 0.5094099640846252
8427 0.5468199849128723 0.5170699954032898
8428 0.5489299893379211 0.5168899893760681
8429 0.5493500232696533 0.5136799812316895
8430 0.5444700121879578 0.5001599788665771
8431 0.5482800006866455 0.5011600852012634
8432 0.5519199967384338 0.5054000020027161
8433 0.5487899780273438 0.5033800005912781
8434 0.5511699318885803 0.5069900155067444
8435 0.5374600291252136 0.5097399353981018
8436 0.5378100275993347 0.5070099830627441
8437 0.5400199890136719 0.5100600123405457
8438 0.5397899746894836 0.5129199624061584
8439 0.5424699783325195 0.51350998878479
8440 0.545769989490509 0.5024499893188477
8441 0.5433400273323059 0.5026800036430359
8442 0.5489500164985657 0.5054200291633606
8443 0.5465400218963623 0.5046799778938293
8444 0.5493999123573303 0.5109099745750427
8445 0.5491099953651428 0.5088899731636047
8446 0.5503399968147278 0.5082600116729736
8447 0.544979989528656 0.5139499306678772
8448 0.54721999168396 0.5140200257301331
8449 0.5473299622535706 0.5112199783325195
8450 0.5398300290107727 0.5048299431800842
8451 0.5401000380516052 0.5072999596595764
8452 0.5414599776268005 0.503849983215332
8453 0.5429300665855408 0.5057700276374817
8454 0.5443599820137024 0.5047100186347961
8455 0.5449100136756897 0.5110800266265869
8456 0.5448499321937561 0.5086600184440613
8457 0.5472099781036377 0.5089399814605713
8458 0.542419970035553 0.5079100131988525
8459 0.542419970035553 0.5106000304222107
8460 0.5469499230384827 0.5068399906158447
8461 0.5489100813865662 0.5071799755096436
8462 0.5448300242424011 0.5066099762916565
8463 0.8377699851989746 0.9732199311256409
8464 0.8383699655532837 0.9729099869728088
8465 0.8400999307632446 0.9734000563621521
8466 0.8709698915481567 0.9844899773597717
8467 0.8729299902915955 0.9810299873352051
8468 0.8757399916648865 0.9807100296020508
8469 0.8585299849510193 0.954569935798645
8470 0.8569000959396362 0.9576500654220581
8471 0.8540200591087341 0.9566298723220825
8472 0.8474799394607544 0.980509877204895
8473 0.8507599830627441 0.9812799692153931
8474 0.8517499566078186 0.9840599298477173
8475 0.8644599914550781 0.9868100881576538
8476 0.8676699995994568 0.9840201139450073
8477 0.8775700330734253 0.9612599611282349
8478 0.8761300444602966 0.9609599709510803
8479 0.8758898973464966 0.9584399461746216
8480 0.868619978427887 0.9541400671005249
8481 0.8661299347877502 0.9559999108314514
8482 0.8636199235916138 0.9535999894142151
8483 0.8573299646377563 0.9864999055862427
8484 0.8614300489425659 0.9852100014686584
8485 0.8555899262428284 0.9839600324630737
8486 0.8438500761985779 0.9762800931930542
8487 0.846280038356781 0.9774499535560608
8488 0.8724799752235413 0.9557300209999084
8489 0.8700799942016602 0.9570499658584595
8490 0.8735600113868713 0.9587298631668091
8491 0.8526000380516052 0.9597400426864624
8492 0.8494800329208374 0.959380030632019
8493 0.8475399613380432 0.9624900221824646
8494 0.8447399735450745 0.9627400040626526
8495 0.8614000678062439 0.9561200141906738
8496 0.8819499611854553 0.9724501371383667
8497 0.881139874458313 0.9702800512313843
8498 0.8816800117492676 0.9685300588607788
8499 0.8807801008224487 0.9745501279830933
8500 0.878779947757721 0.9733700156211853
8501 0.8802199959754944 0.9719200134277344
8502 0.8789500594139099 0.9762400388717651
8503 0.8765400648117065 0.9772700667381287
8504 0.8554800748825073 0.960879921913147
8505 0.8596200346946716 0.9594000577926636
8506 0.8581399917602539 0.962679922580719
8507 0.8542900085449219 0.981410026550293
8508 0.8495899438858032 0.978350043296814
8509 0.852940022945404 0.9787300825119019
8510 0.8646899461746216 0.9830999970436096
8511 0.8671399354934692 0.9804100394248962
8512 0.8700299859046936 0.9809899926185608
8513 0.8676699995994568 0.9590901136398315
8514 0.8653799295425415 0.9616599678993225
8515 0.8638200163841248 0.9586700797080994
8516 0.8595100045204163 0.9831299781799316
8517 0.862589955329895 0.9813799858093262
8518 0.857900083065033 0.9808400869369507
8519 0.8709801435470581 0.9599800109863281
8520 0.8686500191688538 0.9619399309158325
8521 0.8506399393081665 0.9626999497413635
8522 0.8535199761390686 0.9638400077819824
8523 0.8618999123573303 0.9618901014328003
8524 0.8587299585342407 0.9725800156593323
8525 0.860710084438324 0.9748100638389587
8526 0.8587499260902405 0.9769800901412964
8527 0.8566699624061584 0.9745699167251587
8528 0.8542299866676331 0.9721099138259888
8529 0.8540100455284119 0.9757699966430664
8530 0.8515400290489197 0.9732099175453186
8531 0.8515700697898865 0.9699100852012634
8532 0.8540300726890564 0.9681400656700134
8533 0.8566199541091919 0.9703100919723511
8534 0.858460009098053 0.9679099321365356
8535 0.8603100180625916 0.9701399803161621
8536 0.8621901273727417 0.9722399711608887
8537 0.8641300201416016 0.9741700887680054
8538 0.8626800179481506 0.9768700003623962
8539 0.8634399771690369 0.9695200324058533
8540 0.8617400527000427 0.9673699736595154
8541 0.8712700605392456 0.9778500199317932
8542 0.8739299774169922 0.9777399301528931
8543 0.8652900457382202 0.9714699387550354
8544 0.8672500252723694 0.9731301069259644
8545 0.8661900162696838 0.9759398698806763
8546 0.8664101362228394 0.9688600301742554
8547 0.8647800087928772 0.9668198823928833
8548 0.8743700385093689 0.9746999740600586
8549 0.8767399787902832 0.974299967288971
8550 0.8741198778152466 0.9612399339675903
8551 0.8759199380874634 0.9625500440597534
8552 0.87444007396698 0.9628400206565857
8553 0.8718299865722656 0.962440013885498
8554 0.8728700280189514 0.9670800566673279
8555 0.8713399171829224 0.9692600965499878
8556 0.8694700598716736 0.9681100249290466
8557 0.8712500333786011 0.9658699631690979
8558 0.8766299486160278 0.972040057182312
8559 0.8781499862670898 0.9713500738143921
8560 0.8682299256324768 0.97052001953125
8561 0.8678101301193237 0.9664100408554077
8562 0.8694000244140625 0.9742799401283264
8563 0.870180070400238 0.9716300368309021
8564 0.8743399977684021 0.9678999185562134
8565 0.8761900663375854 0.9684299826622009
8566 0.8753200173377991 0.9702000021934509
8567 0.8731899857521057 0.9699000716209412
8568 0.8722800612449646 0.9721399545669556
8569 0.8741198778152466 0.9653100371360779
8570 0.8753299713134766 0.9662500023841858
8571 0.8418699502944946 0.9742899537086487
8572 0.8427800536155701 0.9752501249313354
8573 0.844789981842041 0.9745699167251587
8574 0.84757000207901 0.9751400351524353
8575 0.840179979801178 0.9725599884986877
8576 0.8418699502944946 0.9732299447059631
8577 0.8484300374984741 0.9652000069618225
8578 0.8457899689674377 0.9648600220680237
8579 0.8384900093078613 0.9721699357032776
8580 0.8392000198364258 0.9714899659156799
8581 0.8409000039100647 0.9719700217247009
8582 0.8490700125694275 0.9709800481796265
8583 0.8485199213027954 0.9733700156211853
8584 0.8464899659156799 0.9714099168777466
8585 0.8468800187110901 0.9693299531936646
8586 0.8489900231361389 0.9681600332260132
8587 0.8374500274658203 0.9709600806236267
8588 0.8384900093078613 0.9700299501419067
8589 0.8402500152587891 0.9707199335098267
8590 0.8427900671958923 0.9739800095558167
8591 0.8433499932289124 0.9744500517845154
8592 0.8424000144004822 0.9727500677108765
8593 0.84319007396698 0.9735299348831177
8594 0.8440999984741211 0.9730600714683533
8595 0.8427199721336365 0.964900016784668
8596 0.8429599404335022 0.9631199836730957
8597 0.8438900709152222 0.9647899270057678
8598 0.8412500023841858 0.965660035610199
8599 0.8433099389076233 0.9658199548721313
8600 0.84197998046875 0.9666799902915955
8601 0.8433299660682678 0.9690499901771545
8602 0.8450099229812622 0.9681800603866577
8603 0.8449500799179077 0.970069944858551
8604 0.8447199463844299 0.9662600159645081
8605 0.8445400595664978 0.9717198610305786
8606 0.8433199524879456 0.9707299470901489
8607 0.8416200280189514 0.9698900580406189
8608 0.8420100212097168 0.971389889717102
8609 0.8370299935340881 0.9691900610923767
8610 0.8385500311851501 0.9682101011276245
8611 0.83992999792099 0.9690499901771545
8612 0.8416799902915955 0.9681700468063354
8613 0.8434000015258789 0.9673399925231934
8614 0.8402299880981445 0.967460036277771
8615 0.8466300368309021 0.966949999332428
8616 0.8511900305747986 0.9663400053977966
8617 0.8563099503517151 0.965660035610199
8618 0.8601499199867249 0.9650100469589233
8619 0.8634200096130371 0.9644699692726135
8620 0.8665300011634827 0.9642600417137146
8621 0.8697100281715393 0.9642199873924255
8622 0.8729700446128845 0.9641099572181702
8623 0.8751698732376099 0.9637899994850159
8624 0.8790699243545532 0.9700899720191956
8625 0.8797899484634399 0.9686899781227112
8626 0.877780020236969 0.9690199494361877
8627 0.8771399855613708 0.9704499840736389
8628 0.8745599389076233 0.9722300171852112
8629 0.8718600273132324 0.9747499823570251
8630 0.8685799241065979 0.9773300886154175
8631 0.8647199273109436 0.9788499474525452
8632 0.8607000708580017 0.9792199730873108
8633 0.8561200499534607 0.9784098863601685
8634 0.8509398698806763 0.9759000539779663
8635 0.8456801176071167 0.9729099869728088
8636 0.8434100151062012 0.9722800254821777
8637 0.6612100005149841 0.538919985294342
8638 0.6687300205230713 0.5388200283050537
8639 0.6618199944496155 0.5507699847221375
8640 0.5970600247383118 0.5630199909210205
8641 0.6055899262428284 0.5557499527931213
8642 0.6033899784088135 0.5633900165557861
8643 0.6139299869537354 0.5479599833488464
8644 0.6223599910736084 0.5393400192260742
8645 0.6210100054740906 0.5485400557518005
8646 0.6388300061225891 0.5181099772453308
8647 0.6383000016212463 0.5290799736976624
8648 0.6306300163269043 0.5293899178504944
8649 0.6538600325584412 0.5504899621009827
8650 0.6547899842262268 0.561489999294281
8651 0.6297900080680847 0.5395500063896179
8652 0.6480200290679932 0.5724000334739685
8653 0.6456099152565002 0.5616999268531799
8654 0.6456599831581116 0.5393900275230408
8655 0.6535699963569641 0.5390999913215637
8656 0.6454400420188904 0.5504400134086609
8657 0.6368899941444397 0.5501000285148621
8658 0.635960042476654 0.5608999729156494
8659 0.6270899772644043 0.5589199662208557
8660 0.6327099800109863 0.5710999965667725
8661 0.6243800520896912 0.5680800080299377
8662 0.6069700121879578 0.5720600485801697
8663 0.6134700179100037 0.57396000623703
8664 0.6096699833869934 0.5810099244117737
8665 0.6034999489784241 0.5789600014686584
8666 0.6057299971580505 0.5870199799537659
8667 0.6158999800682068 0.5835099816322327
8668 0.6272600293159485 0.5796999931335449
8669 0.6400099396705627 0.5768899917602539
8670 0.5941600203514099 0.569920003414154
8671 0.5875899791717529 0.5697399973869324
8672 0.5972499847412109 0.5773400664329529
8673 0.5997200012207031 0.5850400328636169
8674 0.5935400128364563 0.5833399891853333
8675 0.5958700180053711 0.5903000235557556
8676 0.5769700407981873 0.5758699774742126
8677 0.5733299851417542 0.5814999938011169
8678 0.5663999915122986 0.5818900465965271
8679 0.5839400291442871 0.5758600234985352
8680 0.5869899392127991 0.5820899605751038
8681 0.589709997177124 0.588670015335083
8682 0.5832900404930115 0.5874199867248535
8683 0.5861100554466248 0.5934900641441345
8684 0.6203499436378479 0.5764099955558777
8685 0.6168199181556702 0.5659499764442444
8686 0.6121699810028076 0.5563300251960754
8687 0.556689977645874 0.587890088558197
8688 0.5633800029754639 0.5872600078582764
8689 0.5545499920845032 0.5930799841880798
8690 0.5480999946594238 0.5938500761985779
8691 0.5406399369239807 0.6002600193023682
8692 0.5469300150871277 0.5991000533103943
8693 0.5348400473594666 0.6074699759483337
8694 0.5407099723815918 0.6056900024414062
8695 0.5363199710845947 0.613070011138916
8696 0.5312600135803223 0.6158499717712402
8697 0.576740026473999 0.5868100523948669
8698 0.5700899958610535 0.5868100523948669
8699 0.5802000164985657 0.5814999938011169
8700 0.590749979019165 0.5763099789619446
8701 0.600600004196167 0.5706700682640076
8702 0.6098899841308594 0.5644199848175049
8703 0.6192799210548401 0.5573899745941162
8704 0.6286600232124329 0.549340009689331
8705 0.6376299858093262 0.539609968662262
8706 0.6460199952125549 0.5284000039100647
8707 0.5649399757385254 0.6340599656105042
8708 0.5648300051689148 0.6314200758934021
8709 0.5670499801635742 0.6323300004005432
8710 0.5381500124931335 0.6421199440956116
8711 0.5436499714851379 0.6455600261688232
8712 0.5331699848175049 0.6381499767303467
8713 0.528659999370575 0.6336999535560608
8714 0.5326099991798401 0.6294500231742859
8715 0.5292900204658508 0.6245599389076233
8716 0.5337100028991699 0.6210399270057678
8717 0.540910005569458 0.637499988079071
8718 0.5364900231361389 0.6337800025939941
8719 0.5397199988365173 0.6296700835227966
8720 0.5364199280738831 0.6256199479103088
8721 0.5736899971961975 0.5919299721717834
8722 0.5799699425697327 0.5924599766731262
8723 0.5464100241661072 0.6041200160980225
8724 0.54653000831604 0.6087799668312073
8725 0.5413900017738342 0.610759973526001
8726 0.5529999732971191 0.5980899930000305
8727 0.5520300269126892 0.602840006351471
8728 0.5608999729156494 0.5924500823020935
8729 0.5589699745178223 0.5973700881004333
8730 0.567300021648407 0.59197998046875
8731 0.5425900816917419 0.61531001329422
8732 0.538100004196167 0.6179900169372559
8733 0.5402500033378601 0.6222500205039978
8734 0.5630499720573425 0.6217599511146545
8735 0.5621600151062012 0.6197800040245056
8736 0.5646399855613708 0.6189599633216858
8737 0.565090000629425 0.620870053768158
8738 0.5901599526405334 0.6047599911689758
8739 0.5989599823951721 0.602940022945404
8740 0.6081500053405762 0.6015500426292419
8741 0.6176000237464905 0.600380003452301
8742 0.6273999810218811 0.5994099974632263
8743 0.6374899744987488 0.5992500185966492
8744 0.6473899483680725 0.6009399890899658
8745 0.6560500264167786 0.6041799187660217
8746 0.5675200819969177 0.6186800003051758
8747 0.5705500245094299 0.6190400123596191
8748 0.5702300071716309 0.6208199858665466
8749 0.567579984664917 0.6205300688743591
8750 0.5650100111961365 0.5969200134277344
8751 0.5710800290107727 0.5968199372291565
8752 0.5645399689674377 0.616849958896637
8753 0.5677899718284607 0.616640031337738
8754 0.5866499543190002 0.6083099842071533
8755 0.5876299738883972 0.6131899952888489
8756 0.5835199952125549 0.6115099787712097
8757 0.5710899829864502 0.6169800162315369
8758 0.5743399262428284 0.6179400086402893
8759 0.5734400153160095 0.619920015335083
8760 0.582859992980957 0.5980400443077087
8761 0.5851200222969055 0.6033300757408142
8762 0.5799099802970886 0.6022400259971619
8763 0.5770699977874756 0.5971899628639221
8764 0.568399965763092 0.6143699288368225
8765 0.5720099806785583 0.6147099137306213
8766 0.5820199847221375 0.60698002576828
8767 0.5771899819374084 0.6129899621009827
8768 0.5755400061607361 0.6156100630760193
8769 0.5733299851417542 0.6121000647544861
8770 0.5793600082397461 0.6101400256156921
8771 0.5809900164604187 0.6144199967384338
8772 0.5559999942779541 0.6491199135780334
8773 0.5549200177192688 0.6548500061035156
8774 0.5497000217437744 0.6480299830436707
8775 0.5514199733734131 0.6427900195121765
8776 0.5458800196647644 0.6406000256538391
8777 0.5580800175666809 0.6387500166893005
8778 0.5572199821472168 0.6436200141906738
8779 0.5530499815940857 0.6377900242805481
8780 0.5546799302101135 0.6334400177001953
8781 0.5481100082397461 0.6359000205993652
8782 0.5504199862480164 0.6316099762916565
8783 0.5436499714851379 0.6330900192260742
8784 0.5466399788856506 0.6226599812507629
8785 0.5429900288581848 0.6259199976921082
8786 0.5443699955940247 0.6192399859428406
8787 0.5542600154876709 0.6178299784660339
8788 0.5505399703979492 0.6199799180030823
8789 0.5486400127410889 0.6166800856590271
8790 0.5529099106788635 0.6147299408912659
8791 0.5464100241661072 0.629069983959198
8792 0.5529199242591858 0.628089964389801
8793 0.5495100021362305 0.6256800293922424
8794 0.5528600215911865 0.6228600144386292
8795 0.5472800135612488 0.6129899621009827
8796 0.5623199939727783 0.6358500123023987
8797 0.5623999238014221 0.6328200697898865
8798 0.5654900074005127 0.6368899941444397
8799 0.559689998626709 0.6314399838447571
8800 0.56072998046875 0.6287299990653992
8801 0.5627899765968323 0.6301999688148499
8802 0.5583999752998352 0.6270899772644043
8803 0.5600299835205078 0.6248599886894226
8804 0.5617899894714355 0.626579999923706
8805 0.5614399909973145 0.6231200098991394
8806 0.5580400824546814 0.6228500008583069
8807 0.5600500106811523 0.6210799813270569
8808 0.5615400671958923 0.6175299286842346
8809 0.5587900280952454 0.6187600493431091
8810 0.5571499466896057 0.6133999824523926
8811 0.5520400404930115 0.6111900210380554
8812 0.5568199753761292 0.6100800037384033
8813 0.5517200827598572 0.6072199940681458
8814 0.5648199915885925 0.6145200133323669
8815 0.5612800121307373 0.6151099801063538
8816 0.5674300193786621 0.6054700016975403
8817 0.5621600151062012 0.6057500243186951
8818 0.5632800459861755 0.6015099883079529
8819 0.5690100193023682 0.6013500094413757
8820 0.5745900273323059 0.6015600562095642
8821 0.5615900158882141 0.60944002866745
8822 0.5569000244140625 0.6062300205230713
8823 0.5576099753379822 0.6019899845123291
8824 0.5693899989128113 0.61176997423172
8825 0.5653800368309021 0.6119099259376526
8826 0.5751299858093262 0.6091799736022949
8827 0.5707700252532959 0.6088100075721741
8828 0.5773300528526306 0.605959951877594
8829 0.5724999904632568 0.605440080165863
8830 0.5662299990653992 0.6089699864387512
8831 0.5613099932670593 0.6124899983406067
8832 0.5577700138092041 0.6161999702453613
8833 0.5559899806976318 0.6205400824546814
8834 0.5556100010871887 0.6251999735832214
8835 0.5564699769020081 0.6299300193786621
8836 0.5587499737739563 0.6347699761390686
8837 0.562529981136322 0.6393899917602539
8838 0.6024100184440613 0.6696000099182129
8839 0.6075000166893005 0.6737599968910217
8840 0.5940399765968323 0.6735500693321228
8841 0.5897899270057678 0.6680999398231506
8842 0.5811900496482849 0.670799970626831
8843 0.5786399841308594 0.6645100116729736
8844 0.5703999996185303 0.6664000153541565
8845 0.6205499768257141 0.6726399660110474
8846 0.6272299885749817 0.6679100394248962
8847 0.6326399445533752 0.6706399917602539
8848 0.6442499756813049 0.6671599745750427
8849 0.6496099829673767 0.6620299816131592
8850 0.6553099751472473 0.6627299785614014
8851 0.660099983215332 0.6573800444602966
8852 0.6658300757408142 0.6569499969482422
8853 0.6152099967002869 0.6691699624061584
8854 0.6385599970817566 0.6655499935150146
8855 0.5830699801445007 0.6578699946403503
8856 0.586120069026947 0.6628100275993347
8857 0.5767099857330322 0.658780038356781
8858 0.593209981918335 0.661300003528595
8859 0.5976300239562988 0.6655099987983704
8860 0.6049099564552307 0.6627600193023682
8861 0.6099500060081482 0.6659200191497803
8862 0.6168799996376038 0.662559986114502
8863 0.6220600008964539 0.6651999950408936
8864 0.6282200217247009 0.6617699265480042
8865 0.6332200169563293 0.6638000011444092
8866 0.6390699744224548 0.6599000096321106
8867 0.6442199349403381 0.6610000133514404
8868 0.649660050868988 0.6569499969482422
8869 0.6547399163246155 0.6573700308799744
8870 0.6595399975776672 0.6528499722480774
8871 0.6645299792289734 0.6522899270057678
8872 0.6698099374771118 0.6515499949455261
8873 0.6748800277709961 0.6504899859428406
8874 0.6247400641441345 0.653219997882843
8875 0.6352099776268005 0.6525300145149231
8876 0.6294899582862854 0.6563100218772888
8877 0.6135500073432922 0.6532599925994873
8878 0.6184599995613098 0.6566500067710876
8879 0.6068800091743469 0.6568300127983093
8880 0.6020600199699402 0.6535400748252869
8881 0.5955299735069275 0.6561300158500671
8882 0.5912099480628967 0.6523299813270569
8883 0.5855100154876709 0.6533699631690979
8884 0.5823699831962585 0.6491100192070007
8885 0.6630899906158447 0.6445199847221375
8886 0.6594499945640564 0.6491699814796448
8887 0.6547200083732605 0.6482600569725037
8888 0.6500599980354309 0.6526599526405334
8889 0.6452999711036682 0.6508499979972839
8890 0.639959990978241 0.6549999713897705
8891 0.5696499943733215 0.6601499915122986
8892 0.5619500279426575 0.6611700057983398
8893 0.5620899796485901 0.655019998550415
8894 0.568340003490448 0.6487500071525574
8895 0.5690299868583679 0.6544299721717834
8896 0.5623499751091003 0.6489400267601013
8897 0.5750799775123596 0.6537399888038635
8898 0.5626699924468994 0.6435700058937073
8899 0.5778899788856506 0.649370014667511
8900 0.5759699940681458 0.6451100707054138
8901 0.5717599987983704 0.6446400284767151
8902 0.5701199173927307 0.6406700015068054
8903 0.5663700103759766 0.640019953250885
8904 0.5673999786376953 0.6438400149345398
8905 0.573460042476654 0.649139940738678
8906 0.580269992351532 0.6535000205039978
8907 0.5891900062561035 0.6573100090026855
8908 0.6001099944114685 0.6595500111579895
8909 0.6118299961090088 0.6597700119018555
8910 0.6233900189399719 0.6594499945640564
8911 0.6341800093650818 0.658519983291626
8912 0.6447600722312927 0.6563000082969666
8913 0.6547999978065491 0.653219997882843
8914 0.6640500426292419 0.6486600041389465
8915 0.8791800141334534 0.9649600386619568
8916 0.8780799508094788 0.9640899300575256
8917 0.8786500692367554 0.963100016117096
8918 0.8797699213027954 0.9640699625015259
8919 0.8773199319839478 0.9627599716186523
8920 0.8788800239562988 0.9618300795555115
8921 0.8782400488853455 0.9676499962806702
8922 0.8791599869728088 0.9664000868797302
8923 0.8805399537086487 0.9672499299049377
8924 0.8767600059509277 0.9650999307632446
8925 0.8765600919723511 0.9639900922775269
8926 0.876800000667572 0.966949999332428
8927 0.7695599794387817 0.7926599979400635
8928 0.6592900156974792 0.622219979763031
8929 0.6596400141716003 0.6232900023460388
8930 0.8800100684165955 0.9629300832748413
8931 0.880139946937561 0.9655500054359436
8932 0.8779698610305786 0.9657801389694214
8933 0.668720006942749 0.647599995136261
8934 0.6733999848365784 0.6466100215911865
8935 0.6646299958229065 0.6137199997901917
8936 0.6657000184059143 0.6179900169372559
8937 0.6623600125312805 0.6173099875450134
8938 0.6606900095939636 0.6197800040245056
8939 0.661549985408783 0.6213600039482117
8940 0.6598600745201111 0.620959997177124
8941 0.6631799340248108 0.6201900839805603
8942 0.6703900694847107 0.6043800711631775
8943 0.6714200377464294 0.6110699772834778
8944 0.6671800017356873 0.6094200015068054
8945 0.6656699776649475 0.6032299995422363
8946 0.6691399216651917 0.5972999930381775
8947 0.6750199794769287 0.6066200137138367
8948 0.6608800292015076 0.6032199859619141
8949 0.663919985294342 0.5964899659156799
8950 0.6756400465965271 0.6136599183082581
8951 0.6796799302101135 0.6166899800300598
8952 0.6629199981689453 0.6087999939918518
8953 0.6684499382972717 0.6149500012397766
8954 0.6760900020599365 0.6205100417137146
8955 0.6722599267959595 0.6173200011253357
8956 0.6868900656700134 0.62295001745224
8957 0.683440089225769 0.6197800040245056
8958 0.6869900226593018 0.639150083065033
8959 0.6840800642967224 0.6422600150108337
8960 0.6880999207496643 0.6314700245857239
8961 0.6857699751853943 0.6286299824714661
8962 0.6797800064086914 0.6237199902534485
8963 0.6830300688743591 0.6263099312782288
8964 0.6844900846481323 0.6333199143409729
8965 0.6822699904441833 0.6318899989128113
8966 0.6775299310684204 0.6456599831581116
8967 0.6810299158096313 0.6443900465965271
8968 0.684149980545044 0.6389300227165222
8969 0.6821299195289612 0.6406300067901611
8970 0.6762700080871582 0.6419000029563904
8971 0.6796200275421143 0.641230046749115
8972 0.6811400055885315 0.636709988117218
8973 0.683169960975647 0.6371999382972717
8974 0.6598600745201111 0.6270800232887268
8975 0.7704899907112122 0.7960150241851807
8976 0.6599699854850769 0.6256899833679199
8977 0.7700749635696411 0.7939649820327759
8978 0.6606199741363525 0.6232500076293945
8979 0.6601800322532654 0.6241499781608582
8980 0.8810200095176697 0.9659799933433533
8981 0.7702800035476685 0.7945249676704407
8982 0.6611899733543396 0.624530017375946
8983 0.6603299975395203 0.6248900294303894
8984 0.8805999755859375 0.9645500183105469
8985 0.8808001279830933 0.9650400876998901
8986 0.770425021648407 0.7949600219726562
8987 0.6609200835227966 0.6289500594139099
8988 0.6628100275993347 0.6288700103759766
8989 0.6621000170707703 0.6312999725341797
8990 0.6636099815368652 0.635129988193512
8991 0.6670899987220764 0.6353999972343445
8992 0.6655799746513367 0.6398200392723083
8993 0.6646699905395508 0.6315400004386902
8994 0.6700700521469116 0.6395900249481201
8995 0.6678000092506409 0.6444100737571716
8996 0.6722599267959595 0.6431699395179749
8997 0.663320004940033 0.6236500144004822
8998 0.661899983882904 0.6226500868797302
8999 0.6633999943733215 0.6222000122070312
9000 0.6691299676895142 0.6198200583457947
9001 0.6690499782562256 0.6237099766731262
9002 0.6660099625587463 0.6213399767875671
9003 0.672200083732605 0.6276400089263916
9004 0.6704999208450317 0.6303300261497498
9005 0.6683200597763062 0.6263700127601624
9006 0.6657000184059143 0.6237000823020935
9007 0.6667900085449219 0.6278499960899353
9008 0.6650400161743164 0.6252699494361877
9009 0.6640999913215637 0.6262800097465515
9010 0.6629700064659119 0.6247300505638123
9011 0.6710600256919861 0.6348400115966797
9012 0.6676000356674194 0.6313300132751465
9013 0.6725800037384033 0.622990071773529
9014 0.6745800375938416 0.6325600147247314
9015 0.674560010433197 0.6380299925804138
9016 0.6761000156402588 0.6273499131202698
9017 0.6783199906349182 0.6367300152778625
9018 0.6794400215148926 0.63059002161026
9019 0.6647800803184509 0.6285300254821777
9020 0.6628000140190125 0.6269199848175049
9021 0.6610899567604065 0.6258000731468201
9022 0.5881900191307068 0.6182299256324768
9023 0.5847499966621399 0.616330087184906
9024 0.5790200233459473 0.6170899868011475
9025 0.5774099826812744 0.6192499995231628
9026 0.582319974899292 0.6188099980354309
9027 0.7022899985313416 0.3730199635028839
9028 0.6882500052452087 0.3504500091075897
9029 0.6929699182510376 0.33785998821258545
9030 0.6724500060081482 0.3152599632740021
9031 0.6714200377464294 0.30007001757621765
9032 0.7015200257301331 0.43821999430656433
9033 0.6963500380516052 0.41655996441841125
9034 0.7039600014686584 0.40744999051094055
9035 0.6952700018882751 0.38436001539230347
9036 0.5672100186347961 0.23923002183437347
9037 0.5480999946594238 0.22942999005317688
9038 0.5934399962425232 0.24238000810146332
9039 0.6692000031471252 0.39730000495910645
9040 0.665130078792572 0.4072599709033966
9041 0.6594700217247009 0.38086003065109253
9042 0.6506699919700623 0.3536999821662903
9043 0.661899983882904 0.3691200017929077
9044 0.6714000105857849 0.4236900210380554
9045 0.6661500334739685 0.43164998292922974
9046 0.6090599894523621 0.25565001368522644
9047 0.6367300152778625 0.26660001277923584
9048 0.5240899920463562 0.23122000694274902
9049 0.5 0.2248699814081192
9050 0.6460599899291992 0.2811500132083893
9051 0.5946599841117859 0.2828199863433838
9052 0.6132299900054932 0.28812000155448914
9053 0.6176699995994568 0.30376002192497253
9054 0.6351799964904785 0.3124000132083893
9055 0.6370700001716614 0.32708001136779785
9056 0.6517900824546814 0.34014004468917847
9057 0.5346199870109558 0.26100000739097595
9058 0.5550199151039124 0.257779985666275
9059 0.5666000247001648 0.2688800096511841
9060 0.5 0.25905999541282654
9061 0.5192599892616272 0.25268998742103577
9062 0.5861600041389465 0.27000999450683594
9063 0.5217800140380859 0.24140000343322754
9064 0.5 0.2355799823999405
9065 0.5440000891685486 0.23804999887943268
9066 0.5609700083732605 0.24766996502876282
9067 0.5842400193214417 0.24962998926639557
9068 0.5970399975776672 0.26210999488830566
9069 0.6210200190544128 0.26861000061035156
9070 0.6289600729942322 0.2815599739551544
9071 0.6499199867248535 0.29638001322746277
9072 0.6517900824546814 0.3112500011920929
9073 0.6708599328994751 0.32936999201774597
9074 0.6676899194717407 0.3427799940109253
9075 0.6829599738121033 0.36284998059272766
9076 0.6777700781822205 0.37487003207206726
9077 0.6886800527572632 0.3951700031757355
9078 0.682680070400238 0.40532997250556946
9079 0.6891299486160278 0.425169974565506
9080 0.6463599801063538 0.5171199440956116
9081 0.6467199921607971 0.5052599906921387
9082 0.6535300612449646 0.5275200009346008
9083 0.6609000563621521 0.5265899300575256
9084 0.6536300182342529 0.5156700015068054
9085 0.6769599914550781 0.41484999656677246
9086 0.6733299493789673 0.3865199685096741
9087 0.664650022983551 0.35649996995925903
9088 0.652239978313446 0.3259499967098236
9089 0.6322000026702881 0.2973800003528595
9090 0.6070199608802795 0.2739200294017792
9091 0.5754899978637695 0.25791001319885254
9092 0.5396699905395508 0.24811002612113953
9093 0.5 0.2470799833536148
9094 0.6901400089263916 0.48754000663757324
9095 0.6883400678634644 0.46977999806404114
9096 0.6964700222015381 0.4649999737739563
9097 0.6696500182151794 0.44736000895500183
9098 0.6641899943351746 0.4536900222301483
9099 0.6934599876403809 0.4452199935913086
9100 0.6821399331092834 0.43327000737190247
9101 0.6858200430870056 0.45173999667167664
9102 0.6785299777984619 0.45754000544548035
9103 0.6807499527931213 0.4741000533103943
9104 0.6661099791526794 0.46847003698349
9105 0.6602000594139099 0.473550021648407
9106 0.6823300719261169 0.49076002836227417
9107 0.6832500100135803 0.5073800086975098
9108 0.6738600134849548 0.47866004705429077
9109 0.6671900153160095 0.4831099808216095
9110 0.6721400618553162 0.46303993463516235
9111 0.6759300231933594 0.524429976940155
9112 0.6755099892616272 0.5093600153923035
9113 0.6606400012969971 0.48726004362106323
9114 0.6540399193763733 0.490619957447052
9115 0.6538100242614746 0.5033699870109558
9116 0.6683300733566284 0.5254600048065186
9117 0.6680300235748291 0.5116000175476074
9118 0.667699933052063 0.49747997522354126
9119 0.6748800277709961 0.4940800368785858
9120 0.6607699990272522 0.5137900710105896
9121 0.6607099175453186 0.5007100105285645
9122 0.6756500601768494 0.4407000243663788
9123 0.6861000061035156 0.635699987411499
9124 0.6898799538612366 0.6351600289344788
9125 0.6948599815368652 0.6350700259208679
9126 0.7013499736785889 0.6353999972343445
9127 0.7092300057411194 0.6359700560569763
9128 0.7182599306106567 0.6363499760627747
9129 0.7235000133514404 0.668150007724762
9130 0.7206900119781494 0.6460599899291992
9131 0.7223300337791443 0.6568099856376648
9132 0.7304100394248962 0.6486499905586243
9133 0.7358399629592896 0.6279199719429016
9134 0.7318800687789917 0.6170600056648254
9135 0.7248799800872803 0.6271800398826599
9136 0.7280799150466919 0.6373500227928162
9137 0.5726900100708008 0.6215800642967224
9138 0.5720600485801697 0.6230300068855286
9139 0.5700200200080872 0.6223800182342529
9140 0.5760499835014343 0.620959997177124
9141 0.574940025806427 0.6224799752235413
9142 0.567840039730072 0.6221799850463867
9143 0.5657899975776672 0.6226000189781189
9144 0.5634999871253967 0.6280500292778015
9145 0.5651500225067139 0.6292600035667419
9146 0.5629000067710876 0.6248999238014221
9147 0.5643400549888611 0.6263899803161621
9148 0.5641499161720276 0.6235499978065491
9149 0.5668699741363525 0.6301999688148499
9150 0.5689000487327576 0.6309499740600586
9151 0.56576007604599 0.6275799870491028
9152 0.567080020904541 0.6285800337791443
9153 0.5653800368309021 0.6251199841499329
9154 0.566569983959198 0.6263700127601624
9155 0.5666700005531311 0.624180018901825
9156 0.5698699951171875 0.623740017414093
9157 0.5682000517845154 0.6236500144004822
9158 0.5685300230979919 0.6294899582862854
9159 0.5703100562095642 0.6300899982452393
9160 0.5731899738311768 0.6249099373817444
9161 0.5752500891685486 0.6255000233650208
9162 0.704135000705719 0.7965949773788452
9163 0.572420060634613 0.6257800459861755
9164 0.5875999927520752 0.6212100386619568
9165 0.5851600170135498 0.6201700568199158
9166 0.5800999999046326 0.6205100417137146
9167 0.5783200263977051 0.6220099925994873
9168 0.5823900103569031 0.6216099858283997
9169 0.5760300159454346 0.6246799826622009
9170 0.5778899788856506 0.6254900097846985
9171 0.7065050005912781 0.7956500053405762
9172 0.8369999527931213 0.96642005443573
9173 0.8375600576400757 0.9673900008201599
9174 0.8359199166297913 0.968230128288269
9175 0.8354200720787048 0.9671899080276489
9176 0.8393698930740356 0.9666000008583069
9177 0.8337899446487427 0.9682399034500122
9178 0.8358601331710815 0.9660998582839966
9179 0.586080014705658 0.6238599419593811
9180 0.7128350138664246 0.794154942035675
9181 0.5825099945068359 0.6251299977302551
9182 0.8414100408554077 0.9640899300575256
9183 0.8391600251197815 0.9653900861740112
9184 0.5815600752830505 0.6241000294685364
9185 0.7098499536514282 0.7949849367141724
9186 0.5799199938774109 0.6252999901771545
9187 0.5787500739097595 0.624459981918335
9188 0.7081050276756287 0.7951699495315552
9189 0.8377799987792969 0.9648600220680237
9190 0.5676100254058838 0.6274300217628479
9191 0.5686500072479248 0.6283599734306335
9192 0.5687299370765686 0.6250200271606445
9193 0.5676100254058838 0.6255699992179871
9194 0.5683899521827698 0.6266699433326721
9195 0.5697399973869324 0.6269699931144714
9196 0.5702499747276306 0.6266400218009949
9197 0.5705099701881409 0.6270700097084045
9198 0.5702400207519531 0.6274499893188477
9199 0.5710100531578064 0.6253700256347656
9200 0.7021499872207642 0.7979850769042969
9201 0.5708399415016174 0.6262000203132629
9202 0.8370800018310547 0.97257000207901
9203 0.8369899392127991 0.9717699289321899
9204 0.8352299332618713 0.9711700081825256
9205 0.8357900381088257 0.97024005651474
9206 0.8344699144363403 0.96930992603302
9207 0.7039699554443359 0.800225019454956
9208 0.8352900147438049 0.97201007604599
9209 0.7022249698638916 0.7992650866508484
9210 0.5707899928092957 0.6274799704551697
9211 0.5707600116729736 0.6267499923706055
9212 0.8334899544715881 0.9703999161720276
9213 0.5711899399757385 0.6288599967956543
9214 0.5709800124168396 0.6280400156974792
9215 0.5700600147247314 0.6280199885368347
9216 0.5699999928474426 0.6259999871253967
9217 0.5 0.5527999997138977
9218 0.5098400115966797 0.5525599122047424
9219 0.5194799900054932 0.5515299439430237
9220 0.5279600024223328 0.5499300360679626
9221 0.5357599854469299 0.5477200150489807
9222 0.542729914188385 0.5450999736785889
9223 0.5483799576759338 0.5424799919128418
9224 0.553659975528717 0.5401399731636047
9225 0.5591400265693665 0.5375800132751465
9226 0.564509928226471 0.5341100096702576
9227 0.569350004196167 0.52947998046875
9228 0.5729699730873108 0.5240499973297119
9229 0.5755000114440918 0.5180400013923645
9230 0.5765500068664551 0.5110999941825867
9231 0.5778599381446838 0.5193600058555603
9232 0.5766100287437439 0.5027999877929688
9233 0.5794100165367126 0.5116000175476074
9234 0.5773699879646301 0.49376004934310913
9235 0.5798000693321228 0.48399999737739563
9236 0.5746399760246277 0.4755899906158447
9237 0.5837500095367432 0.47304004430770874
9238 0.592989981174469 0.4632599651813507
9239 0.6008700728416443 0.4534499943256378
9240 0.6058899760246277 0.4434099793434143
9241 0.6082800030708313 0.43300002813339233
9242 0.6079300045967102 0.42239999771118164
9243 0.6050500273704529 0.4117799401283264
9244 0.5996699929237366 0.40116000175476074
9245 0.5912700295448303 0.3911900222301483
9246 0.5803999900817871 0.3823099732398987
9247 0.5680999755859375 0.37505003809928894
9248 0.5546500086784363 0.370279997587204
9249 0.5404500365257263 0.36754000186920166
9250 0.5267199873924255 0.36600998044013977
9251 0.5133000016212463 0.3651299774646759
9252 0.5 0.36480000615119934
9253 0.5593900084495544 0.47314000129699707
9254 0.5525199770927429 0.47631001472473145
9255 0.5447400212287903 0.47200995683670044
9256 0.5304799675941467 0.47129005193710327
9257 0.5379900336265564 0.474700003862381
9258 0.5157199501991272 0.47067999839782715
9259 0.5233500003814697 0.4737100303173065
9260 0.5079500079154968 0.4731299877166748
9261 0.5 0.47036001086235046
9262 0.5665299892425537 0.4687800109386444
9263 0.5602200031280518 0.48169997334480286
9264 0.5456699728965759 0.4787299931049347
9265 0.5309600234031677 0.4770999550819397
9266 0.5158500075340271 0.4761100113391876
9267 0.5 0.4757699966430664
9268 0.5670999884605408 0.47905996441841125
9269 0.573170006275177 0.4861299991607666
9270 0.5801100134849548 0.521369993686676
9271 0.5902500152587891 0.6223499774932861
9272 0.5842499732971191 0.6227099895477295
9273 0.5988500118255615 0.6218199729919434
9274 0.6089800000190735 0.6215600371360779
9275 0.6190199851989746 0.6213600039482117
9276 0.6290599703788757 0.6212000250816345
9277 0.6387100219726562 0.6208500266075134
9278 0.6471199989318848 0.6209400296211243
9279 0.6537099480628967 0.6209800243377686
9280 0.6581299901008606 0.621150016784668
9281 0.6605600714683533 0.6221399903297424
9282 0.6617400050163269 0.6237499713897705
9283 0.6621800065040588 0.625450074672699
9284 0.6613399982452393 0.6271900534629822
9285 0.6589099764823914 0.6286900043487549
9286 0.6540799736976624 0.6296300292015076
9287 0.6470100283622742 0.6304000020027161
9288 0.6387199759483337 0.6312999725341797
9289 0.629129946231842 0.6322999596595764
9290 0.6185500025749207 0.6328799724578857
9291 0.6071199774742126 0.6333100199699402
9292 0.5961700081825256 0.6329999566078186
9293 0.5872300267219543 0.6325700283050537
9294 0.5803199410438538 0.6319800019264221
9295 0.5754799842834473 0.6311699748039246
9296 0.5720099806785583 0.6300899982452393
9297 0.569920003414154 0.6288999915122986
9298 0.569159984588623 0.6275200247764587
9299 0.5692500472068787 0.6261799931526184
9300 0.5698300004005432 0.6249600052833557
9301 0.5714700222015381 0.6243100166320801
9302 0.5740199685096741 0.6237999796867371
9303 0.577019989490509 0.62350994348526
9304 0.5802099704742432 0.6230700016021729
9305 0.7697600722312927 0.09499000757932663
9306 0.7571700811386108 0.07743000239133835
9307 0.7693399786949158 0.07740999013185501
9308 0.7825099229812622 0.09337998926639557
9309 0.8652900457382202 0.3375999927520752
9310 0.8683000206947327 0.32183000445365906
9311 0.8846701383590698 0.3454299569129944
9312 0.8821700811386108 0.3618200123310089
9313 0.8807700872421265 0.37988999485969543
9314 0.8956900238990784 0.38513997197151184
9315 0.8941298723220825 0.4034099876880646
9316 0.9100599884986877 0.6291800141334534
9317 0.9125300049781799 0.6484599709510803
9318 0.9045900702476501 0.6668099761009216
9319 0.9035200476646423 0.6463499665260315
9320 0.8151799440383911 0.22902999818325043
9321 0.8225599527359009 0.21875
9322 0.8456400632858276 0.24060000479221344
9323 0.8383399248123169 0.2510800063610077
9324 0.7870899438858032 0.1630699783563614
9325 0.7617200613021851 0.13987000286579132
9326 0.7755799889564514 0.13640999794006348
9327 0.7986199855804443 0.1579499989748001
9328 0.8041800856590271 0.19033001363277435
9329 0.7782200574874878 0.1696300208568573
9330 0.8121799826622009 0.1839500069618225
9331 0.7967700362205505 0.1986199915409088
9332 0.8289700150489807 0.21113000810146332
9333 0.8493499755859375 0.29782000184059143
9334 0.8542500138282776 0.2845099866390228
9335 0.8725200295448303 0.30764999985694885
9336 0.8317899703979492 0.2625100314617157
9337 0.8600300550460815 0.27278998494148254
9338 0.7348499894142151 0.9798399209976196
9339 0.7758999466896057 0.9604300856590271
9340 0.813510000705719 0.9555798768997192
9341 0.49999505281448364 0.9813199639320374
9342 0.7907500267028809 0.13412000238895416
9343 0.754040002822876 0.11449999362230301
9344 0.7710800170898438 0.11475001275539398
9345 0.7858700156211853 0.11320000141859055
9346 0.7551100254058838 0.09412001073360443
9347 0.8176299333572388 0.8299899697303772
9348 0.8305901288986206 0.817319929599762
9349 0.835149884223938 0.8202199935913086
9350 0.8232098817825317 0.834309995174408
9351 0.8459400534629822 0.7976199388504028
9352 0.8424700498580933 0.8086400032043457
9353 0.8309499025344849 0.8091100454330444
9354 0.7982500791549683 0.8694900870323181
9355 0.8167300224304199 0.8523398637771606
9356 0.8286399841308594 0.8515600562095642
9357 0.8095499277114868 0.8706599473953247
9358 0.8321499824523926 0.8346400260925293
9359 0.808370053768158 0.8499599695205688
9360 0.8926500678062439 0.7249599695205688
9361 0.8797899484634399 0.7417899370193481
9362 0.8812800049781799 0.723569929599762
9363 0.8938999772071838 0.7056399583816528
9364 0.8772600889205933 0.7580500245094299
9365 0.8631100058555603 0.7714099884033203
9366 0.8653498888015747 0.7567099928855896
9367 0.8596300482749939 0.7865099906921387
9368 0.8484100699424744 0.78451007604599
9369 0.7779300212860107 0.9413300156593323
9370 0.810210108757019 0.9369500875473022
9371 0.7398300170898438 0.9600300192832947
9372 0.8243799805641174 0.8690900206565857
9373 0.8007799386978149 0.8880100250244141
9374 0.7869300246238708 0.8872500061988831
9375 0.7482200264930725 0.9411100745201111
9376 0.7837100028991699 0.9231200218200684
9377 0.8107799887657166 0.9194399118423462
9378 0.7739700675010681 0.9046801328659058
9379 0.8185600638389587 0.8858699798583984
9380 0.7920099496841431 0.9051299691200256
9381 0.7613200545310974 0.9224299788475037
9382 0.8138899803161621 0.9025100469589233
9383 0.9068899750709534 0.6111500263214111
9384 0.9113799333572388 0.5942500233650208
9385 0.9154900312423706 0.6115599274635315
9386 0.9024500250816345 0.5097599625587463
9387 0.9050499200820923 0.48955005407333374
9388 0.9112600684165955 0.5082299709320068
9389 0.9081400632858276 0.5268599987030029
9390 0.9136800169944763 0.5429300665855408
9391 0.910099983215332 0.5607100129127502
9392 0.9047899842262268 0.5451999306678772
9393 0.7828999161720276 0.01042999979108572
9394 0.787909984588623 0.008070000447332859
9395 0.7912000417709351 0.010980000719428062
9396 0.7859500646591187 0.013819999992847443
9397 0.7806500792503357 0.07566999644041061
9398 0.7601199746131897 0.06340999156236649
9399 0.7710899710655212 0.062160007655620575
9400 0.7741299271583557 0.04756999760866165
9401 0.7812299728393555 0.05934000015258789
9402 0.764289915561676 0.049630001187324524
9403 0.7696899771690369 0.03689999878406525
9404 0.7783799767494202 0.034540001302957535
9405 0.7831699848175049 0.04430999979376793
9406 0.7891499996185303 0.01933000050485134
9407 0.7826600074768066 0.023169998079538345
9408 0.7801799774169922 0.016860000789165497
9409 0.7861400246620178 0.03102000057697296
9410 0.7757300734519958 0.026079999282956123
9411 0.9048100113868713 0.6870599389076233
9412 0.8946999907493591 0.6848100423812866
9413 0.90652996301651 0.5782999992370605
9414 0.9153800010681152 0.5765600204467773
9415 0.8979998826980591 0.4688200354576111
9416 0.9011801481246948 0.4456000030040741
9417 0.9075599312782288 0.4683000445365906
9418 0.9034500122070312 0.4260999858379364
9419 0.8922900557518005 0.4241499900817871
9420 0.7984899878501892 0.10961000621318817
9421 0.7940999269485474 0.08963000029325485
9422 0.8099399209022522 0.10386000573635101
9423 0.8270598649978638 0.11756999045610428
9424 0.8200398683547974 0.09749000519514084
9425 0.8367000222206116 0.10899998247623444
9426 0.8539800047874451 0.11958999186754227
9427 0.8451399803161621 0.09825000166893005
9428 0.8622399568557739 0.10619001090526581
9429 0.8863400816917419 0.09368999302387238
9430 0.8813900351524353 0.11273999512195587
9431 0.8684998750686646 0.09104999899864197
9432 0.9048299789428711 0.08758999407291412
9433 0.8880199790000916 0.07427000254392624
9434 0.9028500318527222 0.06871999055147171
9435 0.9261499643325806 0.08956000208854675
9436 0.9121599793434143 0.10503000020980835
9437 0.9199900031089783 0.07480999827384949
9438 0.9498299956321716 0.10299999266862869
9439 0.9436699151992798 0.08920000493526459
9440 0.9530500769615173 0.07604999095201492
9441 0.9592599868774414 0.09074999392032623
9442 0.9656700491905212 0.10691999644041061
9443 0.9681800603866577 0.07750999927520752
9444 0.9750300049781799 0.09391999989748001
9445 0.8883900046348572 0.3303300142288208
9446 0.9020500183105469 0.35239002108573914
9447 0.8983601331710815 0.36823999881744385
9448 0.9091700315475464 0.39031001925468445
9449 0.9061099290847778 0.4074099659919739
9450 0.9188299775123596 0.6300200819969177
9451 0.9214300513267517 0.6486100554466248
9452 0.9141000509262085 0.6677899956703186
9453 0.8519300818443298 0.23170998692512512
9454 0.8711299896240234 0.2531000077724457
9455 0.8653601408004761 0.26263999938964844
9456 0.8239599466323853 0.14774000644683838
9457 0.8350200057029724 0.14014999568462372
9458 0.853600025177002 0.15511000156402588
9459 0.8438600301742554 0.1643500179052353
9460 0.8803500533103943 0.155689999461174
9461 0.8718799948692322 0.16875001788139343
9462 0.8626099228858948 0.1435299962759018
9463 0.8331699967384338 0.1721700131893158
9464 0.8222900032997131 0.1782200187444687
9465 0.8115800619125366 0.15337000787258148
9466 0.8633399605751038 0.1799899935722351
9467 0.8542900085449219 0.18963001668453217
9468 0.8452100157737732 0.19766999781131744
9469 0.8365601301193237 0.20433999598026276
9470 0.8586400747299194 0.22414997220039368
9471 0.877639889717102 0.29506000876426697
9472 0.8930999040603638 0.31672999262809753
9473 0.8829001188278198 0.2839899957180023
9474 0.8046999573707581 0.13038001954555511
9475 0.955500066280365 0.11725999414920807
9476 0.9452099800109863 0.12473999708890915
9477 0.9410499930381775 0.11269999295473099
9478 0.8165899515151978 0.12484000623226166
9479 0.8447999954223633 0.1310800164937973
9480 0.8717699646949768 0.12961000204086304
9481 0.8992499709129333 0.12189000099897385
9482 0.8894000053405762 0.14018000662326813
9483 0.906730055809021 0.15148000419139862
9484 0.8979400396347046 0.16814997792243958
9485 0.9240699410438538 0.11654000729322433
9486 0.9152098894119263 0.1335200071334839
9487 0.9611300826072693 0.13418997824192047
9488 0.9726600050926208 0.12354999780654907
9489 0.8540000319480896 0.8017600774765015
9490 0.8447999954223633 0.8176799416542053
9491 0.9041100144386292 0.7068900465965271
9492 0.9026299118995667 0.7262400388717651
9493 0.890500009059906 0.7431799173355103
9494 0.8867000341415405 0.7615199685096741
9495 0.8731899857521057 0.7746800780296326
9496 0.8669499754905701 0.7925900816917419
9497 0.9761199951171875 0.6343500018119812
9498 0.9833000898361206 0.616119921207428
9499 0.49999499320983887 0.6332100033760071
9500 0.9831500053405762 0.6504700183868408
9501 0.975380003452301 0.3735499680042267
9502 0.9828900694847107 0.3581800162792206
9503 0.49999499320983887 0.3738600015640259
9504 0.9830599427223206 0.38958001136779785
9505 0.4999949634075165 0.40448999404907227
9506 0.9830999970436096 0.4212000072002411
9507 0.9757999777793884 0.4056200385093689
9508 0.9711499810218811 0.28085997700691223
9509 0.9802899956703186 0.26684001088142395
9510 0.4999949634075165 0.28189995884895325
9511 0.9814299941062927 0.2965199947357178
9512 0.9689000844955444 0.2503199875354767
9513 0.9791799187660217 0.23597000539302826
9514 0.49999499320983887 0.2527399957180023
9515 0.49999499320983887 0.342989981174469
9516 0.9745699167251587 0.34200000762939453
9517 0.9824100136756897 0.32708999514579773
9518 0.9782800078392029 0.20370003581047058
9519 0.49999499320983887 0.22136999666690826
9520 0.9667600393295288 0.21811999380588531
9521 0.9541598558425903 0.16440999507904053
9522 0.9659299850463867 0.1847900003194809
9523 0.9538000822067261 0.1993499994277954
9524 0.9401899576187134 0.17947998642921448
9525 0.49999499320983887 0.3118400275707245
9526 0.9731000661849976 0.3110800087451935
9527 0.9473000168800354 0.14295999705791473
9528 0.9686799645423889 0.15276001393795013
9529 0.9312800765037537 0.1427599936723709
9530 0.9350299835205078 0.12453998625278473
9531 0.9243201017379761 0.16333000361919403
9532 0.9605699181556702 0.3717600107192993
9533 0.9673299789428711 0.35680001974105835
9534 0.9683600068092346 0.38909003138542175
9535 0.9615999460220337 0.404930055141449
9536 0.9687600135803223 0.42208001017570496
9537 0.9627299904823303 0.6372900009155273
9538 0.9694600105285645 0.6187899708747864
9539 0.9686099290847778 0.6519699692726135
9540 0.8893700242042542 0.18276000022888184
9541 0.8815799355506897 0.19533000886440277
9542 0.9144800901412964 0.1815899908542633
9543 0.9058099389076233 0.19745001196861267
9544 0.9274901151657104 0.24418999254703522
9545 0.9350100159645081 0.23033000528812408
9546 0.9479699730873108 0.2474299818277359
9547 0.9402299523353577 0.2611300051212311
9548 0.9434800148010254 0.21503998339176178
9549 0.9566999673843384 0.2329699993133545
9550 0.9296499490737915 0.1973399966955185
9551 0.9210399985313416 0.21336998045444489
9552 0.9599999785423279 0.26447999477386475
9553 0.9520400762557983 0.27807000279426575
9554 0.9629601240158081 0.2947399914264679
9555 0.9557200074195862 0.308569997549057
9556 0.9655699729919434 0.3254700005054474
9557 0.9586600661277771 0.33970001339912415
9558 0.9174799919128418 0.3587700128555298
9559 0.9129800200462341 0.3740699589252472
9560 0.9065399765968323 0.3378700017929077
9561 0.9220600128173828 0.3953799903392792
9562 0.9176300764083862 0.4116399586200714
9563 0.877530038356781 0.24355003237724304
9564 0.8940600752830505 0.2625400125980377
9565 0.8882699608802795 0.27340003848075867
9566 0.8741599321365356 0.20640002191066742
9567 0.866360068321228 0.21590998768806458
9568 0.8845900893211365 0.23386000096797943
9569 0.898300051689148 0.30437996983528137
9570 0.9114599823951721 0.3244999945163727
9571 0.903439998626709 0.2927800118923187
9572 0.9541000723838806 0.3870300054550171
9573 0.9460300803184509 0.36862996220588684
9574 0.9521899819374084 0.35401999950408936
9575 0.931850016117096 0.36424997448921204
9576 0.9267100691795349 0.3794200122356415
9577 0.922480046749115 0.34446001052856445
9578 0.9349099397659302 0.3997800052165985
9579 0.9298500418663025 0.4162900149822235
9580 0.9551300406455994 0.4213399887084961
9581 0.9480100274085999 0.40290001034736633
9582 0.9556299448013306 0.6569700241088867
9583 0.9506500959396362 0.6411399841308594
9584 0.9571300148963928 0.6218000054359436
9585 0.9449900388717651 0.29138997197151184
9586 0.9334200620651245 0.2741299867630005
9587 0.9002099633216858 0.25148001313209534
9588 0.9143199920654297 0.2691600024700165
9589 0.9087100028991699 0.281110018491745
9590 0.8984199166297913 0.2112800031900406
9591 0.8916000723838806 0.22328998148441315
9592 0.9067999124526978 0.24011996388435364
9593 0.9431300163269043 0.33594000339508057
9594 0.9492000341415405 0.3222599923610687
9595 0.9276700019836426 0.3308199942111969
9596 0.9165898561477661 0.3117400109767914
9597 0.9218300580978394 0.2992599904537201
9598 0.9388099312782288 0.3045499622821808
9599 0.9205799698829651 0.25697997212409973
9600 0.927370011806488 0.28679999709129333
9601 0.9136800169944763 0.22759999334812164
9602 0.9330998659133911 0.3176000118255615
9603 0.9373599290847778 0.34984996914863586
9604 0.9402399659156799 0.3837999999523163
9605 0.9422699213027954 0.4194200038909912
9606 0.8432198762893677 0.9276900291442871
9607 0.8771499991416931 0.9152699112892151
9608 0.49999505281448364 0.9455900192260742
9609 0.8391799926757812 0.911590039730072
9610 0.8684400320053101 0.9002099633216858
9611 0.8378300070762634 0.8962899446487427
9612 0.8626800179481506 0.886370062828064
9613 0.8878000974655151 0.8730000853538513
9614 0.9117299318313599 0.8559899926185608
9615 0.8972901105880737 0.8848400115966797
9616 0.9249800443649292 0.8651400208473206
9617 0.49999502301216125 0.8977699875831604
9618 0.8810900449752808 0.8615899682044983
9619 0.9012699723243713 0.8475099205970764
9620 0.9272599816322327 0.6295199990272522
9621 0.929870069026947 0.6476600170135498
9622 0.9229401350021362 0.6675000190734863
9623 0.9358900785446167 0.627810001373291
9624 0.9394301176071167 0.6450700163841248
9625 0.9321499466896057 0.66593998670578
9626 0.945859968662262 0.6248900294303894
9627 0.9432801008224487 0.662060022354126
9628 0.8447299599647522 0.8314399719238281
9629 0.8576298952102661 0.811630129814148
9630 0.9137800931930542 0.7072500586509705
9631 0.9123300313949585 0.7280399799346924
9632 0.8997400999069214 0.746150016784668
9633 0.8716200590133667 0.8029299378395081
9634 0.8804301023483276 0.7813500761985779
9635 0.8945499658584595 0.7678800225257874
9636 0.8434299826622009 0.8479099869728088
9637 0.8593200445175171 0.8255400061607361
9638 0.9728299379348755 0.7058800458908081
9639 0.9821100234985352 0.6840400099754333
9640 0.49999499320983887 0.703730046749115
9641 0.9788199663162231 0.7247800230979919
9642 0.9721499681472778 0.7655900716781616
9643 0.49999499320983887 0.7908400893211365
9644 0.9566401243209839 0.8123301267623901
9645 0.956990122795105 0.7880200743675232
9646 0.9575600028038025 0.7106299996376038
9647 0.9668399095535278 0.6883699893951416
9648 0.9625300765037537 0.7275000214576721
9649 0.9548598527908325 0.7668499946594238
9650 0.93982994556427 0.80951988697052
9651 0.9408398866653442 0.7878499627113342
9652 0.9418600797653198 0.7189499139785767
9653 0.9524298906326294 0.6946899890899658
9654 0.9468201398849487 0.7335800528526306
9655 0.5 0.8430500030517578
9656 0.934719979763031 0.8355199098587036
9657 0.9209099411964417 0.8300300240516663
9658 0.8388699889183044 0.8807200789451599
9659 0.859779953956604 0.8726100325584412
9660 0.9095300436019897 0.8254600167274475
9661 0.9252099990844727 0.8081799149513245
9662 0.9385799765586853 0.7709599137306213
9663 0.9253901243209839 0.7915999889373779
9664 0.9283199906349182 0.7457600235939026
9665 0.9245499968528748 0.7290400862693787
9666 0.9377499222755432 0.7027400732040405
9667 0.841110110282898 0.8647099137306213
9668 0.8593500852584839 0.8578100204467773
9669 0.8771200180053711 0.8492199182510376
9670 0.8937798738479614 0.838930070400238
9671 0.9216700196266174 0.7808299660682678
9672 0.9130000472068787 0.8088599443435669
9673 0.9104599952697754 0.8015900254249573
9674 0.9022198915481567 0.8195199966430664
9675 0.8756600022315979 0.8339800238609314
9676 0.890190064907074 0.8264299631118774
9677 0.924250066280365 0.7072500586509705
9678 0.909619927406311 0.7515100836753845
9679 0.8596300482749939 0.8416600227355957
9680 0.9020199775695801 0.8026099801063538
9681 0.8865500092506409 0.7920399308204651
9682 0.8746500015258789 0.8172899484634399
9683 0.901949942111969 0.7799100279808044
9684 0.8897500038146973 0.8084801435470581
9685 0.9143099784851074 0.7752900123596191
9686 0.9343900084495544 0.7573400139808655
9687 0.9512600302696228 0.7490500807762146
9688 0.9674400687217712 0.7456200122833252
9689 0.49999505281448364 0.7457099556922913
9690 0.9200500845909119 0.5934900641441345
9691 0.9240199327468872 0.6113800406455994
9692 0.9201699495315552 0.5074800848960876
9693 0.9169799089431763 0.5251299738883972
9694 0.9141701459884644 0.4892199635505676
9695 0.9282899498939514 0.5927900671958923
9696 0.9322199821472168 0.6103400588035583
9697 0.9291700720787048 0.5070800185203552
9698 0.9257200956344604 0.5240100026130676
9699 0.9233399629592896 0.48958995938301086
9700 0.9366399049758911 0.5914499759674072
9701 0.9412001371383667 0.608250081539154
9702 0.9223499894142151 0.5413100123405457
9703 0.9189500212669373 0.5588600039482117
9704 0.9273200035095215 0.5576700568199158
9705 0.9308599829673767 0.5403299927711487
9706 0.9828199744224548 0.5213000178337097
9707 0.9752899408340454 0.505340039730072
9708 0.9826699495315552 0.4888799786567688
9709 0.4999949336051941 0.5052700042724609
9710 0.9831799864768982 0.5831999778747559
9711 0.49999502301216125 0.5986199975013733
9712 0.976170003414154 0.6006399989128113
9713 0.9684500098228455 0.5215100646018982
9714 0.9615100622177124 0.5061799883842468
9715 0.967989981174469 0.48945000767707825
9716 0.9632200598716736 0.6031000018119812
9717 0.9693699479103088 0.5849999785423279
9718 0.9548000693321228 0.4900500178337097
9719 0.9555600881576538 0.5225400328636169
9720 0.9492200613021851 0.5067099928855896
9721 0.9516000151634216 0.6055099964141846
9722 0.9570899605751038 0.5870599746704102
9723 0.9386400580406189 0.5069000124931335
9724 0.9431599974632263 0.4900300204753876
9725 0.9443200826644897 0.523169994354248
9726 0.9461499452590942 0.5893200039863586
9727 0.9346199631690979 0.5234499573707581
9728 0.9328599572181702 0.4899299740791321
9729 0.9398699402809143 0.5397999882698059
9730 0.9357799887657166 0.5568600296974182
9731 0.950190007686615 0.5389999747276306
9732 0.9453200697898865 0.5557900071144104
9733 0.956369936466217 0.5544300079345703
9734 0.9621400237083435 0.5378900170326233
9735 0.9689100980758667 0.553059995174408
9736 0.9755898714065552 0.5368800163269043
9737 0.9829798936843872 0.5522599816322327
9738 0.4999949634075165 0.537090003490448
9739 0.9167600274085999 0.014379999600350857
9740 0.9233300089836121 0.008070000447332859
9741 0.927649974822998 0.01468999870121479
9742 0.9203100204467773 0.02222999930381775
9743 0.9339900016784668 0.008070000447332859
9744 0.9385300278663635 0.014829999767243862
9745 0.9320100545883179 0.022860001772642136
9746 0.9442700147628784 0.008070000447332859
9747 0.9500499367713928 0.015040000900626183
9748 0.9437599778175354 0.023320002481341362
9749 0.9561499953269958 0.008070000447332859
9750 0.9626899361610413 0.01541999913752079
9751 0.9562200307846069 0.02370000071823597
9752 0.9686200022697449 0.008070000447332859
9753 0.9757099747657776 0.0157299991697073
9754 0.9692801237106323 0.02411000244319439
9755 0.9820399880409241 0.008070000447332859
9756 0.49999499320983887 0.01648000068962574
9757 0.9831299781799316 0.025120001286268234
9758 0.8984199166297913 0.018299998715519905
9759 0.895639955997467 0.012350000441074371
9760 0.9032700061798096 0.008070000447332859
9761 0.9061799645423889 0.013620002195239067
9762 0.9133999943733215 0.008070000447332859
9763 0.9090200066566467 0.020829999819397926
9764 0.7951799631118774 0.01512999925762415
9765 0.7960000038146973 0.008070000447332859
9766 0.800740122795105 0.011389999650418758
9767 0.8063700199127197 0.008070000447332859
9768 0.8135600090026855 0.011639999225735664
9769 0.8069000244140625 0.016090000048279762
9770 0.8210800290107727 0.008070000447332859
9771 0.8306799530982971 0.012199998833239079
9772 0.8223900198936462 0.016750000417232513
9773 0.8391500115394592 0.008070000447332859
9774 0.8474599123001099 0.011869998648762703
9775 0.8399800658226013 0.01662999950349331
9776 0.8545100092887878 0.008070000447332859
9777 0.8617400527000427 0.011509999632835388
9778 0.8554300665855408 0.015579999424517155
9779 0.8679500222206116 0.014509999193251133
9780 0.868149995803833 0.008070000447332859
9781 0.8736500144004822 0.011339999735355377
9782 0.8799899816513062 0.008070000447332859
9783 0.8844900131225586 0.011550000868737698
9784 0.8782400488853455 0.014629999175667763
9785 0.8913699984550476 0.008070000447332859
9786 0.8880900740623474 0.015960000455379486
9787 0.916130006313324 0.05909999832510948
9788 0.9019599556922913 0.05260000005364418
9789 0.9135800004005432 0.044189997017383575
9790 0.9237599968910217 0.033399999141693115
9791 0.9113799333572388 0.031150000169873238
9792 0.9318400025367737 0.06136000156402588
9793 0.9273800253868103 0.04699999466538429
9794 0.9364100098609924 0.03443000093102455
9795 0.9414400458335876 0.0480399988591671
9796 0.9470099806785583 0.06196000427007675
9797 0.9373198747634888 0.07551000267267227
9798 0.9493499398231506 0.03500000014901161
9799 0.961609959602356 0.06254000216722488
9800 0.9553099274635315 0.04844000190496445
9801 0.962649941444397 0.03547999635338783
9802 0.976170003414154 0.0639600083231926
9803 0.9693199396133423 0.04904999956488609
9804 0.9763599634170532 0.036260005086660385
9805 0.9835399985313416 0.050999999046325684
9806 0.49999499320983887 0.03852999582886696
9807 0.8522400259971619 0.08540999889373779
9808 0.8286100029945374 0.08876001089811325
9809 0.8372601270675659 0.07817000150680542
9810 0.8038798570632935 0.08507999777793884
9811 0.8134699463844299 0.07822000235319138
9812 0.790969967842102 0.07203999906778336
9813 0.8589800596237183 0.07171999663114548
9814 0.8731799721717834 0.07474999874830246
9815 0.876800000667572 0.059630002826452255
9816 0.889460027217865 0.057760000228881836
9817 0.8794399499893188 0.046629998832941055
9818 0.8644499778747559 0.05869999900460243
9819 0.8686299920082092 0.04699999466538429
9820 0.7905300855636597 0.055180005729198456
9821 0.8005800247192383 0.06684999912977219
9822 0.809860110282898 0.06036000698804855
9823 0.8228999376296997 0.0698700025677681
9824 0.8452200293540955 0.06690999865531921
9825 0.8318700194358826 0.06053999811410904
9826 0.852150022983551 0.05566999688744545
9827 0.8810400366783142 0.03562000021338463
9828 0.8905300498008728 0.03245000168681145
9829 0.8903199434280396 0.04400999844074249
9830 0.9000600576400757 0.02728000096976757
9831 0.8899999260902405 0.02290000021457672
9832 0.901110053062439 0.03889999911189079
9833 0.8577799797058105 0.04535999894142151
9834 0.8399099707603455 0.0509600006043911
9835 0.8467100858688354 0.041909996420145035
9836 0.827519953250885 0.04487999901175499
9837 0.8189400434494019 0.052859995514154434
9838 0.807889997959137 0.04402000084519386
9839 0.7992700338363647 0.05009999871253967
9840 0.8816499710083008 0.02662000060081482
9841 0.8716999292373657 0.03685000166296959
9842 0.8737200498580933 0.02847999706864357
9843 0.8623300194740295 0.03604999557137489
9844 0.7914699912071228 0.04010000452399254
9845 0.7934099435806274 0.02652999944984913
9846 0.7994700074195862 0.034929994493722916
9847 0.8003100752830505 0.021320000290870667
9848 0.8162499666213989 0.03725000098347664
9849 0.807200014591217 0.028999999165534973
9850 0.8147200345993042 0.02264000102877617
9851 0.824400007724762 0.030070003122091293
9852 0.8354300856590271 0.03672999516129494
9853 0.8322800397872925 0.02297000214457512
9854 0.8425599336624146 0.02882000431418419
9855 0.8526700735092163 0.0333000011742115
9856 0.8491400480270386 0.02152000181376934
9857 0.8578500151634216 0.025669995695352554
9858 0.8659300208091736 0.02816000208258629
9859 0.8627399802207947 0.0193099994212389
9860 0.8688400983810425 0.022019999101758003
9861 0.874519944190979 0.022120000794529915
9862 0.87267005443573 0.017829999327659607
9863 0.8809300065040588 0.01954999752342701
9864 0.9751500487327576 0.6674099564552307
9865 0.49999502301216125 0.6664800047874451
9866 0.9609299302101135 0.672569990158081
9867 0.9477400183677673 0.678619921207428
9868 0.9346099495887756 0.6846199631690979
9869 0.9237199425697327 0.6868600249290466
9870 0.9143900275230408 0.6874499917030334
9871 0.49999499320983887 0.5671400427818298
9872 0.9759100675582886 0.56809002161026
9873 0.9627900123596191 0.5697100162506104
9874 0.9511099457740784 0.5713899731636047
9875 0.9408599138259888 0.5732700228691101
9876 0.9320498704910278 0.5745200514793396
9877 0.9238800406455994 0.5755000114440918
9878 0.9172000288963318 0.46922996640205383
9879 0.9112200140953064 0.4465000331401825
9880 0.926889955997467 0.47091004252433777
9881 0.9206699728965759 0.45052000880241394
9882 0.9371700286865234 0.4720499813556671
9883 0.9312300086021423 0.4534199833869934
9884 0.9426599144935608 0.4549400210380554
9885 0.9483699798583984 0.4726400077342987
9886 0.9549599289894104 0.4558899700641632
9887 0.9610099792480469 0.4728100001811981
9888 0.9684600234031677 0.45592001080513
9889 0.9750199913978577 0.4718199372291565
9890 0.9830999970436096 0.45486000180244446
9891 0.49999499320983887 0.4715099632740021
9892 0.9759200811386108 0.438679963350296
9893 0.49999499320983887 0.4358300566673279
9894 0.961880087852478 0.4390900135040283
9895 0.9488600492477417 0.4381099343299866
9896 0.9366599321365356 0.436320036649704
9897 0.925049901008606 0.433059960603714
9898 0.9141501188278198 0.4289099872112274
9899 0.7042599320411682 0.014329999685287476
9900 0.7110499739646912 0.008070000447332859
9901 0.71930992603302 0.013779998756945133
9902 0.7136499881744385 0.021119998767971992
9903 0.7094100713729858 0.031619999557733536
9904 0.7232499718666077 0.02865999937057495
9905 0.721280038356781 0.04012000188231468
9906 0.722119927406311 0.054089996963739395
9907 0.7328900694847107 0.04633000120520592
9908 0.736020028591156 0.05970000475645065
9909 0.7433900237083435 0.07530000060796738
9910 0.7484599351882935 0.06277000159025192
9911 0.7557600736618042 0.31092000007629395
9912 0.7667699456214905 0.33664000034332275
9913 0.728119969367981 0.2919600009918213
9914 0.6729099750518799 0.24766996502876282
9915 0.6111500263214111 0.21342001855373383
9916 0.6412400603294373 0.21956001222133636
9917 0.845000147819519 0.31303998827934265
9918 0.8218299150466919 0.2895500361919403
9919 0.8265399932861328 0.27507999539375305
9920 0.768779993057251 0.27340999245643616
9921 0.7694100737571716 0.29100000858306885
9922 0.7396000623703003 0.26677000522613525
9923 0.7393999695777893 0.25014999508857727
9924 0.8083500266075134 0.24028001725673676
9925 0.7834200263023376 0.21969999372959137
9926 0.7897900342941284 0.2086700052022934
9927 0.7161499261856079 0.20413997769355774
9928 0.710390031337738 0.21571996808052063
9929 0.6808500289916992 0.19517001509666443
9930 0.6883999109268188 0.18446999788284302
9931 0.722320020198822 0.19276000559329987
9932 0.7504900693893433 0.21180999279022217
9933 0.745389997959137 0.22352001070976257
9934 0.6411100029945374 0.1835400015115738
9935 0.6257200241088867 0.19103001058101654
9936 0.5938500761985779 0.1710599809885025
9937 0.6108199954032898 0.16333000361919403
9938 0.5481700301170349 0.16116000711917877
9939 0.5671500563621521 0.15261000394821167
9940 0.5741199851036072 0.17768000066280365
9941 0.7501800060272217 0.147939994931221
9942 0.7211800217628479 0.1216999962925911
9943 0.7357000708580017 0.11426001042127609
9944 0.6805500388145447 0.1270899921655655
9945 0.7079500555992126 0.14883999526500702
9946 0.7012900710105896 0.16161000728607178
9947 0.6747499108314514 0.14108000695705414
9948 0.7696499824523926 0.17919999361038208
9949 0.7421999573707581 0.1584399938583374
9950 0.762730062007904 0.18987999856472015
9951 0.728600025177002 0.1814900040626526
9952 0.6949400305747986 0.17350000143051147
9953 0.583329975605011 0.14452999830245972
9954 0.5973400473594666 0.1360899955034256
9955 0.6245899796485901 0.1544100046157837
9956 0.5586299896240234 0.1279200166463852
9957 0.5422599911689758 0.13663999736309052
9958 0.6687699556350708 0.15369999408721924
9959 0.661590039730072 0.1647299975156784
9960 0.5538700222969055 0.20101000368595123
9961 0.5806000232696533 0.19787000119686127
9962 0.7700600028038025 0.25791001319885254
9963 0.7946100234985352 0.28189995884895325
9964 0.793179988861084 0.2982900142669678
9965 0.7105399370193481 0.2636699974536896
9966 0.5 0.19456002116203308
9967 0.527120053768158 0.18877997994422913
9968 0.5233500003814697 0.14600999653339386
9969 0.5256199836730957 0.16971001029014587
9970 0.5 0.1574299931526184
9971 0.5 0.1340000033378601
9972 0.5197600722312927 0.12223999947309494
9973 0.6484000086784363 0.12125001847743988
9974 0.6426900029182434 0.13436998426914215
9975 0.5 0.11014001071453094
9976 0.517520010471344 0.09907999634742737
9977 0.5369600653648376 0.1128000020980835
9978 0.5732799172401428 0.11952000111341476
9979 0.5523800253868103 0.10404999554157257
9980 0.6091899871826172 0.12660999596118927
9981 0.5859199166297913 0.1098799854516983
9982 0.6535699963569641 0.10627998411655426
9983 0.6591400504112244 0.09035999327898026
9984 0.6859899163246155 0.11184000223875046
9985 0.5764899849891663 0.08196999877691269
9986 0.5961499810218811 0.0979899913072586
9987 0.5656499862670898 0.09464000910520554
9988 0.5333700180053711 0.08967000246047974
9989 0.5470600128173828 0.08011999726295471
9990 0.5 0.08732999116182327
9991 0.5163999199867249 0.07613000273704529
9992 0.6243299841880798 0.1019200012087822
9993 0.629859983921051 0.08686000108718872
9994 0.552060067653656 0.1837799847126007
9995 0.5 0.17816998064517975
9996 0.6053299903869629 0.1950100064277649
9997 0.6618899703025818 0.2169499695301056
9998 0.7418299317359924 0.2359900176525116
9999 0.7056000232696533 0.22840000689029694
10000 0.7737599611282349 0.24345996975898743
10001 0.8026599884033203 0.2526499927043915
10002 0.6409800052642822 0.9854201078414917
10003 0.6955500245094299 0.9757199883460999
10004 0.49999499320983887 0.9966000318527222
10005 0.4999949634075165 0.9896100759506226
10006 0.5378499627113342 0.9701600074768066
10007 0.6029300093650818 0.9714699387550354
10008 0.7082499861717224 0.9561100006103516
10009 0.6610299944877625 0.9663600325584412
10010 0.6396799683570862 0.9548100829124451
10011 0.5921300053596497 0.9569200873374939
10012 0.8173800110816956 0.7983599305152893
10013 0.816349983215332 0.8109101057052612
10014 0.7994499802589417 0.8245500326156616
10015 0.8001299500465393 0.8119500875473022
10016 0.8183199167251587 0.7843800187110901
10017 0.8347798585891724 0.7702100276947021
10018 0.834030032157898 0.7842999696731567
10019 0.7936700582504272 0.3155499994754791
10020 0.7956299781799316 0.33329999446868896
10021 0.7734099626541138 0.31057000160217285
10022 0.8166599869728088 0.322409987449646
10023 0.8161100745201111 0.33901000022888184
10024 0.8637300133705139 0.3552100360393524
10025 0.842229962348938 0.3299599885940552
10026 0.8329100012779236 0.7977100014686584
10027 0.8155599236488342 0.8218098878860474
10028 0.8499001264572144 0.7702999711036682
10029 0.8500300049781799 0.7564700841903687
10030 0.866640031337738 0.7407299280166626
10031 0.8014899492263794 0.7979899644851685
10032 0.8027500510215759 0.7836999893188477
10033 0.8190099000930786 0.7705199718475342
10034 0.784600019454956 0.8111700415611267
10035 0.7829299569129944 0.8250699639320374
10036 0.5649700164794922 0.9371399879455566
10037 0.596109926700592 0.941629946231842
10038 0.5522000193595886 0.9523000121116638
10039 0.5226600170135498 0.9428900480270386
10040 0.5 0.9571400284767151
10041 0.8506999611854553 0.7416600584983826
10042 0.8349300026893616 0.7569399476051331
10043 0.7171999216079712 0.08723999559879303
10044 0.7379399538040161 0.09126999974250793
10045 0.5 0.9312500357627869
10046 0.5181000232696533 0.9206900000572205
10047 0.5393800139427185 0.929590106010437
10048 0.5760200023651123 0.9241399765014648
10049 0.5528500080108643 0.9177199602127075
10050 0.7864399552345276 0.7964500784873962
10051 0.7666599750518799 0.8246399164199829
10052 0.7691699266433716 0.8098400831222534
10053 0.788040041923523 0.7816900610923767
10054 0.803589940071106 0.769860029220581
10055 0.7890800833702087 0.767099916934967
10056 0.7720299363136292 0.7932800650596619
10057 0.7504300475120544 0.8216699957847595
10058 0.5643699765205383 0.9064599275588989
10059 0.5329299569129944 0.9100800156593323
10060 0.5 0.9118099808692932
10061 0.8340798616409302 0.7439799904823303
10062 0.8191199898719788 0.7573999762535095
10063 0.8187199234962463 0.7441200613975525
10064 0.8041500449180603 0.7559900283813477
10065 0.804099977016449 0.7419900298118591
10066 0.52975994348526 0.06604000180959702
10067 0.5 0.06407999992370605
10068 0.5138900279998779 0.052219994366168976
10069 0.5841299891471863 0.0687900111079216
10070 0.5578799843788147 0.06852000206708908
10071 0.5667800307273865 0.054510001093149185
10072 0.5408899784088135 0.053999997675418854
10073 0.6087499260902405 0.06981000304222107
10074 0.6162499785423279 0.05333999544382095
10075 0.635420024394989 0.07103999704122543
10076 0.6637700200080872 0.07204999774694443
10077 0.642520010471344 0.053290002048015594
10078 0.691349983215332 0.07259000092744827
10079 0.6899799704551697 0.050179995596408844
10080 0.708899974822998 0.06247999891638756
10081 0.6372199654579163 0.025099996477365494
10082 0.6508200168609619 0.03740999475121498
10083 0.626319944858551 0.03822999820113182
10084 0.6125500202178955 0.025620000436902046
10085 0.6006199717521667 0.03894999995827675
10086 0.5626299977302551 0.027459997683763504
10087 0.5763000845909119 0.04025999829173088
10088 0.5513899922370911 0.04029000177979469
10089 0.5374000072479248 0.02696000039577484
10090 0.5257400870323181 0.03939000144600868
10091 0.5119799971580505 0.026360001415014267
10092 0.5 0.038749996572732925
10093 0.574970006942749 0.01728999800980091
10094 0.549809992313385 0.017010001465678215
10095 0.5627300143241882 0.008030000142753124
10096 0.5243800282478333 0.016729997470974922
10097 0.5372599959373474 0.008080000057816505
10098 0.5 0.01686999946832657
10099 0.5120800137519836 0.008030000142753124
10100 0.6248599886894226 0.015850000083446503
10101 0.5999500155448914 0.01647000014781952
10102 0.6130499839782715 0.008070000447332859
10103 0.6929000616073608 0.034119997173547745
10104 0.697939932346344 0.02239999920129776
10105 0.7072800397872925 0.045159999281167984
10106 0.6733599305152893 0.03601999953389168
10107 0.6799399852752686 0.023250000551342964
10108 0.6871899962425232 0.014770000241696835
10109 0.6946200132369995 0.008070000447332859
10110 0.6685000061988831 0.015139998868107796
10111 0.6765099763870239 0.008070000447332859
10112 0.6479600071907043 0.015780000016093254
10113 0.6368799805641174 0.008070000447332859
10114 0.7271699905395508 0.07035999745130539
10115 0.7659000754356384 0.8708500266075134
10116 0.7697200179100037 0.8785300254821777
10117 0.7462000250816345 0.8899000883102417
10118 0.7435799241065979 0.8812399506568909
10119 0.8003500699996948 0.8360499739646912
10120 0.7834100127220154 0.8499199151992798
10121 0.7823399901390076 0.8381699919700623
10122 0.7636399865150452 0.8500699996948242
10123 0.7646599411964417 0.8374099731445312
10124 0.7424700260162354 0.8710499405860901
10125 0.7190399765968323 0.8890699744224548
10126 0.7194300293922424 0.8785600066184998
10127 0.7448100447654724 0.8478599190711975
10128 0.7474199533462524 0.8357099890708923
10129 0.7276200652122498 0.8432399034500122
10130 0.7214000225067139 0.8673500418663025
10131 0.6963199973106384 0.8838099837303162
10132 0.6998700499534607 0.8727899193763733
10133 0.7037400603294373 0.8610500693321228
10134 0.6784900426864624 0.8756600022315979
10135 0.7243099808692932 0.855650007724762
10136 0.7429199814796448 0.8597201108932495
10137 0.7641200423240662 0.8615099191665649
10138 0.7858200073242188 0.8587599396705627
10139 0.6655300259590149 0.9167900085449219
10140 0.666930079460144 0.9269899725914001
10141 0.6339600086212158 0.9285699129104614
10142 0.6371300220489502 0.9172300696372986
10143 0.6033300757408142 0.9280099868774414
10144 0.6323300004005432 0.9422198534011841
10145 0.5856500267982483 0.9122700095176697
10146 0.6100000739097595 0.9160199761390686
10147 0.5945500731468201 0.9014700651168823
10148 0.6406499743461609 0.906700074672699
10149 0.6167399883270264 0.9050899147987366
10150 0.6233599781990051 0.8946300148963928
10151 0.7235399484634399 0.9066900610923767
10152 0.7201099991798401 0.8985300064086914
10153 0.7511900663375854 0.8967599868774414
10154 0.7606200575828552 0.9014400839805603
10155 0.7765300273895264 0.8843499422073364
10156 0.6929399967193604 0.9041100144386292
10157 0.6936899423599243 0.8941401243209839
10158 0.6689299941062927 0.896399974822998
10159 0.6733399629592896 0.8861599564552307
10160 0.6510999798774719 0.8859800696372986
10161 0.6453499794006348 0.896369993686676
10162 0.6662200093269348 0.9065499901771545
10163 0.6948599815368652 0.9135299324989319
10164 0.7904300093650818 0.8651599884033203
10165 0.8032199144363403 0.8446599245071411
10166 0.700439989566803 0.9221700429916382
10167 0.7111799716949463 0.9297099709510803
10168 0.6720600128173828 0.9379000067710876
10169 0.6855300664901733 0.9476099610328674
10170 0.7316299676895142 0.9134398698806763
10171 0.744189977645874 0.9185299873352051
10172 0.7262899875640869 0.9368000030517578
10173 0.8158799409866333 0.7178300619125366
10174 0.8174800276756287 0.7307700514793396
10175 0.8670300841331482 0.7221699357032776
10176 0.882319986820221 0.7024199962615967
10177 0.8636499643325806 0.7075900435447693
10178 0.8487200140953064 0.7277599573135376
10179 0.8451399803161621 0.7158099412918091
10180 0.8322100043296814 0.7309099435806274
10181 0.8297399878501892 0.7186099290847778
10182 0.8672400116920471 0.6804699897766113
10183 0.8751100301742554 0.6837700605392456
10184 0.8572701215744019 0.6988800764083862
10185 0.8254099488258362 0.6954799294471741
10186 0.8273700475692749 0.7070099115371704
10187 0.8378199934959412 0.6954899430274963
10188 0.8411999344825745 0.7054800391197205
10189 0.8518099784851074 0.6911400556564331
10190 0.862790048122406 0.3748900294303894
10191 0.8802599906921387 0.4008999466896057
10192 0.8369299173355103 0.3639800250530243
10193 0.8322800397872925 0.3768799602985382
10194 0.8148699402809143 0.3547300100326538
10195 0.8143800497055054 0.36987999081611633
10196 0.7984700202941895 0.3511100113391876
10197 0.8292299509048462 0.3885200023651123
10198 0.8270500898361206 0.4007200598716736
10199 0.8151501417160034 0.3848400115966797
10200 0.7857099175453186 0.35294002294540405
10201 0.7908300757408142 0.3744699954986572
10202 0.8482800126075745 0.3997099697589874
10203 0.8413100242614746 0.40796998143196106
10204 0.8043099641799927 0.38712000846862793
10205 0.8069900870323181 0.40442997217178345
10206 0.8955498933792114 0.6628199219703674
10207 0.8958200812339783 0.6413699984550476
10208 0.9017500281333923 0.6268600821495056
10209 0.8897500038146973 0.6336299777030945
10210 0.8946899771690369 0.6223499774932861
10211 0.888870120048523 0.6533599495887756
10212 0.8995699882507324 0.529259979724884
10213 0.8945899605751038 0.511929988861084
10214 0.896369993686676 0.49112004041671753
10215 0.8990899324417114 0.6097599864006042
10216 0.9029699563980103 0.5949900150299072
10217 0.8929399847984314 0.6058899760246277
10218 0.896049976348877 0.5941299796104431
10219 0.9014900922775269 0.5629400610923767
10220 0.8969200849533081 0.5475599765777588
10221 0.891789972782135 0.5481399893760681
10222 0.8930701017379761 0.5310099720954895
10223 0.8948899507522583 0.5643600821495056
10224 0.8893700242042542 0.5134900212287903
10225 0.8895100355148315 0.4932599663734436
10226 0.7280000448226929 0.019290000200271606
10227 0.7267900109291077 0.008070000447332859
10228 0.7343000769615173 0.012640000320971012
10229 0.7413700222969055 0.008070000447332859
10230 0.7482399940490723 0.011989999562501907
10231 0.7418199181556702 0.01769999973475933
10232 0.7551199793815613 0.008070000447332859
10233 0.7616099715232849 0.010909998789429665
10234 0.7553200125694275 0.015629999339580536
10235 0.767579972743988 0.013109998777508736
10236 0.7682399749755859 0.008070000447332859
10237 0.7735000252723694 0.010169998742640018
10238 0.7774400115013123 0.012589999474585056
10239 0.7794899940490723 0.008070000447332859
10240 0.733299970626831 0.03482000157237053
10241 0.7365899682044983 0.025419998914003372
10242 0.7498300075531006 0.023479999974370003
10243 0.7449999451637268 0.031289998441934586
10244 0.7437900304794312 0.049550000578165054
10245 0.7423900365829468 0.03887000307440758
10246 0.7541499733924866 0.05044000595808029
10247 0.7503600120544434 0.03911000117659569
10248 0.7596200704574585 0.03791999816894531
10249 0.7590299248695374 0.027140002697706223
10250 0.7680400609970093 0.02751999907195568
10251 0.7624400854110718 0.018639998510479927
10252 0.7688599228858948 0.020250000059604645
10253 0.7722100615501404 0.015569999814033508
10254 0.7744899392127991 0.019530000165104866
10255 0.8853100538253784 0.6777600646018982
10256 0.8812800049781799 0.6604599952697754
10257 0.8987101316452026 0.5795800089836121
10258 0.8930701017379761 0.5799400210380554
10259 0.8838600516319275 0.4754300117492676
10260 0.8817800879478455 0.45416998863220215
10261 0.889500081539154 0.4713199734687805
10262 0.8903799653053284 0.44703003764152527
10263 0.8803900480270386 0.42708995938301086
10264 0.8738199472427368 0.4451499581336975
10265 0.8685101270675659 0.4194299876689911
10266 0.6598100066184998 0.02418999746441841
10267 0.6579300165176392 0.008070000447332859
10268 0.6678900122642517 0.05305999889969826
10269 0.6914600729942322 0.09508001059293747
10270 0.7142700552940369 0.1353899985551834
10271 0.7352200150489807 0.16999998688697815
10272 0.7564000487327576 0.20058000087738037
10273 0.7777500152587891 0.2312600314617157
10274 0.7981900572776794 0.26645997166633606
10275 0.8185200095176697 0.30553004145622253
10276 0.8403400778770447 0.34775999188423157
10277 0.8571600317955017 0.39031001925468445
10278 0.857970118522644 0.4224199950695038
10279 0.8160200119018555 0.3997800052165985
10280 0.8009900450706482 0.36921998858451843
10281 0.7790899872779846 0.33164000511169434
10282 0.7460299134254456 0.28679001331329346
10283 0.7018799781799316 0.24315999448299408
10284 0.6724100112915039 0.2058899700641632
10285 0.6526699662208557 0.17427001893520355
10286 0.6349599957466125 0.14507998526096344
10287 0.6179800033569336 0.11535000056028366
10288 0.6031599640846252 0.08406999707221985
10289 0.5912399888038635 0.05395999923348427
10290 0.5873399376869202 0.026969999074935913
10291 0.587909996509552 0.008070000447332859
10292 0.8169799447059631 0.4137599766254425
10293 0.8263200521469116 0.4125500023365021
10294 0.8376599550247192 0.41638997197151184
10295 0.851699948310852 0.42555999755859375
10296 0.8636101484298706 0.43891000747680664
10297 0.8685799241065979 0.4461100101470947
10298 0.8778200149536133 0.4632900059223175
10299 0.8840799927711487 0.4873400032520294
10300 0.8864201307296753 0.5017899870872498
10301 0.8888999223709106 0.5317299962043762
10302 0.8900600075721741 0.559220016002655
10303 0.8904299736022949 0.5719500184059143
10304 0.890950083732605 0.592519998550415
10305 0.8899298906326294 0.611329972743988
10306 0.8887700438499451 0.6211000084877014
10307 0.884190022945404 0.6418700218200684
10308 0.874130129814148 0.661870002746582
10309 0.8609700202941895 0.6757899522781372
10310 0.8473900556564331 0.6832600235939026
10311 0.8350900411605835 0.6849799752235413
10312 0.9832300543785095 0.08073999732732773
10313 0.49999499320983887 0.06620001047849655
10314 0.9827199578285217 0.11255000531673431
10315 0.49999499320983887 0.09796000272035599
10316 0.9808899164199829 0.1414799839258194
10317 0.49999499320983887 0.12910999357700348
10318 0.9788299202919006 0.17173001170158386
10319 0.49999499320983887 0.1580200046300888
10320 0.49999499320983887 0.18999001383781433
10321 0.9336599707603455 0.10255001485347748
10322 0.25714996457099915 0.37474000453948975
10323 0.2681800127029419 0.379800021648407
10324 0.2593599855899811 0.4088900089263916
10325 0.24709999561309814 0.4052400290966034
10326 0.26030996441841125 0.3397800326347351
10327 0.27397000789642334 0.34031999111175537
10328 0.24428999423980713 0.37422001361846924
10329 0.2984299957752228 0.7520999908447266
10330 0.29427000880241394 0.7371100783348083
10331 0.3081200122833252 0.7400100231170654
10332 0.3127100169658661 0.7541599869728088
10333 0.28901001811027527 0.7649899125099182
10334 0.28439000248908997 0.748680055141449
10335 0.3035599887371063 0.7675899863243103
10336 0.28130999207496643 0.7332900762557983
10337 0.2791300117969513 0.7189899682998657
10338 0.29128000140190125 0.7231600284576416
10339 0.2711000144481659 0.743690013885498
10340 0.26892998814582825 0.7280999422073364
10341 0.27094003558158875 0.41512006521224976
10342 0.26482000946998596 0.44152000546455383
10343 0.2527100145816803 0.43661001324653625
10344 0.3041900098323822 0.7263399362564087
10345 0.31772997975349426 0.7288900017738342
10346 0.32211998105049133 0.7417200803756714
10347 0.28898000717163086 0.7100600600242615
10348 0.3012000024318695 0.7137599587440491
10349 0.47954994440078735 0.8104199767112732
10350 0.489980012178421 0.8012199997901917
10351 0.4896399974822998 0.8205999732017517
10352 0.27553999423980713 0.4476799964904785
10353 0.2721500098705292 0.47179001569747925
10354 0.2599300146102905 0.46712997555732727
10355 0.2793600261211395 0.49977996945381165
10356 0.2679600417613983 0.49709004163742065
10357 0.2823300063610077 0.47679999470710754
10358 0.4698900580406189 0.8010300397872925
10359 0.4605700373649597 0.7921599745750427
10360 0.47084999084472656 0.7839000225067139
10361 0.4801799952983856 0.7923399209976196
10362 0.49038001894950867 0.7678999900817871
10363 0.49024003744125366 0.7838799953460693
10364 0.4807899594306946 0.7758200168609619
10365 0.27744999527931213 0.705530047416687
10366 0.2673399746417999 0.7135000228881836
10367 0.26635000109672546 0.699709951877594
10368 0.25679996609687805 0.7218099236488342
10369 0.25578999519348145 0.7070699334144592
10370 0.28699997067451477 0.6976400017738342
10371 0.2762000262737274 0.6925200819969177
10372 0.45903995633125305 0.8099299669265747
10373 0.4686400294303894 0.8201399445533752
10374 0.461899995803833 0.7757800817489624
10375 0.47186997532844543 0.7679600119590759
10376 0.4878999888896942 0.8655300140380859
10377 0.47699999809265137 0.8542199730873108
10378 0.4890100359916687 0.8430899977684021
10379 0.4570100009441376 0.8305798768997192
10380 0.47864001989364624 0.8314200043678284
10381 0.466839998960495 0.842460036277771
10382 0.2949099838733673 0.7813000082969666
10383 0.279619961977005 0.7771800756454468
10384 0.27437999844551086 0.7601799964904785
10385 0.2606699764728546 0.7537699341773987
10386 0.25838997960090637 0.7373499870300293
10387 0.2553999722003937 0.4937300384044647
10388 0.2641899883747101 0.5239099860191345
10389 0.25005999207496643 0.5215799808502197
10390 0.23125001788139343 0.5376999974250793
10391 0.23691999912261963 0.514710009098053
10392 0.24293997883796692 0.54680997133255
10393 0.2458599954843521 0.7303699851036072
10394 0.244719997048378 0.7149099707603455
10395 0.46369001269340515 0.8642700910568237
10396 0.45378997921943665 0.8526800870895386
10397 0.25005999207496643 0.7630800604820251
10398 0.24766996502876282 0.7464199662208557
10399 0.2642799913883209 0.7707499861717224
10400 0.33538001775741577 0.7419300079345703
10401 0.3401300311088562 0.7537999749183655
10402 0.32659998536109924 0.7546400427818298
10403 0.26987001299858093 0.7879400253295898
10404 0.2862200438976288 0.7937499284744263
10405 0.33171001076698303 0.7676300406455994
10406 0.3176000118255615 0.7682399749755859
10407 0.3530699908733368 0.7518900632858276
10408 0.35909003019332886 0.763140082359314
10409 0.34567001461982727 0.7658900618553162
10410 0.37206003069877625 0.7594500184059143
10411 0.379830002784729 0.7700300216674805
10412 0.3664500415325165 0.7745099663734436
10413 0.3384599983692169 0.7808799743652344
10414 0.3527500331401825 0.7782100439071655
10415 0.361050009727478 0.7903199791908264
10416 0.37490999698638916 0.7856600284576416
10417 0.4312799572944641 0.7832899689674377
10418 0.4403800368309021 0.7917299866676331
10419 0.4286000430583954 0.7999100089073181
10420 0.41933006048202515 0.7911400198936462
10421 0.44969993829727173 0.8005499839782715
10422 0.4514000117778778 0.7837100028991699
10423 0.4380800426006317 0.809130072593689
10424 0.42579004168510437 0.8180599808692932
10425 0.41635996103286743 0.8082500100135803
10426 0.4474300742149353 0.8192099928855896
10427 0.43400999903678894 0.7674000263214111
10428 0.4424900412559509 0.7754999399185181
10429 0.42260000109672546 0.7750600576400757
10430 0.38429999351501465 0.7961900234222412
10431 0.39406996965408325 0.8060699701309204
10432 0.38002997636795044 0.8125399947166443
10433 0.370279997587204 0.8019300103187561
10434 0.45316001772880554 0.7677899599075317
10435 0.3885299861431122 0.7803500890731812
10436 0.3977799713611603 0.7899399399757385
10437 0.3930099606513977 0.764769971370697
10438 0.4016900062561035 0.7742199897766113
10439 0.4104500114917755 0.7828099727630615
10440 0.41413000226020813 0.7670000791549683
10441 0.40699002146720886 0.7989100813865662
10442 0.4035399556159973 0.8160099983215332
10443 0.23770000040531158 0.5958700180053711
10444 0.24415996670722961 0.579460084438324
10445 0.25268998742103577 0.5929200053215027
10446 0.24693000316619873 0.6070799827575684
10447 0.23493000864982605 0.5673999786376953
10448 0.2529299557209015 0.561739981174469
10449 0.21626998484134674 0.5496500134468079
10450 0.22095000743865967 0.5306599736213684
10451 0.22526000440120697 0.5576000213623047
10452 0.2232699692249298 0.6008899807929993
10453 0.22855998575687408 0.5849499702453613
10454 0.23247002065181732 0.6110400557518005
10455 0.21963000297546387 0.575160026550293
10456 0.21074999868869781 0.6063399910926819
10457 0.21490000188350677 0.5912299752235413
10458 0.21897998452186584 0.6158599853515625
10459 0.24215999245643616 0.48879000544548035
10460 0.24730001389980316 0.46261000633239746
10461 0.47124001383781433 0.8921499848365784
10462 0.4864499866962433 0.8843098878860474
10463 0.48450997471809387 0.9021100401878357
10464 0.4431900382041931 0.8891400694847107
10465 0.45952004194259644 0.8821700811386108
10466 0.4544200301170349 0.8995299935340881
10467 0.4744500517845154 0.8741799592971802
10468 0.4489600360393524 0.871910035610199
10469 0.22433999180793762 0.7620100378990173
10470 0.23850999772548676 0.7711400389671326
10471 0.2413799911737442 0.7876400351524353
10472 0.22581002116203308 0.7775000333786011
10473 0.25349000096321106 0.7798600196838379
10474 0.2365100085735321 0.7548900246620178
10475 0.25864002108573914 0.7968100309371948
10476 0.26423999667167664 0.8146299719810486
10477 0.24560000002384186 0.8048900365829468
10478 0.27629998326301575 0.8044099807739258
10479 0.2347799837589264 0.7388600707054138
10480 0.23343001306056976 0.7231000661849976
10481 0.22298000752925873 0.7465199828147888
10482 0.22186997532844543 0.7310400009155273
10483 0.2100900113582611 0.7523799538612366
10484 0.2095099836587906 0.737619936466217
10485 0.37474000453948975 0.8288799524307251
10486 0.3661699593067169 0.8183001279830933
10487 0.3895699977874756 0.8227900862693787
10488 0.4443399906158447 0.8407400846481323
10489 0.4349999725818634 0.8288699388504028
10490 0.4215100109577179 0.8377500176429749
10491 0.4126400351524353 0.8264899849891663
10492 0.4394700229167938 0.8615199327468872
10493 0.43039995431900024 0.8496599793434143
10494 0.3983900249004364 0.8336800336837769
10495 0.41530996561050415 0.8572598695755005
10496 0.4068599343299866 0.8453000783920288
10497 0.43302005529403687 0.8788899779319763
10498 0.4238600432872772 0.8682699799537659
10499 0.40721994638442993 0.87527996301651
10500 0.39906999468803406 0.8636899590492249
10501 0.39110997319221497 0.851830005645752
10502 0.3831300437450409 0.8400999307632446
10503 0.38159000873565674 0.8690000176429749
10504 0.3741900324821472 0.8573799729347229
10505 0.425290048122406 0.8958300352096558
10506 0.41582006216049194 0.8854599595069885
10507 0.34689000248908997 0.7940400838851929
10508 0.3317599594593048 0.7962799668312073
10509 0.3236199915409088 0.7823399901390076
10510 0.3092299997806549 0.7826799750328064
10511 0.3013800084590912 0.7964900732040405
10512 0.3162800073623657 0.7970600128173828
10513 0.30910995602607727 0.8106599450111389
10514 0.29300999641418457 0.8087000250816345
10515 0.34251999855041504 0.8375998735427856
10516 0.33469003438949585 0.8245200514793396
10517 0.35141995549201965 0.8223199844360352
10518 0.3590700328350067 0.8340600728988647
10519 0.34161999821662903 0.8096799850463867
10520 0.35617998242378235 0.8065800070762634
10521 0.32559001445770264 0.8110499978065491
10522 0.30072999000549316 0.8243099451065063
10523 0.282039999961853 0.8191900253295898
10524 0.34937000274658203 0.8501200079917908
10525 0.3309299945831299 0.8521400094032288
10526 0.32499000430107117 0.8390999436378479
10527 0.3667900264263153 0.8458300232887268
10528 0.35600998997688293 0.8618401288986206
10529 0.3180600106716156 0.8254899978637695
10530 0.3066699802875519 0.8382900953292847
10531 0.2878299951553345 0.8351298570632935
10532 0.2687399685382843 0.8297600150108337
10533 0.362809956073761 0.8730000853538513
10534 0.3425999879837036 0.8755398988723755
10535 0.33661001920700073 0.864389955997467
10536 0.31654998660087585 0.8641200065612793
10537 0.3117699921131134 0.8515900373458862
10538 0.2921700179576874 0.8485599160194397
10539 0.3969700038433075 0.8912500739097595
10540 0.3891599774360657 0.880340039730072
10541 0.3697099983692169 0.8839701414108276
10542 0.2758600413799286 0.6799899339675903
10543 0.26601001620292664 0.6863099336624146
10544 0.26645997166633606 0.6731900572776794
10545 0.2554900348186493 0.6930199265480042
10546 0.2558300197124481 0.6792799234390259
10547 0.24421000480651855 0.7000899910926819
10548 0.2444300353527069 0.6857699751853943
10549 0.2325500100851059 0.7076200842857361
10550 0.23235000669956207 0.6926100254058838
10551 0.2569200098514557 0.6657500267028809
10552 0.2453400045633316 0.6716799736022949
10553 0.24689999222755432 0.6577300429344177
10554 0.2677600085735321 0.6606299877166748
10555 0.25878000259399414 0.6526100039482117
10556 0.23294998705387115 0.6778699159622192
10557 0.23426999151706696 0.6632800102233887
10558 0.24250999093055725 0.6211299896240234
10559 0.23884999752044678 0.6349000334739685
10560 0.2283100038766861 0.6253700256347656
10561 0.2558300197124481 0.6178699135780334
10562 0.2521800100803375 0.6307799816131592
10563 0.2252199798822403 0.6393199563026428
10564 0.21512998640537262 0.6298499703407288
10565 0.2209399938583374 0.71548992395401
10566 0.22032000124454498 0.7001299858093262
10567 0.22021998465061188 0.6848599910736084
10568 0.2208700031042099 0.6693700551986694
10569 0.20829999446868896 0.6929100751876831
10570 0.20809999108314514 0.6774899959564209
10571 0.20916999876499176 0.7226900458335876
10572 0.20864999294281006 0.7077499628067017
10573 0.1968899965286255 0.7001000046730042
10574 0.19682000577449799 0.6859699487686157
10575 0.19693002104759216 0.7278800010681152
10576 0.19687999784946442 0.7140499353408813
10577 0.185279980301857 0.7051700353622437
10578 0.18592000007629395 0.6921800374984741
10579 0.2611599862575531 0.639930009841919
10580 0.24921999871730804 0.64410001039505
10581 0.23608997464179993 0.6488800048828125
10582 0.22263000905513763 0.6539400219917297
10583 0.20807000994682312 0.6604999899864197
10584 0.21056999266147614 0.64410001039505
10585 0.19659999012947083 0.6711300611495972
10586 0.19561001658439636 0.6551099419593811
10587 0.17729999125003815 0.65951007604599
10588 0.17701998353004456 0.6498399376869202
10589 0.18503999710083008 0.6526200175285339
10590 0.18623998761177063 0.6654199957847595
10591 0.16885000467300415 0.6637000441551208
10592 0.17003999650478363 0.6545400023460388
10593 0.17700999975204468 0.6711300611495972
10594 0.15921999514102936 0.6655200123786926
10595 0.16175998747348785 0.6575599312782288
10596 0.1671299934387207 0.6741999983787537
10597 0.14846999943256378 0.6639699935913086
10598 0.1521099954843521 0.6577300429344177
10599 0.15616999566555023 0.6745499968528748
10600 0.22488999366760254 0.5087599754333496
10601 0.22899998724460602 0.48420000076293945
10602 0.20457002520561218 0.5216999650001526
10603 0.21212998032569885 0.5253300070762634
10604 0.20866000652313232 0.5429700016975403
10605 0.20215000212192535 0.5375999808311462
10606 0.21441999077796936 0.5049099922180176
10607 0.20569001138210297 0.5033000111579895
10608 0.20534001290798187 0.483940064907074
10609 0.21608997881412506 0.4818499684333801
10610 0.1982400119304657 0.5197400450706482
10611 0.1986899971961975 0.5042200088500977
10612 0.19891999661922455 0.6107699871063232
10613 0.20311999320983887 0.5979599952697754
10614 0.20631001889705658 0.6202399730682373
10615 0.20044997334480286 0.6326900124549866
10616 0.20396998524665833 0.5581799149513245
10617 0.2108900249004364 0.5666900277137756
10618 0.2065899670124054 0.5829300284385681
10619 0.19682000577449799 0.5919199585914612
10620 0.19929002225399017 0.5793399810791016
10621 0.2400899976491928 0.4332299828529358
10622 0.23424002528190613 0.459089994430542
10623 0.23448000848293304 0.40453001856803894
10624 0.22238996624946594 0.40626001358032227
10625 0.23031999170780182 0.37908002734184265
10626 0.2275099903345108 0.4316900074481964
10627 0.21606001257896423 0.4310600161552429
10628 0.22089001536369324 0.4572000205516815
10629 0.2097799926996231 0.4533500373363495
10630 0.20621000230312347 0.4307100176811218
10631 0.2109300047159195 0.40984004735946655
10632 0.15039001405239105 0.4414300322532654
10633 0.14549000561237335 0.44043996930122375
10634 0.15273000299930573 0.42935997247695923
10635 0.15706001222133636 0.4330900013446808
10636 0.13444000482559204 0.46338993310928345
10637 0.13107000291347504 0.46191999316215515
10638 0.133650004863739 0.44988006353378296
10639 0.1369600147008896 0.451339989900589
10640 0.11413998901844025 0.5333499908447266
10641 0.11497998982667923 0.5466099381446838
10642 0.11307000368833542 0.5572900176048279
10643 0.11208999902009964 0.5459399819374084
10644 0.11510001122951508 0.5070300102233887
10645 0.11554998904466629 0.5220000147819519
10646 0.1134599968791008 0.5178099274635315
10647 0.11268998682498932 0.5755100250244141
10648 0.1114799976348877 0.5665599703788757
10649 0.11413998901844025 0.5671200156211853
10650 0.1374099999666214 0.6576799750328064
10651 0.14200998842716217 0.65420001745224
10652 0.1441500037908554 0.670430064201355
10653 0.12706999480724335 0.646329939365387
10654 0.13223999738693237 0.6464400291442871
10655 0.13202999532222748 0.660379946231842
10656 0.11488999426364899 0.6172999739646912
10657 0.1176299974322319 0.6202200055122375
10658 0.119159996509552 0.6319900155067444
10659 0.11496000736951828 0.6278700232505798
10660 0.11275999993085861 0.5916399955749512
10661 0.11449001729488373 0.5975900292396545
10662 0.11341000348329544 0.6052899956703186
10663 0.11133001744747162 0.6004800200462341
10664 0.12381000071763992 0.6347399353981018
10665 0.12164999544620514 0.6454700827598572
10666 0.11524999886751175 0.6088600158691406
10667 0.11246000975370407 0.6134600043296814
10668 0.11104000359773636 0.5830699801445007
10669 0.1141199991106987 0.5838900208473206
10670 0.12489999085664749 0.47221997380256653
10671 0.12293999642133713 0.48295000195503235
10672 0.11905999481678009 0.48725003004074097
10673 0.12033999711275101 0.47658997774124146
10674 0.1284400075674057 0.47373002767562866
10675 0.12737999856472015 0.4597899913787842
10676 0.11774999648332596 0.4989900290966034
10677 0.11584001034498215 0.4948200583457947
10678 0.14100001752376556 0.451200008392334
10679 0.14098000526428223 0.43936997652053833
10680 0.21660998463630676 0.3865499794483185
10681 0.20038999617099762 0.41461998224258423
10682 0.2040400207042694 0.39520999789237976
10683 0.2412799894809723 0.35005998611450195
10684 0.22398997843265533 0.3619999885559082
10685 0.2809799909591675 0.3059900104999542
10686 0.25543999671936035 0.32079002261161804
10687 0.3121500015258789 0.28707000613212585
10688 0.30199000239372253 0.27553001046180725
10689 0.3337399959564209 0.26078000664711
10690 0.39149001240730286 0.2260199934244156
10691 0.3663499653339386 0.24619998037815094
10692 0.36014002561569214 0.23628999292850494
10693 0.44617992639541626 0.21324001252651215
10694 0.42100000381469727 0.22290001809597015
10695 0.4189099967479706 0.2128000110387802
10696 0.47172001004219055 0.2138899862766266
10697 0.47165995836257935 0.20321999490261078
10698 0.16207002103328705 0.5051299929618835
10699 0.16019999980926514 0.51146000623703
10700 0.15639998018741608 0.5127699971199036
10701 0.15821999311447144 0.5062199234962463
10702 0.1442199945449829 0.585349977016449
10703 0.1450899988412857 0.5901499390602112
10704 0.14363999664783478 0.5930600166320801
10705 0.14259999990463257 0.5890399813652039
10706 0.15706001222133636 0.6211400032043457
10707 0.1585800051689148 0.6167700290679932
10708 0.16092999279499054 0.6179099678993225
10709 0.15953999757766724 0.6226900219917297
10710 0.1526000052690506 0.6220099925994873
10711 0.15478001534938812 0.6192200183868408
10712 0.15485000610351562 0.624239981174469
10713 0.1483599990606308 0.6209700107574463
10714 0.15059000253677368 0.6195899844169617
10715 0.15023000538349152 0.6236100196838379
10716 0.14611999690532684 0.6215400099754333
10717 0.14462000131607056 0.6188499927520752
10718 0.146790012717247 0.6183599829673767
10719 0.1342799812555313 0.606190025806427
10720 0.13600002229213715 0.6093900203704834
10721 0.1363299936056137 0.6133800148963928
10722 0.13426999747753143 0.6108400225639343
10723 0.13779999315738678 0.6119099259376526
10724 0.13589000701904297 0.6052499413490295
10725 0.1374800056219101 0.6083899140357971
10726 0.14092999696731567 0.616100013256073
10727 0.14327000081539154 0.6163399815559387
10728 0.1422400027513504 0.6187600493431091
10729 0.16356001794338226 0.6115099787712097
10730 0.16353000700473785 0.6183300018310547
10731 0.16120000183582306 0.6116600036621094
10732 0.16110001504421234 0.567110002040863
10733 0.16212999820709229 0.5694599747657776
10734 0.16168999671936035 0.570609986782074
10735 0.16041000187397003 0.568049967288971
10736 0.16505001485347748 0.6022999882698059
10737 0.16614998877048492 0.6104099750518799
10738 0.162650004029274 0.6035500168800354
10739 0.16364000737667084 0.5950000286102295
10740 0.16628001630306244 0.5933700203895569
10741 0.16780997812747955 0.600570023059845
10742 0.16900001466274261 0.5821999907493591
10743 0.1669900119304657 0.5841100215911865
10744 0.1652200073003769 0.5789299607276917
10745 0.16686999797821045 0.5775099396705627
10746 0.1635199934244156 0.5649600028991699
10747 0.16586999595165253 0.5682799816131592
10748 0.1655299812555313 0.571899950504303
10749 0.16356001794338226 0.5690699219703674
10750 0.16374999284744263 0.5588999390602112
10751 0.16166000068187714 0.5632700324058533
10752 0.16137999296188354 0.5570600032806396
10753 0.17660999298095703 0.49296998977661133
10754 0.17319999635219574 0.4908299744129181
10755 0.17531000077724457 0.4824099838733673
10756 0.17895998060703278 0.4843299686908722
10757 0.17090000212192535 0.4987800121307373
10758 0.16752001643180847 0.4979400336742401
10759 0.1695999950170517 0.4899299740791321
10760 0.16392000019550323 0.4979099929332733
10761 0.16564999520778656 0.5050200819969177
10762 0.1766200065612793 0.5032300353050232
10763 0.1740100085735321 0.5005800127983093
10764 0.17956998944282532 0.4960000216960907
10765 0.16726002097129822 0.5113100409507751
10766 0.16408000886440277 0.5109099745750427
10767 0.16880999505519867 0.505620002746582
10768 0.17163001000881195 0.5070800185203552
10769 0.17430998384952545 0.6411399841308594
10770 0.17229999601840973 0.6442199349403381
10771 0.16830001771450043 0.6436600089073181
10772 0.17069000005722046 0.6401800513267517
10773 0.16103999316692352 0.6464700102806091
10774 0.16383999586105347 0.6434100270271301
10775 0.16617999970912933 0.6472000479698181
10776 0.15826000273227692 0.6496500372886658
10777 0.15276001393795013 0.6476100087165833
10778 0.15604998171329498 0.6454300284385681
10779 0.162090003490448 0.5673699975013733
10780 0.1602099984884262 0.5633400082588196
10781 0.1634099930524826 0.5714700222015381
10782 0.16324998438358307 0.5803199410438538
10783 0.16267000138759613 0.5764599442481995
10784 0.1640699952840805 0.5754799842834473
10785 0.16096000373363495 0.5889000296592712
10786 0.162540003657341 0.5881100296974182
10787 0.16187000274658203 0.5960699915885925
10788 0.1608700007200241 0.6047300696372986
10789 0.16030000150203705 0.5972200036048889
10790 0.15918999910354614 0.6112899780273438
10791 0.15908999741077423 0.604919970035553
10792 0.15636999905109406 0.6151400208473206
10793 0.15713000297546387 0.6101300120353699
10794 0.15262000262737274 0.6170300841331482
10795 0.1541600078344345 0.6133199334144592
10796 0.14883999526500702 0.6169900298118591
10797 0.15068000555038452 0.6147399544715881
10798 0.14550000429153442 0.6157299876213074
10799 0.14743000268936157 0.6144499778747559
10800 0.14229999482631683 0.6137700080871582
10801 0.1444699913263321 0.6132100224494934
10802 0.13944000005722046 0.6103900074958801
10803 0.13752000033855438 0.6045299172401428
10804 0.13933999836444855 0.606909990310669
10805 0.14316000044345856 0.5568600296974182
10806 0.14424000680446625 0.5628100037574768
10807 0.14229999482631683 0.5682399868965149
10808 0.14111000299453735 0.5628799796104431
10809 0.1417199969291687 0.577430009841919
10810 0.14041000604629517 0.5731200575828552
10811 0.1437000036239624 0.5730800032615662
10812 0.16583000123500824 0.49004003405570984
10813 0.16005001962184906 0.49898001551628113
10814 0.16192997992038727 0.4911799728870392
10815 0.15443001687526703 0.5087400078773499
10816 0.15620000660419464 0.5014200210571289
10817 0.1501699835062027 0.49015000462532043
10818 0.1543699949979782 0.485260009765625
10819 0.15230999886989594 0.49314001202583313
10820 0.1480100005865097 0.49834007024765015
10821 0.1502700001001358 0.5012699961662292
10822 0.15627001225948334 0.4890499711036682
10823 0.15429000556468964 0.4970000088214874
10824 0.14365999400615692 0.5044999718666077
10825 0.14609001576900482 0.506879985332489
10826 0.14196999371051788 0.5133399963378906
10827 0.1445000022649765 0.5152400135993958
10828 0.14847999811172485 0.5094299912452698
10829 0.1714700162410736 0.48169997334480286
10830 0.17305001616477966 0.47398999333381653
10831 0.1769399791955948 0.4744100272655487
10832 0.16760002076625824 0.481999933719635
10833 0.15801000595092773 0.48120999336242676
10834 0.1614999920129776 0.4780699908733368
10835 0.1599300056695938 0.48573997616767883
10836 0.15282000601291656 0.5154299736022949
10837 0.1492599993944168 0.5193800330162048
10838 0.15063999593257904 0.512440025806427
10839 0.14018000662326813 0.5569700598716736
10840 0.13948999345302582 0.5504299998283386
10841 0.14208997786045074 0.5438099503517151
10842 0.14250999689102173 0.5504299998283386
10843 0.13930000364780426 0.5682299733161926
10844 0.13829000294208527 0.56277996301651
10845 0.1384200006723404 0.5952900052070618
10846 0.13729999959468842 0.5915499329566956
10847 0.13854001462459564 0.5866499543190002
10848 0.1396399885416031 0.5903400778770447
10849 0.13451999425888062 0.5871500372886658
10850 0.13538001477718353 0.5917999744415283
10851 0.13463999330997467 0.5966200232505798
10852 0.13357000052928925 0.5921400189399719
10853 0.13882000744342804 0.5777400135993958
10854 0.13779999315738678 0.5730599761009216
10855 0.13641999661922455 0.5870299935340881
10856 0.1363700032234192 0.5963199734687805
10857 0.13515998423099518 0.5562099814414978
10858 0.1347000002861023 0.5496500134468079
10859 0.13673998415470123 0.5434100031852722
10860 0.13693000376224518 0.5501899719238281
10861 0.13469000160694122 0.5675399899482727
10862 0.1356400102376938 0.5727600455284119
10863 0.13458000123500824 0.577430009841919
10864 0.13359999656677246 0.5724100470542908
10865 0.13377000391483307 0.5617600083351135
10866 0.13592000305652618 0.5623599886894226
10867 0.13684000074863434 0.5679900050163269
10868 0.13659000396728516 0.5776299834251404
10869 0.13747000694274902 0.5567299723625183
10870 0.13916002213954926 0.543690025806427
10871 0.15238000452518463 0.5049099922180176
10872 0.1468999981880188 0.5171800255775452
10873 0.15809999406337738 0.4936399757862091
10874 0.16369999945163727 0.4833199977874756
10875 0.1691100001335144 0.4745199978351593
10876 0.16523002088069916 0.4759199917316437
10877 0.13255999982357025 0.5486800074577332
10878 0.13454000651836395 0.5426700115203857
10879 0.13301001489162445 0.5554599761962891
10880 0.13252000510692596 0.5772899985313416
10881 0.1315000057220459 0.5721399784088135
10882 0.13260997831821442 0.5670400261878967
10883 0.13245999813079834 0.5873399376869202
10884 0.132860004901886 0.5972899794578552
10885 0.13149000704288483 0.5926199555397034
10886 0.1316699981689453 0.5610499978065491
10887 0.18137000501155853 0.46831995248794556
10888 0.1805499941110611 0.4758400321006775
10889 0.17799998819828033 0.46703001856803894
10890 0.1830899864435196 0.5512999892234802
10891 0.1843700110912323 0.5453900694847107
10892 0.18633998930454254 0.5474100112915039
10893 0.18456000089645386 0.5527200102806091
10894 0.19171999394893646 0.5553100109100342
10895 0.18908999860286713 0.5528600215911865
10896 0.19021999835968018 0.546269953250885
10897 0.19402001798152924 0.5461900234222412
10898 0.18824002146720886 0.5299400687217712
10899 0.18539999425411224 0.5296800136566162
10900 0.18579000234603882 0.5222399830818176
10901 0.18907999992370605 0.5207900404930115
10902 0.1890300214290619 0.5410400032997131
10903 0.18762999773025513 0.5504500269889832
10904 0.19168998301029205 0.5317299962043762
10905 0.18640998005867004 0.5382900238037109
10906 0.18209001421928406 0.5446900725364685
10907 0.18387998640537262 0.5372900366783142
10908 0.18172000348567963 0.5367000102996826
10909 0.18300999701023102 0.5296400189399719
10910 0.19179999828338623 0.5670700073242188
10911 0.1892399936914444 0.5626299977302551
10912 0.19516001641750336 0.5600399971008301
10913 0.16529999673366547 0.5522599816322327
10914 0.16745997965335846 0.5584099888801575
10915 0.16623999178409576 0.5634899735450745
10916 0.1779099851846695 0.5423700213432312
10917 0.17980001866817474 0.5363699793815613
10918 0.17970000207424164 0.5443100333213806
10919 0.18902000784873962 0.5964000225067139
10920 0.19223999977111816 0.5878099799156189
10921 0.1930299997329712 0.6028199791908264
10922 0.18894001841545105 0.5732499957084656
10923 0.19397999346256256 0.5725799202919006
10924 0.1911499798297882 0.577459990978241
10925 0.17017997801303864 0.46761995553970337
10926 0.1741800159215927 0.46682000160217285
10927 0.1707099825143814 0.4614200294017792
10928 0.17129001021385193 0.4555700123310089
10929 0.17552998661994934 0.45438000559806824
10930 0.17502999305725098 0.46022993326187134
10931 0.17881999909877777 0.46031999588012695
10932 0.16768001019954681 0.45750001072883606
10933 0.16769000887870789 0.4523499608039856
10934 0.1712999939918518 0.4503600299358368
10935 0.18711000680923462 0.5592699646949768
10936 0.18568001687526703 0.5559800267219543
10937 0.18390999734401703 0.560490071773529
10938 0.1830899864435196 0.5560999512672424
10939 0.18111000955104828 0.551580011844635
10940 0.17858001589775085 0.5515000224113464
10941 0.18126000463962555 0.5580200552940369
10942 0.1770700067281723 0.5689600110054016
10943 0.17986999452114105 0.566569983959198
10944 0.18070998787879944 0.5727900862693787
10945 0.17781998217105865 0.5754899978637695
10946 0.18685998022556305 0.5689200758934021
10947 0.18512000143527985 0.5647799968719482
10948 0.18314999341964722 0.5690500140190125
10949 0.18211998045444489 0.5636600852012634
10950 0.18453000485897064 0.5744900107383728
10951 0.18644000589847565 0.5794400572776794
10952 0.18200001120567322 0.5791599750518799
10953 0.1790900081396103 0.5608400702476501
10954 0.17071999609470367 0.6057999730110168
10955 0.1684499979019165 0.608250081539154
10956 0.1701200008392334 0.5981199741363525
10957 0.17087998986244202 0.5882499814033508
10958 0.1703300178050995 0.5796399712562561
10959 0.1724099963903427 0.5852800011634827
10960 0.17911002039909363 0.5931900143623352
10961 0.1774500012397766 0.5969099998474121
10962 0.17583000659942627 0.5886499881744385
10963 0.17732000350952148 0.5851100087165833
10964 0.18118000030517578 0.5894599556922913
10965 0.18326999247074127 0.5966799855232239
10966 0.18086999654769897 0.6012899875640869
10967 0.18560001254081726 0.6036900877952576
10968 0.18613001704216003 0.590749979019165
10969 0.1691100001335144 0.5676999688148499
10970 0.16888000071048737 0.57218998670578
10971 0.17381000518798828 0.6184300780296326
10972 0.17375999689102173 0.6109799742698669
10973 0.17640000581741333 0.6082599759101868
10974 0.17684000730514526 0.6160899996757507
10975 0.14938999712467194 0.6496400237083435
10976 0.14462000131607056 0.6455100178718567
10977 0.14830000698566437 0.644599974155426
10978 0.1437399983406067 0.6215999722480774
10979 0.14782999455928802 0.6244099736213684
10980 0.14535999298095703 0.6247300505638123
10981 0.1396999955177307 0.618149995803833
10982 0.1410900205373764 0.6212900280952454
10983 0.13675999641418457 0.6233200430870056
10984 0.1397700160741806 0.624239981174469
10985 0.1415099948644638 0.6282100081443787
10986 0.13833999633789062 0.6275799870491028
10987 0.16670000553131104 0.6398900151252747
10988 0.1693200021982193 0.6358399987220764
10989 0.17339001595973969 0.635919988155365
10990 0.17552998661994934 0.6304299831390381
10991 0.17152999341487885 0.6310300230979919
10992 0.17308999598026276 0.6252099871635437
10993 0.1765899807214737 0.6235899925231934
10994 0.16847001016139984 0.6155200004577637
10995 0.1660899966955185 0.6174499988555908
10996 0.1707800030708313 0.6203499436378479
10997 0.16968999803066254 0.62649005651474
10998 0.14451001584529877 0.6283800005912781
10999 0.14670999348163605 0.6322199702262878
11000 0.14357000589370728 0.6324400305747986
11001 0.14598000049591064 0.6365199685096741
11002 0.1424499899148941 0.6366000175476074
11003 0.14022000133991241 0.6320800185203552
11004 0.15241001546382904 0.6262099742889404
11005 0.14990000426769257 0.6273799538612366
11006 0.15735000371932983 0.6261200308799744
11007 0.1621999889612198 0.6233800053596497
11008 0.16011999547481537 0.6273000240325928
11009 0.16496001183986664 0.6230199933052063
11010 0.16543997824192047 0.6359500288963318
11011 0.16781999170780182 0.6317099928855896
11012 0.15830999612808228 0.6345000267028809
11013 0.16086000204086304 0.6314799785614014
11014 0.16423000395298004 0.6319100260734558
11015 0.16175000369548798 0.635610044002533
11016 0.1594499945640564 0.6427099704742432
11017 0.162650004029274 0.6395300030708313
11018 0.16635000705718994 0.627359926700592
11019 0.15489999949932098 0.6285399794578552
11020 0.1519700139760971 0.6432399749755859
11021 0.15559999644756317 0.6411499977111816
11022 0.14960001409053802 0.6314000487327576
11023 0.1523200124502182 0.6344299912452698
11024 0.14928998053073883 0.6357799172401428
11025 0.14504002034664154 0.640779972076416
11026 0.14876000583171844 0.6401299834251404
11027 0.15223999321460724 0.6388000845909119
11028 0.15543998777866364 0.6369100213050842
11029 0.15886999666690826 0.6386299729347229
11030 0.15513001382350922 0.6326399445533752
11031 0.16213999688625336 0.5738200545310974
11032 0.16145001351833344 0.576170027256012
11033 0.16132999956607819 0.5743399262428284
11034 0.1594099998474121 0.5581099987030029
11035 0.15915000438690186 0.5647299885749817
11036 0.15785999596118927 0.5603399872779846
11037 0.1597999930381775 0.5694199204444885
11038 0.15831999480724335 0.5667800307273865
11039 0.1607300043106079 0.5748900771141052
11040 0.15991999208927155 0.5737500190734863
11041 0.1604200005531311 0.5726500153541565
11042 0.1599700003862381 0.5751000046730042
11043 0.16057001054286957 0.5774000287055969
11044 0.16102999448776245 0.5497400164604187
11045 0.1587900072336197 0.5519999861717224
11046 0.14948000013828278 0.5548099875450134
11047 0.15126000344753265 0.5598999857902527
11048 0.1500999927520752 0.5667099952697754
11049 0.1476600021123886 0.5624099373817444
11050 0.15289999544620514 0.5688599944114685
11051 0.15306998789310455 0.5732499957084656
11052 0.15018999576568604 0.5728499889373779
11053 0.1578500121831894 0.5823299884796143
11054 0.15612000226974487 0.5824699997901917
11055 0.1555899977684021 0.5775600075721741
11056 0.157260000705719 0.577750027179718
11057 0.15915000438690186 0.589139997959137
11058 0.15966999530792236 0.5823500156402588
11059 0.14618001878261566 0.5563200116157532
11060 0.14580999314785004 0.5686500072479248
11061 0.18200001120567322 0.5173699855804443
11062 0.17937999963760376 0.5196200013160706
11063 0.17784999310970306 0.5155100226402283
11064 0.18055999279022217 0.5119699835777283
11065 0.17385998368263245 0.5159500241279602
11066 0.17599999904632568 0.5117800235748291
11067 0.175680011510849 0.5186200141906738
11068 0.17233000695705414 0.5201600193977356
11069 0.17038999497890472 0.5190600752830505
11070 0.17184998095035553 0.5141900181770325
11071 0.16933000087738037 0.5234299302101135
11072 0.16718998551368713 0.522159993648529
11073 0.1683100163936615 0.5178999900817871
11074 0.16338999569416046 0.523099958896637
11075 0.16458000242710114 0.520389974117279
11076 0.1659500002861023 0.5255900025367737
11077 0.15118001401424408 0.5424799919128418
11078 0.15192000567913055 0.548039972782135
11079 0.14848999679088593 0.5490400195121765
11080 0.15599000453948975 0.5269299149513245
11081 0.15692998468875885 0.522159993648529
11082 0.159620001912117 0.5230600237846375
11083 0.1585099846124649 0.5272200107574463
11084 0.15081000328063965 0.5375099778175354
11085 0.15341998636722565 0.5334500670433044
11086 0.1538500040769577 0.5379800200462341
11087 0.133650004863739 0.6217699646949768
11088 0.13267000019550323 0.6172999739646912
11089 0.1354600042104721 0.6193099617958069
11090 0.13857997953891754 0.615079939365387
11091 0.13711999356746674 0.6170399785041809
11092 0.13994000852108002 0.6134099960327148
11093 0.14163999259471893 0.611020028591156
11094 0.13436000049114227 0.6014500260353088
11095 0.13249999284744263 0.602419912815094
11096 0.13594000041484833 0.600860059261322
11097 0.13777999579906464 0.6002100110054016
11098 0.13134001195430756 0.582360029220581
11099 0.1335500031709671 0.5823000073432922
11100 0.13551999628543854 0.5823100209236145
11101 0.13753999769687653 0.582319974899292
11102 0.13996000587940216 0.5820099711418152
11103 0.14198000729084015 0.5371900200843811
11104 0.14525999128818512 0.5312399864196777
11105 0.14512999355793 0.5376200079917908
11106 0.14233000576496124 0.5303599834442139
11107 0.1392499953508377 0.5368599891662598
11108 0.13687999546527863 0.5362500548362732
11109 0.1397400051355362 0.5296099781990051
11110 0.13470999896526337 0.5350099205970764
11111 0.1373700052499771 0.5284600257873535
11112 0.1462399959564209 0.6120200157165527
11113 0.14775000512599945 0.6104400157928467
11114 0.1490200012922287 0.6125699877738953
11115 0.14970999956130981 0.6028199791908264
11116 0.14961999654769897 0.6061800122261047
11117 0.1483299881219864 0.6065700054168701
11118 0.14810000360012054 0.6034799218177795
11119 0.1513800024986267 0.6027200222015381
11120 0.1495800018310547 0.5982099175453186
11121 0.15144000947475433 0.5978500247001648
11122 0.15160000324249268 0.5916600227355957
11123 0.15365999937057495 0.5935000777244568
11124 0.15324999392032623 0.5982299447059631
11125 0.15514999628067017 0.5904999375343323
11126 0.1565300077199936 0.5974000096321106
11127 0.1548900008201599 0.5981500148773193
11128 0.1583700031042099 0.5973799824714661
11129 0.15721000730991364 0.6041799187660217
11130 0.1571500152349472 0.5893399715423584
11131 0.154029980301857 0.5835599899291992
11132 0.14121998846530914 0.6409199833869934
11133 0.1387300044298172 0.6361499428749084
11134 0.1407400220632553 0.6461099982261658
11135 0.13722999393939972 0.6405699849128723
11136 0.1309400051832199 0.6334699988365173
11137 0.1268399953842163 0.6304000020027161
11138 0.1257999986410141 0.6234300136566162
11139 0.12939000129699707 0.6272500157356262
11140 0.13312000036239624 0.6396999955177307
11141 0.13489998877048492 0.6352099776268005
11142 0.13311000168323517 0.6297000050544739
11143 0.13673000037670135 0.6312100291252136
11144 0.12826000154018402 0.6213300228118896
11145 0.13163000345230103 0.6243600249290466
11146 0.13504000008106232 0.6263399720191956
11147 0.1305599957704544 0.6193299889564514
11148 0.1383100003004074 0.5199699997901917
11149 0.1406800001859665 0.5217900276184082
11150 0.14320999383926392 0.5230500102043152
11151 0.14575999975204468 0.5244200229644775
11152 0.14850999414920807 0.5259699821472168
11153 0.1819399893283844 0.4615800082683563
11154 0.18474000692367554 0.46407002210617065
11155 0.1843000054359436 0.4698500335216522
11156 0.1791900098323822 0.45462995767593384
11157 0.18246997892856598 0.45594000816345215
11158 0.16639000177383423 0.4691900610923767
11159 0.16698001325130463 0.46323007345199585
11160 0.16374999284744263 0.4655599892139435
11161 0.16447000205516815 0.4601300060749054
11162 0.16280998289585114 0.47129005193710327
11163 0.1594499945640564 0.47411006689071655
11164 0.16051000356674194 0.4683299660682678
11165 0.15606999397277832 0.47783997654914856
11166 0.12869000434875488 0.6377000212669373
11167 0.12264000624418259 0.6256299614906311
11168 0.13680000603199005 0.6463499665260315
11169 0.14580999314785004 0.6515999436378479
11170 0.1553100198507309 0.6532599925994873
11171 0.16402000188827515 0.6515799164772034
11172 0.17117999494075775 0.648140013217926
11173 0.17639002203941345 0.6438899636268616
11174 0.18234001100063324 0.6422500014305115
11175 0.1915300041437149 0.6399899125099182
11176 0.17420998215675354 0.5923699736595154
11177 0.1738400161266327 0.5815700888633728
11178 0.17103001475334167 0.6133700013160706
11179 0.17315998673439026 0.6031599640846252
11180 0.16785000264644623 0.6219300627708435
11181 0.1631300002336502 0.6276900172233582
11182 0.15772999823093414 0.6303600668907166
11183 0.1523200124502182 0.6301999688148499
11184 0.1472799926996231 0.628089964389801
11185 0.14268000423908234 0.6246700286865234
11186 0.13830000162124634 0.6205499768257141
11187 0.13459999859333038 0.6152600646018982
11188 0.13225997984409332 0.6125800013542175
11189 0.13229000568389893 0.6075300574302673
11190 0.13083000481128693 0.5979599952697754
11191 0.1303499937057495 0.6033999919891357
11192 0.1302099972963333 0.5875499844551086
11193 0.1293099969625473 0.5929099917411804
11194 0.12913000583648682 0.5824499726295471
11195 0.13033999502658844 0.5772600173950195
11196 0.13050998747348785 0.5665500164031982
11197 0.12935000658035278 0.5719299912452698
11198 0.13091999292373657 0.5544300079345703
11199 0.12958000600337982 0.5602200031280518
11200 0.13053999841213226 0.5471799969673157
11201 0.13248999416828156 0.5412499904632568
11202 0.1328199952840805 0.5329700112342834
11203 0.13531999289989471 0.5265999436378479
11204 0.1396699994802475 0.510960042476654
11205 0.13634000718593597 0.5174799561500549
11206 0.1456899791955948 0.4957999885082245
11207 0.14138998091220856 0.5018300414085388
11208 0.1522500067949295 0.4824399948120117
11209 0.14779998362064362 0.4875600039958954
11210 0.1573999971151352 0.4714300334453583
11211 0.153889998793602 0.47537997364997864
11212 0.15805000066757202 0.46640998125076294
11213 0.1610100120306015 0.46344998478889465
11214 0.16429997980594635 0.4552900195121765
11215 0.1608400195837021 0.45914003252983093
11216 0.1621999889612198 0.45201995968818665
11217 0.16572000086307526 0.4485499858856201
11218 0.15498000383377075 0.6086699962615967
11219 0.15205000340938568 0.6116300225257874
11220 0.15286999940872192 0.6075699925422668
11221 0.15522001683712006 0.6034500002861023
11222 0.1502700001001358 0.6100599765777588
11223 0.14899002015590668 0.6085800528526306
11224 0.14693999290466309 0.6079099774360657
11225 0.15320999920368195 0.6030200123786926
11226 0.15106000006198883 0.6067699790000916
11227 0.16965998709201813 0.4463300406932831
11228 0.16254998743534088 0.44583994150161743
11229 0.16700997948646545 0.4429599940776825
11230 0.17517000436782837 0.44957998394966125
11231 0.17381000518798828 0.44534996151924133
11232 0.17893001437187195 0.4498099982738495
11233 0.18577001988887787 0.45875999331474304
11234 0.18905998766422272 0.46306997537612915
11235 0.1867000013589859 0.46831995248794556
11236 0.191740021109581 0.45562002062797546
11237 0.19694000482559204 0.46024996042251587
11238 0.192330002784729 0.46891000866889954
11239 0.18267999589443207 0.45089003443717957
11240 0.186910018324852 0.4528200328350067
11241 0.1879199892282486 0.44470998644828796
11242 0.19429999589920044 0.44541001319885254
11243 0.1757199913263321 0.4319300353527069
11244 0.18234001100063324 0.42610999941825867
11245 0.18229998648166656 0.436599999666214
11246 0.17682000994682312 0.43953996896743774
11247 0.16756999492645264 0.43056005239486694
11248 0.16092000901699066 0.4368000030517578
11249 0.1649799942970276 0.4237399697303772
11250 0.13652999699115753 0.47196003794670105
11251 0.1331000179052353 0.47481006383895874
11252 0.13816000521183014 0.462179958820343
11253 0.14554999768733978 0.4501500129699707
11254 0.1423799991607666 0.4598200023174286
11255 0.15508998930454254 0.4425499737262726
11256 0.15039999783039093 0.44937998056411743
11257 0.16986000537872314 0.43669992685317993
11258 0.1746399998664856 0.42274999618530273
11259 0.1641799956560135 0.44012001156806946
11260 0.1590700000524521 0.4439299702644348
11261 0.1893399953842163 0.4334399998188019
11262 0.18251000344753265 0.4449000060558319
11263 0.17799998819828033 0.44516995549201965
11264 0.17188000679016113 0.44137001037597656
11265 0.1451999992132187 0.5437099933624268
11266 0.14551998674869537 0.5500100255012512
11267 0.1481200009584427 0.5431699752807617
11268 0.1534299999475479 0.5287899971008301
11269 0.15584999322891235 0.5313000082969666
11270 0.15082000195980072 0.5326399803161621
11271 0.148049995303154 0.5377200245857239
11272 0.14819000661373138 0.5321300029754639
11273 0.1510400027036667 0.5274199843406677
11274 0.15390001237392426 0.5238800048828125
11275 0.1516299992799759 0.5216500163078308
11276 0.15488000214099884 0.5186600089073181
11277 0.15839000046253204 0.5170199871063232
11278 0.16234000027179718 0.5161200165748596
11279 0.17802999913692474 0.5260999798774719
11280 0.178040012717247 0.5316299796104431
11281 0.17507001757621765 0.5335900187492371
11282 0.1752699911594391 0.5281299948692322
11283 0.1718900054693222 0.5403800010681152
11284 0.17056000232696533 0.5482000708580017
11285 0.16760002076625824 0.5450800061225891
11286 0.16907000541687012 0.5381199717521667
11287 0.16329000890254974 0.5459700226783752
11288 0.16524000465869904 0.5404000282287598
11289 0.1603900045156479 0.5430799126625061
11290 0.16218000650405884 0.5403099656105042
11291 0.16832000017166138 0.5273699760437012
11292 0.16734999418258667 0.5311300158500671
11293 0.16478000581264496 0.5288400053977966
11294 0.15815000236034393 0.5310099720954895
11295 0.161080002784729 0.5295400023460388
11296 0.1601399928331375 0.5327600836753845
11297 0.15643000602722168 0.5355200171470642
11298 0.15730999410152435 0.5401800274848938
11299 0.15469001233577728 0.5431600213050842
11300 0.1555899977684021 0.5491300225257874
11301 0.15312999486923218 0.5538700222969055
11302 0.15477000176906586 0.5591800212860107
11303 0.15346001088619232 0.5640299916267395
11304 0.15570999681949615 0.5669799447059631
11305 0.1553499847650528 0.5704999566078186
11306 0.15894000232219696 0.577709972858429
11307 0.15716999769210815 0.5744699835777283
11308 0.1587499976158142 0.5748199820518494
11309 0.16147999465465546 0.5816900134086609
11310 0.16452999413013458 0.5863699913024902
11311 0.16892999410629272 0.5907899737358093
11312 0.17218998074531555 0.5954299569129944
11313 0.17552998661994934 0.6002299785614014
11314 0.17871999740600586 0.6050900816917419
11315 0.18255998194217682 0.6090499758720398
11316 0.17969000339508057 0.6129899621009827
11317 0.1886799931526184 0.6114500164985657
11318 0.18434999883174896 0.6174600124359131
11319 0.1935199797153473 0.6209499835968018
11320 0.1749199777841568 0.5401000380516052
11321 0.1723099946975708 0.5339400172233582
11322 0.166470006108284 0.5353599190711975
11323 0.16981998085975647 0.5328500270843506
11324 0.15864001214504242 0.5342900156974792
11325 0.15958000719547272 0.5380300879478455
11326 0.15814000368118286 0.5457200407981873
11327 0.15658999979496002 0.5550599694252014
11328 0.15658999979496002 0.5634899735450745
11329 0.1576700061559677 0.5692099928855896
11330 0.15877999365329742 0.5727800726890564
11331 0.16133999824523926 0.5361800193786621
11332 0.162090003490448 0.5259199738502502
11333 0.16377000510692596 0.5326300263404846
11334 0.16175000369548798 0.5202400088310242
11335 0.16584999859333038 0.5164499878883362
11336 0.1697000116109848 0.5127599835395813
11337 0.17396999895572662 0.5090100169181824
11338 0.17878998816013336 0.5069800019264221
11339 0.18388999998569489 0.507420003414154
11340 0.18202999234199524 0.5007500052452087
11341 0.1888599991798401 0.5113100409507751
11342 0.19325000047683716 0.5074400305747986
11343 0.1931300014257431 0.5195799469947815
11344 0.19633997976779938 0.534250020980835
11345 0.19878998398780823 0.5505499839782715
11346 0.1985500007867813 0.5679200291633606
11347 0.19422000646591187 0.5794400572776794
11348 0.18890999257564545 0.5839099884033203
11349 0.18379999697208405 0.5851200222969055
11350 0.17938998341560364 0.5824399590492249
11351 0.1754699945449829 0.5779500007629395
11352 0.163100004196167 0.5367899537086487
11353 0.15534000098705292 0.5739499926567078
11354 0.1535000056028366 0.5776700377464294
11355 0.157260000705719 0.5717599987983704
11356 0.15918999910354614 0.5710100531578064
11357 0.161080002784729 0.5716400146484375
11358 0.16294001042842865 0.5729100108146667
11359 0.1649799942970276 0.5740199685096741
11360 0.16791999340057373 0.575439989566803
11361 0.17170000076293945 0.5763199925422668
11362 0.1436300128698349 0.6105499863624573
11363 0.14535999298095703 0.6093999743461609
11364 0.14124000072479248 0.6078299880027771
11365 0.14308999478816986 0.6074600219726562
11366 0.13950000703334808 0.6027600169181824
11367 0.14124000072479248 0.603950023651123
11368 0.1399800032377243 0.5980400443077087
11369 0.14504002034664154 0.5775799751281738
11370 0.14732001721858978 0.5743200182914734
11371 0.1510000079870224 0.5782299637794495
11372 0.14837001264095306 0.5796599984169006
11373 0.14894999563694 0.5855799317359924
11374 0.14674998819828033 0.5875999927520752
11375 0.14604999125003815 0.5822400450706482
11376 0.15153999626636505 0.5845299363136292
11377 0.14733000099658966 0.5935800075531006
11378 0.14575999975204468 0.5955100059509277
11379 0.14294999837875366 0.6036999821662903
11380 0.14156000316143036 0.5997599959373474
11381 0.1429300159215927 0.5995799899101257
11382 0.14461000263690948 0.6022800803184509
11383 0.14430999755859375 0.5977000594139099
11384 0.14618001878261566 0.600570023059845
11385 0.14486001431941986 0.6062099933624268
11386 0.17371000349521637 0.554349958896637
11387 0.17387999594211578 0.5585899949073792
11388 0.17205999791622162 0.5600399971008301
11389 0.17194999754428864 0.5554599761962891
11390 0.17587000131607056 0.5568400025367737
11391 0.17621999979019165 0.5601599812507629
11392 0.1742900013923645 0.5621899962425232
11393 0.17315998673439026 0.5670599937438965
11394 0.1725200116634369 0.5638899803161621
11395 0.17471002042293549 0.5654500126838684
11396 0.17091000080108643 0.5648799538612366
11397 0.17034998536109924 0.5610700249671936
11398 0.17682000994682312 0.5638899803161621
11399 0.17454999685287476 0.5691400170326233
11400 0.17780998349189758 0.5570099949836731
11401 0.17336000502109528 0.5728399753570557
11402 0.17166000604629517 0.5687900185585022
11403 0.1691499948501587 0.5634099841117859
11404 0.1758500188589096 0.5521500110626221
11405 0.17296001315116882 0.5504599213600159
11406 0.17532001435756683 0.5464800000190735
11407 0.16974999010562897 0.555620014667511
11408 0.1775899976491928 0.5377399921417236
11409 0.17043998837471008 0.528469979763031
11410 0.17264999449253082 0.5289999842643738
11411 0.1712299883365631 0.5243100523948669
11412 0.17308999598026276 0.524940013885498
11413 0.17509998381137848 0.5240700244903564
11414 0.1740100085735321 0.5216500163078308
11415 0.17716000974178314 0.5219299793243408
11416 0.18045999109745026 0.5243300795555115
11417 0.11694999039173126 0.5954499840736389
11418 0.11816000193357468 0.5887299180030823
11419 0.11923001706600189 0.593940019607544
11420 0.11806999891996384 0.5999500155448914
11421 0.11694000661373138 0.567110002040863
11422 0.11870001256465912 0.5588499903678894
11423 0.1196799948811531 0.5678500533103943
11424 0.11818999797105789 0.5752699971199036
11425 0.11891000717878342 0.5273500084877014
11426 0.12134999781847 0.5200099945068359
11427 0.12207000702619553 0.5325000286102295
11428 0.11994999647140503 0.5400300025939941
11429 0.11782999336719513 0.5483699440956116
11430 0.12058001011610031 0.5511199831962585
11431 0.11581999808549881 0.557680070400238
11432 0.11694000661373138 0.5363100171089172
11433 0.11764001101255417 0.5131400227546692
11434 0.1154400035738945 0.5756800174713135
11435 0.1159600019454956 0.601859986782074
11436 0.11563001573085785 0.5903800129890442
11437 0.11683999747037888 0.6111299991607666
11438 0.11710000038146973 0.6052499413490295
11439 0.11683999747037888 0.5828199982643127
11440 0.11935998499393463 0.5819900035858154
11441 0.12031000107526779 0.5877699851989746
11442 0.12112999707460403 0.5933700203895569
11443 0.12014000862836838 0.5992799401283264
11444 0.12129998952150345 0.5816699862480164
11445 0.12053000181913376 0.5753300189971924
11446 0.12173999100923538 0.5687199234962463
11447 0.12116001546382904 0.5606300234794617
11448 0.12251998484134674 0.5537300109863281
11449 0.12230001389980316 0.5438299775123596
11450 0.12400000542402267 0.5367599129676819
11451 0.1240999847650528 0.525439977645874
11452 0.1190199926495552 0.6049799919128418
11453 0.11800001561641693 0.609749972820282
11454 0.1211400032043457 0.6051300168037415
11455 0.12028999626636505 0.611329972743988
11456 0.11944998800754547 0.6178100109100342
11457 0.12261999398469925 0.6179999709129333
11458 0.12125001847743988 0.49421000480651855
11459 0.12598000466823578 0.4828900694847107
11460 0.12428999692201614 0.4916200339794159
11461 0.1270899921655655 0.48719000816345215
11462 0.12669001519680023 0.49599000811576843
11463 0.1236100047826767 0.5016899704933167
11464 0.12994001805782318 0.4802200198173523
11465 0.1324699968099594 0.4849199950695038
11466 0.12970000505447388 0.4900500178337097
11467 0.12071000784635544 0.5070400238037109
11468 0.12379999458789825 0.5133900046348572
11469 0.1289999932050705 0.5007800459861755
11470 0.12624000012874603 0.5069900155067444
11471 0.12612999975681305 0.518589973449707
11472 0.1449500173330307 0.48447996377944946
11473 0.1496099978685379 0.4798400104045868
11474 0.14323000609874725 0.4929199814796448
11475 0.13909000158309937 0.49842000007629395
11476 0.13761000335216522 0.5079500079154968
11477 0.12884999811649323 0.5531200766563416
11478 0.12856000661849976 0.5452099442481995
11479 0.13056999444961548 0.5390999913215637
11480 0.12705999612808228 0.5930699706077576
11481 0.12804000079631805 0.5876500010490417
11482 0.1285499930381775 0.5984100699424744
11483 0.12838000059127808 0.5660399794578552
11484 0.127470001578331 0.55923992395401
11485 0.12818001210689545 0.577239990234375
11486 0.12721000611782074 0.5716400146484375
11487 0.14639000594615936 0.47672003507614136
11488 0.14053000509738922 0.4892100691795349
11489 0.1418599933385849 0.4807899594306946
11490 0.13003002107143402 0.6143400073051453
11491 0.1300099939107895 0.6090199947357178
11492 0.1279200166463852 0.6043199896812439
11493 0.12701000273227692 0.5824299454689026
11494 0.1310500055551529 0.5300999283790588
11495 0.13356000185012817 0.5238800048828125
11496 0.12765000760555267 0.6157899498939514
11497 0.12756000459194183 0.6102799773216248
11498 0.12487000226974487 0.5933099389076233
11499 0.1259000152349472 0.5876899361610413
11500 0.12619000673294067 0.5988799929618835
11501 0.1249300092458725 0.5822400450706482
11502 0.12607000768184662 0.5769800543785095
11503 0.12519000470638275 0.570900022983551
11504 0.12629999220371246 0.5652499794960022
11505 0.1255500167608261 0.5578200221061707
11506 0.12686000764369965 0.5514900088310242
11507 0.12682999670505524 0.5428299903869629
11508 0.12876999378204346 0.5363699793815613
11509 0.12936998903751373 0.5266199707984924
11510 0.13178999722003937 0.520289957523346
11511 0.12549997866153717 0.6050000190734863
11512 0.1344899982213974 0.5141000151634216
11513 0.1367100030183792 0.4940900206565857
11514 0.13551999628543854 0.5039700865745544
11515 0.13258999586105347 0.509850025177002
11516 0.1590999960899353 0.45662999153137207
11517 0.15563000738620758 0.4558100402355194
11518 0.15870000422000885 0.45020002126693726
11519 0.15665000677108765 0.46105000376701355
11520 0.1579899936914444 0.4626700282096863
11521 0.14778000116348267 0.46963998675346375
11522 0.14319999516010284 0.4732699692249298
11523 0.14472998678684235 0.4657599925994873
11524 0.1493300050497055 0.46300002932548523
11525 0.1522500067949295 0.4667300581932068
11526 0.15104998648166656 0.4728100001811981
11527 0.15500999987125397 0.4693300426006317
11528 0.1555899977684021 0.4647999405860901
11529 0.12203000485897064 0.5991299748420715
11530 0.12321000546216965 0.6051499843597412
11531 0.12269999086856842 0.6112899780273438
11532 0.12206000089645386 0.5875200629234314
11533 0.12290000170469284 0.593280017375946
11534 0.12302999943494797 0.5818800330162048
11535 0.12234000861644745 0.5757099986076355
11536 0.12342000007629395 0.569819986820221
11537 0.12291000783443451 0.5623199939727783
11538 0.123989999294281 0.5559300780296326
11539 0.12384999543428421 0.5469200015068054
11540 0.1255200058221817 0.5400599837303162
11541 0.1259399801492691 0.5297499299049377
11542 0.123989999294281 0.5991399884223938
11543 0.1250699907541275 0.6109799742698669
11544 0.12386000156402588 0.5876200199127197
11545 0.12409000843763351 0.5763999819755554
11546 0.12449000775814056 0.5639299750328064
11547 0.12522000074386597 0.5494299530982971
11548 0.12736999988555908 0.5332499146461487
11549 0.12515999376773834 0.6169400215148926
11550 0.1514499932527542 0.45614001154899597
11551 0.1535699963569641 0.4614100158214569
11552 0.1379999965429306 0.4850000739097595
11553 0.13916002213954926 0.4769100546836853
11554 0.13357000052928925 0.49936002492904663
11555 0.13467000424861908 0.4895699620246887
11556 0.154789999127388 0.44937998056411743
11557 0.14693999290466309 0.45750001072883606
11558 0.14038999378681183 0.4690399765968323
11559 0.1355999857187271 0.48062998056411743
11560 0.1284099966287613 0.5118499398231506
11561 0.1279599815607071 0.5228300094604492
11562 0.13173998892307281 0.4948100447654724
11563 0.13087999820709229 0.5053200125694275
11564 0.1301100105047226 0.5161799788475037
11565 0.20218001306056976 0.46880003809928894
11566 0.19766999781131744 0.48962000012397766
11567 0.19537998735904694 0.4776000380516052
11568 0.2017199993133545 0.44791004061698914
11569 0.1973699927330017 0.4314100444316864
11570 0.19097000360488892 0.42003005743026733
11571 0.17602001130580902 0.6833500266075134
11572 0.1863200068473816 0.6787300109863281
11573 0.14130999147891998 0.5855899453163147
11574 0.1431100219488144 0.5813000202178955
11575 0.14103998243808746 0.5933099389076233
11576 0.14650000631809235 0.6046900153160095
11577 0.14781999588012695 0.5991500020027161
11578 0.14927999675273895 0.5922300219535828
11579 0.1423500031232834 0.5960999131202698
11580 0.18793000280857086 0.47519996762275696
11581 0.18403998017311096 0.47727006673812866
11582 0.18976999819278717 0.4846300482749939
11583 0.18243001401424408 0.48687002062797546
11584 0.18551000952720642 0.4925699830055237
11585 0.18769000470638275 0.50177001953125
11586 0.18512000143527985 0.5147799849510193
11587 0.18296001851558685 0.5232700705528259
11588 0.18069002032279968 0.5299599766731262
11589 0.19201001524925232 0.49568992853164673
11590 0.17805001139640808 0.6371099948883057
11591 0.18674999475479126 0.6276400089263916
11592 0.18028999865055084 0.6212400794029236
11593 0.18039999902248383 0.6301100254058838
11594 0.40111997723579407 0.7347400188446045
11595 0.4092700183391571 0.7431600093841553
11596 0.39736002683639526 0.7494999170303345
11597 0.3895299732685089 0.7403600215911865
11598 0.29419997334480286 0.6698299646377563
11599 0.2948499917984009 0.680180013179779
11600 0.28533002734184265 0.6747099161148071
11601 0.2857699692249298 0.6639599800109863
11602 0.4905399978160858 0.7524399757385254
11603 0.48138999938964844 0.7602300047874451
11604 0.28889000415802 0.5223999619483948
11605 0.2775900065898895 0.5225400328636169
11606 0.28992998600006104 0.5020899772644043
11607 0.3138999938964844 0.7168999314308167
11608 0.32642999291419983 0.7191700339317322
11609 0.3307799994945526 0.7303299903869629
11610 0.2988300025463104 0.7020999193191528
11611 0.31087997555732727 0.7058300375938416
11612 0.29030999541282654 0.5588899254798889
11613 0.2803100049495697 0.5631199479103088
11614 0.27785995602607727 0.5442399978637695
11615 0.28901001811027527 0.5415700078010559
11616 0.33388999104499817 0.710189938545227
11617 0.3382300138473511 0.720039963722229
11618 0.3225899934768677 0.708620011806488
11619 0.3053300082683563 0.6847900748252869
11620 0.3080900013446808 0.6952400207519531
11621 0.2966200113296509 0.6909899711608887
11622 0.29881998896598816 0.5402799248695374
11623 0.2988699972629547 0.5226799845695496
11624 0.28565001487731934 0.685920000076294
11625 0.3191800117492676 0.6985000371932983
11626 0.48190000653266907 0.7445200681686401
11627 0.4908199608325958 0.7364799976348877
11628 0.4646100401878357 0.7445799112319946
11629 0.4737200438976288 0.7366399765014648
11630 0.4727799892425537 0.7524399757385254
11631 0.46324998140335083 0.760129988193512
11632 0.44074004888534546 0.3880300223827362
11633 0.44499996304512024 0.3827199935913086
11634 0.45295000076293945 0.3839400112628937
11635 0.44846004247665405 0.38872000575065613
11636 0.43648001551628113 0.39326998591423035
11637 0.4287000000476837 0.39333999156951904
11638 0.43254998326301575 0.38762998580932617
11639 0.4765400290489197 0.3787800073623657
11640 0.4817200005054474 0.3750400245189667
11641 0.48819997906684875 0.37741997838020325
11642 0.4829099774360657 0.3808700442314148
11643 0.47172001004219055 0.3824799656867981
11644 0.4649999737739563 0.3807699978351593
11645 0.46973997354507446 0.37665998935699463
11646 0.4365899860858917 0.38176000118255615
11647 0.44075995683670044 0.3759300410747528
11648 0.44937998056411743 0.3774400055408478
11649 0.42430999875068665 0.38788002729415894
11650 0.42798998951911926 0.38155004382133484
11651 0.2784300148487091 0.3880999684333801
11652 0.28234001994132996 0.3508400321006775
11653 0.28995001316070557 0.3619399666786194
11654 0.3028999865055084 0.30903002619743347
11655 0.3037300109863281 0.32420995831489563
11656 0.4059600234031677 0.4171600043773651
11657 0.4028100371360779 0.42048999667167664
11658 0.4012300372123718 0.4168800711631775
11659 0.40511995553970337 0.4135100245475769
11660 0.4179899990558624 0.39948999881744385
11661 0.4209599792957306 0.3938800096511841
11662 0.4249599575996399 0.398639976978302
11663 0.4143100082874298 0.3766999840736389
11664 0.41126006841659546 0.3842200040817261
11665 0.40268996357917786 0.3873099982738495
11666 0.40487000346183777 0.3793499767780304
11667 0.39368999004364014 0.39925000071525574
11668 0.39403998851776123 0.3916800022125244
11669 0.40116000175476074 0.39465001225471497
11670 0.39781999588012695 0.4213099777698517
11671 0.40018993616104126 0.42499998211860657
11672 0.3979499638080597 0.43039995431900024
11673 0.3947000205516815 0.4267199635505676
11674 0.4136800169944763 0.3951900005340576
11675 0.41635996103286743 0.38896995782852173
11676 0.4115600287914276 0.4009399712085724
11677 0.40564996004104614 0.40338996052742004
11678 0.40686994791030884 0.39754003286361694
11679 0.2877599895000458 0.3978300094604492
11680 0.28077998757362366 0.4230499565601349
11681 0.41764000058174133 0.3688499927520752
11682 0.427060067653656 0.3680799603462219
11683 0.4231100082397461 0.37525999546051025
11684 0.30789998173713684 0.5231299996376038
11685 0.29967001080513 0.5037999749183655
11686 0.3085399866104126 0.5055599808692932
11687 0.292059987783432 0.48094993829727173
11688 0.3014400005340576 0.48426002264022827
11689 0.41544002294540405 0.4046500027179718
11690 0.4100000262260437 0.4062800109386444
11691 0.39614999294281006 0.4169199764728546
11692 0.4004099667072296 0.41238999366760254
11693 0.2855999767780304 0.4538399875164032
11694 0.28992998600006104 0.43081000447273254
11695 0.3850500285625458 0.423939973115921
11696 0.3881399929523468 0.42882996797561646
11697 0.38464000821113586 0.4361700415611267
11698 0.3807299733161926 0.43146997690200806
11699 0.38809001445770264 0.41158002614974976
11700 0.3899100124835968 0.41738003492355347
11701 0.3823399841785431 0.41826003789901733
11702 0.3866100013256073 0.40494996309280396
11703 0.3940899670124054 0.4059000015258789
11704 0.40014001727104187 0.40706998109817505
11705 0.40501999855041504 0.40879005193710327
11706 0.40922001004219055 0.41106003522872925
11707 0.40345001220703125 0.427979975938797
11708 0.40528005361557007 0.4233200252056122
11709 0.3950500190258026 0.3832800090312958
11710 0.38565996289253235 0.39737004041671753
11711 0.38548997044563293 0.3889100253582001
11712 0.40738004446029663 0.37091997265815735
11713 0.39649999141693115 0.37448999285697937
11714 0.44822999835014343 0.22169998288154602
11715 0.4262799918651581 0.2313300222158432
11716 0.39754003286361694 0.23507000505924225
11717 0.3799999952316284 0.411730021238327
11718 0.37720996141433716 0.42594000697135925
11719 0.3740699589252472 0.4197099804878235
11720 0.37806999683380127 0.40439003705978394
11721 0.36212995648384094 0.41548997163772583
11722 0.3588300049304962 0.40751001238822937
11723 0.3668299913406372 0.3966600298881531
11724 0.36910998821258545 0.40518999099731445
11725 0.3714100122451782 0.4128599762916565
11726 0.3768300414085388 0.39629003405570984
11727 0.2948800027370453 0.4596800208091736
11728 0.3748300075531006 0.3778400123119354
11729 0.3758299648761749 0.3874500095844269
11730 0.3647199869155884 0.3872299790382385
11731 0.386680006980896 0.3603000342845917
11732 0.38613003492355347 0.3705199956893921
11733 0.3743099868297577 0.3674600124359131
11734 0.3655800223350525 0.42261001467704773
11735 0.36066001653671265 0.4333300292491913
11736 0.35631996393203735 0.42688995599746704
11737 0.37731000781059265 0.4398200213909149
11738 0.3730500042438507 0.43462997674942017
11739 0.3698599636554718 0.44416001439094543
11740 0.3651700019836426 0.4390299618244171
11741 0.36913996934890747 0.4289200007915497
11742 0.36201998591423035 0.4498600363731384
11743 0.3567599952220917 0.44488000869750977
11744 0.3779199719429016 0.25099995732307434
11745 0.3453499972820282 0.2658199965953827
11746 0.3337099850177765 0.2844400107860565
11747 0.4656200110912323 0.3460400104522705
11748 0.47258999943733215 0.3510899841785431
11749 0.46480995416641235 0.35514000058174133
11750 0.456279993057251 0.35041001439094543
11751 0.4724900424480438 0.3590199947357178
11752 0.4795399308204651 0.3552999794483185
11753 0.4864000678062439 0.3587300181388855
11754 0.4797000288963318 0.36222001910209656
11755 0.4656999707221985 0.36305999755859375
11756 0.45740002393722534 0.35975000262260437
11757 0.4622900187969208 0.3744800090789795
11758 0.467430055141449 0.37011000514030457
11759 0.4748000502586365 0.3726400136947632
11760 0.48045995831489563 0.3687300384044647
11761 0.48736000061035156 0.37137001752853394
11762 0.4799499809741974 0.302729994058609
11763 0.4720499813556671 0.3107900321483612
11764 0.4584300220012665 0.3077700138092041
11765 0.46671003103256226 0.2981100082397461
11766 0.4802599549293518 0.3475300073623657
11767 0.4865899682044983 0.35172998905181885
11768 0.48364999890327454 0.3343200385570526
11769 0.48862001299858093 0.33757999539375305
11770 0.48210999369621277 0.34022000432014465
11771 0.47815996408462524 0.33625003695487976
11772 0.42125993967056274 0.36039999127388
11773 0.40998002886772156 0.36201998591423035
11774 0.43716999888420105 0.35211998224258423
11775 0.4315299987792969 0.360539972782135
11776 0.42524001002311707 0.3506700396537781
11777 0.4883299469947815 0.3312099874019623
11778 0.4777500331401825 0.3324199914932251
11779 0.48104000091552734 0.32840999960899353
11780 0.4934999942779541 0.34832000732421875
11781 0.4932200312614441 0.35538002848625183
11782 0.4934999942779541 0.36796000599861145
11783 0.4939100444316864 0.3740699589252472
11784 0.4599800109863281 0.34012001752853394
11785 0.4703199863433838 0.3375900089740753
11786 0.4744899570941925 0.3428199589252472
11787 0.4874599575996399 0.34435999393463135
11788 0.4012599587440491 0.34459999203681946
11789 0.3997099697589874 0.3553600013256073
11790 0.38756996393203735 0.34935998916625977
11791 0.45093005895614624 0.3170900046825409
11792 0.43553999066352844 0.3171299993991852
11793 0.44283002614974976 0.30622002482414246
11794 0.46928998827934265 0.33208000659942627
11795 0.4125800132751465 0.35228997468948364
11796 0.4145600199699402 0.3415699601173401
11797 0.42827004194259644 0.339570015668869
11798 0.41666004061698914 0.330049991607666
11799 0.4205300211906433 0.31828999519348145
11800 0.4308300018310547 0.32811999320983887
11801 0.4028100371360779 0.33292004466056824
11802 0.4412999749183655 0.3623099625110626
11803 0.43619996309280396 0.3686699867248535
11804 0.35388997197151184 0.4569999873638153
11805 0.3484100103378296 0.4519800543785095
11806 0.35175997018814087 0.43915003538131714
11807 0.34703996777534485 0.432640016078949
11808 0.3521699905395508 0.41971996426582336
11809 0.3558900058269501 0.3985900282859802
11810 0.34850001335144043 0.4114299416542053
11811 0.3632600009441376 0.3768899738788605
11812 0.35361000895500183 0.3885999917984009
11813 0.36243999004364014 0.3657500445842743
11814 0.37439000606536865 0.35628002882003784
11815 0.37490999698638916 0.34435003995895386
11816 0.388839989900589 0.33761000633239746
11817 0.39075997471809387 0.32512998580932617
11818 0.40560004115104675 0.3208099901676178
11819 0.42666003108024597 0.30636000633239746
11820 0.41050001978874207 0.3082599937915802
11821 0.43439003825187683 0.29385998845100403
11822 0.4510900378227234 0.2950200140476227
11823 0.4603100121021271 0.2839300334453583
11824 0.4762899875640869 0.28787997364997864
11825 0.4891299903392792 0.2939099967479706
11826 0.4869299530982971 0.2788499891757965
11827 0.4940199851989746 0.34125998616218567
11828 0.38572999835014343 0.37998002767562866
11829 0.3980799913406372 0.3652600049972534
11830 0.46514004468917847 0.31828001141548157
11831 0.4832899868488312 0.31466999650001526
11832 0.4767299294471741 0.32071998715400696
11833 0.4455399811267853 0.3264100253582001
11834 0.4598500430583954 0.3256700038909912
11835 0.44336003065109253 0.33643004298210144
11836 0.44286996126174927 0.28161999583244324
11837 0.4527299702167511 0.27024999260902405
11838 0.47102001309394836 0.27386999130249023
11839 0.4172000288963318 0.29472997784614563
11840 0.4245600402355194 0.2803399860858917
11841 0.39444997906684875 0.3119800090789795
11842 0.39965999126434326 0.29809999465942383
11843 0.37592002749443054 0.3315500020980835
11844 0.3785099983215332 0.3178899586200714
11845 0.36205002665519714 0.35378000140190125
11846 0.3621099591255188 0.3409099876880646
11847 0.35193997621536255 0.3777599632740021
11848 0.3505599796772003 0.36615997552871704
11849 0.3455800414085388 0.40199998021125793
11850 0.3428899943828583 0.391789972782135
11851 0.3428800106048584 0.4249599575996399
11852 0.33893001079559326 0.41635996103286743
11853 0.3434600234031677 0.4459100067615509
11854 0.33869001269340515 0.43897002935409546
11855 0.3464999794960022 0.4649600386619568
11856 0.34108999371528625 0.4596800208091736
11857 0.4837499260902405 0.26506999135017395
11858 0.46028998494148254 0.3850700259208679
11859 0.45754000544548035 0.3791300058364868
11860 0.45410996675491333 0.37230998277664185
11861 0.4478900134563446 0.35600998997688293
11862 0.44734999537467957 0.34477999806404114
11863 0.4508199989795685 0.3648700416088104
11864 0.4577699303627014 0.3331499993801117
11865 0.47176000475883484 0.32642999291419983
11866 0.4861299991607666 0.3239600360393524
11867 0.49243998527526855 0.31894001364707947
11868 0.4936800003051758 0.3274900019168854
11869 0.4734799861907959 0.22216999530792236
11870 0.49431997537612915 0.3345299959182739
11871 0.4909600615501404 0.3078800141811371
11872 0.4943399727344513 0.3799999952316284
11873 0.4932599663734436 0.3617899715900421
11874 0.32986998558044434 0.7005800604820251
11875 0.33991000056266785 0.7013700008392334
11876 0.3444800078868866 0.710349977016449
11877 0.31593000888824463 0.6884499192237854
11878 0.3260200023651123 0.6909700036048889
11879 0.4009299576282501 0.43950003385543823
11880 0.3959699869155884 0.43654996156692505
11881 0.40202000737190247 0.433459997177124
11882 0.42249006032943726 0.7215200066566467
11883 0.430929958820343 0.7289599776268005
11884 0.4204099774360657 0.7361400127410889
11885 0.41210001707077026 0.7283400893211365
11886 0.316210001707077 0.5236799716949463
11887 0.31586000323295593 0.5392100214958191
11888 0.3077099621295929 0.5396999716758728
11889 0.3863699734210968 0.7188500761985779
11890 0.3934299945831299 0.7265600562095642
11891 0.3824000060558319 0.7314900755882263
11892 0.37592002749443054 0.7231100797653198
11893 0.4039900004863739 0.7207499146461487
11894 0.3021800220012665 0.6650099754333496
11895 0.3032599985599518 0.6746500730514526
11896 0.29429998993873596 0.6599900126457214
11897 0.43907999992370605 0.7365599274635315
11898 0.44084998965263367 0.7215099930763245
11899 0.4489099979400635 0.7289800047874451
11900 0.45674997568130493 0.736750066280365
11901 0.45820000767707825 0.7211700081825256
11902 0.4659099876880646 0.7288699746131897
11903 0.49118998646736145 0.7208600044250488
11904 0.48253005743026733 0.7286400198936462
11905 0.4068300426006317 0.43557998538017273
11906 0.4073500335216522 0.4300699830055237
11907 0.3799900412559509 0.4529600143432617
11908 0.3747899830341339 0.44885995984077454
11909 0.38190004229545593 0.4442799687385559
11910 0.3079400062561035 0.5547500252723694
11911 0.29951998591423035 0.5563099980354309
11912 0.38901999592781067 0.4400999844074249
11913 0.3869200050830841 0.4479699730873108
11914 0.3005799949169159 0.570580005645752
11915 0.29221001267433167 0.5740399956703186
11916 0.36743998527526855 0.454289972782135
11917 0.36588001251220703 0.46483996510505676
11918 0.3598099946975708 0.46115997433662415
11919 0.3588399887084961 0.4725499749183655
11920 0.3524100184440613 0.4691700339317322
11921 0.44207999110221863 0.7065900564193726
11922 0.4503500163555145 0.7137099504470825
11923 0.4323999881744385 0.7142800688743591
11924 0.45966002345085144 0.7058600783348083
11925 0.467119961977005 0.7133799195289612
11926 0.4130200743675232 0.4424299895763397
11927 0.4065999984741211 0.4415600001811981
11928 0.4122200012207031 0.4366300106048584
11929 0.4065900146961212 0.4479599595069885
11930 0.3999600112438202 0.44606998562812805
11931 0.3915500342845917 0.459229975938797
11932 0.38552001118659973 0.4564099609851837
11933 0.39252999424934387 0.45100000500679016
11934 0.3847200274467468 0.4651499390602112
11935 0.37876999378204346 0.46202996373176575
11936 0.37209999561309814 0.4681899845600128
11937 0.3721199631690979 0.4781399369239807
11938 0.36546996235847473 0.47547003626823425
11939 0.3660300076007843 0.48607996106147766
11940 0.3590700328350067 0.48381999135017395
11941 0.3231399953365326 0.5522599816322327
11942 0.31561997532844543 0.5534600615501404
11943 0.3236599862575531 0.5388399958610535
11944 0.31553003191947937 0.5661900043487549
11945 0.30834999680519104 0.5681700110435486
11946 0.30893000960350037 0.5801400542259216
11947 0.30177998542785645 0.5832200050354004
11948 0.301939994096756 0.65597003698349
11949 0.30882999300956726 0.6600199341773987
11950 0.3103199899196625 0.6689199805259705
11951 0.31869998574256897 0.6720899939537048
11952 0.32228997349739075 0.6814199686050415
11953 0.3128499984741211 0.6785500049591064
11954 0.3441700339317322 0.6925100684165955
11955 0.34929996728897095 0.7010300159454346
11956 0.33538001775741577 0.6922600269317627
11957 0.3796699643135071 0.7114900350570679
11958 0.38912004232406616 0.7070199251174927
11959 0.39642998576164246 0.7136600017547607
11960 0.40588998794555664 0.7079500555992126
11961 0.41398000717163086 0.7143599987030029
11962 0.4236299991607666 0.7076500654220581
11963 0.4832000434398651 0.713200032711029
11964 0.49173998832702637 0.7057700157165527
11965 0.3730199635028839 0.4583899974822998
11966 0.37828996777534485 0.47127002477645874
11967 0.3522700071334839 0.4811399579048157
11968 0.34588000178337097 0.4777800440788269
11969 0.35985997319221497 0.49515002965927124
11970 0.3527600169181824 0.493149995803833
11971 0.3309899866580963 0.6832099556922913
11972 0.3544299900531769 0.7093400359153748
11973 0.3596499562263489 0.717710018157959
11974 0.3491699993610382 0.7194100022315979
11975 0.35815998911857605 0.6996300220489502
11976 0.3639400005340576 0.707319974899292
11977 0.3698499798774719 0.7151099443435669
11978 0.36510998010635376 0.7263699173927307
11979 0.3730500042438507 0.7043399810791016
11980 0.474700003862381 0.7209400534629822
11981 0.47578001022338867 0.7057899832725525
11982 0.3818199932575226 0.7006499767303467
11983 0.3899800181388855 0.6964999437332153
11984 0.3979699909687042 0.7021399140357971
11985 0.47693997621536255 0.46835997700691223
11986 0.4701499938964844 0.46598002314567566
11987 0.47731998562812805 0.4636799991130829
11988 0.48433998227119446 0.46570998430252075
11989 0.48336002230644226 0.5159199833869934
11990 0.48677995800971985 0.5127999782562256
11991 0.4909600615501404 0.5153399109840393
11992 0.48688003420829773 0.5183699727058411
11993 0.47798997163772583 0.5160999894142151
11994 0.48023003339767456 0.513480007648468
11995 0.4802200198173523 0.5186100006103516
11996 0.46724003553390503 0.4887799918651581
11997 0.4756700396537781 0.48538997769355774
11998 0.48276999592781067 0.488209992647171
11999 0.4736199676990509 0.491210013628006
12000 0.44290998578071594 0.49698999524116516
12001 0.4372400641441345 0.4963500201702118
12002 0.4448399841785431 0.4904499650001526
12003 0.4517999291419983 0.4914400279521942
12004 0.4293999969959259 0.5105699896812439
12005 0.432779997587204 0.5110200047492981
12006 0.43050000071525574 0.5174999833106995
12007 0.4272499680519104 0.517549991607666
12008 0.43070003390312195 0.5030699372291565
12009 0.43446996808052063 0.5035800337791443
12010 0.4263600707054138 0.5105299949645996
12011 0.39806002378463745 0.4699099659919739
12012 0.4063599705696106 0.47172001004219055
12013 0.40540000796318054 0.4803299903869629
12014 0.39795997738838196 0.47843000292778015
12015 0.4130399823188782 0.4820699989795685
12016 0.41107994318008423 0.49066999554634094
12017 0.40475994348526 0.48895999789237976
12018 0.40483999252319336 0.497590035200119
12019 0.3989400267601013 0.4957900047302246
12020 0.39820000529289246 0.4870900511741638
12021 0.39156001806259155 0.48506999015808105
12022 0.39104002714157104 0.47631001472473145
12023 0.421860009431839 0.44850996136665344
12024 0.41391995549201965 0.448669970035553
12025 0.4198000133037567 0.44272997975349426
12026 0.41498997807502747 0.7020999193191528
12027 0.4062199890613556 0.6970500349998474
12028 0.41015002131462097 0.4991600215435028
12029 0.40953996777534485 0.5081899762153625
12030 0.4049599766731262 0.5065400004386902
12031 0.4151000380516052 0.5006199479103088
12032 0.41708996891975403 0.49223998188972473
12033 0.4510299861431122 0.4616599678993225
12034 0.4565899670124054 0.4654800295829773
12035 0.44877001643180847 0.4687199890613556
12036 0.4427900016307831 0.46449998021125793
12037 0.41291001439094543 0.5197100043296814
12038 0.41686004400253296 0.5216500163078308
12039 0.41811996698379517 0.5318199992179871
12040 0.4137200713157654 0.5293200016021729
12041 0.471560001373291 0.5144500136375427
12042 0.47297000885009766 0.5136199593544006
12043 0.47449997067451477 0.5154100060462952
12044 0.47252994775772095 0.5163300037384033
12045 0.42566007375717163 0.5299200415611267
12046 0.4246399700641632 0.53152996301651
12047 0.4228500723838806 0.5264899730682373
12048 0.4246099591255188 0.5247200131416321
12049 0.49581000208854675 0.5656200051307678
12050 0.4906599819660187 0.5615000128746033
12051 0.49542000889778137 0.5574600100517273
12052 0.3082900047302246 0.6521900296211243
12053 0.3140299618244171 0.6557000279426575
12054 0.31575000286102295 0.663360059261322
12055 0.346839964389801 0.6838499307632446
12056 0.3524699807167053 0.6917900443077087
12057 0.33910995721817017 0.6839699745178223
12058 0.40456002950668335 0.5486500263214111
12059 0.40275999903678894 0.5406299233436584
12060 0.40810006856918335 0.5421599745750427
12061 0.4102799892425537 0.5498499870300293
12062 0.3227599859237671 0.6661500334739685
12063 0.32670000195503235 0.6745200157165527
12064 0.42377999424934387 0.6960000395774841
12065 0.4332900047302246 0.7006200551986694
12066 0.4424000084400177 0.6927599906921387
12067 0.45205000042915344 0.6982999444007874
12068 0.45865005254745483 0.6818900108337402
12069 0.46849995851516724 0.6764500141143799
12070 0.47235995531082153 0.6838899254798889
12071 0.46250003576278687 0.6904900074005127
12072 0.48596999049186707 0.684969961643219
12073 0.4778900146484375 0.6914900541305542
12074 0.480540007352829 0.6776900291442871
12075 0.47644999623298645 0.6706500053405762
12076 0.46577998995780945 0.6691199541091919
12077 0.47328999638557434 0.6639599800109863
12078 0.4832499623298645 0.637380063533783
12079 0.478689968585968 0.6426200270652771
12080 0.47515004873275757 0.6381199955940247
12081 0.47936004400253296 0.6329500079154968
12082 0.48362997174263 0.500540018081665
12083 0.4772600531578064 0.49950000643730164
12084 0.4770500361919403 0.4950900077819824
12085 0.48590996861457825 0.49581000208854675
12086 0.4717400074005127 0.4993400275707245
12087 0.47663000226020813 0.503279983997345
12088 0.4721699357032776 0.5024399757385254
12089 0.47982001304626465 0.6585900187492371
12090 0.4704199433326721 0.6577900052070618
12091 0.476639986038208 0.6528000235557556
12092 0.4689300060272217 0.6983299851417542
12093 0.48438000679016113 0.6987299919128418
12094 0.43233996629714966 0.4959099590778351
12095 0.4270300269126892 0.503089964389801
12096 0.43640998005867004 0.5115600228309631
12097 0.43786001205444336 0.5046700835227966
12098 0.44061997532844543 0.5060400366783142
12099 0.44606998562812805 0.4989199936389923
12100 0.4154999554157257 0.45570996403694153
12101 0.4069400131702423 0.455189973115921
12102 0.384520024061203 0.4739599823951721
12103 0.3910899758338928 0.4677099883556366
12104 0.37286999821662903 0.48813003301620483
12105 0.37397000193595886 0.4983200430870056
12106 0.36699002981185913 0.49682000279426575
12107 0.3892800211906433 0.5204500555992126
12108 0.3952000141143799 0.5215499997138977
12109 0.39600998163223267 0.5307899117469788
12110 0.39010998606681824 0.5299999713897705
12111 0.381850004196167 0.5097599625587463
12112 0.3883199989795685 0.5108299851417542
12113 0.3828599750995636 0.519770085811615
12114 0.38718003034591675 0.5013399720191956
12115 0.3806600272655487 0.49981001019477844
12116 0.3795299828052521 0.490060031414032
12117 0.38604000210762024 0.4920000433921814
12118 0.37509000301361084 0.5087599754333496
12119 0.38214996457099915 0.690790057182312
12120 0.38892003893852234 0.6868800520896912
12121 0.39730000495910645 0.6919899582862854
12122 0.3414299786090851 0.6761499643325806
12123 0.3482699692249298 0.6757100820541382
12124 0.3540000319480896 0.6827899217605591
12125 0.45680001378059387 0.67330002784729
12126 0.45500996708869934 0.6658700108528137
12127 0.46320003271102905 0.6623299717903137
12128 0.4312899708747864 0.6895700097084045
12129 0.4360699951648712 0.6825500130653381
12130 0.4472699761390686 0.6839199662208557
12131 0.44738003611564636 0.6752700209617615
12132 0.4040200412273407 0.6873499155044556
12133 0.41373997926712036 0.6917600035667419
12134 0.3258500099182129 0.6606799960136414
12135 0.32965001463890076 0.667940080165863
12136 0.31981000304222107 0.6585800051689148
12137 0.31314000487327576 0.649139940738678
12138 0.3178899586200714 0.6521400809288025
12139 0.4607500433921814 0.6562899947166443
12140 0.46744996309280396 0.652209997177124
12141 0.4204299747943878 0.6862800121307373
12142 0.32907000184059143 0.573419988155365
12143 0.329800009727478 0.5629799962043762
12144 0.33715999126434326 0.5619400143623352
12145 0.33597996830940247 0.5720999836921692
12146 0.33062002062797546 0.5513600707054138
12147 0.3226099908351898 0.5644500255584717
12148 0.3222599923610687 0.5753099918365479
12149 0.31564998626708984 0.5775399804115295
12150 0.32179000973701477 0.5850600600242615
12151 0.3280400037765503 0.5828499794006348
12152 0.4920699894428253 0.46307995915412903
12153 0.49205997586250305 0.46786999702453613
12154 0.39844000339508057 0.46152999997138977
12155 0.32114002108573914 0.5939199924468994
12156 0.3157399892807007 0.5968199372291565
12157 0.31578001379966736 0.5876899361610413
12158 0.30963000655174255 0.590749979019165
12159 0.41328999400138855 0.5440400242805481
12160 0.40619996190071106 0.5338699817657471
12161 0.4109399616718292 0.5359200835227966
12162 0.37862998247146606 0.48058992624282837
12163 0.40046000480651855 0.5232300162315369
12164 0.3945100009441376 0.51214998960495
12165 0.4000200629234314 0.5139699578285217
12166 0.39361000061035156 0.5029000639915466
12167 0.38231995701789856 0.6076700091362
12168 0.3870199918746948 0.6045200228691101
12169 0.3914699852466583 0.6082300543785095
12170 0.38680002093315125 0.6111599802970886
12171 0.38148000836372375 0.6184399724006653
12172 0.38639000058174133 0.6168000102043152
12173 0.3909899890422821 0.6185799241065979
12174 0.3860799968242645 0.6198899745941162
12175 0.34338998794555664 0.571590006351471
12176 0.34088996052742004 0.5807099938392639
12177 0.33437997102737427 0.581279993057251
12178 0.3324500024318695 0.5896599888801575
12179 0.3267500102519989 0.5914199948310852
12180 0.3257100284099579 0.5992699265480042
12181 0.32067999243736267 0.6019799709320068
12182 0.427979975938797 0.46226000785827637
12183 0.4173099994659424 0.4639799892902374
12184 0.4245400130748749 0.4548799991607666
12185 0.4299600124359131 0.4481699764728546
12186 0.4335799813270569 0.4535899758338928
12187 0.4461199939250946 0.4572899639606476
12188 0.4377000033855438 0.45927000045776367
12189 0.4417000114917755 0.4526199996471405
12190 0.4534499943256378 0.45612001419067383
12191 0.4584300220012665 0.4598500430583954
12192 0.4757099747657776 0.5178199410438538
12193 0.4759800136089325 0.5137100219726562
12194 0.4914700388908386 0.6370700001716614
12195 0.49573996663093567 0.6317800879478455
12196 0.49559998512268066 0.6422200202941895
12197 0.4953799843788147 0.5121799111366272
12198 0.49533993005752563 0.5179399847984314
12199 0.41572999954223633 0.5381899476051331
12200 0.4093499779701233 0.5270599722862244
12201 0.4048599898815155 0.5159100890159607
12202 0.3996700048446655 0.5046600699424744
12203 0.39252999424934387 0.49393004179000854
12204 0.3850400149822235 0.4828900694847107
12205 0.40064001083374023 0.5557199120521545
12206 0.3987400233745575 0.5479199886322021
12207 0.4066900610923767 0.5561400055885315
12208 0.3846299946308136 0.5391600131988525
12209 0.3836199939250946 0.5297099947929382
12210 0.3911699950695038 0.539139986038208
12211 0.3766700029373169 0.5295700430870056
12212 0.3759700059890747 0.5192599892616272
12213 0.3679399788379669 0.5078200697898865
12214 0.3606100082397461 0.5066999793052673
12215 0.36869001388549805 0.5187699794769287
12216 0.48739001154899597 0.6321700215339661
12217 0.4830699563026428 0.6275500655174255
12218 0.4868200123310089 0.6222100257873535
12219 0.4914200007915497 0.6269099712371826
12220 0.4751400351524353 0.6286500096321106
12221 0.4784700274467468 0.6231899857521057
12222 0.49073001742362976 0.5208899974822998
12223 0.48639005422592163 0.5237500071525574
12224 0.4830000102519989 0.5210700035095215
12225 0.46796995401382446 0.507110059261322
12226 0.47141000628471375 0.5079200267791748
12227 0.4711799919605255 0.5105299949645996
12228 0.46821001172065735 0.509850025177002
12229 0.4746599793434143 0.5093200206756592
12230 0.4718499779701233 0.5052199959754944
12231 0.4756600260734558 0.5064799785614014
12232 0.4811899960041046 0.5046400427818298
12233 0.479170024394989 0.508109986782074
12234 0.48587995767593384 0.5067099928855896
12235 0.4897000193595886 0.502780020236969
12236 0.473470002412796 0.6476399898529053
12237 0.464570015668869 0.6470100283622742
12238 0.4701699912548065 0.6427800059318542
12239 0.48215001821517944 0.6475300192832947
12240 0.49515002965927124 0.653439998626709
12241 0.4909000098705292 0.6476899981498718
12242 0.4465000331401825 0.5015000700950623
12243 0.4473100006580353 0.5035800337791443
12244 0.44310998916625977 0.5073400139808655
12245 0.46004003286361694 0.4869900047779083
12246 0.459490031003952 0.4923100173473358
12247 0.4628100097179413 0.4686400294303894
12248 0.46396997570991516 0.4631900191307068
12249 0.46549004316329956 0.45879003405570984
12250 0.4711199402809143 0.46150997281074524
12251 0.47380998730659485 0.5117999911308289
12252 0.4711000323295593 0.512660026550293
12253 0.47749999165534973 0.5112000107765198
12254 0.48273998498916626 0.5102999806404114
12255 0.4906800091266632 0.5093700289726257
12256 0.392689973115921 0.5944700241088867
12257 0.3873899579048157 0.5972300171852112
12258 0.38280004262924194 0.5923699736595154
12259 0.3884199857711792 0.5894299149513245
12260 0.3664900064468384 0.58406001329422
12261 0.3722999691963196 0.5904399752616882
12262 0.3672099709510803 0.5946300029754639
12263 0.36124998331069946 0.5894399285316467
12264 0.362930029630661 0.6074900031089783
12265 0.3678100109100342 0.6033300757408142
12266 0.37283995747566223 0.6072800159454346
12267 0.3678300082683563 0.6108799576759338
12268 0.34537002444267273 0.6106399893760681
12269 0.3426699936389923 0.6144599914550781
12270 0.3391399681568146 0.613610029220581
12271 0.3412800133228302 0.609220027923584
12272 0.34428998827934265 0.5897200107574463
12273 0.3505299687385559 0.5918700098991394
12274 0.3470499813556671 0.5984200835227966
12275 0.34147000312805176 0.5969099998474121
12276 0.33827999234199524 0.5890600085258484
12277 0.3478100001811981 0.5816400051116943
12278 0.35673999786376953 0.5952900052070618
12279 0.3546900153160095 0.5846700072288513
12280 0.35795000195503235 0.6115000247955322
12281 0.35339000821113586 0.6087200045585632
12282 0.3579099774360657 0.6040700078010559
12283 0.3493399918079376 0.6127200126647949
12284 0.34877997636795044 0.6060900092124939
12285 0.3341999650001526 0.675809919834137
12286 0.3364500403404236 0.6688099503517151
12287 0.36014002561569214 0.6899999976158142
12288 0.3664900064468384 0.6971999406814575
12289 0.36087995767593384 0.6810399293899536
12290 0.36746999621391296 0.6876200437545776
12291 0.37455999851226807 0.6941900253295898
12292 0.3745799660682678 0.6848599910736084
12293 0.38837000727653503 0.6380900740623474
12294 0.3823699951171875 0.6359999775886536
12295 0.3875899612903595 0.634880006313324
12296 0.39362001419067383 0.6365699768066406
12297 0.4201600253582001 0.6344900131225586
12298 0.4225600063800812 0.6328399777412415
12299 0.4251299500465393 0.6332100033760071
12300 0.4232800006866455 0.6350200176239014
12301 0.41721004247665405 0.6363499760627747
12302 0.4131300151348114 0.6353800296783447
12303 0.4166800379753113 0.6337099671363831
12304 0.4266500174999237 0.6316199898719788
12305 0.4288100600242615 0.6315000057220459
12306 0.4277200400829315 0.6331899762153625
12307 0.4093100428581238 0.6373700499534607
12308 0.4043600261211395 0.6360899806022644
12309 0.40877002477645874 0.6343299746513367
12310 0.39952996373176575 0.638159990310669
12311 0.39886000752449036 0.6348900198936462
12312 0.37188002467155457 0.6351400017738342
12313 0.3765900135040283 0.6342000365257263
12314 0.37748000025749207 0.6373199820518494
12315 0.3621099591255188 0.6340799927711487
12316 0.3664400279521942 0.6332799792289734
12317 0.3673400282859802 0.6363999843597412
12318 0.3426399827003479 0.6332200169563293
12319 0.34035995602607727 0.6309400200843811
12320 0.34299996495246887 0.6304799914360046
12321 0.3458699882030487 0.6322899460792542
12322 0.37191998958587646 0.6183500289916992
12323 0.36650997400283813 0.6195499897003174
12324 0.3619900047779083 0.6181399822235107
12325 0.36726999282836914 0.6164999604225159
12326 0.34349995851516724 0.6182900071144104
12327 0.34633997082710266 0.619100034236908
12328 0.3437800109386444 0.6201500296592712
12329 0.3415200412273407 0.6197699904441833
12330 0.3534700274467468 0.6330599784851074
12331 0.3573400378227234 0.6322399973869324
12332 0.35798001289367676 0.6352600455284119
12333 0.3575499653816223 0.6167399883270264
12334 0.35715001821517944 0.6195600032806396
12335 0.35315001010894775 0.6185899376869202
12336 0.3494799733161926 0.6174700260162354
12337 0.34943002462387085 0.6198899745941162
12338 0.34937000274658203 0.6314200758934021
12339 0.3495800197124481 0.6342999935150146
12340 0.3603000342845917 0.6281700134277344
12341 0.24418997764587402 0.8068900108337402
12342 0.36966997385025024 0.6290000081062317
12343 0.3653700053691864 0.6302599906921387
12344 0.39138004183769226 0.6247300505638123
12345 0.26604998111724854 0.7882399559020996
12346 0.380340039730072 0.6244400143623352
12347 0.38589999079704285 0.6230700016021729
12348 0.34160998463630676 0.6265000700950623
12349 0.23033998906612396 0.797895073890686
12350 0.3457200229167938 0.6268799901008606
12351 0.34332001209259033 0.6279500126838684
12352 0.3804199993610382 0.6294799447059631
12353 0.2634349763393402 0.8097699284553528
12354 0.3921000361442566 0.6297900080680847
12355 0.38663002848625183 0.6313599944114685
12356 0.40331003069877625 0.6297900080680847
12357 0.28108999133110046 0.8063700199127197
12358 0.41266006231307983 0.6295499801635742
12359 0.40838000178337097 0.6312199234962463
12360 0.34588000178337097 0.6230000853538513
12361 0.23219001293182373 0.790814995765686
12362 0.34188002347946167 0.6228899955749512
12363 0.34373998641967773 0.6219200491905212
12364 0.41923999786376953 0.6292399764060974
12365 0.2899549901485443 0.8018650412559509
12366 0.4240500330924988 0.6288800239562988
12367 0.4220699965953827 0.6303200125694275
12368 0.28659000992774963 0.8039299249649048
12369 0.4163300395011902 0.6308199763298035
12370 0.29303497076034546 0.8008149266242981
12371 0.4274499714374542 0.6284299492835999
12372 0.42622998356819153 0.6296200156211853
12373 0.36977002024650574 0.6240300536155701
12374 0.2493150234222412 0.7867599725723267
12375 0.3603699803352356 0.6234800219535828
12376 0.3654499650001526 0.6224399209022522
12377 0.27316999435424805 0.8084999918937683
12378 0.39816001057624817 0.6315000057220459
12379 0.25312501192092896 0.8092750906944275
12380 0.37542998790740967 0.6309499740600586
12381 0.3522799611091614 0.6274499893188477
12382 0.237620010972023 0.8036850094795227
12383 0.3565700054168701 0.6293399930000305
12384 0.35228997468948364 0.6232799887657166
12385 0.23624499142169952 0.7889299392700195
12386 0.34912997484207153 0.6220700144767761
12387 0.24223002791404724 0.7874099612236023
12388 0.3565399944782257 0.6221500039100647
12389 0.12240999937057495 0.9831299781799316
12390 0.12578000128269196 0.984359860420227
12391 0.12816999852657318 0.9878700971603394
12392 0.14449000358581543 0.9535999894142151
12393 0.14267002046108246 0.9509400725364685
12394 0.14790000021457672 0.9532700181007385
12395 0.11918999254703522 0.9777098894119263
12396 0.12144999951124191 0.979610025882721
12397 0.15469001233577728 0.9817900061607361
12398 0.15056000649929047 0.9860900640487671
12399 0.15169000625610352 0.9833599328994751
12400 0.13194000720977783 0.9877700209617615
12401 0.13599000871181488 0.9901900291442871
12402 0.12282000482082367 0.9564200043678284
12403 0.12242000550031662 0.9589700102806091
12404 0.12102998793125153 0.9600200057029724
12405 0.13695000112056732 0.9499799013137817
12406 0.13384999334812164 0.9517799615859985
12407 0.13125000894069672 0.9506200551986694
12408 0.14451999962329865 0.9892998933792114
12409 0.13976000249385834 0.9886199235916138
12410 0.14683999121189117 0.9868401288986206
12411 0.15725000202655792 0.9772600531578064
12412 0.15539999306201935 0.9789400100708008
12413 0.1289599984884262 0.9528899788856506
12414 0.12655998766422272 0.9527400732040405
12415 0.12502001225948334 0.955530047416687
12416 0.23304498195648193 0.8005399703979492
12417 0.3490299880504608 0.6285600066184998
12418 0.49331000447273254 0.6784900426864624
12419 0.4925899803638458 0.6920199990272522
12420 0.48962000012397766 0.6592299938201904
12421 0.4943099617958069 0.6655700206756592
12422 0.49517005681991577 0.5236700177192688
12423 0.49501997232437134 0.5303199887275696
12424 0.49031999707221985 0.5267900824546814
12425 0.48774001002311707 0.6716799736022949
12426 0.4939899742603302 0.49872997403144836
12427 0.4912800192832947 0.49147993326187134
12428 0.4899599850177765 0.534089982509613
12429 0.4949600398540497 0.538569986820221
12430 0.48989003896713257 0.5429200530052185
12431 0.4951600432395935 0.5479199886322021
12432 0.4916500449180603 0.4847399890422821
12433 0.4955900013446808 0.6217899918556213
12434 0.4950299561023712 0.5058699250221252
12435 0.4908899962902069 0.6171500086784363
12436 0.4953100383281708 0.6121699810028076
12437 0.4845900237560272 0.4613899886608124
12438 0.49226999282836914 0.45890000462532043
12439 0.46657997369766235 0.5147899985313416
12440 0.4693100154399872 0.5146200060844421
12441 0.47011998295783997 0.516700029373169
12442 0.46744006872177124 0.5169000029563904
12443 0.46571996808052063 0.518809974193573
12444 0.4646100401878357 0.5172399878501892
12445 0.46803000569343567 0.518559992313385
12446 0.4686799645423889 0.5123600363731384
12447 0.4833800196647644 0.6650000214576721
12448 0.48701998591423035 0.6423000693321228
12449 0.4857099652290344 0.6531199812889099
12450 0.45464998483657837 0.4958500266075134
12451 0.45267003774642944 0.49876001477241516
12452 0.4660399556159973 0.49366000294685364
12453 0.46094995737075806 0.4959099590778351
12454 0.4700300395488739 0.4962000250816345
12455 0.4671500027179718 0.49960997700691223
12456 0.46498996019363403 0.4973900020122528
12457 0.4576399624347687 0.4979700446128845
12458 0.4611699879169464 0.4987099766731262
12459 0.478130042552948 0.45976999402046204
12460 0.26493000984191895 0.5493000149726868
12461 0.4341700077056885 0.5174699425697327
12462 0.43358996510505676 0.5234499573707581
12463 0.43000003695487976 0.5237799286842346
12464 0.4291999638080597 0.5345500111579895
12465 0.42677998542785645 0.5339599251747131
12466 0.4278099834918976 0.529670000076294
12467 0.4380800426006317 0.5283699631690979
12468 0.43411996960639954 0.5290799736976624
12469 0.43766000866889954 0.5229399800300598
12470 0.4342000186443329 0.538919985294342
12471 0.4311699867248535 0.538860023021698
12472 0.43212002515792847 0.534529983997345
12473 0.48517996072769165 0.5380600094795227
12474 0.4810200035572052 0.5336299538612366
12475 0.48563000559806824 0.5300800204277039
12476 0.4819299876689911 0.5266299843788147
12477 0.46101999282836914 0.5258999466896057
12478 0.46445995569229126 0.5239199995994568
12479 0.46682998538017273 0.5262899994850159
12480 0.46306997537612915 0.5289499759674072
12481 0.4676499664783478 0.5221900343894958
12482 0.46233004331588745 0.5220100283622742
12483 0.46522000432014465 0.5208699703216553
12484 0.46737000346183777 0.5198100209236145
12485 0.46324998140335083 0.5194699764251709
12486 0.4854300022125244 0.5568099617958069
12487 0.4860899746417999 0.5649300217628479
12488 0.48100998997688293 0.5603299736976624
12489 0.4850800037384033 0.5472800135612488
12490 0.48055002093315125 0.5421299934387207
12491 0.4786500334739685 0.5235000252723694
12492 0.47724002599716187 0.5296800136566162
12493 0.47394996881484985 0.5262100100517273
12494 0.4766499996185303 0.5205900073051453
12495 0.47318002581596375 0.518589973449707
12496 0.4729599952697754 0.5211300253868103
12497 0.4705199897289276 0.5187100768089294
12498 0.4655499756336212 0.5325599312782288
12499 0.46195003390312195 0.5357499718666077
12500 0.4596399962902069 0.5317599773406982
12501 0.46474000811576843 0.5400000214576721
12502 0.4610600173473358 0.5428799986839294
12503 0.4585299789905548 0.5385299324989319
12504 0.45848995447158813 0.5636100172996521
12505 0.4632999897003174 0.5690400004386902
12506 0.4579300284385681 0.5700100064277649
12507 0.4530999958515167 0.56454998254776
12508 0.4762899875640869 0.5552700161933899
12509 0.4767499566078186 0.5631800293922424
12510 0.47220996022224426 0.5581899285316467
12511 0.47648000717163086 0.5373600125312805
12512 0.47613999247550964 0.5461999773979187
12513 0.47217994928359985 0.5411900877952576
12514 0.47275999188423157 0.5330700278282166
12515 0.4698300063610077 0.520550012588501
12516 0.4706999957561493 0.5237200260162354
12517 0.4600200355052948 0.5499200224876404
12518 0.46372002363204956 0.5551900267601013
12519 0.45855000615119934 0.5565900206565857
12520 0.45499998331069946 0.551110029220581
12521 0.4634999930858612 0.5623300075531006
12522 0.45316001772880554 0.557919979095459
12523 0.4695400595664978 0.5293200016021729
12524 0.46860000491142273 0.5366299748420715
12525 0.4681400656700134 0.5447400212287903
12526 0.46799996495246887 0.560509979724884
12527 0.4680199921131134 0.5529599785804749
12528 0.41844993829727173 0.5460500121116638
12529 0.4215800166130066 0.5529099106788635
12530 0.4159400165081024 0.5513500571250916
12531 0.4005599617958069 0.6187999844551086
12532 0.3959600329399109 0.6200799942016602
12533 0.39581000804901123 0.6169300079345703
12534 0.3961799740791321 0.605440080165863
12535 0.40042999386787415 0.6089500784873962
12536 0.3958899974822998 0.6115699410438538
12537 0.44388002157211304 0.577269971370697
12538 0.4399400055408478 0.5714399814605713
12539 0.44624999165534973 0.5714399814605713
12540 0.4503500163555145 0.5772500038146973
12541 0.41888999938964844 0.5580200552940369
12542 0.4127500057220459 0.5569400191307068
12543 0.4404900074005127 0.5824800133705139
12544 0.4370899796485901 0.5768399834632874
12545 0.4472699761390686 0.5829799771308899
12546 0.41568997502326965 0.5636100172996521
12547 0.4092499911785126 0.5631499886512756
12548 0.39827001094818115 0.5921800136566162
12549 0.4022500216960907 0.5967400074005127
12550 0.3968999683856964 0.5989000201225281
12551 0.40226003527641296 0.6249099373817444
12552 0.27441999316215515 0.7899999618530273
12553 0.39646002650260925 0.6232900023460388
12554 0.1524599939584732 0.9567999839782715
12555 0.14916999638080597 0.9562901258468628
12556 0.1563500016927719 0.9607400298118591
12557 0.15376000106334686 0.9598299264907837
12558 0.2818100154399872 0.7921149730682373
12559 0.40636998414993286 0.6235799789428711
12560 0.4115600287914276 0.6250700354576111
12561 0.433180034160614 0.5710000395774841
12562 0.4300599694252014 0.5762700438499451
12563 0.426209956407547 0.5703799724578857
12564 0.4356100261211395 0.5656300187110901
12565 0.42906999588012695 0.5650600790977478
12566 0.42499998211860657 0.5350599884986877
12567 0.42813998460769653 0.5378599762916565
12568 0.43042996525764465 0.5420299172401428
12569 0.43376997113227844 0.5427499413490295
12570 0.42235997319221497 0.5643100142478943
12571 0.4251399636268616 0.5590999722480774
12572 0.4192200005054474 0.5699099898338318
12573 0.40612003207206726 0.6008999943733215
12574 0.4079299569129944 0.5949699878692627
12575 0.41150999069213867 0.5992899537086487
12576 0.40456002950668335 0.6121699810028076
12577 0.4050399959087372 0.6066399216651917
12578 0.4088599979877472 0.609980046749115
12579 0.4052400290966034 0.6205700039863586
12580 0.404619961977005 0.6174100041389465
12581 0.4086900055408478 0.6195499897003174
12582 0.49559998512268066 0.5906900763511658
12583 0.49517005681991577 0.601419985294342
12584 0.4901899993419647 0.5956400036811829
12585 0.4960399270057678 0.5729799866676331
12586 0.4911699593067169 0.5690799355506897
12587 0.4909300208091736 0.5854300856590271
12588 0.4959399998188019 0.5811900496482849
12589 0.4912700355052948 0.5766900181770325
12590 0.49010998010635376 0.6067799925804138
12591 0.4864499866962433 0.5722200274467468
12592 0.48629000782966614 0.5801900029182434
12593 0.48163002729415894 0.5751500129699707
12594 0.48152998089790344 0.5678099989891052
12595 0.47675997018814087 0.5777900218963623
12596 0.4723699688911438 0.5725499987602234
12597 0.4769800007343292 0.5703000426292419
12598 0.4724299907684326 0.5655099749565125
12599 0.4680599868297577 0.567550003528595
12600 0.46758002042770386 0.5743299126625061
12601 0.46234995126724243 0.5756099820137024
12602 0.45655006170272827 0.5766200423240662
12603 0.4522099792957306 0.5708799958229065
12604 0.4855000376701355 0.589449942111969
12605 0.48110002279281616 0.5833799839019775
12606 0.4603399932384491 0.5826200842857361
12607 0.45392996072769165 0.5831000208854675
12608 0.4567100405693054 0.5889100432395935
12609 0.4499799907207489 0.5884799957275391
12610 0.46630001068115234 0.5815300345420837
12611 0.4717099964618683 0.5799400210380554
12612 0.47564002871513367 0.5861499905586243
12613 0.4633999466896057 0.5890100002288818
12614 0.46976998448371887 0.5881800055503845
12615 0.45851996541023254 0.5946300029754639
12616 0.4653799831867218 0.595329999923706
12617 0.4766099750995636 0.613290011882782
12618 0.48186996579170227 0.617609977722168
12619 0.4737100303173065 0.6192200183868408
12620 0.48566001653671265 0.6121100783348083
12621 0.47102001309394836 0.6098399758338928
12622 0.4728999733924866 0.6029000282287598
12623 0.4797000288963318 0.6065599918365479
12624 0.4843499958515167 0.6005499958992004
12625 0.4794299900531769 0.5933399796485901
12626 0.4725399613380432 0.5954700112342834
12627 0.4659099876880646 0.6014400124549866
12628 0.4417700171470642 0.56576007604599
12629 0.44753000140190125 0.565339982509613
12630 0.4371199905872345 0.5602899193763733
12631 0.43126004934310913 0.5598999857902527
12632 0.4251399636268616 0.5431399941444397
12633 0.42048001289367676 0.5406299233436584
12634 0.4225000739097595 0.5357199311256409
12635 0.4217999577522278 0.5297300219535828
12636 0.4266800284385681 0.539870023727417
12637 0.4426799416542053 0.5601500868797302
12638 0.44798997044563293 0.5593799948692322
12639 0.42357996106147766 0.5479699969291687
12640 0.43786999583244324 0.5551900267601013
12641 0.4326600432395935 0.5549600124359131
12642 0.44280001521110535 0.554610013961792
12643 0.4472699761390686 0.5531600117683411
12644 0.4296000003814697 0.5451700091362
12645 0.4334299862384796 0.5502700209617615
12646 0.42862004041671753 0.5494399666786194
12647 0.43789002299308777 0.5503000617027283
12648 0.43369004130363464 0.546209990978241
12649 0.4371500015258789 0.5462499260902405
12650 0.4415700137615204 0.549560010433197
12651 0.4272100329399109 0.5541700720787048
12652 0.4245600402355194 0.6379299759864807
12653 0.42792993783950806 0.6379299759864807
12654 0.42604997754096985 0.6411600112915039
12655 0.42232996225357056 0.6410899758338928
12656 0.42003005743026733 0.6449000239372253
12657 0.41565996408462524 0.6438899636268616
12658 0.41844993829727173 0.6402599811553955
12659 0.4323599636554718 0.6348900198936462
12660 0.4313099682331085 0.6376000046730042
12661 0.4293999969959259 0.6352700591087341
12662 0.4125699996948242 0.648140013217926
12663 0.40686994791030884 0.6460400223731995
12664 0.41058996319770813 0.6421199440956116
12665 0.40262001752853394 0.6499599814414978
12666 0.3961300253868103 0.6466899514198303
12667 0.400769978761673 0.643280029296875
12668 0.39131999015808105 0.6499500274658203
12669 0.38484999537467957 0.6463399529457092
12670 0.3896799683570862 0.6433500647544861
12671 0.34970998764038086 0.6684199571609497
12672 0.3549700081348419 0.6745499968528748
12673 0.34323999285697937 0.6690300703048706
12674 0.3614000082015991 0.6728900671005249
12675 0.36761000752449036 0.6788500547409058
12676 0.3951599895954132 0.6827300786972046
12677 0.3810899555683136 0.6815299987792969
12678 0.38700002431869507 0.6777900457382202
12679 0.4101400077342987 0.6825900077819824
12680 0.40094998478889465 0.6784700751304626
12681 0.42534998059272766 0.6801300048828125
12682 0.41516998410224915 0.6771100759506226
12683 0.4378800094127655 0.6750000715255737
12684 0.42812997102737427 0.6732900142669678
12685 0.4381999969482422 0.6677699685096741
12686 0.44658997654914856 0.6676899194717407
12687 0.4459100067615509 0.6609799861907959
12688 0.4535200297832489 0.6593599915504456
12689 0.3422100245952606 0.6378300189971924
12690 0.3456900119781494 0.6418600082397461
12691 0.34143999218940735 0.643559992313385
12692 0.3384399712085724 0.639150083065033
12693 0.36945003271102905 0.649429976940155
12694 0.36399003863334656 0.645389974117279
12695 0.3684999942779541 0.6424799561500549
12696 0.37411999702453613 0.6462200284004211
12697 0.3800499737262726 0.6496999859809875
12698 0.37876003980636597 0.6430299878120422
12699 0.3543500304222107 0.6438300013542175
12700 0.3587599992752075 0.6411899924278259
12701 0.35936999320983887 0.6482600569725037
12702 0.3498699963092804 0.6463199257850647
12703 0.3498299717903137 0.6396399140357971
12704 0.3321099579334259 0.6620399951934814
12705 0.33852002024650574 0.6627500057220459
12706 0.37383002042770386 0.6760400533676147
12707 0.45851996541023254 0.6507499814033508
12708 0.4519900679588318 0.6534900069236755
12709 0.45499998331069946 0.7522900104522705
12710 0.4470500349998474 0.74440997838974
12711 0.35412999987602234 0.7287799119949341
12712 0.3428099751472473 0.730229914188385
12713 0.377530038356781 0.7450399994850159
12714 0.3710000216960907 0.7354599237442017
12715 0.359470009803772 0.7386000156402588
12716 0.365339994430542 0.7488799691200256
12717 0.34777000546455383 0.7408599853515625
12718 0.38482001423835754 0.7549099922180176
12719 0.4286699593067169 0.7439499497413635
12720 0.41756004095077515 0.7513899803161621
12721 0.43675997853279114 0.7518900632858276
12722 0.4447999596595764 0.759850025177002
12723 0.42580002546310425 0.759369969367981
12724 0.40571001172065735 0.7585500478744507
12725 0.2835400104522705 0.5790700316429138
12726 0.27487996220588684 0.5859900116920471
12727 0.2698499858379364 0.5697500109672546
12728 0.2670400142669678 0.594980001449585
12729 0.27963998913764954 0.5994200110435486
12730 0.2733199894428253 0.6075900197029114
12731 0.28665998578071594 0.5926799774169922
12732 0.2897999584674835 0.6043800711631775
12733 0.28411003947257996 0.6108799576759338
12734 0.2866800129413605 0.6536899209022522
12735 0.2883700132369995 0.644320011138916
12736 0.2951200008392334 0.6508600115776062
12737 0.2941400110721588 0.5873100161552429
12738 0.3030700385570526 0.5944300293922424
12739 0.29627999663352966 0.5989099144935608
12740 0.2987000048160553 0.6088299751281738
12741 0.2933099567890167 0.6142799854278564
12742 0.29662999510765076 0.6425999999046326
12743 0.30246999859809875 0.647890031337738
12744 0.30355000495910645 0.6409299969673157
12745 0.30838000774383545 0.6454500555992126
12746 0.3102400004863739 0.600130021572113
12747 0.304470032453537 0.6040999889373779
12748 0.31279000639915466 0.6436300277709961
12749 0.30897000432014465 0.6398000121116638
12750 0.30612996220588684 0.6125800013542175
12751 0.3110400140285492 0.6085100173950195
12752 0.3120500147342682 0.616159975528717
12753 0.3080100119113922 0.6200399994850159
12754 0.31584998965263367 0.6050600409507751
12755 0.30139997601509094 0.6172500252723694
12756 0.32047000527381897 0.6094899773597717
12757 0.31619998812675476 0.6126499772071838
12758 0.26030996441841125 0.5798500180244446
12759 0.2606699764728546 0.6057700514793396
12760 0.28874996304512024 0.6205499768257141
12761 0.2849700152873993 0.627839982509613
12762 0.27924999594688416 0.6184399724006653
12763 0.2972100079059601 0.6225200295448303
12764 0.2936899960041046 0.6286600232124329
12765 0.30432000756263733 0.6243100166320801
12766 0.3012000024318695 0.6293500065803528
12767 0.30994999408721924 0.6263099312782288
12768 0.30724000930786133 0.6302400231361389
12769 0.3228699862957001 0.6544199585914612
12770 0.3283400237560272 0.6559900641441345
12771 0.3206399977207184 0.6489800810813904
12772 0.3166300058364868 0.6466899514198303
12773 0.2573949992656708 0.7870849370956421
12774 0.13937999308109283 0.9520400762557983
12775 0.3754499554634094 0.6228399872779846
12776 0.37637999653816223 0.6197699904441833
12777 0.3770599663257599 0.6166800856590271
12778 0.3775999844074249 0.6037300229072571
12779 0.3775799572467804 0.6108999848365784
12780 0.3779599964618683 0.586679995059967
12781 0.37752002477645874 0.5957300066947937
12782 0.3926200270652771 0.5477200150489807
12783 0.3971700370311737 0.539609968662262
12784 0.40137001872062683 0.5321099758148193
12785 0.40508002042770386 0.5251200199127197
12786 0.40904000401496887 0.5177199840545654
12787 0.4135599732398987 0.5098699927330017
12788 0.4173099994659424 0.5112299919128418
12789 0.41947004199028015 0.5019500255584717
12790 0.4388299584388733 0.4894299805164337
12791 0.4275699257850647 0.495059996843338
12792 0.43299004435539246 0.4880199730396271
12793 0.4529699981212616 0.4852699935436249
12794 0.44637006521224976 0.48364999890327454
12795 0.4612400233745575 0.48090001940727234
12796 0.4684300124645233 0.48309996724128723
12797 0.4763300120830536 0.4794299900531769
12798 0.4838699996471405 0.48190000653266907
12799 0.4919600188732147 0.47867006063461304
12800 0.381989985704422 0.6141499876976013
12801 0.3726000189781189 0.614039957523346
12802 0.3625800311565399 0.614109992980957
12803 0.35332995653152466 0.6149100661277771
12804 0.34606000781059265 0.6159500479698181
12805 0.34068000316619873 0.6175000071525574
12806 0.3395499885082245 0.6343100070953369
12807 0.34586000442504883 0.6360899806022644
12808 0.35392001271247864 0.6372500061988831
12809 0.3630400002002716 0.6386099457740784
12810 0.37295001745224 0.6395999789237976
12811 0.38339999318122864 0.640190064907074
12812 0.39458000659942627 0.6406199932098389
12813 0.4052099883556366 0.6400700211524963
12814 0.41401001811027527 0.6388499736785889
12815 0.4210600256919861 0.6373500227928162
12816 0.42632001638412476 0.6353200078010559
12817 0.4304099678993225 0.6329200267791748
12818 0.4003100097179413 0.6146500110626221
12819 0.4084300398826599 0.6153600215911865
12820 0.39121001958847046 0.6143400073051453
12821 0.44102001190185547 0.40369993448257446
12822 0.44672006368637085 0.40375998616218567
12823 0.44109004735946655 0.4064900279045105
12824 0.43550997972488403 0.4065599739551544
12825 0.45218998193740845 0.4009299576282501
12826 0.45739004015922546 0.4017300307750702
12827 0.45188000798225403 0.40445998311042786
12828 0.05226999893784523 0.90652996301651
12829 0.05436999350786209 0.9059900641441345
12830 0.0552000030875206 0.9084100127220154
12831 0.05285000428557396 0.9088698625564575
12832 0.4311399757862091 0.4170699715614319
12833 0.43495994806289673 0.4180600345134735
12834 0.2404399961233139 0.6618399620056152
12835 0.4274299740791321 0.4185299873352051
12836 0.23702000081539154 0.6632299423217773
12837 0.4220900237560272 0.41905999183654785
12838 0.4243299961090088 0.41808992624282837
12839 0.053369998931884766 0.9107699990272522
12840 0.051330000162124634 0.9109898805618286
12841 0.05096999555826187 0.9092198610305786
12842 0.05866999179124832 0.9019799828529358
12843 0.061560001224279404 0.9013000130653381
12844 0.06273000687360764 0.9039498567581177
12845 0.05990999937057495 0.904729962348938
12846 0.24479499459266663 0.6601150631904602
12847 0.4397299587726593 0.416269987821579
12848 0.4440400302410126 0.41773003339767456
12849 0.05702999606728554 0.9054099321365356
12850 0.05342000350356102 0.9030600190162659
12851 0.0557900033891201 0.9025100469589233
12852 0.05439000576734543 0.8992599844932556
12853 0.05700000375509262 0.8987999558448792
12854 0.4494900405406952 0.41568997502326965
12855 0.4543600082397461 0.4174700081348419
12856 0.24992501735687256 0.6582449674606323
12857 0.48315000534057617 0.4099900424480438
12858 0.4887799918651581 0.41223999857902527
12859 0.4831700026988983 0.41468000411987305
12860 0.4774000346660614 0.4125099778175354
12861 0.4719099998474121 0.4104500114917755
12862 0.471560001373291 0.41495996713638306
12863 0.4660300612449646 0.4129300117492676
12864 0.4175899624824524 0.4195299744606018
12865 0.41844993829727173 0.4192599952220917
12866 0.41829997301101685 0.41962000727653503
12867 0.41784998774528503 0.4198000133037567
12868 0.4312400221824646 0.41471001505851746
12869 0.43549007177352905 0.41527003049850464
12870 0.4274199604988098 0.4166199862957001
12871 0.057339999824762344 0.8876100182533264
12872 0.06066000089049339 0.887209951877594
12873 0.06287000328302383 0.8906699419021606
12874 0.059300001710653305 0.891059935092926
12875 0.4891200065612793 0.41704994440078735
12876 0.2687950134277344 0.6524349451065063
12877 0.47749999165534973 0.4171600043773651
12878 0.05620000138878822 0.891480028629303
12879 0.06143999472260475 0.894599974155426
12880 0.05812999978661537 0.8949900269508362
12881 0.262179970741272 0.654289960861206
12882 0.4656800627708435 0.4172999858856201
12883 0.4403199851512909 0.4131600260734558
12884 0.44488000869750977 0.4142499566078186
12885 0.4503200054168701 0.41200998425483704
12886 0.4551200270652771 0.413500040769577
12887 0.047300003468990326 0.9127501249313354
12888 0.04848000034689903 0.913390040397644
12889 0.048190001398324966 0.9145599603652954
12890 0.04699999466538429 0.9137898683547974
12891 0.41749000549316406 0.42010998725891113
12892 0.4181499779224396 0.41999003291130066
12893 0.4181099534034729 0.42034003138542175
12894 0.4838099777698517 0.4003400206565857
12895 0.47866004705429077 0.39848998188972473
12896 0.4840800166130066 0.3955099880695343
12897 0.4893200099468231 0.3975300192832947
12898 0.4735899567604065 0.39681002497673035
12899 0.47307997941970825 0.40149998664855957
12900 0.4680800139904022 0.40000003576278687
12901 0.4220900237560272 0.4133100211620331
12902 0.41867998242378235 0.4146699905395508
12903 0.42100000381469727 0.41165998578071594
12904 0.42539000511169434 0.41027000546455383
12905 0.42986005544662476 0.40723997354507446
12906 0.43042996525764465 0.40942999720573425
12907 0.41464999318122864 0.42063000798225403
12908 0.4152899384498596 0.4197099804878235
12909 0.41593000292778015 0.4204599857330322
12910 0.41572999954223633 0.4215700328350067
12911 0.49480003118515015 0.39479997754096985
12912 0.49466997385025024 0.399539977312088
12913 0.05875999480485916 0.8839598894119263
12914 0.06450999528169632 0.8866800665855408
12915 0.4190700054168701 0.4195299744606018
12916 0.23300500214099884 0.6650750041007996
12917 0.41844993829727173 0.419810026884079
12918 0.04846999794244766 0.9121999740600586
12919 0.049869999289512634 0.9124699234962463
12920 0.04986000061035156 0.9138001203536987
12921 0.4215399920940399 0.41815999150276184
12922 0.4239199757575989 0.416689932346344
12923 0.4147600531578064 0.4187700152397156
12924 0.41586998105049133 0.41808003187179565
12925 0.4159700274467468 0.4192099869251251
12926 0.49448007345199585 0.414730042219162
12927 0.2750549912452698 0.6507099270820618
12928 0.23446500301361084 0.6643350124359131
12929 0.4199800193309784 0.4190399944782257
12930 0.051569998264312744 0.9125400185585022
12931 0.049639999866485596 0.9110399484634399
12932 0.4174700081348419 0.41707995533943176
12933 0.41624000668525696 0.416049987077713
12934 0.41927000880241394 0.4185200035572052
12935 0.2323949933052063 0.6654200553894043
12936 0.41860002279281616 0.42013001441955566
12937 0.4138300120830536 0.4195599853992462
12938 0.4142499566078186 0.4221300482749939
12939 0.41286996006965637 0.42089003324508667
12940 0.413100004196167 0.4182700514793396
12941 0.41457003355026245 0.4172999858856201
12942 0.4147799611091614 0.4149000346660614
12943 0.41739994287490845 0.41332003474235535
12944 0.4198899567127228 0.41001003980636597
12945 0.42458003759384155 0.40841004252433777
12946 0.4290600121021271 0.4051399827003479
12947 0.43500998616218567 0.4042200446128845
12948 0.44040006399154663 0.4009700119495392
12949 0.4465699791908264 0.40067002177238464
12950 0.45190998911857605 0.3973999619483948
12951 0.457580029964447 0.3978399932384491
12952 0.473550021648407 0.3919999897480011
12953 0.4788200259208679 0.3935699760913849
12954 0.46841999888420105 0.39539000391960144
12955 0.48409003019332886 0.390610009431839
12956 0.4894700050354004 0.3926599621772766
12957 0.41638997197151184 0.4198300242424011
12958 0.4168200194835663 0.4202899932861328
12959 0.416810005903244 0.4210900664329529
12960 0.41690996289253235 0.4186699688434601
12961 0.4168800711631775 0.41944000124931335
12962 0.41846996545791626 0.4178900420665741
12963 0.41986995935440063 0.4159700274467468
12964 0.42313000559806824 0.4150499999523163
12965 0.42625001072883606 0.4123399555683136
12966 0.4357199966907501 0.4092700183391571
12967 0.4309699833393097 0.41203999519348145
12968 0.44631001353263855 0.40713000297546387
12969 0.4407999813556671 0.40977999567985535
12970 0.45673996210098267 0.40563005208969116
12971 0.4511299729347229 0.4082300364971161
12972 0.47822999954223633 0.40314003825187683
12973 0.47251003980636597 0.40588998794555664
12974 0.46738001704216003 0.40432000160217285
12975 0.4834599792957306 0.40505000948905945
12976 0.48906996846199036 0.40230995416641235
12977 0.4171600043773651 0.4198400378227234
12978 0.41753003001213074 0.4206700026988983
12979 0.4177100360393524 0.4190099835395813
12980 0.4208199977874756 0.4171700179576874
12981 0.42705005407333374 0.41457992792129517
12982 0.43570998311042786 0.4123699963092804
12983 0.44562003016471863 0.41074997186660767
12984 0.45590999722480774 0.4095799922943115
12985 0.4777600169181824 0.40779998898506165
12986 0.4666700065135956 0.4085800349712372
12987 0.488830029964447 0.4072999954223633
12988 0.06088000163435936 0.907260000705719
12989 0.05792999640107155 0.9078799486160278
12990 0.058580003678798676 0.9101499915122986
12991 0.0557900033891201 0.9104899764060974
12992 0.051180001348257065 0.9155200719833374
12993 0.049560002982616425 0.915130078792572
12994 0.05151999741792679 0.9140300154685974
12995 0.056019995361566544 0.9124199151992798
12996 0.0536000058054924 0.9124999642372131
12997 0.05351000279188156 0.9141701459884644
12998 0.048980001360177994 0.9165000319480896
12999 0.04761999845504761 0.9157900214195251
13000 0.49439001083374023 0.40971997380256653
13001 0.4948599636554718 0.3900499641895294
13002 0.49449998140335083 0.40448999404907227
13003 0.46292999386787415 0.3943899869918823
13004 0.46296998858451843 0.39871999621391296
13005 0.06009000167250633 0.8983498811721802
13006 0.06314999610185623 0.8977599740028381
13007 0.06442999839782715 0.9005900025367737
13008 0.05525999888777733 0.8953999876976013
13009 0.460860013961792 0.41112998127937317
13010 0.4616299271583557 0.40700003504753113
13011 0.4601900279521942 0.41527003049850464
13012 0.255744993686676 0.6562899351119995
13013 0.46239998936653137 0.4029200077056885
13014 0.0560699999332428 0.8845700621604919
13015 0.05482000112533569 0.888219952583313
13016 0.05377999693155289 0.8921599984169006
13017 0.053050003945827484 0.8960899710655212
13018 0.05237000435590744 0.8999300003051758
13019 0.05160999670624733 0.9036799669265747
13020 0.05065000057220459 0.9068899750709534
13021 0.04947000369429588 0.9092999696731567
13022 0.048249997198581696 0.9108700156211853
13023 0.047290001064538956 0.9116700887680054
13024 0.046149998903274536 0.911870002746582
13025 0.41152000427246094 0.4194500148296356
13026 0.41200998425483704 0.42309001088142395
13027 0.40984004735946655 0.4216199517250061
13028 0.41023996472358704 0.41760995984077454
13029 0.41258999705314636 0.416269987821579
13030 0.4125699996948242 0.41318994760513306
13031 0.41586998105049133 0.41162997484207153
13032 0.4182400405406952 0.4078100025653839
13033 0.4234600067138672 0.40639999508857727
13034 0.42763999104499817 0.40251997113227844
13035 0.43400999903678894 0.40164998173713684
13036 0.4458000361919403 0.39740997552871704
13037 0.43911001086235046 0.3977299928665161
13038 0.4508199989795685 0.3935199975967407
13039 0.45706993341445923 0.39382001757621765
13040 0.4680900275707245 0.3908799886703491
13041 0.46209999918937683 0.39003998041152954
13042 0.4786200225353241 0.388979971408844
13043 0.4730300307273865 0.38756996393203735
13044 0.4838099777698517 0.3861599564552307
13045 0.489439994096756 0.38804003596305847
13046 0.4947200119495392 0.3855400085449219
13047 0.4190700054168701 0.42052003741264343
13048 0.42023998498916626 0.42125993967056274
13049 0.4187299907207489 0.42104002833366394
13050 0.04640999808907509 0.9148598909378052
13051 0.04523000121116638 0.9137700796127319
13052 0.045830003917217255 0.9127999544143677
13053 0.4202599823474884 0.4205300211906433
13054 0.23186999559402466 0.665554940700531
13055 0.045559998601675034 0.9160500168800354
13056 0.04679999500513077 0.9170699715614319
13057 0.417279988527298 0.42246001958847046
13058 0.4182300269603729 0.4244999885559082
13059 0.41589000821113586 0.4233400225639343
13060 0.04317999631166458 0.9160699844360352
13061 0.04436000436544418 0.914850115776062
13062 0.044449999928474426 0.9173799157142639
13063 0.04291999712586403 0.9134899377822876
13064 0.04377000033855438 0.9125800132751465
13065 0.4240500330924988 0.4210500419139862
13066 0.4219699501991272 0.4212799668312073
13067 0.23198498785495758 0.6654699444770813
13068 0.4244099259376526 0.42243000864982605
13069 0.42211002111434937 0.4224500358104706
13070 0.4238300025463104 0.4284899830818176
13071 0.41995999217033386 0.42734000086784363
13072 0.4213300049304962 0.4256000220775604
13073 0.41662999987602234 0.42590001225471497
13074 0.42249006032943726 0.4308199882507324
13075 0.41829997301101685 0.4293999969959259
13076 0.41413000226020813 0.42447999119758606
13077 0.4194600284099579 0.4232900142669678
13078 0.42204999923706055 0.42396000027656555
13079 0.42465999722480774 0.42632001638412476
13080 0.41822001338005066 0.4216899871826172
13081 0.4200599789619446 0.42218998074531555
13082 0.4247400164604187 0.4242100417613983
13083 0.04427999630570412 0.9117599129676819
13084 0.041770003736019135 0.9113198518753052
13085 0.4206399917602539 0.43352001905441284
13086 0.4159899353981018 0.4321899712085724
13087 0.4146699905395508 0.42781999707221985
13088 0.41150999069213867 0.42649003863334656
13089 0.03601999953389168 0.9148701429367065
13090 0.038120001554489136 0.9137600660324097
13091 0.04010999575257301 0.9156599640846252
13092 0.03813000023365021 0.9170199632644653
13093 0.4369699954986572 0.42191001772880554
13094 0.4337599575519562 0.4230099320411682
13095 0.4299499988555908 0.42148998379707336
13096 0.23463499546051025 0.6645000576972961
13097 0.4466100037097931 0.42211002111434937
13098 0.4421200156211853 0.42361998558044434
13099 0.23686498403549194 0.6636399626731873
13100 0.03579000011086464 0.9116801023483276
13101 0.03369000181555748 0.9124999642372131
13102 0.031369999051094055 0.9099899530410767
13103 0.0333699993789196 0.9094200134277344
13104 0.03743999823927879 0.9109898805618286
13105 0.03977999463677406 0.9128599762916565
13106 0.459089994430542 0.4223499596118927
13107 0.453139990568161 0.4240500330924988
13108 0.24048998951911926 0.6626900434494019
13109 0.029090000316500664 0.9108200073242188
13110 0.02704000100493431 0.9080600142478943
13111 0.02923000045120716 0.907500147819519
13112 0.4875200092792511 0.4229300022125244
13113 0.48050999641418457 0.4250600039958954
13114 0.47310999035835266 0.4225800037384033
13115 0.2507599890232086 0.6609200239181519
13116 0.0225600004196167 0.9061799645423889
13117 0.01978999935090542 0.9070000052452087
13118 0.018149999901652336 0.9042800664901733
13119 0.02068999968469143 0.9037899971008301
13120 0.4517800211906433 0.43869999051094055
13121 0.45690006017684937 0.43744996190071106
13122 0.46296998858451843 0.4413599967956543
13123 0.45735999941825867 0.4428100287914276
13124 0.44123002886772156 0.43557998538017273
13125 0.44606998562812805 0.43494993448257446
13126 0.4465699791908264 0.4394400119781494
13127 0.4360699951648712 0.43573999404907227
13128 0.43151000142097473 0.43216997385025024
13129 0.4361400306224823 0.4321100413799286
13130 0.47537997364997864 0.4429900348186493
13131 0.48163002729415894 0.4400999844074249
13132 0.48789000511169434 0.44304996728897095
13133 0.48149996995925903 0.44631001353263855
13134 0.4307200312614441 0.4237000346183777
13135 0.42763999104499817 0.4240899682044983
13136 0.427060067653656 0.42214006185531616
13137 0.43834999203681946 0.4248400032520294
13138 0.44797995686531067 0.4255799949169159
13139 0.4436199963092804 0.42691996693611145
13140 0.4349000155925751 0.42566996812820435
13141 0.46007996797561646 0.4263000190258026
13142 0.4544699788093567 0.4279499650001526
13143 0.47356003522872925 0.4269299805164337
13144 0.4875900149345398 0.4276700019836426
13145 0.4808500111103058 0.4296400249004364
13146 0.04170000180602074 0.9145098924636841
13147 0.04098000004887581 0.9120398759841919
13148 0.23310498893260956 0.6651099920272827
13149 0.04170000180602074 0.9173699617385864
13150 0.015279999934136868 0.9047999978065491
13151 0.016659999266266823 0.9018100500106812
13152 0.426939994096756 0.43175002932548523
13153 0.4277600646018982 0.4290499985218048
13154 0.016659999266266823 0.9079599976539612
13155 0.013180000707507133 0.9092000722885132
13156 0.02152000181376934 0.9100399613380432
13157 0.018130002543330193 0.9115399718284607
13158 0.2557850182056427 0.6599900126457214
13159 0.4939200282096863 0.4255400002002716
13160 0.4872300326824188 0.4489099979400635
13161 0.48041003942489624 0.45208999514579773
13162 0.47485998272895813 0.4492799937725067
13163 0.46268004179000854 0.44707006216049194
13164 0.4566200077533722 0.4478699862957001
13165 0.45173001289367676 0.4435899555683136
13166 0.4459100067615509 0.44383999705314636
13167 0.44102999567985535 0.4396500289440155
13168 0.4307599663734436 0.43540000915527344
13169 0.4351699650287628 0.439410001039505
13170 0.4255799949169159 0.43467000126838684
13171 0.47488999366760254 0.43688005208969116
13172 0.48128002882003784 0.43460994958877563
13173 0.4879799485206604 0.4374699890613556
13174 0.4508800208568573 0.43389004468917847
13175 0.4558500647544861 0.4324299991130829
13176 0.4622800052165985 0.4357199966907501
13177 0.4406299889087677 0.4315900206565857
13178 0.4450399875640869 0.4306900203227997
13179 0.43171998858451843 0.4290800094604492
13180 0.43570998311042786 0.4287000000476837
13181 0.42800000309944153 0.426470011472702
13182 0.48778003454208374 0.43236997723579407
13183 0.4742099940776825 0.4316299557685852
13184 0.46123000979423523 0.4307100176811218
13185 0.4495200514793396 0.42945000529289246
13186 0.4396500289440155 0.42796996235847473
13187 0.43143993616104126 0.42621996998786926
13188 0.49396997690200806 0.4300299286842346
13189 0.4680800139904022 0.4510800242424011
13190 0.46908000111579895 0.44548994302749634
13191 0.4688200354576111 0.4392400085926056
13192 0.46803998947143555 0.4337100386619568
13193 0.46712997555732727 0.42882007360458374
13194 0.4662899971008301 0.4244999885559082
13195 0.2453100085258484 0.661780059337616
13196 0.024490000680088997 0.9089099168777466
13197 0.024949999526143074 0.9055899977684021
13198 0.4938099682331085 0.445529967546463
13199 0.49331000447273254 0.4508099853992462
13200 0.494049996137619 0.4348599910736084
13201 0.4940800368785858 0.440030038356781
13202 0.03869999945163727 0.910379946231842
13203 0.035100001841783524 0.9089899659156799
13204 0.031179998070001602 0.9071100950241089
13205 0.027050001546740532 0.9052199721336365
13206 0.022929998114705086 0.903410017490387
13207 0.019040001556277275 0.9016099572181702
13208 0.48625996708869934 0.45387002825737
13209 0.49275997281074524 0.45504000782966614
13210 0.4792900085449219 0.45632001757621765
13211 0.4736599922180176 0.4542699456214905
13212 0.4669199585914612 0.45524999499320984
13213 0.4615900218486786 0.4517999291419983
13214 0.45535996556282043 0.45200997591018677
13215 0.45069000124931335 0.4480400085449219
13216 0.4444200396537781 0.44802001118659973
13217 0.43984001874923706 0.44370001554489136
13218 0.43324998021125793 0.4433899521827698
13219 0.4291500449180603 0.4388599693775177
13220 0.4233400225639343 0.4380600154399872
13221 0.47791001200675964 0.3842799961566925
13222 0.4889800250530243 0.38314002752304077
13223 0.4669800102710724 0.3862200081348419
13224 0.42138001322746277 0.4034700095653534
13225 0.4320699870586395 0.3981199562549591
13226 0.4076400101184845 0.41975998878479004
13227 0.40936997532844543 0.41492003202438354
13228 0.44394996762275696 0.3933599591255188
13229 0.45555999875068665 0.3893599808216095
13230 0.41347000002861023 0.4092499911785126
13231 0.40836000442504883 0.4252299964427948
13232 0.4115700423717499 0.4312100112438202
13233 0.41777998208999634 0.4372699558734894
13234 0.4264800250530243 0.4430299401283264
13235 0.4375300109386444 0.4479999840259552
13236 0.44889000058174133 0.45215994119644165
13237 0.46021002531051636 0.45559000968933105
13238 0.4724299907684326 0.45792004466056824
13239 0.4852900207042694 0.4576599895954132
13240 0.4680500030517578 0.5044199824333191
13241 0.4679599404335022 0.501990020275116
13242 0.4642300307750702 0.5021200180053711
13243 0.46323007345199585 0.5002699494361877
13244 0.4648199677467346 0.5068699717521667
13245 0.46463996171951294 0.504300057888031
13246 0.4620099663734436 0.5047199726104736
13247 0.4615199863910675 0.5030400156974792
13248 0.4551500678062439 0.5407800078392029
13249 0.4531800150871277 0.5366600155830383
13250 0.4563600420951843 0.5343999862670898
13251 0.4445199966430664 0.5362899899482727
13252 0.4430399537086487 0.5320200324058533
13253 0.44669002294540405 0.5303999781608582
13254 0.448060005903244 0.5346099734306335
13255 0.46045997738838196 0.5203099846839905
13256 0.4589099884033203 0.5184900164604187
13257 0.46171998977661133 0.5177999138832092
13258 0.45767998695373535 0.5280699729919434
13259 0.45451000332832336 0.5303699970245361
13260 0.45925000309944153 0.5233399868011475
13261 0.4576599895954132 0.5212100148200989
13262 0.4561700224876404 0.5249099731445312
13263 0.45319002866744995 0.5465099811553955
13264 0.4492500126361847 0.5504199862480164
13265 0.44889000058174133 0.5469300150871277
13266 0.4419899582862854 0.5448899865150452
13267 0.43961000442504883 0.5420599579811096
13268 0.4428200423717499 0.5412600040435791
13269 0.44453001022338867 0.5442699790000916
13270 0.4449600577354431 0.5464900135993958
13271 0.44390004873275757 0.548210084438324
13272 0.43985992670059204 0.5456600189208984
13273 0.44216006994247437 0.5272899270057678
13274 0.4391699433326721 0.5332699418067932
13275 0.436739981174469 0.5426200032234192
13276 0.43738001585006714 0.5384500026702881
13277 0.447920024394989 0.5436200499534607
13278 0.451339989900589 0.5326200127601624
13279 0.44985002279281616 0.5386099815368652
13280 0.4531500041484833 0.5267000198364258
13281 0.4500499367713928 0.5285800099372864
13282 0.45499998331069946 0.5222300887107849
13283 0.4522700011730194 0.523360013961792
13284 0.4563100039958954 0.5192299485206604
13285 0.45395997166633606 0.5197799801826477
13286 0.45537999272346497 0.5168600082397461
13287 0.4578799903392792 0.5162799954414368
13288 0.43998000025749207 0.5119500160217285
13289 0.4381999969482422 0.5172500014305115
13290 0.44534996151924133 0.5084099769592285
13291 0.4433000087738037 0.5122699737548828
13292 0.44217997789382935 0.5169400572776794
13293 0.4418799877166748 0.522159993648529
13294 0.44617992639541626 0.5126000046730042
13295 0.4456999599933624 0.5166599750518799
13296 0.4456999599933624 0.5212299823760986
13297 0.44599002599716187 0.5258999466896057
13298 0.44934993982315063 0.5245299935340881
13299 0.4489600360393524 0.5205399990081787
13300 0.4516499638557434 0.5201000571250916
13301 0.44864994287490845 0.5166000723838806
13302 0.00920999888330698 0.9239200353622437
13303 0.010650000534951687 0.9155398607254028
13304 0.012769998982548714 0.9199699759483337
13305 0.014379999600350857 0.9135099649429321
13306 0.07027000188827515 0.889289915561676
13307 0.06650999933481216 0.890019953250885
13308 0.06476999074220657 0.8940100073814392
13309 0.06622999906539917 0.8971099853515625
13310 0.06815999746322632 0.8933400511741638
13311 0.10416000336408615 0.9441900253295898
13312 0.09847000241279602 0.9708200097084045
13313 0.09785999357700348 0.9561300277709961
13314 0.09735000133514404 0.9195600152015686
13315 0.09717000275850296 0.9315099716186523
13316 0.010879999957978725 0.9422799348831177
13317 0.01865999959409237 0.9523600339889526
13318 0.021809998899698257 0.9673200249671936
13319 0.04824000224471092 0.9870499968528748
13320 0.06414999812841415 0.9823599457740784
13321 0.0810599997639656 0.9855199456214905
13322 0.019500000402331352 0.9156799912452698
13323 0.01599000208079815 0.9177699685096741
13324 0.013010000810027122 0.9320400953292847
13325 0.08935999870300293 0.9217399954795837
13326 0.0944100022315979 0.9426499605178833
13327 0.08858000487089157 0.9312900304794312
13328 0.08986999094486237 0.9624000191688538
13329 0.0892999917268753 0.9503298997879028
13330 0.07559999823570251 0.9734801054000854
13331 0.050280001014471054 0.9746900200843811
13332 0.06235000118613243 0.9700799584388733
13333 0.0861399918794632 0.9396800398826599
13334 0.08117999881505966 0.9299799203872681
13335 0.08209999650716782 0.9223700165748596
13336 0.08327000588178635 0.9544800519943237
13337 0.08214998990297318 0.9447199106216431
13338 0.051840003579854965 0.964449942111969
13339 0.06128999963402748 0.9602699875831604
13340 0.07146000117063522 0.9629300832748413
13341 0.031129999086260796 0.913640022277832
13342 0.02810000069439411 0.9152799248695374
13343 0.026360001415014267 0.9119900465011597
13344 0.03327000141143799 0.9163699746131897
13345 0.02311999909579754 0.9136099815368652
13346 0.02134999819099903 0.9198199510574341
13347 0.02459999918937683 0.9175400137901306
13348 0.01859000138938427 0.921999990940094
13349 0.01576000265777111 0.9253901243209839
13350 0.02216999977827072 0.9265900254249573
13351 0.024310000240802765 0.9234799742698669
13352 0.018549999222159386 0.9405599236488342
13353 0.026079999282956123 0.9483699798583984
13354 0.0289900004863739 0.9605599641799927
13355 0.020069999620318413 0.932200014591217
13356 0.0327799953520298 0.9430599808692932
13357 0.03514999523758888 0.9535099267959595
13358 0.025749998167157173 0.9381099343299866
13359 0.026820002123713493 0.9312400221824646
13360 0.035610001534223557 0.918739914894104
13361 0.03990999981760979 0.9188299775123596
13362 0.03784000501036644 0.9207000136375427
13363 0.0729300007224083 0.9266900420188904
13364 0.07524000853300095 0.9220899939537048
13365 0.0782100036740303 0.9346399903297424
13366 0.07699000090360641 0.9463700652122498
13367 0.0738300010561943 0.9370899796485901
13368 0.06739000231027603 0.9524999260902405
13369 0.051499996334314346 0.9546099305152893
13370 0.0581899955868721 0.9491199851036072
13371 0.029910000041127205 0.9184699654579163
13372 0.03246000036597252 0.9210700392723083
13373 0.02671000175178051 0.920989990234375
13374 0.03959999978542328 0.9456800818443298
13375 0.03180000185966492 0.9347800612449646
13376 0.037160005420446396 0.9373699426651001
13377 0.032269999384880066 0.9296199083328247
13378 0.02810000069439411 0.9267600774765015
13379 0.029839996248483658 0.9237800240516663
13380 0.061820000410079956 0.9209099411964417
13381 0.06524000316858292 0.9240499138832092
13382 0.06132000312209129 0.9256700873374939
13383 0.05913000553846359 0.9228800535202026
13384 0.06470999866724014 0.9306000471115112
13385 0.05970000475645065 0.9310399293899536
13386 0.05779999867081642 0.9269599914550781
13387 0.05860999599099159 0.9144898653030396
13388 0.0558600053191185 0.9142900109291077
13389 0.05884000286459923 0.912350058555603
13390 0.060840003192424774 0.9172500371932983
13391 0.06426999717950821 0.9185199737548828
13392 0.05913000553846359 0.9194201231002808
13393 0.05783999711275101 0.9165600538253784
13394 0.061879996210336685 0.9148200750350952
13395 0.03551999852061272 0.9231200218200684
13396 0.033309999853372574 0.9261101484298706
13397 0.03677000105381012 0.9277400374412537
13398 0.03610000014305115 0.9316500425338745
13399 0.041669998317956924 0.9386800527572632
13400 0.03999999538064003 0.9329299926757812
13401 0.06202000007033348 0.9425400495529175
13402 0.050790004432201385 0.9446800947189331
13403 0.05496000498533249 0.9399399757385254
13404 0.0694499984383583 0.9290500283241272
13405 0.06847000122070312 0.9374199509620667
13406 0.06821999698877335 0.9213100075721741
13407 0.05620000138878822 0.9348698854446411
13408 0.05004999786615372 0.9357200264930725
13409 0.05180000513792038 0.9323200583457947
13410 0.04379000514745712 0.9327200651168823
13411 0.03999999538064003 0.928589940071106
13412 0.04317999631166458 0.9290400147438049
13413 0.03993000090122223 0.9221500754356384
13414 0.03819999471306801 0.9245900511741638
13415 0.04084999859333038 0.9256400465965271
13416 0.05232999473810196 0.9174799919128418
13417 0.05054999142885208 0.9170299172401428
13418 0.0530799962580204 0.9158200621604919
13419 0.05527999997138977 0.9161199927330017
13420 0.06174999848008156 0.9363499283790588
13421 0.05550000071525574 0.930669903755188
13422 0.06976000219583511 0.9447399377822876
13423 0.07644999772310257 0.9548901319503784
13424 0.08134999871253967 0.9635400176048279
13425 0.08806999027729034 0.9735899567604065
13426 0.043240003287792206 0.9263700842857361
13427 0.04535999894142151 0.9269899725914001
13428 0.045559998601675034 0.9289199113845825
13429 0.04969000443816185 0.9185799956321716
13430 0.048170000314712524 0.917900025844574
13431 0.046379998326301575 0.9383400678634644
13432 0.047060005366802216 0.9315800070762634
13433 0.045559998601675034 0.9464000463485718
13434 0.04429999738931656 0.9559100866317749
13435 0.04064000025391579 0.9643899202346802
13436 0.03564999997615814 0.9740200042724609
13437 0.04312000051140785 0.9187699556350708
13438 0.04159000143408775 0.9202799797058105
13439 0.04718000069260597 0.9193500876426697
13440 0.04576000198721886 0.9184199571609497
13441 0.04456999897956848 0.9198599457740784
13442 0.043299999088048935 0.9214600324630737
13443 0.04196999967098236 0.9232901334762573
13444 0.044039998203516006 0.924280047416687
13445 0.04609999805688858 0.9208298921585083
13446 0.04497000202536583 0.9224200248718262
13447 0.0478999949991703 0.9263100028038025
13448 0.047019995748996735 0.9279800057411194
13449 0.04594000428915024 0.9251700043678284
13450 0.048969998955726624 0.9298200011253357
13451 0.046790000051259995 0.9234200119972229
13452 0.05502999573945999 0.9272699952125549
13453 0.054899998009204865 0.9247099161148071
13454 0.056679997593164444 0.9242200255393982
13455 0.056589994579553604 0.9185199737548828
13456 0.054340001195669174 0.917940080165863
13457 0.05711999908089638 0.9212799668312073
13458 0.05511000379920006 0.9203600287437439
13459 0.05552000179886818 0.9229599237442017
13460 0.05309999734163284 0.9241899847984314
13461 0.05382000654935837 0.9221600890159607
13462 0.05318000540137291 0.9196900725364685
13463 0.05136999860405922 0.9191399216651917
13464 0.050310008227825165 0.9207800626754761
13465 0.048700001090765 0.9201298952102661
13466 0.04991999641060829 0.927619993686676
13467 0.0524899996817112 0.9292799234390259
13468 0.05268999934196472 0.9264498949050903
13469 0.05208999663591385 0.9214900732040405
13470 0.051169995218515396 0.9233399629592896
13471 0.049400001764297485 0.9225400686264038
13472 0.05059000477194786 0.9254599213600159
13473 0.04857000336050987 0.9243699312210083
13474 0.04765000194311142 0.9216700196266174
13475 0.07016999274492264 0.8995400071144104
13476 0.06729000061750412 0.8999800086021423
13477 0.06940000504255295 0.896530032157898
13478 0.07265999913215637 0.8959999680519104
13479 0.0717099979519844 0.8926700353622437
13480 0.07539000362157822 0.8919200301170349
13481 0.062130000442266464 0.9123000502586365
13482 0.06167999655008316 0.9097499847412109
13483 0.06641999632120132 0.9055600166320801
13484 0.06378000229597092 0.9064599275588989
13485 0.06545999646186829 0.9031700491905212
13486 0.068060003221035 0.9025400876998901
13487 0.07313000410795212 0.8992400169372559
13488 0.07316000014543533 0.9023399949073792
13489 0.0706000030040741 0.9022599458694458
13490 0.07605999708175659 0.8954700827598572
13491 0.07624000310897827 0.8990498781204224
13492 0.09013000130653381 0.9069700241088867
13493 0.0902400016784668 0.9142199158668518
13494 0.07958000153303146 0.8948699235916138
13495 0.08416000008583069 0.9105400443077087
13496 0.08337000012397766 0.916580080986023
13497 0.07705000042915344 0.9174299836158752
13498 0.07822000235319138 0.9126400351524353
13499 0.067610003054142 0.9079899787902832
13500 0.06867999583482742 0.9047399163246155
13501 0.06966999918222427 0.9064799547195435
13502 0.06481999903917313 0.9091100096702576
13503 0.0659400001168251 0.9121399521827698
13504 0.06930000334978104 0.9107499718666077
13505 0.07237999886274338 0.9136900305747986
13506 0.07044000178575516 0.9179200530052185
13507 0.07060999423265457 0.9046100378036499
13508 0.06589999794960022 0.9154500365257263
13509 0.07274001091718674 0.9052800536155701
13510 0.0715399980545044 0.9081000685691833
13511 0.07604999095201492 0.9026599526405334
13512 0.07546000927686691 0.9063200354576111
13513 0.07970000058412552 0.898930013179779
13514 0.07959000021219254 0.9033199548721313
13515 0.08393999934196472 0.8991299271583557
13516 0.07436999678611755 0.9100099205970764
13517 0.07919999957084656 0.9079599976539612
13518 0.08429998904466629 0.9046899080276489
13519 0.46292999386787415 0.5125300288200378
13520 0.4658300280570984 0.5123199820518494
13521 0.4636499881744385 0.5151100158691406
13522 0.46532005071640015 0.509630024433136
13523 0.46070000529289246 0.5156099796295166
13524 0.45837000012397766 0.5005099773406982
13525 0.4602999985218048 0.5016899704933167
13526 0.4471900165081024 0.5094099640846252
13527 0.4488300681114197 0.5102500319480896
13528 0.4485199749469757 0.5130299925804138
13529 0.451060026884079 0.5168899893760681
13530 0.4531700313091278 0.5170699954032898
13531 0.4506399929523468 0.5136799812316895
13532 0.4517099857330322 0.5011600852012634
13533 0.45551997423171997 0.5001599788665771
13534 0.45120999217033386 0.5033800005912781
13535 0.4480700194835663 0.5054000020027161
13536 0.4488200545310974 0.5069900155067444
13537 0.4621899724006653 0.5070099830627441
13538 0.4625299572944641 0.5097399353981018
13539 0.46021002531051636 0.5129199624061584
13540 0.45996999740600586 0.5100600123405457
13541 0.4575200080871582 0.51350998878479
13542 0.4566499888896942 0.5026800036430359
13543 0.4542200267314911 0.5024499893188477
13544 0.4534499943256378 0.5046799778938293
13545 0.45103999972343445 0.5054200291633606
13546 0.44965001940727234 0.5082600116729736
13547 0.4508800208568573 0.5088899731636047
13548 0.4505900740623474 0.5109099745750427
13549 0.4527699947357178 0.5140200257301331
13550 0.45500996708869934 0.5139499306678772
13551 0.4526600241661072 0.5112199783325195
13552 0.4598899483680725 0.5072999596595764
13553 0.4601599872112274 0.5048299431800842
13554 0.4585299789905548 0.503849983215332
13555 0.45563003420829773 0.5047100186347961
13556 0.4570600390434265 0.5057700276374817
13557 0.45278000831604004 0.5089399814605713
13558 0.45514005422592163 0.5086600184440613
13559 0.4550800025463104 0.5110800266265869
13560 0.45757001638412476 0.5106000304222107
13561 0.45757001638412476 0.5079100131988525
13562 0.4510800242424011 0.5071799755096436
13563 0.45304006338119507 0.5068399906158447
13564 0.4551599621772766 0.5066099762916565
13565 0.15988999605178833 0.9734000563621521
13566 0.16162000596523285 0.9729099869728088
13567 0.16222000122070312 0.9732199311256409
13568 0.12425000220537186 0.9807100296020508
13569 0.12705999612808228 0.9810299873352051
13570 0.12901999056339264 0.9844899773597717
13571 0.14598000049591064 0.9566298723220825
13572 0.14308999478816986 0.9576500654220581
13573 0.14146000146865845 0.954569935798645
13574 0.14823998510837555 0.9840599298477173
13575 0.1492300033569336 0.9812799692153931
13576 0.15251000225543976 0.980509877204895
13577 0.13232000172138214 0.9840201139450073
13578 0.1355299949645996 0.9868100881576538
13579 0.1240999847650528 0.9584399461746216
13580 0.12386000156402588 0.9609599709510803
13581 0.12242000550031662 0.9612599611282349
13582 0.1363700032234192 0.9535999894142151
13583 0.1338600069284439 0.9559999108314514
13584 0.13136999309062958 0.9541400671005249
13585 0.1385599970817566 0.9852100014686584
13586 0.1426600068807602 0.9864999055862427
13587 0.1444000005722046 0.9839600324630737
13588 0.1537099927663803 0.9774499535560608
13589 0.15613998472690582 0.9762800931930542
13590 0.12991000711917877 0.9570499658584595
13591 0.12750999629497528 0.9557300209999084
13592 0.12643001973628998 0.9587298631668091
13593 0.1505099982023239 0.959380030632019
13594 0.1473899930715561 0.9597400426864624
13595 0.15524999797344208 0.9627400040626526
13596 0.15244998037815094 0.9624900221824646
13597 0.1385899931192398 0.9561200141906738
13598 0.11830998957157135 0.9685300588607788
13599 0.11885000020265579 0.9702800512313843
13600 0.11804001033306122 0.9724501371383667
13601 0.11920999735593796 0.9745501279830933
13602 0.1210399940609932 0.9762400388717651
13603 0.11976999789476395 0.9719200134277344
13604 0.1212099939584732 0.9733700156211853
13605 0.12344999611377716 0.9772700667381287
13606 0.14184999465942383 0.962679922580719
13607 0.14036999642848969 0.9594000577926636
13608 0.14451001584529877 0.960879921913147
13609 0.14705000817775726 0.9787300825119019
13610 0.15039999783039093 0.978350043296814
13611 0.14569999277591705 0.981410026550293
13612 0.12996000051498413 0.9809899926185608
13613 0.13285000622272491 0.9804100394248962
13614 0.13529999554157257 0.9830999970436096
13615 0.13617001473903656 0.9586700797080994
13616 0.13460999727249146 0.9616599678993225
13617 0.13232000172138214 0.9590901136398315
13618 0.13740001618862152 0.9813799858093262
13619 0.14047999680042267 0.9831299781799316
13620 0.14208997786045074 0.9808400869369507
13621 0.13134001195430756 0.9619399309158325
13622 0.12901000678539276 0.9599800109863281
13623 0.14646999537944794 0.9638400077819824
13624 0.14935000240802765 0.9626999497413635
13625 0.13808999955654144 0.9618901014328003
13626 0.1433199793100357 0.9745699167251587
13627 0.14124000072479248 0.9769800901412964
13628 0.13928000628948212 0.9748100638389587
13629 0.14126001298427582 0.9725800156593323
13630 0.14845000207424164 0.9732099175453186
13631 0.14598000049591064 0.9757699966430664
13632 0.14575999975204468 0.9721099138259888
13633 0.14338000118732452 0.9703100919723511
13634 0.1459599882364273 0.9681400656700134
13635 0.14841999113559723 0.9699100852012634
13636 0.13968001306056976 0.9701399803161621
13637 0.14153002202510834 0.9679099321365356
13638 0.13731999695301056 0.9768700003623962
13639 0.13585998117923737 0.9741700887680054
13640 0.13779999315738678 0.9722399711608887
13641 0.13824999332427979 0.9673699736595154
13642 0.13654999434947968 0.9695200324058533
13643 0.12605999410152435 0.9777399301528931
13644 0.1287200003862381 0.9778500199317932
13645 0.13380001485347748 0.9759398698806763
13646 0.13274000585079193 0.9731301069259644
13647 0.1347000002861023 0.9714699387550354
13648 0.13521002233028412 0.9668198823928833
13649 0.13357998430728912 0.9688600301742554
13650 0.12325000017881393 0.974299967288971
13651 0.12561999261379242 0.9746999740600586
13652 0.1255500167608261 0.9628400206565857
13653 0.12406999617815018 0.9625500440597534
13654 0.1258700042963028 0.9612399339675903
13655 0.1281599998474121 0.962440013885498
13656 0.12873999774456024 0.9658699631690979
13657 0.1305299997329712 0.9681100249290466
13658 0.1286499947309494 0.9692600965499878
13659 0.1271200031042099 0.9670800566673279
13660 0.12184000015258789 0.9713500738143921
13661 0.12335999310016632 0.972040057182312
13662 0.13217999041080475 0.9664100408554077
13663 0.13176000118255615 0.97052001953125
13664 0.12980999052524567 0.9716300368309021
13665 0.13059000670909882 0.9742799401283264
13666 0.12680000066757202 0.9699000716209412
13667 0.12467001378536224 0.9702000021934509
13668 0.12379999458789825 0.9684299826622009
13669 0.12565000355243683 0.9678999185562134
13670 0.1277099996805191 0.9721399545669556
13671 0.12466000765562057 0.9662500023841858
13672 0.1258700042963028 0.9653100371360779
13673 0.15721000730991364 0.9752501249313354
13674 0.1581200212240219 0.9742899537086487
13675 0.15241999924182892 0.9751400351524353
13676 0.15520000457763672 0.9745699167251587
13677 0.1581200212240219 0.9732299447059631
13678 0.15981000661849976 0.9725599884986877
13679 0.1542000025510788 0.9648600220680237
13680 0.1515599936246872 0.9652000069618225
13681 0.15908999741077423 0.9719700217247009
13682 0.16078998148441315 0.9714899659156799
13683 0.1614999920129776 0.9721699357032776
13684 0.1535000056028366 0.9714099168777466
13685 0.15147000551223755 0.9733700156211853
13686 0.15092001855373383 0.9709800481796265
13687 0.1510000079870224 0.9681600332260132
13688 0.15311001241207123 0.9693299531936646
13689 0.15973998606204987 0.9707199335098267
13690 0.1614999920129776 0.9700299501419067
13691 0.162540003657341 0.9709600806236267
13692 0.15663999319076538 0.9744500517845154
13693 0.15719999372959137 0.9739800095558167
13694 0.1568000167608261 0.9735299348831177
13695 0.15759001672267914 0.9727500677108765
13696 0.15589000284671783 0.9730600714683533
13697 0.15610001981258392 0.9647899270057678
13698 0.15703000128269196 0.9631199836730957
13699 0.15726999938488007 0.964900016784668
13700 0.15801000595092773 0.9666799902915955
13701 0.15668000280857086 0.9658199548721313
13702 0.15873999893665314 0.965660035610199
13703 0.15504001080989838 0.970069944858551
13704 0.15498000383377075 0.9681800603866577
13705 0.15666000545024872 0.9690499901771545
13706 0.15526999533176422 0.9662600159645081
13707 0.1566699892282486 0.9707299470901489
13708 0.1554500013589859 0.9717198610305786
13709 0.15797998011112213 0.971389889717102
13710 0.1583700031042099 0.9698900580406189
13711 0.16006000339984894 0.9690499901771545
13712 0.16143999993801117 0.9682101011276245
13713 0.1629599928855896 0.9691900610923767
13714 0.15830999612808228 0.9681700468063354
13715 0.1597599983215332 0.967460036277771
13716 0.15658999979496002 0.9673399925231934
13717 0.15335999429225922 0.966949999332428
13718 0.14880000054836273 0.9663400053977966
13719 0.14367999136447906 0.965660035610199
13720 0.1398400068283081 0.9650100469589233
13721 0.13656999170780182 0.9644699692726135
13722 0.13346000015735626 0.9642600417137146
13723 0.130280002951622 0.9642199873924255
13724 0.127020001411438 0.9641099572181702
13725 0.12482000142335892 0.9637899994850159
13726 0.12019999325275421 0.9686899781227112
13727 0.12092000246047974 0.9700899720191956
13728 0.12285000085830688 0.9704499840736389
13729 0.12221001088619232 0.9690199494361877
13730 0.12544000148773193 0.9722300171852112
13731 0.1281300038099289 0.9747499823570251
13732 0.13141000270843506 0.9773300886154175
13733 0.13526999950408936 0.9788499474525452
13734 0.139289990067482 0.9792199730873108
13735 0.14386999607086182 0.9784098863601685
13736 0.14904999732971191 0.9759000539779663
13737 0.15431000292301178 0.9729099869728088
13738 0.15658999979496002 0.9722800254821777
13739 0.33817002177238464 0.5507699847221375
13740 0.33125999569892883 0.5388200283050537
13741 0.3387799561023712 0.538919985294342
13742 0.39660000801086426 0.5633900165557861
13743 0.3944000005722046 0.5557499527931213
13744 0.40292999148368835 0.5630199909210205
13745 0.37897998094558716 0.5485400557518005
13746 0.37762999534606934 0.5393400192260742
13747 0.3860599994659424 0.5479599833488464
13748 0.3693599998950958 0.5293899178504944
13749 0.3616900146007538 0.5290799736976624
13750 0.361160010099411 0.5181099772453308
13751 0.3452000319957733 0.561489999294281
13752 0.34613001346588135 0.5504899621009827
13753 0.370199978351593 0.5395500063896179
13754 0.3543800115585327 0.5616999268531799
13755 0.35196998715400696 0.5724000334739685
13756 0.35455000400543213 0.5504400134086609
13757 0.346420019865036 0.5390999913215637
13758 0.35433003306388855 0.5393900275230408
13759 0.36403000354766846 0.5608999729156494
13760 0.3631000220775604 0.5501000285148621
13761 0.37560999393463135 0.5680800080299377
13762 0.3672800064086914 0.5710999965667725
13763 0.37290000915527344 0.5589199662208557
13764 0.39649003744125366 0.5789600014686584
13765 0.3903300166130066 0.5810099244117737
13766 0.3865199685096741 0.57396000623703
13767 0.39301997423171997 0.5720600485801697
13768 0.38408997654914856 0.5835099816322327
13769 0.3942599594593048 0.5870199799537659
13770 0.3599799871444702 0.5768899917602539
13771 0.37272998690605164 0.5796999931335449
13772 0.4124000072479248 0.5697399973869324
13773 0.4058299660682678 0.569920003414154
13774 0.4064500033855438 0.5833399891853333
13775 0.4002699851989746 0.5850400328636169
13776 0.4027400016784668 0.5773400664329529
13777 0.40411999821662903 0.5903000235557556
13778 0.43358996510505676 0.5818900465965271
13779 0.42666003108024597 0.5814999938011169
13780 0.4230199456214905 0.5758699774742126
13781 0.416049987077713 0.5758600234985352
13782 0.41669994592666626 0.5874199867248535
13783 0.4102799892425537 0.588670015335083
13784 0.41300004720687866 0.5820899605751038
13785 0.413879930973053 0.5934900641441345
13786 0.37964004278182983 0.5764099955558777
13787 0.3831700086593628 0.5659499764442444
13788 0.3878200054168701 0.5563300251960754
13789 0.43661001324653625 0.5872600078582764
13790 0.4433000087738037 0.587890088558197
13791 0.4518899917602539 0.5938500761985779
13792 0.44544002413749695 0.5930799841880798
13793 0.45305997133255005 0.5991000533103943
13794 0.459350049495697 0.6002600193023682
13795 0.45928001403808594 0.6056900024414062
13796 0.4651499390602112 0.6074699759483337
13797 0.46873998641967773 0.6158499717712402
13798 0.4636699855327606 0.613070011138916
13799 0.41978999972343445 0.5814999938011169
13800 0.4298999607563019 0.5868100523948669
13801 0.4232499897480011 0.5868100523948669
13802 0.4092400074005127 0.5763099789619446
13803 0.39939001202583313 0.5706700682640076
13804 0.39010000228881836 0.5644199848175049
13805 0.38071000576019287 0.5573899745941162
13806 0.37132999300956726 0.549340009689331
13807 0.36236000061035156 0.539609968662262
13808 0.3539700210094452 0.5284000039100647
13809 0.4329400062561035 0.6323300004005432
13810 0.43515998125076294 0.6314200758934021
13811 0.4350599944591522 0.6340599656105042
13812 0.45635002851486206 0.6455600261688232
13813 0.4618399739265442 0.6421199440956116
13814 0.4713299572467804 0.6336999535560608
13815 0.46682000160217285 0.6381499767303467
13816 0.4706999957561493 0.6245599389076233
13817 0.46738001704216003 0.6294500231742859
13818 0.4662800133228302 0.6210399270057678
13819 0.4634999930858612 0.6337800025939941
13820 0.4590800106525421 0.637499988079071
13821 0.4635700583457947 0.6256199479103088
13822 0.460269957780838 0.6296700835227966
13823 0.42002004384994507 0.5924599766731262
13824 0.4263000190258026 0.5919299721717834
13825 0.4586000144481659 0.610759973526001
13826 0.4534600079059601 0.6087799668312073
13827 0.45357996225357056 0.6041200160980225
13828 0.4479599595069885 0.602840006351471
13829 0.4469900131225586 0.5980899930000305
13830 0.44102001190185547 0.5973700881004333
13831 0.4390900135040283 0.5924500823020935
13832 0.43268996477127075 0.59197998046875
13833 0.46189001202583313 0.6179900169372559
13834 0.45740002393722534 0.61531001329422
13835 0.4597399830818176 0.6222500205039978
13836 0.4349000155925751 0.620870053768158
13837 0.4353499710559845 0.6189599633216858
13838 0.43783000111579895 0.6197800040245056
13839 0.4369399845600128 0.6217599511146545
13840 0.401030033826828 0.602940022945404
13841 0.4098300337791443 0.6047599911689758
13842 0.39184001088142395 0.6015500426292419
13843 0.38238999247550964 0.600380003452301
13844 0.372590035200119 0.5994099974632263
13845 0.36249998211860657 0.5992500185966492
13846 0.3526000380516052 0.6009399890899658
13847 0.34393998980522156 0.6041799187660217
13848 0.43241000175476074 0.6205300688743591
13849 0.42976000905036926 0.6208199858665466
13850 0.4294399917125702 0.6190400123596191
13851 0.4324800372123718 0.6186800003051758
13852 0.4289099872112274 0.5968199372291565
13853 0.43497997522354126 0.5969200134277344
13854 0.43219998478889465 0.616640031337738
13855 0.43545001745224 0.616849958896637
13856 0.4164700210094452 0.6115099787712097
13857 0.41235998272895813 0.6131899952888489
13858 0.4133400321006775 0.6083099842071533
13859 0.4265499711036682 0.619920015335083
13860 0.42565006017684937 0.6179400086402893
13861 0.42890000343322754 0.6169800162315369
13862 0.4200799763202667 0.6022400259971619
13863 0.4148699939250946 0.6033300757408142
13864 0.4171299934387207 0.5980400443077087
13865 0.4229300022125244 0.5971899628639221
13866 0.427979975938797 0.6147099137306213
13867 0.4315900206565857 0.6143699288368225
13868 0.4179699718952179 0.60698002576828
13869 0.42666003108024597 0.6121000647544861
13870 0.42444998025894165 0.6156100630760193
13871 0.4228000342845917 0.6129899621009827
13872 0.41899996995925903 0.6144199967384338
13873 0.4206399917602539 0.6101400256156921
13874 0.4502899944782257 0.6480299830436707
13875 0.4450699985027313 0.6548500061035156
13876 0.44398999214172363 0.6491199135780334
13877 0.45410996675491333 0.6406000256538391
13878 0.44857001304626465 0.6427900195121765
13879 0.44693997502326965 0.6377900242805481
13880 0.44277000427246094 0.6436200141906738
13881 0.4419099986553192 0.6387500166893005
13882 0.449569970369339 0.6316099762916565
13883 0.45188000798225403 0.6359000205993652
13884 0.4453200697898865 0.6334400177001953
13885 0.4563400149345398 0.6330900192260742
13886 0.45562002062797546 0.6192399859428406
13887 0.4569999873638153 0.6259199976921082
13888 0.4533500373363495 0.6226599812507629
13889 0.44707995653152466 0.6147299408912659
13890 0.45135000348091125 0.6166800856590271
13891 0.44944998621940613 0.6199799180030823
13892 0.4457300007343292 0.6178299784660339
13893 0.45357996225357056 0.629069983959198
13894 0.45048001408576965 0.6256800293922424
13895 0.44707006216049194 0.628089964389801
13896 0.4471299946308136 0.6228600144386292
13897 0.45270997285842896 0.6129899621009827
13898 0.4345000088214874 0.6368899941444397
13899 0.4375900626182556 0.6328200697898865
13900 0.4376699924468994 0.6358500123023987
13901 0.43720003962516785 0.6301999688148499
13902 0.43926000595092773 0.6287299990653992
13903 0.44029998779296875 0.6314399838447571
13904 0.43821001052856445 0.626579999923706
13905 0.4399600028991699 0.6248599886894226
13906 0.4415900409221649 0.6270899772644043
13907 0.4399400055408478 0.6210799813270569
13908 0.4419500231742859 0.6228500008583069
13909 0.4385499954223633 0.6231200098991394
13910 0.441210001707077 0.6187600493431091
13911 0.43845003843307495 0.6175299286842346
13912 0.44317004084587097 0.6100800037384033
13913 0.44794994592666626 0.6111900210380554
13914 0.442840039730072 0.6133999824523926
13915 0.4482700228691101 0.6072199940681458
13916 0.4387100040912628 0.6151099801063538
13917 0.4351699650287628 0.6145200133323669
13918 0.43097999691963196 0.6013500094413757
13919 0.43671995401382446 0.6015099883079529
13920 0.43783000111579895 0.6057500243186951
13921 0.432559996843338 0.6054700016975403
13922 0.4253999888896942 0.6015600562095642
13923 0.4430899918079376 0.6062300205230713
13924 0.4384100139141083 0.60944002866745
13925 0.44237998127937317 0.6019899845123291
13926 0.43460994958877563 0.6119099259376526
13927 0.43059995770454407 0.61176997423172
13928 0.4292300045490265 0.6088100075721741
13929 0.42487001419067383 0.6091799736022949
13930 0.4274899959564209 0.605440080165863
13931 0.4226599335670471 0.605959951877594
13932 0.4337599575519562 0.6089699864387512
13933 0.438679963350296 0.6124899983406067
13934 0.442220002412796 0.6161999702453613
13935 0.4440000057220459 0.6205400824546814
13936 0.4443800151348114 0.6251999735832214
13937 0.44352003931999207 0.6299300193786621
13938 0.4412400424480438 0.6347699761390686
13939 0.4374599754810333 0.6393899917602539
13940 0.40595003962516785 0.6735500693321228
13941 0.3924899697303772 0.6737599968910217
13942 0.39757996797561646 0.6696000099182129
13943 0.4187999367713928 0.670799970626831
13944 0.4102000594139099 0.6680999398231506
13945 0.42958998680114746 0.6664000153541565
13946 0.42135000228881836 0.6645100116729736
13947 0.3673500418663025 0.6706399917602539
13948 0.37276002764701843 0.6679100394248962
13949 0.379440039396286 0.6726399660110474
13950 0.3446800410747528 0.6627299785614014
13951 0.35037997364997864 0.6620299816131592
13952 0.3557400405406952 0.6671599745750427
13953 0.3341600298881531 0.6569499969482422
13954 0.3398900032043457 0.6573800444602966
13955 0.3847799599170685 0.6691699624061584
13956 0.36142995953559875 0.6655499935150146
13957 0.4232900142669678 0.658780038356781
13958 0.41387003660202026 0.6628100275993347
13959 0.4169199764728546 0.6578699946403503
13960 0.4023599922657013 0.6655099987983704
13961 0.4067800045013428 0.661300003528595
13962 0.39003998041152954 0.6659200191497803
13963 0.395080029964447 0.6627600193023682
13964 0.3779299557209015 0.6651999950408936
13965 0.38311001658439636 0.662559986114502
13966 0.3667699992656708 0.6638000011444092
13967 0.3717699646949768 0.6617699265480042
13968 0.3557699918746948 0.6610000133514404
13969 0.3609199821949005 0.6599000096321106
13970 0.3452500104904175 0.6573700308799744
13971 0.3503299951553345 0.6569499969482422
13972 0.33545997738838196 0.6522899270057678
13973 0.3404500186443329 0.6528499722480774
13974 0.32510998845100403 0.6504899859428406
13975 0.330189973115921 0.6515499949455261
13976 0.37050002813339233 0.6563100218772888
13977 0.3647799789905548 0.6525300145149231
13978 0.37525004148483276 0.653219997882843
13979 0.3815300166606903 0.6566500067710876
13980 0.3864400088787079 0.6532599925994873
13981 0.39792996644973755 0.6535400748252869
13982 0.3931100070476532 0.6568300127983093
13983 0.408780038356781 0.6523299813270569
13984 0.40445998311042786 0.6561300158500671
13985 0.41762998700141907 0.6491100192070007
13986 0.4144800007343292 0.6533699631690979
13987 0.34526997804641724 0.6482600569725037
13988 0.34053996205329895 0.6491699814796448
13989 0.336899995803833 0.6445199847221375
13990 0.3546900153160095 0.6508499979972839
13991 0.3499400317668915 0.6526599526405334
13992 0.3600299656391144 0.6549999713897705
13993 0.43803998827934265 0.6611700057983398
13994 0.4303400218486786 0.6601499915122986
13995 0.43790003657341003 0.655019998550415
13996 0.437639981508255 0.6489400267601013
13997 0.4309599697589874 0.6544299721717834
13998 0.43164998292922974 0.6487500071525574
13999 0.4249100387096405 0.6537399888038635
14000 0.4373199939727783 0.6435700058937073
14001 0.42402002215385437 0.6451100707054138
14002 0.4221000373363495 0.649370014667511
14003 0.429870069026947 0.6406700015068054
14004 0.42823001742362976 0.6446400284767151
14005 0.43362000584602356 0.640019953250885
14006 0.4325900077819824 0.6438400149345398
14007 0.4265299439430237 0.649139940738678
14008 0.41971996426582336 0.6535000205039978
14009 0.4108000099658966 0.6573100090026855
14010 0.39987996220588684 0.6595500111579895
14011 0.38815999031066895 0.6597700119018555
14012 0.37661001086235046 0.6594499945640564
14013 0.36580997705459595 0.658519983291626
14014 0.35523003339767456 0.6563000082969666
14015 0.34519001841545105 0.653219997882843
14016 0.33594000339508057 0.6486600041389465
14017 0.12021999806165695 0.9640699625015259
14018 0.12133999168872833 0.963100016117096
14019 0.1219099909067154 0.9640899300575256
14020 0.12081001698970795 0.9649600386619568
14021 0.12111000716686249 0.9618300795555115
14022 0.1226700022816658 0.9627599716186523
14023 0.11944998800754547 0.9672499299049377
14024 0.1208299994468689 0.9664000868797302
14025 0.12174999713897705 0.9676499962806702
14026 0.12343000620603561 0.9639900922775269
14027 0.1232299953699112 0.9650999307632446
14028 0.12318999320268631 0.966949999332428
14029 0.3403499722480774 0.6232900023460388
14030 0.3406999707221985 0.622219979763031
14031 0.230430006980896 0.7926599979400635
14032 0.11997999250888824 0.9629300832748413
14033 0.12201999872922897 0.9657801389694214
14034 0.11984999477863312 0.9655500054359436
14035 0.32659003138542175 0.6466100215911865
14036 0.3312700092792511 0.647599995136261
14037 0.3376300036907196 0.6173099875450134
14038 0.3342899978160858 0.6179900169372559
14039 0.33536002039909363 0.6137199997901917
14040 0.3401300311088562 0.620959997177124
14041 0.3384399712085724 0.6213600039482117
14042 0.339309960603714 0.6197800040245056
14043 0.33682000637054443 0.6201900839805603
14044 0.3343200385570526 0.6032299995422363
14045 0.33281001448631287 0.6094200015068054
14046 0.32857000827789307 0.6110699772834778
14047 0.3296000063419342 0.6043800711631775
14048 0.324970006942749 0.6066200137138367
14049 0.3308500051498413 0.5972999930381775
14050 0.3360700309276581 0.5964899659156799
14051 0.33910995721817017 0.6032199859619141
14052 0.32030999660491943 0.6166899800300598
14053 0.3243499994277954 0.6136599183082581
14054 0.3370699882507324 0.6087999939918518
14055 0.33153998851776123 0.6149500012397766
14056 0.3277299702167511 0.6173200011253357
14057 0.3239000141620636 0.6205100417137146
14058 0.31654998660087585 0.6197800040245056
14059 0.31310001015663147 0.62295001745224
14060 0.3159100115299225 0.6422600150108337
14061 0.31299999356269836 0.639150083065033
14062 0.31421998143196106 0.6286299824714661
14063 0.31189000606536865 0.6314700245857239
14064 0.31696000695228577 0.6263099312782288
14065 0.3202100098133087 0.6237199902534485
14066 0.31772997975349426 0.6318899989128113
14067 0.3154999911785126 0.6333199143409729
14068 0.3189599812030792 0.6443900465965271
14069 0.32245996594429016 0.6456599831581116
14070 0.3178600072860718 0.6406300067901611
14071 0.31584998965263367 0.6389300227165222
14072 0.32036998867988586 0.641230046749115
14073 0.3237200081348419 0.6419000029563904
14074 0.31683000922203064 0.6371999382972717
14075 0.31885001063346863 0.636709988117218
14076 0.34001997113227844 0.6256899833679199
14077 0.22950002551078796 0.7960149645805359
14078 0.3401300311088562 0.6270800232887268
14079 0.33981001377105713 0.6241499781608582
14080 0.3393700122833252 0.6232500076293945
14081 0.22991499304771423 0.7939649820327759
14082 0.11896999180316925 0.9659799933433533
14083 0.3396599590778351 0.6248900294303894
14084 0.33879998326301575 0.624530017375946
14085 0.2297149896621704 0.7945249676704407
14086 0.11939000338315964 0.9645500183105469
14087 0.22956499457359314 0.794960081577301
14088 0.11918999254703522 0.9650400876998901
14089 0.33788996934890747 0.6312999725341797
14090 0.337179958820343 0.6288700103759766
14091 0.33907002210617065 0.6289500594139099
14092 0.3344099819660187 0.6398200392723083
14093 0.3329000174999237 0.6353999972343445
14094 0.3363800048828125 0.635129988193512
14095 0.33531999588012695 0.6315400004386902
14096 0.33219000697135925 0.6444100737571716
14097 0.3299200236797333 0.6395900249481201
14098 0.3277299702167511 0.6431699395179749
14099 0.3365900218486786 0.6222000122070312
14100 0.3380899727344513 0.6226500868797302
14101 0.33667996525764465 0.6236500144004822
14102 0.3339800238609314 0.6213399767875671
14103 0.33094000816345215 0.6237099766731262
14104 0.3308599889278412 0.6198200583457947
14105 0.33167001605033875 0.6263700127601624
14106 0.32948997616767883 0.6303300261497498
14107 0.3277899920940399 0.6276400089263916
14108 0.3342899978160858 0.6237000823020935
14109 0.334960013628006 0.6252699494361877
14110 0.33320000767707825 0.6278499960899353
14111 0.33701997995376587 0.6247300505638123
14112 0.3358900249004364 0.6262800097465515
14113 0.33239999413490295 0.6313300132751465
14114 0.32892999053001404 0.6348400115966797
14115 0.3274100124835968 0.622990071773529
14116 0.3254300057888031 0.6380299925804138
14117 0.32541000843048096 0.6325600147247314
14118 0.32389000058174133 0.6273499131202698
14119 0.3216700255870819 0.6367300152778625
14120 0.32054999470710754 0.63059002161026
14121 0.33521002531051636 0.6285300254821777
14122 0.3371899724006653 0.6269199848175049
14123 0.33890002965927124 0.6258000731468201
14124 0.41524001955986023 0.616330087184906
14125 0.4118099808692932 0.6182299256324768
14126 0.4225800037384033 0.6192499995231628
14127 0.42096999287605286 0.6170899868011475
14128 0.41767001152038574 0.6188099980354309
14129 0.307019978761673 0.33785998821258545
14130 0.3117400109767914 0.3504500091075897
14131 0.29770997166633606 0.3730199635028839
14132 0.32857000827789307 0.30007001757621765
14133 0.32754001021385193 0.3152599632740021
14134 0.2960300147533417 0.40744999051094055
14135 0.3036400079727173 0.41655996441841125
14136 0.29846999049186707 0.43821999430656433
14137 0.304720014333725 0.38436001539230347
14138 0.40654996037483215 0.24238000810146332
14139 0.45190000534057617 0.22942999005317688
14140 0.432779997587204 0.23923002183437347
14141 0.3405199646949768 0.38086003065109253
14142 0.33486002683639526 0.4072599709033966
14143 0.3307900130748749 0.39730000495910645
14144 0.3380899727344513 0.3691200017929077
14145 0.3493199646472931 0.3536999821662903
14146 0.333840012550354 0.43164998292922974
14147 0.3285900056362152 0.4236900210380554
14148 0.3632600009441376 0.26660001277923584
14149 0.3909299671649933 0.25565001368522644
14150 0.47589996457099915 0.23122000694274902
14151 0.3539299964904785 0.2811500132083893
14152 0.38231995701789856 0.30376002192497253
14153 0.38675999641418457 0.28812000155448914
14154 0.40532997250556946 0.2828199863433838
14155 0.36292001605033875 0.32708001136779785
14156 0.3648099899291992 0.3124000132083893
14157 0.3482000231742859 0.34014004468917847
14158 0.43338996171951294 0.2688800096511841
14159 0.4449700713157654 0.257779985666275
14160 0.46536996960639954 0.26100000739097595
14161 0.4807300269603729 0.25268998742103577
14162 0.4138300120830536 0.27000999450683594
14163 0.4559900164604187 0.23804999887943268
14164 0.4782100021839142 0.24140000343322754
14165 0.41574999690055847 0.24962998926639557
14166 0.43901997804641724 0.24766996502876282
14167 0.3789699673652649 0.26861000061035156
14168 0.4029500186443329 0.26210999488830566
14169 0.3500699996948242 0.29638001322746277
14170 0.3710300326347351 0.2815599739551544
14171 0.3291299641132355 0.32936999201774597
14172 0.3482000231742859 0.3112500011920929
14173 0.3170299828052521 0.36284998059272766
14174 0.33229997754096985 0.3427799940109253
14175 0.3113100230693817 0.3951700031757355
14176 0.32221999764442444 0.37487003207206726
14177 0.3108600080013275 0.425169974565506
14178 0.31731000542640686 0.40532997250556946
14179 0.353270024061203 0.5052599906921387
14180 0.35363003611564636 0.5171199440956116
14181 0.3390899896621704 0.5265899300575256
14182 0.3464600443840027 0.5275200009346008
14183 0.3463599979877472 0.5156700015068054
14184 0.32666000723838806 0.3865199685096741
14185 0.3230299949645996 0.41484999656677246
14186 0.3353399932384491 0.35649996995925903
14187 0.3477499783039093 0.3259499967098236
14188 0.36779001355171204 0.2973800003528595
14189 0.3929700255393982 0.2739200294017792
14190 0.4244999885559082 0.25791001319885254
14191 0.46031999588012695 0.24811002612113953
14192 0.30351999402046204 0.4649999737739563
14193 0.31165000796318054 0.46977999806404114
14194 0.3098500072956085 0.48754000663757324
14195 0.3357999622821808 0.4536900222301483
14196 0.3303399980068207 0.44736000895500183
14197 0.3065299987792969 0.4452199935913086
14198 0.3141700029373169 0.45173999667167664
14199 0.3178600072860718 0.43327000737190247
14200 0.319240003824234 0.4741000533103943
14201 0.3214600086212158 0.45754000544548035
14202 0.3397899866104126 0.473550021648407
14203 0.3338799774646759 0.46847003698349
14204 0.3167400062084198 0.5073800086975098
14205 0.31766000390052795 0.49076002836227417
14206 0.32785001397132874 0.46303993463516235
14207 0.3328000009059906 0.4831099808216095
14208 0.3261300027370453 0.47866004705429077
14209 0.3244800269603729 0.5093600153923035
14210 0.32405999302864075 0.524429976940155
14211 0.34595000743865967 0.490619957447052
14212 0.33934998512268066 0.48726004362106323
14213 0.3461799919605255 0.5033699870109558
14214 0.3316600024700165 0.5254600048065186
14215 0.32510998845100403 0.4940800368785858
14216 0.33229997754096985 0.49747997522354126
14217 0.331959992647171 0.5116000175476074
14218 0.3392200171947479 0.5137900710105896
14219 0.33928000926971436 0.5007100105285645
14220 0.32433998584747314 0.4407000243663788
14221 0.3138900101184845 0.635699987411499
14222 0.3101100027561188 0.6351600289344788
14223 0.3051300048828125 0.6350700259208679
14224 0.29864001274108887 0.6353999972343445
14225 0.29076001048088074 0.6359700560569763
14226 0.28172996640205383 0.6363499760627747
14227 0.2764900028705597 0.668150007724762
14228 0.2776600122451782 0.6568099856376648
14229 0.2793099880218506 0.6460599899291992
14230 0.26958000659942627 0.6486499905586243
14231 0.2681100070476532 0.6170600056648254
14232 0.2641499936580658 0.6279199719429016
14233 0.27511000633239746 0.6271800398826599
14234 0.2719099819660187 0.6373500227928162
14235 0.42996999621391296 0.6223800182342529
14236 0.42792993783950806 0.6230300068855286
14237 0.4273099899291992 0.6215800642967224
14238 0.4250499904155731 0.6224799752235413
14239 0.4239499866962433 0.620959997177124
14240 0.4342000186443329 0.6226000189781189
14241 0.4321499466896057 0.6221799850463867
14242 0.43483999371528625 0.6292600035667419
14243 0.4364900290966034 0.6280500292778015
14244 0.43564993143081665 0.6263899803161621
14245 0.4370899796485901 0.6248999238014221
14246 0.43584007024765015 0.6235499978065491
14247 0.43108993768692017 0.6309499740600586
14248 0.4331299960613251 0.6301999688148499
14249 0.4329099953174591 0.6285800337791443
14250 0.4342300295829773 0.6275799870491028
14251 0.43341997265815735 0.6263700127601624
14252 0.43460994958877563 0.6251199841499329
14253 0.433320015668869 0.624180018901825
14254 0.43178993463516235 0.6236500144004822
14255 0.43011999130249023 0.623740017414093
14256 0.4296799302101135 0.6300899982452393
14257 0.4314599633216858 0.6294899582862854
14258 0.4275699257850647 0.6257800459861755
14259 0.2958599925041199 0.7965950965881348
14260 0.4247400164604187 0.6255000233650208
14261 0.42680999636650085 0.6249099373817444
14262 0.4148299992084503 0.6201700568199158
14263 0.41238999366760254 0.6212100386619568
14264 0.42166998982429504 0.6220099925994873
14265 0.4198899567127228 0.6205100417137146
14266 0.41759997606277466 0.6216099858283997
14267 0.2934899926185608 0.7956500053405762
14268 0.4221000373363495 0.6254900097846985
14269 0.42396000027656555 0.6246799826622009
14270 0.16456998884677887 0.9671899080276489
14271 0.1640699952840805 0.968230128288269
14272 0.16243000328540802 0.9673900008201599
14273 0.16298998892307281 0.96642005443573
14274 0.16061998903751373 0.9666000008583069
14275 0.16412998735904694 0.9660998582839966
14276 0.16619999706745148 0.9682399034500122
14277 0.4174799919128418 0.6251299977302551
14278 0.28715500235557556 0.794154942035675
14279 0.4139099717140198 0.6238599419593811
14280 0.15859000384807587 0.9640899300575256
14281 0.16083000600337982 0.9653900861740112
14282 0.42006996273994446 0.6252999901771545
14283 0.2901400029659271 0.7949849367141724
14284 0.41843003034591675 0.6241000294685364
14285 0.29188501834869385 0.7951698899269104
14286 0.42124003171920776 0.624459981918335
14287 0.16221000254154205 0.9648600220680237
14288 0.4313400089740753 0.6283599734306335
14289 0.43237999081611633 0.6274300217628479
14290 0.4323900043964386 0.6255699992179871
14291 0.43126004934310913 0.6250200271606445
14292 0.43160003423690796 0.6266699433326721
14293 0.429749995470047 0.6274499893188477
14294 0.42948001623153687 0.6270700097084045
14295 0.42973998188972473 0.6266400218009949
14296 0.430249959230423 0.6269699931144714
14297 0.4291500449180603 0.6262000203132629
14298 0.2978399991989136 0.7979850172996521
14299 0.42897993326187134 0.6253700256347656
14300 0.16300000250339508 0.9717699289321899
14301 0.16290999948978424 0.97257000207901
14302 0.16419999301433563 0.97024005651474
14303 0.16475999355316162 0.9711700081825256
14304 0.16551999747753143 0.96930992603302
14305 0.16470001637935638 0.97201007604599
14306 0.296019971370697 0.800225019454956
14307 0.4292300045490265 0.6267499923706055
14308 0.4291999638080597 0.6274799704551697
14309 0.2977699935436249 0.7992650270462036
14310 0.16649998724460602 0.9703999161720276
14311 0.42900997400283813 0.6280400156974792
14312 0.4288000464439392 0.6288599967956543
14313 0.4299300014972687 0.6280199885368347
14314 0.4299900233745575 0.6259999871253967
14315 0.49015000462532043 0.5525599122047424
14316 0.48052000999450684 0.5515299439430237
14317 0.47202998399734497 0.5499300360679626
14318 0.46424004435539246 0.5477200150489807
14319 0.4572600722312927 0.5450999736785889
14320 0.4516100287437439 0.5424799919128418
14321 0.4463300406932831 0.5401399731636047
14322 0.44084998965263367 0.5375800132751465
14323 0.4354800581932068 0.5341100096702576
14324 0.43064001202583313 0.52947998046875
14325 0.42702004313468933 0.5240499973297119
14326 0.4244900047779083 0.5180400013923645
14327 0.4221300482749939 0.5193600058555603
14328 0.42344000935554504 0.5110999941825867
14329 0.4205799698829651 0.5116000175476074
14330 0.42337995767593384 0.5027999877929688
14331 0.42262002825737 0.49376004934310913
14332 0.41624000668525696 0.47304004430770874
14333 0.42534998059272766 0.4755899906158447
14334 0.4201900362968445 0.48399999737739563
14335 0.40700003504753113 0.4632599651813507
14336 0.399120032787323 0.4534499943256378
14337 0.39409998059272766 0.4434099793434143
14338 0.3917100131511688 0.43300002813339233
14339 0.3920700252056122 0.42239999771118164
14340 0.39493995904922485 0.4117799401283264
14341 0.4003300368785858 0.40116000175476074
14342 0.4087199866771698 0.3911900222301483
14343 0.4195899963378906 0.3823099732398987
14344 0.4318999946117401 0.37505003809928894
14345 0.44533997774124146 0.370279997587204
14346 0.4595399498939514 0.36754000186920166
14347 0.4732699692249298 0.36600998044013977
14348 0.4866900146007538 0.3651299774646759
14349 0.45524999499320984 0.47200995683670044
14350 0.4474699795246124 0.47631001472473145
14351 0.44060996174812317 0.47314000129699707
14352 0.46199995279312134 0.474700003862381
14353 0.469510018825531 0.47129005193710327
14354 0.4766499996185303 0.4737100303173065
14355 0.4842800498008728 0.47067999839782715
14356 0.4920399785041809 0.4731299877166748
14357 0.433459997177124 0.4687800109386444
14358 0.4543199837207794 0.4787299931049347
14359 0.43977001309394836 0.48169997334480286
14360 0.46902996301651 0.4770999550819397
14361 0.48413997888565063 0.4761100113391876
14362 0.4328899681568146 0.47905996441841125
14363 0.4268300235271454 0.4861299991607666
14364 0.4198799729347229 0.521369993686676
14365 0.4157400131225586 0.6227099895477295
14366 0.40974000096321106 0.6223499774932861
14367 0.4011499881744385 0.6218199729919434
14368 0.3910200297832489 0.6215600371360779
14369 0.3809700012207031 0.6213600039482117
14370 0.3709299862384796 0.6212000250816345
14371 0.36127999424934387 0.6208500266075134
14372 0.35286998748779297 0.6209400296211243
14373 0.346280038356781 0.6209800243377686
14374 0.3418600261211395 0.621150016784668
14375 0.339430034160614 0.6221399903297424
14376 0.3382599651813507 0.6237499713897705
14377 0.3378100097179413 0.625450074672699
14378 0.33866000175476074 0.6271900534629822
14379 0.341079980134964 0.6286900043487549
14380 0.34591004252433777 0.6296300292015076
14381 0.35297995805740356 0.6304000020027161
14382 0.3612699806690216 0.6312999725341797
14383 0.3708699941635132 0.6322999596595764
14384 0.3814399838447571 0.6328799724578857
14385 0.3928699791431427 0.6333100199699402
14386 0.4038200080394745 0.6329999566078186
14387 0.4127599895000458 0.6325700283050537
14388 0.419670045375824 0.6319800019264221
14389 0.42451000213623047 0.6311699748039246
14390 0.427979975938797 0.6300899982452393
14391 0.4300699830055237 0.6288999915122986
14392 0.4308300018310547 0.6275200247764587
14393 0.4307399392127991 0.6261799931526184
14394 0.4301600158214569 0.6249600052833557
14395 0.42851999402046204 0.6243100166320801
14396 0.42597001791000366 0.6237999796867371
14397 0.4229700267314911 0.62350994348526
14398 0.4197799861431122 0.6230700016021729
14399 0.21747997403144836 0.09337998926639557
14400 0.23064997792243958 0.07740999013185501
14401 0.24282000958919525 0.07743000239133835
14402 0.23022998869419098 0.09499000757932663
14403 0.11782000958919525 0.3618200123310089
14404 0.11532999575138092 0.3454299569129944
14405 0.13169001042842865 0.32183000445365906
14406 0.1347000002861023 0.3375999927520752
14407 0.10586000233888626 0.4034099876880646
14408 0.10430999100208282 0.38513997197151184
14409 0.11922001093626022 0.37988999485969543
14410 0.09646999835968018 0.6463499665260315
14411 0.09539999067783356 0.6668099761009216
14412 0.08747000247240067 0.6484599709510803
14413 0.08992999792098999 0.6291800141334534
14414 0.16165000200271606 0.2510800063610077
14415 0.15434999763965607 0.24060000479221344
14416 0.17743001878261566 0.21875
14417 0.18481001257896423 0.22902999818325043
14418 0.2013700008392334 0.1579499989748001
14419 0.2244100272655487 0.13640999794006348
14420 0.23827001452445984 0.13987000286579132
14421 0.21290001273155212 0.1630699783563614
14422 0.1878100037574768 0.1839500069618225
14423 0.2217700183391571 0.1696300208568573
14424 0.1958099901676178 0.19033001363277435
14425 0.1710200160741806 0.21113000810146332
14426 0.20321999490261078 0.1986199915409088
14427 0.127470001578331 0.30764999985694885
14428 0.14574001729488373 0.2845099866390228
14429 0.1506500095129013 0.29782000184059143
14430 0.13997000455856323 0.27278998494148254
14431 0.16820000112056732 0.2625100314617157
14432 0.186489999294281 0.9555798768997192
14433 0.22408999502658844 0.9604300856590271
14434 0.26514002680778503 0.9798399209976196
14435 0.22890998423099518 0.11475001275539398
14436 0.24594999849796295 0.11449999362230301
14437 0.20923998951911926 0.13412000238895416
14438 0.24487999081611633 0.09412001073360443
14439 0.214120015501976 0.11320000141859055
14440 0.17678000032901764 0.834309995174408
14441 0.1648399978876114 0.8202199935913086
14442 0.16939999163150787 0.817319929599762
14443 0.1823599934577942 0.8299899697303772
14444 0.16903997957706451 0.8091100454330444
14445 0.15751999616622925 0.8086400032043457
14446 0.1540600061416626 0.7976199388504028
14447 0.19043999910354614 0.8706599473953247
14448 0.17135000228881836 0.8515600562095642
14449 0.18326999247074127 0.8523398637771606
14450 0.20174001157283783 0.8694900870323181
14451 0.19162000715732574 0.8499599695205688
14452 0.16784000396728516 0.8346400260925293
14453 0.1060900017619133 0.7056399583816528
14454 0.1187099888920784 0.723569929599762
14455 0.12019999325275421 0.7417899370193481
14456 0.10733999311923981 0.7249599695205688
14457 0.13463999330997467 0.7567099928855896
14458 0.13687999546527863 0.7714099884033203
14459 0.12273000925779343 0.7580500245094299
14460 0.15157999098300934 0.78451007604599
14461 0.1403599977493286 0.7865099906921387
14462 0.26015999913215637 0.9600300192832947
14463 0.18977999687194824 0.9369500875473022
14464 0.22205998003482819 0.9413300156593323
14465 0.21306000649929047 0.8872500061988831
14466 0.1992100179195404 0.8880100250244141
14467 0.17561998963356018 0.8690900206565857
14468 0.18920999765396118 0.9194399118423462
14469 0.216279998421669 0.9231200218200684
14470 0.2517699897289276 0.9411100745201111
14471 0.20798002183437347 0.9051299691200256
14472 0.18142999708652496 0.8858699798583984
14473 0.2260199934244156 0.9046801328659058
14474 0.18610000610351562 0.9025100469589233
14475 0.2386700063943863 0.9224299788475037
14476 0.08450000733137131 0.6115599274635315
14477 0.08861000090837479 0.5942500233650208
14478 0.09310000389814377 0.6111500263214111
14479 0.09184999018907547 0.5268599987030029
14480 0.08872999250888824 0.5082299709320068
14481 0.09493999928236008 0.48955005407333374
14482 0.0975400060415268 0.5097599625587463
14483 0.09520000219345093 0.5451999306678772
14484 0.0898900032043457 0.5607100129127502
14485 0.0863099992275238 0.5429300665855408
14486 0.21404001116752625 0.013819999992847443
14487 0.20879003405570984 0.010980000719428062
14488 0.2120800018310547 0.008070000447332859
14489 0.21710000932216644 0.01042999979108572
14490 0.2288999855518341 0.062160007655620575
14491 0.23987998068332672 0.06340999156236649
14492 0.21934999525547028 0.07566999644041061
14493 0.23569999635219574 0.049630001187324524
14494 0.21875999867916107 0.05934000015258789
14495 0.22585999965667725 0.04756999760866165
14496 0.21682000160217285 0.04430999979376793
14497 0.22160997986793518 0.034540001302957535
14498 0.23029997944831848 0.03689999878406525
14499 0.21980999410152435 0.016860000789165497
14500 0.2173299938440323 0.023169998079538345
14501 0.21084000170230865 0.01933000050485134
14502 0.22425998747348785 0.026079999282956123
14503 0.2138500064611435 0.03102000057697296
14504 0.1052900031208992 0.6848100423812866
14505 0.09517998993396759 0.6870599389076233
14506 0.0846099928021431 0.5765600204467773
14507 0.09346000850200653 0.5782999992370605
14508 0.0924300029873848 0.4683000445365906
14509 0.09881000965833664 0.4456000030040741
14510 0.10199999809265137 0.4688200354576111
14511 0.10769999772310257 0.4241499900817871
14512 0.09653998911380768 0.4260999858379364
14513 0.19005000591278076 0.10386000573635101
14514 0.2058899700641632 0.08963000029325485
14515 0.20149996876716614 0.10961000621318817
14516 0.16329000890254974 0.10899998247623444
14517 0.17994999885559082 0.09749000519514084
14518 0.17293000221252441 0.11756999045610428
14519 0.1377599984407425 0.10619001090526581
14520 0.15485000610351562 0.09825000166893005
14521 0.14600999653339386 0.11958999186754227
14522 0.13149000704288483 0.09104999899864197
14523 0.11860000342130661 0.11273999512195587
14524 0.11365000903606415 0.09368999302387238
14525 0.09714000672101974 0.06871999055147171
14526 0.11196999996900558 0.07427000254392624
14527 0.09516000002622604 0.08758999407291412
14528 0.07999999076128006 0.07480999827384949
14529 0.08782999962568283 0.10503000020980835
14530 0.07383999973535538 0.08956000208854675
14531 0.04072999954223633 0.09074999392032623
14532 0.046939998865127563 0.07604999095201492
14533 0.05632000416517258 0.08920000493526459
14534 0.0501599945127964 0.10299999266862869
14535 0.024969998747110367 0.09391999989748001
14536 0.03181000053882599 0.07750999927520752
14537 0.03432000055909157 0.10691999644041061
14538 0.10162998735904694 0.36823999881744385
14539 0.09793999791145325 0.35239002108573914
14540 0.11159998923540115 0.3303300142288208
14541 0.09387999773025513 0.4074099659919739
14542 0.09082000702619553 0.39031001925468445
14543 0.08589000254869461 0.6677899956703186
14544 0.0785600021481514 0.6486100554466248
14545 0.08116000145673752 0.6300200819969177
14546 0.1346299797296524 0.26263999938964844
14547 0.1288599967956543 0.2531000077724457
14548 0.14805997908115387 0.23170998692512512
14549 0.15613000094890594 0.1643500179052353
14550 0.14639000594615936 0.15511000156402588
14551 0.16496999561786652 0.14014999568462372
14552 0.1760300099849701 0.14774000644683838
14553 0.13738000392913818 0.1435299962759018
14554 0.12811000645160675 0.16875001788139343
14555 0.11964000016450882 0.155689999461174
14556 0.18841001391410828 0.15337000787258148
14557 0.177700012922287 0.1782200187444687
14558 0.16682001948356628 0.1721700131893158
14559 0.14569999277591705 0.18963001668453217
14560 0.1366499811410904 0.1799899935722351
14561 0.16342999041080475 0.20433999598026276
14562 0.15478001534938812 0.19766999781131744
14563 0.14135001599788666 0.22414997220039368
14564 0.106890007853508 0.31672999262809753
14565 0.12234999239444733 0.29506000876426697
14566 0.11708999425172806 0.2839899957180023
14567 0.1952899843454361 0.13038001954555511
14568 0.05895000323653221 0.11269999295473099
14569 0.05478000268340111 0.12473999708890915
14570 0.04449000209569931 0.11725999414920807
14571 0.18341001868247986 0.12484000623226166
14572 0.15519000589847565 0.1310800164937973
14573 0.1282299906015396 0.12961000204086304
14574 0.11058999598026276 0.14018000662326813
14575 0.10074000805616379 0.12189000099897385
14576 0.10204999893903732 0.16814997792243958
14577 0.09325999766588211 0.15148000419139862
14578 0.08477999269962311 0.1335200071334839
14579 0.0759199932217598 0.11654000729322433
14580 0.027329998090863228 0.12354999780654907
14581 0.03885999694466591 0.13418997824192047
14582 0.15519000589847565 0.8176799416542053
14583 0.14598999917507172 0.8017600774765015
14584 0.10949999839067459 0.7431799173355103
14585 0.09736000746488571 0.7262400388717651
14586 0.09588000178337097 0.7068900465965271
14587 0.12680000066757202 0.7746800780296326
14588 0.11329000443220139 0.7615199685096741
14589 0.13303999602794647 0.7925900816917419
14590 0.016839997842907906 0.6504700183868408
14591 0.016690000891685486 0.616119921207428
14592 0.02387000247836113 0.6343500018119812
14593 0.016939999535679817 0.38958001136779785
14594 0.017100000753998756 0.3581800162792206
14595 0.024619998410344124 0.3735499680042267
14596 0.02418999746441841 0.4056200385093689
14597 0.01689000241458416 0.4212000072002411
14598 0.018559999763965607 0.2965199947357178
14599 0.019710002467036247 0.26684001088142395
14600 0.028840001672506332 0.28085997700691223
14601 0.020810000598430634 0.23597000539302826
14602 0.03109000250697136 0.2503199875354767
14603 0.017580000683665276 0.32708999514579773
14604 0.025419998914003372 0.34200000762939453
14605 0.033240001648664474 0.21811999380588531
14606 0.021709997206926346 0.20370003581047058
14607 0.05979999899864197 0.17947998642921448
14608 0.04618999734520912 0.1993499994277954
14609 0.034060001373291016 0.1847900003194809
14610 0.045830003917217255 0.16440999507904053
14611 0.026889998465776443 0.3110800087451935
14612 0.03130999580025673 0.15276001393795013
14613 0.05268999934196472 0.14295999705791473
14614 0.06496000289916992 0.12453998625278473
14615 0.06870999932289124 0.1427599936723709
14616 0.07566999644041061 0.16333000361919403
14617 0.03162999823689461 0.38909003138542175
14618 0.03266000375151634 0.35680001974105835
14619 0.039420004934072495 0.3717600107192993
14620 0.031230000779032707 0.42208001017570496
14621 0.03838999941945076 0.404930055141449
14622 0.031380001455545425 0.6519699692726135
14623 0.03053000196814537 0.6187899708747864
14624 0.03725999966263771 0.6372900009155273
14625 0.11840999871492386 0.19533000886440277
14626 0.11062000691890717 0.18276000022888184
14627 0.09417999535799026 0.19745001196861267
14628 0.0855100080370903 0.1815899908542633
14629 0.05976000055670738 0.2611300051212311
14630 0.052020005881786346 0.2474299818277359
14631 0.06498000025749207 0.23033000528812408
14632 0.07249999791383743 0.24418999254703522
14633 0.043289996683597565 0.2329699993133545
14634 0.05651000142097473 0.21503998339176178
14635 0.07034000009298325 0.1973399966955185
14636 0.07894999533891678 0.21336998045444489
14637 0.039990004152059555 0.26447999477386475
14638 0.037039998918771744 0.2947399914264679
14639 0.04794999957084656 0.27807000279426575
14640 0.03441999852657318 0.3254700005054474
14641 0.04427999630570412 0.308569997549057
14642 0.0413299985229969 0.33970001339912415
14643 0.09345000237226486 0.3378700017929077
14644 0.08701001107692719 0.3740699589252472
14645 0.08251000195741653 0.3587700128555298
14646 0.08235999941825867 0.4116399586200714
14647 0.07793000340461731 0.3953799903392792
14648 0.111720010638237 0.27340003848075867
14649 0.10592998564243317 0.2625400125980377
14650 0.12246000021696091 0.24355003237724304
14651 0.13362999260425568 0.21590998768806458
14652 0.1258399933576584 0.20640002191066742
14653 0.11540000885725021 0.23386000096797943
14654 0.08852999657392502 0.3244999945163727
14655 0.10169000178575516 0.30437996983528137
14656 0.09654999524354935 0.2927800118923187
14657 0.04780000075697899 0.35401999950408936
14658 0.05397000536322594 0.36862996220588684
14659 0.04589999467134476 0.3870300054550171
14660 0.07750999927520752 0.34446001052856445
14661 0.07327999919652939 0.3794200122356415
14662 0.06814000010490417 0.36424997448921204
14663 0.07013999670743942 0.4162900149822235
14664 0.06507999449968338 0.3997800052165985
14665 0.051979996263980865 0.40290001034736633
14666 0.044860001653432846 0.4213399887084961
14667 0.0428600013256073 0.6218000054359436
14668 0.04934000223875046 0.6411399841308594
14669 0.04436000436544418 0.6569700241088867
14670 0.06657999753952026 0.2741299867630005
14671 0.055000003427267075 0.29138997197151184
14672 0.09127999097108841 0.281110018491745
14673 0.08567000180482864 0.2691600024700165
14674 0.09978000819683075 0.25148001313209534
14675 0.10838998854160309 0.22328998148441315
14676 0.1015700027346611 0.2112800031900406
14677 0.09319000691175461 0.24011996388435364
14678 0.050790004432201385 0.3222599923610687
14679 0.056859999895095825 0.33594000339508057
14680 0.08341000974178314 0.3117400109767914
14681 0.07231999188661575 0.3308199942111969
14682 0.07815999537706375 0.2992599904537201
14683 0.0611799992620945 0.3045499622821808
14684 0.07261999696493149 0.28679999709129333
14685 0.07941000908613205 0.25697997212409973
14686 0.0863099992275238 0.22759999334812164
14687 0.06689000129699707 0.3176000118255615
14688 0.06262999773025513 0.34984996914863586
14689 0.059749994426965714 0.3837999999523163
14690 0.05772000178694725 0.4194200038909912
14691 0.12283999472856522 0.9152699112892151
14692 0.1567700058221817 0.9276900291442871
14693 0.13154999911785126 0.9002099633216858
14694 0.16080999374389648 0.911590039730072
14695 0.13731001317501068 0.886370062828064
14696 0.1621599942445755 0.8962899446487427
14697 0.10270000249147415 0.8848400115966797
14698 0.08826000243425369 0.8559899926185608
14699 0.11219000071287155 0.8730000853538513
14700 0.07501000165939331 0.8651400208473206
14701 0.0987200066447258 0.8475099205970764
14702 0.11890000104904175 0.8615899682044983
14703 0.07705000042915344 0.6675000190734863
14704 0.07011999934911728 0.6476600170135498
14705 0.07272999733686447 0.6295199990272522
14706 0.06784000247716904 0.66593998670578
14707 0.06055999547243118 0.6450700163841248
14708 0.0640999972820282 0.627810001373291
14709 0.056710001081228256 0.662060022354126
14710 0.05412999540567398 0.6248900294303894
14711 0.14237000048160553 0.811630129814148
14712 0.15525998175144196 0.8314399719238281
14713 0.1002499982714653 0.746150016784668
14714 0.08766000717878342 0.7280399799346924
14715 0.08621000498533249 0.7072500586509705
14716 0.11956000328063965 0.7813500761985779
14717 0.12838000059127808 0.8029299378395081
14718 0.10544000566005707 0.7678800225257874
14719 0.14067000150680542 0.8255400061607361
14720 0.1565600037574768 0.8479099869728088
14721 0.021170001477003098 0.7247800230979919
14722 0.017880000174045563 0.6840400099754333
14723 0.027160001918673515 0.7058800458908081
14724 0.043000005185604095 0.7880200743675232
14725 0.04335000365972519 0.8123301267623901
14726 0.02784000150859356 0.7655900716781616
14727 0.037459999322891235 0.7275000214576721
14728 0.033149998635053635 0.6883699893951416
14729 0.04242999851703644 0.7106299996376038
14730 0.059150002896785736 0.7878499627113342
14731 0.06016000360250473 0.80951988697052
14732 0.04512999951839447 0.7668499946594238
14733 0.05318000540137291 0.7335800528526306
14734 0.04756000265479088 0.6946899890899658
14735 0.05814000219106674 0.7189499139785767
14736 0.06526999920606613 0.8355199098587036
14737 0.0790799930691719 0.8300300240516663
14738 0.14021001756191254 0.8726100325584412
14739 0.1611199975013733 0.8807200789451599
14740 0.07477999478578568 0.8081799149513245
14741 0.09046000242233276 0.8254600167274475
14742 0.07460000365972519 0.7915999889373779
14743 0.061410002410411835 0.7709599137306213
14744 0.06224000081419945 0.7027400732040405
14745 0.07543999701738358 0.7290400862693787
14746 0.07167000323534012 0.7457600235939026
14747 0.1406400054693222 0.8578100204467773
14748 0.1588899940252304 0.8647099137306213
14749 0.10621000081300735 0.838930070400238
14750 0.12286998331546783 0.8492199182510376
14751 0.08952999860048294 0.8015900254249573
14752 0.08698999881744385 0.8088599443435669
14753 0.07831999659538269 0.7808299660682678
14754 0.09777999669313431 0.8195199966430664
14755 0.10979999601840973 0.8264299631118774
14756 0.12432999163866043 0.8339800238609314
14757 0.09036999940872192 0.7515100836753845
14758 0.07574000209569931 0.7072500586509705
14759 0.1403599977493286 0.8416600227355957
14760 0.09797000139951706 0.8026099801063538
14761 0.12533999979496002 0.8172899484634399
14762 0.11343999207019806 0.7920399308204651
14763 0.09803999215364456 0.7799100279808044
14764 0.11023999005556107 0.8084801435470581
14765 0.08568000048398972 0.7752900123596191
14766 0.06560000032186508 0.7573400139808655
14767 0.04873000085353851 0.7490500807762146
14768 0.03255000337958336 0.7456200122833252
14769 0.07597000151872635 0.6113800406455994
14770 0.07993999868631363 0.5934900641441345
14771 0.08582000434398651 0.4892199635505676
14772 0.08301001042127609 0.5251299738883972
14773 0.07981999963521957 0.5074800848960876
14774 0.06776999682188034 0.6103400588035583
14775 0.0717099979519844 0.5927900671958923
14776 0.07665000110864639 0.48958995938301086
14777 0.07427000254392624 0.5240100026130676
14778 0.07081999629735947 0.5070800185203552
14779 0.058789998292922974 0.608250081539154
14780 0.06334999948740005 0.5914499759674072
14781 0.08104000240564346 0.5588600039482117
14782 0.07763999700546265 0.5413100123405457
14783 0.06913000345230103 0.5403299927711487
14784 0.07266999036073685 0.5576700568199158
14785 0.017319999635219574 0.4888799786567688
14786 0.024700000882148743 0.505340039730072
14787 0.017169998958706856 0.5213000178337097
14788 0.023819999769330025 0.6006399989128113
14789 0.01680999994277954 0.5831999778747559
14790 0.03200000151991844 0.48945000767707825
14791 0.0384799987077713 0.5061799883842468
14792 0.031540002673864365 0.5215100646018982
14793 0.030619997531175613 0.5849999785423279
14794 0.03677000105381012 0.6031000018119812
14795 0.05076999217271805 0.5067099928855896
14796 0.044429995119571686 0.5225400328636169
14797 0.045190002769231796 0.4900500178337097
14798 0.042899999767541885 0.5870599746704102
14799 0.04839999973773956 0.6055099964141846
14800 0.05566999688744545 0.523169994354248
14801 0.05682999640703201 0.4900300204753876
14802 0.06134999543428421 0.5069000124931335
14803 0.053849998861551285 0.5893200039863586
14804 0.06712999939918518 0.4899299740791321
14805 0.06537000089883804 0.5234499573707581
14806 0.06420999765396118 0.5568600296974182
14807 0.06011999398469925 0.5397999882698059
14808 0.054670002311468124 0.5557900071144104
14809 0.04980000481009483 0.5389999747276306
14810 0.037849996238946915 0.5378900170326233
14811 0.043619997799396515 0.5544300079345703
14812 0.024399997666478157 0.5368800163269043
14813 0.031080003827810287 0.553059995174408
14814 0.017010001465678215 0.5522599816322327
14815 0.07968000322580338 0.02222999930381775
14816 0.07234000414609909 0.01468999870121479
14817 0.07665999978780746 0.008070000447332859
14818 0.08323001116514206 0.014379999600350857
14819 0.06797999888658524 0.022860001772642136
14820 0.061459995806217194 0.014829999767243862
14821 0.06599999964237213 0.008070000447332859
14822 0.056230004876852036 0.023320002481341362
14823 0.049939997494220734 0.015040000900626183
14824 0.055720001459121704 0.008070000447332859
14825 0.04377000033855438 0.02370000071823597
14826 0.037300001829862595 0.01541999913752079
14827 0.04383999854326248 0.008070000447332859
14828 0.030709998682141304 0.02411000244319439
14829 0.024279998615384102 0.0157299991697073
14830 0.031369999051094055 0.008070000447332859
14831 0.01686999946832657 0.025120001286268234
14832 0.01795000024139881 0.008070000447332859
14833 0.09381000697612762 0.013620002195239067
14834 0.09672000259160995 0.008070000447332859
14835 0.10434998571872711 0.012350000441074371
14836 0.1015700027346611 0.018299998715519905
14837 0.0909699946641922 0.020829999819397926
14838 0.0865899994969368 0.008070000447332859
14839 0.1992499977350235 0.011389999650418758
14840 0.20398999750614166 0.008070000447332859
14841 0.2048100084066391 0.01512999925762415
14842 0.19308999180793762 0.016090000048279762
14843 0.18642999231815338 0.011639999225735664
14844 0.1936199963092804 0.008070000447332859
14845 0.17760001122951508 0.016750000417232513
14846 0.16930998861789703 0.012199998833239079
14847 0.1789100021123886 0.008070000447332859
14848 0.16001999378204346 0.01662999950349331
14849 0.1525299996137619 0.011869998648762703
14850 0.1608400046825409 0.008070000447332859
14851 0.14455999433994293 0.015579999424517155
14852 0.13824999332427979 0.011509999632835388
14853 0.14548000693321228 0.008070000447332859
14854 0.12634001672267914 0.011339999735355377
14855 0.13184000551700592 0.008070000447332859
14856 0.13204000890254974 0.014509999193251133
14857 0.12174999713897705 0.014629999175667763
14858 0.11549998819828033 0.011550000868737698
14859 0.12001000344753265 0.008070000447332859
14860 0.11189998686313629 0.015960000455379486
14861 0.10862000286579132 0.008070000447332859
14862 0.08640999346971512 0.044189997017383575
14863 0.09803000092506409 0.05260000005364418
14864 0.08385999500751495 0.05909999832510948
14865 0.08861999958753586 0.031150000169873238
14866 0.0762299969792366 0.033399999141693115
14867 0.07260999828577042 0.04699999466538429
14868 0.06814999133348465 0.06136000156402588
14869 0.06358999758958817 0.03443000093102455
14870 0.06266999989748001 0.07551000267267227
14871 0.052980002015829086 0.06196000427007675
14872 0.05855000019073486 0.0480399988591671
14873 0.05063999444246292 0.03500000014901161
14874 0.044679999351501465 0.04844000190496445
14875 0.03838000074028969 0.06254000216722488
14876 0.03734000027179718 0.03547999635338783
14877 0.03068000078201294 0.04904999956488609
14878 0.023819999769330025 0.0639600083231926
14879 0.02363000065088272 0.036260005086660385
14880 0.016459999606013298 0.050999999046325684
14881 0.16272999346256256 0.07817000150680542
14882 0.17138999700546265 0.08876001089811325
14883 0.14775000512599945 0.08540999889373779
14884 0.18651999533176422 0.07822000235319138
14885 0.19610999524593353 0.08507999777793884
14886 0.2090200036764145 0.07203999906778336
14887 0.1268099993467331 0.07474999874830246
14888 0.14101000130176544 0.07171999663114548
14889 0.11053000390529633 0.057760000228881836
14890 0.12318999320268631 0.059630002826452255
14891 0.1313599944114685 0.04699999466538429
14892 0.13553999364376068 0.05869999900460243
14893 0.1205499917268753 0.046629998832941055
14894 0.19940999150276184 0.06684999912977219
14895 0.20946000516414642 0.055180005729198456
14896 0.17709001898765564 0.0698700025677681
14897 0.19012999534606934 0.06036000698804855
14898 0.16812001168727875 0.06053999811410904
14899 0.15477000176906586 0.06690999865531921
14900 0.1478400081396103 0.05566999688744545
14901 0.109669990837574 0.04400999844074249
14902 0.1094600036740303 0.03245000168681145
14903 0.1189500018954277 0.03562000021338463
14904 0.10999000072479248 0.02290000021457672
14905 0.09992999583482742 0.02728000096976757
14906 0.09888000041246414 0.03889999911189079
14907 0.15328000485897064 0.041909996420145035
14908 0.16008000075817108 0.0509600006043911
14909 0.1422100067138672 0.04535999894142151
14910 0.18105000257492065 0.052859995514154434
14911 0.17246998846530914 0.04487999901175499
14912 0.20071998238563538 0.05009999871253967
14913 0.19210001826286316 0.04402000084519386
14914 0.12626999616622925 0.02847999706864357
14915 0.12828999757766724 0.03685000166296959
14916 0.11834000796079636 0.02662000060081482
14917 0.13766001164913177 0.03604999557137489
14918 0.20851996541023254 0.04010000452399254
14919 0.20052000880241394 0.034929994493722916
14920 0.2065800130367279 0.02652999944984913
14921 0.19967998564243317 0.021320000290870667
14922 0.19279001653194427 0.028999999165534973
14923 0.18374000489711761 0.03725000098347664
14924 0.185279980301857 0.02264000102877617
14925 0.164560005068779 0.03672999516129494
14926 0.17559000849723816 0.030070003122091293
14927 0.16771000623703003 0.02297000214457512
14928 0.14732001721858978 0.0333000011742115
14929 0.1574299931526184 0.02882000431418419
14930 0.15084999799728394 0.02152000181376934
14931 0.13406001031398773 0.02816000208258629
14932 0.14214001595973969 0.025669995695352554
14933 0.13725000619888306 0.0193099994212389
14934 0.12547999620437622 0.022120000794529915
14935 0.1311500072479248 0.022019999101758003
14936 0.12732000648975372 0.017829999327659607
14937 0.11905999481678009 0.01954999752342701
14938 0.02483999915421009 0.6674099564552307
14939 0.03906000033020973 0.672569990158081
14940 0.05225000157952309 0.678619921207428
14941 0.06537999957799911 0.6846199631690979
14942 0.07626999169588089 0.6868600249290466
14943 0.08560001105070114 0.6874499917030334
14944 0.024080000817775726 0.56809002161026
14945 0.037209998816251755 0.5697100162506104
14946 0.04888000339269638 0.5713899731636047
14947 0.05913000553846359 0.5732700228691101
14948 0.06793999671936035 0.5745200514793396
14949 0.07610999792814255 0.5755000114440918
14950 0.08877000212669373 0.4465000331401825
14951 0.08279000967741013 0.46922996640205383
14952 0.07932000607252121 0.45052000880241394
14953 0.0731000006198883 0.47091004252433777
14954 0.06876000016927719 0.4534199833869934
14955 0.06282000988721848 0.4720499813556671
14956 0.051620002835989 0.4726400077342987
14957 0.05733000487089157 0.4549400210380554
14958 0.038989994674921036 0.4728100001811981
14959 0.04503000155091286 0.4558899700641632
14960 0.024969998747110367 0.4718199372291565
14961 0.031529996544122696 0.45592001080513
14962 0.01689000241458416 0.45486000180244446
14963 0.024069998413324356 0.438679963350296
14964 0.038109999150037766 0.4390900135040283
14965 0.05113000050187111 0.4381099343299866
14966 0.06333000212907791 0.436320036649704
14967 0.07494000345468521 0.433059960603714
14968 0.08585000038146973 0.4289099872112274
14969 0.28633999824523926 0.021119998767971992
14970 0.28067997097969055 0.013779998756945133
14971 0.2889400124549866 0.008070000447332859
14972 0.29572999477386475 0.014329999685287476
14973 0.2787100076675415 0.04012000188231468
14974 0.27674004435539246 0.02865999937057495
14975 0.29058000445365906 0.031619999557733536
14976 0.2639699876308441 0.05970000475645065
14977 0.2671000063419342 0.04633000120520592
14978 0.27786996960639954 0.054089996963739395
14979 0.2515299618244171 0.06277000159025192
14980 0.2565999925136566 0.07530000060796738
14981 0.2718699872493744 0.2919600009918213
14982 0.23321999609470367 0.33664000034332275
14983 0.2442300170660019 0.31092000007629395
14984 0.35874998569488525 0.21956001222133636
14985 0.38885000348091125 0.21342001855373383
14986 0.32708001136779785 0.24766996502876282
14987 0.17344999313354492 0.27507999539375305
14988 0.17815998196601868 0.2895500361919403
14989 0.15499000251293182 0.31303998827934265
14990 0.26058998703956604 0.25014999508857727
14991 0.2603900134563446 0.26677000522613525
14992 0.23057998716831207 0.29100000858306885
14993 0.23120999336242676 0.27340999245643616
14994 0.2101999819278717 0.2086700052022934
14995 0.21657000482082367 0.21969999372959137
14996 0.1916400045156479 0.24028001725673676
14997 0.3115899860858917 0.18446999788284302
14998 0.3191399872303009 0.19517001509666443
14999 0.2896000146865845 0.21571996808052063
15000 0.28383997082710266 0.20413997769355774
15001 0.25460001826286316 0.22352001070976257
15002 0.24950002133846283 0.21180999279022217
15003 0.2776699960231781 0.19276000559329987
15004 0.38916996121406555 0.16333000361919403
15005 0.4061400294303894 0.1710599809885025
15006 0.3742699921131134 0.19103001058101654
15007 0.35888001322746277 0.1835400015115738
15008 0.42586997151374817 0.17768000066280365
15009 0.43283993005752563 0.15261000394821167
15010 0.4518199563026428 0.16116000711917877
15011 0.2642900049686432 0.11426001042127609
15012 0.2788099944591522 0.1216999962925911
15013 0.24980999529361725 0.147939994931221
15014 0.32523998618125916 0.14108000695705414
15015 0.2987000048160553 0.16161000728607178
15016 0.29203999042510986 0.14883999526500702
15017 0.31944000720977783 0.1270899921655655
15018 0.2577899992465973 0.1584399938583374
15019 0.23034000396728516 0.17919999361038208
15020 0.23726999759674072 0.18987999856472015
15021 0.3050599992275238 0.17350000143051147
15022 0.27138999104499817 0.1814900040626526
15023 0.37540003657341003 0.1544100046157837
15024 0.4026499390602112 0.1360899955034256
15025 0.41666004061698914 0.14452999830245972
15026 0.4577300250530243 0.13663999736309052
15027 0.4413599967956543 0.1279200166463852
15028 0.3384000062942505 0.1647299975156784
15029 0.33122000098228455 0.15369999408721924
15030 0.4193899929523468 0.19787000119686127
15031 0.4461199939250946 0.20101000368595123
15032 0.20680999755859375 0.2982900142669678
15033 0.20538999140262604 0.28189995884895325
15034 0.22993001341819763 0.25791001319885254
15035 0.2894499599933624 0.2636699974536896
15036 0.4728699326515198 0.18877997994422913
15037 0.47437000274658203 0.16971001029014587
15038 0.476639986038208 0.14600999653339386
15039 0.48023003339767456 0.12223999947309494
15040 0.3573000133037567 0.13436998426914215
15041 0.35158997774124146 0.12125001847743988
15042 0.46303004026412964 0.1128000020980835
15043 0.48247000575065613 0.09907999634742737
15044 0.44760996103286743 0.10404999554157257
15045 0.4267100691795349 0.11952000111341476
15046 0.4140700697898865 0.1098799854516983
15047 0.39079999923706055 0.12660999596118927
15048 0.3140000104904175 0.11184000223875046
15049 0.34084999561309814 0.09035999327898026
15050 0.346420019865036 0.10627998411655426
15051 0.4343400001525879 0.09464000910520554
15052 0.403840035200119 0.0979899913072586
15053 0.42350003123283386 0.08196999877691269
15054 0.4529300034046173 0.08011999726295471
15055 0.46661999821662903 0.08967000246047974
15056 0.4835900664329529 0.07613000273704529
15057 0.3701300323009491 0.08686000108718872
15058 0.3756599724292755 0.1019200012087822
15059 0.4479300379753113 0.1837799847126007
15060 0.39465999603271484 0.1950100064277649
15061 0.33809998631477356 0.2169499695301056
15062 0.2943899929523468 0.22840000689029694
15063 0.2581599950790405 0.2359900176525116
15064 0.22623001039028168 0.24345996975898743
15065 0.19732999801635742 0.2526499927043915
15066 0.3044399917125702 0.9757199883460999
15067 0.3590100109577179 0.9854201078414917
15068 0.39705997705459595 0.9714699387550354
15069 0.4621400237083435 0.9701600074768066
15070 0.3389599621295929 0.9663600325584412
15071 0.29173997044563293 0.9561100006103516
15072 0.40786001086235046 0.9569200873374939
15073 0.36031001806259155 0.9548100829124451
15074 0.19985999166965485 0.8119500875473022
15075 0.20054003596305847 0.8245500326156616
15076 0.1836400032043457 0.8109101057052612
15077 0.18261002004146576 0.7983599305152893
15078 0.16595999896526337 0.7842999696731567
15079 0.1652200073003769 0.7702100276947021
15080 0.18166998028755188 0.7843800187110901
15081 0.22658000886440277 0.31057000160217285
15082 0.2043599933385849 0.33329999446868896
15083 0.20632001757621765 0.3155499994754791
15084 0.18387998640537262 0.33901000022888184
15085 0.1833299994468689 0.322409987449646
15086 0.15776000916957855 0.3299599885940552
15087 0.13627000153064728 0.3552100360393524
15088 0.18443000316619873 0.8218098878860474
15089 0.16708001494407654 0.7977100014686584
15090 0.13334999978542328 0.7407299280166626
15091 0.149959996342659 0.7564700841903687
15092 0.15008999407291412 0.7702999711036682
15093 0.18097998201847076 0.7705199718475342
15094 0.19723999500274658 0.7836999893188477
15095 0.19851002097129822 0.7979899644851685
15096 0.21705998480319977 0.8250699639320374
15097 0.21538998186588287 0.8111700415611267
15098 0.4477899670600891 0.9523000121116638
15099 0.4038800597190857 0.941629946231842
15100 0.4350300133228302 0.9371399879455566
15101 0.4773299992084503 0.9428900480270386
15102 0.16505999863147736 0.7569399476051331
15103 0.14928998053073883 0.7416600584983826
15104 0.26205000281333923 0.09126999974250793
15105 0.28279998898506165 0.08723999559879303
15106 0.46060997247695923 0.929590106010437
15107 0.4818899929523468 0.9206900000572205
15108 0.44714000821113586 0.9177199602127075
15109 0.4239700138568878 0.9241399765014648
15110 0.230819970369339 0.8098400831222534
15111 0.23332999646663666 0.8246399164199829
15112 0.21354998648166656 0.7964500784873962
15113 0.1964000165462494 0.769860029220581
15114 0.21195003390312195 0.7816900610923767
15115 0.227960005402565 0.7932800650596619
15116 0.21090999245643616 0.767099916934967
15117 0.24955999851226807 0.8216699957847595
15118 0.46706002950668335 0.9100800156593323
15119 0.43563002347946167 0.9064599275588989
15120 0.18086999654769897 0.7573999762535095
15121 0.165910005569458 0.7439799904823303
15122 0.1958400011062622 0.7559900283813477
15123 0.18127000331878662 0.7441200613975525
15124 0.19588997960090637 0.7419900298118591
15125 0.4860999882221222 0.052219994366168976
15126 0.4702300429344177 0.06604000180959702
15127 0.43320995569229126 0.054510001093149185
15128 0.4421100318431854 0.06852000206708908
15129 0.41585996747016907 0.0687900111079216
15130 0.45910000801086426 0.053999997675418854
15131 0.3645699620246887 0.07103999704122543
15132 0.38373997807502747 0.05333999544382095
15133 0.3912400007247925 0.06981000304222107
15134 0.35747000575065613 0.053290002048015594
15135 0.33621999621391296 0.07204999774694443
15136 0.2910900115966797 0.06247999891638756
15137 0.31000998616218567 0.050179995596408844
15138 0.3086400032043457 0.07259000092744827
15139 0.3736700415611267 0.03822999820113182
15140 0.3491699993610382 0.03740999475121498
15141 0.3627700209617615 0.025099996477365494
15142 0.3993699848651886 0.03894999995827675
15143 0.3874399960041046 0.025620000436902046
15144 0.4486100375652313 0.04029000177979469
15145 0.4236900210380554 0.04025999829173088
15146 0.437360018491745 0.027459997683763504
15147 0.47425001859664917 0.03939000144600868
15148 0.4625900089740753 0.02696000039577484
15149 0.4880099594593048 0.026360001415014267
15150 0.43726998567581177 0.008030000142753124
15151 0.4501800239086151 0.017010001465678215
15152 0.4250200092792511 0.01728999800980091
15153 0.4627299904823303 0.008080000057816505
15154 0.47560998797416687 0.016729997470974922
15155 0.4879100024700165 0.008030000142753124
15156 0.38694000244140625 0.008070000447332859
15157 0.4000399708747864 0.01647000014781952
15158 0.37512996792793274 0.015850000083446503
15159 0.2927100360393524 0.045159999281167984
15160 0.30204999446868896 0.02239999920129776
15161 0.30709001421928406 0.034119997173547745
15162 0.3200500011444092 0.023250000551342964
15163 0.32662999629974365 0.03601999953389168
15164 0.3053700029850006 0.008070000447332859
15165 0.31279996037483215 0.014770000241696835
15166 0.3234800100326538 0.008070000447332859
15167 0.33149001002311707 0.015139998868107796
15168 0.3631100058555603 0.008070000447332859
15169 0.3520300090312958 0.015780000016093254
15170 0.27281999588012695 0.07035999745130539
15171 0.25641000270843506 0.8812399506568909
15172 0.2537899911403656 0.8899000883102417
15173 0.23027001321315765 0.8785300254821777
15174 0.23408998548984528 0.8708500266075134
15175 0.21764996647834778 0.8381699919700623
15176 0.21658001840114594 0.8499199151992798
15177 0.19965001940727234 0.8360499739646912
15178 0.2353300005197525 0.8374099731445312
15179 0.23635002970695496 0.8500699996948242
15180 0.2805599868297577 0.8785600066184998
15181 0.28095003962516785 0.8890699744224548
15182 0.25751999020576477 0.8710499405860901
15183 0.2525700032711029 0.8357099890708923
15184 0.2551800012588501 0.8478599190711975
15185 0.27237001061439514 0.8432399034500122
15186 0.3001199960708618 0.8727899193763733
15187 0.3036699593067169 0.8838099837303162
15188 0.27858999371528625 0.8673500418663025
15189 0.3215000331401825 0.8756600022315979
15190 0.29624998569488525 0.8610500693321228
15191 0.2756800353527069 0.855650007724762
15192 0.25707003474235535 0.8597201108932495
15193 0.23588000237941742 0.8615099191665649
15194 0.21416999399662018 0.8587599396705627
15195 0.3628599941730499 0.9172300696372986
15196 0.3660300076007843 0.9285699129104614
15197 0.33305999636650085 0.9269899725914001
15198 0.33445999026298523 0.9167900085449219
15199 0.3676600158214569 0.9422198534011841
15200 0.3966600298881531 0.9280099868774414
15201 0.38999003171920776 0.9160199761390686
15202 0.41433998942375183 0.9122700095176697
15203 0.4054400324821472 0.9014700651168823
15204 0.38324999809265137 0.9050899147987366
15205 0.35933998227119446 0.906700074672699
15206 0.376630038022995 0.8946300148963928
15207 0.24880000948905945 0.8967599868774414
15208 0.27988001704216003 0.8985300064086914
15209 0.2764500081539154 0.9066900610923767
15210 0.22345998883247375 0.8843499422073364
15211 0.23937000334262848 0.9014400839805603
15212 0.30630001425743103 0.8941401243209839
15213 0.3070499897003174 0.9041100144386292
15214 0.3266499936580658 0.8861599564552307
15215 0.3310599625110626 0.896399974822998
15216 0.3488900363445282 0.8859800696372986
15217 0.35464000701904297 0.896369993686676
15218 0.3337700068950653 0.9065499901771545
15219 0.3051300048828125 0.9135299324989319
15220 0.20956002175807953 0.8651599884033203
15221 0.19676998257637024 0.8446599245071411
15222 0.3279300034046173 0.9379000067710876
15223 0.28881001472473145 0.9297099709510803
15224 0.29955002665519714 0.9221700429916382
15225 0.31446000933647156 0.9476099610328674
15226 0.2683599889278412 0.9134398698806763
15227 0.2736999988555908 0.9368000030517578
15228 0.2558000087738037 0.9185299873352051
15229 0.18251000344753265 0.7307700514793396
15230 0.18411001563072205 0.7178300619125366
15231 0.11766999959945679 0.7024199962615967
15232 0.13296999037265778 0.7221699357032776
15233 0.15127001702785492 0.7277599573135376
15234 0.13634000718593597 0.7075900435447693
15235 0.16778001189231873 0.7309099435806274
15236 0.15485000610351562 0.7158099412918091
15237 0.17024999856948853 0.7186099290847778
15238 0.14271999895572662 0.6988800764083862
15239 0.12488000839948654 0.6837700605392456
15240 0.1327500194311142 0.6804699897766113
15241 0.1726199984550476 0.7070099115371704
15242 0.17457999289035797 0.6954799294471741
15243 0.1587900072336197 0.7054800391197205
15244 0.16216999292373657 0.6954899430274963
15245 0.14817999303340912 0.6911400556564331
15246 0.11973000317811966 0.4008999466896057
15247 0.1371999979019165 0.3748900294303894
15248 0.18512000143527985 0.3547300100326538
15249 0.16771000623703003 0.3768799602985382
15250 0.1630699783563614 0.3639800250530243
15251 0.20151998102664948 0.3511100113391876
15252 0.18560999631881714 0.36987999081611633
15253 0.18483997881412506 0.3848400115966797
15254 0.17294000089168549 0.4007200598716736
15255 0.17076002061367035 0.3885200023651123
15256 0.2091599851846695 0.3744699954986572
15257 0.21429000794887543 0.35294002294540405
15258 0.1586800068616867 0.40796998143196106
15259 0.15171001851558685 0.3997099697589874
15260 0.19300998747348785 0.40442997217178345
15261 0.19568000733852386 0.38712000846862793
15262 0.09825000166893005 0.6268600821495056
15263 0.1041799932718277 0.6413699984550476
15264 0.10443998873233795 0.6628199219703674
15265 0.11111999303102493 0.6533599495887756
15266 0.10530000180006027 0.6223499774932861
15267 0.11023999005556107 0.6336299777030945
15268 0.1036200001835823 0.49112004041671753
15269 0.10540001094341278 0.511929988861084
15270 0.10041999816894531 0.529259979724884
15271 0.09702000021934509 0.5949900150299072
15272 0.10090000182390213 0.6097599864006042
15273 0.10394000262022018 0.5941299796104431
15274 0.10705000162124634 0.6058899760246277
15275 0.10307000577449799 0.5475599765777588
15276 0.09850000590085983 0.5629400610923767
15277 0.10509999096393585 0.5643600821495056
15278 0.10691999644041061 0.5310099720954895
15279 0.10820000618696213 0.5481399893760681
15280 0.11048000305891037 0.4932599663734436
15281 0.11062000691890717 0.5134900212287903
15282 0.26568999886512756 0.012640000320971012
15283 0.27320000529289246 0.008070000447332859
15284 0.271990031003952 0.019290000200271606
15285 0.2581700086593628 0.01769999973475933
15286 0.25174999237060547 0.011989999562501907
15287 0.2586199939250946 0.008070000447332859
15288 0.24467001855373383 0.015629999339580536
15289 0.2383899837732315 0.010909998789429665
15290 0.24487000703811646 0.008070000447332859
15291 0.22649000585079193 0.010169998742640018
15292 0.2317499965429306 0.008070000447332859
15293 0.2324099838733673 0.013109998777508736
15294 0.22051000595092773 0.008070000447332859
15295 0.22255001962184906 0.012589999474585056
15296 0.26339998841285706 0.025419998914003372
15297 0.26669999957084656 0.03482000157237053
15298 0.25499001145362854 0.031289998441934586
15299 0.25016000866889954 0.023479999974370003
15300 0.2576000392436981 0.03887000307440758
15301 0.25619998574256897 0.049550000578165054
15302 0.24583998322486877 0.05044000595808029
15303 0.24962998926639557 0.03911000117659569
15304 0.2403700202703476 0.03791999816894531
15305 0.23195001482963562 0.02751999907195568
15306 0.24097000062465668 0.027140002697706223
15307 0.23755000531673431 0.018639998510479927
15308 0.22777999937534332 0.015569999814033508
15309 0.23113000392913818 0.020250000059604645
15310 0.22551000118255615 0.019530000165104866
15311 0.11467999964952469 0.6777600646018982
15312 0.1187099888920784 0.6604599952697754
15313 0.10127998888492584 0.5795800089836121
15314 0.10691999644041061 0.5799400210380554
15315 0.11049000918865204 0.4713199734687805
15316 0.11821001023054123 0.45416998863220215
15317 0.11613000184297562 0.4754300117492676
15318 0.10961998999118805 0.44703003764152527
15319 0.11959999799728394 0.42708995938301086
15320 0.13147999346256256 0.4194299876689911
15321 0.12616999447345734 0.4451499581336975
15322 0.34205999970436096 0.008070000447332859
15323 0.340179979801178 0.02418999746441841
15324 0.3321000039577484 0.05305999889969826
15325 0.3085300028324127 0.09508001059293747
15326 0.28571999073028564 0.1353899985551834
15327 0.2647700011730194 0.16999998688697815
15328 0.24358999729156494 0.20058000087738037
15329 0.22224999964237213 0.2312600314617157
15330 0.20181000232696533 0.26645997166633606
15331 0.18147002160549164 0.30553004145622253
15332 0.15964998304843903 0.34775999188423157
15333 0.1428299993276596 0.39031001925468445
15334 0.14202000200748444 0.4224199950695038
15335 0.19900000095367432 0.36921998858451843
15336 0.18396998941898346 0.3997800052165985
15337 0.2209000289440155 0.33164000511169434
15338 0.2539600133895874 0.28679001331329346
15339 0.2981100082397461 0.24315999448299408
15340 0.3275800049304962 0.2058899700641632
15341 0.347320020198822 0.17427001893520355
15342 0.3650300204753876 0.14507998526096344
15343 0.38201001286506653 0.11535000056028366
15344 0.3968300223350525 0.08406999707221985
15345 0.4087500274181366 0.05395999923348427
15346 0.41266006231307983 0.026969999074935913
15347 0.412090003490448 0.008070000447332859
15348 0.18300999701023102 0.4137599766254425
15349 0.1736699938774109 0.4125500023365021
15350 0.16234000027179718 0.41638997197151184
15351 0.1482899934053421 0.42555999755859375
15352 0.13638000190258026 0.43891000747680664
15353 0.13141000270843506 0.4461100101470947
15354 0.12216998636722565 0.4632900059223175
15355 0.11591000109910965 0.4873400032520294
15356 0.11356998980045319 0.5017899870872498
15357 0.11110001057386398 0.5317299962043762
15358 0.10992999374866486 0.559220016002655
15359 0.10956000536680222 0.5719500184059143
15360 0.10904000699520111 0.592519998550415
15361 0.11005999147891998 0.611329972743988
15362 0.11122000217437744 0.6211000084877014
15363 0.11580000817775726 0.6418700218200684
15364 0.12585999071598053 0.661870002746582
15365 0.13901998102664948 0.6757899522781372
15366 0.1526000052690506 0.6832600235939026
15367 0.164900004863739 0.6849799752235413
15368 0.016759999096393585 0.08073999732732773
15369 0.017270000651478767 0.11255000531673431
15370 0.019099997356534004 0.1414799839258194
15371 0.021159999072551727 0.17173001170158386
15372 0.06633000820875168 0.10255001485347748
15373 0.7424200177192688 0.3921400010585785
15374 0.7412599921226501 0.35644999146461487
15375 0.6967399716377258 0.745930016040802
15376 0.7062900066375732 0.7585300207138062
15377 0.7136800289154053 0.7281699776649475
15378 0.7237499952316284 0.7384999990463257
15379 0.7381899952888489 0.4254699945449829
15380 0.6870099902153015 0.7343000173568726
15381 0.7037500143051147 0.7183099985122681
15382 0.5101600289344788 0.8105499744415283
15383 0.7318199872970581 0.456959992647171
15384 0.7244799733161926 0.48638999462127686
15385 0.5296099781990051 0.7922800183296204
15386 0.5096700191497803 0.7757599949836731
15387 0.5098699927330017 0.7923499941825867
15388 0.7275300025939941 0.7095000147819519
15389 0.7378699779510498 0.7176100015640259
15390 0.7177500128746033 0.7014999985694885
15391 0.5306800007820129 0.8102200031280518
15392 0.5286300182342529 0.7758299708366394
15393 0.5114799737930298 0.8545500040054321
15394 0.5321199893951416 0.831089973449707
15395 0.5106199979782104 0.8316100239753723
15396 0.7156599760055542 0.7712299823760986
15397 0.7340899705886841 0.7487999796867371
15398 0.7406399846076965 0.5096200108528137
15399 0.7595700025558472 0.5305799841880798
15400 0.7486299872398376 0.726069986820221
15401 0.5345699787139893 0.8536099791526794
15402 0.7445600032806396 0.7585399746894836
15403 0.6688899993896484 0.748170018196106
15404 0.725130021572113 0.7827799916267395
15405 0.6779199838638306 0.7613199949264526
15406 0.6505699753761292 0.7587800025939941
15407 0.6307399868965149 0.7668899893760681
15408 0.6579800248146057 0.7732899785041809
15409 0.6362800002098083 0.7823299765586853
15410 0.5700600147247314 0.7914599776268005
15411 0.5494099855422974 0.7919700145721436
15412 0.572700023651123 0.8087700009346008
15413 0.5513499975204468 0.8095399737358093
15414 0.567359983921051 0.7752799987792969
15415 0.6177700161933899 0.8043400049209595
15416 0.547730028629303 0.77565997838974
15417 0.6136000156402588 0.7882099747657776
15418 0.6092399954795837 0.7725300192832947
15419 0.5877000093460083 0.7748900055885315
15420 0.5913100242614746 0.7907699942588806
15421 0.5946199893951416 0.8073599934577942
15422 0.7547799944877625 0.5939099788665771
15423 0.7562000155448914 0.5634300112724304
15424 0.776669979095459 0.5440300107002258
15425 0.7696899771690369 0.5982499718666077
15426 0.7730399966239929 0.5713199973106384
15427 0.7831500172615051 0.6036400198936462
15428 0.7485299706459045 0.47767001390457153
15429 0.5144799947738647 0.8932499885559082
15430 0.5428400039672852 0.890720009803772
15431 0.5127800107002258 0.8749600052833557
15432 0.5382699966430664 0.8734099864959717
15433 0.7676799893379211 0.7745699882507324
15434 0.7555699944496155 0.767300009727478
15435 0.7476300001144409 0.8014799952507019
15436 0.7355200052261353 0.7926099896430969
15437 0.759630024433136 0.7346600294113159
15438 0.7710000276565552 0.7428600192070007
15439 0.78329998254776 0.7497100234031677
15440 0.6223599910736084 0.8206700086593628
15441 0.5539399981498718 0.8298100233078003
15442 0.5761100053787231 0.8278099894523621
15443 0.5578699707984924 0.8513500094413757
15444 0.598770022392273 0.8247699737548828
15445 0.5813400149345398 0.8476200103759766
15446 0.5636500120162964 0.8701000213623047
15447 0.5884900093078613 0.8665000200271606
15448 0.6049699783325195 0.842769980430603
15449 0.6133599877357483 0.8606200218200684
15450 0.570580005645752 0.8874499797821045
15451 0.6649600267410278 0.7886000275611877
15452 0.6866599917411804 0.7754300236701965
15453 0.6947000026702881 0.7897400259971619
15454 0.7025899887084961 0.8027999997138977
15455 0.6520400047302246 0.8301200270652771
15456 0.6460000276565552 0.8144999742507935
15457 0.6414499878883362 0.7984700202941895
15458 0.6712700128555298 0.8037800192832947
15459 0.7121000289916992 0.8141800165176392
15460 0.6628599762916565 0.8451099991798401
15461 0.6288599967956543 0.8373500108718872
15462 0.6382499933242798 0.8540400266647339
15463 0.6779400110244751 0.8184400200843811
15464 0.6871299743652344 0.8321499824523926
15465 0.724590003490448 0.8236500024795532
15466 0.65038001537323 0.8690400123596191
15467 0.6759600043296814 0.8585100173950195
15468 0.7002699971199036 0.8437899947166443
15469 0.59757000207901 0.8835300207138062
15470 0.624019980430603 0.876800000667572
15471 0.7289999723434448 0.6830499768257141
15472 0.7391499876976013 0.6896299719810486
15473 0.7500699758529663 0.6965000033378601
15474 0.7616000175476074 0.703790009021759
15475 0.7487599849700928 0.6686599850654602
15476 0.7375500202178955 0.6630499958992004
15477 0.7607600092887878 0.6747199892997742
15478 0.7646200060844421 0.6231799721717834
15479 0.7506800293922424 0.6192799806594849
15480 0.778249979019165 0.6276299953460693
15481 0.7732499837875366 0.7115700244903564
15482 0.7734400033950806 0.6812199950218201
15483 0.785830020904541 0.6888599991798401
15484 0.7849000096321106 0.7192599773406982
15485 0.7974200248718262 0.6966999769210815
15486 0.7968299984931946 0.7255899906158447
15487 0.8088200092315674 0.7029799818992615
15488 0.7446399927139282 0.6418700218200684
15489 0.7572600245475769 0.6464499831199646
15490 0.7705000042915344 0.6513400077819824
15491 0.7847700119018555 0.656790018081665
15492 0.797980010509491 0.6657299995422363
15493 0.8187400102615356 0.6565700173377991
15494 0.8267999887466431 0.6618800163269043
15495 0.8357999920845032 0.6649600267410278
15496 0.8460500240325928 0.6652500033378601
15497 0.7668700218200684 0.4991700053215027
15498 0.7930999994277954 0.5319899916648865
15499 0.7819799780845642 0.5175300240516663
15500 0.7898600101470947 0.49307000637054443
15501 0.7982000112533569 0.5121099948883057
15502 0.7952600121498108 0.6088700294494629
15503 0.7920600175857544 0.6319500207901001
15504 0.7902399897575378 0.5546299815177917
15505 0.7872300148010254 0.5788999795913696
15506 0.7986299991607666 0.5876200199127197
15507 0.7563999891281128 0.4478600025177002
15508 0.767520010471344 0.39107999205589294
15509 0.7627300024032593 0.418720006942749
15510 0.7816299796104431 0.4438599944114685
15511 0.7754499912261963 0.4700399935245514
15512 0.7864000201225281 0.4196400046348572
15513 0.8488500118255615 0.43619000911712646
15514 0.8661100268363953 0.4567599892616272
15515 0.886389970779419 0.5459700226783752
15516 0.8855500221252441 0.5198699831962585
15517 0.8871999979019165 0.5669100284576416
15518 0.8570700287818909 0.6614699959754944
15519 0.8679400086402893 0.6525300145149231
15520 0.8833900094032288 0.6244300007820129
15521 0.8869699835777283 0.5987899899482727
15522 0.8772799968719482 0.6393899917602539
15523 0.8860599994659424 0.6111900210380554
15524 0.8873199820518494 0.5838199853897095
15525 0.8781399726867676 0.4791199862957001
15526 0.871969997882843 0.46678000688552856
15527 0.8832700252532959 0.4963499903678894
15528 0.8591899871826172 0.4456999897956848
15529 0.7922499775886536 0.40171998739242554
15530 0.7724499702453613 0.3694399893283844
15531 0.7408400177955627 0.32861998677253723
15532 0.693809986114502 0.2824299931526184
15533 0.6373500227928162 0.24191999435424805
15534 0.5804100036621094 0.21836000680923462
15535 0.5285000205039978 0.20913000404834747
15536 0.8407899737358093 0.5088499784469604
15537 0.8560799956321716 0.5892599821090698
15538 0.8408700227737427 0.6198700070381165
15539 0.8451399803161621 0.6218400001525879
15540 0.8495699763298035 0.6216800212860107
15541 0.8535299897193909 0.6200000047683716
15542 0.8648099899291992 0.6100599765777588
15543 0.8632599711418152 0.6088799834251404
15544 0.8572400212287903 0.6175900101661682
15545 0.8375899791717529 0.615119993686676
15546 0.838670015335083 0.5688899755477905
15547 0.8356000185012817 0.6070399880409241
15548 0.8342800140380859 0.5978400111198425
15549 0.8329300284385681 0.58051997423172
15550 0.8354200124740601 0.5686399936676025
15551 0.8375099897384644 0.5608800053596497
15552 0.8238800168037415 0.4875600039958954
15553 0.8296599984169006 0.4943400025367737
15554 0.8351899981498718 0.5015199780464172
15555 0.8232399821281433 0.49825000762939453
15556 0.8334900140762329 0.5081999897956848
15557 0.8286499977111816 0.503059983253479
15558 0.8286899924278259 0.6422299742698669
15559 0.8351399898529053 0.6451600193977356
15560 0.8430399894714355 0.6473699808120728
15561 0.8387799859046936 0.5652899742126465
15562 0.8371800184249878 0.5694299936294556
15563 0.8362299799919128 0.5776200294494629
15564 0.8377699851989746 0.5920400023460388
15565 0.8385599851608276 0.6004700064659119
15566 0.8398399949073792 0.6083499789237976
15567 0.8420699834823608 0.613510012626648
15568 0.8454399704933167 0.6163300275802612
15569 0.8493000268936157 0.6172199845314026
15570 0.8528599739074707 0.6164699792861938
15571 0.8561099767684937 0.614870011806488
15572 0.8616200089454651 0.6077899932861328
15573 0.8573499917984009 0.5628499984741211
15574 0.8579999804496765 0.5730400085449219
15575 0.8370500206947327 0.49441999197006226
15576 0.8427900075912476 0.5037599802017212
15577 0.8487300276756287 0.4915499985218048
15578 0.8466699719429016 0.4949699938297272
15579 0.8551300168037415 0.5056999921798706
15580 0.8526800274848938 0.5080999732017517
15581 0.8257099986076355 0.47791001200675964
15582 0.8313199877738953 0.48576998710632324
15583 0.8410300016403198 0.48335000872612
15584 0.8482599854469299 0.5139200091362
15585 0.8590199947357178 0.5504699945449829
15586 0.8603399991989136 0.5628600120544434
15587 0.8615999817848206 0.5910500288009644
15588 0.8654999732971191 0.5919399857521057
15589 0.8609600067138672 0.5731300115585327
15590 0.8636900186538696 0.591729998588562
15591 0.8642100095748901 0.5499699711799622
15592 0.865369975566864 0.5725799798965454
15593 0.8651599884033203 0.5620800256729126
15594 0.8633000254631042 0.5729299783706665
15595 0.8629299998283386 0.5626000165939331
15596 0.861840009689331 0.5503399968147278
15597 0.8504199981689453 0.5109099745750427
15598 0.8447499871253967 0.4991599917411804
15599 0.8390700221061707 0.488319993019104
15600 0.833549976348877 0.47874999046325684
15601 0.8663700222969055 0.5492299795150757
15602 0.8674399852752686 0.5722699761390686
15603 0.8674299716949463 0.5923799872398376
15604 0.8672699928283691 0.5614200234413147
15605 0.8206800222396851 0.4711900055408478
15606 0.8154399991035461 0.5490900278091431
15607 0.8087499737739563 0.5498600006103516
15608 0.8127899765968323 0.5256500244140625
15609 0.8115800023078918 0.545960009098053
15610 0.8110799789428711 0.5353900194168091
15611 0.815850019454956 0.5414000153541565
15612 0.8164100050926208 0.5332900285720825
15613 0.8080800175666809 0.5612000226974487
15614 0.8344399929046631 0.558139979839325
15615 0.8202199935913086 0.540149986743927
15616 0.8073099851608276 0.5947700142860413
15617 0.8086100220680237 0.5724300146102905
15618 0.8283100128173828 0.470550000667572
15619 0.8268100023269653 0.45767998695373535
15620 0.823390007019043 0.4633600115776062
15621 0.8303999900817871 0.45370998978614807
15622 0.8127300143241882 0.554830014705658
15623 0.8156999945640564 0.5565199851989746
15624 0.8197500109672546 0.5481799840927124
15625 0.8179500102996826 0.5543400049209595
15626 0.8212000131607056 0.5709999799728394
15627 0.8130000233650208 0.5639700293540955
15628 0.8164299726486206 0.5646100044250488
15629 0.8133400082588196 0.5740900039672852
15630 0.8173999786376953 0.5740100145339966
15631 0.819379985332489 0.5621700286865234
15632 0.8306199908256531 0.6032099723815918
15633 0.8292499780654907 0.5837600231170654
15634 0.8225600123405457 0.5908799767494202
15635 0.8189600110054016 0.5952600240707397
15636 0.814079999923706 0.5970500111579895
15637 0.8324599862098694 0.5681099891662598
15638 0.8246899843215942 0.6135500073432922
15639 0.851360023021698 0.6469600200653076
15640 0.8542400002479553 0.6230999827384949
15641 0.858299970626831 0.619979977607727
15642 0.8609200119972229 0.6258699893951416
15643 0.8299700021743774 0.6380199790000916
15644 0.8257399797439575 0.6276900172233582
15645 0.8325799703598022 0.6131200194358826
15646 0.8280500173568726 0.6227700114250183
15647 0.855929970741272 0.6303799748420715
15648 0.8569599986076355 0.6345099806785583
15649 0.8499299883842468 0.6254900097846985
15650 0.840149998664856 0.6251099705696106
15651 0.835669994354248 0.6208500266075134
15652 0.8314200043678284 0.6337699890136719
15653 0.8386899828910828 0.6335600018501282
15654 0.8368399739265442 0.641510009765625
15655 0.8329200148582458 0.6295499801635742
15656 0.8451300263404846 0.6264500021934509
15657 0.8442999720573425 0.6433200240135193
15658 0.8505300283432007 0.6335700154304504
15659 0.8515700101852417 0.6423400044441223
15660 0.8509399890899658 0.6379600167274475
15661 0.8444600105285645 0.6390299797058105
15662 0.8378000259399414 0.6375799775123596
15663 0.8446999788284302 0.6347699761390686
15664 0.8380500078201294 0.5752900242805481
15665 0.8408799767494202 0.5616499781608582
15666 0.8405699729919434 0.5672900080680847
15667 0.8393700122833252 0.5738300085067749
15668 0.8392500281333923 0.5759599804878235
15669 0.8398399949073792 0.5541700124740601
15670 0.8505399823188782 0.5611900091171265
15671 0.8485199809074402 0.5705299973487854
15672 0.8433399796485901 0.5797600150108337
15673 0.8406000137329102 0.5855200290679932
15674 0.8540700078010559 0.5628100037574768
15675 0.8200600147247314 0.5161100029945374
15676 0.824180006980896 0.5153999924659729
15677 0.8279299736022949 0.5173100233078003
15678 0.8311700224876404 0.5207800269126892
15679 0.834659993648529 0.5228999853134155
15680 0.849839985370636 0.5483999848365784
15681 0.842270016670227 0.5245299935340881
15682 0.8477200269699097 0.5375699996948242
15683 0.8654199838638306 0.6205199956893921
15684 0.8621199727058411 0.6160100102424622
15685 0.860759973526001 0.6142699718475342
15686 0.8592000007629395 0.6123300194740295
15687 0.8665199875831604 0.6019099950790405
15688 0.8648399710655212 0.6011099815368652
15689 0.8631799817085266 0.6006500124931335
15690 0.8675199747085571 0.582319974899292
15691 0.8654400110244751 0.5823000073432922
15692 0.8634899854660034 0.5823299884796143
15693 0.8613200187683105 0.5822299718856812
15694 0.8564500212669373 0.5374199748039246
15695 0.8594300150871277 0.5370299816131592
15696 0.8619599938392639 0.5366100072860718
15697 0.8642299771308899 0.5357199907302856
15698 0.8523899912834167 0.6124399900436401
15699 0.8510400056838989 0.6047700047492981
15700 0.8494600057601929 0.6004700064659119
15701 0.8475199937820435 0.5950599908828735
15702 0.8449199795722961 0.5945799946784973
15703 0.8421099781990051 0.6010500192642212
15704 0.841189980506897 0.5932499766349792
15705 0.8444300293922424 0.5862600207328796
15706 0.8581900000572205 0.6387100219726562
15707 0.8591899871826172 0.6433299779891968
15708 0.8718100190162659 0.628790020942688
15709 0.8660399913787842 0.6373400092124939
15710 0.8641600012779236 0.6331599950790405
15711 0.8694499731063843 0.625760018825531
15712 0.8624299764633179 0.6293500065803528
15713 0.8673200011253357 0.6230300068855286
15714 0.860539972782135 0.5209599733352661
15715 0.8580499887466431 0.5224400162696838
15716 0.8555200099945068 0.5237100124359131
15717 0.8528599739074707 0.525189995765686
15718 0.8169000148773193 0.46581000089645386
15719 0.8193100094795227 0.45785000920295715
15720 0.8314599990844727 0.46522998809814453
15721 0.8342400193214417 0.4614799916744232
15722 0.8359799981117249 0.4734100103378296
15723 0.8383200168609619 0.46963998675346375
15724 0.8429399728775024 0.4793800115585327
15725 0.8747100234031677 0.6320599913597107
15726 0.8674100041389465 0.6424499750137329
15727 0.858780026435852 0.6494100093841553
15728 0.8494200110435486 0.6528800129890442
15729 0.8401700258255005 0.6527500152587891
15730 0.8321800231933594 0.6499900221824646
15731 0.8258699774742126 0.6462399959564209
15732 0.8113200068473816 0.6471700072288513
15733 0.8258699774742126 0.5868499875068665
15734 0.82778000831604 0.6083899736404419
15735 0.8303800225257874 0.617929995059967
15736 0.8343499898910522 0.625190019607544
15737 0.8395299911499023 0.6294000148773193
15738 0.8449900150299072 0.6305800080299377
15739 0.8502399921417236 0.6293500065803528
15740 0.8550500273704529 0.6264899969100952
15741 0.8595399856567383 0.6227099895477295
15742 0.8636800050735474 0.618149995803833
15743 0.8666899800300598 0.6116899847984314
15744 0.8685299754142761 0.6029199957847595
15745 0.8695799708366394 0.5927900075912476
15746 0.8697599768638611 0.5824099779129028
15747 0.8695700168609619 0.5720300078392029
15748 0.8693600296974182 0.5606499910354614
15749 0.8684499859809875 0.5479900240898132
15750 0.8662599921226501 0.534089982509613
15751 0.8627099990844727 0.5188199877738953
15752 0.8574699759483337 0.5032299757003784
15753 0.8509600162506104 0.4888699948787689
15754 0.8449500203132629 0.47655999660491943
15755 0.840690016746521 0.46726998686790466
15756 0.8371999859809875 0.4593200087547302
15757 0.8348199725151062 0.45173001289367676
15758 0.8464300036430359 0.6103699803352356
15759 0.8437700271606445 0.606660008430481
15760 0.8494700193405151 0.6123300194740295
15761 0.8520299792289734 0.6084700226783752
15762 0.8457900285720825 0.6008399724960327
15763 0.8478400111198425 0.6050500273704529
15764 0.8499799966812134 0.6079800128936768
15765 0.8337399959564209 0.44565001130104065
15766 0.8273699879646301 0.4476799964904785
15767 0.822629988193512 0.45188000798225403
15768 0.8133900165557861 0.4634599983692169
15769 0.8075000047683716 0.4619700014591217
15770 0.8155500292778015 0.4545600116252899
15771 0.8098400235176086 0.4498499929904938
15772 0.8208400011062622 0.4338400065898895
15773 0.8374199867248535 0.43125998973846436
15774 0.8646299839019775 0.46832001209259033
15775 0.8584499955177307 0.45587998628616333
15776 0.8497800230979919 0.44569000601768494
15777 0.8280900120735168 0.43081000447273254
15778 0.8402100205421448 0.4407700002193451
15779 0.8147299885749817 0.44025999307632446
15780 0.8194699883460999 0.4477800130844116
15781 0.8248699903488159 0.44301000237464905
15782 0.8317700028419495 0.44036000967025757
15783 0.8559600114822388 0.5502899885177612
15784 0.8530099987983704 0.549589991569519
15785 0.8453800082206726 0.5299000144004822
15786 0.850570023059845 0.5375999808311462
15787 0.8533700108528137 0.5377200245857239
15788 0.8477399945259094 0.5280299782752991
15789 0.8501899838447571 0.5267300009727478
15790 0.8461400270462036 0.5170199871063232
15791 0.8440499901771545 0.5202800035476685
15792 0.8387500047683716 0.5138800144195557
15793 0.8233199715614319 0.5297899842262268
15794 0.8301500082015991 0.5431100130081177
15795 0.834659993648529 0.5460600256919861
15796 0.8382400274276733 0.5447700023651123
15797 0.8333799839019775 0.5282800197601318
15798 0.8405200242996216 0.530019998550415
15799 0.8444100022315979 0.538919985294342
15800 0.8462200164794922 0.5483199954032898
15801 0.8469499945640564 0.5592600107192993
15802 0.8456799983978271 0.5677000284194946
15803 0.8419899940490723 0.5760700106620789
15804 0.8398500084877014 0.5795900225639343
15805 0.8371300101280212 0.5840100049972534
15806 0.8332700133323669 0.5885900259017944
15807 0.8293399810791016 0.5930799841880798
15808 0.8261399865150452 0.5978099703788757
15809 0.8228800296783447 0.6027100086212158
15810 0.8195199966430664 0.6072199940681458
15811 0.8148099780082703 0.6105300188064575
15812 0.8065800070762634 0.6115800142288208
15813 0.8264399766921997 0.5371599793434143
15814 0.8317800164222717 0.5342699885368347
15815 0.8427799940109253 0.5328599810600281
15816 0.8410699963569641 0.5415599942207336
15817 0.8427299857139587 0.5503399968147278
15818 0.8435900211334229 0.5595300197601318
15819 0.842930018901825 0.5666800141334534
15820 0.8406500220298767 0.5740600228309631
15821 0.8399099707603455 0.535260021686554
15822 0.8371000289916992 0.52920001745224
15823 0.8384900093078613 0.5228700041770935
15824 0.8364700078964233 0.5182099938392639
15825 0.8321700096130371 0.5146399736404419
15826 0.8282399773597717 0.5107899904251099
15827 0.8236700296401978 0.5077300071716309
15828 0.8186600208282471 0.5068299770355225
15829 0.8088700175285339 0.514710009098053
15830 0.8051499724388123 0.5264000296592712
15831 0.8022300004959106 0.5422199964523315
15832 0.8008400201797485 0.5595099925994873
15833 0.8032699823379517 0.5745999813079834
15834 0.8084099888801575 0.5823100209236145
15835 0.8137000203132629 0.5849400162696838
15836 0.8184800148010254 0.5842000246047974
15837 0.8226000070571899 0.5800899863243103
15838 0.835349977016449 0.5361400246620178
15839 0.8377699851989746 0.5374400019645691
15840 0.8455700278282166 0.5755000114440918
15841 0.8436999917030334 0.5726900100708008
15842 0.841759979724884 0.5712000131607056
15843 0.8398500084877014 0.5711899995803833
15844 0.8379799723625183 0.5722600221633911
15845 0.8360999822616577 0.5734599828720093
15846 0.8336600065231323 0.5747500061988831
15847 0.8302299976348877 0.5759099721908569
15848 0.8550699949264526 0.6114000082015991
15849 0.8576099872589111 0.6094200015068054
15850 0.8597000241279602 0.6056100130081177
15851 0.8611500263214111 0.5992599725723267
15852 0.8545100092887878 0.5734300017356873
15853 0.8507800102233887 0.5759900212287903
15854 0.8524799942970276 0.5835700035095215
15855 0.8474299907684326 0.5808200240135193
15856 0.8537799715995789 0.5916299819946289
15857 0.8578299880027771 0.6019899845123291
15858 0.8547599911689758 0.5990800261497498
15859 0.8561300039291382 0.6050800085067749
15860 0.8271399736404419 0.5573899745941162
15861 0.824999988079071 0.5595399737358093
15862 0.8263800144195557 0.5646299719810486
15863 0.8285199999809265 0.5626199841499329
15864 0.824209988117218 0.5670099854469299
15865 0.8223900198936462 0.5603799819946289
15866 0.8268499970436096 0.5696899890899658
15867 0.8298100233078003 0.5666000247001648
15868 0.8228999972343445 0.5542700290679932
15869 0.8255000114440918 0.5506399869918823
15870 0.8309500217437744 0.5595300197601318
15871 0.8287699818611145 0.5523599982261658
15872 0.8236600160598755 0.5420899987220764
15873 0.8264099955558777 0.5768499970436096
15874 0.828719973564148 0.5310900211334229
15875 0.8301600217819214 0.525950014591217
15876 0.8259599804878235 0.5266199707984924
15877 0.8273900151252747 0.5227400064468384
15878 0.8244500160217285 0.5214599967002869
15879 0.821150004863739 0.522819995880127
15880 0.8818699717521667 0.5945900082588196
15881 0.881630003452301 0.5674099922180176
15882 0.8793900012969971 0.5300099849700928
15883 0.8807200193405151 0.5496799945831299
15884 0.8835899829864502 0.5473799705505371
15885 0.882860004901886 0.524590015411377
15886 0.8844699859619141 0.5670999884605408
15887 0.8842200040817261 0.5964599847793579
15888 0.8837500214576721 0.6067299842834473
15889 0.8844900131225586 0.5834400057792664
15890 0.8818399906158447 0.5823400020599365
15891 0.8797699809074402 0.593559980392456
15892 0.8795999884605408 0.5817599892616272
15893 0.8792099952697754 0.5682700276374817
15894 0.8783400058746338 0.5524700284004211
15895 0.8768399953842163 0.5347499847412109
15896 0.8819599747657776 0.6048499941825867
15897 0.8799099922180176 0.6050699949264526
15898 0.8820099830627441 0.6151000261306763
15899 0.8789299726486206 0.6184499859809875
15900 0.8763800263404846 0.48750999569892883
15901 0.8745899796485901 0.49410000443458557
15902 0.8718699812889099 0.4804700016975403
15903 0.8686699867248535 0.4821299910545349
15904 0.8808500170707703 0.5028799772262573
15905 0.8776800036430359 0.510450005531311
15906 0.8720899820327759 0.4983200132846832
15907 0.8749399781227112 0.5161100029945374
15908 0.8535599708557129 0.4860999882221222
15909 0.8597400188446045 0.5002400279045105
15910 0.8704500198364258 0.5462499856948853
15911 0.8718000054359436 0.592989981174469
15912 0.8714799880981445 0.5597699880599976
15913 0.871720016002655 0.5718200206756592
15914 0.8565999865531921 0.48267999291419983
15915 0.8688300251960754 0.6134799718856812
15916 0.8708400130271912 0.603879988193512
15917 0.8719199895858765 0.5824599862098694
15918 0.8680700063705444 0.5316299796104431
15919 0.8711400032043457 0.6151099801063538
15920 0.8740400075912476 0.5932000279426575
15921 0.8740299940109253 0.582360029220581
15922 0.8738200068473816 0.5713300108909607
15923 0.873520016670227 0.5585899949073792
15924 0.8723400235176086 0.5440700054168701
15925 0.8698099851608276 0.5284199714660645
15926 0.8732900023460388 0.6047199964523315
15927 0.864579975605011 0.5159100294113159
15928 0.8621199727058411 0.49632999300956726
15929 0.8664600253105164 0.5120499730110168
15930 0.8410400152206421 0.45344001054763794
15931 0.8412200212478638 0.4596799910068512
15932 0.8537899851799011 0.46786999702453613
15933 0.8505600094795227 0.47130000591278076
15934 0.843209981918335 0.4657000005245209
15935 0.8474400043487549 0.47415000200271606
15936 0.8778300285339355 0.6051499843597412
15937 0.8779799938201904 0.5932899713516235
15938 0.8778300285339355 0.5817300081253052
15939 0.8773999810218811 0.5692499876022339
15940 0.8767099976539612 0.5548700094223022
15941 0.8751999735832214 0.5385100245475769
15942 0.8756700158119202 0.6051300168037415
15943 0.8761399984359741 0.5933099985122681
15944 0.876039981842041 0.582069993019104
15945 0.8757200241088867 0.570389986038208
15946 0.8752599954605103 0.5569199919700623
15947 0.8738300204277039 0.5414999723434448
15948 0.8760499954223633 0.6174899935722351
15949 0.8735799789428711 0.6163899898529053
15950 0.847540020942688 0.4589900076389313
15951 0.8595100045204163 0.4788999855518341
15952 0.8643199801445007 0.4918299913406372
15953 0.8412700295448303 0.4470599889755249
15954 0.8492000102996826 0.4528999924659729
15955 0.8565400242805481 0.4630900025367737
15956 0.8621699810028076 0.47470998764038086
15957 0.8728899955749512 0.520799994468689
15958 0.8700000047683716 0.5030900239944458
15959 0.8713200092315674 0.5247700214385986
15960 0.8682600259780884 0.5075899958610535
15961 0.8664000034332275 0.48732998967170715
15962 0.8454200029373169 0.4633600115776062
15963 0.7997300028800964 0.47944000363349915
15964 0.7975299954414368 0.45802998542785645
15965 0.8001099824905396 0.4390200078487396
15966 0.8056100010871887 0.42508000135421753
15967 0.8187599778175354 0.6814000010490417
15968 0.8085899949073792 0.6753799915313721
15969 0.858489990234375 0.5815799832344055
15970 0.8588799834251404 0.5895400047302246
15971 0.8540899753570557 0.6071500182151794
15972 0.852840006351471 0.6020600199699402
15973 0.8515099883079529 0.5958399772644043
15974 0.84961998462677 0.5883899927139282
15975 0.8553900122642517 0.5814999938011169
15976 0.8566200137138367 0.5965499877929688
15977 0.8588100075721741 0.5967900156974792
15978 0.8142200112342834 0.4729900062084198
15979 0.8087900280952454 0.4764600098133087
15980 0.8183000087738037 0.4809800088405609
15981 0.8175100088119507 0.4937799870967865
15982 0.8135700225830078 0.508899986743927
15983 0.8159899711608887 0.5194500088691711
15984 0.8180800080299377 0.5266299843788147
15985 0.8208400011062622 0.5336800217628479
15986 0.8112900257110596 0.493369996547699
15987 0.804610013961792 0.4990200102329254
15988 0.8222200274467468 0.64069002866745
15989 0.8069700002670288 0.630840003490448
15990 0.821590006351471 0.6185700297355652
15991 0.8229399919509888 0.6336299777030945
15992 0.8172000050544739 0.6243600249290466
15993 0.6006500124931335 0.7420399785041809
15994 0.7101399898529053 0.672249972820282
15995 0.5095400214195251 0.7601900100708008
15996 0.7160599827766418 0.5117499828338623
15997 0.6777700185775757 0.7238900065422058
15998 0.6938499808311462 0.7096499800682068
15999 0.7156100273132324 0.5520600080490112
16000 0.6696599721908569 0.7146199941635132
16001 0.6988700032234192 0.6878799796104431
16002 0.706089973449707 0.5318400263786316
16003 0.7081400156021118 0.6941900253295898
16004 0.6847800016403198 0.7021499872207642
16005 0.5093200206756592 0.7444900274276733
16006 0.5267500281333923 0.7445600032806396
16007 0.5276600122451782 0.760200023651123
16008 0.5531399846076965 0.3858500123023987
16009 0.5653600096702576 0.39054998755455017
16010 0.5176500082015991 0.37801000475883484
16011 0.5291900038719177 0.3796600103378296
16012 0.5570399761199951 0.37940001487731934
16013 0.5696700215339661 0.3846299946308136
16014 0.721589982509613 0.36899998784065247
16015 0.7100800275802612 0.33076998591423035
16016 0.5963699817657471 0.4169900119304657
16017 0.5769100189208984 0.3963199853897095
16018 0.5917099714279175 0.38179999589920044
16019 0.6022099852561951 0.3931800127029419
16020 0.6024500131607056 0.42583000659942627
16021 0.581279993057251 0.3914099931716919
16022 0.5906699895858765 0.39917999505996704
16023 0.7207099795341492 0.4060100018978119
16024 0.5794500112533569 0.37209001183509827
16025 0.6962299942970276 0.5138800144195557
16026 0.7042199969291687 0.4928700029850006
16027 0.5863800048828125 0.4028100073337555
16028 0.6012099981307983 0.4168500006198883
16029 0.717170000076294 0.4389599859714508
16030 0.6154900193214417 0.4300900101661682
16031 0.6137300133705139 0.41776999831199646
16032 0.6094800233840942 0.40540000796318054
16033 0.5972999930381775 0.4078499972820282
16034 0.5927799940109253 0.4099000096321106
16035 0.5972200036048889 0.42416998744010925
16036 0.6100800037384033 0.3901999890804291
16037 0.5990399718284607 0.37685999274253845
16038 0.5765799880027771 0.22725999355316162
16039 0.6217399835586548 0.41885998845100403
16040 0.617579996585846 0.40455999970436096
16041 0.6359099745750427 0.406139999628067
16042 0.6262900233268738 0.40459999442100525
16043 0.7112799882888794 0.46790000796318054
16044 0.6296200156211853 0.3871600031852722
16045 0.6196799874305725 0.36886000633239746
16046 0.638979971408844 0.424560010433197
16047 0.6230800151824951 0.4329400062561035
16048 0.6308299899101257 0.4366599917411804
16049 0.638979971408844 0.4417699873447418
16050 0.6282699704170227 0.24899999797344208
16051 0.677649974822998 0.2868399918079376
16052 0.5351499915122986 0.35065001249313354
16053 0.5204600095748901 0.35885000228881836
16054 0.5348700284957886 0.359250009059906
16055 0.5314199924468994 0.37345999479293823
16056 0.5189300179481506 0.37193000316619873
16057 0.5305600166320801 0.30480000376701355
16058 0.5202299952507019 0.3514600098133087
16059 0.516789972782135 0.33715999126434326
16060 0.585860013961792 0.36546000838279724
16061 0.571179986000061 0.3556700050830841
16062 0.5172299742698669 0.33149001002311707
16063 0.5066699981689453 0.35190001130104065
16064 0.5062999725341797 0.3710300028324127
16065 0.5324500203132629 0.3415600061416626
16066 0.5189099907875061 0.34373998641967773
16067 0.6062099933624268 0.3522599935531616
16068 0.5531700253486633 0.3119199872016907
16069 0.5263299942016602 0.3345000147819519
16070 0.5797100067138672 0.34602001309394836
16071 0.5744500160217285 0.32328000664711
16072 0.5912600159645081 0.3371700048446655
16073 0.5660600066184998 0.36480000615119934
16074 0.6474900245666504 0.4483200013637543
16075 0.6483799815177917 0.429639995098114
16076 0.646399974822998 0.4093100130558014
16077 0.6408799886703491 0.38769999146461487
16078 0.631630003452301 0.3663899898529053
16079 0.6187099814414978 0.3467000126838684
16080 0.6031699776649475 0.3289400041103363
16081 0.5844399929046631 0.3133000135421753
16082 0.5611400008201599 0.300029993057251
16083 0.5363699793815613 0.2909800112247467
16084 0.5117599964141846 0.2859399914741516
16085 0.5062400102615356 0.34474998712539673
16086 0.619159996509552 0.3880099952220917
16087 0.6084399819374084 0.3723900020122528
16088 0.6301000118255615 0.4209800064563751
16089 0.5948500037193298 0.35863998532295227
16090 0.5255399942398071 0.31606000661849976
16091 0.5447099804878235 0.3216699957847595
16092 0.5633699893951416 0.33270999789237976
16093 0.5433800220489502 0.27706998586654663
16094 0.5702499747276306 0.28731998801231384
16095 0.594730019569397 0.3031499981880188
16096 0.6153600215911865 0.32141000032424927
16097 0.6315400004386902 0.34237998723983765
16098 0.6434500217437744 0.3656499981880188
16099 0.6517099738121033 0.3899399936199188
16100 0.656220018863678 0.41370001435279846
16101 0.657230019569397 0.435699999332428
16102 0.6553300023078918 0.4557400047779083
16103 0.5145699977874756 0.2718600034713745
16104 0.5409700274467468 0.38222000002861023
16105 0.5441399812698364 0.3758000135421753
16106 0.5533000230789185 0.350629985332489
16107 0.5507000088691711 0.36070001125335693
16108 0.5484600067138672 0.3386499881744385
16109 0.5353900194168091 0.3291400074958801
16110 0.5210199952125549 0.32482001185417175
16111 0.506879985332489 0.3234800100326538
16112 0.5275700092315674 0.21799999475479126
16113 0.5057399868965149 0.3378799855709076
16114 0.5082499980926514 0.31376001238822937
16115 0.5058599710464478 0.37707000970840454
16116 0.5067800283432007 0.35864999890327454
16117 0.5058799982070923 0.33112001419067383
16118 0.5099200010299683 0.3012399971485138
16119 0.6628900170326233 0.705780029296875
16120 0.6771900057792664 0.6947799921035767
16121 0.6008899807929993 0.4349899888038635
16122 0.5784299969673157 0.7287600040435791
16123 0.688040018081665 0.5315700173377991
16124 0.6154800057411194 0.7250699996948242
16125 0.597320020198822 0.7276300191879272
16126 0.7016599774360657 0.6674399971961975
16127 0.5599499940872192 0.7290199995040894
16128 0.5424900054931641 0.7289400100708008
16129 0.5090000033378601 0.7286199927330017
16130 0.5952000021934509 0.43182000517845154
16131 0.6216300129890442 0.4465000033378601
16132 0.6964499950408936 0.5479099750518799
16133 0.6145300269126892 0.4421299993991852
16134 0.7042800188064575 0.5650299787521362
16135 0.6363499760627747 0.4575499892234802
16136 0.6439599990844727 0.4650599956512451
16137 0.5584999918937683 0.7139999866485596
16138 0.5411199927330017 0.7135099768638611
16139 0.590399980545044 0.43911001086235046
16140 0.5965999960899353 0.4438199996948242
16141 0.611020028591156 0.4536699950695038
16142 0.6178699731826782 0.4591900110244751
16143 0.6312199831008911 0.47168999910354614
16144 0.6377500295639038 0.4795199930667877
16145 0.680400013923645 0.5460799932479858
16146 0.6881099939346313 0.5608100295066833
16147 0.6950200200080872 0.5756199955940247
16148 0.6943100094795227 0.6624900102615356
16149 0.6839799880981445 0.6753000020980835
16150 0.6577399969100952 0.6969299912452698
16151 0.6120499968528748 0.7128000259399414
16152 0.5949000120162964 0.7141500115394592
16153 0.5768399834632874 0.7143999934196472
16154 0.5085700154304504 0.7131900191307068
16155 0.6288300156593323 0.45142999291419983
16156 0.6245599985122681 0.4650000035762787
16157 0.6509100198745728 0.47339001297950745
16158 0.6440600156784058 0.4883599877357483
16159 0.6907200217247009 0.6816999912261963
16160 0.6712499856948853 0.6870800256729126
16161 0.6480299830436707 0.7142999768257141
16162 0.6434800028800964 0.7044600248336792
16163 0.6323599815368652 0.7206500172615051
16164 0.6283299922943115 0.709659993648529
16165 0.5257800221443176 0.7287499904632568
16166 0.5248299837112427 0.7132700085639954
16167 0.6101899743080139 0.7016100287437439
16168 0.5228999853134155 0.46592000126838684
16169 0.5130800008773804 0.5156400203704834
16170 0.5195900201797485 0.5160999894142151
16171 0.5251100063323975 0.4883500039577484
16172 0.5558199882507324 0.4936400055885315
16173 0.5703399777412415 0.5141500234603882
16174 0.5701299905776978 0.506820023059845
16175 0.5982000231742859 0.47512999176979065
16176 0.5915200114250183 0.4855400025844574
16177 0.5983099937438965 0.49235999584198
16178 0.605400025844574 0.48173001408576965
16179 0.5829200148582458 0.44558000564575195
16180 0.5936599969863892 0.7023000121116638
16181 0.5925499796867371 0.5028200149536133
16182 0.5866699814796448 0.4956299960613251
16183 0.5501800179481506 0.4650599956512451
16184 0.5847399830818176 0.5257499814033508
16185 0.5269899964332581 0.5150099992752075
16186 0.5757499933242798 0.5281800031661987
16187 0.5043799877166748 0.561710000038147
16188 0.6883900165557861 0.6577600240707397
16189 0.6542999744415283 0.6881300210952759
16190 0.5935900211334229 0.5453500151634216
16191 0.6790900230407715 0.6690499782562256
16192 0.5759900212287903 0.7015399932861328
16193 0.5572199821472168 0.6993399858474731
16194 0.5346300005912781 0.6832699775695801
16195 0.5208200216293335 0.6844900250434875
16196 0.5288800001144409 0.6700199842453003
16197 0.5207800269126892 0.6377699971199036
16198 0.5190399885177612 0.49750998616218567
16199 0.5255299806594849 0.5011299848556519
16200 0.5248600244522095 0.6582300066947937
16201 0.5392500162124634 0.6981099843978882
16202 0.5232599973678589 0.6985599994659424
16203 0.5684099793434143 0.49950000643730164
16204 0.5633699893951416 0.5082700252532959
16205 0.5596100091934204 0.500789999961853
16206 0.5893800258636475 0.45190998911857605
16207 0.6122699975967407 0.4708099961280823
16208 0.630020022392273 0.4923200011253357
16209 0.6072900295257568 0.5256699919700623
16210 0.6143400073051453 0.5151699781417847
16211 0.6166399717330933 0.49577000737190247
16212 0.6220399737358093 0.5041400194168091
16213 0.6103600263595581 0.6916000247001648
16214 0.6523699760437012 0.6796900033950806
16215 0.5396999716758728 0.6677299737930298
16216 0.5601500272750854 0.6873300075531006
16217 0.5472999811172485 0.6789699792861938
16218 0.5946499705314636 0.6920700073242188
16219 0.675599992275238 0.6633300185203552
16220 0.6838799715042114 0.6538400053977966
16221 0.5344399809837341 0.6571699976921082
16222 0.5774999856948853 0.6909800171852112
16223 0.6669999957084656 0.5676699876785278
16224 0.6734600067138672 0.5578699707984924
16225 0.6809999942779541 0.5709900259971619
16226 0.6746799945831299 0.5792199969291687
16227 0.5079399943351746 0.46540001034736633
16228 0.6053799986839294 0.46463000774383545
16229 0.6813899874687195 0.590939998626709
16230 0.6874499917030334 0.5841299891471863
16231 0.5904200077056885 0.5390499830245972
16232 0.624239981174469 0.4842199981212616
16233 0.6023799777030945 0.5177000164985657
16234 0.60903000831604 0.5067499876022339
16235 0.613070011138916 0.6079300045967102
16236 0.6137800216674805 0.6185100078582764
16237 0.6613600254058838 0.5763900279998779
16238 0.6696000099182129 0.5862900018692017
16239 0.6764799952507019 0.5966699719429016
16240 0.5786600112915039 0.4593600034713745
16241 0.5725200176239014 0.451200008392334
16242 0.5601500272750854 0.45559999346733093
16243 0.5477200150489807 0.45868000388145447
16244 0.5238900184631348 0.5158200263977051
16245 0.5042799711227417 0.636929988861084
16246 0.5045999884605408 0.5151000022888184
16247 0.587689995765686 0.5327000021934509
16248 0.5975199937820435 0.5102499723434448
16249 0.6037300229072571 0.4992699921131134
16250 0.6112499833106995 0.4884699881076813
16251 0.6184700131416321 0.4771899878978729
16252 0.5973600149154663 0.5521100163459778
16253 0.6125900149345398 0.534529983997345
16254 0.6201599836349487 0.5246099829673767
16255 0.6361100077629089 0.5016400218009949
16256 0.628000020980835 0.5136799812316895
16257 0.5127900242805481 0.6271700263023376
16258 0.5209199786186218 0.6280800104141235
16259 0.5133000016212463 0.5210199952125549
16260 0.5303400158882141 0.5088099837303162
16261 0.5265799760818481 0.5072000026702881
16262 0.5218499898910522 0.5056099891662598
16263 0.5148800015449524 0.5036200284957886
16264 0.531000018119812 0.6474300026893616
16265 0.522159993648529 0.6476100087165833
16266 0.5045700073242188 0.6477199792861938
16267 0.5557299852371216 0.5044999718666077
16268 0.540440022945404 0.4898200035095215
16269 0.5366500020027161 0.46581000089645386
16270 0.5352799892425537 0.4608500003814697
16271 0.5276700258255005 0.5121300220489502
16272 0.5244899988174438 0.5115100145339966
16273 0.5201500058174133 0.5107799768447876
16274 0.5135599970817566 0.5098000168800354
16275 0.6121900081634521 0.5934000015258789
16276 0.6331899762153625 0.5896499752998352
16277 0.6320899724960327 0.6072800159454346
16278 0.6579300165176392 0.6119599938392639
16279 0.654229998588562 0.5941699743270874
16280 0.6572700142860413 0.5852000117301941
16281 0.6442300081253052 0.5902400016784668
16282 0.6419600248336792 0.6079999804496765
16283 0.6508299708366394 0.6095799803733826
16284 0.6672199964523315 0.6794599890708923
16285 0.6646100282669067 0.67221999168396
16286 0.6406400203704834 0.6947699785232544
16287 0.6394000053405762 0.6854199767112732
16288 0.625980019569397 0.6991699934005737
16289 0.6252800226211548 0.6894400119781494
16290 0.612030029296875 0.6363800168037415
16291 0.5771300196647644 0.6339100003242493
16292 0.583109974861145 0.6349700093269348
16293 0.5728899836540222 0.6323999762535095
16294 0.5910000205039978 0.6357399821281433
16295 0.6008300185203552 0.6364200115203857
16296 0.6229599714279175 0.6355900168418884
16297 0.633109986782074 0.6346200108528137
16298 0.6571699976921082 0.6317099928855896
16299 0.6330699920654297 0.6182000041007996
16300 0.6563000082969666 0.6193600296974182
16301 0.6423299908638 0.6335399746894836
16302 0.6426299810409546 0.6183099746704102
16303 0.6505100131034851 0.6188499927520752
16304 0.6505100131034851 0.6326900124549866
16305 0.6351799964904785 0.628600001335144
16306 0.6141499876976013 0.6245999932289124
16307 0.6566600203514099 0.6267099976539612
16308 0.6137700080871582 0.6296600103378296
16309 0.5916900038719177 0.6296899914741516
16310 0.656440019607544 0.6229000091552734
16311 0.5781700015068054 0.629069983959198
16312 0.5837399959564209 0.6294000148773193
16313 0.5740299820899963 0.6286600232124329
16314 0.6350799798965454 0.623740017414093
16315 0.6021400094032288 0.629830002784729
16316 0.6251000165939331 0.6292799711227417
16317 0.6438599824905396 0.6277899742126465
16318 0.6511600017547607 0.6231499910354614
16319 0.6438400149345398 0.6233599781990051
16320 0.875 0.9856899976730347
16321 0.8546199798583984 0.9519400000572205
16322 0.8794900178909302 0.9804499745368958
16323 0.8471699953079224 0.98403000831604
16324 0.8681100010871887 0.9894099831581116
16325 0.878250002861023 0.9582800269126892
16326 0.8659600019454956 0.9501100182533264
16327 0.8596100211143494 0.9901099801063538
16328 0.8521400094032288 0.9879000186920166
16329 0.8437899947166443 0.9794300198554993
16330 0.8712000250816345 0.9514700174331665
16331 0.8754900097846985 0.954479992389679
16332 0.651229977607727 0.6271299719810486
16333 0.5070499777793884 0.6852200031280518
16334 0.5052199959754944 0.6593899726867676
16335 0.5049099922180176 0.5268300175666809
16336 0.5062000155448914 0.67194002866745
16337 0.5074700117111206 0.49507999420166016
16338 0.507830023765564 0.6987900137901306
16339 0.5050299763679504 0.5342599749565125
16340 0.5049499869346619 0.543150007724762
16341 0.5087599754333496 0.48802998661994934
16342 0.5042999982833862 0.6267200112342834
16343 0.5047399997711182 0.5207599997520447
16344 0.5052700042724609 0.5023699998855591
16345 0.5045400261878967 0.6170399785041809
16346 0.5047299861907959 0.509119987487793
16347 0.507860004901886 0.4609200060367584
16348 0.5315999984741211 0.515779972076416
16349 0.533519983291626 0.5178800225257874
16350 0.5298399925231934 0.5135300159454346
16351 0.5180100202560425 0.6712200045585632
16352 0.5126699805259705 0.6371899843215942
16353 0.5153399705886841 0.6589400172233582
16354 0.5134999752044678 0.6475899815559387
16355 0.5499699711799622 0.4984300136566162
16356 0.5398300290107727 0.49428999423980713
16357 0.5281299948692322 0.49386999011039734
16358 0.5314599871635437 0.49807998538017273
16359 0.5387300252914429 0.49733999371528625
16360 0.5223199725151062 0.46164000034332275
16361 0.7292500138282776 0.5351600050926208
16362 0.5681599974632263 0.5206000208854675
16363 0.5727199912071228 0.5321400165557861
16364 0.5642799735069275 0.5260599851608276
16365 0.5684199929237366 0.5368499755859375
16366 0.5146300196647644 0.5338799953460693
16367 0.513979971408844 0.5267400145530701
16368 0.5362100005149841 0.526170015335083
16369 0.5350599884986877 0.5221999883651733
16370 0.534600019454956 0.5197700262069702
16371 0.5142300128936768 0.5610399842262268
16372 0.5149099826812744 0.5425599813461304
16373 0.5221199989318848 0.5264000296592712
16374 0.5204600095748901 0.5209900140762329
16375 0.5253000259399414 0.5196800231933594
16376 0.5283100008964539 0.5176100134849548
16377 0.5375300049781799 0.5322200059890747
16378 0.5385000109672546 0.5393099784851074
16379 0.5416799783706665 0.5668500065803528
16380 0.5234699845314026 0.5593699812889099
16381 0.5237399935722351 0.5416799783706665
16382 0.5231999754905701 0.5333499908447266
16383 0.5295199751853943 0.5218999981880188
16384 0.5309100151062012 0.5194399952888489
16385 0.5407800078392029 0.5532500147819519
16386 0.5415499806404114 0.5601199865341187
16387 0.5297499895095825 0.5262399911880493
16388 0.531000018119812 0.5328199863433838
16389 0.5316699743270874 0.5406299829483032
16390 0.5319899916648865 0.5568199753761292
16391 0.5827100276947021 0.5486900210380554
16392 0.6041399836540222 0.6186500191688538
16393 0.6039999723434448 0.6085600256919861
16394 0.5547900199890137 0.5744199752807617
16395 0.5855799913406372 0.5540800094604492
16396 0.5577099919319153 0.5799499750137329
16397 0.5889800190925598 0.5599700212478638
16398 0.6024900078773499 0.595579981803894
16399 0.6030700206756592 0.6248300075531006
16400 0.8497400283813477 0.9549300074577332
16401 0.8454200029373169 0.9587799906730652
16402 0.5927600264549255 0.625
16403 0.568310022354126 0.573639988899231
16404 0.5654900074005127 0.5683199763298035
16405 0.5739700198173523 0.5348100066184998
16406 0.5691900253295898 0.5405300259590149
16407 0.576170027256012 0.5616599917411804
16408 0.5791800022125244 0.5670599937438965
16409 0.5930500030517578 0.5979700088500977
16410 0.5952600240707397 0.6094099879264832
16411 0.5951200127601624 0.6191400289535522
16412 0.5046399831771851 0.5959699749946594
16413 0.5040299892425537 0.5692899823188782
16414 0.5041900277137756 0.5857700109481812
16415 0.5039600133895874 0.5769299864768982
16416 0.5048099756240845 0.6068900227546692
16417 0.5135499835014343 0.5760700106620789
16418 0.513670027256012 0.5685799717903137
16419 0.5230500102043152 0.57396000623703
16420 0.5230799913406372 0.5667600035667419
16421 0.5319300293922424 0.564079999923706
16422 0.5320900082588196 0.570930004119873
16423 0.5426300168037415 0.5732899904251099
16424 0.5139999985694885 0.5846099853515625
16425 0.5445799827575684 0.5799499750137329
16426 0.5479000210762024 0.5859299898147583
16427 0.5329099893569946 0.5778499841690063
16428 0.5236300230026245 0.5817999839782715
16429 0.5349000096321106 0.5853800177574158
16430 0.538860023021698 0.5920299887657166
16431 0.5223100185394287 0.6183099746704102
16432 0.5136799812316895 0.6172800064086914
16433 0.5248500108718872 0.6079400181770325
16434 0.5152199864387512 0.5948299765586853
16435 0.5305200219154358 0.5988199710845947
16436 0.5151699781417847 0.6064199805259705
16437 0.5254999995231628 0.5909799933433533
16438 0.5529800057411194 0.5683900117874146
16439 0.5635200142860413 0.5629400014877319
16440 0.5785499811172485 0.5378199815750122
16441 0.576229989528656 0.5350800156593323
16442 0.5521299839019775 0.5623800158500671
16443 0.580489993095398 0.5433599948883057
16444 0.5623999834060669 0.5577200055122375
16445 0.552079975605011 0.5562199950218201
16446 0.5708400011062622 0.5471900105476379
16447 0.5624399781227112 0.5481799840927124
16448 0.5699599981307983 0.5435100197792053
16449 0.5720099806785583 0.5517699718475342
16450 0.5737199783325195 0.5565999746322632
16451 0.5620099902153015 0.5526800155639648
16452 0.5747299790382385 0.639519989490509
16453 0.5807999968528748 0.642549991607666
16454 0.5696700215339661 0.636430025100708
16455 0.588450014591217 0.6450999975204468
16456 0.598330020904541 0.6465499997138977
16457 0.6095200181007385 0.6465499997138977
16458 0.6509699821472168 0.6719599962234497
16459 0.6388199925422668 0.6768699884414673
16460 0.6119599938392639 0.6822999715805054
16461 0.5974400043487549 0.6828799843788147
16462 0.582099974155426 0.6816800236701965
16463 0.5679200291633606 0.6778799891471863
16464 0.5573999881744385 0.6715499758720398
16465 0.5497199892997742 0.6636000275611877
16466 0.6581199765205383 0.6406199932098389
16467 0.6309999823570251 0.6459100246429443
16468 0.6205899715423584 0.6463000178337097
16469 0.6409100294113159 0.6446800231933594
16470 0.6501200199127197 0.6429100036621094
16471 0.6624600291252136 0.6656699776649475
16472 0.6257200241088867 0.6803900003433228
16473 0.5437399744987488 0.6550700068473816
16474 0.5440899729728699 0.7445300221443176
16475 0.6538699865341187 0.7247099876403809
16476 0.6199300289154053 0.7381500005722046
16477 0.6435999870300293 0.745140016078949
16478 0.6607300043106079 0.7359499931335449
16479 0.6376100182533264 0.7323499917984009
16480 0.6251500248908997 0.7521600127220154
16481 0.5809199810028076 0.7437000274658203
16482 0.5645800232887268 0.7596200108528137
16483 0.5459100008010864 0.7600100040435791
16484 0.5620099902153015 0.7441999912261963
16485 0.6047599911689758 0.7570800185203552
16486 0.584089994430542 0.7591599822044373
16487 0.7228699922561646 0.5745499730110168
16488 0.726360023021698 0.597029983997345
16489 0.7150800228118896 0.6019499897956848
16490 0.7089999914169312 0.6522799730300903
16491 0.710860013961792 0.5833200216293335
16492 0.7011799812316895 0.5910400152206421
16493 0.705590009689331 0.606689989566803
16494 0.7010300159454346 0.6493600010871887
16495 0.694379985332489 0.646589994430542
16496 0.693120002746582 0.5974199771881104
16497 0.6892300248146057 0.6444699764251709
16498 0.6907100081443787 0.6143800020217896
16499 0.6867899894714355 0.6026700139045715
16500 0.6973900198936462 0.610759973526001
16501 0.6817299723625183 0.6073200106620789
16502 0.738290011882782 0.5646700263023376
16503 0.7399700284004211 0.5934399962425232
16504 0.7158200144767761 0.6194700002670288
16505 0.7068700194358826 0.6215599775314331
16506 0.6990399956703186 0.6234099864959717
16507 0.6926699876785278 0.6252800226211548
16508 0.672819972038269 0.658270001411438
16509 0.6805999875068665 0.6505399942398071
16510 0.8601400256156921 0.9502699971199036
16511 0.6250500082969666 0.6242600083351135
16512 0.6232500076293945 0.6184099912643433
16513 0.6223499774932861 0.6074299812316895
16514 0.6223599910736084 0.5913599729537964
16515 0.6050599813461304 0.5436000227928162
16516 0.6006600260734558 0.5357800126075745
16517 0.596750020980835 0.5286099910736084
16518 0.5929800271987915 0.5214899778366089
16519 0.5888100266456604 0.5138400197029114
16520 0.5836899876594543 0.5058500170707703
16521 0.5671899914741516 0.4920800030231476
16522 0.5543699860572815 0.48712000250816345
16523 0.5393400192260742 0.48399001359939575
16524 0.5238900184631348 0.48240000009536743
16525 0.5081200003623962 0.48162001371383667
16526 0.6226300001144409 0.614080011844635
16527 0.632390022277832 0.6140099763870239
16528 0.6422299742698669 0.6144400238990784
16529 0.6505500078201294 0.6153900027275085
16530 0.6568300127983093 0.6166099905967712
16531 0.6575400233268738 0.6353099942207336
16532 0.6502799987792969 0.6366900205612183
16533 0.6416199803352356 0.6379299759864807
16534 0.632070004940033 0.6391599774360657
16535 0.6219000220298767 0.6399199962615967
16536 0.6110299825668335 0.6404799818992615
16537 0.5999299883842468 0.6404600143432617
16538 0.590149998664856 0.639519989490509
16539 0.5822299718856812 0.6381499767303467
16540 0.5761200189590454 0.6363999843597412
16541 0.5714799761772156 0.6341699957847595
16542 0.5954700112342834 0.6149600148200989
16543 0.604170024394989 0.6144700050354004
16544 0.6133900284767151 0.6142299771308899
16545 0.5588799715042114 0.40505000948905945
16546 0.5478900074958801 0.40268000960350037
16547 0.9463800191879272 0.9075199961662292
16548 0.5690400004386902 0.4182800054550171
16549 0.5755100250244141 0.4187999963760376
16550 0.9478999972343445 0.9100199937820435
16551 0.9392200112342834 0.9030399918556213
16552 0.560670018196106 0.41787999868392944
16553 0.944890022277832 0.9042999744415283
16554 0.9435799717903137 0.9006699919700623
16555 0.5509399771690369 0.4175899922847748
16556 0.5168899893760681 0.412339985370636
16557 0.5282999873161316 0.4127100110054016
16558 0.582040011882782 0.4195699989795685
16559 0.5687599778175354 0.415910005569458
16560 0.9400299787521362 0.8891199827194214
16561 0.5166100263595581 0.41707998514175415
16562 0.941290020942688 0.8930299878120422
16563 0.5284199714660645 0.4172300100326538
16564 0.559939980506897 0.41471999883651733
16565 0.5500800013542175 0.41383999586105347
16566 0.9522299766540527 0.9136499762535095
16567 0.5821599960327148 0.4200400114059448
16568 0.5160300135612488 0.3979499936103821
16569 0.5266100168228149 0.3991999924182892
16570 0.5784500241279602 0.4124700129032135
16571 0.5698400139808655 0.4083000123500824
16572 0.5846499800682068 0.4205400049686432
16573 0.5052499771118164 0.39715999364852905
16574 0.9385700225830078 0.8853200078010559
16575 0.5814300179481506 0.41967999935150146
16576 0.9508200287818909 0.9129999876022339
16577 0.5758299827575684 0.4174000024795532
16578 0.5845800042152405 0.4189999997615814
16579 0.505370020866394 0.4171299934387207
16580 0.5797299742698669 0.4193199872970581
16581 0.949400007724762 0.9118000268936157
16582 0.583109974861145 0.4165799915790558
16583 0.5803499817848206 0.4187900125980377
16584 0.5815899968147278 0.41995999217033386
16585 0.5861200094223022 0.42072999477386475
16586 0.5859599709510803 0.4185299873352051
16587 0.5844299793243408 0.4155200123786926
16588 0.5795199871063232 0.4108699858188629
16589 0.5704799890518188 0.4062100052833557
16590 0.5592100024223328 0.4023599922657013
16591 0.5478600263595581 0.3991900086402893
16592 0.5263500213623047 0.39438000321388245
16593 0.5158799886703491 0.39302000403404236
16594 0.5835700035095215 0.42037999629974365
16595 0.5835300087928772 0.4193499982357025
16596 0.5819900035858154 0.4175100028514862
16597 0.5773599743843079 0.4141800105571747
16598 0.5692800283432007 0.4106999933719635
16599 0.5590100288391113 0.4080899953842163
16600 0.5484600067138672 0.4063299894332886
16601 0.5271900296211243 0.40369999408721924
16602 0.5163499712944031 0.40268000960350037
16603 0.5828199982643127 0.420199990272522
16604 0.5827500224113464 0.4194999933242798
16605 0.5810999870300293 0.41822001338005066
16606 0.5764200091362 0.41589000821113586
16607 0.5688400268554688 0.41339999437332153
16608 0.5594199895858765 0.41148999333381653
16609 0.54926997423172 0.41012999415397644
16610 0.5277900099754333 0.408160001039505
16611 0.516700029373169 0.40751999616622925
16612 0.9410300254821777 0.9063599705696106
16613 0.943120002746582 0.9092599749565125
16614 0.9494600296020508 0.9146299958229065
16615 0.9452999830245972 0.9115599989891052
16616 0.9474400281906128 0.913320004940033
16617 0.9513999819755554 0.9155099987983704
16618 0.5055800080299377 0.4122599959373474
16619 0.5051500201225281 0.39239999651908875
16620 0.5054100155830383 0.4019699990749359
16621 0.5055599808692932 0.40709999203681946
16622 0.5369499921798706 0.39656001329421997
16623 0.9376299977302551 0.8995400071144104
16624 0.9424200057983398 0.8969100117683411
16625 0.5387600064277649 0.409060001373291
16626 0.5394899845123291 0.41319000720977783
16627 0.5400699973106384 0.4173800051212311
16628 0.5372499823570251 0.40084001421928406
16629 0.5379700064659119 0.4049600064754486
16630 0.9431899785995483 0.8828200101852417
16631 0.9445800185203552 0.8863599896430969
16632 0.9457100033760071 0.8901600241661072
16633 0.9466099739074707 0.8941400051116943
16634 0.9472699761390686 0.8980200290679932
16635 0.9479900002479553 0.9018399715423584
16636 0.9488300085067749 0.9053699970245361
16637 0.9498800039291382 0.9082199931144714
16638 0.9511600136756897 0.9101899862289429
16639 0.952239990234375 0.9113600254058838
16640 0.9532099962234497 0.9118199944496155
16641 0.5884400010108948 0.42114999890327454
16642 0.5881400108337402 0.4179399907588959
16643 0.5861899852752686 0.414110004901886
16644 0.5808200240135193 0.40900999307632446
16645 0.5715199708938599 0.4039500057697296
16646 0.5601099729537964 0.39945998787879944
16647 0.5484899878501892 0.3955399990081787
16648 0.5373600125312805 0.3922500014305115
16649 0.5266199707984924 0.3898000121116638
16650 0.5159800052642822 0.3884100019931793
16651 0.5051699876785278 0.38784998655319214
16652 0.5810700058937073 0.42076000571250916
16653 0.953819990158081 0.9138200283050537
16654 0.5807999968528748 0.4203200042247772
16655 0.9533799886703491 0.9159500002861023
16656 0.5833600163459778 0.4228900074958801
16657 0.9555699825286865 0.916100025177002
16658 0.9558299779891968 0.9136599898338318
16659 0.5781199932098389 0.4207899868488312
16660 0.5779399871826172 0.4218200147151947
16661 0.579289972782135 0.4264500141143799
16662 0.5808200240135193 0.4283199906349182
16663 0.584909975528717 0.42384999990463257
16664 0.5782099962234497 0.4247699975967407
16665 0.5821800231933594 0.4220600128173828
16666 0.5778499841690063 0.4231700003147125
16667 0.5814800262451172 0.42135000228881836
16668 0.9546800255775452 0.9118499755859375
16669 0.9569000005722046 0.9115999937057495
16670 0.5827100276947021 0.43062999844551086
16671 0.5870100259780884 0.4253099858760834
16672 0.9617900252342224 0.9153299927711487
16673 0.5667499899864197 0.4217199981212616
16674 0.5585700273513794 0.42201998829841614
16675 0.9663800001144409 0.9108700156211853
16676 0.9621300101280212 0.9123200178146362
16677 0.5474200248718262 0.42221999168395996
16678 0.970770001411438 0.909030020236969
16679 0.5195599794387817 0.422760009765625
16680 0.979669988155365 0.9052600264549255
16681 0.542739987373352 0.44012001156806946
16682 0.5535600185394287 0.4371899962425232
16683 0.5638099908828735 0.4339100122451782
16684 0.5183200240135193 0.4431700110435486
16685 0.5726400017738342 0.4230700135231018
16686 0.557129979133606 0.4252299964427948
16687 0.5656499862670898 0.42430999875068665
16688 0.546209990978241 0.42594000697135925
16689 0.5193300247192383 0.42732998728752136
16690 0.9585300087928772 0.9132199883460999
16691 0.5731800198554993 0.4212700128555298
16692 0.9582399725914001 0.915910005569458
16693 0.9839400053024292 0.9031800031661987
16694 0.5725700259208679 0.4303799867630005
16695 0.9856299757957458 0.9067500233650208
16696 0.980929970741272 0.9090399742126465
16697 0.5060700178146362 0.4230400025844574
16698 0.5189700126647949 0.44933998584747314
16699 0.5428900122642517 0.4454300105571747
16700 0.5536199808120728 0.44165998697280884
16701 0.5642499923706055 0.43755999207496643
16702 0.5736500024795532 0.43316999077796936
16703 0.5184999704360962 0.43726998567581177
16704 0.5435600280761719 0.43487998843193054
16705 0.554390013217926 0.432779997587204
16706 0.5640199780464172 0.43035998940467834
16707 0.5720300078392029 0.42774999141693115
16708 0.5189300179481506 0.4320699870586395
16709 0.5448099970817566 0.43011999130249023
16710 0.5556300282478333 0.428739994764328
16711 0.5646299719810486 0.4271300137042999
16712 0.5721200108528137 0.42524001002311707
16713 0.506060004234314 0.4277999997138977
16714 0.5313100218772888 0.44843998551368713
16715 0.5309100151062012 0.44235000014305115
16716 0.5315300226211548 0.436379998922348
16717 0.5324000120162964 0.43119001388549805
16718 0.53329998254776 0.42660999298095703
16719 0.534030020236969 0.4224500060081482
16720 0.9751899838447571 0.9071099758148193
16721 0.5064200162887573 0.44826000928878784
16722 0.5059099793434143 0.4374000132083893
16723 0.5059800148010254 0.4323900043964386
16724 0.5060099959373474 0.44275999069213867
16725 0.9596700072288513 0.9109399914741516
16726 0.9630500078201294 0.9097499847412109
16727 0.9668099880218506 0.908079981803894
16728 0.9708600044250488 0.9061700105667114
16729 0.9750199913978577 0.9042900204658508
16730 0.9790400266647339 0.9025300145149231
16731 0.9828100204467773 0.9006199836730957
16732 0.5069599747657776 0.453029990196228
16733 0.5201399922370911 0.45436999201774597
16734 0.532480001449585 0.4533199965953827
16735 0.543940007686615 0.4500199854373932
16736 0.5547000169754028 0.4459399878978729
16737 0.5656399726867676 0.44133999943733215
16738 0.5753999948501587 0.4362500011920929
16739 0.516569972038269 0.3836100101470947
16740 0.5275200009346008 0.3851200044155121
16741 0.5735099911689758 0.4007300138473511
16742 0.5917699933052063 0.41736000776290894
16743 0.5501899719238281 0.3912599980831146
16744 0.5620200037956238 0.39566001296043396
16745 0.5054399967193604 0.38288000226020813
16746 0.5830000042915344 0.4063299894332886
16747 0.5889599919319153 0.4121699929237366
16748 0.5922999978065491 0.4224100112915039
16749 0.538670003414154 0.3876599967479706
16750 0.5903800129890442 0.4281899929046631
16751 0.5856599807739258 0.43424999713897705
16752 0.5781700015068054 0.4402199983596802
16753 0.568149983882904 0.44562000036239624
16754 0.5567600131034851 0.45017001032829285
16755 0.5454999804496765 0.4539699852466583
16756 0.5337600111961365 0.4569999873638153
16757 0.5213000178337097 0.45805999636650085
16758 0.5074999928474426 0.456959992647171
16759 0.5299699902534485 0.5034499764442444
16760 0.5343300104141235 0.5008999705314636
16761 0.5336999893188477 0.5055699944496155
16762 0.5369399785995483 0.5034099817276001
16763 0.5442000031471252 0.5376399755477905
16764 0.5544499754905701 0.5334100127220154
16765 0.5389599800109863 0.5190500020980835
16766 0.5430099964141846 0.5311300158500671
16767 0.5400999784469604 0.5216799974441528
16768 0.5415099859237671 0.5254700183868408
16769 0.5483700037002563 0.5489100217819214
16770 0.5578200221061707 0.5432000160217285
16771 0.5573700070381165 0.5464500188827515
16772 0.5594499707221985 0.5303500294685364
16773 0.5631399750709534 0.544439971446991
16774 0.5630699992179871 0.5406399965286255
16775 0.5543000102043152 0.5504699945449829
16776 0.5533400177955627 0.54544997215271
16777 0.5493900179862976 0.5356799960136414
16778 0.5477799773216248 0.5295500159263611
16779 0.5458700060844421 0.5242499709129333
16780 0.5443000197410583 0.5206300020217896
16781 0.5429800152778625 0.517799973487854
16782 0.5630000233650208 0.514519989490509
16783 0.5571500062942505 0.5098999738693237
16784 0.5601000189781189 0.5198299884796143
16785 0.5556700229644775 0.514519989490509
16786 0.5560600161552429 0.524179995059967
16787 0.5519800186157227 0.5273699760437012
16788 0.5493999719619751 0.5221099853515625
16789 0.5526999831199646 0.5186899900436401
16790 0.9901900291442871 0.9189900159835815
16791 0.9881399869918823 0.9122899770736694
16792 0.9325000047683716 0.8879500031471252
16793 0.9360399842262268 0.8959199786186218
16794 0.9343799948692322 0.8920400142669678
16795 0.8970900177955627 0.9584699869155884
16796 0.8981500267982483 0.9314200282096863
16797 0.9851800203323364 0.954509973526001
16798 0.9347400069236755 0.9889799952507019
16799 0.9829800128936768 0.9145900011062622
16800 0.9906299710273743 0.9319499731063843
16801 0.907260000705719 0.9319400191307068
16802 0.9067299962043762 0.953220009803772
16803 0.9369099736213684 0.9760900139808655
16804 0.9152500033378601 0.9310600161552429
16805 0.9143999814987183 0.947380006313324
16806 0.9385200142860413 0.9648900032043457
16807 0.9712600111961365 0.9128699898719788
16808 0.9664000272750854 0.9143199920654297
16809 0.9760000109672546 0.9110199809074402
16810 0.9779599905014038 0.916700005531311
16811 0.9843000173568726 0.9209799766540527
16812 0.9785100221633911 0.9228399991989136
16813 0.9773200154304504 0.950760006904602
16814 0.9834499955177307 0.9320799708366394
16815 0.9702600240707397 0.9459099769592285
16816 0.9764699935913086 0.9318299889564514
16817 0.9620299935340881 0.9188200235366821
16818 0.9231200218200684 0.927839994430542
16819 0.9216600060462952 0.9410499930381775
16820 0.9402700066566467 0.9545300006866455
16821 0.9671900272369385 0.9186499714851379
16822 0.9727699756622314 0.9181100130081177
16823 0.9647799730300903 0.9401900172233582
16824 0.9702399969100952 0.9305599927902222
16825 0.9728999733924866 0.9237599968910217
16826 0.9378799796104431 0.9234700202941895
16827 0.9392499923706055 0.9283499717712402
16828 0.9426500201225281 0.9133899807929993
16829 0.9383800029754639 0.9189900159835815
16830 0.9401900172233582 0.9157599806785583
16831 0.9672799706459045 0.9235699772834778
16832 0.9654200077056885 0.9288100004196167
16833 0.9614400267601013 0.9352899789810181
16834 0.9436100125312805 0.9442700147628784
16835 0.9305400252342224 0.9337199926376343
16836 0.9307399988174438 0.9252700209617615
16837 0.9468299746513367 0.9358299970626831
16838 0.9581999778747559 0.9307299852371216
16839 0.9620699882507324 0.9226400256156921
16840 0.9610499739646912 0.926609992980957
16841 0.948199987411499 0.9164599776268005
16842 0.9455599784851074 0.9150999784469604
16843 0.941789984703064 0.9333099722862244
16844 0.9344000220298767 0.939769983291626
16845 0.9264600276947021 0.9495199918746948
16846 0.9212300181388855 0.959089994430542
16847 0.9154899716377258 0.9684600234031677
16848 0.90802001953125 0.9787099957466125
16849 0.9557099938392639 0.9278200268745422
16850 0.9506400227546692 0.9175199866294861
16851 0.9533200263977051 0.9344800114631653
16852 0.953819990158081 0.942359983921051
16853 0.9548799991607666 0.9511600136756897
16854 0.9572299718856812 0.9602400064468384
16855 0.9615700244903564 0.968970000743866
16856 0.9668499827384949 0.9789800047874451
16857 0.9583799839019775 0.9188200235366821
16858 0.9530100226402283 0.9182000160217285
16859 0.9555000066757202 0.9186199903488159
16860 0.9582700133323669 0.921779990196228
16861 0.9574900269508362 0.9248600006103516
16862 0.9552500247955322 0.9211400151252747
16863 0.9534199833869934 0.9265599846839905
16864 0.9527699947357178 0.929610013961792
16865 0.9545599818229675 0.923799991607666
16866 0.9439100027084351 0.9259200096130371
16867 0.9439700245857239 0.9172800183296204
16868 0.9430299997329712 0.9198700189590454
16869 0.9429299831390381 0.9227700233459473
16870 0.9457799792289734 0.9234600067138672
16871 0.94718998670578 0.9185600280761719
16872 0.9499800205230713 0.9196699857711792
16873 0.9491900205612183 0.9298099875450134
16874 0.9460499882698059 0.9284700155258179
16875 0.9493100047111511 0.9220100045204163
16876 0.950760006904602 0.9259300231933594
16877 0.9519100189208984 0.922980010509491
16878 0.9481499791145325 0.9248300194740295
16879 0.9525799751281738 0.9204999804496765
16880 0.9465000033378601 0.9208899736404419
16881 0.9316700100898743 0.8983100056648254
16882 0.9294599890708923 0.8946499824523926
16883 0.927049994468689 0.8906000256538391
16884 0.9396700263023376 0.9111400246620178
16885 0.9353600144386292 0.9047899842262268
16886 0.9336400032043457 0.9015799760818481
16887 0.9281899929046631 0.9008499979972839
16888 0.9254299998283386 0.8974499702453613
16889 0.9063299894332886 0.9125000238418579
16890 0.9224100112915039 0.8933200240135193
16891 0.9132000207901001 0.9156699776649475
16892 0.9197800159454346 0.9171900153160095
16893 0.931879997253418 0.9062100052833557
16894 0.9371700286865234 0.9081599712371826
16895 0.9330000281333923 0.910099983215332
16896 0.926110029220581 0.9178599715232849
16897 0.9304400086402893 0.9035000205039978
16898 0.9327099919319153 0.9180499911308289
16899 0.935949981212616 0.9136599898338318
16900 0.9287700057029724 0.9061099886894226
16901 0.9256299734115601 0.9041200280189514
16902 0.9221600294113159 0.9009299874305725
16903 0.9184899926185608 0.8966599702835083
16904 0.9281100034713745 0.9106199741363525
16905 0.9232800006866455 0.909089982509613
16906 0.9183599948883057 0.9064599871635437
16907 0.913100004196167 0.9025499820709229
16908 0.5352799892425537 0.513700008392334
16909 0.5329800248146057 0.5110300183296204
16910 0.5373600125312805 0.516480028629303
16911 0.5392299890518188 0.5001599788665771
16912 0.5523499846458435 0.5112199783325195
16913 0.547540009021759 0.5185099840164185
16914 0.550279974937439 0.5149999856948853
16915 0.5455700159072876 0.49932000041007996
16916 0.5504299998283386 0.5032399892807007
16917 0.5526900291442871 0.5074700117111206
16918 0.5363399982452393 0.5082600116729736
16919 0.5386300086975098 0.5112900137901306
16920 0.5410000085830688 0.5146200060844421
16921 0.5437999963760376 0.5012999773025513
16922 0.5475299954414368 0.5038800239562988
16923 0.5501099824905396 0.5095700025558472
16924 0.545989990234375 0.5155500173568726
16925 0.5483899712562561 0.512440025806427
16926 0.5390400290489197 0.5059599876403809
16927 0.5399699807167053 0.5033299922943115
16928 0.542930006980896 0.5042099952697754
16929 0.5461099743843079 0.5099700093269348
16930 0.5412399768829346 0.5088899731636047
16931 0.5437300205230713 0.5122900009155273
16932 0.5480700135231018 0.5079399943351746
16933 0.5499200224876404 0.506879985332489
16934 0.5436699986457825 0.5072600245475769
16935 0.545710027217865 0.5056700110435486
16936 0.8389899730682373 0.9734200239181519
16937 0.8735600113868713 0.982729971408844
16938 0.8562300205230713 0.9555000066757202
16939 0.8495200276374817 0.9824100136756897
16940 0.8678900003433228 0.9859200119972229
16941 0.8768900036811829 0.9599300026893616
16942 0.8662199974060059 0.9537100195884705
16943 0.8608300089836121 0.9869700074195862
16944 0.8543300032615662 0.9854699969291687
16945 0.8454499840736389 0.9783099889755249
16946 0.8706499934196472 0.954800009727478
16947 0.8743299841880798 0.9570000171661377
16948 0.8518000245094299 0.9579100012779236
16949 0.8469399809837341 0.96110999584198
16950 0.8610299825668335 0.9539099931716919
16951 0.8819299936294556 0.9703099727630615
16952 0.881600022315979 0.9749799966812134
16953 0.879830002784729 0.9739900231361389
16954 0.877560019493103 0.9785100221633911
16955 0.8575900197029114 0.9600800275802612
16956 0.8519499897956848 0.9800500273704529
16957 0.8674399852752686 0.98225998878479
16958 0.865809977054596 0.9587699770927429
16959 0.8620799779891968 0.9833700060844421
16960 0.8568599820137024 0.9824600219726562
16961 0.8693600296974182 0.9594799876213074
16962 0.8531399965286255 0.9617300033569336
16963 0.8617299795150757 0.958899974822998
16964 0.8588100075721741 0.9748200178146362
16965 0.854200005531311 0.9740099906921387
16966 0.854170024394989 0.9701600074768066
16967 0.8586000204086304 0.970300018787384
16968 0.8624699711799622 0.974560022354126
16969 0.8619099855422974 0.9698600172996521
16970 0.872160017490387 0.9794399738311768
16971 0.8657199740409851 0.9736999869346619
16972 0.8649299740791321 0.9691900014877319
16973 0.8754799962043762 0.9759899973869324
16974 0.8752099871635437 0.9618800282478333
16975 0.8726400136947632 0.9605900049209595
16976 0.871209979057312 0.9675999879837036
16977 0.8776500225067139 0.9727399945259094
16978 0.8678900003433228 0.9685099720954895
16979 0.8687199950218201 0.9724299907684326
16980 0.8747599720954895 0.9690999984741211
16981 0.8716700077056885 0.970770001411438
16982 0.8741599917411804 0.9666200280189514
16983 0.842270016670227 0.9755799770355225
16984 0.8469799757003784 0.9763000011444092
16985 0.8410500288009644 0.9732999801635742
16986 0.848039984703064 0.9638299942016602
16987 0.8396099805831909 0.9720100164413452
16988 0.8488600254058838 0.9722599983215332
16989 0.8490999937057495 0.9696099758148193
16990 0.8387899994850159 0.9708300232887268
16991 0.8430899977684021 0.9749100208282471
16992 0.8425800204277039 0.9733200073242188
16993 0.8437299728393555 0.9737899899482727
16994 0.8434399962425232 0.9639300107955933
16995 0.8422600030899048 0.9658300280570984
16996 0.8450300097465515 0.9691500067710876
16997 0.8443499803543091 0.9655100107192993
16998 0.8447700142860413 0.9709399938583374
16999 0.8417900204658508 0.9706699848175049
17000 0.8384199738502502 0.9691100120544434
17001 0.8416000008583069 0.9690200090408325
17002 0.8417900204658508 0.9674299955368042
17003 0.8449299931526184 0.9671800136566162
17004 0.8487600088119507 0.9666600227355957
17005 0.8538100123405457 0.9660000205039978
17006 0.8583700060844421 0.9653300046920776
17007 0.8618299961090088 0.964709997177124
17008 0.8649799823760986 0.9643300175666809
17009 0.8680999875068665 0.9642300009727478
17010 0.8714200258255005 0.9641799926757812
17011 0.8741499781608582 0.9640200138092041
17012 0.8801299929618835 0.9701700210571289
17013 0.8781300187110901 0.9701300263404846
17014 0.8758999705314636 0.9711899757385254
17015 0.8732399940490723 0.9734399914741516
17016 0.8702999949455261 0.9761099815368652
17017 0.8666899800300598 0.9782299995422363
17018 0.8627499938011169 0.979170024394989
17019 0.858489990234375 0.9789999723434448
17020 0.8536099791526794 0.9773300290107727
17021 0.8480899930000305 0.9742500185966492
17022 0.8443400263786316 0.9724000096321106
17023 0.8422099947929382 0.972100019454956
17024 0.6652600169181824 0.5450299978256226
17025 0.60139000415802 0.5594499707221985
17026 0.618149995803833 0.5437899827957153
17027 0.6347500085830688 0.5239199995994568
17028 0.6583499908447266 0.5562000274658203
17029 0.6265100240707397 0.534529983997345
17030 0.6510900259017944 0.5667999982833862
17031 0.6496400237083435 0.5448499917984009
17032 0.6409500241279602 0.5559499859809875
17033 0.6302700042724609 0.5648099780082703
17034 0.6084200143814087 0.5765600204467773
17035 0.6107199788093567 0.5853000283241272
17036 0.6335600018501282 0.5777000188827515
17037 0.6463199853897095 0.5785300135612488
17038 0.5924699902534485 0.5664600133895874
17039 0.598550021648407 0.5812100172042847
17040 0.6007900238037109 0.5886800289154053
17041 0.571619987487793 0.5788800120353699
17042 0.582360029220581 0.5728499889373779
17043 0.5883899927139282 0.5853700041770935
17044 0.590939998626709 0.5918700098991394
17045 0.621399998664856 0.5816400051116943
17046 0.6187899708747864 0.5711299777030945
17047 0.609749972820282 0.5519300103187561
17048 0.5614100098609924 0.5849000215530396
17049 0.5522599816322327 0.5908499956130981
17050 0.5442000031471252 0.5969799757003784
17051 0.5374900102615356 0.6037300229072571
17052 0.532800018787384 0.6115599870681763
17053 0.5750499963760376 0.584119975566864
17054 0.5854899883270264 0.5789300203323364
17055 0.595770001411438 0.5735599994659424
17056 0.6052700281143188 0.5676299929618835
17057 0.6145700216293335 0.5610100030899048
17058 0.623989999294281 0.5535399913787842
17059 0.6332100033760071 0.5446799993515015
17060 0.6419100165367126 0.5341799855232239
17061 0.5660300254821777 0.6331800222396851
17062 0.5396100282669067 0.6464099884033203
17063 0.5290300250053406 0.63823002576828
17064 0.5287799835205078 0.6291099786758423
17065 0.5300999879837036 0.6201599836349487
17066 0.53711998462677 0.6379200220108032
17067 0.5362399816513062 0.6296600103378296
17068 0.5783900022506714 0.5896099805831909
17069 0.543690025806427 0.6073600053787231
17070 0.549530029296875 0.6010400056838989
17071 0.5567899942398071 0.5952500104904175
17072 0.5653499960899353 0.5896099805831909
17073 0.5395299792289734 0.6143100261688232
17074 0.5370500087738037 0.621749997138977
17075 0.5636500120162964 0.6203100085258484
17076 0.5945000052452087 0.6037899851799011
17077 0.6035199761390686 0.6022099852561951
17078 0.6128399968147278 0.6009500026702881
17079 0.6224600076675415 0.599839985370636
17080 0.6324300169944763 0.5991500020027161
17081 0.642520010471344 0.5998700261116028
17082 0.6519200205802917 0.6023799777030945
17083 0.5689499974250793 0.6197199821472168
17084 0.5692200064659119 0.5943899750709534
17085 0.5660499930381775 0.6177399754524231
17086 0.5871899724006653 0.6107199788093567
17087 0.5723400115966797 0.6184499859809875
17088 0.5840799808502197 0.6007199883460999
17089 0.5814800262451172 0.5952699780464172
17090 0.5697799921035767 0.6156399846076965
17091 0.5859699845314026 0.6058499813079834
17092 0.5744699835777283 0.6138200163841248
17093 0.5802000164985657 0.6122400164604187
17094 0.5521100163459778 0.6515100002288818
17095 0.5476099848747253 0.6443700194358826
17096 0.5549899935722351 0.6407700181007385
17097 0.5515300035476685 0.6347000002861023
17098 0.5445700287818909 0.6368299722671509
17099 0.5434499979019165 0.6225200295448303
17100 0.5515499711036682 0.6172800064086914
17101 0.5430899858474731 0.6294500231742859
17102 0.5497300028800964 0.6286100149154663
17103 0.5498200058937073 0.6227899789810181
17104 0.5456399917602539 0.6160600185394287
17105 0.5637500286102295 0.6348900198936462
17106 0.5614100098609924 0.6307500004768372
17107 0.5602899789810181 0.6267799735069275
17108 0.559909999370575 0.62295001745224
17109 0.5605800151824951 0.6192499995231628
17110 0.5546799898147583 0.612339973449707
17111 0.5493199825286865 0.6100299954414368
17112 0.5629799962043762 0.6159700155258179
17113 0.5654199719429016 0.6035400032997131
17114 0.5728999972343445 0.5992199778556824
17115 0.5593100190162659 0.6079000234603882
17116 0.5544800162315369 0.6045600175857544
17117 0.5611299872398376 0.5994499921798706
17118 0.5669599771499634 0.6131200194358826
17119 0.5721200108528137 0.6104400157928467
17120 0.5760599970817566 0.6037999987602234
17121 0.5784199833869934 0.6080600023269653
17122 0.5692099928855896 0.6071900129318237
17123 0.5636000037193298 0.610729992389679
17124 0.5593400001525879 0.6142899990081787
17125 0.5566800236701965 0.6183000206947327
17126 0.555649995803833 0.6228500008583069
17127 0.5558800101280212 0.6275500059127808
17128 0.557420015335083 0.6323500275611877
17129 0.560479998588562 0.6371200084686279
17130 0.6007699966430664 0.6739100217819214
17131 0.587440013885498 0.6724600195884705
17132 0.5754899978637695 0.6687399744987488
17133 0.6266899704933167 0.6717900037765503
17134 0.6498399972915649 0.665090024471283
17135 0.6606799960136414 0.6599799990653992
17136 0.6141300201416016 0.6733099818229675
17137 0.6384999752044678 0.6690599918365479
17138 0.5811499953269958 0.6608700156211853
17139 0.5916799902915955 0.6644099950790405
17140 0.6037600040435791 0.6659500002861023
17141 0.616100013256073 0.6656500101089478
17142 0.6277099847793579 0.6646299958229065
17143 0.6387500166893005 0.6625400185585022
17144 0.6495699882507324 0.6593199968338013
17145 0.6597200036048889 0.6549699902534485
17146 0.6706399917602539 0.6537399888038635
17147 0.630050003528595 0.6529899835586548
17148 0.6192200183868408 0.6532400250434875
17149 0.6077899932861328 0.6534600257873535
17150 0.5964699983596802 0.653190016746521
17151 0.5864700078964233 0.6509000062942505
17152 0.659060001373291 0.6465299725532532
17153 0.6501200199127197 0.6496899724006653
17154 0.6403099894523621 0.6518099904060364
17155 0.5659400224685669 0.6639000177383423
17156 0.5582399964332581 0.6581100225448608
17157 0.565530002117157 0.6517500281333923
17158 0.5727099776268005 0.6567000150680542
17159 0.5596299767494202 0.6462900042533875
17160 0.5789899826049805 0.6471800208091736
17161 0.5729600191116333 0.6428599953651428
17162 0.5676199793815613 0.6387500166893005
17163 0.5648199915885925 0.6415500044822693
17164 0.5703200101852417 0.6464899778366089
17165 0.57669997215271 0.6514300107955933
17166 0.5844500064849854 0.6555299758911133
17167 0.5944700241088867 0.6586899757385254
17168 0.6059399843215942 0.659820020198822
17169 0.617680013179779 0.6596500277519226
17170 0.628849983215332 0.6591100096702576
17171 0.6395099759101868 0.6575499773025513
17172 0.649869978427887 0.6549100279808044
17173 0.659529983997345 0.6510900259017944
17174 0.8790000081062317 0.9640600085258484
17175 0.8781700134277344 0.9622399806976318
17176 0.8794199824333191 0.9674199819564819
17177 0.8770700693130493 0.9643800258636475
17178 0.8772500157356262 0.967960000038147
17179 0.8762699961662292 0.9633200168609619
17180 0.6590999960899353 0.6230199933052063
17181 0.8795499801635742 0.9616000056266785
17182 0.8791499733924866 0.9656599760055542
17183 0.6691799759864807 0.6494699716567993
17184 0.6634500026702881 0.6156200170516968
17185 0.6601999998092651 0.6204500198364258
17186 0.6614199876785278 0.6187099814414978
17187 0.6686999797821045 0.6069499850273132
17188 0.672249972820282 0.601830005645752
17189 0.662310004234314 0.5999100208282471
17190 0.6656500101089478 0.5930699706077576
17191 0.6775000095367432 0.6116099953651428
17192 0.6596900224685669 0.6063100099563599
17193 0.6658499836921692 0.6116600036621094
17194 0.6739000082015991 0.61558997631073
17195 0.6855400204658508 0.6179500222206116
17196 0.6854900121688843 0.6429100036621094
17197 0.6877599954605103 0.6273900270462036
17198 0.6815599799156189 0.6217100024223328
17199 0.6839799880981445 0.6301000118255615
17200 0.6783400177955627 0.6473600268363953
17201 0.6829599738121033 0.6416199803352356
17202 0.6768800020217896 0.6438199877738953
17203 0.6816099882125854 0.6389399766921997
17204 0.6594200134277344 0.6261299848556519
17205 0.6599799990653992 0.6237000226974487
17206 0.8813400268554688 0.9670600295066833
17207 0.6603000164031982 0.624530017375946
17208 0.8803399801254272 0.9639300107955933
17209 0.8808500170707703 0.9653800129890442
17210 0.6614800095558167 0.6299899816513062
17211 0.6645299792289734 0.6374199986457825
17212 0.6628100275993347 0.6330500245094299
17213 0.6667799949645996 0.6422500014305115
17214 0.6683499813079834 0.6460599899291992
17215 0.662559986114502 0.622439980506897
17216 0.6675500273704529 0.6206899881362915
17217 0.670229971408844 0.6270700097084045
17218 0.6645900011062622 0.6218400001525879
17219 0.6665499806404114 0.625760018825531
17220 0.6639000177383423 0.6249399781227112
17221 0.6692699790000916 0.6330699920654297
17222 0.6706900000572205 0.6187099814414978
17223 0.6729400157928467 0.6364099979400635
17224 0.6741700172424316 0.6278499960899353
17225 0.6755800247192383 0.6399099826812744
17226 0.6804599761962891 0.6340799927711487
17227 0.6779599785804749 0.625789999961853
17228 0.6660799980163574 0.6297900080680847
17229 0.6637099981307983 0.6276100277900696
17230 0.6602500081062317 0.6252700090408325
17231 0.5879999995231628 0.6158400177955627
17232 0.5765600204467773 0.6174899935722351
17233 0.5817599892616272 0.6167200207710266
17234 0.6989799737930298 0.35589998960494995
17235 0.6840500235557556 0.31863999366760254
17236 0.70305997133255 0.42333000898361206
17237 0.7038999795913696 0.390610009431839
17238 0.5705100297927856 0.2352599948644638
17239 0.6629300117492676 0.39423999190330505
17240 0.6555699706077576 0.3673099875450134
17241 0.6661499738693237 0.41971999406814575
17242 0.6158000230789185 0.25279998779296875
17243 0.5252599716186523 0.22654999792575836
17244 0.6558399796485901 0.28244999051094055
17245 0.6065700054168701 0.29319000244140625
17246 0.6280500292778015 0.3147900104522705
17247 0.644599974155426 0.3401300013065338
17248 0.5514199733734131 0.2640700042247772
17249 0.5178800225257874 0.25867000222206116
17250 0.5807099938392639 0.2749199867248535
17251 0.5229300260543823 0.23614999651908875
17252 0.5640100240707397 0.24336999654769897
17253 0.602869987487793 0.258760005235672
17254 0.6367599964141846 0.2811099886894226
17255 0.6616500020027161 0.3125799894332886
17256 0.6778500080108643 0.34617000818252563
17257 0.686489999294281 0.37911999225616455
17258 0.6895400285720825 0.41054999828338623
17259 0.6428300142288208 0.5118899941444397
17260 0.6572999954223633 0.533079981803894
17261 0.6499099731445312 0.5222600102424622
17262 0.6758599877357483 0.4009299874305725
17263 0.6692000031471252 0.3715200126171112
17264 0.6595199704170227 0.34106001257896423
17265 0.643060028553009 0.31123998761177063
17266 0.6208000183105469 0.2845200002193451
17267 0.5915200114250183 0.2658199965953827
17268 0.558430016040802 0.25183001160621643
17269 0.5205699801445007 0.24692000448703766
17270 0.6934300065040588 0.4767400026321411
17271 0.6654499769210815 0.44290998578071594
17272 0.699150025844574 0.45210000872612
17273 0.6877700090408325 0.4389500021934509
17274 0.6833500266075134 0.4634000062942505
17275 0.6624699831008911 0.463919997215271
17276 0.6868100166320801 0.49783000349998474
17277 0.6699000000953674 0.47336000204086304
17278 0.679610013961792 0.5162400007247925
17279 0.6573399901390076 0.48243001103401184
17280 0.6504799723625183 0.498199999332428
17281 0.6722999811172485 0.5319499969482422
17282 0.6715199947357178 0.5031499862670898
17283 0.6644799709320068 0.5194200277328491
17284 0.657230019569397 0.5084999799728394
17285 0.664080023765564 0.49222999811172485
17286 0.6738200187683105 0.45217999815940857
17287 0.6766200065612793 0.42816999554634094
17288 0.6780099868774414 0.4844200015068054
17289 0.6845999956130981 0.636210024356842
17290 0.6878499984741211 0.6353600025177002
17291 0.6922000050544739 0.6350700259208679
17292 0.697920024394989 0.6351900100708008
17293 0.7051299810409546 0.6356899738311768
17294 0.7136300206184387 0.6361500024795532
17295 0.7193400263786316 0.6772500276565552
17296 0.717739999294281 0.6551899909973145
17297 0.7271599769592285 0.6585900187492371
17298 0.7379000186920166 0.6171500086784363
17299 0.726140022277832 0.6175600290298462
17300 0.7230700254440308 0.6366999745368958
17301 0.7333199977874756 0.6384199857711792
17302 0.5712599754333496 0.621940016746521
17303 0.5742800235748291 0.6212499737739563
17304 0.5665199756622314 0.6214900016784668
17305 0.5640299916267395 0.6297100186347961
17306 0.5631200075149536 0.6264600157737732
17307 0.5628399848937988 0.6233100295066833
17308 0.5680199861526489 0.6315799951553345
17309 0.5661699771881104 0.6288700103759766
17310 0.565500020980835 0.6263499855995178
17311 0.5654500126838684 0.6238399744033813
17312 0.5689700245857239 0.6229299902915955
17313 0.5696700215339661 0.6305199861526489
17314 0.5737599730491638 0.6256099939346313
17315 0.5880299806594849 0.6198999881744385
17316 0.577970027923584 0.620710015296936
17317 0.5825099945068359 0.6203500032424927
17318 0.5766400098800659 0.6254900097846985
17319 0.8364099860191345 0.9672999978065491
17320 0.8388199806213379 0.9674400091171265
17321 0.8346199989318848 0.9670699834823608
17322 0.5850099921226501 0.6251000165939331
17323 0.8424100279808044 0.9625099897384644
17324 0.8403099775314331 0.965470016002655
17325 0.5809599757194519 0.6251999735832214
17326 0.5789399743080139 0.6254100203514099
17327 0.8375599980354309 0.9644100069999695
17328 0.8375300168991089 0.9655699729919434
17329 0.5678899884223938 0.6284499764442444
17330 0.5677899718284607 0.6245700120925903
17331 0.5675299763679504 0.6265000104904175
17332 0.5701599717140198 0.6270300149917603
17333 0.5714700222015381 0.6259899735450745
17334 0.837689995765686 0.9723700284957886
17335 0.8362900018692017 0.9710699915885925
17336 0.8356900215148926 0.9692500233650208
17337 0.8365100026130676 0.9727100133895874
17338 0.5708699822425842 0.6271200180053711
17339 0.8333899974822998 0.9693700075149536
17340 0.571590006351471 0.6282399892807007
17341 0.5705199837684631 0.627780020236969
17342 0.5704500079154968 0.6263899803161621
17343 0.8342099785804749 0.9712600111961365
17344 0.8766499757766724 0.965969979763031
17345 0.880840003490448 0.9647600054740906
17346 0.5047100186347961 0.5527799725532532
17347 0.5147899985313416 0.5521299839019775
17348 0.5238400101661682 0.5508000254631042
17349 0.5319399833679199 0.5488899946212769
17350 0.5393900275230408 0.5464400053024292
17351 0.5456699728965759 0.5437700152397156
17352 0.5510200262069702 0.5412999987602234
17353 0.5563799738883972 0.5389299988746643
17354 0.5618699789047241 0.5359799861907959
17355 0.5670499801635742 0.5319200158119202
17356 0.5713099837303162 0.5268399715423584
17357 0.574400007724762 0.5211300253868103
17358 0.576200008392334 0.5147200226783752
17359 0.5766000151634216 0.5070899724960327
17360 0.5768100023269653 0.49834999442100525
17361 0.5812900066375732 0.478520005941391
17362 0.5880699753761292 0.4680500030517578
17363 0.5972700119018555 0.4583899974822998
17364 0.6037200093269348 0.44846999645233154
17365 0.607420027256012 0.43825000524520874
17366 0.6084399819374084 0.42770999670028687
17367 0.6067900061607361 0.4171000123023987
17368 0.6027100086212158 0.40643998980522156
17369 0.5958300232887268 0.3960599899291992
17370 0.586080014705658 0.38659000396728516
17371 0.574400007724762 0.37841999530792236
17372 0.5615000128746033 0.37237000465393066
17373 0.5475599765777588 0.3687100112438202
17374 0.533519983291626 0.3666599988937378
17375 0.5199900269508362 0.36550000309944153
17376 0.506630003452301 0.3648900091648102
17377 0.5519599914550781 0.4724999964237213
17378 0.5376200079917908 0.4716300070285797
17379 0.5231999754905701 0.4709700047969818
17380 0.5079299807548523 0.4704599976539612
17381 0.5646700263023376 0.4637700021266937
17382 0.5530400276184082 0.4800400137901306
17383 0.5383399724960327 0.47780001163482666
17384 0.5234900116920471 0.476529985666275
17385 0.5079799890518188 0.47585999965667725
17386 0.5671399831771851 0.47398000955581665
17387 0.5670099854469299 0.48370999097824097
17388 0.5784299969673157 0.48903000354766846
17389 0.5786299705505371 0.524429976940155
17390 0.5814700126647949 0.5166900157928467
17391 0.5869500041007996 0.6225500106811523
17392 0.5942699909210205 0.6220800280570984
17393 0.6038299798965454 0.6216700077056885
17394 0.6140199899673462 0.6214600205421448
17395 0.6240500211715698 0.6212999820709229
17396 0.6339899897575378 0.6210100054740906
17397 0.6431099772453308 0.6208599805831909
17398 0.6506699919700623 0.6209700107574463
17399 0.6561899781227112 0.6209999918937683
17400 0.6595500111579895 0.6215400099754333
17401 0.6612600088119507 0.6229100227355957
17402 0.6620799899101257 0.6245899796485901
17403 0.6619300246238708 0.6263300180435181
17404 0.6603699922561646 0.628000020980835
17405 0.6568099856376648 0.6292099952697754
17406 0.6507599949836731 0.6300100088119507
17407 0.64301997423172 0.6308299899101257
17408 0.6340699791908264 0.631820023059845
17409 0.623960018157959 0.6326199769973755
17410 0.6128799915313721 0.6331499814987183
17411 0.6014800071716309 0.6332100033760071
17412 0.5914400219917297 0.6327900290489197
17413 0.5835099816322327 0.6322900056838989
17414 0.5776900053024292 0.6316099762916565
17415 0.5735800266265869 0.630649983882904
17416 0.5707899928092957 0.6295099854469299
17417 0.5694000124931335 0.6282200217247009
17418 0.569130003452301 0.6268399953842163
17419 0.5694500207901001 0.6255199909210205
17420 0.5705199837684631 0.6245899796485901
17421 0.5726600289344788 0.6240299940109253
17422 0.5754899978637695 0.6236500144004822
17423 0.5785700082778931 0.6232900023460388
17424 0.5820599794387817 0.6228799819946289
17425 0.7694900035858154 0.08590999990701675
17426 0.8752300143241882 0.3416300117969513
17427 0.8884699940681458 0.3824099898338318
17428 0.9079399704933167 0.6477100253105164
17429 0.830560028553009 0.23477999866008759
17430 0.7805200219154358 0.14916999638080597
17431 0.7951200008392334 0.17688000202178955
17432 0.8131600022315979 0.2045000046491623
17433 0.8616499900817871 0.30254000425338745
17434 0.8461599946022034 0.2676199972629547
17435 0.7764000296592712 0.9704800248146057
17436 0.772570013999939 0.12522999942302704
17437 0.7702100276947021 0.10467000305652618
17438 0.8262699842453003 0.8258699774742126
17439 0.8375599980354309 0.8081300258636475
17440 0.8132500052452087 0.8615999817848206
17441 0.8200399875640869 0.8431900143623352
17442 0.8872100114822388 0.724370002746582
17443 0.871649980545044 0.7572199702262878
17444 0.8544999957084656 0.7851300239562988
17445 0.7764599919319153 0.9507499933242798
17446 0.8053299784660339 0.8793100118637085
17447 0.7803500294685364 0.9321600198745728
17448 0.796280026435852 0.8964499831199646
17449 0.7877299785614014 0.9140499830245972
17450 0.9111499786376953 0.6114400029182434
17451 0.9067999720573425 0.5088800191879272
17452 0.9092100262641907 0.5440000295639038
17453 0.787060022354126 0.01063000038266182
17454 0.7699699997901917 0.06977999955415726
17455 0.7725499868392944 0.05468999966979027
17456 0.7761499881744385 0.04083999991416931
17457 0.7844600081443787 0.018120000138878822
17458 0.7805899977684021 0.02865999937057495
17459 0.8998000025749207 0.6862800121307373
17460 0.9109200239181519 0.5774000287055969
17461 0.9027199745178223 0.46834999322891235
17462 0.8978999853134155 0.4250200092792511
17463 0.7959799766540527 0.09961000084877014
17464 0.823419988155365 0.10734999924898148
17465 0.8495100140571594 0.10864999890327454
17466 0.8749899864196777 0.10137999802827835
17467 0.8956500291824341 0.08158999681472778
17468 0.9155200123786926 0.08969999849796295
17469 0.9515399932861328 0.08973000198602676
17470 0.9671099781990051 0.09211000055074692
17471 0.8936799764633179 0.34900999069213867
17472 0.9025499820709229 0.3877600133419037
17473 0.9170399904251099 0.6487100124359131
17474 0.8585900068283081 0.24713000655174255
17475 0.8392900228500366 0.1521500051021576
17476 0.8671799898147583 0.15609000623226166
17477 0.8163899779319763 0.16562999784946442
17478 0.848800003528595 0.17690999805927277
17479 0.8291400074958801 0.19115999341011047
17480 0.8441500067710876 0.21792000532150269
17481 0.8830299973487854 0.3123599886894226
17482 0.8721200227737427 0.27838000655174255
17483 0.8079100251197815 0.14148999750614166
17484 0.9480800032615662 0.11421000212430954
17485 0.8015000224113464 0.11982999742031097
17486 0.8309199810028076 0.12822000682353973
17487 0.8582299947738647 0.13109000027179718
17488 0.8856099843978882 0.12594999372959137
17489 0.8936399817466736 0.15419000387191772
17490 0.9122700095176697 0.11902999877929688
17491 0.9637699723243713 0.12037999927997589
17492 0.8444399833679199 0.8121700286865234
17493 0.8977500200271606 0.725570023059845
17494 0.8822199702262878 0.7594699859619141
17495 0.8636900186538696 0.7890099883079529
17496 0.9833700060844421 0.6335300207138062
17497 0.9829999804496765 0.3738600015640259
17498 0.9831100106239319 0.40529000759124756
17499 0.9808899760246277 0.28165000677108765
17500 0.9797999858856201 0.2516399919986725
17501 0.9827100038528442 0.3426100015640259
17502 0.97843998670578 0.21981999278068542
17503 0.9531300067901611 0.1816900074481964
17504 0.9819700121879578 0.31169000267982483
17505 0.9574999809265137 0.14869999885559082
17506 0.9396899938583374 0.13440999388694763
17507 0.9196799993515015 0.14811000227928162
17508 0.9679200053215027 0.3728399872779846
17509 0.9686300158500671 0.40547001361846924
17510 0.9692100286483765 0.6355999708175659
17511 0.8766199946403503 0.18193000555038452
17512 0.9019200205802917 0.18257999420166016
17513 0.9377099871635437 0.24587999284267426
17514 0.955079972743988 0.21642999351024628
17515 0.9272699952125549 0.1801300048828125
17516 0.932200014591217 0.21413999795913696
17517 0.9583899974822998 0.2489199936389923
17518 0.9615399837493896 0.27963998913764954
17519 0.9643399715423584 0.3100399971008301
17520 0.9665600061416626 0.3410300016403198
17521 0.9099599719047546 0.3556700050830841
17522 0.9156500101089478 0.3928399980068207
17523 0.8829799890518188 0.2582300007343292
17524 0.8602399826049805 0.20266999304294586
17525 0.872160017490387 0.22945000231266022
17526 0.9025999903678894 0.3208000063896179
17527 0.8934199810028076 0.2887200117111206
17528 0.9532600045204163 0.37035998702049255
17529 0.9247400164604187 0.36164000630378723
17530 0.9284700155258179 0.39772000908851624
17531 0.9547299742698669 0.4040600061416626
17532 0.9565799832344055 0.6392199993133545
17533 0.9426800012588501 0.2762399911880493
17534 0.9044299721717834 0.2661300003528595
17535 0.8867300152778625 0.2091899961233139
17536 0.8960099816322327 0.23733000457286835
17537 0.9508399963378906 0.3380100131034851
17538 0.9197499752044678 0.3278200030326843
17539 0.9130200147628784 0.2962000072002411
17540 0.9472100138664246 0.3067399859428406
17541 0.9239500164985657 0.27180999517440796
17542 0.9172199964523315 0.24233999848365784
17543 0.9097999930381775 0.2125599980354309
17544 0.930400013923645 0.30204999446868896
17545 0.9354400038719177 0.3335300087928772
17546 0.9389200210571289 0.3665899932384491
17547 0.9414100050926208 0.4014900028705597
17548 0.8473600149154663 0.9364299774169922
17549 0.840910017490387 0.91948002576828
17550 0.8381400108337402 0.9039199948310852
17551 0.8920800089836121 0.8789200186729431
17552 0.9032599925994873 0.8910599946975708
17553 0.8840299844741821 0.8673099875450134
17554 0.9256200194358826 0.6482999920845032
17555 0.9344499707221985 0.6465700268745422
17556 0.9448800086975098 0.6431699991226196
17557 0.8448899984359741 0.8241099715232849
17558 0.9073699712753296 0.7270200252532959
17559 0.8696900010108948 0.7971900105476379
17560 0.89055997133255 0.764240026473999
17561 0.8443099856376648 0.8396300077438354
17562 0.9808400273323059 0.7044199705123901
17563 0.9657800197601318 0.7888100147247314
17564 0.9650800228118896 0.7079799771308899
17565 0.9486200213432312 0.7877699732780457
17566 0.9498999714851379 0.7143499851226807
17567 0.942550003528595 0.8388199806213379
17568 0.9274799823760986 0.8326399922370911
17569 0.8380100131034851 0.8885700106620789
17570 0.9148300290107727 0.8276399970054626
17571 0.9329400062561035 0.7892400026321411
17572 0.9329800009727478 0.7246999740600586
17573 0.8398600220680237 0.8728799819946289
17574 0.878849983215332 0.8557100296020508
17575 0.9181299805641174 0.795229971408844
17576 0.9050899744033813 0.8232399821281433
17577 0.8761399984359741 0.8419700264930725
17578 0.9178599715232849 0.7294300198554993
17579 0.8423399925231934 0.8563299775123596
17580 0.9015300273895264 0.8124300241470337
17581 0.8734300136566162 0.8097699880599976
17582 0.8986999988555908 0.7726899981498718
17583 0.8754900097846985 0.8256400227546692
17584 0.9027000069618225 0.7910100221633911
17585 0.9246900081634521 0.764519989490509
17586 0.9429799914360046 0.7524700164794922
17587 0.9592099785804749 0.7469300031661987
17588 0.9759399890899658 0.7450799942016602
17589 0.9197999835014343 0.6115599870681763
17590 0.9157099723815918 0.5077900290489197
17591 0.9280999898910522 0.6109799742698669
17592 0.9246500134468079 0.5072500109672546
17593 0.9365599751472473 0.6094200015068054
17594 0.9180600047111511 0.5420399904251099
17595 0.9265900254249573 0.5407400131225586
17596 0.9827399849891663 0.505370020866394
17597 0.9832800030708313 0.599590003490448
17598 0.9682199954986572 0.5056999921798706
17599 0.9695000052452087 0.6018499732017517
17600 0.9551600217819214 0.5065100193023682
17601 0.9572499990463257 0.6042799949645996
17602 0.9437500238418579 0.5068299770355225
17603 0.9462299942970276 0.6068900227546692
17604 0.9338099956512451 0.5069800019264221
17605 0.9352499842643738 0.5400500297546387
17606 0.9448300004005432 0.5394399762153625
17607 0.9559599757194519 0.5384699702262878
17608 0.9686800241470337 0.5372899770736694
17609 0.9828900098800659 0.5368899703025818
17610 0.9220799803733826 0.014569999650120735
17611 0.9331600069999695 0.014709999784827232
17612 0.944159984588623 0.014929999597370625
17613 0.956250011920929 0.015130000188946724
17614 0.968999981880188 0.01537999976426363
17615 0.9826700091362 0.015879999846220016
17616 0.9009900093078613 0.013020000420510769
17617 0.9114099740982056 0.014189999550580978
17618 0.7956900000572205 0.011169999837875366
17619 0.806659996509552 0.011509999632835388
17620 0.8216999769210815 0.011900000274181366
17621 0.8393999934196472 0.01205000001937151
17622 0.8548600077629089 0.011629999615252018
17623 0.8679599761962891 0.011239999905228615
17624 0.8791599869728088 0.011459999717772007
17625 0.889930009841919 0.011920000426471233
17626 0.9087600111961365 0.05626999959349632
17627 0.9174699783325195 0.03248000144958496
17628 0.9239699840545654 0.060679998248815536
17629 0.9300900101661682 0.03401000052690506
17630 0.9393799901008606 0.061739999800920486
17631 0.9428300261497498 0.0347599983215332
17632 0.9543399810791016 0.06216999888420105
17633 0.9559400081634521 0.03522000089287758
17634 0.9688699841499329 0.06302999705076218
17635 0.9694300293922424 0.03570999950170517
17636 0.983430027961731 0.03717000037431717
17637 0.8406500220298767 0.08799999952316284
17638 0.8161799907684326 0.08778999745845795
17639 0.7920100092887878 0.08087000250816345
17640 0.8632400035858154 0.08092000335454941
17641 0.8819000124931335 0.0667399987578392
17642 0.8725000023841858 0.0530100017786026
17643 0.7905399799346924 0.06346999853849411
17644 0.8114399909973145 0.06911999732255936
17645 0.8343799710273743 0.06908000260591507
17646 0.8553100228309631 0.06338000297546387
17647 0.8854100108146667 0.03970000147819519
17648 0.8948900103569031 0.025040000677108765
17649 0.9055500030517578 0.02938999980688095
17650 0.895799994468689 0.04842999950051308
17651 0.8492500185966492 0.04868999868631363
17652 0.8296099901199341 0.05245999991893768
17653 0.8087199926376343 0.05189000070095062
17654 0.8771399855613708 0.03189999982714653
17655 0.8652600049972534 0.041370000690221786
17656 0.7908200025558472 0.047449998557567596
17657 0.7924000024795532 0.03311999887228012
17658 0.7943900227546692 0.020400000736117363
17659 0.8074399828910828 0.0363599993288517
17660 0.8070700168609619 0.022089999169111252
17661 0.8257899880409241 0.03740999847650528
17662 0.8232799768447876 0.023000000044703484
17663 0.8444499969482422 0.03531999886035919
17664 0.8410300016403198 0.022420000284910202
17665 0.8598499894142151 0.030859999358654022
17666 0.8564000129699707 0.020419999957084656
17667 0.8708400130271912 0.02531999908387661
17668 0.8680700063705444 0.0182499997317791
17669 0.876829981803894 0.018360000103712082
17670 0.8853099942207336 0.021080000326037407
17671 0.982729971408844 0.6671199798583984
17672 0.9678900241851807 0.66975998878479
17673 0.954289972782135 0.6755099892616272
17674 0.9410399794578552 0.6818900108337402
17675 0.928879976272583 0.6861199736595154
17676 0.9189800024032593 0.687279999256134
17677 0.9096800088882446 0.6874099969863892
17678 0.9830800294876099 0.5675600171089172
17679 0.9691600203514099 0.5688599944114685
17680 0.9567700028419495 0.5705299973487854
17681 0.9458000063896179 0.572350025177002
17682 0.9363099932670593 0.57396000623703
17683 0.9279500246047974 0.5750200152397156
17684 0.9196900129318237 0.5759699940681458
17685 0.9124100208282471 0.4686099886894226
17686 0.921999990940094 0.4700700044631958
17687 0.9319400191307068 0.4715699851512909
17688 0.9426199793815613 0.47238999605178833
17689 0.954509973526001 0.47284001111984253
17690 0.9678300023078918 0.47235000133514404
17691 0.9826099872589111 0.47161000967025757
17692 0.9831200242042542 0.43779000639915466
17693 0.9687899947166443 0.4390699863433838
17694 0.95524001121521 0.43873000144958496
17695 0.9426800012588501 0.4373300075531006
17696 0.9307799935340881 0.4349200129508972
17697 0.9194499850273132 0.430620014667511
17698 0.908840000629425 0.4273900091648102
17699 0.7120400071144104 0.01408000010997057
17700 0.7166299819946289 0.030139999464154243
17701 0.7277500033378601 0.0500900000333786
17702 0.7458999752998352 0.06885000318288803
17703 0.7493799924850464 0.31477001309394836
17704 0.6418899893760681 0.22928999364376068
17705 0.8368399739265442 0.29271000623703003
17706 0.7545099854469299 0.2700499892234802
17707 0.7997099757194519 0.22359000146389008
17708 0.6988099813461304 0.1998399943113327
17709 0.7333800196647644 0.20814000070095062
17710 0.6176999807357788 0.17728999257087708
17711 0.5707299709320068 0.1656000018119812
17712 0.741159975528717 0.13054999709129333
17713 0.6911600232124329 0.14483000338077545
17714 0.7598599791526794 0.16407999396324158
17715 0.7799299955368042 0.1938599944114685
17716 0.7116600275039673 0.17749999463558197
17717 0.6039999723434448 0.14961999654769897
17718 0.5628200173377991 0.14022000133991241
17719 0.6784499883651733 0.16933000087738037
17720 0.5813800096511841 0.2060600072145462
17721 0.7821900248527527 0.27744999527931213
17722 0.7026699781417847 0.26848000288009644
17723 0.5277000069618225 0.1965000033378601
17724 0.5245599746704102 0.15828999876976013
17725 0.5214200019836426 0.13420000672340393
17726 0.6589400172233582 0.1374800056219101
17727 0.5186300277709961 0.11051999777555466
17728 0.5552099943161011 0.11591000109910965
17729 0.5913400053977966 0.12303999811410904
17730 0.6695399880409241 0.10858000069856644
17731 0.5810800194740295 0.09634000062942505
17732 0.5497999787330627 0.09227000176906586
17733 0.5168099999427795 0.08767999708652496
17734 0.6385700106620789 0.10414999723434448
17735 0.5265200138092041 0.1798499971628189
17736 0.5778300166130066 0.18844999372959137
17737 0.635200023651123 0.2054399996995926
17738 0.7242699861526489 0.23235000669956207
17739 0.758899986743927 0.2393999993801117
17740 0.8171899914741516 0.25751999020576477
17741 0.6916999816894531 0.9858499765396118
17742 0.5862600207328796 0.9793099761009216
17743 0.7012199759483337 0.9658600091934204
17744 0.6220600008964539 0.9632400274276733
17745 0.8082900047302246 0.8116199970245361
17746 0.826229989528656 0.7843800187110901
17747 0.7832000255584717 0.31268998980522156
17748 0.8047900199890137 0.31885001063346863
17749 0.8550400137901306 0.33340001106262207
17750 0.823889970779419 0.8100600242614746
17751 0.8583400249481201 0.7562599778175354
17752 0.841509997844696 0.7842900156974792
17753 0.8104599714279175 0.7841699719429016
17754 0.7922999858856201 0.811680018901825
17755 0.5750499963760376 0.9472900032997131
17756 0.5270799994468689 0.956059992313385
17757 0.8429399728775024 0.7564200162887573
17758 0.735539972782135 0.10169000178575516
17759 0.520110011100769 0.9314000010490417
17760 0.5580400228500366 0.9272900223731995
17761 0.7768599987030029 0.8107600212097168
17762 0.7952799797058105 0.7829200029373169
17763 0.7809799909591675 0.7798799872398376
17764 0.7616199851036072 0.8077800273895264
17765 0.5488100051879883 0.9084600210189819
17766 0.5166599750518799 0.9111700057983398
17767 0.826960027217865 0.7573300004005432
17768 0.8115400075912476 0.7569599747657776
17769 0.7968999743461609 0.7544599771499634
17770 0.5152400135993958 0.06458000093698502
17771 0.5712599754333496 0.06880000233650208
17772 0.5439800024032593 0.06750000268220901
17773 0.6218900084495544 0.0702499970793724
17774 0.649429976940155 0.07152000069618225
17775 0.7011100053787231 0.06823000311851501
17776 0.6388300061225891 0.0378200002014637
17777 0.6134399771690369 0.03846000134944916
17778 0.5639700293540955 0.040300000458955765
17779 0.5386099815368652 0.03993000090122223
17780 0.512719988822937 0.038920000195503235
17781 0.5624300241470337 0.017179999500513077
17782 0.53711998462677 0.01679999940097332
17783 0.5118299722671509 0.016610000282526016
17784 0.612559974193573 0.01597999967634678
17785 0.7014700174331665 0.03294000029563904
17786 0.6835299730300903 0.03516000136733055
17787 0.6959699988365173 0.014539999887347221
17788 0.6779599785804749 0.014820000156760216
17789 0.636709988117218 0.01573999971151352
17790 0.7157899737358093 0.0580499991774559
17791 0.7408900260925293 0.08226999640464783
17792 0.7564100027084351 0.8806099891662598
17793 0.791379988193512 0.8375700116157532
17794 0.7734500169754028 0.8379799723625183
17795 0.7310900092124939 0.8804299831390381
17796 0.7559599876403809 0.8368800282478333
17797 0.7391300201416016 0.8332300186157227
17798 0.7091299891471863 0.8760200142860413
17799 0.6913599967956543 0.8688499927520752
17800 0.7158300280570984 0.8525099754333496
17801 0.7332900166511536 0.857990026473999
17802 0.7533199787139893 0.8610100150108337
17803 0.7749099731445312 0.8608199954032898
17804 0.6504700183868408 0.9226499795913696
17805 0.6155700087547302 0.9353799819946289
17806 0.5933499932289124 0.9203600287437439
17807 0.5795999765396118 0.9041299819946289
17808 0.6259599924087524 0.9113699793815613
17809 0.609250009059906 0.8984100222587585
17810 0.7350599765777588 0.8985300064086914
17811 0.7686499953269958 0.8930500149726868
17812 0.7062199711799622 0.8969399929046631
17813 0.6828299760818481 0.8905100226402283
17814 0.6649500131607056 0.8812100291252136
17815 0.6372699737548828 0.890470027923584
17816 0.6549199819564819 0.9017500281333923
17817 0.6795300245285034 0.9106699824333191
17818 0.7836999893188477 0.874970018863678
17819 0.8090400099754333 0.8334500193595886
17820 0.796970009803772 0.855139970779419
17821 0.6874600052833557 0.9295799732208252
17822 0.65625 0.946340024471283
17823 0.7122300267219543 0.9145600199699402
17824 0.7351899743080139 0.9275100231170654
17825 0.7164199948310852 0.9464300274848938
17826 0.7530500292778015 0.9098799824714661
17827 0.8096299767494202 0.7294800281524658
17828 0.8746600151062012 0.7223299741744995
17829 0.8580300211906433 0.724590003490448
17830 0.8401600122451782 0.7298099994659424
17831 0.8247100114822388 0.7311999797821045
17832 0.8662999868392944 0.6930000185966492
17833 0.820900022983551 0.7064999938011169
17834 0.8340799808502197 0.7067499756813049
17835 0.8489199876785278 0.7029500007629395
17836 0.8723499774932861 0.3778199851512909
17837 0.824970006942749 0.3585500121116638
17838 0.8061400055885315 0.3522700071334839
17839 0.8220999836921692 0.3855699896812439
17840 0.7803500294685364 0.35651999711990356
17841 0.8377599716186523 0.3933500051498413
17842 0.8001400232315063 0.3902899920940399
17843 0.8994600176811218 0.6442800164222717
17844 0.8925999999046326 0.6375100016593933
17845 0.8982899785041809 0.5108799934387207
17846 0.9028300046920776 0.6106699705123901
17847 0.8957800269126892 0.6081299781799316
17848 0.9005900025367737 0.5464699864387512
17849 0.8940899968147278 0.5482199788093567
17850 0.8916400074958801 0.5125600099563599
17851 0.7270600199699402 0.013089999556541443
17852 0.7413600087165833 0.012310000136494637
17853 0.755050003528595 0.011409999802708626
17854 0.7678300142288208 0.010359999723732471
17855 0.7785000205039978 0.010119999758899212
17856 0.7300099730491638 0.02686000056564808
17857 0.743179976940155 0.024469999596476555
17858 0.7377499938011169 0.04238000139594078
17859 0.7513999938964844 0.056620001792907715
17860 0.7458500266075134 0.03629999980330467
17861 0.7568100094795227 0.04424000158905983
17862 0.7638700008392334 0.03237000107765198
17863 0.7564200162887573 0.021129999309778214
17864 0.7677099704742432 0.016610000282526016
17865 0.7717000246047974 0.02329999953508377
17866 0.776199996471405 0.015850000083446503
17867 0.889240026473999 0.6823199987411499
17868 0.8828399777412415 0.6696699857711792
17869 0.902400016784668 0.5790899991989136
17870 0.8956400156021118 0.5795999765396118
17871 0.8863999843597412 0.4735499918460846
17872 0.8934800028800964 0.46977999806404114
17873 0.8869699835777283 0.4234499931335449
17874 0.8760600090026855 0.43547001481056213
17875 0.6585599780082703 0.015300000086426735
17876 0.662339985370636 0.0369499996304512
17877 0.6782900094985962 0.07287999987602234
17878 0.7030699849128723 0.11574000120162964
17879 0.7250300049781799 0.1532900035381317
17880 0.7456300258636475 0.18577000498771667
17881 0.7676500082015991 0.2153100073337555
17882 0.7882099747657776 0.2480500042438507
17883 0.8078600168228149 0.2858799993991852
17884 0.8292499780654907 0.326119989156723
17885 0.851360023021698 0.36941999197006226
17886 0.85903000831604 0.40779000520706177
17887 0.8092899918556213 0.38530999422073364
17888 0.7916499972343445 0.35126999020576477
17889 0.7643499970436096 0.30963999032974243
17890 0.7239999771118164 0.2640799880027771
17891 0.6851999759674072 0.22382000088691711
17892 0.6619499921798706 0.18970000743865967
17893 0.6438800096511841 0.15958000719547272
17894 0.6261299848556519 0.1306300014257431
17895 0.6106299757957458 0.09934999793767929
17896 0.5963900089263916 0.06921999901533127
17897 0.5883700251579285 0.03959000110626221
17898 0.587369978427887 0.016979999840259552
17899 0.8128200173377991 0.4162600040435791
17900 0.8216099739074707 0.41260001063346863
17901 0.8316199779510498 0.41381001472473145
17902 0.844569981098175 0.4203000068664551
17903 0.8583899736404419 0.43222999572753906
17904 0.8662999868392944 0.44418999552726746
17905 0.87295001745224 0.45291998982429504
17906 0.8815900087356567 0.47589999437332153
17907 0.8851200342178345 0.4942300021648407
17908 0.8877400159835815 0.515470027923584
17909 0.889710009098053 0.5470200181007385
17910 0.8898100256919861 0.5661699771881104
17911 0.8908500075340271 0.5814399719238281
17912 0.8906099796295166 0.6030899882316589
17913 0.8890100717544556 0.6154000163078308
17914 0.8871899843215942 0.6306700110435486
17915 0.8797199726104736 0.6524400115013123
17916 0.8677600026130676 0.6696500182151794
17917 0.8540999889373779 0.6803100109100342
17918 0.8410699963569641 0.684689998626709
17919 0.8294000029563904 0.6845399737358093
17920 0.9834499955177307 0.06556999683380127
17921 0.9829300045967102 0.09641999751329422
17922 0.9818900227546692 0.1269499957561493
17923 0.9798099994659424 0.1563500016927719
17924 0.9781299829483032 0.18751999735832214
17925 0.9333900213241577 0.11392000317573547
17926 0.9352899789810181 0.08922000229358673
17927 0.2575699985027313 0.3921400010585785
17928 0.2587299942970276 0.35644999146461487
17929 0.3032500147819519 0.745930016040802
17930 0.2937000095844269 0.7585300207138062
17931 0.28630998730659485 0.7281699776649475
17932 0.2762399911880493 0.7384999990463257
17933 0.26179999113082886 0.4254699945449829
17934 0.3129799962043762 0.7343000173568726
17935 0.2962400019168854 0.7183099985122681
17936 0.48982998728752136 0.8105499744415283
17937 0.26816999912261963 0.456959992647171
17938 0.275519996881485 0.48638999462127686
17939 0.4703800082206726 0.7922800183296204
17940 0.49031999707221985 0.7757599949836731
17941 0.490119993686676 0.7923499941825867
17942 0.27246999740600586 0.7095000147819519
17943 0.26212000846862793 0.7176100015640259
17944 0.28224998712539673 0.7014999985694885
17945 0.4693099856376648 0.8102200031280518
17946 0.4713599979877472 0.7758299708366394
17947 0.48851001262664795 0.8545500040054321
17948 0.46786999702453613 0.831089973449707
17949 0.4893699884414673 0.8316100239753723
17950 0.28433001041412354 0.7712299823760986
17951 0.26589998602867126 0.7487999796867371
17952 0.2593599855899811 0.5096200108528137
17953 0.24041999876499176 0.5305799841880798
17954 0.2513599991798401 0.726069986820221
17955 0.4654200077056885 0.8536099791526794
17956 0.2554300129413605 0.7585399746894836
17957 0.3310999870300293 0.748170018196106
17958 0.2748599946498871 0.7827799916267395
17959 0.32207000255584717 0.7613199949264526
17960 0.3494200110435486 0.7587800025939941
17961 0.36924999952316284 0.7668899893760681
17962 0.3420099914073944 0.7732899785041809
17963 0.3637099862098694 0.7823299765586853
17964 0.4299300014972687 0.7914599776268005
17965 0.45058000087738037 0.7919700145721436
17966 0.4272899925708771 0.8087700009346008
17967 0.4486500024795532 0.8095399737358093
17968 0.4326300024986267 0.7752799987792969
17969 0.38222000002861023 0.8043400049209595
17970 0.45225998759269714 0.77565997838974
17971 0.38639000058174133 0.7882099747657776
17972 0.39076000452041626 0.7725300192832947
17973 0.4122900068759918 0.7748900055885315
17974 0.4086799919605255 0.7907699942588806
17975 0.40536999702453613 0.8073599934577942
17976 0.24521000683307648 0.5939099788665771
17977 0.24379999935626984 0.5634300112724304
17978 0.22332000732421875 0.5440300107002258
17979 0.23029999434947968 0.5982499718666077
17980 0.226950004696846 0.5713199973106384
17981 0.216839998960495 0.6036400198936462
17982 0.2514599859714508 0.47767001390457153
17983 0.485509991645813 0.8932499885559082
17984 0.45715001225471497 0.890720009803772
17985 0.4872100055217743 0.8749600052833557
17986 0.46171998977661133 0.8734099864959717
17987 0.2323099970817566 0.7745699882507324
17988 0.24442000687122345 0.767300009727478
17989 0.2523599863052368 0.8014799952507019
17990 0.26447001099586487 0.7926099896430969
17991 0.2403700053691864 0.7346600294113159
17992 0.22899000346660614 0.7428600192070007
17993 0.2167000025510788 0.7497100234031677
17994 0.37762999534606934 0.8206700086593628
17995 0.4460499882698059 0.8298100233078003
17996 0.423880010843277 0.8278099894523621
17997 0.4421199858188629 0.8513500094413757
17998 0.4012199938297272 0.8247699737548828
17999 0.4186500012874603 0.8476200103759766
18000 0.43634000420570374 0.8701000213623047
18001 0.41150999069213867 0.8665000200271606
18002 0.3950299918651581 0.842769980430603
18003 0.38662999868392944 0.8606200218200684
18004 0.42941001057624817 0.8874499797821045
18005 0.3350299894809723 0.7886000275611877
18006 0.3133299946784973 0.7754300236701965
18007 0.30529001355171204 0.7897400259971619
18008 0.29739999771118164 0.8027999997138977
18009 0.3479599952697754 0.8301200270652771
18010 0.35398998856544495 0.8144999742507935
18011 0.35853999853134155 0.7984700202941895
18012 0.32872000336647034 0.8037800192832947
18013 0.28790000081062317 0.8141800165176392
18014 0.3371399939060211 0.8451099991798401
18015 0.37112998962402344 0.8373500108718872
18016 0.3617500066757202 0.8540400266647339
18017 0.322050005197525 0.8184400200843811
18018 0.31286001205444336 0.8321499824523926
18019 0.2754000127315521 0.8236500024795532
18020 0.34961000084877014 0.8690400123596191
18021 0.3240300118923187 0.8585100173950195
18022 0.29971998929977417 0.8437899947166443
18023 0.4024200141429901 0.8835300207138062
18024 0.3759700059890747 0.876800000667572
18025 0.2709900140762329 0.6830499768257141
18026 0.2608399987220764 0.6896299719810486
18027 0.24991999566555023 0.6965000033378601
18028 0.2383899986743927 0.703790009021759
18029 0.25123000144958496 0.6686599850654602
18030 0.2624399960041046 0.6630499958992004
18031 0.23923000693321228 0.6747199892997742
18032 0.2353699952363968 0.6231799721717834
18033 0.24932000041007996 0.6192799806594849
18034 0.2217400074005127 0.6276299953460693
18035 0.2267400026321411 0.7115700244903564
18036 0.22654999792575836 0.6812199950218201
18037 0.2141599953174591 0.6888599991798401
18038 0.21509000658988953 0.7192599773406982
18039 0.20257000625133514 0.6966999769210815
18040 0.20316000282764435 0.7255899906158447
18041 0.19117000699043274 0.7029799818992615
18042 0.2553499937057495 0.6418700218200684
18043 0.2427300065755844 0.6464499831199646
18044 0.2294899970293045 0.6513400077819824
18045 0.21522000432014465 0.656790018081665
18046 0.20201000571250916 0.6657299995422363
18047 0.18125000596046448 0.6565700173377991
18048 0.17318999767303467 0.6618800163269043
18049 0.16418999433517456 0.6649600267410278
18050 0.15394000709056854 0.6652500033378601
18051 0.23311999440193176 0.4991700053215027
18052 0.20689000189304352 0.5319899916648865
18053 0.21800999343395233 0.5175300240516663
18054 0.2101300060749054 0.49307000637054443
18055 0.2017900049686432 0.5121099948883057
18056 0.2047400027513504 0.6088700294494629
18057 0.20792999863624573 0.6319500207901001
18058 0.2097499966621399 0.5546299815177917
18059 0.21276000142097473 0.5788999795913696
18060 0.20136000216007233 0.5876200199127197
18061 0.24358999729156494 0.4478600025177002
18062 0.23247000575065613 0.39107999205589294
18063 0.23725999891757965 0.418720006942749
18064 0.21836000680923462 0.4438599944114685
18065 0.22453999519348145 0.4700399935245514
18066 0.21358999609947205 0.4196400046348572
18067 0.1511400043964386 0.43619000911712646
18068 0.13388000428676605 0.4567599892616272
18069 0.1136000007390976 0.5459700226783752
18070 0.11444000154733658 0.5198699831962585
18071 0.11279000341892242 0.5669100284576416
18072 0.14292000234127045 0.6614699959754944
18073 0.13204999268054962 0.6525300145149231
18074 0.11659999936819077 0.6244300007820129
18075 0.11302000284194946 0.5987899899482727
18076 0.12272000312805176 0.6393899917602539
18077 0.11393000185489655 0.6111900210380554
18078 0.11266999691724777 0.5838199853897095
18079 0.12184999883174896 0.4791199862957001
18080 0.1280200034379959 0.46678000688552856
18081 0.11671999841928482 0.4963499903678894
18082 0.14079999923706055 0.4456999897956848
18083 0.20773999392986298 0.40171998739242554
18084 0.2275400012731552 0.3694399893283844
18085 0.2591499984264374 0.32861998677253723
18086 0.3061800003051758 0.2824299931526184
18087 0.36263999342918396 0.24191999435424805
18088 0.41958001255989075 0.21836000680923462
18089 0.4714899957180023 0.20913000404834747
18090 0.15919999778270721 0.5088499784469604
18091 0.1439100056886673 0.5892599821090698
18092 0.15911999344825745 0.6198700070381165
18093 0.15485000610351562 0.6218400001525879
18094 0.15041999518871307 0.6216800212860107
18095 0.14645999670028687 0.6200000047683716
18096 0.13517999649047852 0.6100599765777588
18097 0.13673000037670135 0.6088799834251404
18098 0.14274999499320984 0.6175900101661682
18099 0.16241000592708588 0.615119993686676
18100 0.16132000088691711 0.5688899755477905
18101 0.16438999772071838 0.6070399880409241
18102 0.16571000218391418 0.5978400111198425
18103 0.1670600026845932 0.58051997423172
18104 0.16457000374794006 0.5686399936676025
18105 0.16247999668121338 0.5608800053596497
18106 0.17610999941825867 0.4875600039958954
18107 0.1703300029039383 0.4943400025367737
18108 0.1648000031709671 0.5015199780464172
18109 0.17675000429153442 0.49825000762939453
18110 0.1665000021457672 0.5081999897956848
18111 0.1713400036096573 0.503059983253479
18112 0.1712999939918518 0.6422299742698669
18113 0.16484999656677246 0.6451600193977356
18114 0.15695999562740326 0.6473699808120728
18115 0.16121000051498413 0.5652899742126465
18116 0.1628199964761734 0.5694299936294556
18117 0.1637600064277649 0.5776200294494629
18118 0.16222000122070312 0.5920400023460388
18119 0.1614300012588501 0.6004700064659119
18120 0.16015000641345978 0.6083499789237976
18121 0.1579200029373169 0.613510012626648
18122 0.1545500010251999 0.6163300275802612
18123 0.1506900042295456 0.6172199845314026
18124 0.14712999761104584 0.6164699792861938
18125 0.1438799947500229 0.614870011806488
18126 0.1383800059556961 0.6077899932861328
18127 0.14263999462127686 0.5628499984741211
18128 0.14199000597000122 0.5730400085449219
18129 0.16293999552726746 0.49441999197006226
18130 0.15719999372959137 0.5037599802017212
18131 0.15126000344753265 0.4915499985218048
18132 0.15331999957561493 0.4949699938297272
18133 0.14485999941825867 0.5056999921798706
18134 0.14731000363826752 0.5080999732017517
18135 0.17428000271320343 0.47791001200675964
18136 0.16866999864578247 0.48576998710632324
18137 0.1589599996805191 0.48335000872612
18138 0.15173999965190887 0.5139200091362
18139 0.14098000526428223 0.5504699945449829
18140 0.13965000212192535 0.5628600120544434
18141 0.13839000463485718 0.5910500288009644
18142 0.1344899982213974 0.5919399857521057
18143 0.13902999460697174 0.5731300115585327
18144 0.13630999624729156 0.591729998588562
18145 0.13579000532627106 0.5499699711799622
18146 0.13461999595165253 0.5725799798965454
18147 0.13482999801635742 0.5620800256729126
18148 0.13669000566005707 0.5729299783706665
18149 0.1370600014925003 0.5626000165939331
18150 0.13815000653266907 0.5503399968147278
18151 0.1495800018310547 0.5109099745750427
18152 0.155239999294281 0.4991599917411804
18153 0.16091999411582947 0.488319993019104
18154 0.1664399951696396 0.47874999046325684
18155 0.1336199939250946 0.5492299795150757
18156 0.13255999982357025 0.5722699761390686
18157 0.13255999982357025 0.5923799872398376
18158 0.1327199935913086 0.5614200234413147
18159 0.17930999398231506 0.4711900055408478
18160 0.18455000221729279 0.5490900278091431
18161 0.19123999774456024 0.5498600006103516
18162 0.18719999492168427 0.5256500244140625
18163 0.18840999901294708 0.545960009098053
18164 0.18890999257564545 0.5353900194168091
18165 0.18414999544620514 0.5414000153541565
18166 0.18357999622821808 0.5332900285720825
18167 0.1919099986553192 0.5612000226974487
18168 0.16554999351501465 0.558139979839325
18169 0.17976999282836914 0.540149986743927
18170 0.1926800012588501 0.5947700142860413
18171 0.19137999415397644 0.5724300146102905
18172 0.17169000208377838 0.470550000667572
18173 0.1731799989938736 0.45767998695373535
18174 0.17659999430179596 0.4633600115776062
18175 0.16958999633789062 0.45370998978614807
18176 0.1872600018978119 0.554830014705658
18177 0.18429000675678253 0.5565199851989746
18178 0.18024000525474548 0.5481799840927124
18179 0.1820400059223175 0.5543400049209595
18180 0.17879000306129456 0.5709999799728394
18181 0.18698999285697937 0.5639700293540955
18182 0.18355999886989594 0.5646100044250488
18183 0.18664999306201935 0.5740900039672852
18184 0.18258999288082123 0.5740100145339966
18185 0.18061000108718872 0.5621700286865234
18186 0.16936999559402466 0.6032099723815918
18187 0.17073999345302582 0.5837600231170654
18188 0.17743000388145447 0.5908799767494202
18189 0.1810300052165985 0.5952600240707397
18190 0.18591000139713287 0.5970500111579895
18191 0.16753000020980835 0.5681099891662598
18192 0.1753000020980835 0.6135500073432922
18193 0.14862999320030212 0.6469600200653076
18194 0.1457500010728836 0.6230999827384949
18195 0.14169000089168549 0.619979977607727
18196 0.13907000422477722 0.6258699893951416
18197 0.17002999782562256 0.6380199790000916
18198 0.17425000667572021 0.6276900172233582
18199 0.1674100011587143 0.6131200194358826
18200 0.17193999886512756 0.6227700114250183
18201 0.14406000077724457 0.6303799748420715
18202 0.1430400013923645 0.6345099806785583
18203 0.1500599980354309 0.6254900097846985
18204 0.15984000265598297 0.6251099705696106
18205 0.16432000696659088 0.6208500266075134
18206 0.16856999695301056 0.6337699890136719
18207 0.16130000352859497 0.6335600018501282
18208 0.16314999759197235 0.641510009765625
18209 0.16707000136375427 0.6295499801635742
18210 0.1548600047826767 0.6264500021934509
18211 0.155689999461174 0.6433200240135193
18212 0.14946000277996063 0.6335700154304504
18213 0.14842000603675842 0.6423400044441223
18214 0.14904999732971191 0.6379600167274475
18215 0.15553000569343567 0.6390299797058105
18216 0.1621900051832199 0.6375799775123596
18217 0.15528999269008636 0.6347699761390686
18218 0.16193999350070953 0.5752900242805481
18219 0.15910999476909637 0.5616499781608582
18220 0.15941999852657318 0.5672900080680847
18221 0.16062000393867493 0.5738300085067749
18222 0.16074000298976898 0.5759599804878235
18223 0.16015000641345978 0.5541700124740601
18224 0.14945000410079956 0.5611900091171265
18225 0.15147000551223755 0.5705299973487854
18226 0.15665000677108765 0.5797600150108337
18227 0.15940000116825104 0.5855200290679932
18228 0.14591999351978302 0.5628100037574768
18229 0.17993000149726868 0.5161100029945374
18230 0.17580999433994293 0.5153999924659729
18231 0.17205999791622162 0.5173100233078003
18232 0.16881999373435974 0.5207800269126892
18233 0.16532999277114868 0.5228999853134155
18234 0.15015000104904175 0.5483999848365784
18235 0.15771999955177307 0.5245299935340881
18236 0.15227000415325165 0.5375699996948242
18237 0.13457000255584717 0.6205199956893921
18238 0.13786999881267548 0.6160100102424622
18239 0.13923999667167664 0.6142699718475342
18240 0.14079000055789948 0.6123300194740295
18241 0.13346999883651733 0.6019099950790405
18242 0.1351500004529953 0.6011099815368652
18243 0.13681000471115112 0.6006500124931335
18244 0.1324699968099594 0.582319974899292
18245 0.13455000519752502 0.5823000073432922
18246 0.13650000095367432 0.5823299884796143
18247 0.13866999745368958 0.5822299718856812
18248 0.14353999495506287 0.5374199748039246
18249 0.14056000113487244 0.5370299816131592
18250 0.13802999258041382 0.5366100072860718
18251 0.13575999438762665 0.5357199907302856
18252 0.147599995136261 0.6124399900436401
18253 0.14894999563694 0.6047700047492981
18254 0.15053999423980713 0.6004700064659119
18255 0.15246999263763428 0.5950599908828735
18256 0.1550700068473816 0.5945799946784973
18257 0.1578799933195114 0.6010500192642212
18258 0.15880000591278076 0.5932499766349792
18259 0.15556000173091888 0.5862600207328796
18260 0.14180000126361847 0.6387100219726562
18261 0.14079999923706055 0.6433299779891968
18262 0.12817999720573425 0.628790020942688
18263 0.13394999504089355 0.6373400092124939
18264 0.13583999872207642 0.6331599950790405
18265 0.13053999841213226 0.625760018825531
18266 0.13755999505519867 0.6293500065803528
18267 0.13267000019550323 0.6230300068855286
18268 0.13944999873638153 0.5209599733352661
18269 0.14193999767303467 0.5224400162696838
18270 0.1444700062274933 0.5237100124359131
18271 0.14712999761104584 0.525189995765686
18272 0.1830900013446808 0.46581000089645386
18273 0.18068000674247742 0.45785000920295715
18274 0.16854000091552734 0.46522998809814453
18275 0.16574999690055847 0.4614799916744232
18276 0.16401000320911407 0.4734100103378296
18277 0.1616699993610382 0.46963998675346375
18278 0.1570499986410141 0.4793800115585327
18279 0.1252799928188324 0.6320599913597107
18280 0.1325799971818924 0.6424499750137329
18281 0.14121000468730927 0.6494100093841553
18282 0.15057000517845154 0.6528800129890442
18283 0.15982000529766083 0.6527500152587891
18284 0.16780999302864075 0.6499900221824646
18285 0.1741199940443039 0.6462399959564209
18286 0.18866999447345734 0.6471700072288513
18287 0.17412999272346497 0.5868499875068665
18288 0.1722099930047989 0.6083899736404419
18289 0.16960999369621277 0.617929995059967
18290 0.1656399965286255 0.625190019607544
18291 0.1604599952697754 0.6294000148773193
18292 0.1550000011920929 0.6305800080299377
18293 0.1497499942779541 0.6293500065803528
18294 0.14494000375270844 0.6264899969100952
18295 0.14045000076293945 0.6227099895477295
18296 0.13630999624729156 0.618149995803833
18297 0.13330000638961792 0.6116899847984314
18298 0.13145999610424042 0.6029199957847595
18299 0.13041000068187714 0.5927900075912476
18300 0.13022999465465546 0.5824099779129028
18301 0.13042999804019928 0.5720300078392029
18302 0.1306300014257431 0.5606499910354614
18303 0.13154000043869019 0.5479900240898132
18304 0.13373999297618866 0.534089982509613
18305 0.13729000091552734 0.5188199877738953
18306 0.1425199955701828 0.5032299757003784
18307 0.14902999997138977 0.4888699948787689
18308 0.15503999590873718 0.47655999660491943
18309 0.15929999947547913 0.46726998686790466
18310 0.16279000043869019 0.4593200087547302
18311 0.16516999900341034 0.45173001289367676
18312 0.15355999767780304 0.6103699803352356
18313 0.15622000396251678 0.606660008430481
18314 0.15051999688148499 0.6123300194740295
18315 0.14797000586986542 0.6084700226783752
18316 0.1542000025510788 0.6008399724960327
18317 0.1521500051021576 0.6050500273704529
18318 0.15001000463962555 0.6079800128936768
18319 0.16625000536441803 0.44565001130104065
18320 0.1726199984550476 0.4476799964904785
18321 0.17735999822616577 0.45188000798225403
18322 0.18660999834537506 0.4634599983692169
18323 0.19248999655246735 0.4619700014591217
18324 0.1844400018453598 0.4545600116252899
18325 0.19014999270439148 0.4498499929904938
18326 0.17915000021457672 0.4338400065898895
18327 0.1625799983739853 0.43125998973846436
18328 0.1353600025177002 0.46832001209259033
18329 0.1415500044822693 0.45587998628616333
18330 0.15020999312400818 0.44569000601768494
18331 0.17190000414848328 0.43081000447273254
18332 0.15977999567985535 0.4407700002193451
18333 0.18525999784469604 0.44025999307632446
18334 0.18051999807357788 0.4477800130844116
18335 0.17511999607086182 0.44301000237464905
18336 0.16821999847888947 0.44036000967025757
18337 0.14403000473976135 0.5502899885177612
18338 0.14698000252246857 0.549589991569519
18339 0.15460999310016632 0.5299000144004822
18340 0.14941999316215515 0.5375999808311462
18341 0.1466200053691864 0.5377200245857239
18342 0.1522500067949295 0.5280299782752991
18343 0.14980000257492065 0.5267300009727478
18344 0.1538500040769577 0.5170199871063232
18345 0.1559399962425232 0.5202800035476685
18346 0.16123999655246735 0.5138800144195557
18347 0.17666999995708466 0.5297899842262268
18348 0.16985000669956207 0.5431100130081177
18349 0.16532999277114868 0.5460600256919861
18350 0.16175000369548798 0.5447700023651123
18351 0.1666100025177002 0.5282800197601318
18352 0.15947000682353973 0.530019998550415
18353 0.15557999908924103 0.538919985294342
18354 0.15376999974250793 0.5483199954032898
18355 0.1530500054359436 0.5592600107192993
18356 0.15431000292301178 0.5677000284194946
18357 0.15800000727176666 0.5760700106620789
18358 0.1601399928331375 0.5795900225639343
18359 0.16286000609397888 0.5840100049972534
18360 0.16672000288963318 0.5885900259017944
18361 0.17065000534057617 0.5930799841880798
18362 0.17384999990463257 0.5978099703788757
18363 0.1771100014448166 0.6027100086212158
18364 0.18047000467777252 0.6072199940681458
18365 0.18517999351024628 0.6105300188064575
18366 0.1934099942445755 0.6115800142288208
18367 0.1735599935054779 0.5371599793434143
18368 0.1682099997997284 0.5342699885368347
18369 0.15721000730991364 0.5328599810600281
18370 0.15892000496387482 0.5415599942207336
18371 0.157260000705719 0.5503399968147278
18372 0.15639999508857727 0.5595300197601318
18373 0.15705999732017517 0.5666800141334534
18374 0.1593399941921234 0.5740600228309631
18375 0.16008000075817108 0.535260021686554
18376 0.1628900021314621 0.52920001745224
18377 0.1615000069141388 0.5228700041770935
18378 0.1635199934244156 0.5182099938392639
18379 0.167820006608963 0.5146399736404419
18380 0.1717499941587448 0.5107899904251099
18381 0.17632000148296356 0.5077300071716309
18382 0.18132999539375305 0.5068299770355225
18383 0.1911199986934662 0.514710009098053
18384 0.19483999907970428 0.5264000296592712
18385 0.19776000082492828 0.5422199964523315
18386 0.1991499960422516 0.5595099925994873
18387 0.19673000276088715 0.5745999813079834
18388 0.19157999753952026 0.5823100209236145
18389 0.18628999590873718 0.5849400162696838
18390 0.1815200001001358 0.5842000246047974
18391 0.177389994263649 0.5800899863243103
18392 0.16463999450206757 0.5361400246620178
18393 0.1622299998998642 0.5374400019645691
18394 0.15442000329494476 0.5755000114440918
18395 0.1562899947166443 0.5726900100708008
18396 0.1582300066947937 0.5712000131607056
18397 0.1601399928331375 0.5711899995803833
18398 0.16200999915599823 0.5722600221633911
18399 0.1639000028371811 0.5734599828720093
18400 0.1663299947977066 0.5747500061988831
18401 0.16976000368595123 0.5759099721908569
18402 0.1449200063943863 0.6114000082015991
18403 0.1423799991607666 0.6094200015068054
18404 0.1402900069952011 0.6056100130081177
18405 0.13884000480175018 0.5992599725723267
18406 0.14548000693321228 0.5734300017356873
18407 0.14921000599861145 0.5759900212287903
18408 0.14751000702381134 0.5835700035095215
18409 0.15255999565124512 0.5808200240135193
18410 0.14621999859809875 0.5916299819946289
18411 0.14215999841690063 0.6019899845123291
18412 0.1452299952507019 0.5990800261497498
18413 0.14386999607086182 0.6050800085067749
18414 0.17284999787807465 0.5573899745941162
18415 0.1749899983406067 0.5595399737358093
18416 0.17361000180244446 0.5646299719810486
18417 0.17147000133991241 0.5626199841499329
18418 0.1757899969816208 0.5670099854469299
18419 0.17759999632835388 0.5603799819946289
18420 0.1731400042772293 0.5696899890899658
18421 0.17017999291419983 0.5666000247001648
18422 0.17709000408649445 0.5542700290679932
18423 0.17449000477790833 0.5506399869918823
18424 0.1690399944782257 0.5595300197601318
18425 0.17122000455856323 0.5523599982261658
18426 0.1763399988412857 0.5420899987220764
18427 0.17359000444412231 0.5768499970436096
18428 0.1712699979543686 0.5310900211334229
18429 0.16982999444007874 0.525950014591217
18430 0.17403000593185425 0.5266199707984924
18431 0.17260000109672546 0.5227400064468384
18432 0.1755400002002716 0.5214599967002869
18433 0.17883999645709991 0.522819995880127
18434 0.11811999976634979 0.5945900082588196
18435 0.1183599978685379 0.5674099922180176
18436 0.12060000002384186 0.5300099849700928
18437 0.11926999688148499 0.5496799945831299
18438 0.11640000343322754 0.5473799705505371
18439 0.11712999641895294 0.524590015411377
18440 0.11552000045776367 0.5670999884605408
18441 0.11576999723911285 0.5964599847793579
18442 0.1162400022149086 0.6067299842834473
18443 0.11550000309944153 0.5834400057792664
18444 0.1181500032544136 0.5823400020599365
18445 0.12021999806165695 0.593559980392456
18446 0.12038999795913696 0.5817599892616272
18447 0.12077999860048294 0.5682700276374817
18448 0.12165000289678574 0.5524700284004211
18449 0.12314999848604202 0.5347499847412109
18450 0.11802999675273895 0.6048499941825867
18451 0.12008000165224075 0.6050699949264526
18452 0.1179800033569336 0.6151000261306763
18453 0.12105999886989594 0.6184499859809875
18454 0.1236099973320961 0.48750999569892883
18455 0.12540000677108765 0.49410000443458557
18456 0.12812000513076782 0.4804700016975403
18457 0.13131999969482422 0.4821299910545349
18458 0.11913999915122986 0.5028799772262573
18459 0.12230999767780304 0.510450005531311
18460 0.12790000438690186 0.4983200132846832
18461 0.12504999339580536 0.5161100029945374
18462 0.14643000066280365 0.4860999882221222
18463 0.14024999737739563 0.5002400279045105
18464 0.12953999638557434 0.5462499856948853
18465 0.12818999588489532 0.592989981174469
18466 0.1285099983215332 0.5597699880599976
18467 0.1282700002193451 0.5718200206756592
18468 0.1433899998664856 0.48267999291419983
18469 0.13116000592708588 0.6134799718856812
18470 0.12915000319480896 0.603879988193512
18471 0.12806999683380127 0.5824599862098694
18472 0.13192999362945557 0.5316299796104431
18473 0.1288599967956543 0.6151099801063538
18474 0.12594999372959137 0.5932000279426575
18475 0.12596000730991364 0.582360029220581
18476 0.1261799931526184 0.5713300108909607
18477 0.12646999955177307 0.5585899949073792
18478 0.12764999270439148 0.5440700054168701
18479 0.1301800012588501 0.5284199714660645
18480 0.1266999989748001 0.6047199964523315
18481 0.13541999459266663 0.5159100294113159
18482 0.13787999749183655 0.49632999300956726
18483 0.13353000581264496 0.5120499730110168
18484 0.15895000100135803 0.45344001054763794
18485 0.15876999497413635 0.4596799910068512
18486 0.1462000012397766 0.46786999702453613
18487 0.14943000674247742 0.47130000591278076
18488 0.15678000450134277 0.4657000005245209
18489 0.15254999697208405 0.47415000200271606
18490 0.12216000258922577 0.6051499843597412
18491 0.1220100000500679 0.5932899713516235
18492 0.12216000258922577 0.5817300081253052
18493 0.12258999794721603 0.5692499876022339
18494 0.12328000366687775 0.5548700094223022
18495 0.12479999661445618 0.5385100245475769
18496 0.12432999908924103 0.6051300168037415
18497 0.12385000288486481 0.5933099985122681
18498 0.12394999712705612 0.582069993019104
18499 0.124269999563694 0.570389986038208
18500 0.12472999840974808 0.5569199919700623
18501 0.12615999579429626 0.5414999723434448
18502 0.12394999712705612 0.6174899935722351
18503 0.12640999257564545 0.6163899898529053
18504 0.15244999527931213 0.4589900076389313
18505 0.14047999680042267 0.4788999855518341
18506 0.135670006275177 0.4918299913406372
18507 0.15873000025749207 0.4470599889755249
18508 0.1507900059223175 0.4528999924659729
18509 0.14345000684261322 0.4630900025367737
18510 0.13782000541687012 0.47470998764038086
18511 0.12710000574588776 0.520799994468689
18512 0.12998999655246735 0.5030900239944458
18513 0.12867000699043274 0.5247700214385986
18514 0.13173000514507294 0.5075899958610535
18515 0.1335899978876114 0.48732998967170715
18516 0.15456999838352203 0.4633600115776062
18517 0.2002599984407425 0.47944000363349915
18518 0.20246000587940216 0.45802998542785645
18519 0.19988000392913818 0.4390200078487396
18520 0.1943800002336502 0.42508000135421753
18521 0.18122999370098114 0.6814000010490417
18522 0.19141000509262085 0.6753799915313721
18523 0.14149999618530273 0.5815799832344055
18524 0.14111000299453735 0.5895400047302246
18525 0.14589999616146088 0.6071500182151794
18526 0.14714999496936798 0.6020600199699402
18527 0.14847999811172485 0.5958399772644043
18528 0.15037000179290771 0.5883899927139282
18529 0.1446000039577484 0.5814999938011169
18530 0.14337000250816345 0.5965499877929688
18531 0.14117999374866486 0.5967900156974792
18532 0.18577000498771667 0.4729900062084198
18533 0.19120000302791595 0.4764600098133087
18534 0.1816900074481964 0.4809800088405609
18535 0.18248000741004944 0.4937799870967865
18536 0.18643000721931458 0.508899986743927
18537 0.18400000035762787 0.5194500088691711
18538 0.18190999329090118 0.5266299843788147
18539 0.17915000021457672 0.5336800217628479
18540 0.18870000541210175 0.493369996547699
18541 0.19538000226020813 0.4990200102329254
18542 0.1777700036764145 0.64069002866745
18543 0.19302000105381012 0.630840003490448
18544 0.17840999364852905 0.6185700297355652
18545 0.17704999446868896 0.6336299777030945
18546 0.18278999626636505 0.6243600249290466
18547 0.3993400037288666 0.7420399785041809
18548 0.28984999656677246 0.672249972820282
18549 0.490449994802475 0.7601900100708008
18550 0.2839300036430359 0.5117499828338623
18551 0.32221999764442444 0.7238900065422058
18552 0.3061400055885315 0.7096499800682068
18553 0.2843799889087677 0.5520600080490112
18554 0.3303300142288208 0.7146199941635132
18555 0.30112001299858093 0.6878799796104431
18556 0.2939000129699707 0.5318400263786316
18557 0.29186001420021057 0.6941900253295898
18558 0.3152100145816803 0.7021499872207642
18559 0.49066999554634094 0.7444900274276733
18560 0.4732399880886078 0.7445600032806396
18561 0.4723300039768219 0.760200023651123
18562 0.4468500018119812 0.3858500123023987
18563 0.43463999032974243 0.39054998755455017
18564 0.482340008020401 0.37801000475883484
18565 0.4708000123500824 0.3796600103378296
18566 0.4429500102996826 0.37940001487731934
18567 0.43031999468803406 0.3846299946308136
18568 0.2784000039100647 0.36899998784065247
18569 0.2899099886417389 0.33076998591423035
18570 0.40362000465393066 0.4169900119304657
18571 0.4230799973011017 0.3963199853897095
18572 0.40827998518943787 0.38179999589920044
18573 0.39778000116348267 0.3931800127029419
18574 0.39754000306129456 0.42583000659942627
18575 0.41870999336242676 0.3914099931716919
18576 0.40931999683380127 0.39917999505996704
18577 0.27928000688552856 0.4060100018978119
18578 0.42054998874664307 0.37209001183509827
18579 0.3037700057029724 0.5138800144195557
18580 0.29576998949050903 0.4928700029850006
18581 0.4136199951171875 0.4028100073337555
18582 0.3987799882888794 0.4168500006198883
18583 0.2828199863433838 0.4389599859714508
18584 0.38449999690055847 0.4300900101661682
18585 0.3862600028514862 0.41776999831199646
18586 0.3905099928379059 0.40540000796318054
18587 0.40268999338150024 0.4078499972820282
18588 0.40720999240875244 0.4099000096321106
18589 0.4027700126171112 0.42416998744010925
18590 0.3899199962615967 0.3901999890804291
18591 0.40095001459121704 0.37685999274253845
18592 0.42340999841690063 0.22725999355316162
18593 0.37825000286102295 0.41885998845100403
18594 0.3824099898338318 0.40455999970436096
18595 0.364080011844635 0.406139999628067
18596 0.37369999289512634 0.40459999442100525
18597 0.28870999813079834 0.46790000796318054
18598 0.3703700006008148 0.3871600031852722
18599 0.3803099989891052 0.36886000633239746
18600 0.3610199987888336 0.424560010433197
18601 0.376910001039505 0.4329400062561035
18602 0.369159996509552 0.4366599917411804
18603 0.36100998520851135 0.4417699873447418
18604 0.37171998620033264 0.24899999797344208
18605 0.3223400115966797 0.2868399918079376
18606 0.46483999490737915 0.35065001249313354
18607 0.47953000664711 0.35885000228881836
18608 0.46511998772621155 0.359250009059906
18609 0.4685699939727783 0.37345999479293823
18610 0.4810599982738495 0.37193000316619873
18611 0.46942999958992004 0.30480000376701355
18612 0.4797700047492981 0.3514600098133087
18613 0.4832000136375427 0.33715999126434326
18614 0.41413000226020813 0.36546000838279724
18615 0.4288100004196167 0.3556700050830841
18616 0.4827600121498108 0.33149001002311707
18617 0.4933199882507324 0.35190001130104065
18618 0.49369001388549805 0.3710300028324127
18619 0.4675399959087372 0.3415600061416626
18620 0.48107999563217163 0.34373998641967773
18621 0.39379000663757324 0.3522599935531616
18622 0.4468199908733368 0.3119199872016907
18623 0.4736599922180176 0.3345000147819519
18624 0.42028000950813293 0.34602001309394836
18625 0.42555001378059387 0.32328000664711
18626 0.40873000025749207 0.3371700048446655
18627 0.43393000960350037 0.36480000615119934
18628 0.35249999165534973 0.4483200013637543
18629 0.351610004901886 0.429639995098114
18630 0.3535900115966797 0.4093100130558014
18631 0.3591099977493286 0.38769999146461487
18632 0.3683600127696991 0.3663899898529053
18633 0.3812899887561798 0.3467000126838684
18634 0.3968200087547302 0.3289400041103363
18635 0.41554999351501465 0.3133000135421753
18636 0.4388499855995178 0.300029993057251
18637 0.46362000703811646 0.2909800112247467
18638 0.48822999000549316 0.2859399914741516
18639 0.4937500059604645 0.34474998712539673
18640 0.38082998991012573 0.3880099952220917
18641 0.3915500044822693 0.3723900020122528
18642 0.3698900043964386 0.4209800064563751
18643 0.4051400125026703 0.35863998532295227
18644 0.4744499921798706 0.31606000661849976
18645 0.45528000593185425 0.3216699957847595
18646 0.43661999702453613 0.33270999789237976
18647 0.4566099941730499 0.27706998586654663
18648 0.4297400116920471 0.28731998801231384
18649 0.40525999665260315 0.3031499981880188
18650 0.3846299946308136 0.32141000032424927
18651 0.36844998598098755 0.34237998723983765
18652 0.3565399944782257 0.3656499981880188
18653 0.34828001260757446 0.3899399936199188
18654 0.34376999735832214 0.41370001435279846
18655 0.3427700102329254 0.435699999332428
18656 0.3446600139141083 0.4557400047779083
18657 0.48541998863220215 0.2718600034713745
18658 0.4590199887752533 0.38222000002861023
18659 0.4558500051498413 0.3758000135421753
18660 0.44668999314308167 0.350629985332489
18661 0.449290007352829 0.36070001125335693
18662 0.45153000950813293 0.3386499881744385
18663 0.46459999680519104 0.3291400074958801
18664 0.4789699912071228 0.32482001185417175
18665 0.4931100010871887 0.3234800100326538
18666 0.47242000699043274 0.21799999475479126
18667 0.49424999952316284 0.3378799855709076
18668 0.49173998832702637 0.31376001238822937
18669 0.4941299855709076 0.37707000970840454
18670 0.49320998787879944 0.35864999890327454
18671 0.49410998821258545 0.33112001419067383
18672 0.4900699853897095 0.3012399971485138
18673 0.33709999918937683 0.705780029296875
18674 0.32280001044273376 0.6947799921035767
18675 0.39910000562667847 0.4349899888038635
18676 0.42155998945236206 0.7287600040435791
18677 0.3119499981403351 0.5315700173377991
18678 0.3845199942588806 0.7250699996948242
18679 0.4026699960231781 0.7276300191879272
18680 0.29833000898361206 0.6674399971961975
18681 0.4400399923324585 0.7290199995040894
18682 0.45750001072883606 0.7289400100708008
18683 0.49099001288414 0.7286199927330017
18684 0.4047900140285492 0.43182000517845154
18685 0.37836000323295593 0.4465000033378601
18686 0.3035399913787842 0.5479099750518799
18687 0.3854599893093109 0.4421299993991852
18688 0.2957099974155426 0.5650299787521362
18689 0.3636400103569031 0.4575499892234802
18690 0.3560299873352051 0.4650599956512451
18691 0.4414899945259094 0.7139999866485596
18692 0.458869993686676 0.7135099768638611
18693 0.4095900058746338 0.43911001086235046
18694 0.40338999032974243 0.4438199996948242
18695 0.3889699876308441 0.4536699950695038
18696 0.3821299970149994 0.4591900110244751
18697 0.3687700033187866 0.47168999910354614
18698 0.3622399866580963 0.4795199930667877
18699 0.3195900022983551 0.5460799932479858
18700 0.3118799924850464 0.5608100295066833
18701 0.30496999621391296 0.5756199955940247
18702 0.3056800067424774 0.6624900102615356
18703 0.3160099983215332 0.6753000020980835
18704 0.3422499895095825 0.6969299912452698
18705 0.387939989566803 0.7128000259399414
18706 0.40509000420570374 0.7141500115394592
18707 0.42315998673439026 0.7143999934196472
18708 0.49143001437187195 0.7131900191307068
18709 0.37116000056266785 0.45142999291419983
18710 0.37542998790740967 0.4650000035762787
18711 0.34907999634742737 0.47339001297950745
18712 0.35593000054359436 0.4883599877357483
18713 0.3092699944972992 0.6816999912261963
18714 0.3287400007247925 0.6870800256729126
18715 0.3519600033760071 0.7142999768257141
18716 0.3565100133419037 0.7044600248336792
18717 0.3676300048828125 0.7206500172615051
18718 0.3716599941253662 0.709659993648529
18719 0.4742099940776825 0.7287499904632568
18720 0.47516998648643494 0.7132700085639954
18721 0.3898000121116638 0.7016100287437439
18722 0.4771000146865845 0.46592000126838684
18723 0.48690998554229736 0.5156400203704834
18724 0.4803999960422516 0.5160999894142151
18725 0.47488000988960266 0.4883500039577484
18726 0.4441699981689453 0.4936400055885315
18727 0.4296500086784363 0.5141500234603882
18728 0.42985999584198 0.506820023059845
18729 0.40178999304771423 0.47512999176979065
18730 0.4084700047969818 0.4855400025844574
18731 0.40167999267578125 0.49235999584198
18732 0.39458999037742615 0.48173001408576965
18733 0.4170700013637543 0.44558000564575195
18734 0.40634000301361084 0.7023000121116638
18735 0.4074400067329407 0.5028200149536133
18736 0.41332000494003296 0.4956299960613251
18737 0.4498099982738495 0.4650599956512451
18738 0.4152500033378601 0.5257499814033508
18739 0.4729999899864197 0.5150099992752075
18740 0.42423999309539795 0.5281800031661987
18741 0.4956200122833252 0.561710000038147
18742 0.311599999666214 0.6577600240707397
18743 0.3456999957561493 0.6881300210952759
18744 0.40641000866889954 0.5453500151634216
18745 0.32089999318122864 0.6690499782562256
18746 0.42399999499320984 0.7015399932861328
18747 0.44277000427246094 0.6993399858474731
18748 0.46535998582839966 0.6832699775695801
18749 0.4791699945926666 0.6844900250434875
18750 0.4711099863052368 0.6700199842453003
18751 0.4792099893093109 0.6377699971199036
18752 0.4809499979019165 0.49750998616218567
18753 0.47446000576019287 0.5011299848556519
18754 0.47512999176979065 0.6582300066947937
18755 0.46074000000953674 0.6981099843978882
18756 0.47672998905181885 0.6985599994659424
18757 0.4315899908542633 0.49950000643730164
18758 0.43661999702453613 0.5082700252532959
18759 0.4403800070285797 0.500789999961853
18760 0.41060999035835266 0.45190998911857605
18761 0.387719988822937 0.4708099961280823
18762 0.3699699938297272 0.4923200011253357
18763 0.3926999866962433 0.5256699919700623
18764 0.38565000891685486 0.5151699781417847
18765 0.3833500146865845 0.49577000737190247
18766 0.3779500126838684 0.5041400194168091
18767 0.389629989862442 0.6916000247001648
18768 0.34762001037597656 0.6796900033950806
18769 0.46029001474380493 0.6677299737930298
18770 0.4398399889469147 0.6873300075531006
18771 0.4526900053024292 0.6789699792861938
18772 0.405349999666214 0.6920700073242188
18773 0.3243899941444397 0.6633300185203552
18774 0.3161099851131439 0.6538400053977966
18775 0.4655500054359436 0.6571699976921082
18776 0.4224900007247925 0.6909800171852112
18777 0.33298999071121216 0.5676699876785278
18778 0.32653000950813293 0.5578699707984924
18779 0.31898999214172363 0.5709900259971619
18780 0.32530999183654785 0.5792199969291687
18781 0.4920499920845032 0.46540001034736633
18782 0.3946099877357483 0.46463000774383545
18783 0.31859999895095825 0.590939998626709
18784 0.3125399947166443 0.5841299891471863
18785 0.40957000851631165 0.5390499830245972
18786 0.37575000524520874 0.4842199981212616
18787 0.39761999249458313 0.5177000164985657
18788 0.3909600079059601 0.5067499876022339
18789 0.3869200050830841 0.6079300045967102
18790 0.38620999455451965 0.6185100078582764
18791 0.33862999081611633 0.5763900279998779
18792 0.33039000630378723 0.5862900018692017
18793 0.32350999116897583 0.5966699719429016
18794 0.4213300049304962 0.4593600034713745
18795 0.427480012178421 0.451200008392334
18796 0.4398399889469147 0.45559999346733093
18797 0.4522700011730194 0.45868000388145447
18798 0.47609999775886536 0.5158200263977051
18799 0.49570998549461365 0.636929988861084
18800 0.49538999795913696 0.5151000022888184
18801 0.4122999906539917 0.5327000021934509
18802 0.4024699926376343 0.5102499723434448
18803 0.39625999331474304 0.4992699921131134
18804 0.38874000310897827 0.4884699881076813
18805 0.38152000308036804 0.4771899878978729
18806 0.4026300013065338 0.5521100163459778
18807 0.3874000012874603 0.534529983997345
18808 0.379830002784729 0.5246099829673767
18809 0.3638800084590912 0.5016400218009949
18810 0.37198999524116516 0.5136799812316895
18811 0.487199991941452 0.6271700263023376
18812 0.4790700078010559 0.6280800104141235
18813 0.4866900146007538 0.5210199952125549
18814 0.469650000333786 0.5088099837303162
18815 0.4734100103378296 0.5072000026702881
18816 0.4781399965286255 0.5056099891662598
18817 0.48511001467704773 0.5036200284957886
18818 0.4689899981021881 0.6474300026893616
18819 0.4778299927711487 0.6476100087165833
18820 0.49542000889778137 0.6477199792861938
18821 0.44426000118255615 0.5044999718666077
18822 0.45954999327659607 0.4898200035095215
18823 0.46334001421928406 0.46581000089645386
18824 0.464709997177124 0.4608500003814697
18825 0.47231999039649963 0.5121300220489502
18826 0.47551000118255615 0.5115100145339966
18827 0.4798400104045868 0.5107799768447876
18828 0.48642998933792114 0.5098000168800354
18829 0.387800008058548 0.5934000015258789
18830 0.3668000102043152 0.5896499752998352
18831 0.367900013923645 0.6072800159454346
18832 0.34205999970436096 0.6119599938392639
18833 0.3457599878311157 0.5941699743270874
18834 0.34272000193595886 0.5852000117301941
18835 0.35576000809669495 0.5902400016784668
18836 0.3580400049686432 0.6079999804496765
18837 0.34915998578071594 0.6095799803733826
18838 0.3327699899673462 0.6794599890708923
18839 0.3353799879550934 0.67221999168396
18840 0.3593499958515167 0.6947699785232544
18841 0.36059001088142395 0.6854199767112732
18842 0.37400999665260315 0.6991699934005737
18843 0.37470999360084534 0.6894400119781494
18844 0.3879599869251251 0.6363800168037415
18845 0.4228599965572357 0.6339100003242493
18846 0.4168800115585327 0.6349700093269348
18847 0.4271000027656555 0.6323999762535095
18848 0.4089899957180023 0.6357399821281433
18849 0.3991599977016449 0.6364200115203857
18850 0.37702998518943787 0.6355900168418884
18851 0.36687999963760376 0.6346200108528137
18852 0.3428199887275696 0.6317099928855896
18853 0.36691999435424805 0.6182000041007996
18854 0.34369000792503357 0.6193600296974182
18855 0.3576599955558777 0.6335399746894836
18856 0.35736000537872314 0.6183099746704102
18857 0.349480003118515 0.6188499927520752
18858 0.349480003118515 0.6326900124549866
18859 0.3648099899291992 0.628600001335144
18860 0.3858399987220764 0.6245999932289124
18861 0.3433400094509125 0.6267099976539612
18862 0.3862200081348419 0.6296600103378296
18863 0.4083000123500824 0.6296899914741516
18864 0.3435499966144562 0.6229000091552734
18865 0.4218299984931946 0.629069983959198
18866 0.41624999046325684 0.6294000148773193
18867 0.4259600043296814 0.6286600232124329
18868 0.3649100065231323 0.623740017414093
18869 0.39785000681877136 0.629830002784729
18870 0.374889999628067 0.6292799711227417
18871 0.3561300039291382 0.6277899742126465
18872 0.3488300144672394 0.6231499910354614
18873 0.3561500012874603 0.6233599781990051
18874 0.12499000132083893 0.9856899976730347
18875 0.1453700065612793 0.9519400000572205
18876 0.12049999833106995 0.9804499745368958
18877 0.15282000601291656 0.98403000831604
18878 0.1318800002336502 0.9894099831581116
18879 0.12173999845981598 0.9582800269126892
18880 0.13402999937534332 0.9501100182533264
18881 0.14038999378681183 0.9901099801063538
18882 0.14785000681877136 0.9879000186920166
18883 0.15620000660419464 0.9794300198554993
18884 0.1287900060415268 0.9514700174331665
18885 0.12449999898672104 0.954479992389679
18886 0.3487600088119507 0.6271299719810486
18887 0.4929400086402893 0.6852200031280518
18888 0.49476999044418335 0.6593899726867676
18889 0.49507999420166016 0.5268300175666809
18890 0.49379000067710876 0.67194002866745
18891 0.4925200045108795 0.49507999420166016
18892 0.49215999245643616 0.6987900137901306
18893 0.4949699938297272 0.5342599749565125
18894 0.49503999948501587 0.543150007724762
18895 0.4912300109863281 0.48802998661994934
18896 0.4956899881362915 0.6267200112342834
18897 0.49526000022888184 0.5207599997520447
18898 0.4947200119495392 0.5023699998855591
18899 0.4954499900341034 0.6170399785041809
18900 0.49526000022888184 0.509119987487793
18901 0.49213001132011414 0.4609200060367584
18902 0.4684000015258789 0.515779972076416
18903 0.46647000312805176 0.5178800225257874
18904 0.4701499938964844 0.5135300159454346
18905 0.48197999596595764 0.6712200045585632
18906 0.48732998967170715 0.6371899843215942
18907 0.48464998602867126 0.6589400172233582
18908 0.48649001121520996 0.6475899815559387
18909 0.4500199854373932 0.4984300136566162
18910 0.4601599872112274 0.49428999423980713
18911 0.4718700051307678 0.49386999011039734
18912 0.46852999925613403 0.49807998538017273
18913 0.46125999093055725 0.49733999371528625
18914 0.47767001390457153 0.46164000034332275
18915 0.27074000239372253 0.5351600050926208
18916 0.4318299889564514 0.5206000208854675
18917 0.4272800087928772 0.5321400165557861
18918 0.43571001291275024 0.5260599851608276
18919 0.43156999349594116 0.5368499755859375
18920 0.4853599965572357 0.5338799953460693
18921 0.48600998520851135 0.5267400145530701
18922 0.4637799859046936 0.526170015335083
18923 0.46492999792099 0.5221999883651733
18924 0.46538999676704407 0.5197700262069702
18925 0.48576000332832336 0.5610399842262268
18926 0.4850800037384033 0.5425599813461304
18927 0.47786998748779297 0.5264000296592712
18928 0.47953000664711 0.5209900140762329
18929 0.4746899902820587 0.5196800231933594
18930 0.47168999910354614 0.5176100134849548
18931 0.4624600112438202 0.5322200059890747
18932 0.4614900052547455 0.5393099784851074
18933 0.45831000804901123 0.5668500065803528
18934 0.47652000188827515 0.5593699812889099
18935 0.4762499928474426 0.5416799783706665
18936 0.47679999470710754 0.5333499908447266
18937 0.47047001123428345 0.5218999981880188
18938 0.46908000111579895 0.5194399952888489
18939 0.45921000838279724 0.5532500147819519
18940 0.45844000577926636 0.5601199865341187
18941 0.4702399969100952 0.5262399911880493
18942 0.4690000116825104 0.5328199863433838
18943 0.46832001209259033 0.5406299829483032
18944 0.46799999475479126 0.5568199753761292
18945 0.417279988527298 0.5486900210380554
18946 0.3958500027656555 0.6186500191688538
18947 0.3959999978542328 0.6085600256919861
18948 0.44519999623298645 0.5744199752807617
18949 0.4144099950790405 0.5540800094604492
18950 0.44227999448776245 0.5799499750137329
18951 0.4110099971294403 0.5599700212478638
18952 0.39750000834465027 0.595579981803894
18953 0.39691999554634094 0.6248300075531006
18954 0.15025000274181366 0.9549300074577332
18955 0.15456999838352203 0.9587799906730652
18956 0.4072299897670746 0.625
18957 0.4316900074481964 0.573639988899231
18958 0.4345000088214874 0.5683199763298035
18959 0.4260199964046478 0.5348100066184998
18960 0.4307999908924103 0.5405300259590149
18961 0.42381998896598816 0.5616599917411804
18962 0.4208100140094757 0.5670599937438965
18963 0.4069400131702423 0.5979700088500977
18964 0.4047299921512604 0.6094099879264832
18965 0.40487000346183777 0.6191400289535522
18966 0.4953500032424927 0.5959699749946594
18967 0.495959997177124 0.5692899823188782
18968 0.4957999885082245 0.5857700109481812
18969 0.4960300028324127 0.5769299864768982
18970 0.49518001079559326 0.6068900227546692
18971 0.4864400029182434 0.5760700106620789
18972 0.48631998896598816 0.5685799717903137
18973 0.4769499897956848 0.57396000623703
18974 0.4769099950790405 0.5667600035667419
18975 0.4680599868297577 0.564079999923706
18976 0.46790000796318054 0.570930004119873
18977 0.45735999941825867 0.5732899904251099
18978 0.4859899878501892 0.5846099853515625
18979 0.4554100036621094 0.5799499750137329
18980 0.45208999514579773 0.5859299898147583
18981 0.4670799970626831 0.5778499841690063
18982 0.4763599932193756 0.5817999839782715
18983 0.4650900065898895 0.5853800177574158
18984 0.4611299932003021 0.5920299887657166
18985 0.4776900112628937 0.6183099746704102
18986 0.48631998896598816 0.6172800064086914
18987 0.4751400053501129 0.6079400181770325
18988 0.4847699999809265 0.5948299765586853
18989 0.46946999430656433 0.5988199710845947
18990 0.48482000827789307 0.6064199805259705
18991 0.4744899868965149 0.5909799933433533
18992 0.44701001048088074 0.5683900117874146
18993 0.43647000193595886 0.5629400014877319
18994 0.4214400053024292 0.5378199815750122
18995 0.42375999689102173 0.5350800156593323
18996 0.4478600025177002 0.5623800158500671
18997 0.4194999933242798 0.5433599948883057
18998 0.43759000301361084 0.5577200055122375
18999 0.44791001081466675 0.5562199950218201
19000 0.4291499853134155 0.5471900105476379
19001 0.43755000829696655 0.5481799840927124
19002 0.4300299882888794 0.5435100197792053
19003 0.42798998951911926 0.5517699718475342
19004 0.4262700080871582 0.5565999746322632
19005 0.4379799962043762 0.5526800155639648
19006 0.4252600073814392 0.639519989490509
19007 0.419189989566803 0.642549991607666
19008 0.43031999468803406 0.636430025100708
19009 0.4115400016307831 0.6450999975204468
19010 0.4016599953174591 0.6465499997138977
19011 0.3904699981212616 0.6465499997138977
19012 0.34902000427246094 0.6719599962234497
19013 0.3611699938774109 0.6768699884414673
19014 0.3880299925804138 0.6822999715805054
19015 0.40255001187324524 0.6828799843788147
19016 0.4178900122642517 0.6816800236701965
19017 0.4320800006389618 0.6778799891471863
19018 0.44258999824523926 0.6715499758720398
19019 0.45026999711990356 0.6636000275611877
19020 0.3418700098991394 0.6406199932098389
19021 0.3689900040626526 0.6459100246429443
19022 0.37940001487731934 0.6463000178337097
19023 0.3590799868106842 0.6446800231933594
19024 0.3498699963092804 0.6429100036621094
19025 0.33754000067710876 0.6656699776649475
19026 0.3742699921131134 0.6803900003433228
19027 0.45625001192092896 0.6550700068473816
19028 0.45590001344680786 0.7445300221443176
19029 0.3461199998855591 0.7247099876403809
19030 0.38005998730659485 0.7381500005722046
19031 0.35638999938964844 0.745140016078949
19032 0.3392600119113922 0.7359499931335449
19033 0.3623799979686737 0.7323499917984009
19034 0.37483999133110046 0.7521600127220154
19035 0.4190700054168701 0.7437000274658203
19036 0.4354099929332733 0.7596200108528137
19037 0.4540799856185913 0.7600100040435791
19038 0.4379799962043762 0.7441999912261963
19039 0.3952299952507019 0.7570800185203552
19040 0.41589999198913574 0.7591599822044373
19041 0.2771199941635132 0.5745499730110168
19042 0.2736299932003021 0.597029983997345
19043 0.2849099934101105 0.6019499897956848
19044 0.29100000858306885 0.6522799730300903
19045 0.28913000226020813 0.5833200216293335
19046 0.2988100051879883 0.5910400152206421
19047 0.29440000653266907 0.606689989566803
19048 0.29896000027656555 0.6493600010871887
19049 0.3056100010871887 0.646589994430542
19050 0.30687999725341797 0.5974199771881104
19051 0.3107599914073944 0.6444699764251709
19052 0.30928000807762146 0.6143800020217896
19053 0.3131999969482422 0.6026700139045715
19054 0.3025999963283539 0.610759973526001
19055 0.3182600140571594 0.6073200106620789
19056 0.26170000433921814 0.5646700263023376
19057 0.260019987821579 0.5934399962425232
19058 0.284170001745224 0.6194700002670288
19059 0.29311999678611755 0.6215599775314331
19060 0.30094999074935913 0.6234099864959717
19061 0.3073199987411499 0.6252800226211548
19062 0.3271700143814087 0.658270001411438
19063 0.3193899989128113 0.6505399942398071
19064 0.13985000550746918 0.9502699971199036
19065 0.37494999170303345 0.6242600083351135
19066 0.3767400085926056 0.6184099912643433
19067 0.3776400089263916 0.6074299812316895
19068 0.37762999534606934 0.5913599729537964
19069 0.39493000507354736 0.5436000227928162
19070 0.3993299901485443 0.5357800126075745
19071 0.40323999524116516 0.5286099910736084
19072 0.4070099890232086 0.5214899778366089
19073 0.4111799895763397 0.5138400197029114
19074 0.4162999987602234 0.5058500170707703
19075 0.4327999949455261 0.4920800030231476
19076 0.44562000036239624 0.48712000250816345
19077 0.46066001057624817 0.48399001359939575
19078 0.47609999775886536 0.48240000009536743
19079 0.4918699860572815 0.48162001371383667
19080 0.3773599863052368 0.614080011844635
19081 0.3675999939441681 0.6140099763870239
19082 0.3577600121498108 0.6144400238990784
19083 0.3494400084018707 0.6153900027275085
19084 0.3431600034236908 0.6166099905967712
19085 0.34244999289512634 0.6353099942207336
19086 0.3497200012207031 0.6366900205612183
19087 0.35837000608444214 0.6379299759864807
19088 0.36792001128196716 0.6391599774360657
19089 0.3780899941921234 0.6399199962615967
19090 0.38896000385284424 0.6404799818992615
19091 0.4000599980354309 0.6404600143432617
19092 0.40985000133514404 0.639519989490509
19093 0.4177600145339966 0.6381499767303467
19094 0.4238699972629547 0.6363999843597412
19095 0.42851001024246216 0.6341699957847595
19096 0.4045200049877167 0.6149600148200989
19097 0.3958199918270111 0.6144700050354004
19098 0.38659998774528503 0.6142299771308899
19099 0.4411099851131439 0.40505000948905945
19100 0.45210000872612 0.40268000960350037
19101 0.053610000759363174 0.9075199961662292
19102 0.4309599995613098 0.4182800054550171
19103 0.42447999119758606 0.4187999963760376
19104 0.05209000036120415 0.9100199937820435
19105 0.060770001262426376 0.9030399918556213
19106 0.43933001160621643 0.41787999868392944
19107 0.05510000139474869 0.9042999744415283
19108 0.05640999972820282 0.9006699919700623
19109 0.44905999302864075 0.4175899922847748
19110 0.4831100106239319 0.412339985370636
19111 0.47168999910354614 0.4127100110054016
19112 0.41795000433921814 0.4195699989795685
19113 0.4312399923801422 0.415910005569458
19114 0.05996999889612198 0.8891199827194214
19115 0.483379989862442 0.41707998514175415
19116 0.05869999900460243 0.8930299878120422
19117 0.4715699851512909 0.4172300100326538
19118 0.44005000591278076 0.41471999883651733
19119 0.4499100148677826 0.41383999586105347
19120 0.047759998589754105 0.9136499762535095
19121 0.4178299903869629 0.4200400114059448
19122 0.48396000266075134 0.3979499936103821
19123 0.4733799993991852 0.3991999924182892
19124 0.4215399920940399 0.4124700129032135
19125 0.43015000224113464 0.4083000123500824
19126 0.41534000635147095 0.4205400049686432
19127 0.49474000930786133 0.39715999364852905
19128 0.061420001089572906 0.8853200078010559
19129 0.4185599982738495 0.41967999935150146
19130 0.04916999861598015 0.9129999876022339
19131 0.4241600036621094 0.4174000024795532
19132 0.41541001200675964 0.4189999997615814
19133 0.4946199953556061 0.4171299934387207
19134 0.42026999592781067 0.4193199872970581
19135 0.05059000104665756 0.9118000268936157
19136 0.4168800115585327 0.4165799915790558
19137 0.4196400046348572 0.4187900125980377
19138 0.41839998960494995 0.41995999217033386
19139 0.4138700067996979 0.42072999477386475
19140 0.414029985666275 0.4185299873352051
19141 0.4155600070953369 0.4155200123786926
19142 0.4204699993133545 0.4108699858188629
19143 0.4295099973678589 0.4062100052833557
19144 0.44078001379966736 0.4023599922657013
19145 0.452129989862442 0.3991900086402893
19146 0.47363999485969543 0.39438000321388245
19147 0.4841099977493286 0.39302000403404236
19148 0.41642001271247864 0.42037999629974365
19149 0.4164600074291229 0.4193499982357025
19150 0.4180000126361847 0.4175100028514862
19151 0.4226300120353699 0.4141800105571747
19152 0.43070998787879944 0.4106999933719635
19153 0.4409799873828888 0.4080899953842163
19154 0.45153000950813293 0.4063299894332886
19155 0.47279998660087585 0.40369999408721924
19156 0.48363998532295227 0.40268000960350037
19157 0.417169988155365 0.420199990272522
19158 0.4172399938106537 0.4194999933242798
19159 0.41888999938964844 0.41822001338005066
19160 0.42357000708580017 0.41589000821113586
19161 0.43114998936653137 0.41339999437332153
19162 0.44056999683380127 0.41148999333381653
19163 0.45072001218795776 0.41012999415397644
19164 0.4722000062465668 0.408160001039505
19165 0.4832899868488312 0.40751999616622925
19166 0.058959998190402985 0.9063599705696106
19167 0.0568699985742569 0.9092599749565125
19168 0.050530001521110535 0.9146299958229065
19169 0.05468999966979027 0.9115599989891052
19170 0.052549999207258224 0.913320004940033
19171 0.048590000718832016 0.9155099987983704
19172 0.4944100081920624 0.4122599959373474
19173 0.49483999609947205 0.39239999651908875
19174 0.49459001421928406 0.4019699990749359
19175 0.4944300055503845 0.40709999203681946
19176 0.46303999423980713 0.39656001329421997
19177 0.0623599998652935 0.8995400071144104
19178 0.05756999924778938 0.8969100117683411
19179 0.4612399935722351 0.409060001373291
19180 0.46050000190734863 0.41319000720977783
19181 0.4599199891090393 0.4173800051212311
19182 0.4627400040626526 0.40084001421928406
19183 0.46202000975608826 0.4049600064754486
19184 0.05680999904870987 0.8828200101852417
19185 0.055410001426935196 0.8863599896430969
19186 0.05428000167012215 0.8901600241661072
19187 0.053380001336336136 0.8941400051116943
19188 0.052719999104738235 0.8980200290679932
19189 0.052000001072883606 0.9018399715423584
19190 0.05116000026464462 0.9053699970245361
19191 0.05011000111699104 0.9082199931144714
19192 0.048829998821020126 0.9101899862289429
19193 0.04774999991059303 0.9113600254058838
19194 0.04678000137209892 0.9118199944496155
19195 0.41154998540878296 0.42114999890327454
19196 0.4118500053882599 0.4179399907588959
19197 0.4138000011444092 0.414110004901886
19198 0.41916999220848083 0.40900999307632446
19199 0.4284699857234955 0.4039500057697296
19200 0.43988001346588135 0.39945998787879944
19201 0.4514999985694885 0.3955399990081787
19202 0.4626300036907196 0.3922500014305115
19203 0.4733699858188629 0.3898000121116638
19204 0.4840100109577179 0.3884100019931793
19205 0.4948199987411499 0.38784998655319214
19206 0.41892001032829285 0.42076000571250916
19207 0.04616999998688698 0.9138200283050537
19208 0.419189989566803 0.4203200042247772
19209 0.04661000147461891 0.9159500002861023
19210 0.41662999987602234 0.4228900074958801
19211 0.04442000016570091 0.916100025177002
19212 0.04416999965906143 0.9136599898338318
19213 0.42186999320983887 0.4207899868488312
19214 0.42204999923706055 0.4218200147151947
19215 0.4207000136375427 0.4264500141143799
19216 0.4191800057888031 0.4283199906349182
19217 0.4150800108909607 0.42384999990463257
19218 0.421779990196228 0.4247699975967407
19219 0.41780999302864075 0.4220600128173828
19220 0.4221400022506714 0.4231700003147125
19221 0.41850998997688293 0.42135000228881836
19222 0.04532000049948692 0.9118499755859375
19223 0.04309000074863434 0.9115999937057495
19224 0.417279988527298 0.43062999844551086
19225 0.41297999024391174 0.4253099858760834
19226 0.03819999843835831 0.9153299927711487
19227 0.43323999643325806 0.4217199981212616
19228 0.4414199888706207 0.42201998829841614
19229 0.03361000120639801 0.9108700156211853
19230 0.037859998643398285 0.9123200178146362
19231 0.45256999135017395 0.42221999168395996
19232 0.02923000045120716 0.909030020236969
19233 0.480430006980896 0.422760009765625
19234 0.020320000126957893 0.9052600264549255
19235 0.4572499990463257 0.44012001156806946
19236 0.4464299976825714 0.4371899962425232
19237 0.43619000911712646 0.4339100122451782
19238 0.48166999220848083 0.4431700110435486
19239 0.4273500144481659 0.4230700135231018
19240 0.4428600072860718 0.4252299964427948
19241 0.4343400001525879 0.42430999875068665
19242 0.45377999544143677 0.42594000697135925
19243 0.48065999150276184 0.42732998728752136
19244 0.04145999997854233 0.9132199883460999
19245 0.42680999636650085 0.4212700128555298
19246 0.041749998927116394 0.915910005569458
19247 0.016049999743700027 0.9031800031661987
19248 0.4274199903011322 0.4303799867630005
19249 0.014360000379383564 0.9067500233650208
19250 0.019060000777244568 0.9090399742126465
19251 0.4939199984073639 0.4230400025844574
19252 0.4810200035572052 0.44933998584747314
19253 0.4571000039577484 0.4454300105571747
19254 0.446370005607605 0.44165998697280884
19255 0.43573999404907227 0.43755999207496643
19256 0.4263400137424469 0.43316999077796936
19257 0.48148998618125916 0.43726998567581177
19258 0.45642998814582825 0.43487998843193054
19259 0.445609986782074 0.432779997587204
19260 0.4359700083732605 0.43035998940467834
19261 0.42796000838279724 0.42774999141693115
19262 0.4810599982738495 0.4320699870586395
19263 0.45517998933792114 0.43011999130249023
19264 0.44435998797416687 0.428739994764328
19265 0.43536001443862915 0.4271300137042999
19266 0.4278700053691864 0.42524001002311707
19267 0.49393999576568604 0.4277999997138977
19268 0.4686799943447113 0.44843998551368713
19269 0.46908000111579895 0.44235000014305115
19270 0.46845999360084534 0.436379998922348
19271 0.46759000420570374 0.43119001388549805
19272 0.4666900038719177 0.42660999298095703
19273 0.4659700095653534 0.4224500060081482
19274 0.024809999391436577 0.9071099758148193
19275 0.4935699999332428 0.44826000928878784
19276 0.4940899908542633 0.4374000132083893
19277 0.49401000142097473 0.4323900043964386
19278 0.4939799904823303 0.44275999069213867
19279 0.04032000154256821 0.9109399914741516
19280 0.03694000095129013 0.9097499847412109
19281 0.03317999839782715 0.908079981803894
19282 0.0291300006210804 0.9061700105667114
19283 0.024970000609755516 0.9042900204658508
19284 0.02095000073313713 0.9025300145149231
19285 0.017179999500513077 0.9006199836730957
19286 0.49303001165390015 0.453029990196228
19287 0.47984999418258667 0.45436999201774597
19288 0.46751999855041504 0.4533199965953827
19289 0.456059992313385 0.4500199854373932
19290 0.4452899992465973 0.4459399878978729
19291 0.43435001373291016 0.44133999943733215
19292 0.42458999156951904 0.4362500011920929
19293 0.4834200143814087 0.3836100101470947
19294 0.4724699854850769 0.3851200044155121
19295 0.4264799952507019 0.4007300138473511
19296 0.40821999311447144 0.41736000776290894
19297 0.4498000144958496 0.3912599980831146
19298 0.43797001242637634 0.39566001296043396
19299 0.4945499897003174 0.38288000226020813
19300 0.4169900119304657 0.4063299894332886
19301 0.41102999448776245 0.4121699929237366
19302 0.40768998861312866 0.4224100112915039
19303 0.46132001280784607 0.3876599967479706
19304 0.40961000323295593 0.4281899929046631
19305 0.41433000564575195 0.43424999713897705
19306 0.4218200147151947 0.4402199983596802
19307 0.4318400025367737 0.44562000036239624
19308 0.443230003118515 0.45017001032829285
19309 0.4544900059700012 0.4539699852466583
19310 0.46623000502586365 0.4569999873638153
19311 0.4786899983882904 0.45805999636650085
19312 0.4924899935722351 0.456959992647171
19313 0.47001999616622925 0.5034499764442444
19314 0.4656600058078766 0.5008999705314636
19315 0.4662899971008301 0.5055699944496155
19316 0.4630599915981293 0.5034099817276001
19317 0.4557900130748749 0.5376399755477905
19318 0.44554001092910767 0.5334100127220154
19319 0.4610399901866913 0.5190500020980835
19320 0.45697999000549316 0.5311300158500671
19321 0.4598900079727173 0.5216799974441528
19322 0.45848000049591064 0.5254700183868408
19323 0.4516200125217438 0.5489100217819214
19324 0.44216999411582947 0.5432000160217285
19325 0.44262000918388367 0.5464500188827515
19326 0.44053998589515686 0.5303500294685364
19327 0.43685001134872437 0.544439971446991
19328 0.4369199872016907 0.5406399965286255
19329 0.44569000601768494 0.5504699945449829
19330 0.4466499984264374 0.54544997215271
19331 0.4505999982357025 0.5356799960136414
19332 0.452210009098053 0.5295500159263611
19333 0.454120010137558 0.5242499709129333
19334 0.4556899964809418 0.5206300020217896
19335 0.45702001452445984 0.517799973487854
19336 0.43698999285697937 0.514519989490509
19337 0.44284000992774963 0.5098999738693237
19338 0.4398899972438812 0.5198299884796143
19339 0.4443199932575226 0.514519989490509
19340 0.4439300000667572 0.524179995059967
19341 0.44800999760627747 0.5273699760437012
19342 0.45059001445770264 0.5221099853515625
19343 0.44729000329971313 0.5186899900436401
19344 0.009800000116229057 0.9189900159835815
19345 0.011850000359117985 0.9122899770736694
19346 0.06748999655246735 0.8879500031471252
19347 0.06395000219345093 0.8959199786186218
19348 0.06560999900102615 0.8920400142669678
19349 0.10289999842643738 0.9584699869155884
19350 0.10183999687433243 0.9314200282096863
19351 0.014820000156760216 0.954509973526001
19352 0.06525000184774399 0.9889799952507019
19353 0.017009999603033066 0.9145900011062622
19354 0.009359999559819698 0.9319499731063843
19355 0.09273000061511993 0.9319400191307068
19356 0.09325999766588211 0.953220009803772
19357 0.06307999789714813 0.9760900139808655
19358 0.08473999798297882 0.9310600161552429
19359 0.08558999747037888 0.947380006313324
19360 0.061469998210668564 0.9648900032043457
19361 0.0287299994379282 0.9128699898719788
19362 0.03359000012278557 0.9143199920654297
19363 0.023989999666810036 0.9110199809074402
19364 0.022029999643564224 0.916700005531311
19365 0.015690000727772713 0.9209799766540527
19366 0.021479999646544456 0.9228399991989136
19367 0.022670000791549683 0.950760006904602
19368 0.016540000215172768 0.9320799708366394
19369 0.029740000143647194 0.9459099769592285
19370 0.023520000278949738 0.9318299889564514
19371 0.0379600003361702 0.9188200235366821
19372 0.07687000185251236 0.927839994430542
19373 0.07833000272512436 0.9410499930381775
19374 0.0597199983894825 0.9545300006866455
19375 0.03280000016093254 0.9186499714851379
19376 0.027219999581575394 0.9181100130081177
19377 0.03520999848842621 0.9401900172233582
19378 0.029750000685453415 0.9305599927902222
19379 0.027089999988675117 0.9237599968910217
19380 0.06210999935865402 0.9234700202941895
19381 0.06074000149965286 0.9283499717712402
19382 0.057339999824762344 0.9133899807929993
19383 0.06160999834537506 0.9189900159835815
19384 0.05979999899864197 0.9157599806785583
19385 0.032710000872612 0.9235699772834778
19386 0.03457000106573105 0.9288100004196167
19387 0.0385500006377697 0.9352899789810181
19388 0.056379999965429306 0.9442700147628784
19389 0.0694499984383583 0.9337199926376343
19390 0.06925000250339508 0.9252700209617615
19391 0.05316000059247017 0.9358299970626831
19392 0.04179000109434128 0.9307299852371216
19393 0.03791999816894531 0.9226400256156921
19394 0.03894000127911568 0.926609992980957
19395 0.05178999900817871 0.9164599776268005
19396 0.054430000483989716 0.9150999784469604
19397 0.05820000171661377 0.9333099722862244
19398 0.06559000164270401 0.939769983291626
19399 0.07353000342845917 0.9495199918746948
19400 0.0787699967622757 0.959089994430542
19401 0.08449999988079071 0.9684600234031677
19402 0.09198000282049179 0.9787099957466125
19403 0.044280000030994415 0.9278200268745422
19404 0.04935000091791153 0.9175199866294861
19405 0.04667000100016594 0.9344800114631653
19406 0.04616999998688698 0.942359983921051
19407 0.04510999843478203 0.9511600136756897
19408 0.04276999831199646 0.9602400064468384
19409 0.038419999182224274 0.968970000743866
19410 0.03313999995589256 0.9789800047874451
19411 0.0416099987924099 0.9188200235366821
19412 0.04698000103235245 0.9182000160217285
19413 0.04448999837040901 0.9186199903488159
19414 0.04171999916434288 0.921779990196228
19415 0.042500000447034836 0.9248600006103516
19416 0.04473999887704849 0.9211400151252747
19417 0.04656999930739403 0.9265599846839905
19418 0.04721999913454056 0.929610013961792
19419 0.04543000087141991 0.923799991607666
19420 0.05607999861240387 0.9259200096130371
19421 0.05601999908685684 0.9172800183296204
19422 0.05696000158786774 0.9198700189590454
19423 0.05705999955534935 0.9227700233459473
19424 0.05420999974012375 0.9234600067138672
19425 0.052799999713897705 0.9185600280761719
19426 0.05000999942421913 0.9196699857711792
19427 0.05079999938607216 0.9298099875450134
19428 0.053939998149871826 0.9284700155258179
19429 0.050689999014139175 0.9220100045204163
19430 0.049229998141527176 0.9259300231933594
19431 0.04808000102639198 0.922980010509491
19432 0.05183999985456467 0.9248300194740295
19433 0.04741000011563301 0.9204999804496765
19434 0.05349000170826912 0.9208899736404419
19435 0.06831999868154526 0.8983100056648254
19436 0.0705299973487854 0.8946499824523926
19437 0.07293999940156937 0.8906000256538391
19438 0.06032000109553337 0.9111400246620178
19439 0.06463000178337097 0.9047899842262268
19440 0.06634999811649323 0.9015799760818481
19441 0.07180000096559525 0.9008499979972839
19442 0.07457000017166138 0.8974499702453613
19443 0.09365999698638916 0.9125000238418579
19444 0.07757999747991562 0.8933200240135193
19445 0.08679000288248062 0.9156699776649475
19446 0.08021999895572662 0.9171900153160095
19447 0.06810999661684036 0.9062100052833557
19448 0.06283000111579895 0.9081599712371826
19449 0.06699000298976898 0.910099983215332
19450 0.07389000058174133 0.9178599715232849
19451 0.06955000013113022 0.9035000205039978
19452 0.06729000061750412 0.9180499911308289
19453 0.06403999775648117 0.9136599898338318
19454 0.07122000306844711 0.9061099886894226
19455 0.07435999810695648 0.9041200280189514
19456 0.0778300017118454 0.9009299874305725
19457 0.08150000125169754 0.8966599702835083
19458 0.07187999784946442 0.9106199741363525
19459 0.07671999931335449 0.909089982509613
19460 0.08162999898195267 0.9064599871635437
19461 0.08688999712467194 0.9025499820709229
19462 0.464709997177124 0.513700008392334
19463 0.4670099914073944 0.5110300183296204
19464 0.4626300036907196 0.516480028629303
19465 0.4607599973678589 0.5001599788665771
19466 0.44764000177383423 0.5112199783325195
19467 0.4524500072002411 0.5185099840164185
19468 0.44971001148223877 0.5149999856948853
19469 0.4544200003147125 0.49932000041007996
19470 0.4495599865913391 0.5032399892807007
19471 0.447299987077713 0.5074700117111206
19472 0.4636499881744385 0.5082600116729736
19473 0.46136000752449036 0.5112900137901306
19474 0.45899999141693115 0.5146200060844421
19475 0.45618999004364014 0.5012999773025513
19476 0.45245999097824097 0.5038800239562988
19477 0.4498800039291382 0.5095700025558472
19478 0.45399999618530273 0.5155500173568726
19479 0.45159998536109924 0.512440025806427
19480 0.46094998717308044 0.5059599876403809
19481 0.4600200057029724 0.5033299922943115
19482 0.4570600092411041 0.5042099952697754
19483 0.4538800120353699 0.5099700093269348
19484 0.45875000953674316 0.5088899731636047
19485 0.45625999569892883 0.5122900009155273
19486 0.4519200026988983 0.5079399943351746
19487 0.45006999373435974 0.506879985332489
19488 0.45631998777389526 0.5072600245475769
19489 0.45427998900413513 0.5056700110435486
19490 0.1610099971294403 0.9734200239181519
19491 0.12643000483512878 0.982729971408844
19492 0.14375999569892883 0.9555000066757202
19493 0.15047000348567963 0.9824100136756897
19494 0.13210000097751617 0.9859200119972229
19495 0.12309999763965607 0.9599300026893616
19496 0.13377000391483307 0.9537100195884705
19497 0.13916000723838806 0.9869700074195862
19498 0.14565999805927277 0.9854699969291687
19499 0.15454000234603882 0.9783099889755249
19500 0.12933999300003052 0.954800009727478
19501 0.1256600022315979 0.9570000171661377
19502 0.14819000661373138 0.9579100012779236
19503 0.1530500054359436 0.96110999584198
19504 0.13896000385284424 0.9539099931716919
19505 0.11806000024080276 0.9703099727630615
19506 0.11839000135660172 0.9749799966812134
19507 0.12015999853610992 0.9739900231361389
19508 0.1224299967288971 0.9785100221633911
19509 0.14239999651908875 0.9600800275802612
19510 0.148049995303154 0.9800500273704529
19511 0.13255000114440918 0.98225998878479
19512 0.1341799944639206 0.9587699770927429
19513 0.13790999352931976 0.9833700060844421
19514 0.14313000440597534 0.9824600219726562
19515 0.1306300014257431 0.9594799876213074
19516 0.14685000479221344 0.9617300033569336
19517 0.13827000558376312 0.958899974822998
19518 0.14119000732898712 0.9748200178146362
19519 0.14579999446868896 0.9740099906921387
19520 0.1458200067281723 0.9701600074768066
19521 0.14138999581336975 0.970300018787384
19522 0.13752000033855438 0.974560022354126
19523 0.13808000087738037 0.9698600172996521
19524 0.12783999741077423 0.9794399738311768
19525 0.13426999747753143 0.9736999869346619
19526 0.13505999743938446 0.9691900014877319
19527 0.12450999766588211 0.9759899973869324
19528 0.12477999925613403 0.9618800282478333
19529 0.12735000252723694 0.9605900049209595
19530 0.12878000736236572 0.9675999879837036
19531 0.12234000116586685 0.9727399945259094
19532 0.13210000097751617 0.9685099720954895
19533 0.13127000629901886 0.9724299907684326
19534 0.12522999942302704 0.9690999984741211
19535 0.12831999361515045 0.970770001411438
19536 0.12582999467849731 0.9666200280189514
19537 0.15771999955177307 0.9755799770355225
19538 0.15300999581813812 0.9763000011444092
19539 0.15894000232219696 0.9732999801635742
19540 0.15196000039577484 0.9638299942016602
19541 0.16038000583648682 0.9720100164413452
19542 0.15113000571727753 0.9722599983215332
19543 0.15088999271392822 0.9696099758148193
19544 0.16120000183582306 0.9708300232887268
19545 0.15690000355243683 0.9749100208282471
19546 0.15740999579429626 0.9733200073242188
19547 0.15625999867916107 0.9737899899482727
19548 0.15655000507831573 0.9639300107955933
19549 0.15772999823093414 0.9658300280570984
19550 0.1549600064754486 0.9691500067710876
19551 0.15564000606536865 0.9655100107192993
19552 0.15522000193595886 0.9709399938583374
19553 0.1581999957561493 0.9706699848175049
19554 0.1615699976682663 0.9691100120544434
19555 0.15839000046253204 0.9690200090408325
19556 0.1581999957561493 0.9674299955368042
19557 0.15505999326705933 0.9671800136566162
19558 0.15123000741004944 0.9666600227355957
19559 0.14618000388145447 0.9660000205039978
19560 0.1416199952363968 0.9653300046920776
19561 0.13816000521183014 0.964709997177124
19562 0.1350100040435791 0.9643300175666809
19563 0.13189999759197235 0.9642300009727478
19564 0.12857000529766083 0.9641799926757812
19565 0.1258399933576584 0.9640200138092041
19566 0.11986000090837479 0.9701700210571289
19567 0.12185999751091003 0.9701300263404846
19568 0.12409000098705292 0.9711899757385254
19569 0.12675000727176666 0.9734399914741516
19570 0.1296900063753128 0.9761099815368652
19571 0.13330000638961792 0.9782299995422363
19572 0.1372399926185608 0.979170024394989
19573 0.1415099948644638 0.9789999723434448
19574 0.1463800072669983 0.9773300290107727
19575 0.15189999341964722 0.9742500185966492
19576 0.15565000474452972 0.9724000096321106
19577 0.1577800065279007 0.972100019454956
19578 0.33472999930381775 0.5450299978256226
19579 0.3986000120639801 0.5594499707221985
19580 0.3818399906158447 0.5437899827957153
19581 0.3652400076389313 0.5239199995994568
19582 0.34163999557495117 0.5562000274658203
19583 0.3734799921512604 0.534529983997345
19584 0.3488999903202057 0.5667999982833862
19585 0.3503600060939789 0.5448499917984009
19586 0.3590399920940399 0.5559499859809875
19587 0.3697200119495392 0.5648099780082703
19588 0.39157000184059143 0.5765600204467773
19589 0.38927000761032104 0.5853000283241272
19590 0.36643001437187195 0.5777000188827515
19591 0.35367000102996826 0.5785300135612488
19592 0.40751999616622925 0.5664600133895874
19593 0.40143999457359314 0.5812100172042847
19594 0.3991999924182892 0.5886800289154053
19595 0.42838001251220703 0.5788800120353699
19596 0.41762998700141907 0.5728499889373779
19597 0.4115999937057495 0.5853700041770935
19598 0.40904998779296875 0.5918700098991394
19599 0.3785899877548218 0.5816400051116943
19600 0.38119998574256897 0.5711299777030945
19601 0.39024001359939575 0.5519300103187561
19602 0.4385800063610077 0.5849000215530396
19603 0.44773000478744507 0.5908499956130981
19604 0.4557900130748749 0.5969799757003784
19605 0.4625000059604645 0.6037300229072571
19606 0.4671899974346161 0.6115599870681763
19607 0.42493999004364014 0.584119975566864
19608 0.41449999809265137 0.5789300203323364
19609 0.40422001481056213 0.5735599994659424
19610 0.3947199881076813 0.5676299929618835
19611 0.3854199945926666 0.5610100030899048
19612 0.37599998712539673 0.5535399913787842
19613 0.36678001284599304 0.5446799993515015
19614 0.3580799996852875 0.5341799855232239
19615 0.4339599907398224 0.6331800222396851
19616 0.4603799879550934 0.6464099884033203
19617 0.47095999121665955 0.63823002576828
19618 0.4712100028991699 0.6291099786758423
19619 0.4698899984359741 0.6201599836349487
19620 0.4628700017929077 0.6379200220108032
19621 0.4637500047683716 0.6296600103378296
19622 0.42160001397132874 0.5896099805831909
19623 0.4562999904155731 0.6073600053787231
19624 0.4504599869251251 0.6010400056838989
19625 0.44321000576019287 0.5952500104904175
19626 0.43463999032974243 0.5896099805831909
19627 0.46046000719070435 0.6143100261688232
19628 0.4629400074481964 0.621749997138977
19629 0.43634000420570374 0.6203100085258484
19630 0.4054900109767914 0.6037899851799011
19631 0.39647001028060913 0.6022099852561951
19632 0.38714998960494995 0.6009500026702881
19633 0.3775399923324585 0.599839985370636
19634 0.3675599992275238 0.5991500020027161
19635 0.35747000575065613 0.5998700261116028
19636 0.3480699956417084 0.6023799777030945
19637 0.43105000257492065 0.6197199821472168
19638 0.43077000975608826 0.5943899750709534
19639 0.43393999338150024 0.6177399754524231
19640 0.41280001401901245 0.6107199788093567
19641 0.42765000462532043 0.6184499859809875
19642 0.415910005569458 0.6007199883460999
19643 0.41850998997688293 0.5952699780464172
19644 0.4302099943161011 0.6156399846076965
19645 0.41402000188827515 0.6058499813079834
19646 0.42552000284194946 0.6138200163841248
19647 0.41978999972343445 0.6122400164604187
19648 0.44787999987602234 0.6515100002288818
19649 0.4523800015449524 0.6443700194358826
19650 0.4449999928474426 0.6407700181007385
19651 0.44846999645233154 0.6347000002861023
19652 0.45541998744010925 0.6368299722671509
19653 0.45653998851776123 0.6225200295448303
19654 0.44843998551368713 0.6172800064086914
19655 0.4569000005722046 0.6294500231742859
19656 0.4502600133419037 0.6286100149154663
19657 0.45017001032829285 0.6227899789810181
19658 0.45434999465942383 0.6160600185394287
19659 0.43623998761177063 0.6348900198936462
19660 0.4385800063610077 0.6307500004768372
19661 0.43970000743865967 0.6267799735069275
19662 0.4400799870491028 0.62295001745224
19663 0.43942001461982727 0.6192499995231628
19664 0.44530999660491943 0.612339973449707
19665 0.4506799876689911 0.6100299954414368
19666 0.4370099902153015 0.6159700155258179
19667 0.4345700144767761 0.6035400032997131
19668 0.42708998918533325 0.5992199778556824
19669 0.44067999720573425 0.6079000234603882
19670 0.44550999999046326 0.6045600175857544
19671 0.4388599991798401 0.5994499921798706
19672 0.43303000926971436 0.6131200194358826
19673 0.4278700053691864 0.6104400157928467
19674 0.42392998933792114 0.6037999987602234
19675 0.4215799868106842 0.6080600023269653
19676 0.43077999353408813 0.6071900129318237
19677 0.4363900125026703 0.610729992389679
19678 0.44064998626708984 0.6142899990081787
19679 0.4433099925518036 0.6183000206947327
19680 0.444350004196167 0.6228500008583069
19681 0.4441100060939789 0.6275500059127808
19682 0.4425700008869171 0.6323500275611877
19683 0.4395099878311157 0.6371200084686279
19684 0.39921998977661133 0.6739100217819214
19685 0.4125500023365021 0.6724600195884705
19686 0.4244999885559082 0.6687399744987488
19687 0.3732999861240387 0.6717900037765503
19688 0.3501499891281128 0.665090024471283
19689 0.3393099904060364 0.6599799990653992
19690 0.3858700096607208 0.6733099818229675
19691 0.36149001121520996 0.6690599918365479
19692 0.4188399910926819 0.6608700156211853
19693 0.4083099961280823 0.6644099950790405
19694 0.396230012178421 0.6659500002861023
19695 0.383899986743927 0.6656500101089478
19696 0.3722800016403198 0.6646299958229065
19697 0.3612399995326996 0.6625400185585022
19698 0.3504199981689453 0.6593199968338013
19699 0.3402700126171112 0.6549699902534485
19700 0.32934999465942383 0.6537399888038635
19701 0.36994001269340515 0.6529899835586548
19702 0.3807699978351593 0.6532400250434875
19703 0.3921999931335449 0.6534600257873535
19704 0.40351998805999756 0.653190016746521
19705 0.4135200083255768 0.6509000062942505
19706 0.3409300148487091 0.6465299725532532
19707 0.3498699963092804 0.6496899724006653
19708 0.3596799969673157 0.6518099904060364
19709 0.4340499937534332 0.6639000177383423
19710 0.44176000356674194 0.6581100225448608
19711 0.43446001410484314 0.6517500281333923
19712 0.4272800087928772 0.6567000150680542
19713 0.44036000967025757 0.6462900042533875
19714 0.42100998759269714 0.6471800208091736
19715 0.4270299971103668 0.6428599953651428
19716 0.43237000703811646 0.6387500166893005
19717 0.4351699948310852 0.6415500044822693
19718 0.4296700060367584 0.6464899778366089
19719 0.42329999804496765 0.6514300107955933
19720 0.41554000973701477 0.6555299758911133
19721 0.4055199921131134 0.6586899757385254
19722 0.3940500020980835 0.659820020198822
19723 0.38231000304222107 0.6596500277519226
19724 0.3711400032043457 0.6591100096702576
19725 0.36048001050949097 0.6575499773025513
19726 0.35012999176979065 0.6549100279808044
19727 0.34046000242233276 0.6510900259017944
19728 0.12099000066518784 0.9640600085258484
19729 0.12183000147342682 0.9622399806976318
19730 0.12056999653577805 0.9674199819564819
19731 0.12291999906301498 0.9643800258636475
19732 0.1227400004863739 0.967960000038147
19733 0.12371999770402908 0.9633200168609619
19734 0.34088999032974243 0.6230199933052063
19735 0.12043999880552292 0.9616000056266785
19736 0.12083999812602997 0.9656599760055542
19737 0.330810010433197 0.6494699716567993
19738 0.33654001355171204 0.6156200170516968
19739 0.3397899866104126 0.6204500198364258
19740 0.3385699987411499 0.6187099814414978
19741 0.33129000663757324 0.6069499850273132
19742 0.32774001359939575 0.601830005645752
19743 0.33768001198768616 0.5999100208282471
19744 0.33434000611305237 0.5930699706077576
19745 0.32249000668525696 0.6116099953651428
19746 0.3402999937534332 0.6063100099563599
19747 0.33414000272750854 0.6116600036621094
19748 0.326090008020401 0.61558997631073
19749 0.3144499957561493 0.6179500222206116
19750 0.31450000405311584 0.6429100036621094
19751 0.3122299909591675 0.6273900270462036
19752 0.31843000650405884 0.6217100024223328
19753 0.3160099983215332 0.6301000118255615
19754 0.3216499984264374 0.6473600268363953
19755 0.31703001260757446 0.6416199803352356
19756 0.32311001420021057 0.6438199877738953
19757 0.3183799982070923 0.6389399766921997
19758 0.34057000279426575 0.6261299848556519
19759 0.34000998735427856 0.6237000226974487
19760 0.11866000294685364 0.9670600295066833
19761 0.3396899998188019 0.624530017375946
19762 0.11964999884366989 0.9639300107955933
19763 0.11913999915122986 0.9653800129890442
19764 0.33851000666618347 0.6299899816513062
19765 0.33546000719070435 0.6374199986457825
19766 0.33719000220298767 0.6330500245094299
19767 0.3332200050354004 0.6422500014305115
19768 0.33164000511169434 0.6460599899291992
19769 0.3374300003051758 0.622439980506897
19770 0.33243998885154724 0.6206899881362915
19771 0.32975998520851135 0.6270700097084045
19772 0.3353999853134155 0.6218400001525879
19773 0.33344000577926636 0.625760018825531
19774 0.33608999848365784 0.6249399781227112
19775 0.3307200074195862 0.6330699920654297
19776 0.32930999994277954 0.6187099814414978
19777 0.32705000042915344 0.6364099979400635
19778 0.3258199989795685 0.6278499960899353
19779 0.32440999150276184 0.6399099826812744
19780 0.31953001022338867 0.6340799927711487
19781 0.3220300078392029 0.625789999961853
19782 0.3339099884033203 0.6297900080680847
19783 0.3362799882888794 0.6276100277900696
19784 0.33974000811576843 0.6252700090408325
19785 0.4119899868965149 0.6158400177955627
19786 0.4234299957752228 0.6174899935722351
19787 0.41822999715805054 0.6167200207710266
19788 0.30101001262664795 0.35589998960494995
19789 0.3159399926662445 0.31863999366760254
19790 0.2969299852848053 0.42333000898361206
19791 0.2960900068283081 0.390610009431839
19792 0.4294799864292145 0.2352599948644638
19793 0.33706000447273254 0.39423999190330505
19794 0.3444199860095978 0.3673099875450134
19795 0.333840012550354 0.41971999406814575
19796 0.38418999314308167 0.25279998779296875
19797 0.4747300148010254 0.22654999792575836
19798 0.34415000677108765 0.28244999051094055
19799 0.39342001080513 0.29319000244140625
19800 0.3719399869441986 0.3147900104522705
19801 0.3553900122642517 0.3401300013065338
19802 0.44857001304626465 0.2640700042247772
19803 0.48210999369621277 0.25867000222206116
19804 0.4192799925804138 0.2749199867248535
19805 0.4770599901676178 0.23614999651908875
19806 0.4359799921512604 0.24336999654769897
19807 0.39711999893188477 0.258760005235672
19808 0.36322999000549316 0.2811099886894226
19809 0.33834001421928406 0.3125799894332886
19810 0.32214999198913574 0.34617000818252563
19811 0.31349998712539673 0.37911999225616455
19812 0.3104499876499176 0.41054999828338623
19813 0.3571600019931793 0.5118899941444397
19814 0.3427000045776367 0.533079981803894
19815 0.35008999705314636 0.5222600102424622
19816 0.32412999868392944 0.4009299874305725
19817 0.3307900130748749 0.3715200126171112
19818 0.34046998620033264 0.34106001257896423
19819 0.3569299876689911 0.31123998761177063
19820 0.37918999791145325 0.2845200002193451
19821 0.4084700047969818 0.2658199965953827
19822 0.4415600001811981 0.25183001160621643
19823 0.479420006275177 0.24692000448703766
19824 0.3065600097179413 0.4767400026321411
19825 0.3345400094985962 0.44290998578071594
19826 0.30083999037742615 0.45210000872612
19827 0.3122200071811676 0.4389500021934509
19828 0.3166399896144867 0.4634000062942505
19829 0.3375200033187866 0.463919997215271
19830 0.31317999958992004 0.49783000349998474
19831 0.3300899863243103 0.47336000204086304
19832 0.320389986038208 0.5162400007247925
19833 0.34266000986099243 0.48243001103401184
19834 0.3495100140571594 0.498199999332428
19835 0.3276900053024292 0.5319499969482422
19836 0.32846999168395996 0.5031499862670898
19837 0.3355099856853485 0.5194200277328491
19838 0.34275999665260315 0.5084999799728394
19839 0.33590999245643616 0.49222999811172485
19840 0.3261699974536896 0.45217999815940857
19841 0.3233700096607208 0.42816999554634094
19842 0.32197999954223633 0.4844200015068054
19843 0.3153899908065796 0.636210024356842
19844 0.31213998794555664 0.6353600025177002
19845 0.30779001116752625 0.6350700259208679
19846 0.3020699918270111 0.6351900100708008
19847 0.294869989156723 0.6356899738311768
19848 0.28637000918388367 0.6361500024795532
19849 0.28064998984336853 0.6772500276565552
19850 0.282260000705719 0.6551899909973145
19851 0.2728300094604492 0.6585900187492371
19852 0.2621000111103058 0.6171500086784363
19853 0.2738499939441681 0.6175600290298462
19854 0.27691999077796936 0.6366999745368958
19855 0.26666998863220215 0.6384199857711792
19856 0.4287300109863281 0.621940016746521
19857 0.425709992647171 0.6212499737739563
19858 0.4334700107574463 0.6214900016784668
19859 0.43595999479293823 0.6297100186347961
19860 0.4368700087070465 0.6264600157737732
19861 0.4371500015258789 0.6233100295066833
19862 0.4319700002670288 0.6315799951553345
19863 0.4338200092315674 0.6288700103759766
19864 0.43448999524116516 0.6263499855995178
19865 0.4345400035381317 0.6238399744033813
19866 0.43101999163627625 0.6229299902915955
19867 0.43031999468803406 0.6305199861526489
19868 0.4262300133705139 0.6256099939346313
19869 0.41196000576019287 0.6198999881744385
19870 0.42201998829841614 0.620710015296936
19871 0.4174799919128418 0.6203500032424927
19872 0.4233500063419342 0.6254900097846985
19873 0.1635800004005432 0.9672999978065491
19874 0.16117000579833984 0.9674400091171265
19875 0.16537000238895416 0.9670699834823608
19876 0.4149799942970276 0.6251000165939331
19877 0.15758000314235687 0.9625099897384644
19878 0.15967999398708344 0.965470016002655
19879 0.41903001070022583 0.6251999735832214
19880 0.4210500121116638 0.6254100203514099
19881 0.1624400019645691 0.9644100069999695
19882 0.16245999932289124 0.9655699729919434
19883 0.43209999799728394 0.6284499764442444
19884 0.43220001459121704 0.6245700120925903
19885 0.4324600100517273 0.6265000104904175
19886 0.42983001470565796 0.6270300149917603
19887 0.42851999402046204 0.6259899735450745
19888 0.1623000055551529 0.9723700284957886
19889 0.16369999945163727 0.9710699915885925
19890 0.16429999470710754 0.9692500233650208
19891 0.1634799987077713 0.9727100133895874
19892 0.4291200041770935 0.6271200180053711
19893 0.16660000383853912 0.9693700075149536
19894 0.4284000098705292 0.6282399892807007
19895 0.4294700026512146 0.627780020236969
19896 0.4295400083065033 0.6263899803161621
19897 0.1657799929380417 0.9712600111961365
19898 0.12334000319242477 0.965969979763031
19899 0.11915000528097153 0.9647600054740906
19900 0.495279997587204 0.5527799725532532
19901 0.4851999878883362 0.5521299839019775
19902 0.4761500060558319 0.5508000254631042
19903 0.4680500030517578 0.5488899946212769
19904 0.46059998869895935 0.5464400053024292
19905 0.4543200135231018 0.5437700152397156
19906 0.4489699900150299 0.5412999987602234
19907 0.4436100125312805 0.5389299988746643
19908 0.4381200075149536 0.5359799861907959
19909 0.4329400062561035 0.5319200158119202
19910 0.4286800026893616 0.5268399715423584
19911 0.42559999227523804 0.5211300253868103
19912 0.42379000782966614 0.5147200226783752
19913 0.4233900010585785 0.5070899724960327
19914 0.4231800138950348 0.49834999442100525
19915 0.4187000095844269 0.478520005941391
19916 0.4119200110435486 0.4680500030517578
19917 0.40272000432014465 0.4583899974822998
19918 0.3962700068950653 0.44846999645233154
19919 0.39256998896598816 0.43825000524520874
19920 0.3915500044822693 0.42770999670028687
19921 0.39320001006126404 0.4171000123023987
19922 0.3972800076007843 0.40643998980522156
19923 0.4041599929332733 0.3960599899291992
19924 0.41391000151634216 0.38659000396728516
19925 0.42559000849723816 0.37841999530792236
19926 0.43849000334739685 0.37237000465393066
19927 0.45243000984191895 0.3687100112438202
19928 0.46647000312805176 0.3666599988937378
19929 0.47999998927116394 0.36550000309944153
19930 0.4933600127696991 0.3648900091648102
19931 0.4480299949645996 0.4724999964237213
19932 0.46237000823020935 0.4716300070285797
19933 0.47679001092910767 0.4709700047969818
19934 0.49206000566482544 0.4704599976539612
19935 0.4353199899196625 0.4637700021266937
19936 0.4469600021839142 0.4800400137901306
19937 0.461650013923645 0.47780001163482666
19938 0.476500004529953 0.476529985666275
19939 0.4920099973678589 0.47585999965667725
19940 0.4328500032424927 0.47398000955581665
19941 0.4329800009727478 0.48370999097824097
19942 0.42155998945236206 0.48903000354766846
19943 0.42135998606681824 0.524429976940155
19944 0.4185200035572052 0.5166900157928467
19945 0.41304001212120056 0.6225500106811523
19946 0.4057300090789795 0.6220800280570984
19947 0.3961600065231323 0.6216700077056885
19948 0.38596999645233154 0.6214600205421448
19949 0.3759399950504303 0.6212999820709229
19950 0.3659999966621399 0.6210100054740906
19951 0.3568800091743469 0.6208599805831909
19952 0.3493199944496155 0.6209700107574463
19953 0.34380000829696655 0.6209999918937683
19954 0.3404400050640106 0.6215400099754333
19955 0.33873000741004944 0.6229100227355957
19956 0.337909996509552 0.6245899796485901
19957 0.3380599915981293 0.6263300180435181
19958 0.3396199941635132 0.628000020980835
19959 0.3431900143623352 0.6292099952697754
19960 0.34922999143600464 0.6300100088119507
19961 0.35697001218795776 0.6308299899101257
19962 0.3659299910068512 0.631820023059845
19963 0.37602999806404114 0.6326199769973755
19964 0.38712000846862793 0.6331499814987183
19965 0.39851000905036926 0.6332100033760071
19966 0.4085499942302704 0.6327900290489197
19967 0.41648000478744507 0.6322900056838989
19968 0.4223000109195709 0.6316099762916565
19969 0.4264099895954132 0.630649983882904
19970 0.4291999936103821 0.6295099854469299
19971 0.4305900037288666 0.6282200217247009
19972 0.4308600127696991 0.6268399953842163
19973 0.4305399954319 0.6255199909210205
19974 0.4294799864292145 0.6245899796485901
19975 0.42732998728752136 0.6240299940109253
19976 0.4244999885559082 0.6236500144004822
19977 0.42142000794410706 0.6232900023460388
19978 0.417930006980896 0.6228799819946289
19979 0.2304999977350235 0.08590999990701675
19980 0.12476000189781189 0.3416300117969513
19981 0.11151999980211258 0.3824099898338318
19982 0.09205000102519989 0.6477100253105164
19983 0.16943000257015228 0.23477999866008759
19984 0.21946999430656433 0.14916999638080597
19985 0.20487000048160553 0.17688000202178955
19986 0.18682999908924103 0.2045000046491623
19987 0.13833999633789062 0.30254000425338745
19988 0.15383000671863556 0.2676199972629547
19989 0.22359000146389008 0.9704800248146057
19990 0.22742000222206116 0.12522999942302704
19991 0.22978000342845917 0.10467000305652618
19992 0.17372000217437744 0.8258699774742126
19993 0.16243000328540802 0.8081300258636475
19994 0.1867399960756302 0.8615999817848206
19995 0.1799599975347519 0.8431900143623352
19996 0.11277999728918076 0.724370002746582
19997 0.1283400058746338 0.7572199702262878
19998 0.14549000561237335 0.7851300239562988
19999 0.22352999448776245 0.9507499933242798
20000 0.1946599930524826 0.8793100118637085
20001 0.21964000165462494 0.9321600198745728
20002 0.20371000468730927 0.8964499831199646
20003 0.21225999295711517 0.9140499830245972
20004 0.08884000033140182 0.6114400029182434
20005 0.09318999946117401 0.5088800191879272
20006 0.09079000353813171 0.5440000295639038
20007 0.21292999386787415 0.01063000038266182
20008 0.23002000153064728 0.06977999955415726
20009 0.22744999825954437 0.05468999966979027
20010 0.22383999824523926 0.04083999991416931
20011 0.21552999317646027 0.018120000138878822
20012 0.21940000355243683 0.02865999937057495
20013 0.10018999874591827 0.6862800121307373
20014 0.08906999975442886 0.5774000287055969
20015 0.09726999700069427 0.46834999322891235
20016 0.10209000110626221 0.4250200092792511
20017 0.2040099948644638 0.09961000084877014
20018 0.17656999826431274 0.10734999924898148
20019 0.1504800021648407 0.10864999890327454
20020 0.125 0.10137999802827835
20021 0.10434000194072723 0.08158999681472778
20022 0.0844699963927269 0.08969999849796295
20023 0.04845000058412552 0.08973000198602676
20024 0.03288000077009201 0.09211000055074692
20025 0.10632000118494034 0.34900999069213867
20026 0.09743999689817429 0.3877600133419037
20027 0.08295000344514847 0.6487100124359131
20028 0.14139999449253082 0.24713000655174255
20029 0.1606999933719635 0.1521500051021576
20030 0.13280999660491943 0.15609000623226166
20031 0.18359999358654022 0.16562999784946442
20032 0.15118999779224396 0.17690999805927277
20033 0.1708499938249588 0.19115999341011047
20034 0.15583999454975128 0.21792000532150269
20035 0.11695999652147293 0.3123599886894226
20036 0.12786999344825745 0.27838000655174255
20037 0.19208000600337982 0.14148999750614166
20038 0.051910001784563065 0.11421000212430954
20039 0.1984899938106537 0.11982999742031097
20040 0.16907000541687012 0.12822000682353973
20041 0.14176000654697418 0.13109000027179718
20042 0.11438000202178955 0.12594999372959137
20043 0.10634999722242355 0.15419000387191772
20044 0.08771999925374985 0.11902999877929688
20045 0.0362199991941452 0.12037999927997589
20046 0.1555500030517578 0.8121700286865234
20047 0.10224000364542007 0.725570023059845
20048 0.1177700012922287 0.7594699859619141
20049 0.1362999975681305 0.7890099883079529
20050 0.016620000824332237 0.6335300207138062
20051 0.016990000382065773 0.3738600015640259
20052 0.01688000001013279 0.40529000759124756
20053 0.019099999219179153 0.28165000677108765
20054 0.020190000534057617 0.2516399919986725
20055 0.01727999933063984 0.3426100015640259
20056 0.021549999713897705 0.21981999278068542
20057 0.046859998255968094 0.1816900074481964
20058 0.01802000030875206 0.31169000267982483
20059 0.042490001767873764 0.14869999885559082
20060 0.06030000001192093 0.13440999388694763
20061 0.08031000196933746 0.14811000227928162
20062 0.03207999840378761 0.3728399872779846
20063 0.03136000037193298 0.40547001361846924
20064 0.030780000612139702 0.6355999708175659
20065 0.12336999922990799 0.18193000555038452
20066 0.09807000309228897 0.18257999420166016
20067 0.0622900016605854 0.24587999284267426
20068 0.0449099987745285 0.21642999351024628
20069 0.0727199986577034 0.1801300048828125
20070 0.06780000030994415 0.21413999795913696
20071 0.041600000113248825 0.2489199936389923
20072 0.03846000134944916 0.27963998913764954
20073 0.03564999997615814 0.3100399971008301
20074 0.03342999890446663 0.3410300016403198
20075 0.0900299996137619 0.3556700050830841
20076 0.08433999866247177 0.3928399980068207
20077 0.11700999736785889 0.2582300007343292
20078 0.13975000381469727 0.20266999304294586
20079 0.12783999741077423 0.22945000231266022
20080 0.09739000350236893 0.3208000063896179
20081 0.10656999796628952 0.2887200117111206
20082 0.04673000052571297 0.37035998702049255
20083 0.07524999976158142 0.36164000630378723
20084 0.07152000069618225 0.39772000908851624
20085 0.045260000973939896 0.4040600061416626
20086 0.04340999945998192 0.6392199993133545
20087 0.05731000006198883 0.2762399911880493
20088 0.0955599993467331 0.2661300003528595
20089 0.11326000094413757 0.2091899961233139
20090 0.10397999733686447 0.23733000457286835
20091 0.049150001257658005 0.3380100131034851
20092 0.08023999631404877 0.3278200030326843
20093 0.0869700014591217 0.2962000072002411
20094 0.05277999863028526 0.3067399859428406
20095 0.07603999972343445 0.27180999517440796
20096 0.08276999741792679 0.24233999848365784
20097 0.09019000083208084 0.2125599980354309
20098 0.06960000097751617 0.30204999446868896
20099 0.0645499974489212 0.3335300087928772
20100 0.061069998890161514 0.3665899932384491
20101 0.05857999995350838 0.4014900028705597
20102 0.1526300013065338 0.9364299774169922
20103 0.15907999873161316 0.91948002576828
20104 0.16186000406742096 0.9039199948310852
20105 0.10791999846696854 0.8789200186729431
20106 0.09673000127077103 0.8910599946975708
20107 0.1159600019454956 0.8673099875450134
20108 0.07438000291585922 0.6482999920845032
20109 0.06554000079631805 0.6465700268745422
20110 0.05511000007390976 0.6431699991226196
20111 0.1551000028848648 0.8241099715232849
20112 0.09262000024318695 0.7270200252532959
20113 0.13030000030994415 0.7971900105476379
20114 0.10943000018596649 0.764240026473999
20115 0.15568000078201294 0.8396300077438354
20116 0.01915000006556511 0.7044199705123901
20117 0.034210000187158585 0.7888100147247314
20118 0.03491000086069107 0.7079799771308899
20119 0.05136999860405922 0.7877699732780457
20120 0.0500900000333786 0.7143499851226807
20121 0.057440001517534256 0.8388199806213379
20122 0.0725099965929985 0.8326399922370911
20123 0.16198000311851501 0.8885700106620789
20124 0.08516000211238861 0.8276399970054626
20125 0.06705000251531601 0.7892400026321411
20126 0.0670199990272522 0.7246999740600586
20127 0.16012999415397644 0.8728799819946289
20128 0.1211400032043457 0.8557100296020508
20129 0.0818599984049797 0.795229971408844
20130 0.09489999711513519 0.8232399821281433
20131 0.12386000156402588 0.8419700264930725
20132 0.08212999999523163 0.7294300198554993
20133 0.15764999389648438 0.8563299775123596
20134 0.09845999628305435 0.8124300241470337
20135 0.1265600025653839 0.8097699880599976
20136 0.10130000114440918 0.7726899981498718
20137 0.12449999898672104 0.8256400227546692
20138 0.09729000180959702 0.7910100221633911
20139 0.07530000060796738 0.764519989490509
20140 0.057009998708963394 0.7524700164794922
20141 0.040780000388622284 0.7469300031661987
20142 0.024049999192357063 0.7450799942016602
20143 0.08019000291824341 0.6115599870681763
20144 0.08427999913692474 0.5077900290489197
20145 0.07188999652862549 0.6109799742698669
20146 0.07535000145435333 0.5072500109672546
20147 0.06342999637126923 0.6094200015068054
20148 0.08194000273942947 0.5420399904251099
20149 0.07339999824762344 0.5407400131225586
20150 0.017249999567866325 0.505370020866394
20151 0.01671000011265278 0.599590003490448
20152 0.031780000776052475 0.5056999921798706
20153 0.030489999800920486 0.6018499732017517
20154 0.044829998165369034 0.5065100193023682
20155 0.042739998549222946 0.6042799949645996
20156 0.05623999983072281 0.5068299770355225
20157 0.05375999957323074 0.6068900227546692
20158 0.06617999821901321 0.5069800019264221
20159 0.06474000215530396 0.5400500297546387
20160 0.055160000920295715 0.5394399762153625
20161 0.044029999524354935 0.5384699702262878
20162 0.03130999952554703 0.5372899770736694
20163 0.017100000753998756 0.5368899703025818
20164 0.07790999859571457 0.014569999650120735
20165 0.06683000177145004 0.014709999784827232
20166 0.05583000183105469 0.014929999597370625
20167 0.04374000057578087 0.015130000188946724
20168 0.03099999949336052 0.01537999976426363
20169 0.017319999635219574 0.015879999846220016
20170 0.0989999994635582 0.013020000420510769
20171 0.08857999742031097 0.014189999550580978
20172 0.20430000126361847 0.011169999837875366
20173 0.19333000481128693 0.011509999632835388
20174 0.178289994597435 0.011900000274181366
20175 0.16058999300003052 0.01205000001937151
20176 0.14512999355793 0.011629999615252018
20177 0.13202999532222748 0.011239999905228615
20178 0.1208299994468689 0.011459999717772007
20179 0.11005999892950058 0.011920000426471233
20180 0.09122999757528305 0.05626999959349632
20181 0.0825200006365776 0.03248000144958496
20182 0.0760200023651123 0.060679998248815536
20183 0.06989999860525131 0.03401000052690506
20184 0.06061000004410744 0.061739999800920486
20185 0.05716000124812126 0.0347599983215332
20186 0.045660000294446945 0.06216999888420105
20187 0.04405000060796738 0.03522000089287758
20188 0.031120000407099724 0.06302999705076218
20189 0.030559999868273735 0.03570999950170517
20190 0.01655999943614006 0.03717000037431717
20191 0.15934999287128448 0.08799999952316284
20192 0.18380999565124512 0.08778999745845795
20193 0.20798000693321228 0.08087000250816345
20194 0.1367499977350235 0.08092000335454941
20195 0.11808999627828598 0.0667399987578392
20196 0.12748999893665314 0.0530100017786026
20197 0.20945000648498535 0.06346999853849411
20198 0.18854999542236328 0.06911999732255936
20199 0.16561000049114227 0.06908000260591507
20200 0.144679993391037 0.06338000297546387
20201 0.11457999795675278 0.03970000147819519
20202 0.10509999841451645 0.025040000677108765
20203 0.09443999826908112 0.02938999980688095
20204 0.10418999940156937 0.04842999950051308
20205 0.15073999762535095 0.04868999868631363
20206 0.17037999629974365 0.05245999991893768
20207 0.19126999378204346 0.05189000070095062
20208 0.12285999953746796 0.03189999982714653
20209 0.1347299963235855 0.041370000690221786
20210 0.20916999876499176 0.047449998557567596
20211 0.2075899988412857 0.03311999887228012
20212 0.20559999346733093 0.020400000736117363
20213 0.19255000352859497 0.0363599993288517
20214 0.1929199993610382 0.022089999169111252
20215 0.17419999837875366 0.03740999847650528
20216 0.17670999467372894 0.023000000044703484
20217 0.15554000437259674 0.03531999886035919
20218 0.1589599996805191 0.022420000284910202
20219 0.14013999700546265 0.030859999358654022
20220 0.14359000325202942 0.020419999957084656
20221 0.12915000319480896 0.02531999908387661
20222 0.13192999362945557 0.0182499997317791
20223 0.1231599971652031 0.018360000103712082
20224 0.11467999964952469 0.021080000326037407
20225 0.017260000109672546 0.6671199798583984
20226 0.032099999487400055 0.66975998878479
20227 0.04569999873638153 0.6755099892616272
20228 0.05894999951124191 0.6818900108337402
20229 0.07111000269651413 0.6861199736595154
20230 0.08100999891757965 0.687279999256134
20231 0.09031999856233597 0.6874099969863892
20232 0.016909999772906303 0.5675600171089172
20233 0.03082999959588051 0.5688599944114685
20234 0.043219998478889465 0.5705299973487854
20235 0.05418999865651131 0.572350025177002
20236 0.063680000603199 0.57396000623703
20237 0.07203999906778336 0.5750200152397156
20238 0.08030000329017639 0.5759699940681458
20239 0.08758000284433365 0.4686099886894226
20240 0.07799000293016434 0.4700700044631958
20241 0.06804999709129333 0.4715699851512909
20242 0.05736999958753586 0.47238999605178833
20243 0.04548000171780586 0.47284001111984253
20244 0.03215999901294708 0.47235000133514404
20245 0.0173799991607666 0.47161000967025757
20246 0.01686999946832657 0.43779000639915466
20247 0.031199999153614044 0.4390699863433838
20248 0.04475000128149986 0.43873000144958496
20249 0.05731000006198883 0.4373300075531006
20250 0.0692100003361702 0.4349200129508972
20251 0.0805400013923645 0.430620014667511
20252 0.09115000069141388 0.4273900091648102
20253 0.2879500091075897 0.01408000010997057
20254 0.28336000442504883 0.030139999464154243
20255 0.27224001288414 0.0500900000333786
20256 0.25409001111984253 0.06885000318288803
20257 0.25060999393463135 0.31477001309394836
20258 0.3581100106239319 0.22928999364376068
20259 0.16314999759197235 0.29271000623703003
20260 0.24548999965190887 0.2700499892234802
20261 0.20027999579906464 0.22359000146389008
20262 0.30118000507354736 0.1998399943113327
20263 0.2666099965572357 0.20814000070095062
20264 0.3822999894618988 0.17728999257087708
20265 0.4292599856853485 0.1656000018119812
20266 0.2588300108909607 0.13054999709129333
20267 0.3088400065898895 0.14483000338077545
20268 0.2401300072669983 0.16407999396324158
20269 0.22006000578403473 0.1938599944114685
20270 0.28832998871803284 0.17749999463558197
20271 0.3959900140762329 0.14961999654769897
20272 0.43716999888420105 0.14022000133991241
20273 0.3215399980545044 0.16933000087738037
20274 0.41861000657081604 0.2060600072145462
20275 0.21780000627040863 0.27744999527931213
20276 0.29732000827789307 0.26848000288009644
20277 0.4722900092601776 0.1965000033378601
20278 0.4754300117492676 0.15828999876976013
20279 0.47857001423835754 0.13420000672340393
20280 0.34104999899864197 0.1374800056219101
20281 0.48135998845100403 0.11051999777555466
20282 0.44477999210357666 0.11591000109910965
20283 0.4086500108242035 0.12303999811410904
20284 0.33044999837875366 0.10858000069856644
20285 0.4189099967479706 0.09634000062942505
20286 0.450190007686615 0.09227000176906586
20287 0.4831799864768982 0.08767999708652496
20288 0.36142000555992126 0.10414999723434448
20289 0.4734799861907959 0.1798499971628189
20290 0.42215999960899353 0.18844999372959137
20291 0.3647899925708771 0.2054399996995926
20292 0.2757200002670288 0.23235000669956207
20293 0.24108999967575073 0.2393999993801117
20294 0.18279999494552612 0.25751999020576477
20295 0.3082900047302246 0.9858499765396118
20296 0.4137299954891205 0.9793099761009216
20297 0.298770010471344 0.9658600091934204
20298 0.3779299855232239 0.9632400274276733
20299 0.19169999659061432 0.8116199970245361
20300 0.17375999689102173 0.7843800187110901
20301 0.21679000556468964 0.31268998980522156
20302 0.19519999623298645 0.31885001063346863
20303 0.1449500024318695 0.33340001106262207
20304 0.1761000007390976 0.8100600242614746
20305 0.1416500061750412 0.7562599778175354
20306 0.15849000215530396 0.7842900156974792
20307 0.18953000009059906 0.7841699719429016
20308 0.2076999992132187 0.811680018901825
20309 0.42493999004364014 0.9472900032997131
20310 0.47290998697280884 0.956059992313385
20311 0.1570499986410141 0.7564200162887573
20312 0.2644500136375427 0.10169000178575516
20313 0.4798800051212311 0.9314000010490417
20314 0.4419499933719635 0.9272900223731995
20315 0.223130002617836 0.8107600212097168
20316 0.2047100067138672 0.7829200029373169
20317 0.21900999546051025 0.7798799872398376
20318 0.23837000131607056 0.8077800273895264
20319 0.45118001103401184 0.9084600210189819
20320 0.48333999514579773 0.9111700057983398
20321 0.17303000390529633 0.7573300004005432
20322 0.18844999372959137 0.7569599747657776
20323 0.20308999717235565 0.7544599771499634
20324 0.48475000262260437 0.06458000093698502
20325 0.428739994764328 0.06880000233650208
20326 0.45601001381874084 0.06750000268220901
20327 0.3781000077724457 0.0702499970793724
20328 0.3505600094795227 0.07152000069618225
20329 0.298880010843277 0.06823000311851501
20330 0.361160010099411 0.0378200002014637
20331 0.38655000925064087 0.03846000134944916
20332 0.43601998686790466 0.040300000458955765
20333 0.4613800048828125 0.03993000090122223
20334 0.4872699975967407 0.038920000195503235
20335 0.43755999207496643 0.017179999500513077
20336 0.4628700017929077 0.01679999940097332
20337 0.48816001415252686 0.016610000282526016
20338 0.38743001222610474 0.01597999967634678
20339 0.2985199987888336 0.03294000029563904
20340 0.3164600133895874 0.03516000136733055
20341 0.3040199875831604 0.014539999887347221
20342 0.32203999161720276 0.014820000156760216
20343 0.3632799983024597 0.01573999971151352
20344 0.2842000126838684 0.0580499991774559
20345 0.2590999901294708 0.08226999640464783
20346 0.24357999861240387 0.8806099891662598
20347 0.20860999822616577 0.8375700116157532
20348 0.2265399992465973 0.8379799723625183
20349 0.2689000070095062 0.8804299831390381
20350 0.24402999877929688 0.8368800282478333
20351 0.26085999608039856 0.8332300186157227
20352 0.29085999727249146 0.8760200142860413
20353 0.30862998962402344 0.8688499927520752
20354 0.284170001745224 0.8525099754333496
20355 0.26669999957084656 0.857990026473999
20356 0.24666999280452728 0.8610100150108337
20357 0.2250799983739853 0.8608199954032898
20358 0.3495199978351593 0.9226499795913696
20359 0.3844299912452698 0.9353799819946289
20360 0.4066399931907654 0.9203600287437439
20361 0.4203900098800659 0.9041299819946289
20362 0.3740299940109253 0.9113699793815613
20363 0.3907400071620941 0.8984100222587585
20364 0.26493000984191895 0.8985300064086914
20365 0.23134000599384308 0.8930500149726868
20366 0.2937699854373932 0.8969399929046631
20367 0.3171600103378296 0.8905100226402283
20368 0.33504000306129456 0.8812100291252136
20369 0.3627200126647949 0.890470027923584
20370 0.3450700044631958 0.9017500281333923
20371 0.3204599916934967 0.9106699824333191
20372 0.21628999710083008 0.874970018863678
20373 0.19095000624656677 0.8334500193595886
20374 0.20302000641822815 0.855139970779419
20375 0.3125300109386444 0.9295799732208252
20376 0.34373998641967773 0.946340024471283
20377 0.2877599895000458 0.9145600199699402
20378 0.2648000121116638 0.9275100231170654
20379 0.28356999158859253 0.9464300274848938
20380 0.2469400018453598 0.9098799824714661
20381 0.19035999476909637 0.7294800281524658
20382 0.12533000111579895 0.7223299741744995
20383 0.1419599950313568 0.724590003490448
20384 0.1598300039768219 0.7298099994659424
20385 0.17528000473976135 0.7311999797821045
20386 0.1336899995803833 0.6930000185966492
20387 0.1790899932384491 0.7064999938011169
20388 0.165910005569458 0.7067499756813049
20389 0.1510699987411499 0.7029500007629395
20390 0.1276399940252304 0.3778199851512909
20391 0.1750199943780899 0.3585500121116638
20392 0.19384999573230743 0.3522700071334839
20393 0.17789000272750854 0.3855699896812439
20394 0.21964000165462494 0.35651999711990356
20395 0.1622299998998642 0.3933500051498413
20396 0.19984999299049377 0.3902899920940399
20397 0.1005299985408783 0.6442800164222717
20398 0.10739000141620636 0.6375100016593933
20399 0.10170000046491623 0.5108799934387207
20400 0.09715999662876129 0.6106699705123901
20401 0.10420999675989151 0.6081299781799316
20402 0.09939999878406525 0.5464699864387512
20403 0.10589999705553055 0.5482199788093567
20404 0.1083500012755394 0.5125600099563599
20405 0.27292999625205994 0.013089999556541443
20406 0.25863000750541687 0.012310000136494637
20407 0.24493999779224396 0.011409999802708626
20408 0.23216000199317932 0.010359999723732471
20409 0.22148999571800232 0.010119999758899212
20410 0.2699800133705139 0.02686000056564808
20411 0.2568100094795227 0.024469999596476555
20412 0.2622399926185608 0.04238000139594078
20413 0.24859000742435455 0.056620001792907715
20414 0.2541399896144867 0.03629999980330467
20415 0.24318000674247742 0.04424000158905983
20416 0.23612000048160553 0.03237000107765198
20417 0.2435699999332428 0.021129999309778214
20418 0.23228000104427338 0.016610000282526016
20419 0.22829000651836395 0.02329999953508377
20420 0.2237900048494339 0.015850000083446503
20421 0.11076000332832336 0.6823199987411499
20422 0.11715000122785568 0.6696699857711792
20423 0.09758999943733215 0.5790899991989136
20424 0.1043500006198883 0.5795999765396118
20425 0.11359000205993652 0.4735499918460846
20426 0.10650999844074249 0.46977999806404114
20427 0.11302000284194946 0.4234499931335449
20428 0.12392999976873398 0.43547001481056213
20429 0.34143000841140747 0.015300000086426735
20430 0.33765000104904175 0.0369499996304512
20431 0.32170000672340393 0.07287999987602234
20432 0.2969200015068054 0.11574000120162964
20433 0.2749600112438202 0.1532900035381317
20434 0.25435999035835266 0.18577000498771667
20435 0.2323399931192398 0.2153100073337555
20436 0.21177999675273895 0.2480500042438507
20437 0.19212999939918518 0.2858799993991852
20438 0.17073999345302582 0.326119989156723
20439 0.14862999320030212 0.36941999197006226
20440 0.1409599930047989 0.40779000520706177
20441 0.1906999945640564 0.38530999422073364
20442 0.20834000408649445 0.35126999020576477
20443 0.2356400042772293 0.30963999032974243
20444 0.27599000930786133 0.2640799880027771
20445 0.3147900104522705 0.22382000088691711
20446 0.33803999423980713 0.18970000743865967
20447 0.35611000657081604 0.15958000719547272
20448 0.3738600015640259 0.1306300014257431
20449 0.3893600106239319 0.09934999793767929
20450 0.4036099910736084 0.06921999901533127
20451 0.41161999106407166 0.03959000110626221
20452 0.41262000799179077 0.016979999840259552
20453 0.18716999888420105 0.4162600040435791
20454 0.17837999761104584 0.41260001063346863
20455 0.16836999356746674 0.41381001472473145
20456 0.15542000532150269 0.4203000068664551
20457 0.14159999787807465 0.43222999572753906
20458 0.1336899995803833 0.44418999552726746
20459 0.12703999876976013 0.45291998982429504
20460 0.11840000003576279 0.47589999437332153
20461 0.11488001048564911 0.4942300021648407
20462 0.11225000023841858 0.515470027923584
20463 0.11027999967336655 0.5470200181007385
20464 0.1101899966597557 0.5661699771881104
20465 0.10914000123739243 0.5814399719238281
20466 0.10937999933958054 0.6030899882316589
20467 0.11097999662160873 0.6154000163078308
20468 0.1128000020980835 0.6306700110435486
20469 0.12026999890804291 0.6524400115013123
20470 0.1322299987077713 0.6696500182151794
20471 0.1458899974822998 0.6803100109100342
20472 0.15892000496387482 0.684689998626709
20473 0.17058999836444855 0.6845399737358093
20474 0.016540000215172768 0.06556999683380127
20475 0.01706000044941902 0.09641999751329422
20476 0.01810000091791153 0.1269499957561493
20477 0.020179999992251396 0.1563500016927719
20478 0.021859999746084213 0.18751999735832214
20479 0.066600002348423 0.11392000317573547
20480 0.06469999998807907 0.08922000229358673
