0 0.5001970529556274 0.6574715375900269
1 0.5001485347747803 0.6299276947975159
2 0.5016294121742249 0.7349258065223694
3 0.5001553297042847 0.6423420906066895
4 0.5013364553451538 0.6989888548851013
5 0.5003626346588135 0.6748648285865784
6 0.4995880722999573 0.29391804337501526
7 0.5130162239074707 0.7852534651756287
8 0.5354273319244385 0.8432655930519104
9 0.4996127486228943 0.14512965083122253
10 0.7456495761871338 0.450622022151947
11 0.7471362352371216 0.46289241313934326
12 0.7418933510780334 0.43811091780662537
13 0.749369204044342 0.47843271493911743
14 0.7496094703674316 0.49048280715942383
15 0.7475732564926147 0.5078026652336121
16 0.7396503686904907 0.522325873374939
17 0.7342806458473206 0.5278933048248291
18 0.7325747609138489 0.526890754699707
19 0.7324147820472717 0.42003878951072693
20 0.7377486228942871 0.4279824495315552
21 0.7260889410972595 0.4144040048122406
22 0.7200303077697754 0.4282193183898926
23 0.6361616253852844 0.35522380471229553
24 0.6171347498893738 0.34367701411247253
25 0.6144564151763916 0.36941051483154297
26 0.6311571002006531 0.37915167212486267
27 0.6405389308929443 0.32075607776641846
28 0.602272629737854 0.3053814172744751
29 0.5982183218002319 0.6235126256942749
30 0.6086387038230896 0.6117106676101685
31 0.6008365750312805 0.6040780544281006
32 0.5908669233322144 0.6144890785217285
33 0.6055000424385071 0.6337719559669495
34 0.6173446178436279 0.6205722689628601
35 0.6180322170257568 0.5985106229782104
36 0.6089555025100708 0.5903446674346924
37 0.6274300813674927 0.6065630912780762
38 0.6122571229934692 0.393124520778656
39 0.6270852088928223 0.40155166387557983
40 0.5944371819496155 0.5982897281646729
41 0.5853990912437439 0.6089398264884949
42 0.6014246940612793 0.5851730108261108
43 0.6081790924072266 0.570862352848053
44 0.614890456199646 0.5569440126419067
45 0.508173406124115 0.6305669546127319
46 0.5105446577072144 0.6745403409004211
47 0.5087147951126099 0.6578826904296875
48 0.6130333542823792 0.4472942352294922
49 0.600986897945404 0.43619221448898315
50 0.6075968742370605 0.4152913987636566
51 0.6206004619598389 0.42540472745895386
52 0.5189011096954346 0.6575291156768799
53 0.5165578722953796 0.6435117721557617
54 0.508176863193512 0.6428728103637695
55 0.6169254183769226 0.5757476687431335
56 0.6268829107284546 0.5821225643157959
57 0.6374452114105225 0.590165913105011
58 0.5216256380081177 0.6739177703857422
59 0.5156071186065674 0.6309232711791992
60 0.5185675621032715 0.727927565574646
61 0.5144122838973999 0.6958426237106323
62 0.5263573527336121 0.6949276328086853
63 0.6145901679992676 0.6437417268753052
64 0.6267697811126709 0.6299178004264832
65 0.6370354294776917 0.6141390800476074
66 0.6828126907348633 0.4588484466075897
67 0.6853039264678955 0.444341242313385
68 0.6748852729797363 0.4354967474937439
69 0.6689509153366089 0.4538908898830414
70 0.5409989356994629 0.27599817514419556
71 0.5648640394210815 0.2848120927810669
72 0.5217788815498352 0.2879251539707184
73 0.6277651786804199 0.4639362394809723
74 0.6355941295623779 0.43650272488594055
75 0.6485698223114014 0.46865618228912354
76 0.6533675193786621 0.44610732793807983
77 0.6244755983352661 0.5609561800956726
78 0.6352566480636597 0.5664126873016357
79 0.6463178396224976 0.5725405812263489
80 0.6473156809806824 0.5967552065849304
81 0.6575720310211182 0.5802595615386963
82 0.7188237905502319 0.40291690826416016
83 0.5342563390731812 0.7228662967681885
84 0.6378858685493469 0.6394932866096497
85 0.6484251022338867 0.6232175827026367
86 0.6556875109672546 0.34597286581993103
87 0.6509286165237427 0.36679133772850037
88 0.7255449891090393 0.5290967226028442
89 0.5746505260467529 0.616732120513916
90 0.5801013708114624 0.623930811882019
91 0.6257981061935425 0.6553090810775757
92 0.5863144993782043 0.6341550350189209
93 0.565040111541748 0.6213135123252869
94 0.5688097476959229 0.6306776404380798
95 0.554362952709198 0.6249800324440002
96 0.5581669807434082 0.6357817053794861
97 0.5747135877609253 0.6414032578468323
98 0.561969518661499 0.6476606130599976
99 0.5362145304679871 0.6409904360771179
100 0.5260023474693298 0.6422374844551086
101 0.5285710096359253 0.6562182903289795
102 0.5396543145179749 0.6542465090751648
103 0.5321966409683228 0.6720560193061829
104 0.544479250907898 0.669117271900177
105 0.5338834524154663 0.6290543079376221
106 0.5241623520851135 0.6301088333129883
107 0.5513246059417725 0.6518711447715759
108 0.5565552115440369 0.6661068797111511
109 0.568244457244873 0.6602656841278076
110 0.5469858050346375 0.6390374302864075
111 0.5435281991958618 0.6277402639389038
112 0.6243968605995178 0.5259692072868347
113 0.6287814974784851 0.48908674716949463
114 0.6425378918647766 0.5111384391784668
115 0.6464607119560242 0.49158668518066406
116 0.6274240612983704 0.5087696313858032
117 0.6370824575424194 0.5286874771118164
118 0.6513034701347351 0.5332773327827454
119 0.6647927761077881 0.5380359888076782
120 0.6593760251998901 0.5155142545700073
121 0.6654478907585144 0.47283321619033813
122 0.6628366112709045 0.49485480785369873
123 0.6726967096328735 0.5205010175704956
124 0.6815432906150818 0.47767576575279236
125 0.6884388327598572 0.4860316514968872
126 0.68659508228302 0.5020726323127747
127 0.6759107708930969 0.49904394149780273
128 0.6840769052505493 0.5207446813583374
129 0.642781138420105 0.4128929376602173
130 0.6476351022720337 0.38952574133872986
131 0.660821259021759 0.42430323362350464
132 0.704317569732666 0.38262683153152466
133 0.5514097213745117 0.8201354146003723
134 0.5295630693435669 0.767017126083374
135 0.5685232877731323 0.8000921010971069
136 0.5474812388420105 0.7594292759895325
137 0.6725853085517883 0.6369567513465881
138 0.6603788137435913 0.6310240030288696
139 0.6496620774269104 0.6500628590583801
140 0.6625620722770691 0.6581335663795471
141 0.6381893754005432 0.6666501760482788
142 0.6516908407211304 0.67473304271698
143 0.6586800217628479 0.6043311357498169
144 0.6681244969367981 0.5865226984024048
145 0.6810591220855713 0.5424114465713501
146 0.6989008784294128 0.544623076915741
147 0.6704174280166626 0.6119167804718018
148 0.6816325783729553 0.616561233997345
149 0.6790869832038879 0.5926328301429749
150 0.7028194665908813 0.5497275590896606
151 0.7216038703918457 0.5234459638595581
152 0.6900652050971985 0.5976413488388062
153 0.7076273560523987 0.551878035068512
154 0.7192034721374512 0.5236318111419678
155 0.7177767157554626 0.5236971378326416
156 0.5640833377838135 0.6824368238449097
157 0.5770264863967896 0.6746312379837036
158 0.5389902591705322 0.6900927424430847
159 0.5517051815986633 0.6862950921058655
160 0.5480482578277588 0.716314971446991
161 0.5619173645973206 0.7084664106369019
162 0.563002347946167 0.7449043989181519
163 0.5765707492828369 0.7340055704116821
164 0.5750494003295898 0.7019209265708923
165 0.5901480913162231 0.722819983959198
166 0.5829525589942932 0.7791836857795715
167 0.5958494544029236 0.7628574967384338
168 0.5812773704528809 0.6533533930778503
169 0.593148946762085 0.6453632712364197
170 0.6021020412445068 0.6574659943580627
171 0.6130744814872742 0.6704390048980713
172 0.5880061388015747 0.6927242279052734
173 0.6011056303977966 0.6819340586662292
174 0.5899672508239746 0.6668869256973267
175 0.6255619525909424 0.6816946268081665
176 0.6020872592926025 0.7099621295928955
177 0.6143190860748291 0.6974202990531921
178 0.6087038516998291 0.7446441054344177
179 0.6409940719604492 0.6953845620155334
180 0.6197435259819031 0.7288894653320312
181 0.63100665807724 0.7128962874412537
182 0.6203473806381226 0.5420195460319519
183 0.6424327492713928 0.5508428812026978
184 0.6311498880386353 0.545231819152832
185 0.6549261212348938 0.5565094351768494
186 0.6674224734306335 0.5631434321403503
187 0.6778273582458496 0.5712448954582214
188 0.6872135400772095 0.577747106552124
189 0.6966444253921509 0.5816195607185364
190 0.6792882680892944 0.42262572050094604
191 0.6678218841552734 0.40349799394607544
192 0.6672142744064331 0.3829685151576996
193 0.6888591051101685 0.43394312262535095
194 0.6688970327377319 0.36806637048721313
195 0.7120169997215271 0.3940414488315582
196 0.6738530397415161 0.3583054840564728
197 0.6625959277153015 0.3327009975910187
198 0.6461010575294495 0.30799415707588196
199 0.618139922618866 0.2833389341831207
200 0.5946045517921448 0.19702264666557312
201 0.5490314960479736 0.1632891148328781
202 0.5247931480407715 0.1492270529270172
203 0.7232455015182495 0.4588361382484436
204 0.7169812321662903 0.447831928730011
205 0.7152241468429565 0.45181530714035034
206 0.7134848237037659 0.4435783326625824
207 0.7123774290084839 0.4469882547855377
208 0.7069839835166931 0.4710746705532074
209 0.7111480236053467 0.4735669791698456
210 0.7230583429336548 0.46622511744499207
211 0.7126540541648865 0.4363788068294525
212 0.711585521697998 0.4381874203681946
213 0.7146660089492798 0.44075024127960205
214 0.7075189352035522 0.4997197389602661
215 0.7071386575698853 0.4923771619796753
216 0.7056546211242676 0.49301615357398987
217 0.706675112247467 0.5008333921432495
218 0.7180812954902649 0.5120746493339539
219 0.7145788669586182 0.5098423361778259
220 0.7128909826278687 0.48084333539009094
221 0.7123498916625977 0.48611006140708923
222 0.7234769463539124 0.493343323469162
223 0.7241254448890686 0.47364112734794617
224 0.7109634280204773 0.4502033293247223
225 0.7206785678863525 0.5120441913604736
226 0.7183136940002441 0.4452856183052063
227 0.7262613773345947 0.4722661077976227
228 0.7282760143280029 0.4708701968193054
229 0.7249789834022522 0.45633161067962646
230 0.7195295095443726 0.4421065151691437
231 0.7198784351348877 0.44239717721939087
232 0.7155900001525879 0.4388245940208435
233 0.715338945388794 0.43861550092697144
234 0.7284821271896362 0.49005889892578125
235 0.729967474937439 0.48932528495788574
236 0.7226619124412537 0.5103768110275269
237 0.7247022986412048 0.5086616277694702
238 0.7291738986968994 0.4989653527736664
239 0.726036012172699 0.5049610137939453
240 0.7279411554336548 0.5094523429870605
241 0.7181331515312195 0.5132706165313721
242 0.7147262096405029 0.5119380354881287
243 0.7080053091049194 0.5087466239929199
244 0.7082052826881409 0.5068197250366211
245 0.7206039428710938 0.5121068954467773
246 0.7258650660514832 0.4541589915752411
247 0.7310191988945007 0.46791160106658936
248 0.7258379459381104 0.45410263538360596
249 0.7302600145339966 0.4692229628562927
250 0.7323228120803833 0.48796162009239197
251 0.7309324145317078 0.48816871643066406
252 0.722688615322113 0.5103543996810913
253 0.7226876020431519 0.5103552341461182
254 0.7203885912895203 0.5122879147529602
255 0.72481369972229 0.5085679292678833
256 0.7251221537590027 0.5083086490631104
257 0.7304192781448364 0.4992884397506714
258 0.7295855283737183 0.4988895654678345
259 0.7274189591407776 0.5063778162002563
260 0.7269262671470642 0.5047422051429749
261 0.7241880297660828 0.514743983745575
262 0.7032926678657532 0.49661821126937866
263 0.6912866830825806 0.4720761775970459
264 0.691940426826477 0.46197009086608887
265 0.692901611328125 0.501784086227417
266 0.6980582475662231 0.49927279353141785
267 0.6941381096839905 0.4880741834640503
268 0.6954726576805115 0.4723849892616272
269 0.7056794762611389 0.430894672870636
270 0.7026031017303467 0.430568128824234
271 0.7050391435623169 0.4343816041946411
272 0.7126540541648865 0.4363788068294525
273 0.7069591283798218 0.4319007694721222
274 0.6887586712837219 0.4055049419403076
275 0.7036911249160767 0.4293312430381775
276 0.7063444256782532 0.4314175248146057
277 0.7111039161682129 0.4322965443134308
278 0.6883251070976257 0.3995395600795746
279 0.7089129686355591 0.43343716859817505
280 0.7101151347160339 0.4343823492527008
281 0.6982860565185547 0.4875846803188324
282 0.7010377645492554 0.43874621391296387
283 0.7041787505149841 0.4518602192401886
284 0.7046094536781311 0.4558161199092865
285 0.7072760462760925 0.47611257433891296
286 0.704871654510498 0.4850620627403259
287 0.707078218460083 0.48498648405075073
288 0.7097615003585815 0.4770837724208832
289 0.7012124061584473 0.4867812395095825
290 0.6986338496208191 0.47301262617111206
291 0.6994187831878662 0.4732186198234558
292 0.7006716728210449 0.47345858812332153
293 0.7099324464797974 0.49731773138046265
294 0.709689736366272 0.49255090951919556
295 0.7114886045455933 0.5056988000869751
296 0.7102196216583252 0.4858315587043762
297 0.7110840082168579 0.5105135440826416
298 0.7098259925842285 0.5017328858375549
299 0.6954578757286072 0.46538934111595154
300 0.6969976425170898 0.4588681161403656
301 0.695054292678833 0.4531960189342499
302 0.6996521949768066 0.45584139227867126
303 0.7011308073997498 0.4442651867866516
304 0.7014893293380737 0.45929786562919617
305 0.6976770162582397 0.468247652053833
306 0.699547290802002 0.45941245555877686
307 0.7009766101837158 0.4645877778530121
308 0.698999285697937 0.46952882409095764
309 0.7012459635734558 0.4609869122505188
310 0.6987385749816895 0.511899471282959
311 0.6941375136375427 0.5178179740905762
312 0.7041596174240112 0.5176963806152344
313 0.7188746333122253 0.5135606527328491
314 0.7152349948883057 0.5121371150016785
315 0.7114980220794678 0.5106754899024963
316 0.7082651853561401 0.5226386785507202
317 0.7124367952346802 0.5217618942260742
318 0.7133435606956482 0.5197640061378479
319 0.7083547115325928 0.5193856358528137
320 0.7160338759422302 0.5210511088371277
321 0.7179122567176819 0.5195766687393188
322 0.7217993140220642 0.5175553560256958
323 0.7205865979194641 0.5183079838752747
324 0.7186956405639648 0.5200610160827637
325 0.7193207740783691 0.5190082788467407
326 0.7119672298431396 0.48092955350875854
327 0.7084460258483887 0.44530659914016724
328 0.7068822979927063 0.43945077061653137
329 0.7092044353485107 0.4345206022262573
330 0.70810866355896 0.43585747480392456
331 0.7099016904830933 0.4411216974258423
332 0.7291357517242432 0.47674959897994995
333 0.7269632816314697 0.47776997089385986
334 0.7243871688842773 0.47943800687789917
335 0.7125566601753235 0.4771389365196228
336 0.7114448547363281 0.4791272282600403
337 0.7089563608169556 0.48587095737457275
338 0.7087152004241943 0.49195292592048645
339 0.7085361480712891 0.4989595413208008
340 0.7087566256523132 0.5049762725830078
341 0.7100081443786621 0.511360228061676
342 0.7142201066017151 0.5117400884628296
343 0.7176865935325623 0.5130959749221802
344 0.7206252813339233 0.5120889544487
345 0.7226476669311523 0.5103888511657715
346 0.7246328592300415 0.5087199807167053
347 0.7262821793556213 0.5042182207107544
348 0.7289607524871826 0.49871504306793213
349 0.7301764488220215 0.48871174454689026
350 0.7317869067192078 0.4750884771347046
351 0.7311660051345825 0.47581127285957336
352 0.7189717292785645 0.44287025928497314
353 0.7152317762374878 0.4385261833667755
354 0.7256244421005249 0.4540584683418274
355 0.7077658176422119 0.4325350522994995
356 0.7111473083496094 0.43519407510757446
357 0.7126540541648865 0.4363788068294525
358 0.7295280694961548 0.47001826763153076
359 0.730157196521759 0.4762357175350189
360 0.696021318435669 0.443554550409317
361 0.701745867729187 0.45651185512542725
362 0.7015364766120911 0.4637688100337982
363 0.6995585560798645 0.4509429931640625
364 0.692527174949646 0.47830456495285034
365 0.7005371451377869 0.4797098636627197
366 0.6955263614654541 0.4788086414337158
367 0.6986187696456909 0.47921082377433777
368 0.6927626132965088 0.3899209499359131
369 0.6897825002670288 0.3926464915275574
370 0.7099611759185791 0.5153242945671082
371 0.7139967679977417 0.5169116258621216
372 0.7064706087112427 0.5124353170394897
373 0.7049216032028198 0.5058640837669373
374 0.7197401523590088 0.5166586637496948
375 0.7256016135215759 0.5131962299346924
376 0.7227643132209778 0.516191303730011
377 0.7185024619102478 0.5169692635536194
378 0.7122034430503845 0.48898088932037354
379 0.7189454436302185 0.4813699424266815
380 0.7188577651977539 0.4767734706401825
381 0.7152045965194702 0.4911474585533142
382 0.7119095325469971 0.4947892129421234
383 0.7211757302284241 0.47565993666648865
384 0.7214494347572327 0.48253747820854187
385 0.7155113220214844 0.4943450689315796
386 0.7117478847503662 0.49776071310043335
387 0.70350182056427 0.4404865503311157
388 0.7052479982376099 0.448341965675354
389 0.7052915096282959 0.44672465324401855
390 0.705213189125061 0.4496349096298218
391 0.708313524723053 0.4477667510509491
392 0.7060728669166565 0.4516671597957611
393 0.7103767395019531 0.4511719346046448
394 0.7076954245567322 0.45428764820098877
395 0.7122535109519958 0.45420247316360474
396 0.7127984166145325 0.454427570104599
397 0.714022159576416 0.4553602337837219
398 0.7150022983551025 0.45710599422454834
399 0.7228323221206665 0.4674440622329712
400 0.7212144136428833 0.4617205560207367
401 0.7214710712432861 0.4611339569091797
402 0.7297806143760681 0.5061357021331787
403 0.7288788557052612 0.5034176707267761
404 0.7281404733657837 0.5024011135101318
405 0.7275651693344116 0.5018699765205383
406 0.7276487350463867 0.5019710063934326
407 0.7317823767662048 0.4943999648094177
408 0.7303363084793091 0.4943704307079315
409 0.7296249866485596 0.4945010244846344
410 0.7296674847602844 0.49471959471702576
411 0.7286430597305298 0.4948253631591797
412 0.7245119214057922 0.49679842591285706
413 0.7326543927192688 0.4817548096179962
414 0.7311954498291016 0.4820598065853119
415 0.7303835153579712 0.4826348125934601
416 0.7297636270523071 0.4833219647407532
417 0.7280136346817017 0.4841827154159546
418 0.725216269493103 0.4854891300201416
419 0.7250691652297974 0.4658236503601074
420 0.7271395921707153 0.4639255404472351
421 0.7279348373413086 0.46169576048851013
422 0.7282860279083252 0.4606747627258301
423 0.7285830974578857 0.46090665459632874
424 0.7223387360572815 0.508980393409729
425 0.7238087058067322 0.5071432590484619
426 0.7202554941177368 0.5056666731834412
427 0.7207531929016113 0.5026096105575562
428 0.7190724611282349 0.5006341338157654
429 0.7183800339698792 0.5042849183082581
430 0.71675705909729 0.5030241012573242
431 0.7164254784584045 0.4991750419139862
432 0.7152636051177979 0.5060327053070068
433 0.7128379940986633 0.502085268497467
434 0.7222957611083984 0.515547513961792
435 0.7318160533905029 0.5215917229652405
436 0.7273916006088257 0.5237138867378235
437 0.7276225090026855 0.5150085687637329
438 0.7319967746734619 0.513628363609314
439 0.7226419448852539 0.447445273399353
440 0.7227339744567871 0.4476369619369507
441 0.7225117087364197 0.4482145607471466
442 0.7218064069747925 0.45021775364875793
443 0.7204769849777222 0.452914297580719
444 0.6881860494613647 0.40585121512413025
445 0.6875641942024231 0.40166282653808594
446 0.6877670288085938 0.3965260088443756
447 0.7122719883918762 0.43607839941978455
448 0.7126540541648865 0.4363788068294525
449 0.7126540541648865 0.4363788068294525
450 0.7265846133232117 0.5293126702308655
451 0.7205092906951904 0.5268343687057495
452 0.7196376919746399 0.5225909948348999
453 0.7179467678070068 0.5231072306632996
454 0.7147821187973022 0.5223842263221741
455 0.7119824886322021 0.522502064704895
456 0.7036463022232056 0.5411670207977295
457 0.7025972604751587 0.4781671464443207
458 0.7028368711471558 0.48621028661727905
459 0.7042083740234375 0.493974894285202
460 0.7061958312988281 0.5020337104797363
461 0.7079885005950928 0.5093028545379639
462 0.7113280296325684 0.511658787727356
463 0.7151443958282471 0.5132685899734497
464 0.7188746333122253 0.5135606527328491
465 0.7199468016624451 0.5126593112945557
466 0.722659170627594 0.5120251178741455
467 0.7256911993026733 0.5104238390922546
468 0.7278324365615845 0.5067561268806458
469 0.7292106747627258 0.5042014122009277
470 0.7308160066604614 0.49982815980911255
471 0.7323248982429504 0.4944516122341156
472 0.7344076633453369 0.4873208999633789
473 0.7343429923057556 0.4808051586151123
474 0.7327654957771301 0.47394266724586487
475 0.7314766645431519 0.4672893285751343
476 0.7288180589675903 0.46112197637557983
477 0.7257061004638672 0.45357853174209595
478 0.7224118709564209 0.4469658136367798
479 0.7201640605926514 0.44263511896133423
480 0.7159126400947571 0.4390934109687805
481 0.7126540541648865 0.4363788068294525
482 0.7128239870071411 0.4342041611671448
483 0.7130897045135498 0.43080374598503113
484 0.7114059925079346 0.42939630150794983
485 0.7204201221466064 0.5091173648834229
486 0.718233048915863 0.5083633661270142
487 0.7222856879234314 0.5046452879905701
488 0.721623420715332 0.5064591765403748
489 0.7008693218231201 0.38343173265457153
490 0.7110732793807983 0.4285174608230591
491 0.6930143237113953 0.3884366452693939
492 0.6896680593490601 0.39059945940971375
493 0.7123609185218811 0.4280702769756317
494 0.7143301963806152 0.4269271492958069
495 0.6863618493080139 0.40559282898902893
496 0.6849132776260376 0.39778321981430054
497 0.6854234933853149 0.38971108198165894
498 0.694801926612854 0.3762167692184448
499 0.6991109848022461 0.37779682874679565
500 0.6876062154769897 0.3844531178474426
501 0.7233035564422607 0.46744635701179504
502 0.7180494070053101 0.4581998884677887
503 0.7185220718383789 0.4586314558982849
504 0.7216749787330627 0.4608498215675354
505 0.7187772989273071 0.4561384618282318
506 0.7050904631614685 0.45419079065322876
507 0.7051775455474854 0.45095640420913696
508 0.724087119102478 0.4244345724582672
509 0.7303276658058167 0.42857810854911804
510 0.7222009897232056 0.4291589856147766
511 0.705930233001709 0.45607712864875793
512 0.7251610159873962 0.4344859719276428
513 0.7266635894775391 0.4393792748451233
514 0.733335554599762 0.4430365264415741
515 0.7389262914657593 0.44760850071907043
516 0.7158715724945068 0.4777577221393585
517 0.7165666818618774 0.48139286041259766
518 0.7144192457199097 0.4892096221446991
519 0.7132328152656555 0.4920406639575958
520 0.7054280638694763 0.46605902910232544
521 0.7051323652267456 0.46281084418296814
522 0.7352569699287415 0.43631529808044434
523 0.7121387720108032 0.4748116135597229
524 0.713555634021759 0.4769768714904785
525 0.713859498500824 0.4812178611755371
526 0.7134789824485779 0.48750415444374084
527 0.7134891748428345 0.4896479547023773
528 0.7185657024383545 0.4897163212299347
529 0.7174713611602783 0.48647749423980713
530 0.7159681916236877 0.4851345121860504
531 0.7136507630348206 0.4855731725692749
532 0.7125399708747864 0.48407039046287537
533 0.7112791538238525 0.48274707794189453
534 0.7102718353271484 0.48200690746307373
535 0.7087318897247314 0.48103001713752747
536 0.7063272595405579 0.4793829023838043
537 0.7250037789344788 0.5042957663536072
538 0.7271324396133423 0.5012844204902649
539 0.728344202041626 0.4984974265098572
540 0.7224690914154053 0.48881393671035767
541 0.7196484804153442 0.49347710609436035
542 0.7258726358413696 0.4992617070674896
543 0.7061417698860168 0.47222116589546204
544 0.7044072151184082 0.4734104871749878
545 0.7015527486801147 0.4680429697036743
546 0.7039539217948914 0.4696016311645508
547 0.7018339037895203 0.4734887480735779
548 0.7005579471588135 0.46808743476867676
549 0.7049767971038818 0.4761233627796173
550 0.7026240825653076 0.47618192434310913
551 0.7065693736076355 0.475355327129364
552 0.7051219940185547 0.4530195891857147
553 0.7051739692687988 0.4510902762413025
554 0.7445639967918396 0.45012837648391724
555 0.7404751777648926 0.5214706659317017
556 0.7495502829551697 0.48751533031463623
557 0.7467844486236572 0.4611469507217407
558 0.7480615377426147 0.505326509475708
559 0.7487521171569824 0.47091054916381836
560 0.7408638596534729 0.4396326243877411
561 0.7392139434814453 0.5227780938148499
562 0.7176340222358704 0.4885440468788147
563 0.7495149374008179 0.4857425093650818
564 0.7479234933853149 0.47038033604621887
565 0.745019793510437 0.461117148399353
566 0.7426584362983704 0.45198673009872437
567 0.7377352714538574 0.4424667954444885
568 0.7318820953369141 0.4267551302909851
569 0.7285950183868408 0.42888689041137695
570 0.7365207672119141 0.43036937713623047
571 0.734262228012085 0.4345393478870392
572 0.7227483987808228 0.4924832880496979
573 0.7208026647567749 0.4840749502182007
574 0.743838369846344 0.4717867970466614
575 0.7412792444229126 0.4640277624130249
576 0.7393158078193665 0.456001877784729
577 0.735099196434021 0.44745057821273804
578 0.7214539647102356 0.497119665145874
579 0.7243026494979858 0.43524789810180664
580 0.7320050597190857 0.4395529329776764
581 0.7334675788879395 0.46541208028793335
582 0.7372375726699829 0.486278235912323
583 0.7268328070640564 0.45049360394477844
584 0.7204791307449341 0.43773770332336426
585 0.7201077342033386 0.4413648247718811
586 0.716289758682251 0.4374009966850281
587 0.7343218922615051 0.5010932087898254
588 0.7160859107971191 0.4348120093345642
589 0.7347135543823242 0.47158682346343994
590 0.7158655524253845 0.43172383308410645
591 0.7364720702171326 0.49559247493743896
592 0.7370461225509644 0.4797852635383606
593 0.7304548621177673 0.45753514766693115
594 0.7360197305679321 0.510087788105011
595 0.7395678162574768 0.49647289514541626
596 0.7397878170013428 0.4864724576473236
597 0.7397032976150513 0.47841885685920715
598 0.7370448112487793 0.46932148933410645
599 0.7354217767715454 0.46261879801750183
600 0.7308171391487122 0.45485928654670715
601 0.7283802628517151 0.44722744822502136
602 0.7232973575592041 0.4420636296272278
603 0.7225039005279541 0.4451327323913574
604 0.7130480408668518 0.42946138978004456
605 0.7131242156028748 0.4303624927997589
606 0.7129310965538025 0.43283361196517944
607 0.7131941318511963 0.42946720123291016
608 0.7130181789398193 0.431718647480011
609 0.7128517627716064 0.4343227446079254
610 0.7255129814147949 0.496439129114151
611 0.7441452741622925 0.49695801734924316
612 0.7423316240310669 0.4841177761554718
613 0.7411178350448608 0.4753676950931549
614 0.7391574382781982 0.46757757663726807
615 0.7369660139083862 0.45999717712402344
616 0.73273104429245 0.4525683522224426
617 0.7203254103660583 0.434588223695755
618 0.7246673107147217 0.43990832567214966
619 0.7303527593612671 0.4439936876296997
620 0.686342716217041 0.41530299186706543
621 0.680469810962677 0.4037422239780426
622 0.678036093711853 0.39230823516845703
623 0.6792150735855103 0.38109901547431946
624 0.6825171113014221 0.3737645447254181
625 0.6898549795150757 0.36972150206565857
626 0.6958280801773071 0.37038281559944153
627 0.7031627893447876 0.37417706847190857
628 0.7118901014328003 0.3816688656806946
629 0.7218115329742432 0.3914911448955536
630 0.7277459502220154 0.40006476640701294
631 0.7356142401695251 0.4111071228981018
632 0.7419219017028809 0.42391788959503174
633 0.7468580603599548 0.434861421585083
634 0.7504249811172485 0.45044273138046265
635 0.7506082057952881 0.46514904499053955
636 0.7509493231773376 0.4802037477493286
637 0.749703049659729 0.4951780438423157
638 0.7468342781066895 0.5115505456924438
639 0.7414638996124268 0.521892786026001
640 0.7363933324813843 0.5346735119819641
641 0.7306073904037476 0.5480172038078308
642 0.7245377898216248 0.5583840608596802
643 0.7174555659294128 0.5645820498466492
644 0.7099670171737671 0.5665906071662903
645 0.7029133439064026 0.5656105279922485
646 0.6958366632461548 0.5622921586036682
647 0.6889271140098572 0.5557261109352112
648 0.6969227194786072 0.5329821705818176
649 0.7261795997619629 0.4912658929824829
650 0.7267829775810242 0.49530529975891113
651 0.7237191796302795 0.502187967300415
652 0.7225720882415771 0.49974602460861206
653 0.7211686372756958 0.4969419836997986
654 0.727209746837616 0.4978453516960144
655 0.7033678889274597 0.42907705903053284
656 0.6980199813842773 0.4329768121242523
657 0.6982266306877136 0.4394773840904236
658 0.6997023820877075 0.44551882147789
659 0.7026526927947998 0.4535375237464905
660 0.7027987241744995 0.4569574296474457
661 0.4999721348285675 0.6185674667358398
662 0.499742329120636 0.608816921710968
663 0.4996258020401001 0.30272310972213745
664 0.4996260702610016 0.33175456523895264
665 0.4996277093887329 0.3408888876438141
666 0.4992404580116272 0.3786652088165283
667 0.49967122077941895 0.3580092489719391
668 0.49965137243270874 0.31234845519065857
669 0.49962317943573 0.40708059072494507
670 0.499625563621521 0.4031631052494049
671 0.4996262490749359 0.3990640342235565
672 0.49960291385650635 0.3880693018436432
673 0.4996277391910553 0.3906410336494446
674 0.49962931871414185 0.35002902150154114
675 0.5004742741584778 0.37321794033050537
676 0.4995003342628479 0.3851450979709625
677 0.49938464164733887 0.3820495903491974
678 0.49998635053634644 0.3645811676979065
679 0.4994945228099823 0.5986849665641785
680 0.499279260635376 0.5892136096954346
681 0.4995967149734497 0.5143897533416748
682 0.4995936453342438 0.5209421515464783
683 0.4996056854724884 0.49678170680999756
684 0.49958565831184387 0.5360760688781738
685 0.49894654750823975 0.5737622380256653
686 0.4996027946472168 0.5019971132278442
687 0.49691489338874817 0.4705352783203125
688 0.4989619255065918 0.4650411605834961
689 0.4992087483406067 0.4762437343597412
690 0.49839940667152405 0.47333475947380066
691 0.49961182475090027 0.4888184666633606
692 0.49888211488723755 0.5672438740730286
693 0.4997834861278534 0.45453405380249023
694 0.4995277523994446 0.4835953712463379
695 0.49959996342658997 0.5074149370193481
696 0.4996461570262909 0.4512569308280945
697 0.4995242953300476 0.5466798543930054
698 0.4990959167480469 0.4797884225845337
699 0.4989425539970398 0.5611196160316467
700 0.499091237783432 0.5809873342514038
701 0.49926677346229553 0.4811842739582062
702 0.49824678897857666 0.467210054397583
703 0.4996142089366913 0.48596906661987305
704 0.4995895028114319 0.5289896726608276
705 0.5001420378684998 0.4636763334274292
706 0.49963024258613586 0.41518837213516235
707 0.49962809681892395 0.4137144684791565
708 0.5002400279045105 0.4247373640537262
709 0.4999290108680725 0.4247373640537262
710 0.4999293088912964 0.3197510242462158
711 0.49960026144981384 0.4206501245498657
712 0.4996141791343689 0.4181113541126251
713 0.502350389957428 0.4247373640537262
714 0.5094985961914062 0.2398541271686554
715 0.499624103307724 0.4110945165157318
716 0.5012622475624084 0.4247373938560486
717 0.5007259845733643 0.3952959179878235
718 0.5010815858840942 0.3952910006046295
719 0.4999961853027344 0.29696252942085266
720 0.4996216893196106 0.4095004200935364
721 0.5371779799461365 0.23332291841506958
722 0.5004875659942627 0.4247373342514038
723 0.5319580435752869 0.5354337692260742
724 0.49960723519325256 0.44009870290756226
725 0.4996054172515869 0.4439545273780823
726 0.49961036443710327 0.43080219626426697
727 0.49965885281562805 0.4267728924751282
728 0.5017932653427124 0.4247373640537262
729 0.5120530128479004 0.46677958965301514
730 0.4996004104614258 0.43506085872650146
731 0.5010583400726318 0.42473751306533813
732 0.5028254985809326 0.4247373640537262
733 0.5020992755889893 0.45962750911712646
734 0.5186071395874023 0.4711506962776184
735 0.4996020197868347 0.44747522473335266
736 0.5001452565193176 0.42194992303848267
737 0.5273405313491821 0.23455648124217987
738 0.5754309296607971 0.24847954511642456
739 0.5014264583587646 0.3952862620353699
740 0.501922070980072 0.3952794373035431
741 0.499329149723053 0.5536211133003235
742 0.549235463142395 0.6054345369338989
743 0.538402795791626 0.6076576709747314
744 0.5409129858016968 0.6173510551452637
745 0.5514782667160034 0.6153165102005005
746 0.6060886383056641 0.5535470843315125
747 0.6006955504417419 0.5670033097267151
748 0.598497748374939 0.5513873100280762
749 0.5950957536697388 0.5647831559181213
750 0.5083288550376892 0.6194899082183838
751 0.5937067866325378 0.4510164260864258
752 0.6033182144165039 0.46248650550842285
753 0.5893526673316956 0.5938272476196289
754 0.5810396671295166 0.6043390035629272
755 0.5954118967056274 0.5815659761428833
756 0.5931284427642822 0.4740692377090454
757 0.5993015766143799 0.4849538207054138
758 0.6111395359039307 0.4756808280944824
759 0.5848168134689331 0.5899389982223511
760 0.5769164562225342 0.5999802350997925
761 0.590562105178833 0.5787577629089355
762 0.5860165953636169 0.46446213126182556
763 0.5078902840614319 0.6088895201683044
764 0.5149810314178467 0.6190400123596191
765 0.514336109161377 0.6083639860153198
766 0.5121860504150391 0.4078386425971985
767 0.5136186480522156 0.40425240993499756
768 0.5098882913589478 0.40424075722694397
769 0.5088220834732056 0.40743011236190796
770 0.5157779455184937 0.41069740056991577
771 0.5169761180877686 0.4070879817008972
772 0.5037903785705566 0.40722939372062683
773 0.5043507814407349 0.40379607677459717
774 0.5017925500869751 0.40351399779319763
775 0.5018755793571472 0.4071461260318756
776 0.505800724029541 0.4076266884803772
777 0.506584107875824 0.40344515442848206
778 0.5151662230491638 0.40031564235687256
779 0.5111997127532959 0.39914458990097046
780 0.5188649296760559 0.4029500186443329
781 0.5975117087364197 0.36182335019111633
782 0.5907238721847534 0.3380271792411804
783 0.577754020690918 0.3180637061595917
784 0.5229339599609375 0.4206811189651489
785 0.5233690142631531 0.424141526222229
786 0.5252785682678223 0.4236427843570709
787 0.5242013335227966 0.41870230436325073
788 0.5191497802734375 0.41288629174232483
789 0.5201119184494019 0.4106677770614624
790 0.5230454802513123 0.3935645520687103
791 0.5224528312683105 0.40629422664642334
792 0.5270528793334961 0.3996207118034363
793 0.5243695974349976 0.4109419584274292
794 0.529255211353302 0.40558886528015137
795 0.5269613265991211 0.42245057225227356
796 0.5244616866111755 0.4285570979118347
797 0.5263275504112244 0.4285260736942291
798 0.5224478244781494 0.4140014946460724
799 0.5982190370559692 0.3876517117023468
800 0.5549496412277222 0.43717795610427856
801 0.5611676573753357 0.43970319628715515
802 0.5633495450019836 0.42691725492477417
803 0.5566886067390442 0.42507103085517883
804 0.5180402398109436 0.3903942108154297
805 0.5800043940544128 0.4561133086681366
806 0.5853711366653442 0.441949725151062
807 0.5906931161880493 0.42630481719970703
808 0.5738260746002197 0.44922882318496704
809 0.578335165977478 0.43506520986557007
810 0.5214250087738037 0.4160076379776001
811 0.5262414216995239 0.41754722595214844
812 0.5949214696884155 0.40823566913604736
813 0.5319104790687561 0.4214063882827759
814 0.5318423509597778 0.4277821481227875
815 0.5308768153190613 0.41324079036712646
816 0.523343563079834 0.4283181428909302
817 0.5737725496292114 0.3408464789390564
818 0.582642674446106 0.3603789508342743
819 0.5598145127296448 0.32506251335144043
820 0.5306330323219299 0.39453136920928955
821 0.532225489616394 0.4030004143714905
822 0.5258929133415222 0.38943395018577576
823 0.5857725143432617 0.3830412030220032
824 0.5842954516410828 0.40375185012817383
825 0.5254046320915222 0.309794545173645
826 0.5336254835128784 0.2948632538318634
827 0.5161877274513245 0.3017440140247345
828 0.5130881071090698 0.31180229783058167
829 0.5630567073822021 0.37918347120285034
830 0.5533651113510132 0.3815402090549469
831 0.557106614112854 0.3970303237438202
832 0.5647578239440918 0.39754971861839294
833 0.5588572025299072 0.3618462085723877
834 0.5494623184204102 0.3669164478778839
835 0.5343554615974426 0.4126724600791931
836 0.5355796813964844 0.4209398031234741
837 0.5815573930740356 0.420587420463562
838 0.5645988583564758 0.41276752948760986
839 0.5574565529823303 0.4113538861274719
840 0.5386185646057129 0.41131967306137085
841 0.5424566268920898 0.41080209612846375
842 0.5409272313117981 0.3994850516319275
843 0.5362070202827454 0.40135109424591064
844 0.538173496723175 0.38751938939094543
845 0.5343648195266724 0.3913523852825165
846 0.5346390008926392 0.3791399896144867
847 0.5300861597061157 0.3856516480445862
848 0.5396512746810913 0.420937716960907
849 0.5441538691520691 0.42304837703704834
850 0.5355665683746338 0.4277685284614563
851 0.5404083728790283 0.4292806386947632
852 0.5449763536453247 0.4316210150718689
853 0.5560658574104309 0.29908499121665955
854 0.5441967844963074 0.31874319911003113
855 0.50930255651474 0.3851408362388611
856 0.5055800080299377 0.3861653208732605
857 0.5055529475212097 0.38943055272102356
858 0.5089161396026611 0.3891546130180359
859 0.5046929121017456 0.39832091331481934
860 0.5023335218429565 0.3898090720176697
861 0.5021181106567383 0.3991205096244812
862 0.5074620246887207 0.3984993100166321
863 0.50586998462677 0.3594982922077179
864 0.5049035549163818 0.3662545084953308
865 0.5092820525169373 0.36724352836608887
866 0.5115357637405396 0.360731840133667
867 0.5025156736373901 0.38711830973625183
868 0.5044070482254028 0.38069599866867065
869 0.5023440718650818 0.38102179765701294
870 0.5025429129600525 0.3841690421104431
871 0.505204975605011 0.3830220103263855
872 0.5327958464622498 0.34404850006103516
873 0.5410149693489075 0.3371448516845703
874 0.5286898612976074 0.3328409194946289
875 0.5245271325111389 0.3430388569831848
876 0.5200321674346924 0.38497301936149597
877 0.5147623419761658 0.3820662498474121
878 0.5130242109298706 0.38811221718788147
879 0.5029495358467102 0.3777866065502167
880 0.5055817365646362 0.3781490921974182
881 0.5422388911247253 0.3548285961151123
882 0.5502965450286865 0.34872937202453613
883 0.5078381896018982 0.38100960850715637
884 0.5294765830039978 0.3719235360622406
885 0.5245230197906494 0.3799839913845062
886 0.5138441324234009 0.3692566156387329
887 0.516359806060791 0.36079737544059753
888 0.5152958035469055 0.3422813415527344
889 0.5183404088020325 0.33378759026527405
890 0.5092955231666565 0.333159476518631
891 0.50870680809021 0.34293487668037415
892 0.5184947848320007 0.37436649203300476
893 0.5230671167373657 0.3651607036590576
894 0.5487831234931946 0.4351692497730255
895 0.549913227558136 0.42417916655540466
896 0.5500403642654419 0.41158634424209595
897 0.5479446649551392 0.3971530497074127
898 0.545657217502594 0.3833487629890442
899 0.5417288541793823 0.3734552562236786
900 0.535146951675415 0.3617691397666931
901 0.5276278257369995 0.3548285663127899
902 0.5205963850021362 0.3528275191783905
903 0.5129587650299072 0.3535943031311035
904 0.5071504712104797 0.3524421751499176
905 0.5075181722640991 0.37378376722335815
906 0.5038386583328247 0.3726491928100586
907 0.5113875865936279 0.3769509196281433
908 0.5804019570350647 0.5859935283660889
909 0.5724719762802124 0.5937203168869019
910 0.5862510800361633 0.5758756399154663
911 0.5234313607215881 0.4334098696708679
912 0.5260060429573059 0.43387171626091003
913 0.5357472896575928 0.5988927483558655
914 0.528071403503418 0.5976736545562744
915 0.5305196046829224 0.606698215007782
916 0.57436203956604 0.4686393141746521
917 0.5797017812728882 0.4758949875831604
918 0.5562170743942261 0.6000555753707886
919 0.5460469722747803 0.5983127355575562
920 0.5587850213050842 0.6060514450073242
921 0.592526376247406 0.5503717660903931
922 0.5900509357452393 0.5628880262374878
923 0.5215349197387695 0.6078805923461914
924 0.520260214805603 0.5981701016426086
925 0.5138221979141235 0.5986188054084778
926 0.5073702335357666 0.5986576676368713
927 0.5223132371902466 0.43222543597221375
928 0.5309918522834778 0.4340900182723999
929 0.5347439646720886 0.43471306562423706
930 0.5846092104911804 0.4837832450866699
931 0.5690739154815674 0.4621616303920746
932 0.5904608964920044 0.49327215552330017
933 0.5393141508102417 0.4384925961494446
934 0.5438464879989624 0.4415731430053711
935 0.5481749176979065 0.4446767568588257
936 0.5530661344528198 0.4479629397392273
937 0.5586117506027222 0.45120999217033386
938 0.5262582898139954 0.5893832445144653
939 0.519429624080658 0.5889298915863037
940 0.5132213830947876 0.5897531509399414
941 0.5206784605979919 0.43614956736564636
942 0.5213476419448853 0.4381712079048157
943 0.5240064859390259 0.43970340490341187
944 0.529339611530304 0.4409559667110443
945 0.5336609482765198 0.4437287449836731
946 0.5372294187545776 0.4475330114364624
947 0.5417286157608032 0.45151427388191223
948 0.5459285378456116 0.4551100730895996
949 0.5505751967430115 0.4584065079689026
950 0.5553736686706543 0.4618106484413147
951 0.5651715993881226 0.472703754901886
952 0.5700454711914062 0.4787482023239136
953 0.5749585628509521 0.48511016368865967
954 0.5790011882781982 0.49222496151924133
955 0.5837027430534363 0.5007509589195251
956 0.587517499923706 0.5497700572013855
957 0.5854183435440063 0.5610127449035645
958 0.5821743011474609 0.5726718306541443
959 0.5766570568084717 0.583098828792572
960 0.5691014528274536 0.5891268253326416
961 0.5515381097793579 0.5934903621673584
962 0.5428228974342346 0.5927238464355469
963 0.5337175130844116 0.5922503471374512
964 0.5066112875938416 0.5892900228500366
965 0.5636268258094788 0.5994254350662231
966 0.5671257376670837 0.6051627397537231
967 0.5600816011428833 0.5924699306488037
968 0.5501754283905029 0.5863237977027893
969 0.542080819606781 0.5874392986297607
970 0.503538191318512 0.4641973674297333
971 0.5070074796676636 0.4639495611190796
972 0.5067059397697449 0.4544876217842102
973 0.503548264503479 0.4542802572250366
974 0.502395510673523 0.47991588711738586
975 0.5024944543838501 0.4755440652370453
976 0.5021634101867676 0.4761882424354553
977 0.5009723901748657 0.4797396659851074
978 0.504016637802124 0.4811065196990967
979 0.503149151802063 0.47552382946014404
980 0.507659912109375 0.46903687715530396
981 0.5074108839035034 0.46700340509414673
982 0.5044124126434326 0.4678373336791992
983 0.5045462846755981 0.47003060579299927
984 0.5187147855758667 0.4762057662010193
985 0.5237443447113037 0.48659536242485046
986 0.5236970782279968 0.47898370027542114
987 0.5179837942123413 0.4716074466705322
988 0.5111188888549805 0.4689520001411438
989 0.5160316228866577 0.4725179374217987
990 0.5149791240692139 0.46986591815948486
991 0.5110145807266235 0.4685375690460205
992 0.5189365744590759 0.4790714979171753
993 0.5167081952095032 0.4775087237358093
994 0.5171536207199097 0.48014962673187256
995 0.5193101763725281 0.4823216199874878
996 0.5087074637413025 0.48687416315078735
997 0.5093899965286255 0.48949629068374634
998 0.511177659034729 0.48913681507110596
999 0.5103976726531982 0.486433207988739
1000 0.5271880030632019 0.4481540322303772
1001 0.5213072896003723 0.44663113355636597
1002 0.517970085144043 0.45383331179618835
1003 0.5253363251686096 0.45630568265914917
1004 0.5176164507865906 0.4612218141555786
1005 0.524314284324646 0.46487441658973694
1006 0.5274298191070557 0.46830958127975464
1007 0.5290499925613403 0.46012598276138306
1008 0.5311998724937439 0.45220017433166504
1009 0.5185011029243469 0.44036534428596497
1010 0.5193169713020325 0.4434298872947693
1011 0.533557653427124 0.5868625044822693
1012 0.523638129234314 0.47249332070350647
1013 0.526028573513031 0.475526362657547
1014 0.5175713300704956 0.46714556217193604
1015 0.5137637257575989 0.45217227935791016
1016 0.5101892948150635 0.45345985889434814
1017 0.5106728076934814 0.46478211879730225
1018 0.5143589377403259 0.4663636386394501
1019 0.5260226130485535 0.48302459716796875
1020 0.5248180627822876 0.4894369840621948
1021 0.5052011609077454 0.48326438665390015
1022 0.5046354532241821 0.4741968512535095
1023 0.503648042678833 0.47548842430114746
1024 0.5045704245567322 0.48137903213500977
1025 0.5046334862709045 0.4730634093284607
1026 0.5050448775291443 0.47287309169769287
1027 0.5058284997940063 0.4723081886768341
1028 0.5054237246513367 0.47123754024505615
1029 0.5227876305580139 0.48816466331481934
1030 0.5220903158187866 0.48890942335128784
1031 0.5012800693511963 0.49746227264404297
1032 0.5016588568687439 0.48885494470596313
1033 0.5831440687179565 0.5491995215415955
1034 0.5810054540634155 0.5589349269866943
1035 0.5148230195045471 0.48718321323394775
1036 0.5143082141876221 0.485089510679245
1037 0.573111891746521 0.5786476731300354
1038 0.5667440891265869 0.5840920209884644
1039 0.5308570861816406 0.49870967864990234
1040 0.5333188772201538 0.4928267300128937
1041 0.5298957228660583 0.48883116245269775
1042 0.5281572937965393 0.4950544834136963
1043 0.5778623819351196 0.5692870616912842
1044 0.5266038179397583 0.5832574963569641
1045 0.5184470415115356 0.579079270362854
1046 0.5154881477355957 0.5709734559059143
1047 0.5099889636039734 0.572866678237915
1048 0.5116382837295532 0.580581545829773
1049 0.504610002040863 0.5736141204833984
1050 0.5056760907173157 0.580862283706665
1051 0.5089033246040344 0.5665169954299927
1052 0.5140576362609863 0.5649738311767578
1053 0.5060569643974304 0.5485242605209351
1054 0.5113157033920288 0.5509124994277954
1055 0.5090286731719971 0.483521044254303
1056 0.5073078870773315 0.4836841821670532
1057 0.5074448585510254 0.4831817150115967
1058 0.5089926719665527 0.4828393757343292
1059 0.5105908513069153 0.48305439949035645
1060 0.5039427876472473 0.4719090759754181
1061 0.5043107271194458 0.47248390316963196
1062 0.505128800868988 0.4703942835330963
1063 0.5076854228973389 0.5607116222381592
1064 0.5123782157897949 0.5595183372497559
1065 0.5161166191101074 0.47829777002334595
1066 0.5146358609199524 0.4736701250076294
1067 0.5156458020210266 0.48000413179397583
1068 0.5167608261108398 0.4823465645313263
1069 0.5157747268676758 0.48397886753082275
1070 0.51436847448349 0.4811916649341583
1071 0.5129709243774414 0.4827629625797272
1072 0.5095474720001221 0.4841853976249695
1073 0.5080324411392212 0.484552264213562
1074 0.5395295023918152 0.4599798023700714
1075 0.5434707403182983 0.4635440707206726
1076 0.5378787517547607 0.4788321256637573
1077 0.5343652367591858 0.4755859375
1078 0.5316314101219177 0.481829971075058
1079 0.5355649590492249 0.48611021041870117
1080 0.5406843423843384 0.4716604948043823
1081 0.5368787050247192 0.4680441915988922
1082 0.532429039478302 0.4639089107513428
1083 0.5345606803894043 0.45537638664245605
1084 0.5492040514945984 0.5791498422622681
1085 0.5422126054763794 0.5793395042419434
1086 0.5689798593521118 0.5730099678039551
1087 0.5633938908576965 0.5775105953216553
1088 0.5212661027908325 0.5682870149612427
1089 0.5194875597953796 0.5634862780570984
1090 0.5296223163604736 0.5770037770271301
1091 0.524507462978363 0.5732979774475098
1092 0.5355754494667053 0.579352617263794
1093 0.5771451592445374 0.5564610362052917
1094 0.5737320184707642 0.5651771426200867
1095 0.5791362524032593 0.5482290983200073
1096 0.5176782608032227 0.5587415099143982
1097 0.5662797689437866 0.501167356967926
1098 0.570683479309082 0.49304062128067017
1099 0.5665531158447266 0.48724716901779175
1100 0.5622451305389404 0.49641454219818115
1101 0.5743615627288818 0.49896204471588135
1102 0.5622669458389282 0.481488436460495
1103 0.5706515908241272 0.5045158267021179
1104 0.5754271149635315 0.5117440819740295
1105 0.579071581363678 0.5065509080886841
1106 0.5260748267173767 0.4920504689216614
1107 0.5275999903678894 0.48584309220314026
1108 0.5288020372390747 0.47882935404777527
1109 0.5302869081497192 0.4715453088283539
1110 0.5456901788711548 0.5309356451034546
1111 0.5439339876174927 0.5205274224281311
1112 0.5421175956726074 0.5224416255950928
1113 0.5439977645874023 0.5311791300773621
1114 0.5466172099113464 0.5371708273887634
1115 0.5464650988578796 0.5346648693084717
1116 0.544783353805542 0.534573495388031
1117 0.544928789138794 0.5364398956298828
1118 0.5362322926521301 0.5057824850082397
1119 0.5389549732208252 0.5010695457458496
1120 0.5361840128898621 0.4968821108341217
1121 0.5337603092193604 0.5019803047180176
1122 0.5418353080749512 0.49471211433410645
1123 0.5453870892524719 0.487904816865921
1124 0.5417455434799194 0.4833112359046936
1125 0.5390124917030334 0.49036848545074463
1126 0.547661304473877 0.4673793613910675
1127 0.5521843433380127 0.4710521101951599
1128 0.5590830445289612 0.5047351717948914
1129 0.5631927847862244 0.5081229209899902
1130 0.56593257188797 0.5115720629692078
1131 0.5686838030815125 0.5185329914093018
1132 0.5446217060089111 0.4755827784538269
1133 0.5488251447677612 0.48062336444854736
1134 0.5168367028236389 0.4486924111843109
1135 0.5158863663673401 0.44467049837112427
1136 0.5133332014083862 0.44864821434020996
1137 0.5098499059677124 0.45101198554039
1138 0.5090789198875427 0.48294973373413086
1139 0.5076026916503906 0.4832533001899719
1140 0.5029430985450745 0.5541158318519592
1141 0.5024488568305969 0.5474846959114075
1142 0.5578423738479614 0.4915199875831604
1143 0.5534183979034424 0.5020328164100647
1144 0.5056097507476807 0.5423912405967712
1145 0.5020943284034729 0.5379613637924194
1146 0.508861780166626 0.5439911484718323
1147 0.5464047789573669 0.5064374208450317
1148 0.501112699508667 0.48136550188064575
1149 0.5030618906021118 0.48221611976623535
1150 0.5400350689888 0.514265239238739
1151 0.5427698493003845 0.510240375995636
1152 0.5055152177810669 0.4726554751396179
1153 0.5042444467544556 0.4732434153556824
1154 0.5045914053916931 0.4730840027332306
1155 0.5039240717887878 0.4733916223049164
1156 0.5032972097396851 0.4739821255207062
1157 0.5029908418655396 0.4743812084197998
1158 0.5158735513687134 0.5539641380310059
1159 0.5035514831542969 0.5612765550613403
1160 0.5437232851982117 0.5161162614822388
1161 0.5412704944610596 0.5185871124267578
1162 0.5141392350196838 0.4788016676902771
1163 0.5143942832946777 0.47760024666786194
1164 0.5087597370147705 0.4714028239250183
1165 0.5065473318099976 0.4518154561519623
1166 0.5466907024383545 0.5136373043060303
1167 0.5517155528068542 0.5105000734329224
1168 0.5461863279342651 0.5188311338424683
1169 0.5501233339309692 0.5178404450416565
1170 0.5502153038978577 0.5287770628929138
1171 0.5477443933486938 0.5307062864303589
1172 0.5556535720825195 0.5187839269638062
1173 0.553214967250824 0.528387188911438
1174 0.5554653406143188 0.5301283001899719
1175 0.5583360195159912 0.5213032960891724
1176 0.5593357086181641 0.5134150981903076
1177 0.5561192035675049 0.5109699368476868
1178 0.5529443621635437 0.5173647999763489
1179 0.5617406368255615 0.5170053243637085
1180 0.5618394613265991 0.5271515250205994
1181 0.5650853514671326 0.523155927658081
1182 0.5587857365608215 0.5351057052612305
1183 0.5516703128814697 0.528168797492981
1184 0.5574310421943665 0.5871149301528931
1185 0.5559842586517334 0.5794919729232788
1186 0.5414475202560425 0.548151969909668
1187 0.5441447496414185 0.5478724241256714
1188 0.5443004369735718 0.5478857159614563
1189 0.5416617393493652 0.5476515889167786
1190 0.5352542996406555 0.5446009635925293
1191 0.5358075499534607 0.543990433216095
1192 0.5353711843490601 0.5428593754768372
1193 0.5365599393844604 0.5467833280563354
1194 0.5371478199958801 0.5451973676681519
1195 0.5365051627159119 0.5444946885108948
1196 0.536192774772644 0.5458890199661255
1197 0.5375193357467651 0.5491912364959717
1198 0.5384629964828491 0.5454782843589783
1199 0.5391980409622192 0.5502063632011414
1200 0.5399417877197266 0.5463167428970337
1201 0.5463584661483765 0.5480615496635437
1202 0.5462937355041504 0.5480560064315796
1203 0.5482650399208069 0.5489396452903748
1204 0.5481560230255127 0.5482151508331299
1205 0.5573156476020813 0.5498566627502441
1206 0.5604631900787354 0.5474091172218323
1207 0.5598388314247131 0.546544075012207
1208 0.5569177269935608 0.5483784675598145
1209 0.5623454451560974 0.5443943738937378
1210 0.5616036653518677 0.5449563264846802
1211 0.5487116575241089 0.5357190370559692
1212 0.5488204956054688 0.5378912091255188
1213 0.5505810976028442 0.5375566482543945
1214 0.5502244234085083 0.5327848196029663
1215 0.5559200644493103 0.5366758704185486
1216 0.5531317591667175 0.5353716611862183
1217 0.5532365441322327 0.5394324064254761
1218 0.5561774373054504 0.5407041311264038
1219 0.5526727437973022 0.5497216582298279
1220 0.5523881316184998 0.5487673282623291
1221 0.5587457418441772 0.538385272026062
1222 0.5585408210754395 0.5413994193077087
1223 0.551567018032074 0.535522997379303
1224 0.551074743270874 0.5385863780975342
1225 0.536407470703125 0.5420846939086914
1226 0.536539614200592 0.542634129524231
1227 0.5367327928543091 0.5425100326538086
1228 0.5479667782783508 0.5474555492401123
1229 0.5463060140609741 0.5478025674819946
1230 0.5525600910186768 0.5471441745758057
1231 0.537106454372406 0.543241024017334
1232 0.5369839072227478 0.5427241325378418
1233 0.5380600094795227 0.5444850921630859
1234 0.5404233336448669 0.5457136631011963
1235 0.5587425231933594 0.5419877171516418
1236 0.5602983832359314 0.5438933968544006
1237 0.5422418117523193 0.5471104979515076
1238 0.5393123626708984 0.5407540798187256
1239 0.5378542542457581 0.540438711643219
1240 0.5450131893157959 0.5401997566223145
1241 0.5468253493309021 0.540064811706543
1242 0.5377907156944275 0.5439411401748657
1243 0.556461751461029 0.5461288690567017
1244 0.5591709613800049 0.544972836971283
1245 0.5446327328681946 0.5477696657180786
1246 0.5539679527282715 0.5403746962547302
1247 0.5562034845352173 0.5407080054283142
1248 0.5492731332778931 0.5399772524833679
1249 0.5504860281944275 0.5401170253753662
1250 0.5518147945404053 0.5403065085411072
1251 0.5607068538665771 0.544049084186554
1252 0.559844970703125 0.5454616546630859
1253 0.5517504215240479 0.5517617464065552
1254 0.5484300255775452 0.5540434122085571
1255 0.544613778591156 0.5326806902885437
1256 0.547092616558075 0.5407038331031799
1257 0.5580043792724609 0.5472093820571899
1258 0.5554635524749756 0.5491330623626709
1259 0.5394382476806641 0.5447390675544739
1260 0.5415350198745728 0.5456388592720032
1261 0.5460178852081299 0.5536220073699951
1262 0.5548645853996277 0.5407403707504272
1263 0.5568767786026001 0.5414326190948486
1264 0.5592957735061646 0.54258131980896
1265 0.5489161610603333 0.5408364534378052
1266 0.5515851974487305 0.5322580933570862
1267 0.5428165197372437 0.5530626773834229
1268 0.5379674434661865 0.5437273383140564
1269 0.553023099899292 0.535332441329956
1270 0.5375068783760071 0.5431082248687744
1271 0.5040525197982788 0.5671217441558838
1272 0.5012617111206055 0.48377281427383423
1273 0.5013436079025269 0.48629358410835266
1274 0.5014790892601013 0.5303280353546143
1275 0.5032424330711365 0.4517569839954376
1276 0.5068317651748657 0.4843837022781372
1277 0.5057752132415771 0.4850894510746002
1278 0.5057894587516785 0.48347485065460205
1279 0.50844407081604 0.4850993752479553
1280 0.5064733028411865 0.47278642654418945
1281 0.5072523951530457 0.472525417804718
1282 0.5063422918319702 0.4834749400615692
1283 0.5088340640068054 0.47040385007858276
1284 0.5086530447006226 0.47176748514175415
1285 0.5085357427597046 0.47121042013168335
1286 0.5086724758148193 0.4724092185497284
1287 0.5075334310531616 0.46964097023010254
1288 0.5073447823524475 0.4701697826385498
1289 0.5081828832626343 0.4719206988811493
1290 0.5084136128425598 0.4722890257835388
1291 0.5067364573478699 0.47098618745803833
1292 0.506361722946167 0.47226381301879883
1293 0.5071216821670532 0.47207510471343994
1294 0.5085747241973877 0.4723741412162781
1295 0.5434528589248657 0.5408443808555603
1296 0.5134457945823669 0.47874465584754944
1297 0.5118902325630188 0.4810737669467926
1298 0.507658839225769 0.4722616374492645
1299 0.5120593905448914 0.49961215257644653
1300 0.51450115442276 0.49764373898506165
1301 0.5174468159675598 0.49609866738319397
1302 0.5173964500427246 0.4981769323348999
1303 0.5192599892616272 0.4857169985771179
1304 0.5213570594787598 0.4916834831237793
1305 0.5178680419921875 0.48784494400024414
1306 0.5200337767601013 0.49663081765174866
1307 0.5196662545204163 0.4946986436843872
1308 0.502997875213623 0.4865492880344391
1309 0.5030152201652527 0.48408523201942444
1310 0.5062559843063354 0.48329392075538635
1311 0.5065589547157288 0.4847777187824249
1312 0.5062611103057861 0.4831774830818176
1313 0.502508819103241 0.49010223150253296
1314 0.5031652450561523 0.4985969364643097
1315 0.5047012567520142 0.48290377855300903
1316 0.5053062438964844 0.48291125893592834
1317 0.5069680213928223 0.48695096373558044
1318 0.5077312588691711 0.48944222927093506
1319 0.513349175453186 0.5045760869979858
1320 0.5085592269897461 0.5051892995834351
1321 0.5093590617179871 0.5101048350334167
1322 0.5142810940742493 0.5085061192512512
1323 0.504960298538208 0.4907718896865845
1324 0.5049703121185303 0.4994146227836609
1325 0.5049159526824951 0.4869481325149536
1326 0.5048361420631409 0.4845671057701111
1327 0.5082404613494873 0.4999753534793854
1328 0.524835467338562 0.5219408273696899
1329 0.5274084806442261 0.5183746814727783
1330 0.5249704718589783 0.515411376953125
1331 0.5208877325057983 0.5195222496986389
1332 0.5306884050369263 0.5069875717163086
1333 0.5332671999931335 0.5104467868804932
1334 0.5242452621459961 0.49774369597435
1335 0.5260987877845764 0.5007088780403137
1336 0.5431697964668274 0.5347159504890442
1337 0.5434605479240417 0.5364170074462891
1338 0.5403329133987427 0.5243225693702698
1339 0.5423117876052856 0.5320439338684082
1340 0.5179274082183838 0.5158979892730713
1341 0.5225839614868164 0.5122498869895935
1342 0.5192971229553223 0.5091408491134644
1343 0.5152227282524109 0.5118470191955566
1344 0.5281104445457458 0.5036338567733765
1345 0.5304290056228638 0.5271714329719543
1346 0.5325597524642944 0.5240824222564697
1347 0.5375315546989441 0.5174358487129211
1348 0.5391130447387695 0.5211434364318848
1349 0.5397549867630005 0.5397430658340454
1350 0.5371125340461731 0.5402377843856812
1351 0.5414677262306213 0.5381841659545898
1352 0.5436647534370422 0.5404298901557922
1353 0.5414052605628967 0.5408677458763123
1354 0.541187584400177 0.5410800576210022
1355 0.5398592352867126 0.5409223437309265
1356 0.535020649433136 0.5207565426826477
1357 0.53459233045578 0.5266201496124268
1358 0.536953330039978 0.5237662196159363
1359 0.5304365158081055 0.5146239995956421
1360 0.5276461839675903 0.5113135576248169
1361 0.5254182815551758 0.5082083940505981
1362 0.523631751537323 0.5056595206260681
1363 0.5220798850059509 0.49287229776382446
1364 0.5383737087249756 0.5261527299880981
1365 0.5405784249305725 0.5332028269767761
1366 0.5413105487823486 0.535818874835968
1367 0.50181645154953 0.5152407884597778
1368 0.5019176602363586 0.5223307609558105
1369 0.5010559558868408 0.5027874708175659
1370 0.5012392997741699 0.5087403059005737
1371 0.5031207203865051 0.5037329792976379
1372 0.5033679604530334 0.5099990963935852
1373 0.505748987197876 0.5104320645332336
1374 0.5050721168518066 0.5043492317199707
1375 0.5210106372833252 0.525894284248352
1376 0.5327205061912537 0.5300538539886475
1377 0.5172584652900696 0.5229166150093079
1378 0.5112681984901428 0.5145033597946167
1379 0.5396326184272766 0.5370571613311768
1380 0.5363726019859314 0.5291058421134949
1381 0.538837194442749 0.5346019864082336
1382 0.5037547945976257 0.5165467858314514
1383 0.5139507055282593 0.5184991955757141
1384 0.5068458914756775 0.5160535573959351
1385 0.5097472071647644 0.521669864654541
1386 0.5140535831451416 0.52597975730896
1387 0.5181483626365662 0.5296026468276978
1388 0.5355334877967834 0.5406193733215332
1389 0.5347349643707275 0.5406448841094971
1390 0.5085828900337219 0.5364282131195068
1391 0.5049618482589722 0.5338305830955505
1392 0.5365110635757446 0.5411465764045715
1393 0.5368772149085999 0.5411587357521057
1394 0.5372422933578491 0.5403271317481995
1395 0.5361718535423279 0.5403199791908264
1396 0.5369352698326111 0.5421074032783508
1397 0.5352317690849304 0.5400679111480713
1398 0.5100905299186707 0.5310046672821045
1399 0.5159249305725098 0.5333024859428406
1400 0.5360468626022339 0.5398576259613037
1401 0.531457245349884 0.5375300645828247
1402 0.5346741080284119 0.5387365221977234
1403 0.5052189230918884 0.5253589749336243
1404 0.5306110382080078 0.5390998125076294
1405 0.5338116884231567 0.5398669838905334
1406 0.5383216142654419 0.5406757593154907
1407 0.5177367925643921 0.5062402486801147
1408 0.5218583941459656 0.5028640031814575
1409 0.5226980447769165 0.4938039481639862
1410 0.5232877135276794 0.4954994320869446
1411 0.5171654224395752 0.5033853054046631
1412 0.5209752321243286 0.5005683302879333
1413 0.5169512033462524 0.5003760457038879
1414 0.519966185092926 0.4984113574028015
1415 0.5361599922180176 0.5492332577705383
1416 0.5353409647941589 0.5470654964447021
1417 0.5331319570541382 0.5515264272689819
1418 0.5340995788574219 0.5549300909042358
1419 0.5352639555931091 0.5582735538482666
1420 0.5373075008392334 0.5514470338821411
1421 0.5345478057861328 0.5452951788902283
1422 0.5320792198181152 0.5486310720443726
1423 0.5369941592216492 0.5608287453651428
1424 0.5387248992919922 0.5535534024238586
1425 0.5396711826324463 0.5618115067481995
1426 0.5407867431640625 0.5557951927185059
1427 0.5433481931686401 0.5632683038711548
1428 0.5435998439788818 0.5570641756057739
1429 0.5644664764404297 0.5671753883361816
1430 0.5594898462295532 0.5704067945480347
1431 0.5540372729301453 0.5729570388793945
1432 0.5423399209976196 0.5737754106521606
1433 0.548201322555542 0.5730733275413513
1434 0.5372363924980164 0.5730708837509155
1435 0.5323967933654785 0.5721694231033325
1436 0.5289918780326843 0.569171130657196
1437 0.5264289379119873 0.5651348829269409
1438 0.5240901708602905 0.5609121322631836
1439 0.5382735729217529 0.5686270594596863
1440 0.5428326725959778 0.568701446056366
1441 0.5351381301879883 0.5671056509017944
1442 0.5319275856018066 0.5649230480194092
1443 0.5300780534744263 0.5614802241325378
1444 0.5284171104431152 0.5576573610305786
1445 0.5479496121406555 0.5690512657165527
1446 0.5531854629516602 0.568919837474823
1447 0.5576188564300537 0.5662779808044434
1448 0.5621417760848999 0.563266396522522
1449 0.569320559501648 0.5608386993408203
1450 0.5659447908401489 0.5573822259902954
1451 0.5610046982765198 0.5487542152404785
1452 0.563336968421936 0.5528562664985657
1453 0.5659619569778442 0.5459371209144592
1454 0.5631726384162903 0.5442256331443787
1455 0.5580764412879944 0.5529314875602722
1456 0.5600171685218811 0.5577786564826965
1457 0.547276496887207 0.564320981502533
1458 0.5512644052505493 0.564581573009491
1459 0.5489928126335144 0.5592989325523376
1460 0.5462895035743713 0.5591630935668945
1461 0.5559950470924377 0.562082052230835
1462 0.5535271763801575 0.5567377209663391
1463 0.5152223110198975 0.550108790397644
1464 0.5339083671569824 0.5436493158340454
1465 0.5151176452636719 0.5460100173950195
1466 0.5156643390655518 0.5419594645500183
1467 0.5269436836242676 0.5544146299362183
1468 0.5226112604141235 0.5566194653511047
1469 0.5197927951812744 0.5486350655555725
1470 0.5236871838569641 0.5437700748443604
1471 0.5249139070510864 0.5504013299942017
1472 0.5335949659347534 0.5406296849250793
1473 0.5301605463027954 0.5407177805900574
1474 0.5227969288825989 0.6184410452842712
1475 0.5706375241279602 0.6108055114746094
1476 0.5617983341217041 0.612733781337738
1477 0.5320241451263428 0.6173863410949707
1478 0.6030833721160889 0.49878957867622375
1479 0.614612340927124 0.49306440353393555
1480 0.604561448097229 0.524409294128418
1481 0.614137589931488 0.52327960729599
1482 0.6150493621826172 0.5098873376846313
1483 0.6049421429634094 0.511772096157074
1484 0.5943718552589417 0.5041100978851318
1485 0.5967534780502319 0.5142111778259277
1486 0.5965769290924072 0.5257726907730103
1487 0.5877858400344849 0.5087781548500061
1488 0.5903784036636353 0.5171321630477905
1489 0.5903405547142029 0.5279786586761475
1490 0.5853796005249023 0.530750036239624
1491 0.5828446745872498 0.5133284330368042
1492 0.5801037549972534 0.5340193510055542
1493 0.5850174427032471 0.5211390256881714
1494 0.5787131786346436 0.5172457695007324
1495 0.5784920454025269 0.5279953479766846
1496 0.5719959735870361 0.524924635887146
1497 0.5692310333251953 0.5277004241943359
1498 0.5651212930679321 0.5332198739051819
1499 0.5678117275238037 0.5397669672966003
1500 0.5730619430541992 0.5536246299743652
1501 0.5696371793746948 0.550906777381897
1502 0.5750991702079773 0.5312094688415527
1503 0.5754634141921997 0.546933650970459
1504 0.5724559426307678 0.5451629161834717
1505 0.5766515731811523 0.5357571840286255
1506 0.5716978907585144 0.5344366431236267
1507 0.5730810761451721 0.5387393832206726
1508 0.5014764070510864 0.40952879190444946
1509 0.5034647583961487 0.4095591604709625
1510 0.5054488778114319 0.4095894992351532
1511 0.5151888132095337 0.41521674394607544
1512 0.511802613735199 0.41321268677711487
1513 0.5121078491210938 0.4151325225830078
1514 0.5150254964828491 0.4167037904262543
1515 0.50802081823349 0.4116891622543335
1516 0.5088586807250977 0.4153940975666046
1517 0.5151762366294861 0.4247373938560486
1518 0.5151762366294861 0.4247373342514038
1519 0.5151762366294861 0.4247373640537262
1520 0.5151762366294861 0.4247373640537262
1521 0.5149080753326416 0.4234505295753479
1522 0.5146386623382568 0.42215779423713684
1523 0.5151762366294861 0.4247373640537262
1524 0.5151762366294861 0.4247373640537262
1525 0.5151762366294861 0.4247373938560486
1526 0.5151320099830627 0.42452532052993774
1527 0.5151762366294861 0.4247373640537262
1528 0.5151762366294861 0.4247373640537262
1529 0.5151762366294861 0.4247373640537262
1530 0.5151762366294861 0.4247373342514038
1531 0.5151762366294861 0.4247373640537262
1532 0.5151762366294861 0.4247373342514038
1533 0.5088791847229004 0.4247373640537262
1534 0.5062205791473389 0.4247373640537262
1535 0.5150749087333679 0.4247373640537262
1536 0.5111595988273621 0.4247373640537262
1537 0.5130842924118042 0.4247373640537262
1538 0.5151762366294861 0.4247373640537262
1539 0.5150033235549927 0.42390772700309753
1540 0.5143353343009949 0.4207022190093994
1541 0.5151762366294861 0.4247373640537262
1542 0.5151762366294861 0.4247373640537262
1543 0.5118401646614075 0.4199596643447876
1544 0.5139613747596741 0.4225461483001709
1545 0.5049044489860535 0.4180254340171814
1546 0.5026631355285645 0.4186508059501648
1547 0.5028649568557739 0.4206606149673462
1548 0.5056991577148438 0.41960766911506653
1549 0.507571280002594 0.41792821884155273
1550 0.5086662769317627 0.41962167620658875
1551 0.5184022188186646 0.41479358077049255
1552 0.51539146900177 0.41147005558013916
1553 0.5225407481193542 0.42234888672828674
1554 0.5227001309394836 0.424839049577713
1555 0.5169399976730347 0.4251653552055359
1556 0.5168766379356384 0.42529407143592834
1557 0.5151762366294861 0.4247373640537262
1558 0.5151762366294861 0.4247373640537262
1559 0.5174250602722168 0.4219140410423279
1560 0.515834391117096 0.4201129078865051
1561 0.5089110136032104 0.42472267150878906
1562 0.504675030708313 0.4247373640537262
1563 0.5039048194885254 0.42211008071899414
1564 0.5066255927085876 0.4207417666912079
1565 0.5129133462905884 0.4247373342514038
1566 0.5102782845497131 0.4215475022792816
1567 0.5135663151741028 0.4188084900379181
1568 0.5107164978981018 0.4182942807674408
1569 0.5151762366294861 0.4247373640537262
1570 0.5151762366294861 0.4247373640537262
1571 0.5151762366294861 0.4247373640537262
1572 0.5151762366294861 0.4247373640537262
1573 0.5170586705207825 0.425330251455307
1574 0.5151762366294861 0.4247373640537262
1575 0.5013104677200317 0.4148860573768616
1576 0.5033719539642334 0.41450411081314087
1577 0.5029820203781128 0.4120163917541504
1578 0.5012228488922119 0.4134812653064728
1579 0.50518399477005 0.41175395250320435
1580 0.5056884288787842 0.41451263427734375
1581 0.5113289952278137 0.4092991352081299
1582 0.5078616142272949 0.4094746708869934
1583 0.5173551440238953 0.4190434515476227
1584 0.5197676420211792 0.4260357618331909
1585 0.519291877746582 0.4206146001815796
1586 0.517744243144989 0.4177374839782715
1587 0.5212422013282776 0.42582064867019653
1588 0.5214589238166809 0.425523042678833
1589 0.5203871726989746 0.42542338371276855
1590 0.5202349424362183 0.4256238341331482
1591 0.5642623901367188 0.3518180251121521
1592 0.5470536947250366 0.4020591676235199
1593 0.5437039136886597 0.4039083421230316
1594 0.5464149713516235 0.3870103359222412
1595 0.5489222407341003 0.4093284606933594
1596 0.5447580814361572 0.41292521357536316
1597 0.5904108285903931 0.36814287304878235
1598 0.5151762366294861 0.4247373342514038
1599 0.5151762366294861 0.4247373640537262
1600 0.5151762366294861 0.4247373640537262
1601 0.5151762366294861 0.4247373640537262
1602 0.5175015330314636 0.42348676919937134
1603 0.5211416482925415 0.42558372020721436
1604 0.5202291011810303 0.42552778124809265
1605 0.5652087926864624 0.3015463650226593
1606 0.5502986311912537 0.372344970703125
1607 0.6142503023147583 0.33371660113334656
1608 0.520555317401886 0.4176784157752991
1609 0.5223938226699829 0.42796820402145386
1610 0.5151762366294861 0.4247373640537262
1611 0.5223158597946167 0.4246014654636383
1612 0.5218236446380615 0.42694127559661865
1613 0.5216615200042725 0.42545104026794434
1614 0.5198873281478882 0.4191800057888031
1615 0.5181154012680054 0.41621237993240356
1616 0.5154169797897339 0.41341686248779297
1617 0.5111509561538696 0.40982896089553833
1618 0.5077605247497559 0.4095763862133026
1619 0.5051746964454651 0.40995368361473083
1620 0.5033271908760071 0.4107293486595154
1621 0.5013394355773926 0.41073930263519287
1622 0.519132137298584 0.42526090145111084
1623 0.5191475749015808 0.42542415857315063
1624 0.5190510153770447 0.4253852069377899
1625 0.518734872341156 0.425875723361969
1626 0.5173864364624023 0.42021769285202026
1627 0.5153252482414246 0.41837430000305176
1628 0.5127032995223999 0.4168549180030823
1629 0.509609580039978 0.4166315495967865
1630 0.5041288733482361 0.41596823930740356
1631 0.5065973997116089 0.4160478413105011
1632 0.5021091103553772 0.41661739349365234
1633 0.5312377214431763 0.3947933316230774
1634 0.5244596600532532 0.3956880271434784
1635 0.5212991237640381 0.3957892060279846
1636 0.5278042554855347 0.3955810070037842
1637 0.5151762366294861 0.4247373938560486
1638 0.5297224521636963 0.3900364637374878
1639 0.5151263475418091 0.3956925868988037
1640 0.511530876159668 0.39545148611068726
1641 0.5046060681343079 0.3952424228191376
1642 0.529950737953186 0.39766034483909607
1643 0.5151762366294861 0.4247373640537262
1644 0.5151762366294861 0.4247373640537262
1645 0.5151762366294861 0.4247373640537262
1646 0.5151762366294861 0.4247373640537262
1647 0.5151762366294861 0.4247373640537262
1648 0.5309971570968628 0.40168440341949463
1649 0.5151762366294861 0.4247373640537262
1650 0.5151762366294861 0.4247373640537262
1651 0.5151762366294861 0.4247373640537262
1652 0.5357334017753601 0.4075053036212921
1653 0.5367817878723145 0.4163404703140259
1654 0.5215113759040833 0.4308210611343384
1655 0.5151331424713135 0.4249621033668518
1656 0.5176639556884766 0.42351970076560974
1657 0.5151762366294861 0.4247373640537262
1658 0.5151762366294861 0.4247373640537262
1659 0.5151762366294861 0.4247373640537262
1660 0.5151762366294861 0.4247373640537262
1661 0.5197310447692871 0.4261851906776428
1662 0.5205552577972412 0.42686358094215393
1663 0.5151762366294861 0.4247373640537262
1664 0.5151762366294861 0.4247373640537262
1665 0.5151762366294861 0.4247373640537262
1666 0.5151762366294861 0.4247373640537262
1667 0.5151004195213318 0.4251328706741333
1668 0.5173217058181763 0.42265382409095764
1669 0.5185887813568115 0.42709100246429443
1670 0.5193367004394531 0.4282330274581909
1671 0.5202120542526245 0.4342057704925537
1672 0.5210464596748352 0.4288381338119507
1673 0.5198637247085571 0.4309736490249634
1674 0.5185703039169312 0.4258613884449005
1675 0.5173842310905457 0.42669862508773804
1676 0.5151762366294861 0.4247373640537262
1677 0.5151762366294861 0.4247373640537262
1678 0.5358632802963257 0.43440091609954834
1679 0.5393775701522827 0.42858797311782837
1680 0.5151762366294861 0.4247373640537262
1681 0.5151762366294861 0.4247373938560486
1682 0.5151762366294861 0.4247373640537262
1683 0.5151762366294861 0.4247373640537262
1684 0.5151762366294861 0.4247373938560486
1685 0.5151044130325317 0.4251118004322052
1686 0.5150948762893677 0.425161749124527
1687 0.5151762366294861 0.4247373640537262
1688 0.5151762366294861 0.4247373640537262
1689 0.5142974853515625 0.425284206867218
1690 0.5151762366294861 0.4247373938560486
1691 0.5151762366294861 0.4247373640537262
1692 0.5151762366294861 0.4247373342514038
1693 0.5151762366294861 0.4247373342514038
1694 0.511883556842804 0.4248739182949066
1695 0.5110557079315186 0.4266272783279419
1696 0.5140936374664307 0.4247373640537262
1697 0.5129250288009644 0.4247373342514038
1698 0.5043386220932007 0.42486464977264404
1699 0.5036898851394653 0.4264991879463196
1700 0.507582426071167 0.42698487639427185
1701 0.5082179307937622 0.4254852533340454
1702 0.5088865160942078 0.4247373640537262
1703 0.5096246004104614 0.4247373640537262
1704 0.5064110159873962 0.4247373342514038
1705 0.5052638649940491 0.4247373342514038
1706 0.5135457515716553 0.4351213872432709
1707 0.5131691694259644 0.4311579167842865
1708 0.5098029375076294 0.43365544080734253
1709 0.5100721120834351 0.43842336535453796
1710 0.5158823132514954 0.43247050046920776
1711 0.5154732465744019 0.42970484495162964
1712 0.5178029537200928 0.43020451068878174
1713 0.5172017812728882 0.4283033013343811
1714 0.5182353258132935 0.43641841411590576
1715 0.506474494934082 0.44032448530197144
1716 0.5063689947128296 0.43516841530799866
1717 0.5028290152549744 0.4357336759567261
1718 0.5030399560928345 0.44082343578338623
1719 0.5147369503974915 0.42702704668045044
1720 0.5147605538368225 0.42690399289131165
1721 0.5134405493736267 0.42686623334884644
1722 0.5101441144943237 0.42812955379486084
1723 0.5069922208786011 0.4291466176509857
1724 0.5032435059547424 0.4288555085659027
1725 0.56569904088974 0.42774760723114014
1726 0.5713508129119873 0.431217759847641
1727 0.5384764075279236 0.45752567052841187
1728 0.5399901270866394 0.44595637917518616
1729 0.5455034971237183 0.41740942001342773
1730 0.5211710929870605 0.44321927428245544
1731 0.5193323493003845 0.4501250386238098
1732 0.5071073770523071 0.4247373640537262
1733 0.5160381197929382 0.4534875154495239
1734 0.5161970853805542 0.4399944543838501
1735 0.5141489505767822 0.4434419274330139
1736 0.5099536180496216 0.4468628168106079
1737 0.5029972791671753 0.444984495639801
1738 0.506421685218811 0.4444773197174072
1739 0.5100245475769043 0.4424246549606323
1740 0.5139870643615723 0.4388164281845093
1741 0.5162644386291504 0.43590405583381653
1742 0.518280565738678 0.43263542652130127
1743 0.5064189434051514 0.43099966645240784
1744 0.5029361248016357 0.4314908981323242
1745 0.5132176280021667 0.42906492948532104
1746 0.5098720788955688 0.4304274916648865
1747 0.5143521428108215 0.42903316020965576
1748 0.5158507823944092 0.42780351638793945
1749 0.5299327373504639 0.4402078092098236
1750 0.5151762366294861 0.4247373640537262
1751 0.5321404933929443 0.4461531639099121
1752 0.5265770554542542 0.44566452503204346
1753 0.5210018157958984 0.45300203561782837
1754 0.5172757506370544 0.4587152600288391
1755 0.5121577382087708 0.4619901180267334
1756 0.5208498239517212 0.4603896737098694
1757 0.5063644647598267 0.4480777680873871
1758 0.503082275390625 0.44840550422668457
1759 0.506788969039917 0.47187280654907227
1760 0.5075171589851379 0.4719940721988678
1761 0.508090615272522 0.4722002446651459
1762 0.5131564736366272 0.4884283244609833
1763 0.5123754143714905 0.48584726452827454
1764 0.5105842351913452 0.4819548428058624
1765 0.5113439559936523 0.4837169647216797
1766 0.5106824040412903 0.48256999254226685
1767 0.5155000686645508 0.49634847044944763
1768 0.5121583938598633 0.48133790493011475
1769 0.5118345022201538 0.48101648688316345
1770 0.5133382081985474 0.4801023006439209
1771 0.5128587484359741 0.4797893166542053
1772 0.5085002183914185 0.47234734892845154
1773 0.6126441955566406 0.252106636762619
1774 0.5371314287185669 0.2521238625049591
1775 0.5125260353088379 0.2993318438529968
1776 0.5056953430175781 0.3203344941139221
1777 0.5271162986755371 0.469215452671051
1778 0.5336991548538208 0.5090904831886292
1779 0.515625 0.4645935297012329
1780 0.5265860557556152 0.3881429433822632
1781 0.5316840410232544 0.31248950958251953
1782 0.5636539459228516 0.2753659188747406
1783 0.6240084171295166 0.32438501715660095
1784 0.569628894329071 0.431648850440979
1785 0.534981906414032 0.4646584987640381
1786 0.5287457704544067 0.457073450088501
1787 0.545030415058136 0.3923964202404022
1788 0.5539569854736328 0.38859355449676514
1789 0.5681790709495544 0.3897852599620819
1790 0.5338924527168274 0.39538609981536865
1791 0.5543808341026306 0.4228632152080536
1792 0.5404296517372131 0.43875640630722046
1793 0.5338652729988098 0.4389616549015045
1794 0.5439685583114624 0.39807868003845215
1795 0.5493178963661194 0.3966553807258606
1796 0.5526888370513916 0.40178024768829346
1797 0.5360045433044434 0.4027116894721985
1798 0.5486050844192505 0.4192972183227539
1799 0.5393991470336914 0.43219780921936035
1800 0.5371178388595581 0.43103402853012085
1801 0.5363613367080688 0.4119674563407898
1802 0.5442346930503845 0.4083287715911865
1803 0.5484772324562073 0.40494561195373535
1804 0.5538028478622437 0.3986956477165222
1805 0.5632132291793823 0.38625621795654297
1806 0.5803506374359131 0.3482724130153656
1807 0.5843600034713745 0.2943136394023895
1808 0.583115816116333 0.2618277072906494
1809 0.5748428106307983 0.23564444482326508
1810 0.5151762366294861 0.4247373640537262
1811 0.5448822379112244 0.41786664724349976
1812 0.5469756126403809 0.4134424328804016
1813 0.552056610584259 0.41100171208381653
1814 0.5648097395896912 0.409898579120636
1815 0.5819876790046692 0.40558427572250366
1816 0.6083101630210876 0.3986356258392334
1817 0.616952657699585 0.39404022693634033
1818 0.6318332552909851 0.33955708146095276
1819 0.5205240249633789 0.39544549584388733
1820 0.5130810737609863 0.39251235127449036
1821 0.5053273439407349 0.3952324688434601
1822 0.5224894285202026 0.39575108885765076
1823 0.5255652666091919 0.39545467495918274
1824 0.5239864587783813 0.3923407793045044
1825 0.5155083537101746 0.3884998559951782
1826 0.5122672319412231 0.390907347202301
1827 0.5085247755050659 0.4723562002182007
1828 0.508273720741272 0.47226595878601074
1829 0.5604956150054932 0.54359370470047
1830 0.5538501739501953 0.5574851632118225
1831 0.5562489032745361 0.5539687871932983
1832 0.5458037853240967 0.5220143795013428
1833 0.5437061786651611 0.5293710827827454
1834 0.5578583478927612 0.5503415465354919
1835 0.5394833087921143 0.5446832180023193
1836 0.5399835109710693 0.5517973899841309
1837 0.5497673749923706 0.5568223595619202
1838 0.5545709729194641 0.5415024757385254
1839 0.5558432340621948 0.5422104001045227
1840 0.553473711013794 0.5233694911003113
1841 0.5514212846755981 0.5209922790527344
1842 0.5441051721572876 0.5532878041267395
1843 0.5378940105438232 0.5434343218803406
1844 0.5550149083137512 0.5260869860649109
1845 0.5376228094100952 0.5431118011474609
1846 0.5430608987808228 0.5413602590560913
1847 0.5407561659812927 0.5411860942840576
1848 0.5400967001914978 0.5410006046295166
1849 0.5585440397262573 0.5431221723556519
1850 0.56301349401474 0.5630629062652588
1851 0.5596498250961304 0.5513210296630859
1852 0.5474876165390015 0.5426220893859863
1853 0.5440459251403809 0.5426220893859863
1854 0.5600018501281738 0.5500527024269104
1855 0.5392152070999146 0.5441960692405701
1856 0.5426830053329468 0.5433424711227417
1857 0.5550540089607239 0.5566409230232239
1858 0.5548347234725952 0.5427258014678955
1859 0.5554741621017456 0.5427950620651245
1860 0.5579563975334167 0.5212653279304504
1861 0.5556824207305908 0.521037757396698
1862 0.5454626083374023 0.5426221489906311
1863 0.537838339805603 0.5431070327758789
1864 0.558010458946228 0.5247872471809387
1865 0.5375477075576782 0.5428836345672607
1866 0.5420942902565002 0.5420461297035217
1867 0.5401322841644287 0.5410833358764648
1868 0.5396156311035156 0.5409122705459595
1869 0.5591462254524231 0.5480882525444031
1870 0.560003399848938 0.5474525690078735
1871 0.5497457385063171 0.5426220893859863
1872 0.5695179104804993 0.5405828356742859
1873 0.5656309127807617 0.5417667031288147
1874 0.5582496523857117 0.543084979057312
1875 0.5064952969551086 0.5545358061790466
1876 0.5112568140029907 0.5549073815345764
1877 0.5209164619445801 0.5525671243667603
1878 0.5313076376914978 0.5455456972122192
1879 0.5347385406494141 0.5431450605392456
1880 0.5366522669792175 0.5422354936599731
1881 0.5369611978530884 0.5423806309700012
1882 0.5388317108154297 0.5408620238304138
1883 0.5397565960884094 0.5418639183044434
1884 0.5426450967788696 0.5426220893859863
1885 0.5470080971717834 0.5426220893859863
1886 0.5373882055282593 0.5427664518356323
1887 0.537294328212738 0.5424817800521851
1888 0.5375790596008301 0.5403869152069092
1889 0.5380978584289551 0.5405367612838745
1890 0.5386607050895691 0.5407242178916931
1891 0.5379652976989746 0.5404796004295349
1892 0.5385323166847229 0.5406292080879211
1893 0.5391761660575867 0.540800929069519
1894 0.5386472940444946 0.5407497882843018
1895 0.5390585660934448 0.5408098697662354
1896 0.5394347906112671 0.540958046913147
1897 0.5408046841621399 0.5419132709503174
1898 0.5430256128311157 0.5426220893859863
1899 0.5468673706054688 0.5426220893859863
1900 0.5509593486785889 0.5426220893859863
1901 0.5664560198783875 0.5269255638122559
1902 0.563054084777832 0.5327284336090088
1903 0.5563366413116455 0.5428429245948792
1904 0.5569242835044861 0.5429172515869141
1905 0.5589677095413208 0.5432239770889282
1906 0.5603401064872742 0.5463427901268005
1907 0.5609200596809387 0.5455617308616638
1908 0.5620397329330444 0.5448882579803467
1909 0.5638943910598755 0.5454931855201721
1910 0.5684981346130371 0.5523011088371277
1911 0.5509835481643677 0.5426220893859863
1912 0.5463730096817017 0.5426220893859863
1913 0.5422218441963196 0.5426220893859863
1914 0.5393638610839844 0.5430354475975037
1915 0.5377610921859741 0.5427018404006958
1916 0.537473738193512 0.5426406860351562
1917 0.5640295743942261 0.4563531279563904
1918 0.5604692101478577 0.46700140833854675
1919 0.5577573180198669 0.47590938210487366
1920 0.5538038015365601 0.4858405292034149
1921 0.5490097999572754 0.49507710337638855
1922 0.5449358224868774 0.5004684329032898
1923 0.5414999723434448 0.5053762793540955
1924 0.5384658575057983 0.5097259283065796
1925 0.5357444882392883 0.513716459274292
1926 0.5329217910766602 0.5175905823707581
1927 0.5303946137428284 0.5213938355445862
1928 0.5280190110206604 0.5247689485549927
1929 0.519354522228241 0.5452247858047485
1930 0.5198520421981812 0.5418931841850281
1931 0.5210310220718384 0.5385913252830505
1932 0.5254517197608948 0.5278580784797668
1933 0.5223615765571594 0.5315913558006287
1934 0.5345832109451294 0.5419339537620544
1935 0.5336304903030396 0.5422779321670532
1936 0.5304594039916992 0.5434301495552063
1937 0.5240460634231567 0.5470969676971436
1938 0.5346266031265259 0.5412384271621704
1939 0.5300198197364807 0.5423862338066101
1940 0.5335984826087952 0.5413452982902527
1941 0.5284270644187927 0.5302041172981262
1942 0.5268052816390991 0.5328643321990967
1943 0.5247165560722351 0.5376036167144775
1944 0.523992657661438 0.5406577587127686
1945 0.5501459240913391 0.5622196793556213
1946 0.5467755198478699 0.5619308948516846
1947 0.5434831380844116 0.5597531795501709
1948 0.5402292013168335 0.5586437582969666
1949 0.5377350449562073 0.5575815439224243
1950 0.5362162590026855 0.5550859570503235
1951 0.535401463508606 0.5515474677085876
1952 0.5346011519432068 0.5489405393600464
1953 0.533758819103241 0.5465614795684814
1954 0.5328844785690308 0.5444122552871704
1955 0.5322767496109009 0.5428512692451477
1956 0.5320863127708435 0.5417383909225464
1957 0.5320461392402649 0.5406091809272766
1958 0.5324391722679138 0.5393599271774292
1959 0.5331268906593323 0.5381768941879272
1960 0.5378190279006958 0.5326927900314331
1961 0.5397548079490662 0.5303956866264343
1962 0.5413743257522583 0.5288323760032654
1963 0.5429860949516296 0.5277678370475769
1964 0.5445810556411743 0.5256694555282593
1965 0.5466779470443726 0.5228726267814636
1966 0.5498656034469604 0.5210859179496765
1967 0.5519192814826965 0.5206611752510071
1968 0.5538554191589355 0.5211533308029175
1969 0.5560384392738342 0.5239275693893433
1970 0.5598067045211792 0.5308101177215576
1971 0.5636863708496094 0.5367394685745239
1972 0.5644391775131226 0.5447450280189514
1973 0.56196528673172 0.5498538017272949
1974 0.5592777132987976 0.5554375648498535
1975 0.554845929145813 0.5600941777229309
1976 0.5657316446304321 0.5417266488075256
1977 0.5376818776130676 0.5396455526351929
1978 0.5373390913009644 0.5390424728393555
1979 0.5359985828399658 0.5370234251022339
1980 0.5346255898475647 0.5357602834701538
1981 0.5333231687545776 0.534734308719635
1982 0.5385556221008301 0.539513349533081
1983 0.5347162485122681 0.5324469208717346
1984 0.5359309911727905 0.5343233346939087
1985 0.5370699167251587 0.5354840755462646
1986 0.5382637977600098 0.5381137132644653
1987 0.5312008857727051 0.5543676018714905
1988 0.5327001810073853 0.5577760934829712
1989 0.5300260782241821 0.551267683506012
1990 0.5288501977920532 0.5482781529426575
1991 0.5272068381309509 0.5454472303390503
1992 0.5279780030250549 0.5386604070663452
1993 0.5272051692008972 0.5410924553871155
1994 0.5268623232841492 0.5438719391822815
1995 0.5291444063186646 0.5364888310432434
1996 0.5307934880256653 0.532212495803833
1997 0.5342238545417786 0.5608059167861938
1998 0.5361310243606567 0.5634975433349609
1999 0.5391307473182678 0.564875066280365
2000 0.5429491996765137 0.5662419199943542
2001 0.5475762486457825 0.5671775937080383
2002 0.5523154735565186 0.5669554471969604
2003 0.5569310784339905 0.5639133453369141
2004 0.5608177185058594 0.5603405833244324
2005 0.5643910765647888 0.5548222661018372
2006 0.5675097703933716 0.5483987331390381
2007 0.5699576735496521 0.5422380566596985
2008 0.5615280866622925 0.5425384640693665
2009 0.5617198944091797 0.5424993634223938
2010 0.5605115294456482 0.542946457862854
2011 0.5626682043075562 0.5394900441169739
2012 0.5611387491226196 0.543454110622406
2013 0.5603741407394409 0.5433536767959595
2014 0.5612602233886719 0.543724000453949
2015 0.5621001720428467 0.5440737009048462
2016 0.5639057159423828 0.5424396991729736
2017 0.5631211996078491 0.5429105758666992
2018 0.4996630847454071 0.32332950830459595
2019 0.5100200176239014 0.3225324749946594
2020 0.5218218564987183 0.32116714119911194
2021 0.5365246534347534 0.3256095051765442
2022 0.5498488545417786 0.3308694064617157
2023 0.5603288412094116 0.34360578656196594
2024 0.569547176361084 0.3621310293674469
2025 0.5742846727371216 0.3795684278011322
2026 0.5736486911773682 0.4008031487464905
2027 0.5729435086250305 0.4160057604312897
2028 0.5707526206970215 0.4305247366428375
2029 0.5678104162216187 0.4436644911766052
2030 0.5739907026290894 0.5414143800735474
2031 0.5762575268745422 0.5409917831420898
2032 0.5795643925666809 0.5405255556106567
2033 0.5840252637863159 0.5397129654884338
2034 0.5887836217880249 0.53910893201828
2035 0.5942108631134033 0.5382223725318909
2036 0.6010529398918152 0.5381927490234375
2037 0.6099661588668823 0.5397833585739136
2038 0.5353500247001648 0.5411206483840942
2039 0.5351816415786743 0.5418626666069031
2040 0.5380532145500183 0.5404505133628845
2041 0.5385841131210327 0.5405471324920654
2042 0.5361146330833435 0.541242778301239
2043 0.5360934734344482 0.5416491031646729
2044 0.49960899353027344 0.4920176565647125
2045 0.501497745513916 0.49263495206832886
2046 0.5029990077018738 0.49355873465538025
2047 0.5046680569648743 0.4944005310535431
2048 0.5073720216751099 0.49509409070014954
2049 0.510014533996582 0.4955209493637085
2050 0.5123648643493652 0.49441754817962646
2051 0.5140663981437683 0.49366557598114014
2052 0.5167450904846191 0.49324408173561096
2053 0.5188491940498352 0.4917513132095337
2054 0.5204395055770874 0.4892303943634033
2055 0.5214818716049194 0.4864014983177185
2056 0.5216037034988403 0.48259973526000977
2057 0.5214431285858154 0.4796476364135742
2058 0.5208920240402222 0.4750581979751587
2059 0.520437479019165 0.46913379430770874
2060 0.5208925604820251 0.46172627806663513
2061 0.5219907164573669 0.45430994033813477
2062 0.5239526033401489 0.44715720415115356
2063 0.526060938835144 0.44010311365127563
2064 0.5278028845787048 0.43367308378219604
2065 0.5290585160255432 0.4282718896865845
2066 0.528988242149353 0.4212180972099304
2067 0.5286980271339417 0.4145098924636841
2068 0.5268113017082214 0.4076499938964844
2069 0.5242211818695068 0.4033157229423523
2070 0.5205584764480591 0.39899539947509766
2071 0.5167521238327026 0.3950236141681671
2072 0.5120985507965088 0.39329373836517334
2073 0.508059561252594 0.3925188183784485
2074 0.5052354335784912 0.3922881484031677
2075 0.501995325088501 0.3920363783836365
2076 0.49962708353996277 0.3926948010921478
2077 0.5142290592193604 0.45675766468048096
2078 0.5104377865791321 0.4573373794555664
2079 0.5068638920783997 0.4575890302658081
2080 0.5034780502319336 0.45794156193733215
2081 0.49996790289878845 0.45773014426231384
2082 0.5142727494239807 0.46186476945877075
2083 0.5106069445610046 0.46097978949546814
2084 0.5069357752799988 0.46081075072288513
2085 0.5034846663475037 0.4609329104423523
2086 0.5000790953636169 0.4610109329223633
2087 0.5398241877555847 0.5407164692878723
2088 0.54142165184021 0.5406232476234436
2089 0.5435869097709656 0.5383439064025879
2090 0.5449371337890625 0.5383057594299316
2091 0.5466641783714294 0.5396339893341064
2092 0.5490143299102783 0.5396361351013184
2093 0.5506470799446106 0.5376183986663818
2094 0.5516063570976257 0.5403021574020386
2095 0.553878664970398 0.5403614044189453
2096 0.5561044812202454 0.5406932234764099
2097 0.5584309101104736 0.5418187975883484
2098 0.5606734752655029 0.5428086519241333
2099 0.5620115995407104 0.5438177585601807
2100 0.5608043670654297 0.5453401803970337
2101 0.5593763589859009 0.5458598136901855
2102 0.5568903088569641 0.5466625094413757
2103 0.552452802658081 0.5475422739982605
2104 0.5479224920272827 0.5480188131332397
2105 0.5462636351585388 0.5480534434318542
2106 0.5444803237915039 0.5479010343551636
2107 0.5419468283653259 0.5474244952201843
2108 0.5401713252067566 0.5460212826728821
2109 0.5387596487998962 0.5451278686523438
2110 0.5374554395675659 0.5445013046264648
2111 0.5366767048835754 0.5437808036804199
2112 0.5364090204238892 0.5428671836853027
2113 0.5360032320022583 0.5425477623939514
2114 0.5357503294944763 0.5417190790176392
2115 0.5357996225357056 0.5410528779029846
2116 0.5362821817398071 0.5407183766365051
2117 0.5368120670318604 0.5404552221298218
2118 0.5373674631118774 0.5402804613113403
2119 0.5378490686416626 0.5403612852096558
2120 0.5386047959327698 0.5404877662658691
2121 0.7570618391036987 0.963239312171936
2122 0.7975862622261047 0.9478417038917542
2123 0.9667395949363708 0.025049686431884766
2124 0.9667395949363708 0.025049686431884766
2125 0.04958055540919304 0.3865940272808075
2126 0.9481172561645508 0.3354516625404358
2127 0.9466167688369751 0.28795939683914185
2128 0.0852871686220169 0.7639720439910889
2129 0.04806540906429291 0.5662792921066284
2130 0.046409159898757935 0.47043338418006897
2131 0.05361902341246605 0.6168688535690308
2132 0.0718228667974472 0.7156355977058411
2133 0.04261139780282974 0.09699875116348267
2134 0.046477559953927994 0.14223234355449677
2135 0.03793741762638092 0.06232623755931854
2136 0.9467030763626099 0.23731780052185059
2137 0.03413949906826019 0.030046015977859497
2138 0.9667395949363708 0.025049686431884766
2139 0.9667395949363708 0.025049686431884766
2140 0.05008464679121971 0.18624530732631683
2141 0.13143213093280792 0.8707849383354187
2142 0.11484980583190918 0.8368943333625793
2143 0.16227343678474426 0.9080868363380432
2144 0.09929363429546356 0.8034365773200989
2145 0.04641330987215042 0.5159589052200317
2146 0.9667395949363708 0.025049686431884766
2147 0.9667395949363708 0.025049686431884766
2148 0.9667395949363708 0.025049686431884766
2149 0.06031792610883713 0.6676844358444214
2150 0.04810513183474541 0.42797380685806274
2151 0.5698981285095215 0.8943343758583069
2152 0.712785542011261 0.9716006517410278
2153 0.4995383024215698 0.06790080666542053
2154 0.4995986223220825 0.11135795712471008
2155 0.4994560182094574 0.025049686431884766
2156 0.4994560182094574 0.025049686431884766
2157 0.4994560182094574 0.025049686431884766
2158 0.4994560182094574 0.025049686431884766
2159 0.49946194887161255 0.02813953533768654
2160 0.662921667098999 0.9642954468727112
2161 0.6141139268875122 0.9349551796913147
2162 0.4994560182094574 0.025049686431884766
2163 0.4994560182094574 0.025049686431884766
2164 0.7269502282142639 0.025049686431884766
2165 0.7302515506744385 0.025049686431884766
2166 0.7539508938789368 0.025049686431884766
2167 0.7507121562957764 0.025049686431884766
2168 0.7526016235351562 0.28599274158477783
2169 0.7453790307044983 0.23731906712055206
2170 0.7667431831359863 0.23788751661777496
2171 0.7732435464859009 0.28775855898857117
2172 0.7593367099761963 0.338774174451828
2173 0.7757695317268372 0.3413641154766083
2174 0.7902767658233643 0.5536679029464722
2175 0.7847110629081726 0.5854157209396362
2176 0.7706598043441772 0.5745309591293335
2177 0.7769374847412109 0.5458406209945679
2178 0.7292777299880981 0.1353417932987213
2179 0.7225777506828308 0.08735887706279755
2180 0.7500047087669373 0.09465757757425308
2181 0.7584007978439331 0.14011959731578827
2182 0.7175852060317993 0.025049686431884766
2183 0.7175852060317993 0.025049686431884766
2184 0.7450600862503052 0.025049686431884766
2185 0.7446710467338562 0.025049686431884766
2186 0.7197703719139099 0.035436615347862244
2187 0.745476245880127 0.05541720241308212
2188 0.7380614280700684 0.18276970088481903
2189 0.7644173502922058 0.18692119419574738
2190 0.7511007189750671 0.923072338104248
2191 0.7895957231521606 0.9070997834205627
2192 0.7475569248199463 0.025049686431884766
2193 0.7215360403060913 0.025049686431884766
2194 0.7292158007621765 0.7247231602668762
2195 0.730362057685852 0.7048417329788208
2196 0.7405581474304199 0.7053984999656677
2197 0.7426528930664062 0.7163125276565552
2198 0.7467007040977478 0.691254198551178
2199 0.7356953620910645 0.6838114857673645
2200 0.7326067686080933 0.767218828201294
2201 0.7301443219184875 0.7452670335769653
2202 0.748598575592041 0.7361667156219482
2203 0.7548086643218994 0.7580826878547668
2204 0.7767037153244019 0.616150438785553
2205 0.7670458555221558 0.6452062129974365
2206 0.7535594701766968 0.6368352174758911
2207 0.7615171074867249 0.6042374968528748
2208 0.756603479385376 0.6719410419464111
2209 0.7441267967224121 0.6645195484161377
2210 0.7813671827316284 0.8664876818656921
2211 0.748700737953186 0.881549060344696
2212 0.7606682777404785 0.7823388576507568
2213 0.735243558883667 0.7908911108970642
2214 0.7443842887878418 0.8503086566925049
2215 0.7734287977218628 0.8369523286819458
2216 0.7401862740516663 0.819701611995697
2217 0.7664921283721924 0.8059037923812866
2218 0.7810952663421631 0.5146622061729431
2219 0.7949219942092896 0.5208873748779297
2220 0.7818551659584045 0.4527803361415863
2221 0.7775285243988037 0.42153799533843994
2222 0.7921419143676758 0.4233832359313965
2223 0.7959376573562622 0.4554404318332672
2224 0.7970436811447144 0.4875561594963074
2225 0.7828598022460938 0.4832767844200134
2226 0.7503645420074463 0.025049686431884766
2227 0.74974125623703 0.025049686431884766
2228 0.7723760604858398 0.025049686431884766
2229 0.7715696096420288 0.025049686431884766
2230 0.7569434642791748 0.025049686431884766
2231 0.7346600890159607 0.025049686431884766
2232 0.7603546380996704 0.025049686431884766
2233 0.7390334010124207 0.025049686431884766
2234 0.7441072463989258 0.025049686431884766
2235 0.7642964124679565 0.025049686431884766
2236 0.7685657739639282 0.025049686431884766
2237 0.7487039566040039 0.025049686431884766
2238 0.7692431211471558 0.3851141631603241
2239 0.7863695025444031 0.38270804286003113
2240 0.7784265875816345 0.025049686431884766
2241 0.7883399128913879 0.025049688294529915
2242 0.7871894836425781 0.025049686431884766
2243 0.8592727780342102 0.025049688294529915
2244 0.9086134433746338 0.025049686431884766
2245 0.8355466723442078 0.025049686431884766
2246 0.7802008390426636 0.025049686431884766
2247 0.7871894836425781 0.025049686431884766
2248 0.7871894836425781 0.025049686431884766
2249 0.7954244613647461 0.025049686431884766
2250 0.8178983926773071 0.025049686431884766
2251 0.8497088551521301 0.025049686431884766
2252 0.8590686321258545 0.025049686431884766
2253 0.9086134433746338 0.025049686431884766
2254 0.8083391785621643 0.5274779200553894
2255 0.8122336268424988 0.4584168791770935
2256 0.8001276254653931 0.2906308174133301
2257 0.7947784066200256 0.24145062267780304
2258 0.8031309843063354 0.33927032351493835
2259 0.7927550077438354 0.6278185248374939
2260 0.8048768639564514 0.5617787837982178
2261 0.8772387504577637 0.24437692761421204
2262 0.8774304389953613 0.2981368899345398
2263 0.9256020784378052 0.2946160137653351
2264 0.9266358613967896 0.24433912336826324
2265 0.8298481106758118 0.4635672867298126
2266 0.8263231515884399 0.5358682870864868
2267 0.8064258694648743 0.3827359974384308
2268 0.8290898203849792 0.38578251004219055
2269 0.8291975855827332 0.3394739031791687
2270 0.8239942789077759 0.24305319786071777
2271 0.8275091648101807 0.29242703318595886
2272 0.8214893341064453 0.5714066028594971
2273 0.875835657119751 0.3928949236869812
2274 0.8758004307746887 0.47258514165878296
2275 0.9295963048934937 0.47458189725875854
2276 0.926638126373291 0.39312538504600525
2277 0.8760130405426025 0.34461188316345215
2278 0.8718280792236328 0.5503166913986206
2279 0.866584300994873 0.590735673904419
2280 0.9207080602645874 0.6132068037986755
2281 0.9072695970535278 0.6947147846221924
2282 0.8100426197052002 0.6406500935554504
2283 0.8564466238021851 0.6661458015441895
2284 0.9261921644210815 0.3415831923484802
2285 0.9267106056213379 0.5645828247070312
2286 0.8749176859855652 0.15269315242767334
2287 0.928961992263794 0.14489862322807312
2288 0.9313359260559082 0.10339264571666718
2289 0.8417966365814209 0.10955411195755005
2290 0.7852198481559753 0.14521454274654388
2291 0.8160120248794556 0.14983317255973816
2292 0.8122870326042175 0.10520625114440918
2293 0.7794082164764404 0.10178632289171219
2294 0.7748706340789795 0.025049686431884766
2295 0.7871894836425781 0.025049686431884766
2296 0.7871894836425781 0.025049686431884766
2297 0.776559591293335 0.025049686431884766
2298 0.8081642389297485 0.025049686431884766
2299 0.8241608142852783 0.025049686431884766
2300 0.7735918760299683 0.02931702882051468
2301 0.7985517978668213 0.03344987332820892
2302 0.8352363705635071 0.03266538307070732
2303 0.8075128793716431 0.06836934387683868
2304 0.8410146236419678 0.07131631672382355
2305 0.775038480758667 0.06496787816286087
2306 0.9321191310882568 0.0692417249083519
2307 0.8763550519943237 0.19467321038246155
2308 0.925581693649292 0.18836922943592072
2309 0.8201295137405396 0.19470927119255066
2310 0.7904962301254272 0.1911601722240448
2311 0.9342528581619263 0.029860027134418488
2312 0.9010393619537354 0.029169507324695587
2313 0.8632827997207642 0.029402490705251694
2314 0.8974854350090027 0.025049686431884766
2315 0.7828806042671204 0.6582857966423035
2316 0.7990209460258484 0.6740015149116516
2317 0.894711971282959 0.7424523830413818
2318 0.8473063707351685 0.7073018550872803
2319 0.8510677814483643 0.8460409045219421
2320 0.8220644593238831 0.8804956674575806
2321 0.7997786998748779 0.8185793161392212
2322 0.7567402124404907 0.7026312947273254
2323 0.770609974861145 0.685163140296936
2324 0.7748180627822876 0.7425993084907532
2325 0.9086134433746338 0.025049686431884766
2326 0.8518843054771423 0.025049686431884766
2327 0.8703680038452148 0.025049686431884766
2328 0.8497088551521301 0.025049686431884766
2329 0.7667206525802612 0.7216870188713074
2330 0.8668153882026672 0.8161149024963379
2331 0.8969153165817261 0.2433217316865921
2332 0.899116039276123 0.2994197607040405
2333 0.8997499942779541 0.39455312490463257
2334 0.9013024568557739 0.47488653659820557
2335 0.8982561230659485 0.5562677383422852
2336 0.8996478915214539 0.3441431224346161
2337 0.8934916257858276 0.5981162786483765
2338 0.8799127340316772 0.6803265810012817
2339 0.8993473649024963 0.11024771630764008
2340 0.8995184898376465 0.1510765552520752
2341 0.9034106135368347 0.07104910910129547
2342 0.8985567688941956 0.19240695238113403
2343 0.8103736639022827 0.8446085453033447
2344 0.871175229549408 0.7189968228340149
2345 0.8338428735733032 0.8171032667160034
2346 0.8476132750511169 0.7895198464393616
2347 0.872722327709198 0.11136224865913391
2348 0.8679766058921814 0.07273527979850769
2349 0.8522127270698547 0.2963384985923767
2350 0.8513509631156921 0.24507734179496765
2351 0.8515732884407043 0.3421287536621094
2352 0.8503944277763367 0.3903292417526245
2353 0.8510255217552185 0.4679422080516815
2354 0.8472374677658081 0.5420082807540894
2355 0.8430231809616089 0.579052209854126
2356 0.8306247591972351 0.6553102135658264
2357 0.8192829489707947 0.6990671753883362
2358 0.8459475040435791 0.1524869203567505
2359 0.848675012588501 0.19607390463352203
2360 0.7838270664215088 0.7666040658950806
2361 0.791702389717102 0.7932467460632324
2362 0.8200740814208984 0.7955074310302734
2363 0.8101955652236938 0.7746992111206055
2364 0.8322051763534546 0.7718629837036133
2365 0.8212213516235352 0.7627285718917847
2366 0.7839598059654236 0.7015730142593384
2367 0.794511616230011 0.7227126359939575
2368 0.8816585540771484 0.7823134660720825
2369 0.8598835468292236 0.7599131464958191
2370 0.8402376174926758 0.7434237003326416
2371 0.8210191130638123 0.7406396269798279
2372 0.802987813949585 0.750133752822876
2373 0.8111410140991211 0.4923000633716583
2374 0.8732578754425049 0.5117976069450378
2375 0.849783182144165 0.503991961479187
2376 0.8278758525848389 0.49928757548332214
2377 0.9277539849281311 0.5205082893371582
2378 0.899374783039093 0.515562117099762
2379 0.8386533260345459 0.025049686431884766
2380 0.8497088551521301 0.025049686431884766
2381 0.8497088551521301 0.025049686431884766
2382 0.8375893831253052 0.025049686431884766
2383 0.8623728156089783 0.025049686431884766
2384 0.8625177145004272 0.025049686431884766
2385 0.8995010256767273 0.025049686431884766
2386 0.8992557525634766 0.025049686431884766
2387 0.9086134433746338 0.025049686431884766
2388 0.9086134433746338 0.025049686431884766
2389 0.9372159242630005 0.025049686431884766
2390 0.9380671977996826 0.025049686431884766
2391 0.80902498960495 0.025049686431884766
2392 0.7871894836425781 0.025049686431884766
2393 0.7871894836425781 0.025049686431884766
2394 0.8106199502944946 0.025049686431884766
2395 0.7871894836425781 0.025049686431884766
2396 0.7871894836425781 0.025049686431884766
2397 0.7871894836425781 0.025049686431884766
2398 0.7871894836425781 0.025049686431884766
2399 0.7871894836425781 0.025049686431884766
2400 0.7871894836425781 0.025049686431884766
2401 0.7871894836425781 0.025049686431884766
2402 0.7871894836425781 0.025049686431884766
2403 0.7871894836425781 0.025049686431884766
2404 0.7871894836425781 0.025049686431884766
2405 0.7871894836425781 0.025049686431884766
2406 0.7871894836425781 0.025049686431884766
2407 0.7871894836425781 0.025049686431884766
2408 0.7871894836425781 0.025049686431884766
2409 0.8315531611442566 0.025049686431884766
2410 0.8497088551521301 0.025049686431884766
2411 0.8614605665206909 0.025049686431884766
2412 0.8987963795661926 0.025049686431884766
2413 0.9086134433746338 0.025049686431884766
2414 0.9395946264266968 0.025049686431884766
2415 0.7871894836425781 0.025049686431884766
2416 0.7871894836425781 0.025049686431884766
2417 0.7827862501144409 0.025049686431884766
2418 0.8019041419029236 0.025049686431884766
2419 0.7875182032585144 0.025049688294529915
2420 0.7871894836425781 0.025049686431884766
2421 0.7871894836425781 0.025049686431884766
2422 0.7871894836425781 0.025049686431884766
2423 0.7858631014823914 0.025049686431884766
2424 0.7871894836425781 0.025049686431884766
2425 0.7871894836425781 0.025049686431884766
2426 0.7871894836425781 0.025049686431884766
2427 0.7871894836425781 0.025049686431884766
2428 0.7871894836425781 0.025049686431884766
2429 0.7871894836425781 0.025049686431884766
2430 0.7871894836425781 0.025049686431884766
2431 0.7871894836425781 0.025049686431884766
2432 0.7871894836425781 0.025049686431884766
2433 0.7871894836425781 0.025049686431884766
2434 0.7871894836425781 0.025049686431884766
2435 0.7871894836425781 0.025049686431884766
2436 0.7871894836425781 0.025049686431884766
2437 0.7871894836425781 0.025049686431884766
2438 0.7871894836425781 0.025049686431884766
2439 0.9155149459838867 0.6570518016815186
2440 0.8880065679550171 0.6400870084762573
2441 0.8625688552856445 0.6296554803848267
2442 0.8374906778335571 0.6175152063369751
2443 0.8172695636749268 0.607090175151825
2444 0.7999429702758789 0.5960941910743713
2445 0.8088793158531189 0.4219987690448761
2446 0.8280532360076904 0.4267069399356842
2447 0.8509743213653564 0.42905932664871216
2448 0.8741246461868286 0.434054434299469
2449 0.9004819989204407 0.43420660495758057
2450 0.9269013404846191 0.43467092514038086
2451 0.7050107717514038 0.025049686431884766
2452 0.6732794046401978 0.025049686431884766
2453 0.6414452791213989 0.025049686431884766
2454 0.652859091758728 0.025049686431884766
2455 0.6679088473320007 0.025049686431884766
2456 0.68647301197052 0.025049686431884766
2457 0.704005777835846 0.025049686431884766
2458 0.7175852060317993 0.025049686431884766
2459 0.6401330232620239 0.22404322028160095
2460 0.6663993000984192 0.2666512727737427
2461 0.7695428729057312 0.4518077075481415
2462 0.7688449621200562 0.5087137222290039
2463 0.5999738574028015 0.16341392695903778
2464 0.5534814596176147 0.13025948405265808
2465 0.7107475996017456 0.17838351428508759
2466 0.7193565368652344 0.23511719703674316
2467 0.6615198254585266 0.17042911052703857
2468 0.6790782809257507 0.2239609658718109
2469 0.6978381872177124 0.0763908177614212
2470 0.707068920135498 0.13027599453926086
2471 0.6377142667770386 0.0624980553984642
2472 0.5804968476295471 0.044223934412002563
2473 0.5903450846672058 0.09829950332641602
2474 0.6466954350471497 0.11937108635902405
2475 0.546377420425415 0.03482002392411232
2476 0.5520269870758057 0.07966707646846771
2477 0.5341616868972778 0.06333880871534348
2478 0.5268852114677429 0.025049686431884766
2479 0.6598972678184509 0.025049686431884766
2480 0.6749824285507202 0.025049686431884766
2481 0.6150960922241211 0.025049686431884766
2482 0.6249076724052429 0.025049686431884766
2483 0.689064621925354 0.025049686431884766
2484 0.5713364481925964 0.025049686431884766
2485 0.541159451007843 0.025049686431884766
2486 0.5206363201141357 0.025049686431884766
2487 0.529954195022583 0.11054429411888123
2488 0.5623475313186646 0.025049686431884766
2489 0.5156271457672119 0.025049686431884766
2490 0.537739634513855 0.025049686431884766
2491 0.6004942059516907 0.025049686431884766
2492 0.5352290868759155 0.025049686431884766
2493 0.5474656820297241 0.025049686431884766
2494 0.5122497081756592 0.025049686431884766
2495 0.7540858387947083 0.39044809341430664
2496 0.7382521033287048 0.34761473536491394
2497 0.7118995785713196 0.7255331873893738
2498 0.7094311714172363 0.7715858221054077
2499 0.6928613185882568 0.7215790152549744
2500 0.684302806854248 0.7659730911254883
2501 0.7091837525367737 0.7940545678138733
2502 0.6821662187576294 0.7905637621879578
2503 0.7109687328338623 0.9300123453140259
2504 0.6668124198913574 0.9242483973503113
2505 0.7092423439025879 0.8531643152236938
2506 0.7117824554443359 0.889310359954834
2507 0.6745466589927673 0.8489817976951599
2508 0.6719620227813721 0.8849057555198669
2509 0.7148888111114502 0.7010727524757385
2510 0.6999180316925049 0.7000255584716797
2511 0.7071946263313293 0.6777574419975281
2512 0.7215871810913086 0.6797716021537781
2513 0.7279823422431946 0.656247615814209
2514 0.7150141000747681 0.6540462970733643
2515 0.6897914409637451 0.2668204605579376
2516 0.7292518615722656 0.2828795611858368
2517 0.7360703349113464 0.6276841163635254
2518 0.7643692493438721 0.5352638959884644
2519 0.7442183494567871 0.5926500558853149
2520 0.698955774307251 0.6470913290977478
2521 0.6916658282279968 0.6736893653869629
2522 0.6827677488327026 0.6918039321899414
2523 0.6754134297370911 0.716320276260376
2524 0.6615870594978333 0.7597347497940063
2525 0.6550307869911194 0.7801651954650879
2526 0.638983964920044 0.8297109603881836
2527 0.6322330236434937 0.8636124134063721
2528 0.6205136775970459 0.8962109088897705
2529 0.7209762930870056 0.6247848272323608
2530 0.6714578866958618 0.3227923512458801
2531 0.6988477110862732 0.317249596118927
2532 0.6832420229911804 0.025049686431884766
2533 0.5819905400276184 0.8615275621414185
2534 0.5960491895675659 0.8332805633544922
2535 0.6767297387123108 0.6663616299629211
2536 0.6675271987915039 0.6862863898277283
2537 0.6859426498413086 0.6434053182601929
2538 0.7073733806610107 0.6243884563446045
2539 0.6941483020782471 0.6210321187973022
2540 0.725767970085144 0.5997571349143982
2541 0.7124679684638977 0.6020752191543579
2542 0.7006975412368774 0.6000076532363892
2543 0.6088716983795166 0.8066993951797485
2544 0.6310139894485474 0.7639678716659546
2545 0.6573911905288696 0.7057639956474304
2546 0.6395269632339478 0.7441407442092896
2547 0.510524570941925 0.025049686431884766
2548 0.5396102070808411 0.025049686431884766
2549 0.5343838334083557 0.025049686431884766
2550 0.5858148336410522 0.025049686431884766
2551 0.6414452791213989 0.025049686431884766
2552 0.6414452791213989 0.025049686431884766
2553 0.5790913701057434 0.025049686431884766
2554 0.6314641833305359 0.025049686431884766
2555 0.5396102070808411 0.025049686431884766
2556 0.5343342423439026 0.025049686431884766
2557 0.509430468082428 0.025049686431884766
2558 0.5396102070808411 0.025049686431884766
2559 0.5357332825660706 0.025049686431884766
2560 0.5091032385826111 0.025049686431884766
2561 0.57227623462677 0.025049686431884766
2562 0.6414452791213989 0.025049686431884766
2563 0.6414452791213989 0.025049686431884766
2564 0.6247231960296631 0.025049686431884766
2565 0.7108296155929565 0.748525857925415
2566 0.689848780632019 0.7447934150695801
2567 0.6691970229148865 0.7379403114318848
2568 0.6494227647781372 0.7265973091125488
2569 0.7089042067527771 0.8221859931945801
2570 0.6776590347290039 0.8181357383728027
2571 0.6475695967674255 0.805767834186554
2572 0.6195467710494995 0.7840945720672607
2573 0.7158569097518921 0.5819510221481323
2574 0.7059292793273926 0.5830591917037964
2575 0.7570205330848694 0.5014778971672058
2576 0.7505666017532349 0.5251192450523376
2577 0.736863374710083 0.566500186920166
2578 0.7262899875640869 0.5771194696426392
2579 0.771134614944458 0.47976386547088623
2580 0.7430830001831055 0.40176087617874146
2581 0.757500410079956 0.4506588578224182
2582 0.7015583515167236 0.35323283076286316
2583 0.6827460527420044 0.351112425327301
2584 0.7175852060317993 0.025049686431884766
2585 0.7017694711685181 0.025049686431884766
2586 0.7175852060317993 0.025049686431884766
2587 0.7175852060317993 0.025049686431884766
2588 0.7175852060317993 0.025049686431884766
2589 0.7210406064987183 0.025049684569239616
2590 0.7337304353713989 0.025049686431884766
2591 0.7304864525794983 0.025049686431884766
2592 0.7175852060317993 0.025049686431884766
2593 0.7175852060317993 0.025049686431884766
2594 0.7199806571006775 0.025049686431884766
2595 0.7296828627586365 0.025049686431884766
2596 0.7365362644195557 0.025049686431884766
2597 0.7568523287773132 0.5636067390441895
2598 0.7457297444343567 0.5474622249603271
2599 0.7588306665420532 0.4761682450771332
2600 0.7518492937088013 0.4265745282173157
2601 0.7639206647872925 0.4238628149032593
2602 0.7286908626556396 0.38056886196136475
2603 0.5946685075759888 0.025049686431884766
2604 0.6011759638786316 0.025049684569239616
2605 0.6104224324226379 0.025049686431884766
2606 0.6306123733520508 0.025049686431884766
2607 0.6414452791213989 0.025049686431884766
2608 0.6489132046699524 0.025049686431884766
2609 0.6608531475067139 0.07049904018640518
2610 0.676052451133728 0.12566794455051422
2611 0.6895771622657776 0.1749894917011261
2612 0.6966540217399597 0.22695621848106384
2613 0.7072254419326782 0.27462688088417053
2614 0.7140538096427917 0.3282198905944824
2615 0.7156911492347717 0.3627103269100189
2616 0.6913466453552246 0.3501959443092346
2617 0.6867988109588623 0.30386650562286377
2618 0.6779500246047974 0.26605695486068726
2619 0.6561281085014343 0.2212623804807663
2620 0.6385588645935059 0.16656494140625
2621 0.6210443377494812 0.11294200271368027
2622 0.6089867353439331 0.05457518622279167
2623 0.597781240940094 0.025049686431884766
2624 0.5901014804840088 0.025049686431884766
2625 0.5742462873458862 0.025049686431884766
2626 0.5570187568664551 0.025049686431884766
2627 0.5442349910736084 0.025049686431884766
2628 0.5396102070808411 0.025049686431884766
2629 0.9406209588050842 0.025049686431884766
2630 0.9402604699134827 0.025049686431884766
2631 0.937462329864502 0.025049686431884766
2632 0.9337778687477112 0.025049686431884766
2633 0.8950724601745605 0.025049686431884766
2634 0.8957141041755676 0.025049686431884766
2635 0.8973567485809326 0.025049686431884766
2636 0.25299006700515747 0.45024770498275757
2637 0.25213706493377686 0.46277904510498047
2638 0.25677451491355896 0.437433123588562
2639 0.2500382363796234 0.47791922092437744
2640 0.249791219830513 0.49005126953125
2641 0.25187948346138 0.5071278810501099
2642 0.2596876323223114 0.5213322639465332
2643 0.2652343213558197 0.5270998477935791
2644 0.2667507529258728 0.5262856483459473
2645 0.266264945268631 0.41983431577682495
2646 0.26087239384651184 0.4275243878364563
2647 0.2726186513900757 0.41442686319351196
2648 0.27899330854415894 0.427532434463501
2649 0.36189091205596924 0.3559488356113434
2650 0.3801591396331787 0.34371280670166016
2651 0.3829652667045593 0.37050092220306396
2652 0.36670419573783875 0.37980255484580994
2653 0.357946515083313 0.3228822946548462
2654 0.3958059847354889 0.3047367036342621
2655 0.40350574254989624 0.6257603168487549
2656 0.39278939366340637 0.6141669750213623
2657 0.400782972574234 0.6060167551040649
2658 0.41072216629981995 0.6164382696151733
2659 0.3960912227630615 0.6361005306243896
2660 0.38394176959991455 0.6231667995452881
2661 0.38312387466430664 0.601976752281189
2662 0.39203110337257385 0.5938765406608582
2663 0.37369686365127563 0.6097576022148132
2664 0.3852251172065735 0.3945314288139343
2665 0.3710637092590332 0.4035312533378601
2666 0.40650486946105957 0.6007753610610962
2667 0.41605859994888306 0.6105421781539917
2668 0.399847149848938 0.5879439115524292
2669 0.3926452696323395 0.57423996925354
2670 0.3857208788394928 0.5603034496307373
2671 0.49193960428237915 0.6308224201202393
2672 0.4902878403663635 0.674965500831604
2673 0.49174976348876953 0.6581639051437378
2674 0.3851257264614105 0.45034584403038025
2675 0.3967115879058838 0.4385104775428772
2676 0.390153169631958 0.4171496033668518
2677 0.37738481163978577 0.42723771929740906
2678 0.48175495862960815 0.6582387685775757
2679 0.48358064889907837 0.6441727876663208
2680 0.49215570092201233 0.6431751251220703
2681 0.38370949029922485 0.5795025825500488
2682 0.37382936477661133 0.585839033126831
2683 0.36355680227279663 0.5934957265853882
2684 0.47918036580085754 0.6746038198471069
2685 0.48426225781440735 0.6316247582435608
2686 0.4833262264728546 0.7293878793716431
2687 0.4865063726902008 0.6963503956794739
2688 0.4745030701160431 0.6956808567047119
2689 0.3866764307022095 0.6463075876235962
2690 0.37452369928359985 0.6327577829360962
2691 0.36378926038742065 0.6176072359085083
2692 0.3167634606361389 0.46150222420692444
2693 0.3142509460449219 0.4465895891189575
2694 0.3243483304977417 0.43822500109672546
2695 0.33008265495300293 0.4567220211029053
2696 0.4582359194755554 0.27475208044052124
2697 0.4341679811477661 0.28343963623046875
2698 0.4771851897239685 0.28706133365631104
2699 0.3708454668521881 0.4672475755214691
2700 0.36240196228027344 0.4399870038032532
2701 0.3502960205078125 0.47221747040748596
2702 0.34525343775749207 0.4493231475353241
2703 0.37602537870407104 0.5646692514419556
2704 0.3653327524662018 0.5701262950897217
2705 0.35432496666908264 0.5763119459152222
2706 0.35342633724212646 0.6003997325897217
2707 0.34360361099243164 0.5832095742225647
2708 0.2799447476863861 0.40339288115501404
2709 0.46671345829963684 0.72355717420578
2710 0.3632137179374695 0.6424487233161926
2711 0.35242336988449097 0.6266167163848877
2712 0.34260639548301697 0.348077654838562
2713 0.3471035361289978 0.36897772550582886
2714 0.27415359020233154 0.5280634760856628
2715 0.42690402269363403 0.6179444193840027
2716 0.4215269088745117 0.6260281801223755
2717 0.3754550814628601 0.658258318901062
2718 0.41523322463035583 0.6362113952636719
2719 0.43607598543167114 0.6229700446128845
2720 0.4324673116207123 0.6325305700302124
2721 0.44624587893486023 0.6266533732414246
2722 0.4425629675388336 0.637515664100647
2723 0.42656490206718445 0.6431530714035034
2724 0.43807703256607056 0.6497991681098938
2725 0.4639713168144226 0.6424282193183899
2726 0.4740961790084839 0.6434193253517151
2727 0.47189462184906006 0.6573987007141113
2728 0.4610130488872528 0.6557285189628601
2729 0.46855705976486206 0.6733114719390869
2730 0.45635321736335754 0.6705677509307861
2731 0.4658854305744171 0.6303750872612
2732 0.4755259156227112 0.6310940384864807
2733 0.44924044609069824 0.6535409688949585
2734 0.4440983831882477 0.667757511138916
2735 0.43269485235214233 0.6620998382568359
2736 0.4533124268054962 0.6407187581062317
2737 0.4564867913722992 0.629193127155304
2738 0.375113844871521 0.5283912420272827
2739 0.3705519139766693 0.4927802085876465
2740 0.35723018646240234 0.5147469639778137
2741 0.3530483841896057 0.4953426718711853
2742 0.37222516536712646 0.5123778581619263
2743 0.36289188265800476 0.5323824882507324
2744 0.34914517402648926 0.5368830561637878
2745 0.33578306436538696 0.5413513779640198
2746 0.34069159626960754 0.518808126449585
2747 0.3337319493293762 0.47634831070899963
2748 0.3367254137992859 0.49858447909355164
2749 0.3277142345905304 0.5233718156814575
2750 0.3182002007961273 0.4803580343723297
2751 0.31111854314804077 0.48832911252975464
2752 0.31305772066116333 0.5042709708213806
2753 0.32366007566452026 0.5018786787986755
2754 0.3157495856285095 0.5230410695075989
2755 0.3547675311565399 0.4160311222076416
2756 0.3503924012184143 0.3920194208621979
2757 0.33729827404022217 0.4266738295555115
2758 0.294136106967926 0.3841865360736847
2759 0.44976556301116943 0.8229442834854126
2760 0.472080796957016 0.7695143818855286
2761 0.43268439173698425 0.8031052947044373
2762 0.4541705250740051 0.7609068155288696
2763 0.3277449607849121 0.6408681869506836
2764 0.3402813971042633 0.6345406770706177
2765 0.3505480885505676 0.6519204378128052
2766 0.33740440011024475 0.6598242521286011
2767 0.3628699779510498 0.6697543263435364
2768 0.3490556478500366 0.6781696081161499
2769 0.34192442893981934 0.608077883720398
2770 0.3323385715484619 0.5903172492980957
2771 0.31930723786354065 0.5451292395591736
2772 0.3011299967765808 0.5466287732124329
2773 0.3301709294319153 0.6156240105628967
2774 0.31864655017852783 0.6205865144729614
2775 0.3212060034275055 0.596338152885437
2776 0.297146737575531 0.5516822338104248
2777 0.27782660722732544 0.5223658084869385
2778 0.3105688691139221 0.6006930470466614
2779 0.29225486516952515 0.5534873604774475
2780 0.2813039720058441 0.5509578585624695
2781 0.2868615686893463 0.5530858635902405
2782 0.43677398562431335 0.684578001499176
2783 0.42385441064834595 0.6765838861465454
2784 0.46191510558128357 0.691893458366394
2785 0.44912606477737427 0.6878069639205933
2786 0.45303332805633545 0.7183017730712891
2787 0.43922027945518494 0.7106831073760986
2788 0.4379003643989563 0.7479650974273682
2789 0.4243580102920532 0.7360539436340332
2790 0.4258229434490204 0.7040941715240479
2791 0.41048765182495117 0.7255966663360596
2792 0.41766268014907837 0.7818223237991333
2793 0.4048682451248169 0.7656477689743042
2794 0.419964075088501 0.655161440372467
2795 0.40826159715652466 0.6475121974945068
2796 0.39917290210723877 0.6599867939949036
2797 0.3880293071269989 0.6731217503547668
2798 0.4130581021308899 0.6950669288635254
2799 0.3999243676662445 0.6840579509735107
2800 0.4111545979976654 0.6688554883003235
2801 0.3752328157424927 0.6848008036613464
2802 0.3986837863922119 0.7124805450439453
2803 0.38663893938064575 0.7000511288642883
2804 0.3918434977531433 0.7474397420883179
2805 0.359519362449646 0.6988523602485657
2806 0.3809610605239868 0.731944739818573
2807 0.3698030114173889 0.7156417369842529
2808 0.3798848092556 0.545468807220459
2809 0.35746216773986816 0.553717315196991
2810 0.369164377450943 0.5489122867584229
2811 0.3455900549888611 0.5597405433654785
2812 0.33307814598083496 0.5662826299667358
2813 0.32269397377967834 0.5742984414100647
2814 0.31300705671310425 0.5803318023681641
2815 0.3034372627735138 0.5839939117431641
2816 0.31931695342063904 0.4245552718639374
2817 0.33074092864990234 0.4060567319393158
2818 0.331303209066391 0.38491320610046387
2819 0.31046077609062195 0.43575674295425415
2820 0.3293728232383728 0.36985573172569275
2821 0.2864612936973572 0.3947733938694
2822 0.3243536651134491 0.36026686429977417
2823 0.33622103929519653 0.3337627351284027
2824 0.35199040174484253 0.3089097738265991
2825 0.3803675174713135 0.2821562588214874
2826 0.4047659933567047 0.19873198866844177
2827 0.45017868280410767 0.16477511823177338
2828 0.474168062210083 0.15025387704372406
2829 0.27617233991622925 0.45823603868484497
2830 0.28251057863235474 0.4477189779281616
2831 0.284282386302948 0.45162081718444824
2832 0.28596562147140503 0.44338181614875793
2833 0.2872346043586731 0.4470040798187256
2834 0.29227614402770996 0.4711342453956604
2835 0.2881418764591217 0.47366005182266235
2836 0.2647224962711334 0.45361220836639404
2837 0.2867985963821411 0.43583518266677856
2838 0.288261353969574 0.43812647461891174
2839 0.2848280072212219 0.4407053589820862
2840 0.29158899188041687 0.4995068907737732
2841 0.2918895184993744 0.492262065410614
2842 0.2934333086013794 0.49306392669677734
2843 0.2924865782260895 0.5007812976837158
2844 0.2812260091304779 0.5115073919296265
2845 0.2864605486392975 0.5144335031509399
2846 0.2864460349082947 0.4805043637752533
2847 0.28660786151885986 0.48531144857406616
2848 0.2760807275772095 0.4927295744419098
2849 0.27522945404052734 0.47282472252845764
2850 0.2886503338813782 0.45018458366394043
2851 0.2787705957889557 0.5119106769561768
2852 0.28103330731391907 0.44506049156188965
2853 0.27310436964035034 0.471402645111084
2854 0.271087110042572 0.4700009226799011
2855 0.2744070887565613 0.455912709236145
2856 0.2797069847583771 0.44153842329978943
2857 0.2793082594871521 0.4418686032295227
2858 0.28355568647384644 0.43835124373435974
2859 0.28386151790618896 0.43809813261032104
2860 0.2709311246871948 0.48921477794647217
2861 0.26946380734443665 0.48850351572036743
2862 0.2768436670303345 0.5099530220031738
2863 0.2748415470123291 0.5079898834228516
2864 0.27033281326293945 0.49830061197280884
2865 0.273517906665802 0.5051122903823853
2866 0.2713925838470459 0.5095425248146057
2867 0.28088390827178955 0.5125569105148315
2868 0.28425708413124084 0.5112517476081848
2869 0.2911835014820099 0.5085718631744385
2870 0.2908495366573334 0.5063706040382385
2871 0.27896371483802795 0.5114295482635498
2872 0.27344661951065063 0.4535937011241913
2873 0.26837393641471863 0.4671882688999176
2874 0.2734737992286682 0.4535351097583771
2875 0.2691366672515869 0.46843063831329346
2876 0.2671259045600891 0.4871848523616791
2877 0.2685301601886749 0.48739469051361084
2878 0.27689242362976074 0.5096811652183533
2879 0.27691030502319336 0.5096962451934814
2880 0.27919867634773254 0.5116279125213623
2881 0.2747691869735718 0.5078889727592468
2882 0.274474561214447 0.5076402425765991
2883 0.26906755566596985 0.4987320303916931
2884 0.2699403166770935 0.4982849955558777
2885 0.2721632421016693 0.505689263343811
2886 0.27285036444664 0.5061066746711731
2887 0.27520063519477844 0.5148711204528809
2888 0.29639121890068054 0.4979238510131836
2889 0.30822116136550903 0.4736264944076538
2890 0.30834388732910156 0.46411383152008057
2891 0.30639952421188354 0.5035079121589661
2892 0.30146002769470215 0.5006745457649231
2893 0.3055402338504791 0.48962390422821045
2894 0.3043111264705658 0.4739353656768799
2895 0.29427826404571533 0.4302275478839874
2896 0.29871198534965515 0.4310498535633087
2897 0.2956680357456207 0.43376997113227844
2898 0.28675293922424316 0.4357035458087921
2899 0.2930119037628174 0.4308030903339386
2900 0.2957404553890228 0.4286668598651886
2901 0.2960285246372223 0.4284413158893585
2902 0.2936035692691803 0.4303399324417114
2903 0.28858381509780884 0.4310975968837738
2904 0.3102182447910309 0.40082377195358276
2905 0.29097360372543335 0.4323989748954773
2906 0.28977543115615845 0.43333712220191956
2907 0.3013076186180115 0.4889051616191864
2908 0.2995324730873108 0.43928441405296326
2909 0.2956027388572693 0.45295995473861694
2910 0.29503825306892395 0.45694440603256226
2911 0.29199323058128357 0.4760173559188843
2912 0.2941967248916626 0.4858916699886322
2913 0.29178011417388916 0.4858613908290863
2914 0.28949615359306335 0.47701016068458557
2915 0.29828763008117676 0.48796606063842773
2916 0.3013206720352173 0.4742318391799927
2917 0.30008816719055176 0.4744521975517273
2918 0.29871654510498047 0.4743998944759369
2919 0.2890515923500061 0.49627071619033813
2920 0.2896352708339691 0.4920503795146942
2921 0.28747478127479553 0.5045602917671204
2922 0.288745641708374 0.4851941466331482
2923 0.28805869817733765 0.510273277759552
2924 0.28915753960609436 0.5007188320159912
2925 0.30426162481307983 0.46694284677505493
2926 0.3032887578010559 0.46040767431259155
2927 0.30512353777885437 0.45493918657302856
2928 0.30049246549606323 0.45722994208335876
2929 0.2964995503425598 0.44956353306770325
2930 0.2986164093017578 0.46077707409858704
2931 0.30107688903808594 0.4684821665287018
2932 0.30068790912628174 0.46099409461021423
2933 0.2993493378162384 0.46812018752098083
2934 0.30010509490966797 0.4699116051197052
2935 0.2989903390407562 0.461326539516449
2936 0.30086278915405273 0.5133066773414612
2937 0.3053136169910431 0.519258439540863
2938 0.2955668568611145 0.5188969969749451
2939 0.2804830074310303 0.5127120018005371
2940 0.28383076190948486 0.511662483215332
2941 0.28776228427886963 0.5107256174087524
2942 0.29583126306533813 0.5392756462097168
2943 0.2864465117454529 0.5216145515441895
2944 0.2855505049228668 0.5207725763320923
2945 0.2905420660972595 0.5203033089637756
2946 0.282903790473938 0.5214529633522034
2947 0.28134381771087646 0.520597517490387
2948 0.2776508331298828 0.5172954201698303
2949 0.27873992919921875 0.5191597938537598
2950 0.28067776560783386 0.520571768283844
2951 0.2799334228038788 0.519766092300415
2952 0.28727978467941284 0.480682909488678
2953 0.2912030518054962 0.44547706842422485
2954 0.29299139976501465 0.4396989345550537
2955 0.290731817483902 0.4341396689414978
2956 0.29180049896240234 0.43581265211105347
2957 0.28992146253585815 0.4412339925765991
2958 0.27019572257995605 0.4758756756782532
2959 0.2723918557167053 0.47688841819763184
2960 0.27498263120651245 0.4785630702972412
2961 0.28677985072135925 0.47684165835380554
2962 0.2878187298774719 0.47893351316452026
2963 0.2900656461715698 0.48541808128356934
2964 0.2902551293373108 0.491132915019989
2965 0.290468692779541 0.49813583493232727
2966 0.2902640104293823 0.5042313933372498
2967 0.28982359170913696 0.5125458836555481
2968 0.28554123640060425 0.5127578377723694
2969 0.28135159611701965 0.5123759508132935
2970 0.2789216637611389 0.5113940834999084
2971 0.27691277861595154 0.5096983909606934
2972 0.27493107318878174 0.508025586605072
2973 0.2735719680786133 0.5051369667053223
2974 0.27055519819259644 0.49808090925216675
2975 0.26927483081817627 0.4879153370857239
2976 0.2675963342189789 0.4742967486381531
2977 0.26819807291030884 0.47499579191207886
2978 0.28038841485977173 0.4428037703037262
2979 0.2840064465999603 0.43797799944877625
2980 0.2737154960632324 0.4533565044403076
2981 0.29219233989715576 0.43144482374191284
2982 0.28874608874320984 0.43414291739463806
2983 0.28675293922424316 0.4357035458087921
2984 0.2698398530483246 0.4691746234893799
2985 0.2691885530948639 0.4753895401954651
2986 0.30420613288879395 0.4447717070579529
2987 0.29823464155197144 0.45780080556869507
2988 0.2982032001018524 0.464689701795578
2989 0.30054575204849243 0.4522975981235504
2990 0.3071014881134033 0.48020002245903015
2991 0.2986906170845032 0.4809921979904175
2992 0.30413711071014404 0.48053085803985596
2993 0.3006138801574707 0.4803537130355835
2994 0.3055828809738159 0.3914784789085388
2995 0.3086962103843689 0.395295649766922
2996 0.2897942364215851 0.5165746808052063
2997 0.2849397659301758 0.5178614854812622
2998 0.293222576379776 0.513481616973877
2999 0.2948455214500427 0.5071958303451538
3000 0.2793924808502197 0.5185259580612183
3001 0.27380597591400146 0.5131338238716125
3002 0.27663716673851013 0.5161982774734497
3003 0.28105628490448 0.5179636478424072
3004 0.28675955533981323 0.4881405234336853
3005 0.280558317899704 0.48063960671424866
3006 0.28064674139022827 0.47621583938598633
3007 0.2843884825706482 0.4902230501174927
3008 0.28664976358413696 0.4934062361717224
3009 0.2783857583999634 0.47501078248023987
3010 0.27814817428588867 0.4817456305027008
3011 0.284145712852478 0.49345847964286804
3012 0.2877449095249176 0.4971259832382202
3013 0.29696935415267944 0.44093555212020874
3014 0.2945133149623871 0.4493696093559265
3015 0.2941426932811737 0.447630912065506
3016 0.2942189574241638 0.4505321979522705
3017 0.29293733835220337 0.4500906765460968
3018 0.2936634421348572 0.45253339409828186
3019 0.29100921750068665 0.4531231224536896
3020 0.29203253984451294 0.45502740144729614
3021 0.2872936725616455 0.4540884494781494
3022 0.29019373655319214 0.45798367261886597
3023 0.2854638993740082 0.4551668167114258
3024 0.2870223820209503 0.4639739692211151
3025 0.27654725313186646 0.4666573405265808
3026 0.2781771719455719 0.4610785245895386
3027 0.27787673473358154 0.46059322357177734
3028 0.2691992521286011 0.5073647499084473
3029 0.2706418037414551 0.5029822587966919
3030 0.27141857147216797 0.5018939971923828
3031 0.2719830870628357 0.5013253092765808
3032 0.27188387513160706 0.5014001131057739
3033 0.2676860988140106 0.49370718002319336
3034 0.2691496014595032 0.4936603903770447
3035 0.26985740661621094 0.493760883808136
3036 0.2698080241680145 0.4939487874507904
3037 0.2708144187927246 0.4940201938152313
3038 0.2750694155693054 0.496203750371933
3039 0.266743928194046 0.48092544078826904
3040 0.2682115435600281 0.48123592138290405
3041 0.2690128982067108 0.48179328441619873
3042 0.26961004734039307 0.48246046900749207
3043 0.271353542804718 0.483319491147995
3044 0.2741701900959015 0.4846729338169098
3045 0.2743426561355591 0.4650300145149231
3046 0.27225980162620544 0.4631705582141876
3047 0.27145516872406006 0.4610234200954437
3048 0.2710922062397003 0.4600498378276825
3049 0.27076107263565063 0.4602697491645813
3050 0.27705004811286926 0.5085968971252441
3051 0.27559271454811096 0.506740391254425
3052 0.27913960814476013 0.5051440596580505
3053 0.27882108092308044 0.5021495819091797
3054 0.2804846167564392 0.5001392960548401
3055 0.2810015082359314 0.5036923289299011
3056 0.28260451555252075 0.5023758411407471
3057 0.28307202458381653 0.49862757325172424
3058 0.28428101539611816 0.505469799041748
3059 0.28665173053741455 0.5014635324478149
3060 0.2764732241630554 0.5188199281692505
3061 0.2676921784877777 0.5209653377532959
3062 0.27237167954444885 0.5226984024047852
3063 0.2717859745025635 0.5146020650863647
3064 0.26754847168922424 0.5130607485771179
3065 0.2765803933143616 0.44709479808807373
3066 0.2765307128429413 0.44719791412353516
3067 0.2768506407737732 0.44786328077316284
3068 0.2775462865829468 0.44972726702690125
3069 0.27899542450904846 0.452535480260849
3070 0.31046026945114136 0.4070269763469696
3071 0.31106284260749817 0.40285006165504456
3072 0.3108230531215668 0.3977384865283966
3073 0.2875635027885437 0.43506893515586853
3074 0.2867351770401001 0.43547600507736206
3075 0.28675293922424316 0.4357035458087921
3076 0.2730822265148163 0.5283201932907104
3077 0.27875596284866333 0.5253906846046448
3078 0.2799157500267029 0.5225682854652405
3079 0.2816039025783539 0.5230767130851746
3080 0.2841433882713318 0.5218167901039124
3081 0.293319433927536 0.5451970100402832
3082 0.29630136489868164 0.5429422855377197
3083 0.2963479459285736 0.47825881838798523
3084 0.296317458152771 0.4871842563152313
3085 0.295019268989563 0.494338721036911
3086 0.2934165596961975 0.5029065012931824
3087 0.29171931743621826 0.5100004076957703
3088 0.28841567039489746 0.5128328800201416
3089 0.2846800982952118 0.5145854353904724
3090 0.28066882491111755 0.5144141912460327
3091 0.27943602204322815 0.5137639045715332
3092 0.27645114064216614 0.5138644576072693
3093 0.27364328503608704 0.5107138156890869
3094 0.2715004086494446 0.5068843960762024
3095 0.2702037990093231 0.5039013624191284
3096 0.26860395073890686 0.4993187487125397
3097 0.2670957148075104 0.49378007650375366
3098 0.2649949789047241 0.4865516424179077
3099 0.26516902446746826 0.4799937903881073
3100 0.2667798101902008 0.47333604097366333
3101 0.26790300011634827 0.4667254388332367
3102 0.2705877423286438 0.4607006013393402
3103 0.2733050286769867 0.45394575595855713
3104 0.27676963806152344 0.44670259952545166
3105 0.2789638936519623 0.44215378165245056
3106 0.283178448677063 0.43866366147994995
3107 0.28675293922424316 0.4357035458087921
3108 0.28655630350112915 0.43318283557891846
3109 0.2864294946193695 0.42964932322502136
3110 0.2881889045238495 0.42873215675354004
3111 0.2789573669433594 0.5086988806724548
3112 0.28112170100212097 0.5078855156898499
3113 0.2771267294883728 0.5041279792785645
3114 0.2777749300003052 0.505984902381897
3115 0.2977926433086395 0.3850333094596863
3116 0.2887714207172394 0.4276687502861023
3117 0.30539554357528687 0.3898124396800995
3118 0.30880439281463623 0.3920612931251526
3119 0.28708982467651367 0.42598167061805725
3120 0.28485894203186035 0.4252999722957611
3121 0.3122338354587555 0.4068309962749481
3122 0.31370100378990173 0.39903050661087036
3123 0.3131601810455322 0.391182541847229
3124 0.30402734875679016 0.37809517979621887
3125 0.2995246648788452 0.3795514702796936
3126 0.31090694665908813 0.3859892785549164
3127 0.2761007249355316 0.466617226600647
3128 0.2813764214515686 0.4577473998069763
3129 0.2809280455112457 0.45819181203842163
3130 0.2777400612831116 0.4602038264274597
3131 0.28067338466644287 0.4557105600833893
3132 0.29434141516685486 0.4551907181739807
3133 0.29425621032714844 0.4519504904747009
3134 0.29114004969596863 0.47028031945228577
3135 0.26798903942108154 0.4276144504547119
3136 0.2771341800689697 0.42864543199539185
3137 0.29370394349098206 0.45691338181495667
3138 0.27327415347099304 0.4333265423774719
3139 0.2722929120063782 0.43844208121299744
3140 0.2655656635761261 0.4422098398208618
3141 0.2598991096019745 0.44717657566070557
3142 0.28358983993530273 0.47737258672714233
3143 0.2828669846057892 0.4807685613632202
3144 0.2851191759109497 0.4882850646972656
3145 0.2858019173145294 0.4911307692527771
3146 0.2939949333667755 0.46682652831077576
3147 0.29411453008651733 0.4634140133857727
3148 0.2635449469089508 0.4356788992881775
3149 0.25730299949645996 0.44235116243362427
3150 0.2857736647129059 0.47624558210372925
3151 0.28555476665496826 0.48074331879615784
3152 0.2859083414077759 0.4865334630012512
3153 0.2857254445552826 0.4887164235115051
3154 0.28105732798576355 0.4887365400791168
3155 0.28207799792289734 0.4854829013347626
3156 0.28352853655815125 0.4843771457672119
3157 0.2858099341392517 0.4848843514919281
3158 0.28667688369750977 0.4837172329425812
3159 0.28784802556037903 0.4823373556137085
3160 0.2888036370277405 0.4815458059310913
3161 0.2903910279273987 0.4807090163230896
3162 0.29248738288879395 0.479330837726593
3163 0.2746051251888275 0.5039159655570984
3164 0.27236539125442505 0.5006663799285889
3165 0.2711356282234192 0.4977911710739136
3166 0.27704912424087524 0.48811525106430054
3167 0.2798696458339691 0.49287620186805725
3168 0.2741103172302246 0.4989742040634155
3169 0.29308831691741943 0.4725607633590698
3170 0.29467979073524475 0.4737693965435028
3171 0.2972090542316437 0.4677351713180542
3172 0.2947409749031067 0.469328373670578
3173 0.297407865524292 0.47410058975219727
3174 0.29826995730400085 0.46850651502609253
3175 0.29395896196365356 0.47557568550109863
3176 0.2964305877685547 0.4755697250366211
3177 0.2927054762840271 0.4753473997116089
3178 0.2943078875541687 0.4539155960083008
3179 0.294258177280426 0.45202499628067017
3180 0.25471457839012146 0.4500511586666107
3181 0.25878986716270447 0.5203986167907715
3182 0.24985618889331818 0.4868606626987457
3183 0.25252312421798706 0.4608725905418396
3184 0.25135183334350586 0.5044460296630859
3185 0.2500814199447632 0.4757978916168213
3186 0.25838780403137207 0.43935203552246094
3187 0.2601102590560913 0.5217716097831726
3188 0.2818588316440582 0.4876275062561035
3189 0.24989548325538635 0.4849313199520111
3190 0.25141042470932007 0.4698264002799988
3191 0.25445646047592163 0.46071943640708923
3192 0.25673869252204895 0.4518343210220337
3193 0.2617146372795105 0.44221925735473633
3194 0.2666481137275696 0.4261963963508606
3195 0.2699368894100189 0.428271621465683
3196 0.26237234473228455 0.4302060902118683
3197 0.26491010189056396 0.43427011370658875
3198 0.2766198217868805 0.49177104234695435
3199 0.25230109691619873 0.4832278788089752
3200 0.25557148456573486 0.4711723029613495
3201 0.25822392106056213 0.4636152982711792
3202 0.2602022886276245 0.4557374119758606
3203 0.26428693532943726 0.44720855355262756
3204 0.27798962593078613 0.49649906158447266
3205 0.2729277014732361 0.43326953053474426
3206 0.2673610746860504 0.4390876293182373
3207 0.26617079973220825 0.4649084210395813
3208 0.2622101306915283 0.4854884445667267
3209 0.2717159688472748 0.45091351866722107
3210 0.27864760160446167 0.43697452545166016
3211 0.27887406945228577 0.44068315625190735
3212 0.2826952338218689 0.43667301535606384
3213 0.2650652229785919 0.5008787512779236
3214 0.2830105125904083 0.43426191806793213
3215 0.26491647958755493 0.47104600071907043
3216 0.283113956451416 0.43109920620918274
3217 0.26286032795906067 0.4948244094848633
3218 0.2625560164451599 0.47904258966445923
3219 0.2689979672431946 0.45726653933525085
3220 0.2633429169654846 0.5094214081764221
3221 0.2597237229347229 0.49571096897125244
3222 0.2596392333507538 0.48563969135284424
3223 0.259869784116745 0.47763800621032715
3224 0.26259058713912964 0.4687524735927582
3225 0.26422151923179626 0.4621301591396332
3226 0.2686839699745178 0.4545234143733978
3227 0.2703266143798828 0.44744873046875
3228 0.27565449476242065 0.441703736782074
3229 0.27658963203430176 0.44472748041152954
3230 0.28644776344299316 0.4287967383861542
3231 0.286247193813324 0.42922067642211914
3232 0.28644782304763794 0.4317924976348877
3233 0.28621479868888855 0.428805410861969
3234 0.28614574670791626 0.43066033720970154
3235 0.28609704971313477 0.4334730803966522
3236 0.26122692227363586 0.5156644582748413
3237 0.2551119029521942 0.4961622357368469
3238 0.2570304274559021 0.4832773208618164
3239 0.25825801491737366 0.474690318107605
3240 0.26043203473091125 0.4670063853263855
3241 0.26265260577201843 0.45950156450271606
3242 0.2667602598667145 0.45221903920173645
3243 0.27865469455718994 0.4334143102169037
3244 0.2744021415710449 0.43960946798324585
3245 0.2691515386104584 0.4434794783592224
3246 0.31242528557777405 0.41701358556747437
3247 0.31823450326919556 0.40557822585105896
3248 0.32043254375457764 0.3945395350456238
3249 0.31929054856300354 0.3828147053718567
3250 0.31594106554985046 0.37557440996170044
3251 0.3083171844482422 0.36995506286621094
3252 0.3026903569698334 0.3722110390663147
3253 0.2951316833496094 0.3758425712585449
3254 0.2862483859062195 0.3829350173473358
3255 0.2768131494522095 0.39232873916625977
3256 0.27079880237579346 0.40058010816574097
3257 0.26291605830192566 0.41124850511550903
3258 0.25670960545539856 0.4236968755722046
3259 0.25188174843788147 0.4346354603767395
3260 0.24826398491859436 0.45035162568092346
3261 0.2481016218662262 0.4649214446544647
3262 0.24768464267253876 0.4799616038799286
3263 0.24916474521160126 0.4951215386390686
3264 0.2527037262916565 0.5113171339035034
3265 0.2576030492782593 0.5222141146659851
3266 0.2628743350505829 0.5350515246391296
3267 0.26879823207855225 0.5488866567611694
3268 0.2750599980354309 0.5595648288726807
3269 0.2822934687137604 0.5661316514015198
3270 0.28987929224967957 0.5684330463409424
3271 0.2972091734409332 0.5676146745681763
3272 0.3043970465660095 0.5645755529403687
3273 0.3113768696784973 0.5581920742988586
3274 0.3029654622077942 0.534789502620697
3275 0.2732503414154053 0.49045252799987793
3276 0.2726791203022003 0.494501531124115
3277 0.27589666843414307 0.5017849802970886
3278 0.27702367305755615 0.4992487132549286
3279 0.27839916944503784 0.496343731880188
3280 0.27226346731185913 0.49710744619369507
3281 0.29652857780456543 0.42790862917900085
3282 0.3028457760810852 0.4329241216182709
3283 0.3024192452430725 0.44041529297828674
3284 0.299587219953537 0.44885557889938354
3285 0.29722175002098083 0.45469701290130615
3286 0.2969749867916107 0.45816922187805176
3287 0.4509887099266052 0.6081520915031433
3288 0.4606364667415619 0.6088945865631104
3289 0.45866841077804565 0.6187430024147034
3290 0.4488232135772705 0.6169904470443726
3291 0.3942989706993103 0.5568793416023254
3292 0.40006592869758606 0.5698643922805786
3293 0.40170347690582275 0.5543580651283264
3294 0.4052008390426636 0.5672969818115234
3295 0.491551011800766 0.6197688579559326
3296 0.40406203269958496 0.45308056473731995
3297 0.3950026035308838 0.4650544822216034
3298 0.4110405445098877 0.5948255062103271
3299 0.4198473393917084 0.605857253074646
3300 0.4054396152496338 0.5837658643722534
3301 0.40514081716537476 0.4763443171977997
3302 0.399328351020813 0.4880010485649109
3303 0.38750630617141724 0.47861674427986145
3304 0.4150582253932953 0.5913652181625366
3305 0.4233957529067993 0.6015571355819702
3306 0.40972182154655457 0.5806851983070374
3307 0.41267943382263184 0.46639615297317505
3308 0.49152880907058716 0.6091302037239075
3309 0.4845244884490967 0.6196609735488892
3310 0.4847066402435303 0.6087675094604492
3311 0.48666414618492126 0.4080112874507904
3312 0.48519477248191833 0.4041125476360321
3313 0.4888651669025421 0.40435460209846497
3314 0.49003857374191284 0.407137393951416
3315 0.4830561578273773 0.41088569164276123
3316 0.4817911386489868 0.40718889236450195
3317 0.49519670009613037 0.40737101435661316
3318 0.49463409185409546 0.40379709005355835
3319 0.49724113941192627 0.40358245372772217
3320 0.49718883633613586 0.40700554847717285
3321 0.49331068992614746 0.40764063596725464
3322 0.4924657940864563 0.40354713797569275
3323 0.4835485816001892 0.4003681540489197
3324 0.4875430464744568 0.3992672562599182
3325 0.4797728359699249 0.40299874544143677
3326 0.39964619278907776 0.36298683285713196
3327 0.4067850708961487 0.33775386214256287
3328 0.42033761739730835 0.3174278736114502
3329 0.4763835668563843 0.4207196831703186
3330 0.47526365518569946 0.42504897713661194
3331 0.47368940711021423 0.42410844564437866
3332 0.4746570587158203 0.41908571124076843
3333 0.4797360301017761 0.4130501449108124
3334 0.4785687029361725 0.4105384647846222
3335 0.4753078818321228 0.3938361406326294
3336 0.476249098777771 0.4064749777317047
3337 0.4714030623435974 0.3996519446372986
3338 0.47434109449386597 0.411099374294281
3339 0.4692777097225189 0.40569809079170227
3340 0.4719465374946594 0.42284852266311646
3341 0.474717915058136 0.4292176067829132
3342 0.47273242473602295 0.4290951192378998
3343 0.47638586163520813 0.41409972310066223
3344 0.3989880681037903 0.38896656036376953
3345 0.44337958097457886 0.4380892217159271
3346 0.4371427595615387 0.4408963620662689
3347 0.4346967339515686 0.4281292259693146
3348 0.44139814376831055 0.42593619227409363
3349 0.4805408716201782 0.3908229470252991
3350 0.418531596660614 0.4581282436847687
3351 0.4130326509475708 0.44377410411834717
3352 0.4072471559047699 0.42839452624320984
3353 0.42464280128479004 0.45079755783081055
3354 0.4198755621910095 0.43654507398605347
3355 0.4775310456752777 0.4162425398826599
3356 0.47238749265670776 0.4175768494606018
3357 0.40238088369369507 0.40959474444389343
3358 0.46676498651504517 0.42179951071739197
3359 0.46701279282569885 0.4282679557800293
3360 0.46764421463012695 0.41393905878067017
3361 0.4759732484817505 0.4293394982814789
3362 0.4236006736755371 0.34075498580932617
3363 0.41462668776512146 0.36106055974960327
3364 0.4377748966217041 0.32426854968070984
3365 0.46772873401641846 0.39609530568122864
3366 0.46610501408576965 0.4036729037761688
3367 0.4723949432373047 0.38988855481147766
3368 0.4114913046360016 0.38448411226272583
3369 0.41324296593666077 0.4048284888267517
3370 0.4737717807292938 0.30899617075920105
3371 0.46557295322418213 0.2935084104537964
3372 0.4830778241157532 0.3010673522949219
3373 0.48620063066482544 0.310987263917923
3374 0.4340073764324188 0.38037171959877014
3375 0.444151371717453 0.3824772834777832
3376 0.4405216574668884 0.39788198471069336
3377 0.43272536993026733 0.39886873960494995
3378 0.43834203481674194 0.3627116084098816
3379 0.4479295611381531 0.36699044704437256
3380 0.4639774262905121 0.4131239354610443
3381 0.4629603624343872 0.42149925231933594
3382 0.41636690497398376 0.42205557227134705
3383 0.43312567472457886 0.4140084981918335
3384 0.4403466582298279 0.41229569911956787
3385 0.45942118763923645 0.4119075536727905
3386 0.45532462000846863 0.4115665555000305
3387 0.45656245946884155 0.4000721573829651
3388 0.46130985021591187 0.40225231647491455
3389 0.45922645926475525 0.38812056183815
3390 0.4637864828109741 0.39212530851364136
3391 0.4632858335971832 0.3795546889305115
3392 0.46810799837112427 0.3863266706466675
3393 0.4586728513240814 0.42167869210243225
3394 0.4539782404899597 0.4237444996833801
3395 0.4631279706954956 0.428370863199234
3396 0.45766234397888184 0.43044477701187134
3397 0.453660786151886 0.43259483575820923
3398 0.44306641817092896 0.2971697747707367
3399 0.45479774475097656 0.3168069124221802
3400 0.4895731806755066 0.38564324378967285
3401 0.4935530424118042 0.3867706060409546
3402 0.4935324788093567 0.3899914026260376
3403 0.48996028304100037 0.389553964138031
3404 0.494342178106308 0.39849281311035156
3405 0.49680256843566895 0.390145480632782
3406 0.496975839138031 0.39917802810668945
3407 0.4918152093887329 0.3986167311668396
3408 0.4933122992515564 0.35922619700431824
3409 0.4942951500415802 0.36649614572525024
3410 0.4897175431251526 0.3673919439315796
3411 0.487566739320755 0.3603036403656006
3412 0.4966469407081604 0.38746321201324463
3413 0.49471187591552734 0.3811827301979065
3414 0.4968331754207611 0.3812571167945862
3415 0.4966314435005188 0.3845151960849762
3416 0.49388667941093445 0.38356271386146545
3417 0.46501073241233826 0.34351426362991333
3418 0.45698875188827515 0.3361382782459259
3419 0.4705047607421875 0.33145469427108765
3420 0.47464776039123535 0.3419033885002136
3421 0.47823992371559143 0.38555195927619934
3422 0.4839549958705902 0.382568359375
3423 0.4857511818408966 0.38844701647758484
3424 0.49624061584472656 0.3780321776866913
3425 0.4935416877269745 0.3786947727203369
3426 0.4552644193172455 0.3545493483543396
3427 0.4471449553966522 0.34811168909072876
3428 0.4912513494491577 0.3816102147102356
3429 0.4687943160533905 0.3723974823951721
3430 0.4737807512283325 0.38063961267471313
3431 0.4849976599216461 0.3695303797721863
3432 0.4824959933757782 0.36122554540634155
3433 0.4838748574256897 0.3415800929069519
3434 0.480856716632843 0.3327346444129944
3435 0.49025607109069824 0.33275890350341797
3436 0.490700364112854 0.34224647283554077
3437 0.4802415370941162 0.3748455345630646
3438 0.4753981828689575 0.3651553988456726
3439 0.44951948523521423 0.4360327124595642
3440 0.4481324553489685 0.4249657392501831
3441 0.44777947664260864 0.4123833179473877
3442 0.4496471881866455 0.39802050590515137
3443 0.4518964886665344 0.38417717814445496
3444 0.455730140209198 0.37363338470458984
3445 0.4624859690666199 0.36162254214286804
3446 0.47095388174057007 0.3545641601085663
3447 0.4783787131309509 0.3517633378505707
3448 0.486186146736145 0.3528648912906647
3449 0.4920157194137573 0.35194170475006104
3450 0.49161839485168457 0.3740615248680115
3451 0.4953504204750061 0.3727998435497284
3452 0.48747968673706055 0.37750232219696045
3453 0.4187699556350708 0.5882315635681152
3454 0.42666536569595337 0.5953069925308228
3455 0.4133566915988922 0.5782376527786255
3456 0.4757586121559143 0.4339909553527832
3457 0.473114013671875 0.4344812333583832
3458 0.46260225772857666 0.5996761322021484
3459 0.4701860249042511 0.5987900495529175
3460 0.4682573676109314 0.6078308820724487
3461 0.42425668239593506 0.4702126085758209
3462 0.41902005672454834 0.47763529419898987
3463 0.4437255263328552 0.6016547679901123
3464 0.45284199714660645 0.5998338460922241
3465 0.44136595726013184 0.6073183417320251
3466 0.40722787380218506 0.5530982613563538
3467 0.40943828225135803 0.5653005838394165
3468 0.4771474301815033 0.6085808277130127
3469 0.4778706729412079 0.5986214280128479
3470 0.4849197566509247 0.5987417697906494
3471 0.49146658182144165 0.5987650156021118
3472 0.4770594835281372 0.4325099587440491
3473 0.46799343824386597 0.4346688389778137
3474 0.46339336037635803 0.4362563490867615
3475 0.41334936022758484 0.48604273796081543
3476 0.4295891523361206 0.4636479914188385
3477 0.40817973017692566 0.49600979685783386
3478 0.4594539403915405 0.4395450949668884
3479 0.4549281597137451 0.44255149364471436
3480 0.45049095153808594 0.4457241892814636
3481 0.445575475692749 0.4489853084087372
3482 0.43988239765167236 0.4523056447505951
3483 0.4714786410331726 0.590440571308136
3484 0.4785080850124359 0.5892183184623718
3485 0.4852629601955414 0.5895693302154541
3486 0.47872424125671387 0.43688228726387024
3487 0.4780040383338928 0.4389706552028656
3488 0.47532787919044495 0.44042980670928955
3489 0.4696401357650757 0.441551148891449
3490 0.4652341604232788 0.444650799036026
3491 0.46153607964515686 0.44843706488609314
3492 0.45699936151504517 0.4523196518421173
3493 0.4527248740196228 0.45591819286346436
3494 0.44808292388916016 0.45927131175994873
3495 0.44327083230018616 0.46272534132003784
3496 0.43349605798721313 0.4739869236946106
3497 0.4285730719566345 0.48013433814048767
3498 0.42373037338256836 0.486680269241333
3499 0.42018625140190125 0.49426594376564026
3500 0.41506290435791016 0.5031391382217407
3501 0.4119637906551361 0.5521772503852844
3502 0.4135073125362396 0.5632427930831909
3503 0.4163774847984314 0.5751886367797852
3504 0.42152100801467896 0.5849103331565857
3505 0.42867526412010193 0.5907972455024719
3506 0.44663918018341064 0.595395028591156
3507 0.45534247159957886 0.5930606126785278
3508 0.4638787508010864 0.5921591520309448
3509 0.4918110966682434 0.5892293453216553
3510 0.43601787090301514 0.6006383895874023
3511 0.4333474040031433 0.6063294410705566
3512 0.437391996383667 0.5954025983810425
3513 0.4478396773338318 0.5887301564216614
3514 0.45530804991722107 0.5890306234359741
3515 0.49561071395874023 0.46400946378707886
3516 0.4920806586742401 0.4642908275127411
3517 0.4925615191459656 0.4550129175186157
3518 0.49580955505371094 0.4545896351337433
3519 0.4961482882499695 0.4787258803844452
3520 0.49653446674346924 0.47557204961776733
3521 0.49699676036834717 0.47601407766342163
3522 0.4978863298892975 0.4797024726867676
3523 0.4949738383293152 0.481017142534256
3524 0.4957667589187622 0.47570306062698364
3525 0.4913307726383209 0.46912458539009094
3526 0.49159881472587585 0.4672344923019409
3527 0.4946027398109436 0.4678648114204407
3528 0.4945542812347412 0.46998101472854614
3529 0.4800880551338196 0.4764460623264313
3530 0.4752626121044159 0.48653680086135864
3531 0.4750836491584778 0.4791180193424225
3532 0.4808744788169861 0.4718536138534546
3533 0.4878741204738617 0.4691711962223053
3534 0.483023464679718 0.47302231192588806
3535 0.48392608761787415 0.47036629915237427
3536 0.4879542291164398 0.46899163722991943
3537 0.4796968102455139 0.47936856746673584
3538 0.482056200504303 0.4775439500808716
3539 0.48153984546661377 0.4800792932510376
3540 0.479292631149292 0.48243921995162964
3541 0.49038296937942505 0.4868438243865967
3542 0.48989006876945496 0.4892577528953552
3543 0.48790106177330017 0.48872852325439453
3544 0.48871228098869324 0.4863663911819458
3545 0.471325159072876 0.4492204487323761
3546 0.4779720902442932 0.44734326004981995
3547 0.4812687337398529 0.4545899033546448
3548 0.47333621978759766 0.4570014178752899
3549 0.48137661814689636 0.4615980088710785
3550 0.4743051528930664 0.46541738510131836
3551 0.4713100790977478 0.46863266825675964
3552 0.4695706367492676 0.4607422947883606
3553 0.4675573706626892 0.4529055953025818
3554 0.48091718554496765 0.4414524734020233
3555 0.48000073432922363 0.44437673687934875
3556 0.4630410671234131 0.5870741605758667
3557 0.4751604199409485 0.4727281332015991
3558 0.47273287177085876 0.47576528787612915
3559 0.48132216930389404 0.46752846240997314
3560 0.48552149534225464 0.45313626527786255
3561 0.489071786403656 0.45409291982650757
3562 0.4884028732776642 0.4652537703514099
3563 0.4846433401107788 0.46691080927848816
3564 0.47284844517707825 0.4831812381744385
3565 0.4741576611995697 0.4894520044326782
3566 0.4937649071216583 0.4830506443977356
3567 0.494256854057312 0.47463858127593994
3568 0.4952307939529419 0.4757519066333771
3569 0.49439215660095215 0.48131340742111206
3570 0.49456071853637695 0.47302770614624023
3571 0.49417710304260254 0.4728490710258484
3572 0.4934021830558777 0.47248831391334534
3573 0.4937688708305359 0.4713745713233948
3574 0.4762287735939026 0.48803359270095825
3575 0.47690749168395996 0.48873937129974365
3576 0.49778127670288086 0.4974516034126282
3577 0.49756646156311035 0.4888440668582916
3578 0.415846586227417 0.5510225296020508
3579 0.4171649217605591 0.5607839226722717
3580 0.48432719707489014 0.4866751432418823
3581 0.48476549983024597 0.48499345779418945
3582 0.4241770803928375 0.5808537006378174
3583 0.4303334355354309 0.5856131315231323
3584 0.46751919388771057 0.49858614802360535
3585 0.46545737981796265 0.49315816164016724
3586 0.46892720460891724 0.4891088306903839
3587 0.47065478563308716 0.4952183663845062
3588 0.41966530680656433 0.5713306665420532
3589 0.4706730246543884 0.5834332704544067
3590 0.479036420583725 0.5784947872161865
3591 0.48175203800201416 0.5708285570144653
3592 0.48774170875549316 0.572740375995636
3593 0.48614302277565 0.5803943872451782
3594 0.4932619333267212 0.5734968781471252
3595 0.4924115240573883 0.5807342529296875
3596 0.48891210556030273 0.5662825107574463
3597 0.4830271303653717 0.5654217600822449
3598 0.4931461811065674 0.5487012267112732
3599 0.48672160506248474 0.5509080290794373
3600 0.4900479316711426 0.4832499921321869
3601 0.49173033237457275 0.48331618309020996
3602 0.4916236400604248 0.4828717112541199
3603 0.4900558292865753 0.48258382081985474
3604 0.4885363280773163 0.48283785581588745
3605 0.4952407777309418 0.47187379002571106
3606 0.4948657751083374 0.47251096367836
3607 0.4939740300178528 0.47034406661987305
3608 0.4900761544704437 0.5606428384780884
3609 0.4851612448692322 0.5598465204238892
3610 0.4830198884010315 0.47824740409851074
3611 0.48434656858444214 0.47366467118263245
3612 0.4834383726119995 0.48010456562042236
3613 0.482503205537796 0.482296884059906
3614 0.4833805561065674 0.48405206203460693
3615 0.4846903681755066 0.4812090992927551
3616 0.48615309596061707 0.4827573895454407
3617 0.4895508289337158 0.4840518534183502
3618 0.49108484387397766 0.4844316840171814
3619 0.45915549993515015 0.4606209695339203
3620 0.4551919996738434 0.4642956852912903
3621 0.4608438014984131 0.4793804883956909
3622 0.4644237756729126 0.4760130047798157
3623 0.4670008718967438 0.48230668902397156
3624 0.4631723165512085 0.48662269115448
3625 0.45799463987350464 0.4723118543624878
3626 0.46185433864593506 0.46856769919395447
3627 0.46633148193359375 0.4643721878528595
3628 0.46402058005332947 0.4561941623687744
3629 0.44862914085388184 0.5814629793167114
3630 0.4542531371116638 0.5803771615028381
3631 0.4272196888923645 0.574680507183075
3632 0.4328532814979553 0.5793518424034119
3633 0.47592639923095703 0.5680773258209229
3634 0.47788509726524353 0.5632230639457703
3635 0.4669378101825714 0.5772697329521179
3636 0.4727155566215515 0.5729793906211853
3637 0.46070367097854614 0.581203043460846
3638 0.42031556367874146 0.5577548146247864
3639 0.42301470041275024 0.5666094422340393
3640 0.41867393255233765 0.549734890460968
3641 0.47939354181289673 0.5591176748275757
3642 0.4323856830596924 0.502597451210022
3643 0.42833638191223145 0.49476855993270874
3644 0.4324294924736023 0.48877274990081787
3645 0.43659621477127075 0.49767234921455383
3646 0.42474937438964844 0.5007946491241455
3647 0.4367449879646301 0.482866108417511
3648 0.4280504584312439 0.5059837698936462
3649 0.4227473735809326 0.5118982195854187
3650 0.41957366466522217 0.5086867809295654
3651 0.47287434339523315 0.4920217990875244
3652 0.4713250398635864 0.4859634041786194
3653 0.4699474275112152 0.47910478711128235
3654 0.4684913158416748 0.47188156843185425
3655 0.4552706480026245 0.5319517850875854
3656 0.45618394017219543 0.5204254388809204
3657 0.45819658041000366 0.5224080085754395
3658 0.457018107175827 0.533561646938324
3659 0.45472678542137146 0.5391924381256104
3660 0.45475220680236816 0.5364950299263
3661 0.4565398097038269 0.5372101664543152
3662 0.45646536350250244 0.5400807857513428
3663 0.46280598640441895 0.506075918674469
3664 0.46007096767425537 0.5015090703964233
3665 0.46265020966529846 0.497229665517807
3666 0.4650533199310303 0.502244770526886
3667 0.4569430351257324 0.49622249603271484
3668 0.45343655347824097 0.4887275695800781
3669 0.45694780349731445 0.4840080440044403
3670 0.4596191644668579 0.49132952094078064
3671 0.45099908113479614 0.4682159423828125
3672 0.446476012468338 0.4719499945640564
3673 0.43947166204452515 0.5055279731750488
3674 0.4350181221961975 0.5089225769042969
3675 0.4324595332145691 0.5124820470809937
3676 0.4290233254432678 0.5191527605056763
3677 0.4540862739086151 0.476348340511322
3678 0.4498586058616638 0.48144975304603577
3679 0.48248904943466187 0.4492156207561493
3680 0.4834204316139221 0.4459778964519501
3681 0.4859001338481903 0.45024484395980835
3682 0.4894446134567261 0.4515921473503113
3683 0.4899905323982239 0.4827117323875427
3684 0.4914800524711609 0.4830152690410614
3685 0.4948670566082001 0.554109513759613
3686 0.49525588750839233 0.5476572513580322
3687 0.4411243200302124 0.49267521500587463
3688 0.44565722346305847 0.5027835369110107
3689 0.49359768629074097 0.542557954788208
3690 0.49583566188812256 0.5379412174224854
3691 0.48948681354522705 0.5443300008773804
3692 0.4531198740005493 0.5068865418434143
3693 0.4979720115661621 0.4813481569290161
3694 0.4959995746612549 0.4822005033493042
3695 0.4597380459308624 0.514602541923523
3696 0.4570010006427765 0.5106053352355957
3697 0.49373766779899597 0.47264447808265686
3698 0.49472951889038086 0.47351720929145813
3699 0.49427539110183716 0.47357696294784546
3700 0.49524348974227905 0.4733456075191498
3701 0.49556800723075867 0.47349676489830017
3702 0.49612775444984436 0.4743221402168274
3703 0.48173800110816956 0.5541620254516602
3704 0.49416598677635193 0.5612151026725769
3705 0.45622900128364563 0.5164240002632141
3706 0.4587871730327606 0.5188996195793152
3707 0.4849332273006439 0.47879695892333984
3708 0.48469939827919006 0.47751715779304504
3709 0.49035072326660156 0.47171148657798767
3710 0.4927240014076233 0.45224541425704956
3711 0.4528527855873108 0.5140045285224915
3712 0.4472188353538513 0.5106653571128845
3713 0.453609824180603 0.5186775922775269
3714 0.44870901107788086 0.5180156230926514
3715 0.450216144323349 0.5294366478919983
3716 0.4532008171081543 0.5307483673095703
3717 0.44188517332077026 0.5187138915061951
3718 0.44493868947029114 0.5284726619720459
3719 0.4422129690647125 0.530587911605835
3720 0.4390057325363159 0.5212960243225098
3721 0.4384101927280426 0.5133457183837891
3722 0.4420740008354187 0.5110617876052856
3723 0.44507116079330444 0.5174669027328491
3724 0.4358750283718109 0.5169543623924255
3725 0.43425482511520386 0.5253990292549133
3726 0.4318019151687622 0.5226883888244629
3727 0.4384257197380066 0.5338077545166016
3728 0.44762226939201355 0.5279313325881958
3729 0.4388376474380493 0.5890276432037354
3730 0.44064319133758545 0.5815629959106445
3731 0.4545336961746216 0.547856330871582
3732 0.45252710580825806 0.5592975616455078
3733 0.45208361744880676 0.5480618476867676
3734 0.45434945821762085 0.5478718280792236
3735 0.4658823013305664 0.5463793873786926
3736 0.4656699001789093 0.5456864237785339
3737 0.4658603072166443 0.5428546071052551
3738 0.4615302085876465 0.5521217584609985
3739 0.46096205711364746 0.5475931763648987
3740 0.4643309712409973 0.5487143993377686
3741 0.4640549421310425 0.5501865744590759
3742 0.45895758271217346 0.5492054224014282
3743 0.4591026306152344 0.5483229756355286
3744 0.45673781633377075 0.5476714968681335
3745 0.4566352367401123 0.547680139541626
3746 0.44993188977241516 0.5603041052818298
3747 0.45022064447402954 0.5484223365783691
3748 0.44654420018196106 0.5605329275131226
3749 0.44684621691703796 0.5567352175712585
3750 0.4402397871017456 0.5531642436981201
3751 0.43798887729644775 0.5479611754417419
3752 0.4390920102596283 0.5454666614532471
3753 0.4414162337779999 0.5476953983306885
3754 0.43596720695495605 0.5437654256820679
3755 0.4371833801269531 0.5432069897651672
3756 0.45274168252944946 0.536208987236023
3757 0.4526178240776062 0.5393333435058594
3758 0.45055168867111206 0.5390563011169434
3759 0.45054352283477783 0.5356141328811646
3760 0.44304412603378296 0.5367952585220337
3761 0.4456045627593994 0.5347816944122314
3762 0.44588541984558105 0.5387179851531982
3763 0.4434085786342621 0.5407362580299377
3764 0.44337010383605957 0.5577733516693115
3765 0.4440113306045532 0.5487623810768127
3766 0.43971139192581177 0.537534236907959
3767 0.44026875495910645 0.5400223731994629
3768 0.44818115234375 0.5342814326286316
3769 0.4484512209892273 0.5380508303642273
3770 0.46486517786979675 0.5425286293029785
3771 0.46483737230300903 0.5444056391716003
3772 0.4645833373069763 0.544276237487793
3773 0.4466668963432312 0.547455370426178
3774 0.4493871331214905 0.5478851199150085
3775 0.44374561309814453 0.5469935536384583
3776 0.46252915263175964 0.5450229048728943
3777 0.46410179138183594 0.5450212955474854
3778 0.4586181640625 0.546581506729126
3779 0.4562286138534546 0.5472989678382874
3780 0.44089025259017944 0.5421680212020874
3781 0.4384222626686096 0.5438600182533264
3782 0.4538910388946533 0.5478665828704834
3783 0.46108144521713257 0.5403255820274353
3784 0.4629417061805725 0.540436863899231
3785 0.4563961923122406 0.5403379797935486
3786 0.454764723777771 0.5400757193565369
3787 0.4610016345977783 0.5461252927780151
3788 0.4415851831436157 0.5458207130432129
3789 0.43981873989105225 0.5447438955307007
3790 0.45171669125556946 0.5480926632881165
3791 0.4460040330886841 0.540519654750824
3792 0.443996787071228 0.5410751104354858
3793 0.4522280991077423 0.5398913621902466
3794 0.45027613639831543 0.5399893522262573
3795 0.44829314947128296 0.5401503443717957
3796 0.4381110966205597 0.5436789989471436
3797 0.4392518401145935 0.544435977935791
3798 0.4448518753051758 0.5558022260665894
3799 0.44736766815185547 0.5592120885848999
3800 0.4564356803894043 0.5345141887664795
3801 0.45436394214630127 0.5326752662658691
3802 0.44080591201782227 0.5461432933807373
3803 0.4427065849304199 0.5490086674690247
3804 0.45822229981422424 0.5463821887969971
3805 0.4558102488517761 0.5530845522880554
3806 0.4505181312561035 0.5585180521011353
3807 0.44491249322891235 0.5410381555557251
3808 0.44269901514053345 0.5417162179946899
3809 0.43975377082824707 0.5427626371383667
3810 0.4514424502849579 0.5406317710876465
3811 0.44837021827697754 0.5316882133483887
3812 0.453380286693573 0.5568245649337769
3813 0.461282342672348 0.5461799502372742
3814 0.4465477168560028 0.5338517427444458
3815 0.46241050958633423 0.5454787015914917
3816 0.493789404630661 0.5670040249824524
3817 0.49787792563438416 0.48374947905540466
3818 0.49786376953125 0.48629480600357056
3819 0.49597734212875366 0.530806839466095
3820 0.49608761072158813 0.45200955867767334
3821 0.4921759366989136 0.48402947187423706
3822 0.49316996335983276 0.48478561639785767
3823 0.4931871294975281 0.4831753671169281
3824 0.4906824827194214 0.4847926199436188
3825 0.4925777316093445 0.47326040267944336
3826 0.49189332127571106 0.472685307264328
3827 0.49267348647117615 0.4831653833389282
3828 0.4903455674648285 0.4707508683204651
3829 0.4904891848564148 0.4721156358718872
3830 0.49063369631767273 0.471560537815094
3831 0.49050259590148926 0.4724173843860626
3832 0.49144434928894043 0.46972036361694336
3833 0.4916515052318573 0.47026658058166504
3834 0.49098485708236694 0.47224539518356323
3835 0.4907720685005188 0.4723212718963623
3836 0.49158886075019836 0.47278285026550293
3837 0.49289852380752563 0.4722537398338318
3838 0.49217191338539124 0.4721682369709015
3839 0.49062401056289673 0.4723740816116333
3840 0.4585895836353302 0.5407454967498779
3841 0.4856913685798645 0.4787762463092804
3842 0.48729342222213745 0.48106980323791504
3843 0.4915531873703003 0.4723392724990845
3844 0.48628827929496765 0.4998837113380432
3845 0.48439252376556396 0.49745506048202515
3846 0.48147326707839966 0.4959297776222229
3847 0.4815099239349365 0.49801576137542725
3848 0.47953101992607117 0.4854606091976166
3849 0.47761520743370056 0.49145030975341797
3850 0.48098641633987427 0.4875833988189697
3851 0.47896942496299744 0.49646133184432983
3852 0.47928911447525024 0.49451982975006104
3853 0.4962034225463867 0.4865204095840454
3854 0.4961724579334259 0.48400214314460754
3855 0.49280649423599243 0.48311030864715576
3856 0.49254941940307617 0.4846550226211548
3857 0.49277544021606445 0.4829277992248535
3858 0.49672383069992065 0.49007582664489746
3859 0.4960724711418152 0.49856266379356384
3860 0.494349867105484 0.4827570617198944
3861 0.493691623210907 0.48268938064575195
3862 0.49214494228363037 0.48692643642425537
3863 0.49139404296875 0.4891616106033325
3864 0.48545214533805847 0.5043984651565552
3865 0.49039459228515625 0.5051860809326172
3866 0.4894214868545532 0.5100486278533936
3867 0.4844427704811096 0.5083604454994202
3868 0.4942229390144348 0.4907171130180359
3869 0.4941038191318512 0.4993453919887543
3870 0.4942532479763031 0.48694828152656555
3871 0.49425482749938965 0.4844767451286316
3872 0.4908231496810913 0.4998858571052551
3873 0.47378334403038025 0.5218396782875061
3874 0.47087278962135315 0.5184518694877625
3875 0.4736436605453491 0.5152555704116821
3876 0.47764134407043457 0.5193118453025818
3877 0.4680727422237396 0.5070513486862183
3878 0.465683251619339 0.5105713605880737
3879 0.47468727827072144 0.49767059087753296
3880 0.47261476516723633 0.5007971525192261
3881 0.45841294527053833 0.5385637879371643
3882 0.4583945870399475 0.5406592488288879
3883 0.4599928557872772 0.5246027112007141
3884 0.4587269127368927 0.5346421003341675
3885 0.4806784987449646 0.5158262848854065
3886 0.4760201573371887 0.5120712518692017
3887 0.4794383645057678 0.5089462399482727
3888 0.48347988724708557 0.5116264224052429
3889 0.47066730260849 0.503633975982666
3890 0.46864446997642517 0.5270691514015198
3891 0.4666874408721924 0.5240272283554077
3892 0.4620857834815979 0.5176516175270081
3893 0.4608783423900604 0.5213506817817688
3894 0.46067607402801514 0.5402119159698486
3895 0.4650748372077942 0.5396491289138794
3896 0.4596468210220337 0.5405918955802917
3897 0.45853379368782043 0.5406816005706787
3898 0.46000611782073975 0.5405250787734985
3899 0.4601757228374481 0.5404936075210571
3900 0.4608153998851776 0.5403749346733093
3901 0.46443790197372437 0.520797610282898
3902 0.46514466404914856 0.5264087319374084
3903 0.46287474036216736 0.5237488150596619
3904 0.4683610200881958 0.5146147608757019
3905 0.4710544943809509 0.5112278461456299
3906 0.4732871353626251 0.5081071853637695
3907 0.47503960132598877 0.505620002746582
3908 0.4769219160079956 0.4926809072494507
3909 0.4617132246494293 0.5271511077880859
3910 0.4601650834083557 0.5349972248077393
3911 0.45966649055480957 0.5379101634025574
3912 0.4969935417175293 0.5152727365493774
3913 0.49659839272499084 0.5221667289733887
3914 0.49789854884147644 0.5027855634689331
3915 0.4975961148738861 0.5087546110153198
3916 0.4961147904396057 0.5036759972572327
3917 0.49586212635040283 0.5100378394126892
3918 0.49316737055778503 0.5104320049285889
3919 0.4939144551753998 0.5042467713356018
3920 0.47756898403167725 0.5257766842842102
3921 0.46711432933807373 0.5291754007339478
3922 0.4813639521598816 0.5228372812271118
3923 0.4866194427013397 0.5142204165458679
3924 0.4607163667678833 0.5382175445556641
3925 0.463733047246933 0.529697060585022
3926 0.4625946581363678 0.533958911895752
3927 0.49544739723205566 0.5165968537330627
3928 0.4846653342247009 0.5183825492858887
3929 0.4918767809867859 0.5159560441970825
3930 0.48890382051467896 0.5217069983482361
3931 0.4846159815788269 0.5258902311325073
3932 0.4804452657699585 0.5294877886772156
3933 0.4651035666465759 0.539980411529541
3934 0.4658213257789612 0.5399596095085144
3935 0.49003833532333374 0.536184549331665
3936 0.4942578077316284 0.5338713526725769
3937 0.46462422609329224 0.5411308407783508
3938 0.46445557475090027 0.5421613454818726
3939 0.464204877614975 0.5406910181045532
3940 0.46510404348373413 0.5396838784217834
3941 0.4637935757637024 0.5432946681976318
3942 0.4657962918281555 0.5394859313964844
3943 0.4886128306388855 0.5307558178901672
3944 0.4825347065925598 0.5332542657852173
3945 0.4656527042388916 0.5390565395355225
3946 0.468366414308548 0.5370009541511536
3947 0.46630576252937317 0.5383102893829346
3948 0.4935092031955719 0.5253047347068787
3949 0.46901261806488037 0.5385960936546326
3950 0.4665667414665222 0.539086639881134
3951 0.4627455770969391 0.5433838963508606
3952 0.48112398386001587 0.5059857368469238
3953 0.47701603174209595 0.5026254057884216
3954 0.4763388931751251 0.4935937821865082
3955 0.47571268677711487 0.49536964297294617
3956 0.4816831946372986 0.5032203197479248
3957 0.4779643714427948 0.500280499458313
3958 0.4819492697715759 0.5001994371414185
3959 0.4791244566440582 0.49815109372138977
3960 0.4616461396217346 0.5533149838447571
3961 0.4641764163970947 0.5510091185569763
3962 0.4651556611061096 0.5529977679252625
3963 0.46239611506462097 0.5565702319145203
3964 0.4601876139640808 0.5593371391296387
3965 0.4594576358795166 0.5545198917388916
3966 0.4663313329219818 0.5469431281089783
3967 0.467475950717926 0.5485244989395142
3968 0.4584411084651947 0.5631475448608398
3969 0.457402765750885 0.5573300719261169
3970 0.45608460903167725 0.5666828155517578
3971 0.4552448093891144 0.5596163272857666
3972 0.45297300815582275 0.5683863759040833
3973 0.4526832103729248 0.5612446665763855
3974 0.43122097849845886 0.5685192942619324
3975 0.4369814991950989 0.5729117393493652
3976 0.44357800483703613 0.5747685432434082
3977 0.45412370562553406 0.5775328874588013
3978 0.44915762543678284 0.5764985084533691
3979 0.45858556032180786 0.576252818107605
3980 0.46233034133911133 0.5733613967895508
3981 0.4674384295940399 0.5698635578155518
3982 0.47058218717575073 0.5650637745857239
3983 0.4730228781700134 0.5606235265731812
3984 0.4573436975479126 0.5726602673530579
3985 0.4532531797885895 0.573045015335083
3986 0.46042633056640625 0.5694794654846191
3987 0.46307334303855896 0.5659886002540588
3988 0.46584847569465637 0.5619626641273499
3989 0.4690340459346771 0.5575420260429382
3990 0.4491979479789734 0.5731204748153687
3991 0.4446249008178711 0.5713611245155334
3992 0.4394703805446625 0.5681793689727783
3993 0.43476927280426025 0.5638110041618347
3994 0.42631182074546814 0.5619100332260132
3995 0.4297002851963043 0.5579139590263367
3996 0.43645578622817993 0.5495895147323608
3997 0.4337990880012512 0.5527670383453369
3998 0.4303763210773468 0.5465596914291382
3999 0.43408191204071045 0.5445134043693542
4000 0.43931519985198975 0.5548309087753296
4001 0.4373992383480072 0.5588739514350891
4002 0.4493076801300049 0.569146990776062
4003 0.44538798928260803 0.5669263601303101
4004 0.4462597370147705 0.5619928240776062
4005 0.44989219307899475 0.5623492002487183
4006 0.44149118661880493 0.5635992288589478
4007 0.4427875578403473 0.5596304535865784
4008 0.48297107219696045 0.5498533844947815
4009 0.46683257818222046 0.5432910919189453
4010 0.48306727409362793 0.546432375907898
4011 0.48267847299575806 0.5424267053604126
4012 0.4711619019508362 0.5537416934967041
4013 0.475069522857666 0.5565381050109863
4014 0.4781798720359802 0.5483055114746094
4015 0.4746720492839813 0.5435357093811035
4016 0.47318172454833984 0.5501574873924255
4017 0.46670275926589966 0.5398778319358826
4018 0.4694589078426361 0.5401518940925598
4019 0.47640693187713623 0.6193437576293945
4020 0.4303932785987854 0.6123433113098145
4021 0.4385456144809723 0.6137528419494629
4022 0.4672392010688782 0.6186701059341431
4023 0.39593592286109924 0.5018703937530518
4024 0.3845505118370056 0.49649447202682495
4025 0.39562904834747314 0.5278226733207703
4026 0.3860233724117279 0.5276103019714355
4027 0.38446056842803955 0.5132447481155396
4028 0.394559770822525 0.5147582292556763
4029 0.40467408299446106 0.506854772567749
4030 0.40264761447906494 0.5169939398765564
4031 0.4035046696662903 0.5290621519088745
4032 0.41121208667755127 0.5112769603729248
4033 0.40919697284698486 0.5200332403182983
4034 0.40971964597702026 0.5311100482940674
4035 0.41559505462646484 0.5346121788024902
4036 0.4159720540046692 0.5146219730377197
4037 0.41877293586730957 0.5350158214569092
4038 0.4145500361919403 0.5235254764556885
4039 0.42011359333992004 0.5187597274780273
4040 0.42041856050491333 0.5291672348976135
4041 0.42575758695602417 0.5251468420028687
4042 0.427851140499115 0.528101921081543
4043 0.4305863678455353 0.531151533126831
4044 0.4283307194709778 0.5381178259849548
4045 0.4230414032936096 0.5546519756317139
4046 0.42595726251602173 0.5516132116317749
4047 0.42280757427215576 0.5313317775726318
4048 0.4215541481971741 0.5479885339736938
4049 0.4239429831504822 0.5459417104721069
4050 0.4214779734611511 0.5362676382064819
4051 0.42508840560913086 0.5337384939193726
4052 0.4239542484283447 0.5382974147796631
4053 0.4975994825363159 0.40952473878860474
4054 0.4954861104488373 0.40955013036727905
4055 0.4937092065811157 0.40957146883010864
4056 0.48352286219596863 0.41554689407348633
4057 0.4871266484260559 0.41342881321907043
4058 0.486788272857666 0.4150822162628174
4059 0.4838855266571045 0.41703104972839355
4060 0.490825355052948 0.41187572479248047
4061 0.49000632762908936 0.41536784172058105
4062 0.4840894639492035 0.4247373640537262
4063 0.4840894639492035 0.4247373938560486
4064 0.4840894639492035 0.4247373640537262
4065 0.4840894639492035 0.4247373640537262
4066 0.48426127433776855 0.4239155054092407
4067 0.48451775312423706 0.4226885437965393
4068 0.4840894341468811 0.4247373640537262
4069 0.4840894639492035 0.4247373640537262
4070 0.4840894639492035 0.4247373640537262
4071 0.4840894937515259 0.4247373640537262
4072 0.4840894639492035 0.4247373640537262
4073 0.4840894639492035 0.4247373342514038
4074 0.4840894639492035 0.4247373640537262
4075 0.4840894639492035 0.4247373342514038
4076 0.4840894639492035 0.4247373640537262
4077 0.4840894639492035 0.4247373640537262
4078 0.4904564619064331 0.4247373640537262
4079 0.4930058717727661 0.4247373640537262
4080 0.48415401577949524 0.4247373640537262
4081 0.48809725046157837 0.4247373640537262
4082 0.4861980080604553 0.4247373640537262
4083 0.4840894639492035 0.4247373640537262
4084 0.48413532972335815 0.42451798915863037
4085 0.48480892181396484 0.42129555344581604
4086 0.4840894341468811 0.4247373640537262
4087 0.4840894341468811 0.4247373342514038
4088 0.4872223734855652 0.4203680753707886
4089 0.48496103286743164 0.4231923818588257
4090 0.49422088265419006 0.41849854588508606
4091 0.4966924786567688 0.41905781626701355
4092 0.4964261054992676 0.4208937883377075
4093 0.4934353232383728 0.4200964570045471
4094 0.4914362132549286 0.4184509515762329
4095 0.4904038608074188 0.42009851336479187
4096 0.48050040006637573 0.4149065315723419
4097 0.4835292100906372 0.4119384288787842
4098 0.4767351746559143 0.4223577380180359
4099 0.47649049758911133 0.42523181438446045
4100 0.48270633816719055 0.4251391291618347
4101 0.4827319383621216 0.4252609610557556
4102 0.4840894639492035 0.4247373640537262
4103 0.4840894639492035 0.4247373640537262
4104 0.4822481870651245 0.4226323962211609
4105 0.4832725524902344 0.42036306858062744
4106 0.49029549956321716 0.4247373342514038
4107 0.4945233464241028 0.4247373640537262
4108 0.4952522814273834 0.42257261276245117
4109 0.49244463443756104 0.4213871359825134
4110 0.486268013715744 0.4247373342514038
4111 0.48863375186920166 0.42217880487442017
4112 0.48541489243507385 0.419111430644989
4113 0.48828667402267456 0.41870519518852234
4114 0.4840894639492035 0.4247373640537262
4115 0.4840894639492035 0.4247373640537262
4116 0.4840894639492035 0.4247373640537262
4117 0.4840894639492035 0.4247373640537262
4118 0.4825046956539154 0.4253137707710266
4119 0.4840894639492035 0.4247373640537262
4120 0.4977782368659973 0.4152001738548279
4121 0.49559885263442993 0.4149548411369324
4122 0.49602264165878296 0.41214343905448914
4123 0.49792033433914185 0.4135529100894928
4124 0.4937122166156769 0.4121781885623932
4125 0.4933924674987793 0.41489943861961365
4126 0.4875088036060333 0.4092555046081543
4127 0.4909018278121948 0.4094284176826477
4128 0.4816611409187317 0.41922855377197266
4129 0.47958651185035706 0.4258728623390198
4130 0.4798547029495239 0.42069798707962036
4131 0.4811195731163025 0.4176199734210968
4132 0.4780043661594391 0.4260431230068207
4133 0.47778886556625366 0.4255189299583435
4134 0.4788931608200073 0.42538654804229736
4135 0.478971391916275 0.42566436529159546
4136 0.4347721040248871 0.35110610723495483
4137 0.4519602060317993 0.40215858817100525
4138 0.4552328288555145 0.40395334362983704
4139 0.45257681608200073 0.3872557580471039
4140 0.4503970742225647 0.40929925441741943
4141 0.45428600907325745 0.4130197763442993
4142 0.4087795913219452 0.3675517737865448
4143 0.4840894639492035 0.4247373640537262
4144 0.4840894639492035 0.4247373640537262
4145 0.4840894639492035 0.4247373640537262
4146 0.4840894639492035 0.4247373640537262
4147 0.48217183351516724 0.42355334758758545
4148 0.4781702756881714 0.42550960183143616
4149 0.4790894389152527 0.42544955015182495
4150 0.43437814712524414 0.29903337359428406
4151 0.4629107117652893 0.32145053148269653
4152 0.38486528396606445 0.332133412361145
4153 0.47842949628829956 0.41771307587623596
4154 0.47678983211517334 0.42839038372039795
4155 0.4840894639492035 0.4247373640537262
4156 0.4770084619522095 0.4248238205909729
4157 0.47738543152809143 0.4273146390914917
4158 0.47743016481399536 0.42388081550598145
4159 0.4790821075439453 0.41907498240470886
4160 0.48082318902015686 0.41625505685806274
4161 0.48345065116882324 0.41382598876953125
4162 0.4875270128250122 0.41079795360565186
4163 0.49109262228012085 0.4097224175930023
4164 0.49381712079048157 0.4098765552043915
4165 0.49562013149261475 0.4111267328262329
4166 0.4977789521217346 0.4111080467700958
4167 0.48028528690338135 0.4252273142337799
4168 0.4802131652832031 0.4254321753978729
4169 0.48037293553352356 0.4253404438495636
4170 0.48036888241767883 0.4219083786010742
4171 0.48170632123947144 0.42037174105644226
4172 0.48368334770202637 0.41871124505996704
4173 0.4862135350704193 0.41717660427093506
4174 0.48930132389068604 0.41700100898742676
4175 0.49492335319519043 0.4164098799228668
4176 0.492265522480011 0.41627201437950134
4177 0.497053325176239 0.41691017150878906
4178 0.46781864762306213 0.39497119188308716
4179 0.4746176302433014 0.3956214189529419
4180 0.47779911756515503 0.39573097229003906
4181 0.4712521433830261 0.39550551772117615
4182 0.4840894341468811 0.4247373640537262
4183 0.46941858530044556 0.3901458978652954
4184 0.4841352701187134 0.39565446972846985
4185 0.4877544641494751 0.395419716835022
4186 0.494822233915329 0.39523154497146606
4187 0.46910765767097473 0.3975248336791992
4188 0.4840894639492035 0.4247373640537262
4189 0.4840894639492035 0.4247373640537262
4190 0.4840894639492035 0.4247373640537262
4191 0.4840894639492035 0.4247373640537262
4192 0.4840894639492035 0.4247373640537262
4193 0.46809178590774536 0.40154820680618286
4194 0.4840894639492035 0.4247373640537262
4195 0.4840894639492035 0.4247373640537262
4196 0.4840894639492035 0.4247373640537262
4197 0.46332666277885437 0.4075372815132141
4198 0.4840894639492035 0.4247373640537262
4199 0.47766831517219543 0.43142443895339966
4200 0.4840894639492035 0.4247373640537262
4201 0.4816100597381592 0.4234452545642853
4202 0.4840894639492035 0.4247373640537262
4203 0.4840894639492035 0.4247373640537262
4204 0.4840894639492035 0.4247373342514038
4205 0.4840894639492035 0.4247373640537262
4206 0.4792778491973877 0.4264008402824402
4207 0.47863978147506714 0.4275323152542114
4208 0.4840894639492035 0.4247373640537262
4209 0.4840894639492035 0.4247373640537262
4210 0.4840894639492035 0.4247373640537262
4211 0.4840894639492035 0.4247373938560486
4212 0.4841758608818054 0.42519283294677734
4213 0.481964111328125 0.4225405752658844
4214 0.48031893372535706 0.4274294376373291
4215 0.4797886908054352 0.42935556173324585
4216 0.4790912866592407 0.4355056583881378
4217 0.4781350791454315 0.42977237701416016
4218 0.4793812036514282 0.4323731064796448
4219 0.48045504093170166 0.4259639382362366
4220 0.4812365770339966 0.4268667697906494
4221 0.4840894639492035 0.4247373640537262
4222 0.4840894639492035 0.4247373640537262
4223 0.4636695981025696 0.4347505569458008
4224 0.4601312577724457 0.42888978123664856
4225 0.4840894639492035 0.4247373342514038
4226 0.4840894937515259 0.4247373938560486
4227 0.4840894639492035 0.4247373938560486
4228 0.4840894639492035 0.4247373640537262
4229 0.4840894937515259 0.4247373342514038
4230 0.4842720627784729 0.4257001280784607
4231 0.4842485785484314 0.42557644844055176
4232 0.4840894937515259 0.4247373938560486
4233 0.4840894639492035 0.4247373640537262
4234 0.4850345849990845 0.4256320893764496
4235 0.4840894639492035 0.4247373640537262
4236 0.4840894937515259 0.4247373640537262
4237 0.4840894639492035 0.4247373640537262
4238 0.4840894937515259 0.4247373640537262
4239 0.4875584840774536 0.4248749017715454
4240 0.48827433586120605 0.4267268180847168
4241 0.4854831397533417 0.4247373342514038
4242 0.4865862727165222 0.4247373640537262
4243 0.495036244392395 0.4247373342514038
4244 0.49562573432922363 0.4261888265609741
4245 0.4917354881763458 0.42673158645629883
4246 0.4911997616291046 0.4251074492931366
4247 0.4905672073364258 0.4247373640537262
4248 0.4899006485939026 0.4247373640537262
4249 0.4931533932685852 0.4247373342514038
4250 0.49419108033180237 0.4247373640537262
4251 0.4855811595916748 0.43610548973083496
4252 0.4859676659107208 0.4320436716079712
4253 0.48933953046798706 0.4342936873435974
4254 0.4890495538711548 0.43902552127838135
4255 0.4832637906074524 0.4336591958999634
4256 0.48363685607910156 0.4303949773311615
4257 0.48132991790771484 0.4315367639064789
4258 0.48181289434432983 0.4289231300354004
4259 0.48122984170913696 0.4395653307437897
4260 0.4927313029766083 0.44053593277931213
4261 0.492840051651001 0.4354134202003479
4262 0.4964125156402588 0.43569278717041016
4263 0.496206134557724 0.44080865383148193
4264 0.48461806774139404 0.4275248050689697
4265 0.4846409559249878 0.42764535546302795
4266 0.4857127070426941 0.42736107110977173
4267 0.48910045623779297 0.4283195734024048
4268 0.4922954738140106 0.42893677949905396
4269 0.49601009488105774 0.4286612868309021
4270 0.4338168799877167 0.4277641177177429
4271 0.4282289743423462 0.43119609355926514
4272 0.46099382638931274 0.458296000957489
4273 0.45937567949295044 0.4465082287788391
4274 0.45384764671325684 0.41746705770492554
4275 0.4781847596168518 0.4436817765235901
4276 0.48012298345565796 0.4505033493041992
4277 0.4921865165233612 0.4247373640537262
4278 0.4890648424625397 0.4247373938560486
4279 0.4834773540496826 0.44162482023239136
4280 0.48541176319122314 0.4453691840171814
4281 0.4894525408744812 0.4479813575744629
4282 0.49615684151649475 0.4449159502983093
4283 0.4928325414657593 0.44485411047935486
4284 0.4890708327293396 0.4431793689727783
4285 0.48536062240600586 0.4402889609336853
4286 0.4831532835960388 0.4372548460960388
4287 0.48105084896087646 0.43549489974975586
4288 0.4927999973297119 0.4311386048793793
4289 0.49633121490478516 0.4314609169960022
4290 0.4859603941440582 0.4295160472393036
4291 0.48930805921554565 0.43064796924591064
4292 0.48456716537475586 0.4292864501476288
4293 0.4824860692024231 0.4279816150665283
4294 0.46966883540153503 0.4405900835990906
4295 0.4840894639492035 0.4247373640537262
4296 0.46752509474754333 0.44651228189468384
4297 0.473042368888855 0.4460950493812561
4298 0.4785720109939575 0.45350542664527893
4299 0.4821416139602661 0.4592285752296448
4300 0.4874865710735321 0.4621988534927368
4301 0.47876298427581787 0.46099337935447693
4302 0.4929969310760498 0.44863268733024597
4303 0.4961036443710327 0.4484275281429291
4304 0.4922214150428772 0.47243818640708923
4305 0.4916713833808899 0.4720005691051483
4306 0.4910924434661865 0.4722070097923279
4307 0.485888808965683 0.48803526163101196
4308 0.48673003911972046 0.4857752323150635
4309 0.48853397369384766 0.4817553758621216
4310 0.4877663850784302 0.4835677146911621
4311 0.4884018003940582 0.48221462965011597
4312 0.4833953082561493 0.49614667892456055
4313 0.487010657787323 0.4812166690826416
4314 0.4873088002204895 0.48091328144073486
4315 0.48577529191970825 0.4800834059715271
4316 0.4862988591194153 0.4797849655151367
4317 0.4864796996116638 0.4797239303588867
4318 0.3874683976173401 0.2514694929122925
4319 0.4626637101173401 0.2525937557220459
4320 0.48767977952957153 0.2984200716018677
4321 0.49405336380004883 0.3195764124393463
4322 0.47299501299858093 0.46963274478912354
4323 0.46360206604003906 0.516798198223114
4324 0.4838075637817383 0.4651752710342407
4325 0.4726164937019348 0.3881961703300476
4326 0.46793100237846375 0.31123751401901245
4327 0.4360242187976837 0.272676944732666
4328 0.37524351477622986 0.3241465985774994
4329 0.43003320693969727 0.4315093755722046
4330 0.46489131450653076 0.4652332663536072
4331 0.4708409905433655 0.45774030685424805
4332 0.45397597551345825 0.3921707272529602
4333 0.4452456831932068 0.38842707872390747
4334 0.4311855733394623 0.3896480202674866
4335 0.4651872217655182 0.3952966630458832
4336 0.44518715143203735 0.42296022176742554
4337 0.45887619256973267 0.4392877519130707
4338 0.46577364206314087 0.4392828345298767
4339 0.45495378971099854 0.3981333076953888
4340 0.4497464597225189 0.3967816233634949
4341 0.4467408061027527 0.4018615484237671
4342 0.4630635678768158 0.4028227925300598
4343 0.4508329927921295 0.4193761944770813
4344 0.4601592719554901 0.4325595200061798
4345 0.4622544050216675 0.4313865900039673
4346 0.46277257800102234 0.4120282232761383
4347 0.4547477662563324 0.40839385986328125
4348 0.4505894184112549 0.4050808548927307
4349 0.4454492926597595 0.39881789684295654
4350 0.43602779507637024 0.3861044943332672
4351 0.4168790876865387 0.3402402997016907
4352 0.41599300503730774 0.29175421595573425
4353 0.4169819951057434 0.25899574160575867
4354 0.4256972670555115 0.23519667983055115
4355 0.4840894639492035 0.4247373640537262
4356 0.45441344380378723 0.4178074598312378
4357 0.4523654282093048 0.41346895694732666
4358 0.44741207361221313 0.4110856056213379
4359 0.43467336893081665 0.40993666648864746
4360 0.4175567626953125 0.4053749740123749
4361 0.39085596799850464 0.3981606960296631
4362 0.38222938776016235 0.3934462070465088
4363 0.367388516664505 0.33774667978286743
4364 0.4785609245300293 0.39562100172042847
4365 0.4862197935581207 0.39269036054611206
4366 0.4941641092300415 0.39522063732147217
4367 0.47660359740257263 0.39568981528282166
4368 0.47349098324775696 0.3955826163291931
4369 0.47511595487594604 0.3925306499004364
4370 0.48386114835739136 0.3886782228946686
4371 0.4872224032878876 0.391085147857666
4372 0.4906817376613617 0.4723535180091858
4373 0.4909391701221466 0.4722616672515869
4374 0.4375563859939575 0.543363630771637
4375 0.4442664384841919 0.5618894100189209
4376 0.4421292543411255 0.5574169754981995
4377 0.45404142141342163 0.5222699642181396
4378 0.4567452669143677 0.5298703908920288
4379 0.44077569246292114 0.5531010627746582
4380 0.45968616008758545 0.551251232624054
4381 0.4561805725097656 0.5530211329460144
4382 0.4479144811630249 0.5632297992706299
4383 0.44168463349342346 0.5337340235710144
4384 0.4398033916950226 0.5389893651008606
4385 0.4451756477355957 0.5222120881080627
4386 0.44751593470573425 0.5205163359642029
4387 0.45301705598831177 0.5618127584457397
4388 0.46177178621292114 0.5458873510360718
4389 0.44373029470443726 0.5250717401504517
4390 0.46229833364486694 0.5455302000045776
4391 0.45831137895584106 0.5411856770515442
4392 0.46041518449783325 0.5404490828514099
4393 0.4606952667236328 0.5403972864151001
4394 0.43658462166786194 0.5428295731544495
4395 0.43539896607398987 0.5648559331893921
4396 0.4366188645362854 0.5575131177902222
4397 0.4521051049232483 0.5424091815948486
4398 0.4558446705341339 0.5424091815948486
4399 0.4386756420135498 0.5505495667457581
4400 0.4612424969673157 0.5496109127998352
4401 0.45582908391952515 0.5430854558944702
4402 0.4379294514656067 0.5722303986549377
4403 0.4384869933128357 0.5327610373497009
4404 0.4383252263069153 0.5367975234985352
4405 0.44027745723724365 0.5211794972419739
4406 0.44283950328826904 0.5209447145462036
4407 0.4534909725189209 0.5424091815948486
4408 0.46227478981018066 0.545540988445282
4409 0.4390767216682434 0.5275880098342896
4410 0.46253615617752075 0.544969916343689
4411 0.4586586356163025 0.5413923263549805
4412 0.4607425332069397 0.540388286113739
4413 0.46092554926872253 0.5403543710708618
4414 0.43962404131889343 0.5484367609024048
4415 0.4386405646800995 0.5488068461418152
4416 0.4498306214809418 0.5424091219902039
4417 0.4284825026988983 0.5402771234512329
4418 0.43204474449157715 0.5409192442893982
4419 0.43506351113319397 0.5421673655509949
4420 0.490908682346344 0.5560410022735596
4421 0.48694315552711487 0.554900586605072
4422 0.4763367772102356 0.5527853965759277
4423 0.46850454807281494 0.5450265407562256
4424 0.46629762649536133 0.542912483215332
4425 0.4645537734031677 0.5433735251426697
4426 0.46397820115089417 0.5440660715103149
4427 0.46268031001091003 0.5438783168792725
4428 0.4604572057723999 0.5419265031814575
4429 0.45652174949645996 0.5424091815948486
4430 0.4522257447242737 0.5424091219902039
4431 0.46260058879852295 0.5444821119308472
4432 0.46268314123153687 0.5438570380210876
4433 0.4641311764717102 0.5416010618209839
4434 0.46286386251449585 0.5424884557723999
4435 0.4627842605113983 0.5430909991264343
4436 0.46281182765960693 0.5407854318618774
4437 0.4616110324859619 0.5402271151542664
4438 0.46120962500572205 0.5403014421463013
4439 0.4626857042312622 0.5438376069068909
4440 0.46273159980773926 0.5434898138046265
4441 0.46274542808532715 0.5433850288391113
4442 0.4595940113067627 0.5414694547653198
4443 0.4563286304473877 0.5424091815948486
4444 0.4522257447242737 0.5424091219902039
4445 0.44858652353286743 0.5424091815948486
4446 0.43138623237609863 0.5284134149551392
4447 0.43482667207717896 0.5324671268463135
4448 0.4358874261379242 0.536331295967102
4449 0.4370695650577545 0.5412136912345886
4450 0.43807053565979004 0.540779173374176
4451 0.4385526776313782 0.5453906655311584
4452 0.437688410282135 0.5453505516052246
4453 0.43630605936050415 0.5461413860321045
4454 0.4327860176563263 0.5495412349700928
4455 0.42923077940940857 0.5543868541717529
4456 0.44803130626678467 0.5424091815948486
4457 0.45293015241622925 0.5424091815948486
4458 0.45695534348487854 0.5424091815948486
4459 0.460665762424469 0.5440279245376587
4460 0.4625677764415741 0.5447303056716919
4461 0.4626151919364929 0.5443711876869202
4462 0.43470650911331177 0.4577522277832031
4463 0.4382705092430115 0.46818530559539795
4464 0.4410664737224579 0.4770480692386627
4465 0.4451441168785095 0.48684385418891907
4466 0.45024776458740234 0.49532029032707214
4467 0.4543730318546295 0.501036524772644
4468 0.45793482661247253 0.5058164000511169
4469 0.4609483778476715 0.5100129246711731
4470 0.46353667974472046 0.5138675570487976
4471 0.46620360016822815 0.5175991654396057
4472 0.468489408493042 0.5213473439216614
4473 0.47067487239837646 0.5247859954833984
4474 0.47878795862197876 0.5450379848480225
4475 0.4788249135017395 0.5417457818984985
4476 0.47739723324775696 0.538983166217804
4477 0.473202109336853 0.5278787612915039
4478 0.4762134253978729 0.531596302986145
4479 0.46590960025787354 0.5412899255752563
4480 0.4667344391345978 0.5416321754455566
4481 0.4692305624485016 0.5432819128036499
4482 0.4742652177810669 0.5470036864280701
4483 0.4656580090522766 0.5405042171478271
4484 0.4695476293563843 0.5416769981384277
4485 0.466744065284729 0.5407711267471313
4486 0.47048863768577576 0.5301318764686584
4487 0.4720366597175598 0.5325803756713867
4488 0.47372549772262573 0.5377792119979858
4489 0.4744049608707428 0.5404965877532959
4490 0.4456790089607239 0.565087616443634
4491 0.449463427066803 0.5657155513763428
4492 0.45266014337539673 0.5651594400405884
4493 0.45560139417648315 0.5635079741477966
4494 0.45781803131103516 0.560093879699707
4495 0.4597693085670471 0.5570564270019531
4496 0.4619297683238983 0.5546653270721436
4497 0.46427789330482483 0.5514798760414124
4498 0.46676772832870483 0.5474563241004944
4499 0.46751120686531067 0.5440922379493713
4500 0.4678141474723816 0.5422022342681885
4501 0.4679630398750305 0.5411037802696228
4502 0.46783527731895447 0.5398210287094116
4503 0.4675418734550476 0.5385867357254028
4504 0.467115581035614 0.5374592542648315
4505 0.4631228446960449 0.5326433181762695
4506 0.4611915349960327 0.5309322476387024
4507 0.4594537019729614 0.5293742418289185
4508 0.45775312185287476 0.5278767347335815
4509 0.4559535086154938 0.5251089930534363
4510 0.4536226987838745 0.5224158763885498
4511 0.4495640993118286 0.5208405256271362
4512 0.44653379917144775 0.520748496055603
4513 0.44360509514808655 0.5219026207923889
4514 0.44083312153816223 0.5249791741371155
4515 0.43692833185195923 0.5297800898551941
4516 0.4337049424648285 0.5346139669418335
4517 0.4326693117618561 0.5453495383262634
4518 0.4352235794067383 0.5512186288833618
4519 0.4383651614189148 0.5569426417350769
4520 0.4419671297073364 0.5619627237319946
4521 0.43159088492393494 0.5391073226928711
4522 0.4638260304927826 0.5396908521652222
4523 0.46484318375587463 0.5383958220481873
4524 0.4653778672218323 0.5373278856277466
4525 0.46595555543899536 0.5355223417282104
4526 0.4671759605407715 0.5337690114974976
4527 0.4615199565887451 0.5392243266105652
4528 0.46567046642303467 0.5319226980209351
4529 0.46474939584732056 0.5343645811080933
4530 0.4641251266002655 0.5351842045783997
4531 0.4618590474128723 0.5386805534362793
4532 0.46639254689216614 0.5548540949821472
4533 0.46364694833755493 0.5593012571334839
4534 0.46871787309646606 0.5506569743156433
4535 0.47006940841674805 0.5475319623947144
4536 0.4714771807193756 0.5447903871536255
4537 0.4710381031036377 0.5382803082466125
4538 0.4716775119304657 0.5406405329704285
4539 0.47193455696105957 0.5432208776473999
4540 0.47007519006729126 0.5361002087593079
4541 0.46864670515060425 0.5319969654083252
4542 0.46114683151245117 0.5624738931655884
4543 0.4591684937477112 0.5661513209342957
4544 0.45640552043914795 0.568206787109375
4545 0.4530576169490814 0.5699675679206848
4546 0.4492262601852417 0.5702378749847412
4547 0.4450039863586426 0.5689066648483276
4548 0.44077226519584656 0.5654357075691223
4549 0.4364064931869507 0.5609738826751709
4550 0.43257811665534973 0.5547115802764893
4551 0.42820972204208374 0.5488268136978149
4552 0.4260523319244385 0.5428369045257568
4553 0.43780505657196045 0.540543258190155
4554 0.43688178062438965 0.5389941930770874
4555 0.4387720227241516 0.5429332256317139
4556 0.4351297914981842 0.5372634530067444
4557 0.43777987360954285 0.5429869294166565
4558 0.43723297119140625 0.5427765250205994
4559 0.4380093812942505 0.542920708656311
4560 0.4363654553890228 0.54145348072052
4561 0.4334076941013336 0.5401455163955688
4562 0.43520456552505493 0.5408851504325867
4563 0.4893214702606201 0.3216421902179718
4564 0.47746461629867554 0.32024669647216797
4565 0.4629706144332886 0.3245624601840973
4566 0.4481308162212372 0.32982635498046875
4567 0.43690726161003113 0.34344547986984253
4568 0.42775216698646545 0.3629857301712036
4569 0.42290395498275757 0.3809637427330017
4570 0.423744261264801 0.40183770656585693
4571 0.42485788464546204 0.41724854707717896
4572 0.4273107647895813 0.43178972601890564
4573 0.43047815561294556 0.44490715861320496
4574 0.422998309135437 0.5422973036766052
4575 0.42132705450057983 0.5421768426895142
4576 0.4188154935836792 0.542150616645813
4577 0.4153820276260376 0.5421528220176697
4578 0.4110576808452606 0.541986882686615
4579 0.40574634075164795 0.5414464473724365
4580 0.3989155888557434 0.5415835380554199
4581 0.39006680250167847 0.5429918766021729
4582 0.4650956392288208 0.5404519438743591
4583 0.46556323766708374 0.5413423180580139
4584 0.461905837059021 0.5401723384857178
4585 0.4615100622177124 0.5402458906173706
4586 0.46478042006492615 0.5409570932388306
4587 0.4649356007575989 0.5414912104606628
4588 0.49767425656318665 0.49260711669921875
4589 0.49624258279800415 0.4935406744480133
4590 0.4944760799407959 0.4943538308143616
4591 0.4917157292366028 0.4950103461742401
4592 0.4886835515499115 0.4952007830142975
4593 0.4866589903831482 0.49412474036216736
4594 0.4849737286567688 0.4933452606201172
4595 0.48217839002609253 0.4930526912212372
4596 0.4799373149871826 0.49144139885902405
4597 0.47845202684402466 0.4889531135559082
4598 0.47739148139953613 0.4862510561943054
4599 0.4771319627761841 0.48283010721206665
4600 0.4773264527320862 0.47987300157546997
4601 0.4778890013694763 0.47525566816329956
4602 0.4784243106842041 0.46956294775009155
4603 0.47805556654930115 0.4622266888618469
4604 0.4770618975162506 0.4547327160835266
4605 0.4752117395401001 0.44770580530166626
4606 0.47317078709602356 0.4407205581665039
4607 0.4714236557483673 0.4342052936553955
4608 0.47026535868644714 0.4285009503364563
4609 0.46988582611083984 0.4217908978462219
4610 0.47012490034103394 0.4149070680141449
4611 0.4718433916568756 0.4078998565673828
4612 0.4744104743003845 0.4034422039985657
4613 0.4780515134334564 0.39919039607048035
4614 0.4818755090236664 0.39527443051338196
4615 0.48658543825149536 0.3936322033405304
4616 0.49116945266723633 0.3928716480731964
4617 0.49381908774375916 0.3927288055419922
4618 0.496915340423584 0.392670601606369
4619 0.4849850833415985 0.45754802227020264
4620 0.4887627959251404 0.4580079913139343
4621 0.49235355854034424 0.4580550789833069
4622 0.4958895146846771 0.4581279754638672
4623 0.48485758900642395 0.46249035000801086
4624 0.48850876092910767 0.4615485370159149
4625 0.4922129511833191 0.4612383544445038
4626 0.49580228328704834 0.46115267276763916
4627 0.460702121257782 0.540395975112915
4628 0.4598003923892975 0.5405634641647339
4629 0.45845094323158264 0.5406683683395386
4630 0.4563866853713989 0.5403364896774292
4631 0.4547548294067383 0.5400741100311279
4632 0.4524632692337036 0.5397287607192993
4633 0.45042186975479126 0.5397630929946899
4634 0.44834959506988525 0.5399118661880493
4635 0.44595691561698914 0.5402899980545044
4636 0.44375482201576233 0.5408889055252075
4637 0.44077298045158386 0.5419356226921082
4638 0.43842464685440063 0.5421823263168335
4639 0.4372174143791199 0.5418826937675476
4640 0.43797242641448975 0.5436335802078247
4641 0.4396454691886902 0.5446698665618896
4642 0.44170650839805603 0.5458945035934448
4643 0.44397908449172974 0.5470304489135742
4644 0.44705063104629517 0.5475159287452698
4645 0.44985777139663696 0.5479595065116882
4646 0.4518629312515259 0.5480803847312927
4647 0.4540758728981018 0.5478947758674622
4648 0.45642924308776855 0.5476160049438477
4649 0.45878154039382935 0.5468303561210632
4650 0.46100056171417236 0.5468899011611938
4651 0.4641931653022766 0.5477055907249451
4652 0.46525657176971436 0.5447179079055786
4653 0.4653327465057373 0.5426812171936035
4654 0.46516793966293335 0.541397750377655
4655 0.46487003564834595 0.5405897498130798
4656 0.4646643400192261 0.540224552154541
4657 0.46449339389801025 0.5400384068489075
4658 0.46383267641067505 0.5399197340011597
4659 0.46206966042518616 0.5401419401168823
4660 0.4614291787147522 0.540260910987854
4661 0.27307507395744324 0.025049686431884766
4662 0.2702952027320862 0.025049686431884766
4663 0.24638471007347107 0.025049686431884766
4664 0.24913176894187927 0.025049686431884766
4665 0.2449633628129959 0.2913103401660919
4666 0.2523592710494995 0.24265989661216736
4667 0.2317788451910019 0.24378423392772675
4668 0.2251226007938385 0.2936747670173645
4669 0.23903489112854004 0.34348002076148987
4670 0.2223115861415863 0.3452826142311096
4671 0.20945152640342712 0.5572118759155273
4672 0.2149551510810852 0.5899519920349121
4673 0.22879663109779358 0.5780757665634155
4674 0.22251030802726746 0.5479012727737427
4675 0.26836949586868286 0.14034053683280945
4676 0.27581894397735596 0.09247510135173798
4677 0.24736525118350983 0.09818477183580399
4678 0.23919419944286346 0.14501866698265076
4679 0.2817680537700653 0.025049686431884766
4680 0.2820226550102234 0.025049686431884766
4681 0.2538675367832184 0.025049686431884766
4682 0.2538214325904846 0.025049686431884766
4683 0.278882771730423 0.04048171266913414
4684 0.2528876066207886 0.0605962760746479
4685 0.25960907340049744 0.18783341348171234
4686 0.2328546643257141 0.1919139176607132
4687 0.24780488014221191 0.9233059883117676
4688 0.20943571627140045 0.9053348302841187
4689 0.2518293559551239 0.025049686431884766
4690 0.2780294418334961 0.025049686431884766
4691 0.2699735462665558 0.7284115552902222
4692 0.2688858211040497 0.7087746858596802
4693 0.26011794805526733 0.7076038718223572
4694 0.25676804780960083 0.7193263173103333
4695 0.2528286874294281 0.694442629814148
4696 0.26400819420814514 0.6873263120651245
4697 0.2667974829673767 0.7693014144897461
4698 0.2690037190914154 0.7485915422439575
4699 0.25058338046073914 0.7393099069595337
4700 0.2443014681339264 0.7606948614120483
4701 0.22301284968852997 0.6202242970466614
4702 0.232649028301239 0.6493454575538635
4703 0.24603864550590515 0.6411857604980469
4704 0.23789550364017487 0.6082335114479065
4705 0.2427329123020172 0.6763534545898438
4706 0.2555065453052521 0.6687636971473694
4707 0.217734232544899 0.8656222224235535
4708 0.25026199221611023 0.8834044337272644
4709 0.23873232305049896 0.7830262184143066
4710 0.26364225149154663 0.7930324077606201
4711 0.25466668605804443 0.8513239622116089
4712 0.22547279298305511 0.8363544344902039
4713 0.2589873671531677 0.8212330341339111
4714 0.23264524340629578 0.8070198893547058
4715 0.2182176411151886 0.5176169872283936
4716 0.20492860674858093 0.5252166986465454
4717 0.21723124384880066 0.4554044008255005
4718 0.22172807157039642 0.42384782433509827
4719 0.20760168135166168 0.42719489336013794
4720 0.20361703634262085 0.4590536952018738
4721 0.20253455638885498 0.4913980960845947
4722 0.2164372205734253 0.4858700633049011
4723 0.2524552047252655 0.025049686431884766
4724 0.25343045592308044 0.025049686431884766
4725 0.23092713952064514 0.025049686431884766
4726 0.23134323954582214 0.025049686431884766
4727 0.24394217133522034 0.025049686431884766
4728 0.26638486981391907 0.025049686431884766
4729 0.24108487367630005 0.025049686431884766
4730 0.26249122619628906 0.025049686431884766
4731 0.2578899562358856 0.025049686431884766
4732 0.23766538500785828 0.025049686431884766
4733 0.23390062153339386 0.025049686431884766
4734 0.2537294626235962 0.025049686431884766
4735 0.22925660014152527 0.38848209381103516
4736 0.21239998936653137 0.38743284344673157
4737 0.22130540013313293 0.025049686431884766
4738 0.2126104235649109 0.025049686431884766
4739 0.2126104235649109 0.025049686431884766
4740 0.14722512662410736 0.025049686431884766
4741 0.09148168563842773 0.025049686431884766
4742 0.16869546473026276 0.025049686431884766
4743 0.22005319595336914 0.025049686431884766
4744 0.2126104235649109 0.025049686431884766
4745 0.2126104235649109 0.025049686431884766
4746 0.20950527489185333 0.025049686431884766
4747 0.1878412663936615 0.025049686431884766
4748 0.15201611816883087 0.025049686431884766
4749 0.14810630679130554 0.025049686431884766
4750 0.09148168563842773 0.025049686431884766
4751 0.19167135655879974 0.5327795743942261
4752 0.18763995170593262 0.46331650018692017
4753 0.1982732117176056 0.2965455651283264
4754 0.2041848599910736 0.2476903349161148
4755 0.19959191977977753 0.35179197788238525
4756 0.206797793507576 0.63177490234375
4757 0.19481778144836426 0.5664142370223999
4758 0.12584656476974487 0.24976740777492523
4759 0.12565918266773224 0.30542218685150146
4760 0.07841566950082779 0.299099862575531
4761 0.07777971029281616 0.24736875295639038
4762 0.17117133736610413 0.4693352282047272
4763 0.17428025603294373 0.5405398011207581
4764 0.19435174763202667 0.3884735703468323
4765 0.17200925946235657 0.3922587037086487
4766 0.17025363445281982 0.345464825630188
4767 0.17503072321414948 0.2491251826286316
4768 0.17097686231136322 0.29812192916870117
4769 0.17875823378562927 0.5759419798851013
4770 0.12688294053077698 0.3995969295501709
4771 0.12635862827301025 0.47774025797843933
4772 0.07364079356193542 0.47560739517211914
4773 0.0770791545510292 0.39659497141838074
4774 0.12697619199752808 0.35185229778289795
4775 0.12993110716342926 0.5534104108810425
4776 0.1353689283132553 0.5941417217254639
4777 0.08299484848976135 0.6142930388450623
4778 0.0957728773355484 0.6926397085189819
4779 0.19009454548358917 0.6438372135162354
4780 0.14504021406173706 0.6673316955566406
4781 0.07733140885829926 0.34493744373321533
4782 0.07661053538322449 0.5657410621643066
4783 0.128618523478508 0.15664847195148468
4784 0.07581376284360886 0.14796429872512817
4785 0.0742337554693222 0.10607913881540298
4786 0.159665048122406 0.11525528132915497
4787 0.21392375230789185 0.14978601038455963
4788 0.18356779217720032 0.15456220507621765
4789 0.1875632107257843 0.10724025964736938
4790 0.2203650176525116 0.10427070409059525
4791 0.22377875447273254 0.025049686431884766
4792 0.2126104235649109 0.025049686431884766
4793 0.2126104235649109 0.025049686431884766
4794 0.22263328731060028 0.025049686431884766
4795 0.19469912350177765 0.025049686431884766
4796 0.1780487596988678 0.025049686431884766
4797 0.22485600411891937 0.03455723449587822
4798 0.2029813528060913 0.03660408407449722
4799 0.16648991405963898 0.035339877009391785
4800 0.19283241033554077 0.07051876932382584
4801 0.16013531386852264 0.07380718737840652
4802 0.22241875529289246 0.06827109307050705
4803 0.07351874560117722 0.07083352655172348
4804 0.1269170343875885 0.19855335354804993
4805 0.07948629558086395 0.19014719128608704
4806 0.17871052026748657 0.19899825751781464
4807 0.20829612016677856 0.19578543305397034
4808 0.07161594927310944 0.0307586882263422
4809 0.10380704700946808 0.030119940638542175
4810 0.14129704236984253 0.031089086085557938
4811 0.10793381184339523 0.025049686431884766
4812 0.21664538979530334 0.6621903777122498
4813 0.20079255104064941 0.6777046322822571
4814 0.10767962783575058 0.7395053505897522
4815 0.15407390892505646 0.7086955308914185
4816 0.14948159456253052 0.8426640033721924
4817 0.177809476852417 0.8777658343315125
4818 0.19992882013320923 0.817579984664917
4819 0.24275007843971252 0.7054404020309448
4820 0.22865578532218933 0.6859699487686157
4821 0.22485686838626862 0.7444371581077576
4822 0.09148168563842773 0.025049686431884766
4823 0.15024346113204956 0.025049686431884766
4824 0.13552823662757874 0.025049686431884766
4825 0.1533101350069046 0.025049686431884766
4826 0.2324914038181305 0.7246466279029846
4827 0.13433466851711273 0.8125558495521545
4828 0.10762247443199158 0.24765129387378693
4829 0.10432380437850952 0.3057759404182434
4830 0.10301435738801956 0.40004608035087585
4831 0.10172829777002335 0.47841876745224
4832 0.10412748157978058 0.5599672794342041
4833 0.10366668552160263 0.3504021167755127
4834 0.10872036218643188 0.6008491516113281
4835 0.12319071590900421 0.6800185441970825
4836 0.10112840682268143 0.11352419853210449
4837 0.1044614315032959 0.15506666898727417
4838 0.09906520694494247 0.07296087592840195
4839 0.10640062391757965 0.19655610620975494
4840 0.18944841623306274 0.8420852422714233
4841 0.13150730729103088 0.7184061408042908
4842 0.16687451303005219 0.8146622776985168
4843 0.15363049507141113 0.786408007144928
4844 0.1309233158826828 0.11554840207099915
4845 0.13615411520004272 0.07428286224603653
4846 0.15054555237293243 0.30386826395988464
4847 0.15107443928718567 0.25127092003822327
4848 0.15018540620803833 0.3485763370990753
4849 0.15057596564292908 0.3957693576812744
4850 0.14915402233600616 0.47325730323791504
4851 0.15356743335723877 0.54656982421875
4852 0.1579301357269287 0.5835146307945251
4853 0.1695813238620758 0.658089816570282
4854 0.18079593777656555 0.700513482093811
4855 0.15703627467155457 0.15704819560050964
4856 0.1542070508003235 0.20043478906154633
4857 0.21554310619831085 0.7683038711547852
4858 0.2082260251045227 0.7926222085952759
4859 0.18015603721141815 0.79465651512146
4860 0.19009068608283997 0.7745743989944458
4861 0.16824999451637268 0.7710344195365906
4862 0.17928247153759003 0.7622085809707642
4863 0.2164400964975357 0.703346312046051
4864 0.20535418391227722 0.7241702079772949
4865 0.1200074702501297 0.7782843112945557
4866 0.14197222888469696 0.7565096616744995
4867 0.1604527235031128 0.7426129579544067
4868 0.17962995171546936 0.74039226770401
4869 0.19657042622566223 0.7514354586601257
4870 0.18881498277187347 0.4974064230918884
4871 0.12878766655921936 0.517157793045044
4872 0.1508421003818512 0.5098236799240112
4873 0.17255330085754395 0.5050454139709473
4874 0.07655361294746399 0.5245118737220764
4875 0.10364007204771042 0.519683837890625
4876 0.16894996166229248 0.025049686431884766
4877 0.15024346113204956 0.025049686431884766
4878 0.15024346113204956 0.025049686431884766
4879 0.16950729489326477 0.025049686431884766
4880 0.14624404907226562 0.025049686431884766
4881 0.1457388550043106 0.025049686431884766
4882 0.10905414819717407 0.025049686431884766
4883 0.10895507782697678 0.025049686431884766
4884 0.09148168563842773 0.025049686431884766
4885 0.09148168563842773 0.025049686431884766
4886 0.07126323878765106 0.025049686431884766
4887 0.07019495964050293 0.025049686431884766
4888 0.19835594296455383 0.025049686431884766
4889 0.2126104235649109 0.025049686431884766
4890 0.2126104235649109 0.025049686431884766
4891 0.19724425673484802 0.025049686431884766
4892 0.2126104235649109 0.025049686431884766
4893 0.2126104235649109 0.025049686431884766
4894 0.2126104235649109 0.025049686431884766
4895 0.2126104235649109 0.025049686431884766
4896 0.2126104235649109 0.025049686431884766
4897 0.2126104235649109 0.025049686431884766
4898 0.2126104235649109 0.025049686431884766
4899 0.2126104235649109 0.025049686431884766
4900 0.2126104235649109 0.025049686431884766
4901 0.2126104235649109 0.025049686431884766
4902 0.2126104235649109 0.025049686431884766
4903 0.2126104235649109 0.025049686431884766
4904 0.2126104235649109 0.025049686431884766
4905 0.2126104235649109 0.025049686431884766
4906 0.17492420971393585 0.025049686431884766
4907 0.15024346113204956 0.025049686431884766
4908 0.14632408320903778 0.025049686431884766
4909 0.10897304117679596 0.025049686431884766
4910 0.09148168563842773 0.025049686431884766
4911 0.06839115917682648 0.025049686431884766
4912 0.2126104235649109 0.025049686431884766
4913 0.2126104235649109 0.025049686431884766
4914 0.21803291141986847 0.025049684569239616
4915 0.20492389798164368 0.025049686431884766
4916 0.2126104235649109 0.025049686431884766
4917 0.2126104235649109 0.025049686431884766
4918 0.2126104235649109 0.025049686431884766
4919 0.2126104235649109 0.025049686431884766
4920 0.21553397178649902 0.025049686431884766
4921 0.2126104235649109 0.025049686431884766
4922 0.2126104235649109 0.025049686431884766
4923 0.2126104235649109 0.025049686431884766
4924 0.2126104235649109 0.025049686431884766
4925 0.2126104235649109 0.025049686431884766
4926 0.21289178729057312 0.025049686431884766
4927 0.2126104235649109 0.025049686431884766
4928 0.2126104235649109 0.025049686431884766
4929 0.2126104235649109 0.025049686431884766
4930 0.2126104235649109 0.025049686431884766
4931 0.2126104235649109 0.025049686431884766
4932 0.2126104235649109 0.025049686431884766
4933 0.2126104235649109 0.025049686431884766
4934 0.2126104235649109 0.025049686431884766
4935 0.2126104235649109 0.025049686431884766
4936 0.0876692682504654 0.656226396560669
4937 0.11411668360233307 0.6427847146987915
4938 0.13911767303943634 0.632758617401123
4939 0.16283440589904785 0.6213894486427307
4940 0.18291468918323517 0.6114007234573364
4941 0.19979968667030334 0.6009340286254883
4942 0.19053611159324646 0.4269283711910248
4943 0.17252090573310852 0.4330235421657562
4944 0.15048663318157196 0.4354511797428131
4945 0.12718069553375244 0.4394280016422272
4946 0.10235851258039474 0.43974700570106506
4947 0.07598695158958435 0.4368448853492737
4948 0.2932303547859192 0.025049686431884766
4949 0.325350821018219 0.025049686431884766
4950 0.35796666145324707 0.025049686431884766
4951 0.3460322320461273 0.025049686431884766
4952 0.33149030804634094 0.025049686431884766
4953 0.31264591217041016 0.025049686431884766
4954 0.29490926861763 0.025049686431884766
4955 0.2820226550102234 0.025049686431884766
4956 0.35967737436294556 0.22674225270748138
4957 0.3324942886829376 0.2703125476837158
4958 0.22930072247982025 0.45317134261131287
4959 0.23028051853179932 0.51017165184021
4960 0.3988896608352661 0.16582810878753662
4961 0.44548219442367554 0.13190725445747375
4962 0.2869716286659241 0.1833680272102356
4963 0.2786986827850342 0.2401646077632904
4964 0.33653026819229126 0.17430013418197632
4965 0.31905654072761536 0.22755594551563263
4966 0.29938197135925293 0.08082696795463562
4967 0.2929815948009491 0.1346992701292038
4968 0.36019688844680786 0.06597709655761719
4969 0.41761496663093567 0.046428196132183075
4970 0.40732869505882263 0.10352025181055069
4971 0.35205772519111633 0.12296084314584732
4972 0.4516182839870453 0.03657938167452812
4973 0.446463942527771 0.0814942866563797
4974 0.4645687937736511 0.0646796002984047
4975 0.4715130627155304 0.025049686431884766
4976 0.3373572826385498 0.025049686431884766
4977 0.32186198234558105 0.025049686431884766
4978 0.38226327300071716 0.025049686431884766
4979 0.37286263704299927 0.025049686431884766
4980 0.30760955810546875 0.025049686431884766
4981 0.426033616065979 0.025049686431884766
4982 0.4561436176300049 0.025049686431884766
4983 0.4771933853626251 0.025049686431884766
4984 0.4689342677593231 0.11178188025951385
4985 0.43443554639816284 0.025049686431884766
4986 0.481562077999115 0.025049686431884766
4987 0.4595891237258911 0.025049686431884766
4988 0.39669692516326904 0.025049686431884766
4989 0.4615880846977234 0.025049688294529915
4990 0.4489675760269165 0.025049686431884766
4991 0.48438042402267456 0.025049686431884766
4992 0.24459213018417358 0.392494261264801
4993 0.25947004556655884 0.35084083676338196
4994 0.28740161657333374 0.7293437719345093
4995 0.2900814116001129 0.7742435932159424
4996 0.30688419938087463 0.7251940965652466
4997 0.3153517544269562 0.7691771984100342
4998 0.2897067666053772 0.7967575192451477
4999 0.3170660436153412 0.7937607169151306
5000 0.2876766622066498 0.9321122765541077
5001 0.3324849307537079 0.9275609254837036
5002 0.28947553038597107 0.8555965423583984
5003 0.28754016757011414 0.8915400505065918
5004 0.3246843218803406 0.8522148728370667
5005 0.3274476230144501 0.8884183764457703
5006 0.284870982170105 0.7047388553619385
5007 0.2999055087566376 0.7042739987373352
5008 0.2926589250564575 0.6792063117027283
5009 0.27819302678108215 0.6830511689186096
5010 0.27153265476226807 0.6608647704124451
5011 0.2849011719226837 0.6584436893463135
5012 0.3087584376335144 0.2710142135620117
5013 0.26833516359329224 0.28790414333343506
5014 0.2638184428215027 0.6317833662033081
5015 0.23488757014274597 0.5372837781906128
5016 0.25541549921035767 0.595585823059082
5017 0.30087605118751526 0.6516501903533936
5018 0.3080996572971344 0.6738716959953308
5019 0.3175318241119385 0.6956100463867188
5020 0.3244965076446533 0.720257580280304
5021 0.3383304476737976 0.7630355358123779
5022 0.34447526931762695 0.7833032608032227
5023 0.3604238033294678 0.8333885669708252
5024 0.3680463433265686 0.8673536777496338
5025 0.3797149360179901 0.8997306823730469
5026 0.2777162492275238 0.6315205693244934
5027 0.32690364122390747 0.32497265934944153
5028 0.29960161447525024 0.32149237394332886
5029 0.31451326608657837 0.025049686431884766
5030 0.4183518886566162 0.8659915328025818
5031 0.4050883948802948 0.8361285924911499
5032 0.3229027986526489 0.6678706407546997
5033 0.33290544152259827 0.6901670694351196
5034 0.31425708532333374 0.6476782560348511
5035 0.29306647181510925 0.6280182003974915
5036 0.3059872090816498 0.6250109672546387
5037 0.2740628719329834 0.602725625038147
5038 0.2871863842010498 0.6040439605712891
5039 0.29932817816734314 0.6035537719726562
5040 0.3912622332572937 0.8103989362716675
5041 0.36905771493911743 0.7671988010406494
5042 0.34293603897094727 0.7093158960342407
5043 0.3608085513114929 0.7474275827407837
5044 0.48579269647598267 0.025049686431884766
5045 0.4595891237258911 0.025049686431884766
5046 0.4621497094631195 0.025049688294529915
5047 0.4134655296802521 0.025049686431884766
5048 0.35796666145324707 0.025049686431884766
5049 0.35796666145324707 0.025049686431884766
5050 0.4171838164329529 0.025049686431884766
5051 0.3662806749343872 0.025049688294529915
5052 0.4595891237258911 0.025049686431884766
5053 0.46182170510292053 0.025049686431884766
5054 0.48654627799987793 0.025049686431884766
5055 0.4595891237258911 0.025049686431884766
5056 0.46014222502708435 0.025049686431884766
5057 0.48657941818237305 0.025049686431884766
5058 0.4238686263561249 0.025049686431884766
5059 0.35796666145324707 0.025049686431884766
5060 0.35796666145324707 0.025049686431884766
5061 0.3730948567390442 0.025049686431884766
5062 0.28878188133239746 0.7504746913909912
5063 0.3102179169654846 0.7478109002113342
5064 0.3312339186668396 0.7412083745002747
5065 0.3512123227119446 0.7296102643013
5066 0.29051434993743896 0.8245701193809509
5067 0.32165762782096863 0.821765661239624
5068 0.35253626108169556 0.8088958263397217
5069 0.38101232051849365 0.786788821220398
5070 0.2839837968349457 0.5841019153594971
5071 0.2939838469028473 0.5853647589683533
5072 0.24183666706085205 0.5020598769187927
5073 0.24851711094379425 0.5260174870491028
5074 0.2626163363456726 0.5684933662414551
5075 0.27338483929634094 0.5790217518806458
5076 0.22796757519245148 0.481131911277771
5077 0.2555182874202728 0.4024944603443146
5078 0.2411184459924698 0.4512428641319275
5079 0.2961154282093048 0.356926292181015
5080 0.31556612253189087 0.3533645272254944
5081 0.2820226550102234 0.025049686431884766
5082 0.29807180166244507 0.025049688294529915
5083 0.2820226550102234 0.025049686431884766
5084 0.2820226550102234 0.025049686431884766
5085 0.2820226550102234 0.025049686431884766
5086 0.2812950015068054 0.025049686431884766
5087 0.26893970370292664 0.025049686431884766
5088 0.27248942852020264 0.025049686431884766
5089 0.2820226550102234 0.025049686431884766
5090 0.2820226550102234 0.025049686431884766
5091 0.28157973289489746 0.025049686431884766
5092 0.27242136001586914 0.025049686431884766
5093 0.2658878564834595 0.025049686431884766
5094 0.2425180971622467 0.5656578540802002
5095 0.2534906268119812 0.548842191696167
5096 0.23991285264492035 0.47645726799964905
5097 0.2469313144683838 0.4269065856933594
5098 0.23491141200065613 0.42520686984062195
5099 0.26962968707084656 0.38210245966911316
5100 0.4028642177581787 0.025049686431884766
5101 0.3963313102722168 0.025049686431884766
5102 0.3871052861213684 0.025049686431884766
5103 0.36660394072532654 0.025049688294529915
5104 0.35796666145324707 0.025049686431884766
5105 0.3481885492801666 0.025049686431884766
5106 0.33662253618240356 0.07457982748746872
5107 0.32181406021118164 0.12987032532691956
5108 0.30818381905555725 0.1794031262397766
5109 0.30136480927467346 0.2314462661743164
5110 0.29062533378601074 0.27942246198654175
5111 0.28417980670928955 0.3324299454689026
5112 0.2828735113143921 0.36498504877090454
5113 0.3067266047000885 0.3524985909461975
5114 0.3161463737487793 0.3223443031311035
5115 0.32046425342559814 0.2696651816368103
5116 0.34222471714019775 0.22435078024864197
5117 0.36002230644226074 0.16963127255439758
5118 0.37741169333457947 0.11582859605550766
5119 0.38906604051589966 0.05744132027029991
5120 0.4000234603881836 0.025049686431884766
5121 0.4072657525539398 0.025049686431884766
5122 0.42215514183044434 0.025049686431884766
5123 0.4393807053565979 0.025049686431884766
5124 0.4519203007221222 0.025049686431884766
5125 0.4595891237258911 0.025049686431884766
5126 0.06700998544692993 0.025049686431884766
5127 0.0669332891702652 0.025049686431884766
5128 0.06924267113208771 0.025049686431884766
5129 0.07242753356695175 0.025049686431884766
5130 0.11113312095403671 0.025049686431884766
5131 0.11093749850988388 0.025049686431884766
5132 0.10986879467964172 0.025049686431884766
5133 0.6332069039344788 0.368976354598999
5134 0.6230092644691467 0.37397855520248413
5135 0.6152295470237732 0.3592979311943054
5136 0.6280441880226135 0.349824458360672
5137 0.6388706564903259 0.34167248010635376
5138 0.6116448044776917 0.3270919620990753
5139 0.6291748881340027 0.3089117705821991
5140 0.5944316983222961 0.6186863780021667
5141 0.5959057211875916 0.6093330383300781
5142 0.604628324508667 0.6077747344970703
5143 0.6034894585609436 0.6176005005836487
5144 0.6017512679100037 0.628550112247467
5145 0.6128762364387512 0.6160321831703186
5146 0.6116998791694641 0.6272516250610352
5147 0.6047535538673401 0.5976337790489197
5148 0.6134477257728577 0.5938352942466736
5149 0.6131433844566345 0.6060912609100342
5150 0.6226385235786438 0.6024973392486572
5151 0.6221968531608582 0.614558219909668
5152 0.6297125816345215 0.38881582021713257
5153 0.6197007298469543 0.39626094698905945
5154 0.6138797402381897 0.3828299045562744
5155 0.5877119898796082 0.6109156608581543
5156 0.5902935862541199 0.6043699383735657
5157 0.597404956817627 0.6008944511413574
5158 0.5978361964225769 0.5924853682518005
5159 0.6046937108039856 0.5871322154998779
5160 0.5050714015960693 0.6749424338340759
5161 0.5002633929252625 0.6657196879386902
5162 0.504439115524292 0.6576585173606873
5163 0.5094180703163147 0.6657827496528625
5164 0.6239492893218994 0.41358235478401184
5165 0.6139236092567444 0.42022281885147095
5166 0.6101431250572205 0.40382787585258484
5167 0.6044479012489319 0.4253842532634735
5168 0.6170915961265564 0.43607521057128906
5169 0.6068902611732483 0.44137948751449585
5170 0.5084249973297119 0.6500478386878967
5171 0.5122473239898682 0.643271267414093
5172 0.5177845358848572 0.6501703858375549
5173 0.513643205165863 0.6577044129371643
5174 0.5080822110176086 0.6363542079925537
5175 0.5041429996490479 0.6425642371177673
5176 0.5002264380455017 0.6357991695404053
5177 0.5044063925743103 0.6302874088287354
5178 0.5001640915870667 0.6495714783668518
5179 0.6218456625938416 0.578864574432373
5180 0.6225733160972595 0.5898589491844177
5181 0.6130481362342834 0.5829999446868896
5182 0.6321082711219788 0.5855340361595154
5183 0.6325075626373291 0.5984424948692322
5184 0.612152636051178 0.5727892518043518
5185 0.6047840118408203 0.5778570175170898
5186 0.5160524249076843 0.6742448210716248
5187 0.520164430141449 0.6653323769569397
5188 0.5120310187339783 0.6308932900428772
5189 0.5157585740089417 0.6370691657066345
5190 0.5085315108299255 0.69650799036026
5191 0.5177015662193298 0.7092462182044983
5192 0.5100398659706116 0.7314237952232361
5193 0.5013911724090576 0.7158875465393066
5194 0.5203499794006348 0.695344865322113
5195 0.5118221640586853 0.6838951110839844
5196 0.5232567191123962 0.6831621527671814
5197 0.500514566898346 0.6845793128013611
5198 0.6220034956932068 0.6254816651344299
5199 0.6206755638122559 0.6369181275367737
5200 0.6094850897789001 0.6384645104408264
5201 0.6323328614234924 0.6107626557350159
5202 0.631790816783905 0.6233862042427063
5203 0.6317613124847412 0.4488069415092468
5204 0.6196942925453186 0.4544088542461395
5205 0.627791702747345 0.4297608733177185
5206 0.6388254761695862 0.46604254841804504
5207 0.6441943049430847 0.44207289814949036
5208 0.6501984000205994 0.45756056904792786
5209 0.642582356929779 0.5939244627952576
5210 0.6422417163848877 0.6054238677024841
5211 0.5300549864768982 0.7081187963485718
5212 0.5271010398864746 0.7245946526527405
5213 0.6321579813957214 0.6346952319145203
5214 0.6427946090698242 0.6190152168273926
5215 0.6428291201591492 0.6323876976966858
5216 0.5855265259742737 0.6192991733551025
5217 0.5771124958992004 0.6194759011268616
5218 0.5800637602806091 0.6130637526512146
5219 0.6200082302093506 0.6490881443023682
5220 0.6318808197975159 0.6470823287963867
5221 0.5922317504882812 0.6290068030357361
5222 0.5831148028373718 0.6288952231407166
5223 0.574104368686676 0.6281726956367493
5224 0.5669909119606018 0.6260225176811218
5225 0.5692233443260193 0.6197529435157776
5226 0.5637850761413574 0.6337006688117981
5227 0.5560646653175354 0.6299957633018494
5228 0.5598285794258118 0.6232066750526428
5229 0.5716790556907654 0.6359114050865173
5230 0.5800531506538391 0.6388900279998779
5231 0.5603538155555725 0.6418036818504333
5232 0.5682362914085388 0.6446187496185303
5233 0.5376232266426086 0.6474728584289551
5234 0.5338125824928284 0.6554550528526306
5235 0.5271987318992615 0.6489458680152893
5236 0.531010627746582 0.6415901780128479
5237 0.5211948752403259 0.6428970694541931
5238 0.5235466957092285 0.6570312976837158
5239 0.541896402835846 0.6613902449607849
5240 0.5382727980613708 0.6706108450889587
5241 0.5301446914672852 0.6639403700828552
5242 0.5267277359962463 0.673326849937439
5243 0.534915030002594 0.6351415514945984
5244 0.5249653458595276 0.6362490057945251
5245 0.5289188027381897 0.6295719742774963
5246 0.564877986907959 0.653803288936615
5247 0.5619392991065979 0.663203775882721
5248 0.553776204586029 0.6587769985198975
5249 0.5570549368858337 0.6500997543334961
5250 0.5195972919464111 0.6305668354034424
5251 0.5490872263908386 0.6453421115875244
5252 0.5525909066200256 0.6374625563621521
5253 0.5449842810630798 0.6329330801963806
5254 0.5489435195922852 0.62637859582901
5255 0.5391457080841064 0.6284438967704773
5256 0.5417754650115967 0.6400742530822754
5257 0.5458541512489319 0.6530809998512268
5258 0.5508373379707336 0.6676355004310608
5259 0.6342551708221436 0.5094848275184631
5260 0.628323495388031 0.4993235766887665
5261 0.6370506882667542 0.48969560861587524
5262 0.6446020007133484 0.5015518069267273
5263 0.6288841366767883 0.4775328040122986
5264 0.6473017334938049 0.4806980490684509
5265 0.6573634743690491 0.4704954922199249
5266 0.6611451506614685 0.44975781440734863
5267 0.6671523451805115 0.4636507034301758
5268 0.6510558724403381 0.5130307674407959
5269 0.6552115082740784 0.49353986978530884
5270 0.6615228652954102 0.5058732628822327
5271 0.6644238829612732 0.48336032032966614
5272 0.66624516248703 0.5178191661834717
5273 0.6694676876068115 0.4960820972919464
5274 0.6746695041656494 0.5116198062896729
5275 0.6335460543632507 0.4064731001853943
5276 0.6399710774421692 0.42472293972969055
5277 0.5428887009620667 0.8305076360702515
5278 0.5224565863609314 0.8140920400619507
5279 0.521182119846344 0.7757082581520081
5280 0.5392736792564392 0.794464647769928
5281 0.559960126876831 0.8100213408470154
5282 0.5385264754295349 0.7631472945213318
5283 0.5564971566200256 0.7782001495361328
5284 0.5212807059288025 0.7486539483070374
5285 0.504254162311554 0.7576349973678589
5286 0.538881778717041 0.7415937781333923
5287 0.6676919460296631 0.6473374962806702
5288 0.6561508178710938 0.6541195511817932
5289 0.6550708413124084 0.6406660676002502
5290 0.6667336821556091 0.634523332118988
5291 0.654264509677887 0.6272292733192444
5292 0.643958568572998 0.6441977024078369
5293 0.6575317978858948 0.6654791831970215
5294 0.6444411873817444 0.6699650287628174
5295 0.6444936394691467 0.6578379273414612
5296 0.6317600607872009 0.6610550284385681
5297 0.6529302000999451 0.6005725264549255
5298 0.6537857055664062 0.6141197681427002
5299 0.6646369099617004 0.6086460947990417
5300 0.665501058101654 0.621414840221405
5301 0.6763195991516113 0.6148598194122314
5302 0.67722088098526 0.626685619354248
5303 0.5595052242279053 0.6731967329978943
5304 0.5721886157989502 0.6670839786529541
5305 0.5706614851951599 0.6787667274475098
5306 0.5349643230438232 0.6807408928871155
5307 0.5325403213500977 0.6930780410766602
5308 0.5473966002464294 0.6771592497825623
5309 0.5452744960784912 0.6881852149963379
5310 0.5432667136192322 0.7026658654212952
5311 0.5412464141845703 0.7201270461082458
5312 0.5582224726676941 0.6844688653945923
5313 0.5567139983177185 0.6967530250549316
5314 0.5549576282501221 0.7124103903770447
5315 0.5542082786560059 0.7310724854469299
5316 0.5561496615409851 0.7524842619895935
5317 0.5679149031639099 0.7221187949180603
5318 0.5698075890541077 0.7388563752174377
5319 0.5692411065101624 0.6920429468154907
5320 0.5685929656028748 0.705268919467926
5321 0.5817561149597168 0.7122669219970703
5322 0.5833499431610107 0.7291927933692932
5323 0.5722760558128357 0.7623186707496643
5324 0.5765126347541809 0.7875221967697144
5325 0.5896154046058655 0.6396811008453369
5326 0.586730420589447 0.6505751013755798
5327 0.5778941512107849 0.6472277045249939
5328 0.5993561148643494 0.6397373080253601
5329 0.5972782969474792 0.6506189703941345
5330 0.6085066199302673 0.6502261161804199
5331 0.6194229125976562 0.6630516648292542
5332 0.6073276996612549 0.66390460729599
5333 0.5823349356651306 0.6836852431297302
5334 0.5834207534790039 0.6708946824073792
5335 0.5952499508857727 0.6743127107620239
5336 0.5946016907691956 0.687601625919342
5337 0.5746950507164001 0.6569361090660095
5338 0.585259199142456 0.659827709197998
5339 0.5955021381378174 0.6637673377990723
5340 0.6317481398582458 0.6742839813232422
5341 0.6193005442619324 0.6769295930862427
5342 0.6072501540184021 0.6903183460235596
5343 0.608150064945221 0.7037917375564575
5344 0.5941522717475891 0.70168536901474
5345 0.5815219283103943 0.6975101828575134
5346 0.5961156487464905 0.7161276340484619
5347 0.606785237789154 0.6773790717124939
5348 0.6199570298194885 0.6906629204750061
5349 0.6462535858154297 0.6857190132141113
5350 0.6330263018608093 0.6888231635093689
5351 0.6106967329978943 0.7191004753112793
5352 0.6141848564147949 0.7369118332862854
5353 0.5991535782814026 0.733822762966156
5354 0.6224026083946228 0.7051675319671631
5355 0.6253921389579773 0.7206029295921326
5356 0.6359186172485352 0.7048110961914062
5357 0.5857751369476318 0.7462136745452881
5358 0.5894021391868591 0.7709541916847229
5359 0.6018701195716858 0.7537896633148193
5360 0.6192283630371094 0.5583599209785461
5361 0.620853841304779 0.5683450102806091
5362 0.6117282509803772 0.5638737082481384
5363 0.629832923412323 0.5635992884635925
5364 0.6311096549034119 0.5742409229278564
5365 0.6407615542411804 0.5693992972373962
5366 0.641965389251709 0.5808171629905701
5367 0.6518919467926025 0.575901448726654
5368 0.6522913575172424 0.5882096290588379
5369 0.63701993227005 0.547516405582428
5370 0.6391666531562805 0.5582759976387024
5371 0.6280324459075928 0.5532426834106445
5372 0.625738799571991 0.5434982776641846
5373 0.6178855299949646 0.5496014952659607
5374 0.6486852169036865 0.5536189675331116
5375 0.650154173374176 0.5646286606788635
5376 0.6558117270469666 0.5244408249855042
5377 0.6443515419960022 0.5309126377105713
5378 0.6400536894798279 0.5200844407081604
5379 0.6303886771202087 0.5269011855125427
5380 0.6261393427848816 0.5175595283508301
5381 0.6690773963928223 0.529029130935669
5382 0.6579780578613281 0.535736620426178
5383 0.6625598073005676 0.5829986929893494
5384 0.6634612083435059 0.5953726768493652
5385 0.66122967004776 0.5596197247505188
5386 0.6618432402610779 0.5718755125999451
5387 0.6730104684829712 0.5671996474266052
5388 0.672642171382904 0.5797091126441956
5389 0.6735846996307373 0.5897588133811951
5390 0.6748669147491455 0.6018407344818115
5391 0.6824336051940918 0.5747448801994324
5392 0.6829424500465393 0.5856584906578064
5393 0.6845869421958923 0.5951409935951233
5394 0.685746431350708 0.6066518425941467
5395 0.6919413208961487 0.5799842476844788
5396 0.6932841539382935 0.5899071097373962
5397 0.6335535049438477 0.5377254486083984
5398 0.6226062178611755 0.5335323810577393
5399 0.6467783451080322 0.542540967464447
5400 0.6598749160766602 0.547739565372467
5401 0.6720866560935974 0.5402070879936218
5402 0.673405110836029 0.5537694096565247
5403 0.6852030158042908 0.5505642890930176
5404 0.6833134889602661 0.5631089806556702
5405 0.6923680305480957 0.5595371723175049
5406 0.6942905783653259 0.5495796799659729
5407 0.7006797790527344 0.547737181186676
5408 0.6995699405670166 0.5558053851127625
5409 0.6993498802185059 0.5643048286437988
5410 0.7051451206207275 0.5511157512664795
5411 0.7053776383399963 0.5585324764251709
5412 0.7063360214233398 0.5667256712913513
5413 0.710212767124176 0.552091658115387
5414 0.7115874886512756 0.5582751631736755
5415 0.7137585878372192 0.5661019682884216
5416 0.7182034254074097 0.5238155722618103
5417 0.7178650498390198 0.5560305714607239
5418 0.651796281337738 0.4188845157623291
5419 0.6578221917152405 0.4339742958545685
5420 0.6839478015899658 0.45110392570495605
5421 0.6763386130332947 0.45691201090812683
5422 0.6715352535247803 0.4444408714771271
5423 0.6808565855026245 0.4399966597557068
5424 0.6684139966964722 0.42949917912483215
5425 0.6635347008705139 0.41426655650138855
5426 0.6744387149810791 0.4149917960166931
5427 0.677274763584137 0.42868873476982117
5428 0.6852105855941772 0.42835548520088196
5429 0.6873506307601929 0.43815135955810547
5430 0.6783441305160522 0.5214448571205139
5431 0.6815043091773987 0.5008596777915955
5432 0.685337483882904 0.5112112164497375
5433 0.6827111840248108 0.5309857726097107
5434 0.6730520725250244 0.47543007135391235
5435 0.6819195747375488 0.46764495968818665
5436 0.6774439215660095 0.48768094182014465
5437 0.6854754090309143 0.48324769735336304
5438 0.6874046921730042 0.4934787452220917
5439 0.6453450322151184 0.4013633131980896
5440 0.6378891468048096 0.3832947909832001
5441 0.6499781012535095 0.33916643261909485
5442 0.6531190276145935 0.3557315170764923
5443 0.6439199447631836 0.3609389066696167
5444 0.6489949226379395 0.37937310338020325
5445 0.6672691702842712 0.39237210154533386
5446 0.6572275757789612 0.3966405689716339
5447 0.658911943435669 0.37527087330818176
5448 0.6625886559486389 0.35764506459236145
5449 0.6667885184288025 0.3749070167541504
5450 0.7039757966995239 0.37813499569892883
5451 0.707343578338623 0.3775343894958496
5452 0.7120270729064941 0.38518401980400085
5453 0.7075992226600647 0.38632842898368835
5454 0.7203643321990967 0.39711621403694153
5455 0.724526047706604 0.39612650871276855
5456 0.7264180779457092 0.40701863169670105
5457 0.7218909859657288 0.4084916114807129
5458 0.7506499886512756 0.4582681357860565
5459 0.7481474280357361 0.46412014961242676
5460 0.7460179924964905 0.4573436379432678
5461 0.747857928276062 0.45047399401664734
5462 0.7491000890731812 0.44196727871894836
5463 0.7434560060501099 0.44384318590164185
5464 0.7437081933021545 0.4364951252937317
5465 0.7481871843338013 0.468107670545578
5466 0.7505841255187988 0.4711000621318817
5467 0.7493896484375 0.47945907711982727
5468 0.7211340665817261 0.5621263384819031
5469 0.7202600836753845 0.5232395529747009
5470 0.7236948609352112 0.5508258938789368
5471 0.7276836037635803 0.5536861419677734
5472 0.7212790846824646 0.5258069634437561
5473 0.7289199233055115 0.540959894657135
5474 0.738981306552887 0.528076708316803
5475 0.7342215180397034 0.5293168425559998
5476 0.7372217774391174 0.5248438715934753
5477 0.7399397492408752 0.5220256447792053
5478 0.748173713684082 0.5047577023506165
5479 0.7472429275512695 0.5094780921936035
5480 0.7487043738365173 0.5020668506622314
5481 0.7496508955955505 0.49255868792533875
5482 0.7334396839141846 0.5416571497917175
5483 0.73000568151474 0.5317097306251526
5484 0.7434802651405334 0.5183548331260681
5485 0.7419609427452087 0.5199300646781921
5486 0.74949049949646 0.48451921343803406
5487 0.7504808902740479 0.4874632656574249
5488 0.7392105460166931 0.41765886545181274
5489 0.7395164966583252 0.4259161651134491
5490 0.7350859045982361 0.4236016869544983
5491 0.7335195541381836 0.4159131646156311
5492 0.7317259311676025 0.4049723446369171
5493 0.7297086119651794 0.4170670211315155
5494 0.7438535094261169 0.4292390048503876
5495 0.7400251030921936 0.4329548180103302
5496 0.716941773891449 0.38586026430130005
5497 0.7147891521453857 0.39771735668182373
5498 0.6693782210350037 0.34471848607063293
5499 0.6711282134056091 0.3626328706741333
5500 0.6585845947265625 0.33828508853912354
5501 0.6555679440498352 0.3219011127948761
5502 0.6404550671577454 0.3166472613811493
5503 0.6310925483703613 0.2922060191631317
5504 0.6106199622154236 0.29173827171325684
5505 0.5682541728019714 0.2764103412628174
5506 0.6084675192832947 0.2163054645061493
5507 0.591241180896759 0.296432226896286
5508 0.5719085335731506 0.17692330479621887
5509 0.5545808672904968 0.2762920558452606
5510 0.5435159206390381 0.26625609397888184
5511 0.5481181740760803 0.15042854845523834
5512 0.5337280631065369 0.28091442584991455
5513 0.5242319703102112 0.2819279730319977
5514 0.5053210258483887 0.14605595171451569
5515 0.5090132355690002 0.2928638160228729
5516 0.49962541460990906 0.2830689251422882
5517 0.7152585387229919 0.4455276131629944
5518 0.7161522507667542 0.449751615524292
5519 0.7137353420257568 0.4494812786579132
5520 0.7130159735679626 0.44502967596054077
5521 0.7262754440307617 0.4935436248779297
5522 0.7257853150367737 0.4958500564098358
5523 0.723971426486969 0.49518340826034546
5524 0.7249064445495605 0.49213913083076477
5525 0.7164960503578186 0.51263028383255
5526 0.7144460678100586 0.5118284821510315
5527 0.7160845398902893 0.5124693512916565
5528 0.7178329825401306 0.5131531357765198
5529 0.719658374786377 0.512901782989502
5530 0.7196061611175537 0.5129456520080566
5531 0.720637857913971 0.5120783448219299
5532 0.7216487526893616 0.5112285614013672
5533 0.7216458916664124 0.511231005191803
5534 0.7226753830909729 0.5103654861450195
5535 0.723664402961731 0.5095340609550476
5536 0.7247022390365601 0.5086617469787598
5537 0.7237550020217896 0.5094580054283142
5538 0.7296532988548279 0.5015053749084473
5539 0.728734016418457 0.5029701590538025
5540 0.7289285063743591 0.5007972717285156
5541 0.7302488684654236 0.4991433322429657
5542 0.7283428907394409 0.500458300113678
5543 0.7291550040245056 0.4987291991710663
5544 0.7277398109436035 0.5020217895507812
5545 0.7258158326148987 0.5077254772186279
5546 0.7253299951553345 0.5072640776634216
5547 0.7265586256980896 0.5043177008628845
5548 0.7120637893676758 0.511711597442627
5549 0.7129596471786499 0.5112470984458923
5550 0.7108277678489685 0.5104132294654846
5551 0.7128961086273193 0.4824957251548767
5552 0.711777925491333 0.48343557119369507
5553 0.7116549015045166 0.4817102551460266
5554 0.7124083042144775 0.48085978627204895
5555 0.7092806100845337 0.5077354907989502
5556 0.7093010544776917 0.5098162293434143
5557 0.7084038257598877 0.5060506463050842
5558 0.7079343795776367 0.5034036040306091
5559 0.7077963352203369 0.49941304326057434
5560 0.7085400223731995 0.5021070837974548
5561 0.7080140709877014 0.48532387614250183
5562 0.7087305784225464 0.4887659549713135
5563 0.7076836824417114 0.49215561151504517
5564 0.7070828080177307 0.4890458285808563
5565 0.7109293937683105 0.48034048080444336
5566 0.7095727324485779 0.4815453886985779
5567 0.7094396948814392 0.47875431180000305
5568 0.7107721567153931 0.47801491618156433
5569 0.7121062874794006 0.4760604202747345
5570 0.7120251059532166 0.4780314266681671
5571 0.7101768851280212 0.47592952847480774
5572 0.7059908509254456 0.4311394691467285
5573 0.7077956795692444 0.4325585663318634
5574 0.7086802124977112 0.4354467988014221
5575 0.7069694995880127 0.43352869153022766
5576 0.7104296684265137 0.43612366914749146
5577 0.710787296295166 0.439546138048172
5578 0.7090575695037842 0.43833044171333313
5579 0.7108960151672363 0.444232702255249
5580 0.7127193212509155 0.44098904728889465
5581 0.7053499817848206 0.4323084056377411
5582 0.7075067162513733 0.4374089539051056
5583 0.7060670852661133 0.43701645731925964
5584 0.7089787125587463 0.4434818923473358
5585 0.7116429805755615 0.44876259565353394
5586 0.7096032500267029 0.4476918876171112
5587 0.7075378894805908 0.44224026799201965
5588 0.710449755191803 0.5222456455230713
5589 0.7121531963348389 0.5224948525428772
5590 0.7048726081848145 0.5423025488853455
5591 0.7037901282310486 0.539569616317749
5592 0.7134523391723633 0.5224401354789734
5593 0.7142261862754822 0.5213691592216492
5594 0.7151975631713867 0.522117555141449
5595 0.7176661491394043 0.5205106139183044
5596 0.7183352112770081 0.521047830581665
5597 0.7162042260169983 0.5224671959877014
5598 0.7127302885055542 0.4790625274181366
5599 0.7118154168128967 0.4801619052886963
5600 0.710856020450592 0.48232895135879517
5601 0.7095246315002441 0.4857480227947235
5602 0.7092230319976807 0.48915502429008484
5603 0.7095027565956116 0.49149805307388306
5604 0.7091848850250244 0.5036430954933167
5605 0.709116518497467 0.49854156374931335
5606 0.7097456455230713 0.49937674403190613
5607 0.7102418541908264 0.5038427710533142
5608 0.7108900547027588 0.5079314708709717
5609 0.7129151821136475 0.507972240447998
5610 0.7137075066566467 0.512770414352417
5611 0.7162846922874451 0.5113072395324707
5612 0.717719554901123 0.5131087899208069
5613 0.7195242643356323 0.5123072266578674
5614 0.7205986976623535 0.512111246585846
5615 0.7216830849647522 0.5111997127532959
5616 0.7226496934890747 0.5103870034217834
5617 0.7237043976783752 0.5095004439353943
5618 0.7246342897415161 0.508718729019165
5619 0.725559651851654 0.507524311542511
5620 0.7260913848876953 0.504458487033844
5621 0.7286247611045837 0.5007674098014832
5622 0.7290173768997192 0.4988348186016083
5623 0.7275850772857666 0.5019159913063049
5624 0.7266268134117126 0.4750271141529083
5625 0.7256855368614197 0.4785575866699219
5626 0.7242162227630615 0.4765048325061798
5627 0.7251005172729492 0.4729938209056854
5628 0.7246623039245605 0.48244643211364746
5629 0.7274728417396545 0.48079317808151245
5630 0.7266630530357361 0.4847545623779297
5631 0.7129177451133728 0.43845608830451965
5632 0.7141356468200684 0.44203904271125793
5633 0.7123473882675171 0.4369679093360901
5634 0.7164969444274902 0.4430370330810547
5635 0.7176182270050049 0.44661185145378113
5636 0.7197007536888123 0.4422490894794464
5637 0.7173447012901306 0.44028642773628235
5638 0.7154340744018555 0.4386947453022003
5639 0.7176357507705688 0.440528929233551
5640 0.7171101570129395 0.44031745195388794
5641 0.7152892351150513 0.4385741055011749
5642 0.7193470597267151 0.4419545829296112
5643 0.7227062582969666 0.44757914543151855
5644 0.7211829423904419 0.44440606236457825
5645 0.7210169434547424 0.44406038522720337
5646 0.7209287285804749 0.44559261202812195
5647 0.7227338552474976 0.4476363956928253
5648 0.7066617608070374 0.43166711926460266
5649 0.7085120677947998 0.4331218898296356
5650 0.7096922397613525 0.43404990434646606
5651 0.7117007970809937 0.43626949191093445
5652 0.7132768630981445 0.4368976950645447
5653 0.7126540541648865 0.4363787770271301
5654 0.7132534980773926 0.4368782639503479
5655 0.7201448678970337 0.4477453827857971
5656 0.7213478684425354 0.4514978229999542
5657 0.7187699675559998 0.4503386318683624
5658 0.725591242313385 0.4691539406776428
5659 0.7261437773704529 0.46482130885124207
5660 0.7276757955551147 0.46740272641181946
5661 0.727354109287262 0.4715211093425751
5662 0.7287463545799255 0.4739381670951843
5663 0.7281899452209473 0.47718286514282227
5664 0.7284025549888611 0.4929070770740509
5665 0.7294195890426636 0.4896464943885803
5666 0.7295894622802734 0.492310494184494
5667 0.7293376922607422 0.4947912395000458
5668 0.7304320931434631 0.49132040143013
5669 0.7298559546470642 0.4944152534008026
5670 0.7296990752220154 0.49173831939697266
5671 0.7304426431655884 0.4884178936481476
5672 0.7293983101844788 0.47978729009628296
5673 0.7291316390037537 0.48371630907058716
5674 0.729619026184082 0.4946289360523224
5675 0.7300907373428345 0.48903343081474304
5676 0.7288742661476135 0.46593236923217773
5677 0.7280473113059998 0.46130988001823425
5678 0.729281485080719 0.4648732542991638
5679 0.7300472855567932 0.4695293605327606
5680 0.7312315702438354 0.4789500832557678
5681 0.7306901216506958 0.48233625292778015
5682 0.7302294373512268 0.4793320298194885
5683 0.7306018471717834 0.4760364890098572
5684 0.7299842238426208 0.47324949502944946
5685 0.730812132358551 0.4727512001991272
5686 0.7301420569419861 0.4829706847667694
5687 0.7297239303588867 0.4764663577079773
5688 0.7289485931396484 0.47039979696273804
5689 0.7277441024780273 0.4628698527812958
5690 0.7221606969833374 0.44914939999580383
5691 0.7186349630355835 0.44405603408813477
5692 0.7151070833206177 0.43924421072006226
5693 0.7126540541648865 0.4363787770271301
5694 0.7126540541648865 0.4363787770271301
5695 0.71060711145401 0.4347693622112274
5696 0.7306155562400818 0.4686598479747772
5697 0.7284677028656006 0.4606187641620636
5698 0.7298967838287354 0.4641849994659424
5699 0.7314792275428772 0.475657194852829
5700 0.7321997284889221 0.4784669280052185
5701 0.73190838098526 0.48189303278923035
5702 0.7318120002746582 0.49131256341934204
5703 0.7310122847557068 0.494370698928833
5704 0.7316088080406189 0.48801878094673157
5705 0.73154616355896 0.4714636206626892
5706 0.7055049538612366 0.43075746297836304
5707 0.7049341797828674 0.43030861020088196
5708 0.7040333151817322 0.4296002686023712
5709 0.7006669640541077 0.46013420820236206
5710 0.699510931968689 0.45763179659843445
5711 0.7008528709411621 0.4572868049144745
5712 0.701401948928833 0.46031516790390015
5713 0.6935892701148987 0.45798853039741516
5714 0.6964874267578125 0.4570055305957794
5715 0.6964259743690491 0.4603743851184845
5716 0.6940416693687439 0.4627869725227356
5717 0.6968176364898682 0.44106942415237427
5718 0.6988562941551208 0.4427824318408966
5719 0.6999208927154541 0.4489724636077881
5720 0.6976748108863831 0.44660475850105286
5721 0.6981507539749146 0.4589965045452118
5722 0.6975936889648438 0.4538812041282654
5723 0.6994619965553284 0.45343735814094543
5724 0.6954317092895508 0.44730764627456665
5725 0.701316773891449 0.45429515838623047
5726 0.701637327671051 0.45798060297966003
5727 0.7022915482521057 0.4515908360481262
5728 0.7021024227142334 0.454953670501709
5729 0.6911969184875488 0.46843791007995605
5730 0.6954006552696228 0.46894004940986633
5731 0.6938257217407227 0.47193673253059387
5732 0.7085356116294861 0.47640031576156616
5733 0.7072754502296448 0.4742376506328583
5734 0.7090967893600464 0.4723227322101593
5735 0.701724112033844 0.45895835757255554
5736 0.7027586698532104 0.45551797747612
5737 0.702278196811676 0.45876461267471313
5738 0.6901662349700928 0.5023618340492249
5739 0.6924386024475098 0.48729467391967773
5740 0.6933510303497314 0.493431031703949
5741 0.6939103603363037 0.478772908449173
5742 0.6920308470726013 0.4755403995513916
5743 0.6954874396324158 0.4753003716468811
5744 0.7073215842247009 0.4321858584880829
5745 0.7093546390533447 0.43378445506095886
5746 0.7062950134277344 0.43137866258621216
5747 0.688755989074707 0.3964512050151825
5748 0.6901683807373047 0.39555609226226807
5749 0.7083143591880798 0.4329664707183838
5750 0.6882882714271545 0.4025883078575134
5751 0.6911134123802185 0.3909050226211548
5752 0.7102633118629456 0.4301646053791046
5753 0.7098947167396545 0.4330914616584778
5754 0.6995033621788025 0.4614805579185486
5755 0.6967505216598511 0.4668448269367218
5756 0.7012760639190674 0.4616720378398895
5757 0.6983587741851807 0.4692797064781189
5758 0.7010550498962402 0.464092493057251
5759 0.7017180919647217 0.4617900848388672
5760 0.7015504837036133 0.463560551404953
5761 0.7017136812210083 0.4785780608654022
5762 0.6997034549713135 0.4766579270362854
5763 0.7001426219940186 0.47345373034477234
5764 0.7010141611099243 0.4761311709880829
5765 0.6988879442214966 0.4700808823108673
5766 0.6972306966781616 0.4728923439979553
5767 0.6993793845176697 0.47061818838119507
5768 0.6988134980201721 0.4730624854564667
5769 0.6973363161087036 0.4788345992565155
5770 0.6981497406959534 0.47609949111938477
5771 0.6995783448219299 0.47976425290107727
5772 0.7003964781761169 0.4704244136810303
5773 0.7071495652198792 0.5002269148826599
5774 0.7080345749855042 0.5077810883522034
5775 0.7072530388832092 0.5047973990440369
5776 0.7052985429763794 0.48946380615234375
5777 0.706039309501648 0.4848560690879822
5778 0.7064284682273865 0.4926412105560303
5779 0.702083170413971 0.48655563592910767
5780 0.7034755349159241 0.4902881979942322
5781 0.704042375087738 0.49480101466178894
5782 0.7011895179748535 0.4917578399181366
5783 0.6998000741004944 0.49822285771369934
5784 0.6980196237564087 0.4932117164134979
5785 0.699961245059967 0.48709481954574585
5786 0.6963372826576233 0.48798301815986633
5787 0.6959204077720642 0.5003077983856201
5788 0.7075610756874084 0.48058459162712097
5789 0.7073798775672913 0.47748833894729614
5790 0.7059525847434998 0.5104175209999084
5791 0.705683708190918 0.5036998391151428
5792 0.7072162628173828 0.5061716437339783
5793 0.7073341012001038 0.5104795098304749
5794 0.7196483612060547 0.5195137858390808
5795 0.7202042937278748 0.5210221409797668
5796 0.7188210487365723 0.5228515267372131
5797 0.7239060997962952 0.5093308091163635
5798 0.7227044105529785 0.5103411078453064
5799 0.7249704003334045 0.5084362030029297
5800 0.7263149619102478 0.5073060393333435
5801 0.7270780205726624 0.5066643357276917
5802 0.7268957495689392 0.5113949179649353
5803 0.7258176207542419 0.5118886828422546
5804 0.7269912362098694 0.5086477398872375
5805 0.7278934121131897 0.5082697868347168
5806 0.7082105278968811 0.5210754871368408
5807 0.7109465003013611 0.5196333527565002
5808 0.7128919959068298 0.5207736492156982
5809 0.705419659614563 0.5148604512214661
5810 0.7081981301307678 0.5139952301979065
5811 0.7090445160865784 0.5175611972808838
5812 0.7062353491783142 0.5187992453575134
5813 0.7113373279571533 0.5106125473976135
5814 0.7096238732337952 0.5099425315856934
5815 0.7107701897621155 0.5132259726524353
5816 0.7095475792884827 0.5105383992195129
5817 0.7241997122764587 0.5148182511329651
5818 0.7229543328285217 0.5149834156036377
5819 0.7240705490112305 0.5111998915672302
5820 0.7250069379806519 0.5140638947486877
5821 0.722990870475769 0.5162466168403625
5822 0.7223793268203735 0.5170126557350159
5823 0.7215136885643005 0.5113421082496643
5824 0.7205312252044678 0.5121679902076721
5825 0.7171140909194946 0.5128721594810486
5826 0.7150048613548279 0.5120471119880676
5827 0.7185020446777344 0.5134149193763733
5828 0.7133722305297852 0.5114085078239441
5829 0.7117549180984497 0.5164847373962402
5830 0.7137266397476196 0.518467366695404
5831 0.7166786789894104 0.517069399356842
5832 0.7144008278846741 0.5152990818023682
5833 0.717323362827301 0.5135712027549744
5834 0.7186889052391052 0.5152623057365417
5835 0.7156738638877869 0.5196831226348877
5836 0.7169487476348877 0.5202670693397522
5837 0.7131673097610474 0.5126631259918213
5838 0.7193785309791565 0.5131370425224304
5839 0.7182824611663818 0.5189839005470276
5840 0.7190141081809998 0.5193976759910583
5841 0.7213068604469299 0.5172884464263916
5842 0.7198662161827087 0.51470947265625
5843 0.7212717533111572 0.512470006942749
5844 0.7206035852432251 0.5186779499053955
5845 0.7211180329322815 0.5176613330841064
5846 0.7195654511451721 0.5181436538696289
5847 0.7183399796485901 0.5184566974639893
5848 0.7185620665550232 0.5164232850074768
5849 0.7188745737075806 0.5135607123374939
5850 0.7122197151184082 0.48773765563964844
5851 0.7114834785461426 0.4897925853729248
5852 0.7111878991127014 0.485841304063797
5853 0.7138445377349854 0.4787755608558655
5854 0.7129104137420654 0.481058806180954
5855 0.7127055525779724 0.4766300320625305
5856 0.7137670516967773 0.48355838656425476
5857 0.7132498025894165 0.48482057452201843
5858 0.7134115695953369 0.4866914749145508
5859 0.7135899066925049 0.48884153366088867
5860 0.7128352522850037 0.4893353581428528
5861 0.7107271552085876 0.49333620071411133
5862 0.7134590744972229 0.49068304896354675
5863 0.7129654288291931 0.47626161575317383
5864 0.7117369174957275 0.4742431342601776
5865 0.7214493155479431 0.4785447418689728
5866 0.7199978828430176 0.4816727936267853
5867 0.718923032283783 0.4797664284706116
5868 0.7200536727905273 0.476283997297287
5869 0.7200345993041992 0.48695874214172363
5870 0.7180151343345642 0.4879794716835022
5871 0.7183776497840881 0.48387959599494934
5872 0.7135558128356934 0.49325916171073914
5873 0.715345025062561 0.4925572872161865
5874 0.7133915424346924 0.49617141485214233
5875 0.7117712497711182 0.496095210313797
5876 0.7102208733558655 0.49615219235420227
5877 0.7106165289878845 0.49929454922676086
5878 0.7230730056762695 0.4805346131324768
5879 0.723475456237793 0.4740753769874573
5880 0.70235276222229 0.43937379121780396
5881 0.7050524353981018 0.446652352809906
5882 0.704326868057251 0.44826650619506836
5883 0.7008769512176514 0.44128137826919556
5884 0.7052350640296936 0.4488219916820526
5885 0.7053295373916626 0.4453146755695343
5886 0.7052455544471741 0.44843173027038574
5887 0.7058267593383789 0.44795605540275574
5888 0.7064923644065857 0.450639933347702
5889 0.705353319644928 0.45061251521110535
5890 0.7093210816383362 0.4494001567363739
5891 0.7104459404945374 0.45128893852233887
5892 0.7068442702293396 0.45289450883865356
5893 0.7117075324058533 0.4527328312397003
5894 0.7114601731300354 0.45292261242866516
5895 0.712422788143158 0.45449522137641907
5896 0.723152756690979 0.47053712606430054
5897 0.7186440229415894 0.47484296560287476
5898 0.7230129837989807 0.46686863899230957
5899 0.7168365716934204 0.45778441429138184
5900 0.7145238518714905 0.4568023085594177
5901 0.7160539031028748 0.4568634629249573
5902 0.7181004285812378 0.45881563425064087
5903 0.7225598096847534 0.463546484708786
5904 0.7213202118873596 0.461497962474823
5905 0.7223028540611267 0.4643900394439697
5906 0.7282909154891968 0.505643904209137
5907 0.7295317053794861 0.5048832297325134
5908 0.7289106845855713 0.5078897476196289
5909 0.7281532883644104 0.5050682425498962
5910 0.7272444367408752 0.5036897659301758
5911 0.7268152832984924 0.5029578804969788
5912 0.7269277572631836 0.5033097267150879
5913 0.7311297059059143 0.49686217308044434
5914 0.7299683094024658 0.4967350661754608
5915 0.7293811440467834 0.4967607855796814
5916 0.7293800711631775 0.49692589044570923
5917 0.7312355637550354 0.48514124751091003
5918 0.7325247526168823 0.484836608171463
5919 0.7304549813270569 0.4856646656990051
5920 0.7300077080726624 0.48625919222831726
5921 0.7285280823707581 0.48735311627388
5922 0.7243704199790955 0.462290495634079
5923 0.7241997122764587 0.45777565240859985
5924 0.7264888286590576 0.46012479066848755
5925 0.7268399596214294 0.45763546228408813
5926 0.7253532409667969 0.4548385739326477
5927 0.7257852554321289 0.453993022441864
5928 0.7270450592041016 0.4570685029029846
5929 0.7258774042129517 0.45418497920036316
5930 0.7272514700889587 0.4575836956501007
5931 0.7227221131324768 0.5104131698608398
5932 0.7231345772743225 0.5082530379295349
5933 0.724479079246521 0.5084041953086853
5934 0.7214765548706055 0.503639280796051
5935 0.7219069004058838 0.5057456493377686
5936 0.7210638523101807 0.5061550736427307
5937 0.7203817367553711 0.5041585564613342
5938 0.7184267640113831 0.5023971199989319
5939 0.7199721932411194 0.5016255974769592
5940 0.7193332314491272 0.505051851272583
5941 0.7174529433250427 0.5035486817359924
5942 0.7163810133934021 0.5014118552207947
5943 0.7179474234580994 0.49976375699043274
5944 0.7164046764373779 0.504300057888031
5945 0.7139678001403809 0.5041566491127014
5946 0.7143287062644958 0.5006999373435974
5947 0.7150657176971436 0.5073593258857727
5948 0.712407648563385 0.5030317306518555
5949 0.7119812369346619 0.5000331997871399
5950 0.715711236000061 0.49643224477767944
5951 0.7231971025466919 0.5150413513183594
5952 0.72146075963974 0.5170037150382996
5953 0.7216804027557373 0.5253043174743652
5954 0.7202853560447693 0.525773823261261
5955 0.7306346297264099 0.5228654742240906
5956 0.7313133478164673 0.5243911147117615
5957 0.7302841544151306 0.5295047760009766
5958 0.7270278334617615 0.5267016887664795
5959 0.724010705947876 0.5227665901184082
5960 0.7229604125022888 0.5274839997291565
5961 0.7252451181411743 0.5131174921989441
5962 0.7247917652130127 0.5116472840309143
5963 0.7299743294715881 0.5135799050331116
5964 0.7319397926330566 0.5176710486412048
5965 0.7271840572357178 0.5104930996894836
5966 0.7307791113853455 0.5100237727165222
5967 0.7243423461914062 0.4509871304035187
5968 0.7242969870567322 0.45089250802993774
5969 0.7241747379302979 0.45112842321395874
5970 0.7234911322593689 0.4528803825378418
5971 0.7219525575637817 0.45575469732284546
5972 0.6888798475265503 0.4076206684112549
5973 0.6877775192260742 0.4040265679359436
5974 0.6879996061325073 0.403362512588501
5975 0.6875285506248474 0.39920833706855774
5976 0.6880090236663818 0.3979414105415344
5977 0.7105398774147034 0.43471649289131165
5978 0.7117068767547607 0.4356341063976288
5979 0.7121341228485107 0.4344635605812073
5980 0.7126540541648865 0.4363787770271301
5981 0.7126540541648865 0.4363787770271301
5982 0.7126540541648865 0.4363787770271301
5983 0.7126540541648865 0.4363787770271301
5984 0.7134996056556702 0.43708324432373047
5985 0.7336539030075073 0.5285432934761047
5986 0.7260627150535583 0.5302978157997131
5987 0.7205075621604919 0.526210367679596
5988 0.7193504571914673 0.523425817489624
5989 0.7177830338478088 0.5236353278160095
5990 0.7150708436965942 0.5223720073699951
5991 0.7050780653953552 0.5458536148071289
5992 0.7020264267921448 0.5419840812683105
5993 0.6897196173667908 0.536864697933197
5994 0.6975149512290955 0.5402072072029114
5995 0.7037574052810669 0.48569491505622864
5996 0.7048226594924927 0.4934733211994171
5997 0.706077516078949 0.5015537738800049
5998 0.7079885005950928 0.5093028545379639
5999 0.7116135954856873 0.5107206702232361
6000 0.7154316306114197 0.5122140049934387
6001 0.7188745737075806 0.5135607123374939
6002 0.7201938033103943 0.5124516487121582
6003 0.7226305603981018 0.5104032158851624
6004 0.7252402305603027 0.5082094669342041
6005 0.7277064919471741 0.5061360001564026
6006 0.7289443612098694 0.5036970973014832
6007 0.7306544780731201 0.4996243119239807
6008 0.7300514578819275 0.5021262764930725
6009 0.7316150665283203 0.49718326330184937
6010 0.7321081757545471 0.4943414032459259
6011 0.7328662276268005 0.49144598841667175
6012 0.7328129410743713 0.48801368474960327
6013 0.7329177260398865 0.48146745562553406
6014 0.7343750596046448 0.48409411311149597
6015 0.7334474325180054 0.4769614040851593
6016 0.7322143912315369 0.47455188632011414
6017 0.7321730852127075 0.4706806540489197
6018 0.7312803864479065 0.46763795614242554
6019 0.7286862730979919 0.4611639678478241
6020 0.7303406000137329 0.46425488591194153
6021 0.7257980108261108 0.4540192484855652
6022 0.7274031639099121 0.45792654156684875
6023 0.7240849137306213 0.450451135635376
6024 0.7225489020347595 0.44725149869918823
6025 0.7208076119422913 0.44362443685531616
6026 0.720062792301178 0.4425507187843323
6027 0.7179315090179443 0.4407753348350525
6028 0.7157711386680603 0.4389755427837372
6029 0.7139143943786621 0.437428742647171
6030 0.7126540541648865 0.4363787770271301
6031 0.7127379775047302 0.43530553579330444
6032 0.7127107977867126 0.43565207719802856
6033 0.7129550576210022 0.4325267970561981
6034 0.7121928930282593 0.4314735233783722
6035 0.6996713876724243 0.3824278712272644
6036 0.7122525572776794 0.4294297993183136
6037 0.7193437218666077 0.5088501572608948
6038 0.7206006646156311 0.5109300017356873
6039 0.7181856632232666 0.510589599609375
6040 0.7170884609222412 0.5075082182884216
6041 0.721432089805603 0.5092119574546814
6042 0.723045289516449 0.505800724029541
6043 0.7219099402427673 0.507477343082428
6044 0.7183152437210083 0.5062276721000671
6045 0.7202821373939514 0.5073376297950745
6046 0.6990077495574951 0.3823091983795166
6047 0.7013429403305054 0.3835771083831787
6048 0.6928410530090332 0.38911837339401245
6049 0.6912127137184143 0.38901540637016296
6050 0.6896157264709473 0.3914211094379425
6051 0.6885753273963928 0.39279884099960327
6052 0.6875929236412048 0.4058031439781189
6053 0.6853451132774353 0.4016597270965576
6054 0.6866717338562012 0.3997099697589874
6055 0.6838487982749939 0.40548035502433777
6056 0.6782389283180237 0.3993878662586212
6057 0.6819987893104553 0.3957269489765167
6058 0.6848254799842834 0.39402124285697937
6059 0.6870831847190857 0.3929734528064728
6060 0.6782413125038147 0.3862452208995819
6061 0.6828676462173462 0.38598373532295227
6062 0.6891769766807556 0.38268807530403137
6063 0.6854647994041443 0.37968066334724426
6064 0.6878653168678284 0.3685360550880432
6065 0.693140983581543 0.37167951464653015
6066 0.699335515499115 0.3718101680278778
6067 0.7015424370765686 0.3798682391643524
6068 0.6976425647735596 0.3743615448474884
6069 0.7136749029159546 0.42459291219711304
6070 0.7198048233985901 0.4253208339214325
6071 0.7174792289733887 0.4258885681629181
6072 0.712586522102356 0.42749956250190735
6073 0.7123289108276367 0.42666488885879517
6074 0.7115907669067383 0.42874929308891296
6075 0.7046877145767212 0.3860796093940735
6076 0.692594587802887 0.36995676159858704
6077 0.6968775987625122 0.3765818774700165
6078 0.7030254006385803 0.38541367650032043
6079 0.7001001834869385 0.38140130043029785
6080 0.6863400936126709 0.3867455720901489
6081 0.6806220412254333 0.3769761323928833
6082 0.6891278624534607 0.3880837559700012
6083 0.6922879815101624 0.38584378361701965
6084 0.7238355278968811 0.47061896324157715
6085 0.7240706086158752 0.466752290725708
6086 0.722862958908081 0.46764424443244934
6087 0.7196736931800842 0.45954805612564087
6088 0.7195811867713928 0.4595637321472168
6089 0.7227631211280823 0.4640149772167206
6090 0.7213315367698669 0.46145838499069214
6091 0.7223446369171143 0.4599139988422394
6092 0.718293309211731 0.45729729533195496
6093 0.7202869057655334 0.45819091796875
6094 0.7196168303489685 0.4545609652996063
6095 0.7169532179832458 0.45399147272109985
6096 0.7144625186920166 0.4538559317588806
6097 0.7124972939491272 0.4528506100177765
6098 0.7051398754119873 0.45235490798950195
6099 0.7050694227218628 0.4549761414527893
6100 0.7044695615768433 0.4536266624927521
6101 0.7051686644554138 0.451288640499115
6102 0.72039794921875 0.4232664108276367
6103 0.7074904441833496 0.4711587131023407
6104 0.7058589458465576 0.4698975384235382
6105 0.7053124904632568 0.4645673930644989
6106 0.7275462746620178 0.4262881278991699
6107 0.7108486890792847 0.4717154800891876
6108 0.7320421934127808 0.4310898780822754
6109 0.73982834815979 0.43822455406188965
6110 0.7134048938751221 0.4540552496910095
6111 0.7211682796478271 0.42679423093795776
6112 0.7069548964500427 0.455116331577301
6113 0.7259261608123779 0.4376904368400574
6114 0.7122111916542053 0.46590086817741394
6115 0.7186508774757385 0.4582739472389221
6116 0.7355647087097168 0.4515216648578644
6117 0.7350978851318359 0.44526058435440063
6118 0.7321707010269165 0.4461783766746521
6119 0.7174273133277893 0.47731301188468933
6120 0.7416678071022034 0.4512506127357483
6121 0.7179064154624939 0.48140233755111694
6122 0.7165132164955139 0.47862839698791504
6123 0.7168011665344238 0.4852958023548126
6124 0.7164029479026794 0.48394471406936646
6125 0.7137599587440491 0.4908931851387024
6126 0.7148824334144592 0.4900664687156677
6127 0.7128810286521912 0.4932880997657776
6128 0.7100523710250854 0.49518871307373047
6129 0.7086635231971741 0.4953560531139374
6130 0.7072422504425049 0.4960220158100128
6131 0.7062259912490845 0.4968907833099365
6132 0.7051854729652405 0.4979371428489685
6133 0.703908383846283 0.5013477802276611
6134 0.7039207816123962 0.5085359215736389
6135 0.6981736421585083 0.5054853558540344
6136 0.6966037154197693 0.5152027606964111
6137 0.693371057510376 0.5097483992576599
6138 0.689610481262207 0.519305944442749
6139 0.7050331830978394 0.45632031559944153
6140 0.7047868967056274 0.4586794972419739
6141 0.7195915579795837 0.42318323254585266
6142 0.7219105362892151 0.4276983439922333
6143 0.7282477021217346 0.4400010406970978
6144 0.7407069802284241 0.4448879063129425
6145 0.7343928813934326 0.43963882327079773
6146 0.7145755290985107 0.47754642367362976
6147 0.7151661515235901 0.4813475012779236
6148 0.7148392200469971 0.4853820204734802
6149 0.7137386798858643 0.48843783140182495
6150 0.7291398048400879 0.4344198703765869
6151 0.7233151197433472 0.4317106604576111
6152 0.7139108180999756 0.4559285342693329
6153 0.713020920753479 0.45484787225723267
6154 0.710570216178894 0.45085933804512024
6155 0.708247184753418 0.4467706084251404
6156 0.7063936591148376 0.4416060149669647
6157 0.7042661309242249 0.4379291832447052
6158 0.7038251161575317 0.4323582947254181
6159 0.7013944983482361 0.4343796372413635
6160 0.6939845681190491 0.43960481882095337
6161 0.6957681179046631 0.4353316128253937
6162 0.6979360580444336 0.4358777403831482
6163 0.6919159293174744 0.448501318693161
6164 0.6866393685340881 0.4606669247150421
6165 0.6866798996925354 0.4737355709075928
6166 0.6915565729141235 0.4807954430580139
6167 0.6949276924133301 0.48321962356567383
6168 0.6985644698143005 0.4832596778869629
6169 0.7008699178695679 0.4835951030254364
6170 0.7025265693664551 0.48322397470474243
6171 0.7275490164756775 0.4310281276702881
6172 0.7170405387878418 0.4920763373374939
6173 0.7163428664207458 0.488935261964798
6174 0.7152340412139893 0.48699259757995605
6175 0.7133364081382751 0.4857850670814514
6176 0.7126325964927673 0.4847037196159363
6177 0.7108480930328369 0.48391959071159363
6178 0.709562361240387 0.48389601707458496
6179 0.7076330184936523 0.4832382798194885
6180 0.7054786086082458 0.48158711194992065
6181 0.7243713736534119 0.5056832432746887
6182 0.7256966233253479 0.5049737095832825
6183 0.7259906530380249 0.502733051776886
6184 0.7276443839073181 0.5019184947013855
6185 0.7277759909629822 0.5000010132789612
6186 0.7289543747901917 0.49886173009872437
6187 0.7285943627357483 0.49681970477104187
6188 0.7220941185951233 0.48668673634529114
6189 0.7237878441810608 0.4868670105934143
6190 0.7210730314254761 0.491056889295578
6191 0.71907639503479 0.49174949526786804
6192 0.72298264503479 0.4911048412322998
6193 0.7222833037376404 0.4951002597808838
6194 0.7203588485717773 0.49527448415756226
6195 0.7180931568145752 0.4960767924785614
6196 0.7235211133956909 0.49828284978866577
6197 0.721922755241394 0.4983863830566406
6198 0.7266789078712463 0.4984850287437439
6199 0.7276845574378967 0.49812841415405273
6200 0.7264901399612427 0.5003533959388733
6201 0.7231430411338806 0.5010161995887756
6202 0.7249919176101685 0.4982602298259735
6203 0.7246269583702087 0.5008327960968018
6204 0.7243213653564453 0.5033016204833984
6205 0.7053755521774292 0.47052448987960815
6206 0.7060886025428772 0.4727196991443634
6207 0.7025911808013916 0.4687170684337616
6208 0.7027263045310974 0.46880483627319336
6209 0.7028899788856506 0.47350603342056274
6210 0.7010171413421631 0.46923208236694336
6211 0.7007694244384766 0.46753451228141785
6212 0.7021397352218628 0.47535204887390137
6213 0.70480877161026 0.4753261208534241
6214 0.7036263942718506 0.47615697979927063
6215 0.7064028382301331 0.4741358757019043
6216 0.7063192129135132 0.47599074244499207
6217 0.702467679977417 0.47655436396598816
6218 0.701151967048645 0.4734019637107849
6219 0.7001229524612427 0.4680160880088806
6220 0.705644965171814 0.47725704312324524
6221 0.704382061958313 0.47913363575935364
6222 0.706633448600769 0.47582536935806274
6223 0.7006833553314209 0.46728065609931946
6224 0.70267653465271 0.4651957154273987
6225 0.7038067579269409 0.46950605511665344
6226 0.7060685157775879 0.47168418765068054
6227 0.7034509181976318 0.45661330223083496
6228 0.7051082253456116 0.45353224873542786
6229 0.7052735686302185 0.45445749163627625
6230 0.7055420279502869 0.4524049460887909
6231 0.7051767706871033 0.4509883224964142
6232 0.7051537036895752 0.4518422782421112
6233 0.7051892280578613 0.45052292943000793
6234 0.7052130699157715 0.449634850025177
6235 0.7037198543548584 0.4501066505908966
6236 0.7481757402420044 0.5047471523284912
6237 0.7180628180503845 0.485842227935791
6238 0.7495278716087341 0.4863869845867157
6239 0.7496559619903564 0.492815762758255
6240 0.7486581802368164 0.4704446494579315
6241 0.7465565204620361 0.4659762978553772
6242 0.7467479109764099 0.46096518635749817
6243 0.7478094100952148 0.466232568025589
6244 0.7443429231643677 0.45013710856437683
6245 0.7402013540267944 0.44736722111701965
6246 0.7395861148834229 0.4408579468727112
6247 0.7426915764808655 0.44470638036727905
6248 0.7435212731361389 0.4561598300933838
6249 0.7457232475280762 0.4558805823326111
6250 0.7446185350418091 0.45039916038513184
6251 0.7468987107276917 0.461713969707489
6252 0.7407488226890564 0.4393133521080017
6253 0.7493492364883423 0.477434366941452
6254 0.7495761513710022 0.4888164699077606
6255 0.747856080532074 0.5063688158988953
6256 0.7419319152832031 0.5199602246284485
6257 0.7399868369102478 0.5219767093658447
6258 0.7494435906410217 0.4821658730506897
6259 0.7494080066680908 0.4803783595561981
6260 0.7216019034385681 0.49292680621147156
6261 0.7204714417457581 0.4854734539985657
6262 0.7195851802825928 0.4843418300151825
6263 0.7456817030906677 0.47086217999458313
6264 0.7452846765518188 0.47785279154777527
6265 0.742767870426178 0.4618947207927704
6266 0.7421974539756775 0.46749067306518555
6267 0.7409132719039917 0.4540593922138214
6268 0.7404543161392212 0.4602589011192322
6269 0.7361879944801331 0.44499799609184265
6270 0.7369531989097595 0.45154860615730286
6271 0.7397102117538452 0.5222639441490173
6272 0.7200108170509338 0.4959421753883362
6273 0.7201537489891052 0.4973301291465759
6274 0.7221430540084839 0.4952438175678253
6275 0.7368260025978088 0.5252542495727539
6276 0.7365820407867432 0.5241934657096863
6277 0.7337678670883179 0.4280468821525574
6278 0.7325215935707092 0.4229528605937958
6279 0.7371753454208374 0.42939260601997375
6280 0.7354660034179688 0.4323524832725525
6281 0.7312503457069397 0.4317757785320282
6282 0.7303838133811951 0.4274727702140808
6283 0.7264423966407776 0.4252167046070099
6284 0.7270058393478394 0.4311802387237549
6285 0.7221755981445312 0.4316343665122986
6286 0.7389070987701416 0.43492579460144043
6287 0.7357316613197327 0.43866246938705444
6288 0.7328829765319824 0.4369351863861084
6289 0.7289798259735107 0.4368338882923126
6290 0.7334654331207275 0.443464457988739
6291 0.7201887369155884 0.4424912929534912
6292 0.7160024642944336 0.43908900022506714
6293 0.7182739973068237 0.4389663338661194
6294 0.7222456336021423 0.44661954045295715
6295 0.7205458879470825 0.4430791735649109
6296 0.7296866774559021 0.45943334698677063
6297 0.7311925292015076 0.4615214467048645
6298 0.7323594689369202 0.4665220081806183
6299 0.735046923160553 0.4954681694507599
6300 0.7356600165367126 0.4868740737438202
6301 0.7370579242706299 0.4915187358856201
6302 0.734133780002594 0.46837738156318665
6303 0.7336310148239136 0.472960501909256
6304 0.7360169887542725 0.47570687532424927
6305 0.7355751395225525 0.4804142117500305
6306 0.7179908156394958 0.4365834891796112
6307 0.720458447933197 0.4393419623374939
6308 0.7163810729980469 0.4357931613922119
6309 0.7311057448387146 0.5002993941307068
6310 0.731758177280426 0.5063693523406982
6311 0.7355789542198181 0.4981383979320526
6312 0.7371270656585693 0.482994019985199
6313 0.7259082198143005 0.4522506594657898
6314 0.7291289567947388 0.45436710119247437
6315 0.7353009581565857 0.5021972060203552
6316 0.733376145362854 0.5124859809875488
6317 0.7379631400108337 0.4956951439380646
6318 0.7385913133621216 0.486561119556427
6319 0.7397488951683044 0.4912314713001251
6320 0.7384567856788635 0.47911545634269714
6321 0.7398660182952881 0.48162081837654114
6322 0.7360320091247559 0.470235139131546
6323 0.7385011315345764 0.47386306524276733
6324 0.734491765499115 0.46404507756233215
6325 0.7360824942588806 0.4656510055065155
6326 0.7304766178131104 0.4561348557472229
6327 0.7331505417823792 0.4588906764984131
6328 0.7276613712310791 0.4488048851490021
6329 0.7300243973731995 0.4510910212993622
6330 0.7386541366577148 0.49999576807022095
6331 0.7242212891578674 0.44777148962020874
6332 0.7229413390159607 0.44321444630622864
6333 0.7214966416358948 0.43953678011894226
6334 0.7258939743041992 0.44468849897384644
6335 0.7122280597686768 0.4294288456439972
6336 0.7131941318511963 0.42946720123291016
6337 0.7131209373474121 0.4304042160511017
6338 0.7128896117210388 0.4333653151988983
6339 0.7130159735679626 0.4317481815814972
6340 0.7131265997886658 0.4303324520587921
6341 0.7138491272926331 0.43036654591560364
6342 0.7159006595611572 0.4335736632347107
6343 0.7143759727478027 0.43304896354675293
6344 0.7144318222999573 0.43577665090560913
6345 0.7129242420196533 0.4329216480255127
6346 0.712883472442627 0.4334430694580078
6347 0.7127071619033813 0.435698539018631
6348 0.7229210138320923 0.49697452783584595
6349 0.7260879874229431 0.4943368136882782
6350 0.7254810929298401 0.4920291602611542
6351 0.7439013123512268 0.490268737077713
6352 0.7437372803688049 0.48254725337028503
6353 0.7422228455543518 0.47313645482063293
6354 0.7420244812965393 0.48035597801208496
6355 0.7400314807891846 0.46620887517929077
6356 0.7401316165924072 0.47153422236442566
6357 0.7379049062728882 0.45804744958877563
6358 0.7381510734558105 0.46346479654312134
6359 0.7342553734779358 0.44962650537490845
6360 0.7347502112388611 0.456374853849411
6361 0.7374007701873779 0.5132601857185364
6362 0.7418884634971619 0.4967691898345947
6363 0.7408280968666077 0.48586368560791016
6364 0.7405986189842224 0.4768402874469757
6365 0.7380891442298889 0.4684309959411621
6366 0.7361807227134705 0.46133047342300415
6367 0.7317027449607849 0.4537351429462433
6368 0.7333239912986755 0.5190864205360413
6369 0.713081419467926 0.4309094250202179
6370 0.7131941318511963 0.42946720123291016
6371 0.7180984020233154 0.4331202208995819
6372 0.7204771637916565 0.4361439049243927
6373 0.7224922776222229 0.437189519405365
6374 0.7242588400840759 0.44074127078056335
6375 0.7119703888893127 0.42913001775741577
6376 0.7131941318511963 0.42946720123291016
6377 0.7151421308517456 0.4299545884132385
6378 0.7202533483505249 0.4311376214027405
6379 0.7317408919334412 0.4474864602088928
6380 0.7311487197875977 0.4419105350971222
6381 0.72684246301651 0.4426274001598358
6382 0.7244963049888611 0.43775030970573425
6383 0.728943407535553 0.4459071755409241
6384 0.682918131351471 0.40974119305610657
6385 0.6827897429466248 0.41818997263908386
6386 0.6747494339942932 0.40401771664619446
6387 0.6726027131080627 0.3884463608264923
6388 0.6750913262367249 0.37579891085624695
6389 0.6791825890541077 0.367336243391037
6390 0.6914803981781006 0.5697202086448669
6391 0.6996856927871704 0.5738327503204346
6392 0.7257699370384216 0.4884527325630188
6393 0.7273783087730408 0.4905814528465271
6394 0.7277483940124512 0.4949796497821808
6395 0.7228116393089294 0.5034818649291992
6396 0.7216306924819946 0.5011820793151855
6397 0.7200503945350647 0.4988017678260803
6398 0.7270883917808533 0.49682873487472534
6399 0.7033678293228149 0.4290770888328552
6400 0.6882230043411255 0.4092869162559509
6401 0.6895479559898376 0.4133523106575012
6402 0.7041358351707458 0.42968088388442993
6403 0.7033678293228149 0.4290770888328552
6404 0.6996643543243408 0.43878698348999023
6405 0.7001144886016846 0.43160223960876465
6406 0.700352132320404 0.4445992112159729
6407 0.703334391117096 0.4525432288646698
6408 0.6899465918540955 0.4216155707836151
6409 0.7016062140464783 0.5354467034339905
6410 0.6949689388275146 0.5253336429595947
6411 0.7035790085792542 0.5165820717811584
6412 0.6996282935142517 0.5279540419578552
6413 0.5501293540000916 0.6107510924339294
6414 0.5461521148681641 0.6164303421974182
6415 0.5396365523338318 0.6123551726341248
6416 0.5435546040534973 0.6070610880851746
6417 0.6020159125328064 0.5522980093955994
6418 0.6035895943641663 0.5603770613670349
6419 0.5977181792259216 0.5657309889793396
6420 0.596889078617096 0.5580368041992188
6421 0.5083146691322327 0.6250318884849548
6422 0.5000504851341248 0.6242277026176453
6423 0.504146158695221 0.6189637184143066
6424 0.597419261932373 0.44395995140075684
6425 0.6081847548484802 0.4557686448097229
6426 0.5985440611839294 0.45658043026924133
6427 0.5831496119499207 0.6065411567687988
6428 0.5858471393585205 0.6001362204551697
6429 0.5917491316795349 0.5959305167198181
6430 0.5922989845275879 0.5888271927833557
6431 0.598212480545044 0.5831613540649414
6432 0.5979520678520203 0.46854332089424133
6433 0.6076083183288574 0.468735009431839
6434 0.6047424674034119 0.4805064797401428
6435 0.5964426398277283 0.47931310534477234
6436 0.5870471596717834 0.5918835997581482
6437 0.578956663608551 0.6021971106529236
6438 0.5812940001487732 0.594367265701294
6439 0.5978970527648926 0.5739468932151794
6440 0.5929050445556641 0.5801206231117249
6441 0.5927050113677979 0.5716211795806885
6442 0.5895023345947266 0.45759910345077515
6443 0.5896201729774475 0.46917349100112915
6444 0.6042118072509766 0.5687568187713623
6445 0.5876865386962891 0.5853268504142761
6446 0.4998602569103241 0.6135950684547424
6447 0.5039177536964417 0.6083812117576599
6448 0.508086621761322 0.6140796542167664
6449 0.5121065974235535 0.6197863221168518
6450 0.511687695980072 0.6091108322143555
6451 0.5145649313926697 0.6136038303375244
6452 0.5152928829193115 0.6249132752418518
6453 0.5104596614837646 0.4071657359600067
6454 0.5094459652900696 0.40634873509407043
6455 0.5118967890739441 0.40479332208633423
6456 0.5128674507141113 0.4060370624065399
6457 0.515260636806488 0.40529608726501465
6458 0.5163185000419617 0.4090612530708313
6459 0.5139372944831848 0.40896230936050415
6460 0.5028309226036072 0.4069199860095978
6461 0.501824140548706 0.4053761661052704
6462 0.5030727386474609 0.40365034341812134
6463 0.5040932297706604 0.40511539578437805
6464 0.5055299401283264 0.4034743309020996
6465 0.5061745643615723 0.40559738874435425
6466 0.5048134326934814 0.4074721038341522
6467 0.510460615158081 0.4008811116218567
6468 0.513191282749176 0.39940932393074036
6469 0.514430582523346 0.4024723172187805
6470 0.5168769955635071 0.40126365423202515
6471 0.5181912779808044 0.4043619632720947
6472 0.5955612659454346 0.3517751395702362
6473 0.6034565567970276 0.33953070640563965
6474 0.6059703230857849 0.3651628792285919
6475 0.584293782711029 0.3265915811061859
6476 0.5876250267028809 0.3142126798629761
6477 0.5232390761375427 0.4194619655609131
6478 0.5249083042144775 0.42139407992362976
6479 0.524470329284668 0.423944890499115
6480 0.5231487154960632 0.4224291443824768
6481 0.5174810886383057 0.41197699308395386
6482 0.5185889601707458 0.40883854031562805
6483 0.5195154547691345 0.4122771918773651
6484 0.525425136089325 0.39679110050201416
6485 0.5254866480827332 0.401593416929245
6486 0.5224573612213135 0.4010913372039795
6487 0.5218519568443298 0.3967404067516327
6488 0.5256732106208801 0.40549275279045105
6489 0.528317391872406 0.4024674892425537
6490 0.5278494358062744 0.40688639879226685
6491 0.5268120765686035 0.42535561323165894
6492 0.5253110527992249 0.42854592204093933
6493 0.5252094864845276 0.42568135261535645
6494 0.5260434746742249 0.4230566620826721
6495 0.5207604765892029 0.4046749472618103
6496 0.5212776064872742 0.4083828926086426
6497 0.5235353112220764 0.40854954719543457
6498 0.5233907103538513 0.4124149978160858
6499 0.5214542746543884 0.41217902302742004
6500 0.6051173806190491 0.39022892713546753
6501 0.5981738567352295 0.37565895915031433
6502 0.5185696482658386 0.39694803953170776
6503 0.5173456072807312 0.39277446269989014
6504 0.5204123854637146 0.3918440639972687
6505 0.5826606750488281 0.4492573142051697
6506 0.5890231132507324 0.4460262656211853
6507 0.5830468535423279 0.4602101445198059
6508 0.5880776047706604 0.4343750774860382
6509 0.5955211520195007 0.4309844970703125
6510 0.5219382643699646 0.41492244601249695
6511 0.5204059481620789 0.41457274556159973
6512 0.5251800417900085 0.4180608093738556
6513 0.5268583297729492 0.41988518834114075
6514 0.5966838002204895 0.3982415795326233
6515 0.601214587688446 0.41107386350631714
6516 0.5320245623588562 0.42504745721817017
6517 0.5300347208976746 0.42784470319747925
6518 0.5291098952293396 0.42467495799064636
6519 0.5301573276519775 0.42131751775741577
6520 0.5314102172851562 0.4173503518104553
6521 0.528869092464447 0.4178310036659241
6522 0.5295130610466003 0.41376444697380066
6523 0.5277033448219299 0.4115152060985565
6524 0.5300273895263672 0.4088577628135681
6525 0.5233932137489319 0.4159701466560364
6526 0.5251699090003967 0.4138041138648987
6527 0.522127091884613 0.41717392206192017
6528 0.5236669182777405 0.4260852038860321
6529 0.5238657593727112 0.42851826548576355
6530 0.5317060351371765 0.3994916081428528
6531 0.530737578868866 0.40444257855415344
6532 0.5287816524505615 0.3977227210998535
6533 0.5284502506256104 0.39197838306427
6534 0.5243309140205383 0.391506165266037
6535 0.5376250743865967 0.28540417551994324
6536 0.5262550711631775 0.29666972160339355
6537 0.5189831256866455 0.29485777020454407
6538 0.5351034998893738 0.4166695773601532
6539 0.5336794257164001 0.4211277365684509
6540 0.5323812365531921 0.412930428981781
6541 0.5331787467002869 0.40758079290390015
6542 0.5376572608947754 0.4064798951148987
6543 0.5388769507408142 0.4005202651023865
6544 0.5417842864990234 0.4050452411174774
6545 0.5399428009986877 0.4111423194408417
6546 0.5339967608451843 0.4018559455871582
6547 0.5363096594810486 0.4119872450828552
6548 0.592840850353241 0.4176998436450958
6549 0.5395902991294861 0.3921520709991455
6550 0.5358092784881592 0.3968107998371124
6551 0.5362341403961182 0.3895874321460724
6552 0.5364437103271484 0.38317248225212097
6553 0.532421886920929 0.3885214328765869
6554 0.5322417616844177 0.38256213068962097
6555 0.5428876280784607 0.41640445590019226
6556 0.5409793853759766 0.42147117853164673
6557 0.5393032431602478 0.4160294234752655
6558 0.535734236240387 0.4251687526702881
6559 0.5336560606956482 0.42774462699890137
6560 0.5374998450279236 0.4208870530128479
6561 0.5396900177001953 0.42566102743148804
6562 0.5374550819396973 0.4279276728630066
6563 0.5439842343330383 0.42836087942123413
6564 0.5430492758750916 0.43042948842048645
6565 0.5593953132629395 0.29147276282310486
6566 0.5450682044029236 0.2968606948852539
6567 0.5680117011070251 0.3125191032886505
6568 0.5092835426330566 0.3871622681617737
6569 0.5071570873260498 0.3893647789955139
6570 0.5055399537086487 0.3876868486404419
6571 0.5071799755096436 0.3856687843799591
6572 0.5036318898200989 0.3922746181488037
6573 0.5021811127662659 0.39097854495048523
6574 0.5037736296653748 0.3894597291946411
6575 0.505418062210083 0.3909256160259247
6576 0.5083830952644348 0.39096692204475403
6577 0.5067567825317383 0.3923535645008087
6578 0.504425585269928 0.4003157913684845
6579 0.5060639977455139 0.3983795940876007
6580 0.5071184039115906 0.40056413412094116
6581 0.5018398761749268 0.40015098452568054
6582 0.5034241080284119 0.3988083004951477
6583 0.5085930824279785 0.3601449131965637
6584 0.510312020778656 0.3632335662841797
6585 0.5072131752967834 0.36667966842651367
6586 0.5053151249885559 0.36294257640838623
6587 0.502445638179779 0.388518750667572
6588 0.5040368437767029 0.3866066634654999
6589 0.5047736763954163 0.38162916898727417
6590 0.5039332509040833 0.38365742564201355
6591 0.5024104118347168 0.38262537121772766
6592 0.5035569667816162 0.3807581663131714
6593 0.5231136679649353 0.38714319467544556
6594 0.5188797116279602 0.3878260850906372
6595 0.5176022052764893 0.38343313336372375
6596 0.5153894424438477 0.38892775774002075
6597 0.513891875743866 0.38573554158210754
6598 0.5043261051177979 0.3777589797973633
6599 0.5048913359642029 0.37970730662345886
6600 0.502565324306488 0.37952330708503723
6601 0.5008575916290283 0.3902266323566437
6602 0.49962809681892395 0.3894179165363312
6603 0.5010182857513428 0.38760921359062195
6604 0.5005063414573669 0.40331101417541504
6605 0.4996262192726135 0.40079763531684875
6606 0.5007044672966003 0.3991129696369171
6607 0.5054864287376404 0.38457104563713074
6608 0.5065115094184875 0.38213682174682617
6609 0.5086622834205627 0.38301658630371094
6610 0.5025414824485779 0.38564807176589966
6611 0.5322148203849792 0.3754965662956238
6612 0.5274637341499329 0.3828261196613312
6613 0.5269960761070251 0.3761095702648163
6614 0.5138223767280579 0.3594726324081421
6615 0.5150635242462158 0.3650514781475067
6616 0.5113504528999329 0.3674914240837097
6617 0.5068134665489197 0.379367470741272
6618 0.5168271064758301 0.3781118094921112
6619 0.5213487148284912 0.3771291971206665
6620 0.522047221660614 0.3824257552623749
6621 0.5162451267242432 0.37139981985092163
6622 0.5195451378822327 0.3630364239215851
6623 0.520606279373169 0.3693797290325165
6624 0.5263655185699463 0.36748287081718445
6625 0.514435350894928 0.39398688077926636
6626 0.512173593044281 0.39009106159210205
6627 0.5469157099723816 0.4235527515411377
6628 0.5494470000267029 0.4298138916492462
6629 0.5462934970855713 0.43392473459243774
6630 0.5454460978507996 0.4104931056499481
6631 0.5500953197479248 0.4179384708404541
6632 0.5484733581542969 0.4036562740802765
6633 0.5443132519721985 0.3982369601726532
6634 0.5468650460243225 0.3887377083301544
6635 0.5417744517326355 0.38528987765312195
6636 0.5379007458686829 0.3760211765766144
6637 0.5440037250518799 0.37818026542663574
6638 0.5320184230804443 0.3661508858203888
6639 0.5391919612884521 0.36747491359710693
6640 0.5254873633384705 0.36052557826042175
6641 0.5309939384460449 0.35787153244018555
6642 0.5239577293395996 0.35218822956085205
6643 0.5180431008338928 0.35619398951530457
6644 0.5122382640838623 0.3570881485939026
6645 0.5163140296936035 0.35312044620513916
6646 0.5062956213951111 0.35530802607536316
6647 0.5097814202308655 0.35254767537117004
6648 0.49963000416755676 0.35423704981803894
6649 0.5035848617553711 0.35187357664108276
6650 0.5027757287025452 0.35871025919914246
6651 0.4995461106300354 0.3866408169269562
6652 0.5011293292045593 0.3846597969532013
6653 0.5322927832603455 0.3929905593395233
6654 0.5278215408325195 0.3873617351055145
6655 0.5057041049003601 0.3730745017528534
6656 0.504214346408844 0.3693750500679016
6657 0.5084351897239685 0.3708818256855011
6658 0.5095257759094238 0.3752497434616089
6659 0.5126981139183044 0.3731434941291809
6660 0.5130724310874939 0.37912508845329285
6661 0.5082440972328186 0.3479142189025879
6662 0.5109567046165466 0.34116747975349426
6663 0.5137138962745667 0.3478536605834961
6664 0.5203151106834412 0.34276625514030457
6665 0.5225713849067688 0.3479749858379364
6666 0.5286162495613098 0.3429444432258606
6667 0.5298917293548584 0.34910815954208374
6668 0.5376036167144775 0.34923651814460754
6669 0.5385103225708008 0.3582172691822052
6670 0.5465402007102966 0.3607225716114044
6671 0.5454874038696289 0.369951993227005
6672 0.5516132712364197 0.3742542564868927
6673 0.5496854186058044 0.3817172348499298
6674 0.5549125671386719 0.3865049481391907
6675 0.5517587661743164 0.39632245898246765
6676 0.5574674010276794 0.40423697233200073
6677 0.5536601543426514 0.4113898277282715
6678 0.557192325592041 0.4184402823448181
6679 0.5532097816467285 0.42457032203674316
6680 0.5558987259864807 0.4312577545642853
6681 0.5517937541007996 0.4361662268638611
6682 0.4996285140514374 0.3454696834087372
6683 0.5037831664085388 0.3427925407886505
6684 0.5079224705696106 0.4036703407764435
6685 0.5070310235023499 0.4077475368976593
6686 0.5090464949607849 0.3987164795398712
6687 0.5116475224494934 0.38382667303085327
6688 0.51093989610672 0.38843587040901184
6689 0.5095377564430237 0.3921163082122803
6690 0.5095685124397278 0.379327654838562
6691 0.5065011382102966 0.37636038661003113
6692 0.50350022315979 0.37527820467948914
6693 0.5014695525169373 0.378097265958786
6694 0.4989548325538635 0.3753111660480499
6695 0.5020511150360107 0.372661292552948
6696 0.5061848163604736 0.3025975227355957
6697 0.4996226131916046 0.2982160747051239
6698 0.4994259476661682 0.3835439383983612
6699 0.5011124014854431 0.3814801871776581
6700 0.5006608366966248 0.3704998195171356
6701 0.50239497423172 0.3652496039867401
6702 0.5006104111671448 0.4070677161216736
6703 0.4996242821216583 0.40523093938827515
6704 0.5005975365638733 0.39236438274383545
6705 0.49962738156318665 0.3917260468006134
6706 0.4993358254432678 0.3804439902305603
6707 0.4997691512107849 0.3613260090351105
6708 0.5748352408409119 0.5959492325782776
6709 0.5765001773834229 0.5904269814491272
6710 0.5825678706169128 0.5878724455833435
6711 0.5839965343475342 0.5798900127410889
6712 0.5883235335350037 0.5774560570716858
6713 0.5239240527153015 0.4310598075389862
6714 0.5262550711631775 0.4311707317829132
6715 0.5246532559394836 0.4336497187614441
6716 0.5370988845825195 0.6031671166419983
6717 0.5343985557556152 0.6078448295593262
6718 0.5292724967002869 0.6020610332489014
6719 0.5316197276115417 0.5985693335533142
6720 0.5827165246009827 0.47040659189224243
6721 0.577061653137207 0.47214916348457336
6722 0.5771148800849915 0.4626600444316864
6723 0.557659924030304 0.6028952598571777
6724 0.554030179977417 0.6057202816009521
6725 0.5476479530334473 0.6017956137657166
6726 0.5511549115180969 0.5997676253318787
6727 0.541130006313324 0.5978956818580627
6728 0.5953245759010315 0.5508050322532654
6729 0.5924953818321228 0.5638372898101807
6730 0.5913758277893066 0.5566925406455994
6731 0.520845890045166 0.602877676486969
6732 0.524207592010498 0.5975556969642639
6733 0.5257446765899658 0.6073639392852783
6734 0.5140678286552429 0.6033010482788086
6735 0.5170573592185974 0.5983784198760986
6736 0.5178117752075195 0.6083117127418518
6737 0.5077016353607178 0.6036422252655029
6738 0.4996144473552704 0.6038334965705872
6739 0.5034247040748596 0.598651647567749
6740 0.522817075252533 0.43055078387260437
6741 0.52251797914505 0.432573139667511
6742 0.5315729975700378 0.43079158663749695
6743 0.5352792739868164 0.43112727999687195
6744 0.5328421592712402 0.43436840176582336
6745 0.5888042449951172 0.4791450798511505
6746 0.5822522640228271 0.4797993302345276
6747 0.5291228890419006 0.43381521105766296
6748 0.5284406542778015 0.43074512481689453
6749 0.5945125222206116 0.48921018838882446
6750 0.5879582762718201 0.48819538950920105
6751 0.544585645198822 0.436585396528244
6752 0.5418686270713806 0.44018837809562683
6753 0.5399932265281677 0.43389299511909485
6754 0.5490317940711975 0.43927904963493347
6755 0.5459521412849426 0.4430527091026306
6756 0.5270392298698425 0.5933887958526611
6757 0.5198416113853455 0.5936446785926819
6758 0.5229730606079102 0.5883474946022034
6759 0.5135059356689453 0.5941972136497498
6760 0.5163134932518005 0.5896536707878113
6761 0.5215127468109131 0.43413305282592773
6762 0.5221388339996338 0.43565434217453003
6763 0.5209589004516602 0.4371528625488281
6764 0.5252466201782227 0.4367966651916504
6765 0.5229373574256897 0.4395146071910858
6766 0.5270040035247803 0.43674802780151367
6767 0.5302812457084656 0.43740150332450867
6768 0.5273289084434509 0.440427303314209
6769 0.5346956849098206 0.4394509792327881
6770 0.531794548034668 0.4420643448829651
6771 0.5428584218025208 0.4466443657875061
6772 0.5392312407493591 0.4496801197528839
6773 0.5383654236793518 0.44310230016708374
6774 0.5471218228340149 0.44997638463974
6775 0.5437774658203125 0.4532560706138611
6776 0.5717358589172363 0.4742583930492401
6777 0.5768843293190002 0.481040894985199
6778 0.5725116729736328 0.48189783096313477
6779 0.5815730094909668 0.4882395267486572
6780 0.5772461295127869 0.4885006248950958
6781 0.586696445941925 0.4975051283836365
6782 0.5812750458717346 0.49690940976142883
6783 0.5876997113227844 0.5619129538536072
6784 0.5866029858589172 0.5554239749908447
6785 0.5899576544761658 0.5500497221946716
6786 0.5884175896644592 0.5693129897117615
6787 0.5842590928077698 0.5743793845176697
6788 0.5839986801147461 0.5667772889137268
6789 0.5783789753913879 0.5846132636070251
6790 0.5706236362457275 0.5914140343666077
6791 0.5731251835823059 0.5863857865333557
6792 0.5441877841949463 0.5946860909461975
6793 0.5472756028175354 0.5929554104804993
6794 0.5538508296012878 0.5967996716499329
6795 0.5346353054046631 0.5943114757537842
6796 0.5383943915367126 0.5924935936927795
6797 0.5297712683677673 0.591123640537262
6798 0.4993791878223419 0.5937528014183044
6799 0.5030390620231628 0.589229166507721
6800 0.5069730877876282 0.5938435196876526
6801 0.5373439788818359 0.4367521107196808
6802 0.535379946231842 0.4455289840698242
6803 0.553826093673706 0.44290590286254883
6804 0.550570547580719 0.4463331401348114
6805 0.5519378781318665 0.4533774256706238
6806 0.5482140183448792 0.45676758885383606
6807 0.5798045992851257 0.5778869986534119
6808 0.5721023082733154 0.6028637290000916
6809 0.5654154419898987 0.6023021340370178
6810 0.5683497786521912 0.5977619290351868
6811 0.5619271397590637 0.5963788628578186
6812 0.564854621887207 0.5908345580101013
6813 0.5620579719543457 0.6067677140235901
6814 0.5590288043022156 0.6005406975746155
6815 0.5555229783058167 0.5940990447998047
6816 0.510915219783783 0.5989388823509216
6817 0.5100094676017761 0.5894370675086975
6818 0.5421447157859802 0.5913987755775452
6819 0.5467692017555237 0.5859155058860779
6820 0.5503641963005066 0.5920540690422058
6821 0.5034450888633728 0.45643287897109985
6822 0.5052943229675293 0.45458361506462097
6823 0.5067853331565857 0.4559312164783478
6824 0.5053508281707764 0.45786112546920776
6825 0.5018054842948914 0.47980454564094543
6826 0.501803457736969 0.47688862681388855
6827 0.5023316740989685 0.4758610427379608
6828 0.5025097727775574 0.47658583521842957
6829 0.5034219622612 0.47868800163269043
6830 0.5028361678123474 0.4755249619483948
6831 0.5033199787139893 0.4765183925628662
6832 0.5059919357299805 0.46908044815063477
6833 0.5045003890991211 0.4688088893890381
6834 0.5057154297828674 0.46704238653182983
6835 0.5076644420623779 0.46846267580986023
6836 0.5110933780670166 0.46895939111709595
6837 0.5127084255218506 0.4685162901878357
6838 0.5154860615730286 0.47111889719963074
6839 0.5144798159599304 0.4716072678565979
6840 0.5191845297813416 0.48070454597473145
6841 0.5182042717933655 0.4810614585876465
6842 0.5170029997825623 0.4788703918457031
6843 0.5180165767669678 0.4781658351421356
6844 0.5190145373344421 0.47776275873184204
6845 0.5166230797767639 0.47616955637931824
6846 0.5172412991523743 0.47525447607040405
6847 0.5263658165931702 0.45244619250297546
6848 0.5233964323997498 0.45467472076416016
6849 0.5228458046913147 0.4508337676525116
6850 0.5251564383506775 0.44744184613227844
6851 0.5247612595558167 0.46060365438461304
6852 0.5223272442817688 0.4630005657672882
6853 0.5212962627410889 0.4577036499977112
6854 0.5272355675697327 0.45820802450180054
6855 0.5283170342445374 0.46438243985176086
6856 0.5260515809059143 0.4667566120624542
6857 0.529409646987915 0.45030859112739563
6858 0.5299275517463684 0.4557022452354431
6859 0.5196444988250732 0.4383396506309509
6860 0.5203638076782227 0.4408204257488251
6861 0.5188302397727966 0.4418198764324188
6862 0.5382039546966553 0.5866470336914062
6863 0.5335854887962341 0.5900461673736572
6864 0.5266672968864441 0.4719223380088806
6865 0.524867594242096 0.474006712436676
6866 0.5240485072135925 0.4689183831214905
6867 0.5206007361412048 0.4655575156211853
6868 0.5222097039222717 0.47087574005126953
6869 0.5139865279197693 0.45409294962882996
6870 0.5124430060386658 0.45711472630500793
6871 0.51031494140625 0.45526009798049927
6872 0.5120993256568909 0.4531228542327881
6873 0.5254107117652893 0.4862744212150574
6874 0.5243015885353088 0.4881300926208496
6875 0.523751437664032 0.48204660415649414
6876 0.5247126221656799 0.4806498885154724
6877 0.504811704158783 0.4815549850463867
6878 0.5041245818138123 0.47765201330184937
6879 0.5038890838623047 0.4754357635974884
6880 0.5048661828041077 0.47455689311027527
6881 0.5218567252159119 0.4851861298084259
6882 0.5226370692253113 0.4859016239643097
6883 0.5223943591117859 0.4886331260204315
6884 0.5218778252601624 0.4878561198711395
6885 0.49960729479789734 0.49411529302597046
6886 0.5002272129058838 0.4922935962677002
6887 0.5012816786766052 0.4948510527610779
6888 0.4998452961444855 0.49715468287467957
6889 0.5832438468933105 0.5600863099098206
6890 0.5821647047996521 0.554040253162384
6891 0.5852198004722595 0.5495074391365051
6892 0.5750198364257812 0.5812478065490723
6893 0.5676441192626953 0.5866355895996094
6894 0.5705309510231018 0.5819454193115234
6895 0.529472291469574 0.496858149766922
6896 0.5290358662605286 0.49204009771347046
6897 0.5314735770225525 0.49082690477371216
6898 0.532257616519928 0.4959130585193634
6899 0.5800742506980896 0.5710866451263428
6900 0.579586923122406 0.564030647277832
6901 0.5260570645332336 0.5866826176643372
6902 0.5303888916969299 0.5850343108177185
6903 0.5189815163612366 0.5847209095954895
6904 0.5232099890708923 0.5801033973693848
6905 0.5144911408424377 0.5803894400596619
6906 0.5108276009559631 0.576389491558075
6907 0.5127244591712952 0.5720353126525879
6908 0.516306459903717 0.5743482708930969
6909 0.5073254704475403 0.5732967257499695
6910 0.5087930560112 0.5806604027748108
6911 0.5051407217979431 0.5771386623382568
6912 0.5111885666847229 0.5656786561012268
6913 0.5149614214897156 0.5681458115577698
6914 0.509334146976471 0.5695738196372986
6915 0.5070202946662903 0.549115002155304
6916 0.5112652778625488 0.5529014468193054
6917 0.5091401934623718 0.5556002259254456
6918 0.5062800049781799 0.551582396030426
6919 0.5042638778686523 0.47063854336738586
6920 0.504915177822113 0.4702010750770569
6921 0.5047218799591064 0.47133105993270874
6922 0.5041348934173584 0.47214704751968384
6923 0.5050721168518066 0.4721355736255646
6924 0.5044712424278259 0.4728568196296692
6925 0.505248486995697 0.47074228525161743
6926 0.5099459290504456 0.5602853298187256
6927 0.5132454037666321 0.5621103644371033
6928 0.5082128047943115 0.5634582042694092
6929 0.5125433802604675 0.5850889086723328
6930 0.5061995983123779 0.5849229693412781
6931 0.5183708071708679 0.4745049476623535
6932 0.5163978934288025 0.4707874655723572
6933 0.5161041617393494 0.4773595631122589
6934 0.516678512096405 0.47704121470451355
6935 0.5167970061302185 0.47933417558670044
6936 0.5139325261116028 0.4725261330604553
6937 0.5227370262145996 0.4429950416088104
6938 0.5199776291847229 0.44520968198776245
6939 0.5283138751983643 0.4444453716278076
6940 0.5324965119361877 0.44792768359184265
6941 0.544594943523407 0.45961716771125793
6942 0.5414657592773438 0.46172621846199036
6943 0.5407319664955139 0.45590633153915405
6944 0.5367012619972229 0.4825613796710968
6945 0.5338577628135681 0.48411446809768677
6946 0.5328503251075745 0.47891759872436523
6947 0.5361228585243225 0.4773537814617157
6948 0.5392764210700989 0.4755397439002991
6949 0.5355762839317322 0.4719401001930237
6950 0.538745105266571 0.469809353351593
6951 0.5336324572563171 0.45998767018318176
6952 0.5366966128349304 0.4577006995677948
6953 0.5381898283958435 0.4641123116016388
6954 0.5341736674308777 0.4657573997974396
6955 0.5420641303062439 0.4677169620990753
6956 0.5428256392478943 0.5810003876686096
6957 0.5455189347267151 0.5798383355140686
6958 0.5495931506156921 0.582104504108429
6959 0.5654501914978027 0.5806360840797424
6960 0.5664222240447998 0.5757421851158142
6961 0.5710373520851135 0.575875997543335
6962 0.5169972777366638 0.5646393299102783
6963 0.5203143954277039 0.5658514499664307
6964 0.5183966755867004 0.5696699619293213
6965 0.5219614505767822 0.5755314826965332
6966 0.5270265936851501 0.5751127600669861
6967 0.5277807712554932 0.5803619027137756
6968 0.5227202773094177 0.5709068179130554
6969 0.5343775153160095 0.5830454230308533
6970 0.5390958786010742 0.5785184502601624
6971 0.5790329575538635 0.5577394366264343
6972 0.575795590877533 0.5672783255577087
6973 0.5755960941314697 0.560824453830719
6974 0.5784856677055359 0.5524529814720154
6975 0.5812532901763916 0.5487926006317139
6976 0.5149505734443665 0.5592626929283142
6977 0.518780529499054 0.5612378716468811
6978 0.5328221321105957 0.5778307318687439
6979 0.5643147826194763 0.4987792372703552
6980 0.5645193457603455 0.49146705865859985
6981 0.5686376094818115 0.49013659358024597
6982 0.5687223076820374 0.49656742811203003
6983 0.5728792548179626 0.4891238510608673
6984 0.5685639977455139 0.4828212261199951
6985 0.5765308737754822 0.4957936108112335
6986 0.572591245174408 0.4959562420845032
6987 0.5689473152160645 0.5020450949668884
6988 0.5724278092384338 0.5018324255943298
6989 0.5016701221466064 0.45796534419059753
6990 0.49985402822494507 0.45621639490127563
6991 0.501576840877533 0.4547092318534851
6992 0.525047779083252 0.44353505969047546
6993 0.575946033000946 0.5020501613616943
6994 0.5771312117576599 0.5092965960502625
6995 0.5721032023429871 0.5071364045143127
6996 0.5812044739723206 0.5037227272987366
6997 0.5268232226371765 0.4890403747558594
6998 0.52852863073349 0.48719286918640137
6999 0.5268163681030273 0.4932752251625061
7000 0.5359137058258057 0.4519619643688202
7001 0.5294213891029358 0.47518330812454224
7002 0.5319740176200867 0.47336670756340027
7003 0.5304457545280457 0.48047760128974915
7004 0.5312866568565369 0.4677916169166565
7005 0.5448334217071533 0.5310406684875488
7006 0.5436038970947266 0.5293225646018982
7007 0.5437750816345215 0.5272966027259827
7008 0.5452461838722229 0.5286205410957336
7009 0.5456914901733398 0.5366384983062744
7010 0.5449019074440002 0.535234272480011
7011 0.5455996990203857 0.5345659255981445
7012 0.5465666651725769 0.5361077785491943
7013 0.5647091865539551 0.5053072571754456
7014 0.5613102316856384 0.5062122941017151
7015 0.5609148144721985 0.4999888241291046
7016 0.5677400231361389 0.5100874304771423
7017 0.5648178458213806 0.5099353194236755
7018 0.570549488067627 0.5163292288780212
7019 0.5666396021842957 0.5142574310302734
7020 0.5181079506874084 0.44619983434677124
7021 0.5199427008628845 0.4501684308052063
7022 0.5172750353813171 0.45038339495658875
7023 0.5163025856018066 0.44652944803237915
7024 0.5172011852264404 0.4425807297229767
7025 0.5145658850669861 0.44686102867126465
7026 0.5152868628501892 0.45037367939949036
7027 0.5135876536369324 0.450581818819046
7028 0.510004460811615 0.45215824246406555
7029 0.5116423964500427 0.4502536654472351
7030 0.5034220814704895 0.4755246341228485
7031 0.5043233036994934 0.4812485873699188
7032 0.5006161332130432 0.5538007616996765
7033 0.499423086643219 0.5501046180725098
7034 0.5003364682197571 0.5469913482666016
7035 0.502751350402832 0.550844132900238
7036 0.5005592703819275 0.4797575771808624
7037 0.4992084205150604 0.4776093363761902
7038 0.5019968152046204 0.4765124022960663
7039 0.5267589688301086 0.4844147861003876
7040 0.5254158973693848 0.49079471826553345
7041 0.5287835597991943 0.46985962986946106
7042 0.5273292660713196 0.4771290421485901
7043 0.530789315700531 0.46209025382995605
7044 0.5328155159950256 0.45411914587020874
7045 0.5325140357017517 0.5001850724220276
7046 0.5348243117332458 0.49472784996032715
7047 0.5349312424659729 0.49945729970932007
7048 0.537293016910553 0.4882071316242218
7049 0.5398077964782715 0.48104292154312134
7050 0.540346622467041 0.4870385527610779
7051 0.5426685810089111 0.4735645651817322
7052 0.5431031584739685 0.4795506000518799
7053 0.5491250157356262 0.4630076587200165
7054 0.5455400347709656 0.46543335914611816
7055 0.546180248260498 0.47158095240592957
7056 0.5024403929710388 0.5442054867744446
7057 0.5042544007301331 0.5389860272407532
7058 0.5058358311653137 0.5454911589622498
7059 0.5047397613525391 0.5480889678001404
7060 0.5061172842979431 0.5431194305419922
7061 0.5092141628265381 0.5468793511390686
7062 0.5030219554901123 0.4813762307167053
7063 0.502339780330658 0.48191481828689575
7064 0.5010240077972412 0.4805092215538025
7065 0.5050358772277832 0.47287726402282715
7066 0.5044079422950745 0.4731678366661072
7067 0.504615306854248 0.473071813583374
7068 0.505273163318634 0.4727673828601837
7069 0.5042687058448792 0.473232239484787
7070 0.5048179626464844 0.4729780852794647
7071 0.5040883421897888 0.4733155369758606
7072 0.5037575364112854 0.47346872091293335
7073 0.5039241909980774 0.4733915627002716
7074 0.5033740401268005 0.4731035828590393
7075 0.5031713843345642 0.47422701120376587
7076 0.5132784247398376 0.5543122887611389
7077 0.5167961716651917 0.5563144087791443
7078 0.5115640163421631 0.5571377873420715
7079 0.5071454644203186 0.5579724907875061
7080 0.49927884340286255 0.5566896796226501
7081 0.5032535195350647 0.5585703253746033
7082 0.5011218190193176 0.561251163482666
7083 0.5156508088111877 0.47793200612068176
7084 0.5087718367576599 0.4722349941730499
7085 0.5137606263160706 0.4735584855079651
7086 0.5091602206230164 0.46971753239631653
7087 0.5091404318809509 0.46777623891830444
7088 0.508422315120697 0.4540562629699707
7089 0.508600652217865 0.45751193165779114
7090 0.5066416263580322 0.45308539271354675
7091 0.5082026124000549 0.4514300525188446
7092 0.5045985579490662 0.47373059391975403
7093 0.5040953755378723 0.4736314117908478
7094 0.5031295418739319 0.474520742893219
7095 0.5028420090675354 0.4748677909374237
7096 0.5025681853294373 0.4754006564617157
7097 0.5424613356590271 0.5173553824424744
7098 0.5437901020050049 0.5179316997528076
7099 0.5429949760437012 0.5214537978172302
7100 0.5418216586112976 0.5205921530723572
7101 0.5507522225379944 0.5149230360984802
7102 0.5475287437438965 0.5180220007896423
7103 0.5462424159049988 0.5158713459968567
7104 0.5480534434318542 0.5116198658943176
7105 0.5494442582130432 0.5297917723655701
7106 0.5472050309181213 0.5277342796325684
7107 0.5478950142860413 0.5211174488067627
7108 0.5501407980918884 0.5241742134094238
7109 0.5548908114433289 0.5221436619758606
7110 0.5554705262184143 0.5255905985832214
7111 0.5540153980255127 0.5285269618034363
7112 0.5533824563026428 0.5235075950622559
7113 0.5572612285614014 0.5160737037658691
7114 0.5543156266212463 0.5178266167640686
7115 0.5539946556091309 0.514927327632904
7116 0.5578699111938477 0.5119858384132385
7117 0.5576940178871155 0.5082921385765076
7118 0.5615766644477844 0.5101317763328552
7119 0.5540695190429688 0.5103084444999695
7120 0.551537275314331 0.5173633098602295
7121 0.5509607791900635 0.5206827521324158
7122 0.5517193675041199 0.5226476192474365
7123 0.5509943962097168 0.5282503962516785
7124 0.5528659224510193 0.5207558274269104
7125 0.5523717999458313 0.5278663039207458
7126 0.5757583975791931 0.573842465877533
7127 0.5716424584388733 0.5693066120147705
7128 0.55825275182724 0.5906355977058411
7129 0.5627176761627197 0.5856661200523376
7130 0.5569306015968323 0.583378791809082
7131 0.5598755478858948 0.5788343548774719
7132 0.5535913109779358 0.5868568420410156
7133 0.5517006516456604 0.5787307620048523
7134 0.5415564179420471 0.5476512312889099
7135 0.5429420471191406 0.5477696061134338
7136 0.5442104935646057 0.5478780269622803
7137 0.5427687168121338 0.5477548241615295
7138 0.5363309979438782 0.5463383197784424
7139 0.5363536477088928 0.5451786518096924
7140 0.5367723107337952 0.5447477698326111
7141 0.5366484522819519 0.5460169315338135
7142 0.5377330183982849 0.5453351140022278
7143 0.5383206009864807 0.5456740856170654
7144 0.53690505027771 0.5485414862632751
7145 0.5356431007385254 0.5453515648841858
7146 0.5355343222618103 0.5443155765533447
7147 0.5363715291023254 0.5441626906394958
7148 0.5392172932624817 0.5457723140716553
7149 0.5391519069671631 0.5496670603752136
7150 0.538262128829956 0.5499768257141113
7151 0.5407812595367432 0.5470680594444275
7152 0.5403618216514587 0.5492913722991943
7153 0.5453252196311951 0.5479732155799866
7154 0.5453707575798035 0.5479772090911865
7155 0.5463202595710754 0.548058271408081
7156 0.5473940968513489 0.5481500625610352
7157 0.5471901297569275 0.548132598400116
7158 0.5481935143470764 0.5484426617622375
7159 0.557072639465332 0.54912930727005
7160 0.5583829879760742 0.5471668243408203
7161 0.5602231025695801 0.5470600724220276
7162 0.5589831471443176 0.5489262938499451
7163 0.5496043562889099 0.5356905460357666
7164 0.5505641102790833 0.5375522971153259
7165 0.5498729348182678 0.5371944904327393
7166 0.5487725138664246 0.5369368195533752
7167 0.5561152100563049 0.539306104183197
7168 0.554735004901886 0.5391320586204529
7169 0.553059995174408 0.5381102561950684
7170 0.5541810989379883 0.5361449122428894
7171 0.550125777721405 0.5488714575767517
7172 0.5497480034828186 0.5481786727905273
7173 0.552499532699585 0.5495349764823914
7174 0.5510814189910889 0.5385807156562805
7175 0.5506470203399658 0.5376183986663818
7176 0.5506470203399658 0.5376179218292236
7177 0.5522520542144775 0.5385823249816895
7178 0.5523142218589783 0.5356413722038269
7179 0.5554460883140564 0.5529530048370361
7180 0.5549430847167969 0.5492563843727112
7181 0.5470642447471619 0.5481218695640564
7182 0.5462374091148376 0.5480512976646423
7183 0.5471637845039368 0.5476291179656982
7184 0.5478907227516174 0.5477650165557861
7185 0.5457054972648621 0.5386433005332947
7186 0.5466985106468201 0.5397935509681702
7187 0.5458216071128845 0.540084183216095
7188 0.5449300408363342 0.5391473770141602
7189 0.558039128780365 0.5460638403892517
7190 0.5563655495643616 0.5462242960929871
7191 0.5577545166015625 0.5455487370491028
7192 0.5592890381813049 0.545658528804779
7193 0.5431222319602966 0.5477850437164307
7194 0.5420641899108887 0.5472652316093445
7195 0.543398916721344 0.5474963188171387
7196 0.5445351600646973 0.5479058623313904
7197 0.5394806861877441 0.5454294085502625
7198 0.538890540599823 0.5449666380882263
7199 0.539768636226654 0.5451244711875916
7200 0.5402606129646301 0.5458834171295166
7201 0.5549269318580627 0.5405177474021912
7202 0.5561662316322327 0.5407024025917053
7203 0.5550833344459534 0.5405409932136536
7204 0.5536932349205017 0.540351927280426
7205 0.537050724029541 0.5441457629203796
7206 0.5368620753288269 0.5435071587562561
7207 0.5373221039772034 0.5436356067657471
7208 0.5376185774803162 0.5441831946372986
7209 0.5378732085227966 0.5450159907341003
7210 0.5380600094795227 0.5444850921630859
7211 0.5364788174629211 0.543412983417511
7212 0.5363900065422058 0.5427186489105225
7213 0.5367266535758972 0.5430048108100891
7214 0.5497726798057556 0.5398088097572327
7215 0.5506470799446106 0.5376183986663818
7216 0.5498127341270447 0.5400094389915466
7217 0.549205482006073 0.5399666428565979
7218 0.5410348773002625 0.5468865036964417
7219 0.5413694381713867 0.5465741753578186
7220 0.5454525947570801 0.5479841828346252
7221 0.5455685257911682 0.5477986335754395
7222 0.5497403144836426 0.5478481650352478
7223 0.5498836040496826 0.5473360419273376
7224 0.5525362491607666 0.5474012494087219
7225 0.5527076125144958 0.5393893718719482
7226 0.5526556968688965 0.5403462052345276
7227 0.5516788363456726 0.5402977466583252
7228 0.5506471991539001 0.5376183986663818
7229 0.5511155724525452 0.540255069732666
7230 0.5471372008323669 0.5472970008850098
7231 0.5500385761260986 0.553400456905365
7232 0.5492236018180847 0.5472823977470398
7233 0.5452132821083069 0.5404267311096191
7234 0.5471234321594238 0.5404160618782043
7235 0.5461879372596741 0.5406437516212463
7236 0.5537387728691101 0.5508971214294434
7237 0.553623616695404 0.5468750596046448
7238 0.5404655337333679 0.5450891852378845
7239 0.5410203337669373 0.5455440878868103
7240 0.5391928553581238 0.5447824001312256
7241 0.5451894402503967 0.5471701622009277
7242 0.5473008751869202 0.5538461208343506
7243 0.5571052432060242 0.5411004424095154
7244 0.5557277202606201 0.5409395694732666
7245 0.5545725226402283 0.5404648184776306
7246 0.5506341457366943 0.5403557419776917
7247 0.5508673191070557 0.5310668349266052
7248 0.5489158034324646 0.540588915348053
7249 0.5444746017456055 0.5533523559570312
7250 0.5426008701324463 0.5466130375862122
7251 0.5422725081443787 0.5458221435546875
7252 0.5384292006492615 0.5444626808166504
7253 0.5378627777099609 0.5438070297241211
7254 0.5521765351295471 0.5404595732688904
7255 0.5522854328155518 0.533513069152832
7256 0.5539229512214661 0.5369443297386169
7257 0.5545955300331116 0.5475545525550842
7258 0.5544571280479431 0.5466799736022949
7259 0.502498209476471 0.5809321999549866
7260 0.4990057349205017 0.5772879719734192
7261 0.501851499080658 0.573789656162262
7262 0.501596212387085 0.5672970414161682
7263 0.4989032447338104 0.5641432404518127
7264 0.5038730502128601 0.5641514658927917
7265 0.5012248158454895 0.4828137755393982
7266 0.500453770160675 0.4837055802345276
7267 0.49939873814582825 0.48205873370170593
7268 0.5004510879516602 0.48122602701187134
7269 0.498878538608551 0.5705037713050842
7270 0.5042476058006287 0.5702776312828064
7271 0.5032714009284973 0.46957898139953613
7272 0.5028560757637024 0.4709498882293701
7273 0.496820867061615 0.46927496790885925
7274 0.4991929829120636 0.5850182175636292
7275 0.5004906058311462 0.48613888025283813
7276 0.4996146857738495 0.48476362228393555
7277 0.501312792301178 0.4849822223186493
7278 0.5005715489387512 0.488833487033844
7279 0.4996130168437958 0.48732540011405945
7280 0.5014881491661072 0.48726680874824524
7281 0.5020149350166321 0.4658300280570984
7282 0.4987040162086487 0.46605780720710754
7283 0.4995853900909424 0.5365729331970215
7284 0.4995836615562439 0.5398967266082764
7285 0.49918437004089355 0.4804394543170929
7286 0.5022615790367126 0.47381263971328735
7287 0.49712297320365906 0.47193342447280884
7288 0.4995880424976349 0.5317149758338928
7289 0.4997892379760742 0.5295233130455017
7290 0.5020226836204529 0.5345410704612732
7291 0.4991898834705353 0.47502854466438293
7292 0.5014974474906921 0.45144516229629517
7293 0.5033812522888184 0.4529877007007599
7294 0.4996994137763977 0.45287472009658813
7295 0.5062289237976074 0.48393818736076355
7296 0.5054784417152405 0.48340079188346863
7297 0.5053980946540833 0.4843094050884247
7298 0.5062881112098694 0.48503735661506653
7299 0.5061158537864685 0.4834859371185303
7300 0.5071254372596741 0.484019011259079
7301 0.5067312717437744 0.48358818888664246
7302 0.504980742931366 0.47341281175613403
7303 0.506335437297821 0.5667290091514587
7304 0.5050639510154724 0.5543637871742249
7305 0.5058040618896484 0.5611218810081482
7306 0.5088048577308655 0.4707949161529541
7307 0.5090022087097168 0.4700429141521454
7308 0.5085583329200745 0.4701027572154999
7309 0.5076055526733398 0.4693746864795685
7310 0.5061556696891785 0.4697241485118866
7311 0.5074489712715149 0.4698958396911621
7312 0.5061745643615723 0.47049906849861145
7313 0.5085052847862244 0.4710392355918884
7314 0.5086850523948669 0.4707825481891632
7315 0.5050031542778015 0.45169544219970703
7316 0.6185152530670166 0.47040629386901855
7317 0.5193706154823303 0.4839962124824524
7318 0.5181522965431213 0.4841389060020447
7319 0.5171766877174377 0.4814312160015106
7320 0.5210034251213074 0.4878403842449188
7321 0.5218039155006409 0.4900820553302765
7322 0.5209292769432068 0.4906037449836731
7323 0.5165562033653259 0.4834215044975281
7324 0.5186334252357483 0.4868514835834503
7325 0.5162315964698792 0.4856075644493103
7326 0.519765317440033 0.49050089716911316
7327 0.5207147002220154 0.4933052361011505
7328 0.5193086266517639 0.4933731257915497
7329 0.5021544098854065 0.48389843106269836
7330 0.5029354691505432 0.48514458537101746
7331 0.5020077228546143 0.48630931973457336
7332 0.5030314922332764 0.48317983746528625
7333 0.5073121190071106 0.48469993472099304
7334 0.5063576102256775 0.48389366269111633
7335 0.506930410861969 0.483309805393219
7336 0.5077877640724182 0.48375850915908813
7337 0.5068283081054688 0.4832015037536621
7338 0.5074977278709412 0.48308804631233215
7339 0.5062429904937744 0.4830642342567444
7340 0.5073981285095215 0.4833936393260956
7341 0.5062984824180603 0.4833323657512665
7342 0.5031875967979431 0.49602362513542175
7343 0.5024135112762451 0.49797892570495605
7344 0.5027888417243958 0.4928083121776581
7345 0.5028366446495056 0.48827314376831055
7346 0.5021199584007263 0.489425390958786
7347 0.5047773718833923 0.4837093949317932
7348 0.5038982033729553 0.4843282401561737
7349 0.503779947757721 0.4824090600013733
7350 0.5041900277137756 0.4816882014274597
7351 0.5050489902496338 0.48277759552001953
7352 0.5048258900642395 0.4817364513874054
7353 0.5055107474327087 0.4831586480140686
7354 0.5083522200584412 0.4857354760169983
7355 0.5078606009483337 0.4869115650653839
7356 0.5067751407623291 0.48581692576408386
7357 0.5090710520744324 0.4876096844673157
7358 0.508686363697052 0.48943907022476196
7359 0.5073035359382629 0.4875398278236389
7360 0.5137762427330017 0.5065944194793701
7361 0.5123477578163147 0.5093190670013428
7362 0.5088605880737305 0.5077809691429138
7363 0.5104246735572815 0.5052263140678406
7364 0.5049317479133606 0.4969063103199005
7365 0.5034072399139404 0.4991278052330017
7366 0.5033898949623108 0.49422070384025574
7367 0.5051630139350891 0.48788994550704956
7368 0.5037464499473572 0.49043890833854675
7369 0.5039939880371094 0.4867849349975586
7370 0.5048020482063293 0.48578304052352905
7371 0.5055498480796814 0.4831562638282776
7372 0.5057386755943298 0.4830949008464813
7373 0.5110275149345398 0.49748659133911133
7374 0.5098996162414551 0.5001607537269592
7375 0.5077953338623047 0.49759405851364136
7376 0.5087490677833557 0.4953795075416565
7377 0.5129756927490234 0.5023370385169983
7378 0.508427619934082 0.5022768974304199
7379 0.5057315230369568 0.4846523106098175
7380 0.5060412883758545 0.48699191212654114
7381 0.5065427422523499 0.4899871349334717
7382 0.5060021281242371 0.49475619196891785
7383 0.5066010355949402 0.4996628761291504
7384 0.5270890593528748 0.49801105260849
7385 0.5248515009880066 0.498918741941452
7386 0.5251052379608154 0.4950074851512909
7387 0.5439810752868652 0.5345273017883301
7388 0.5442370772361755 0.5361332297325134
7389 0.5433778166770935 0.5352950096130371
7390 0.543170690536499 0.5314757227897644
7391 0.5419578552246094 0.5302059054374695
7392 0.5421867370605469 0.5282544493675232
7393 0.516409158706665 0.5135794281959534
7394 0.5172811150550842 0.5105664730072021
7395 0.5214683413505554 0.5106573104858398
7396 0.5198304057121277 0.5144218802452087
7397 0.5293669104576111 0.5011319518089294
7398 0.52720707654953 0.50235515832901
7399 0.5192381739616394 0.5179498195648193
7400 0.5237464308738708 0.5138227939605713
7401 0.5235521197319031 0.5172968506813049
7402 0.5321604609489441 0.5045990943908691
7403 0.5291919112205505 0.5051903128623962
7404 0.5412206053733826 0.5233684182167053
7405 0.5398430228233337 0.5228716731071472
7406 0.5401768088340759 0.5198301672935486
7407 0.5443090796470642 0.5380961894989014
7408 0.5443739295005798 0.5403136610984802
7409 0.5436086654663086 0.5393494963645935
7410 0.5438692569732666 0.5332359671592712
7411 0.5435330271720886 0.540627658367157
7412 0.542621374130249 0.5406172275543213
7413 0.5422899127006531 0.5409470200538635
7414 0.5413350462913513 0.5409769415855408
7415 0.5414380431175232 0.5407314896583557
7416 0.5426590442657471 0.5388948917388916
7417 0.5265149474143982 0.5097358822822571
7418 0.5262660980224609 0.5134484767913818
7419 0.5240092277526855 0.5102996230125427
7420 0.524415910243988 0.5067816376686096
7421 0.5217418074607849 0.5072408318519592
7422 0.5217354893684387 0.4923984706401825
7423 0.522465169429779 0.4905523657798767
7424 0.5199138522148132 0.49573463201522827
7425 0.5212774276733398 0.4950418174266815
7426 0.5250023007392883 0.5032238364219666
7427 0.5268294811248779 0.5059414505958557
7428 0.5290111899375916 0.5090897679328918
7429 0.5377783179283142 0.5251474976539612
7430 0.5380334258079529 0.5224568843841553
7431 0.5394063591957092 0.5253079533576965
7432 0.5401706099510193 0.5316933989524841
7433 0.5405914187431335 0.529530942440033
7434 0.541422426700592 0.5326113104820251
7435 0.5414326190948486 0.5369057059288025
7436 0.5422688126564026 0.5351712703704834
7437 0.5425508618354797 0.5369522571563721
7438 0.5018897652626038 0.5188111662864685
7439 0.5001015067100525 0.5215763449668884
7440 0.49959537386894226 0.5172551274299622
7441 0.5000471472740173 0.5148581862449646
7442 0.501088559627533 0.5002692341804504
7443 0.4997422397136688 0.502321183681488
7444 0.499604195356369 0.4994661808013916
7445 0.4995984435081482 0.5107488632202148
7446 0.49992507696151733 0.507929265499115
7447 0.5014841556549072 0.5119967460632324
7448 0.5010175108909607 0.5053295493125916
7449 0.4996016025543213 0.5041159987449646
7450 0.49959152936935425 0.5252800583839417
7451 0.5017418265342712 0.5264170169830322
7452 0.5031875967979431 0.5069461464881897
7453 0.5025909543037415 0.5093896985054016
7454 0.5024756789207458 0.5031890273094177
7455 0.5031426548957825 0.5011992454528809
7456 0.5034709572792053 0.5041586756706238
7457 0.505369246006012 0.5076301693916321
7458 0.5040951371192932 0.5103411674499512
7459 0.5050156116485596 0.5019352436065674
7460 0.5067582130432129 0.5050106048583984
7461 0.507438600063324 0.5103638172149658
7462 0.5149045586585999 0.5103818774223328
7463 0.5138248801231384 0.5133212208747864
7464 0.5102343559265137 0.5123066306114197
7465 0.5035585761070251 0.513224184513092
7466 0.5032286047935486 0.51597660779953
7467 0.5159540772438049 0.5172441601753235
7468 0.5129989981651306 0.5165030360221863
7469 0.5190778374671936 0.5213736891746521
7470 0.515566885471344 0.5207855701446533
7471 0.5062255263328552 0.5132880210876465
7472 0.5090571045875549 0.5153050422668457
7473 0.5051175951957703 0.5164651274681091
7474 0.5081681609153748 0.5187044739723206
7475 0.5117773413658142 0.5203244090080261
7476 0.5109930038452148 0.5243926644325256
7477 0.5155540108680725 0.5244107842445374
7478 0.5082636475563049 0.5390381217002869
7479 0.5052165985107422 0.537177324295044
7480 0.5066463947296143 0.5356776714324951
7481 0.5044980645179749 0.5321817398071289
7482 0.5046829581260681 0.53004390001297
7483 0.5081320405006409 0.5292349457740784
7484 0.5091723799705505 0.5337112545967102
7485 0.5039716362953186 0.5202178359031677
7486 0.5042056441307068 0.5238937735557556
7487 0.5115303993225098 0.5284470915794373
7488 0.5076436996459961 0.5231807231903076
7489 0.5160995125770569 0.5075902342796326
7490 0.5184471607208252 0.5076918601989746
7491 0.5224339962005615 0.5040047764778137
7492 0.5197868347167969 0.5047749876976013
7493 0.5232307314872742 0.49072906374931335
7494 0.5240788459777832 0.4926629066467285
7495 0.5229668021202087 0.4945657551288605
7496 0.5223982334136963 0.49329525232315063
7497 0.5231937766075134 0.4875156879425049
7498 0.5152598023414612 0.5040403008460999
7499 0.5175037980079651 0.5049704909324646
7500 0.5237141251564026 0.49659228324890137
7501 0.5213742852210999 0.5017099380493164
7502 0.5187363624572754 0.5021004676818848
7503 0.5150076746940613 0.500382661819458
7504 0.5169639587402344 0.501808226108551
7505 0.5222923755645752 0.498170405626297
7506 0.5202264189720154 0.49945372343063354
7507 0.5217027068138123 0.4963303208351135
7508 0.517136812210083 0.49913400411605835
7509 0.5187816023826599 0.4975542724132538
7510 0.5200782418251038 0.49759411811828613
7511 0.5186865925788879 0.4997258484363556
7512 0.5231745839118958 0.5003688931465149
7513 0.5358147621154785 0.5503153204917908
7514 0.5349504947662354 0.5502238869667053
7515 0.5350155830383301 0.5479264259338379
7516 0.5357089638710022 0.5482008457183838
7517 0.5367169380187988 0.5502964854240417
7518 0.5368918776512146 0.5529196858406067
7519 0.5357115864753723 0.5534530282020569
7520 0.5349511504173279 0.5461234450340271
7521 0.5342054963111877 0.547664225101471
7522 0.534141480922699 0.5457815527915955
7523 0.5379355549812317 0.552516758441925
7524 0.5383205413818359 0.5555112361907959
7525 0.5368664264678955 0.556450605392456
7526 0.5396861433982849 0.5545313358306885
7527 0.5405330657958984 0.5571851134300232
7528 0.5389201641082764 0.5581163763999939
7529 0.5420873761177063 0.5574513077735901
7530 0.5435181260108948 0.5584282279014587
7531 0.5417221188545227 0.5593416094779968
7532 0.5668253898620605 0.5702217221260071
7533 0.5614064335823059 0.5743713974952698
7534 0.5622087121009827 0.568997323513031
7535 0.5543614029884338 0.5751020908355713
7536 0.5565362572669983 0.5713229775428772
7537 0.5454616546630859 0.5727996826171875
7538 0.5486233830451965 0.5759389400482178
7539 0.542151153087616 0.5765306949615479
7540 0.5396326184272766 0.5734738707542419
7541 0.5365583300590515 0.5761571526527405
7542 0.5344401001930237 0.5734820365905762
7543 0.5313268303871155 0.5739133954048157
7544 0.5305628180503845 0.5707966685295105
7545 0.5271007418632507 0.5710154175758362
7546 0.5239483714103699 0.566841185092926
7547 0.5276696681976318 0.5671948790550232
7548 0.5219535231590271 0.5621914267539978
7549 0.5253329873085022 0.5629621148109436
7550 0.5613704323768616 0.5489584803581238
7551 0.5607614517211914 0.5528063774108887
7552 0.5587220788002014 0.5542171597480774
7553 0.5596914291381836 0.5509365200996399
7554 0.5464744567871094 0.560353696346283
7555 0.5476479530334473 0.5599773526191711
7556 0.54949951171875 0.5608958601951599
7557 0.5484352707862854 0.5623140931129456
7558 0.5453963875770569 0.5479793548583984
7559 0.5451791286468506 0.5605973601341248
7560 0.5525312423706055 0.5612335801124573
7561 0.5511608719825745 0.5581734776496887
7562 0.5541797280311584 0.55892413854599
7563 0.5560283660888672 0.5549818873405457
7564 0.5572230219841003 0.5579203963279724
7565 0.5670108199119568 0.5641085505485535
7566 0.5716684460639954 0.5630300045013428
7567 0.5508350729942322 0.5731629729270935
7568 0.5233137607574463 0.5586313605308533
7569 0.5204018950462341 0.5580210089683533
7570 0.5221397280693054 0.6130360960960388
7571 0.5184881091117859 0.6188986301422119
7572 0.5759590268135071 0.6078260540962219
7573 0.5688226819038391 0.6079599857330322
7574 0.5601364970207214 0.6092990040779114
7575 0.556890070438385 0.6140459179878235
7576 0.5725286602973938 0.6137049794197083
7577 0.5635993480682373 0.6163508892059326
7578 0.5653808116912842 0.6129990220069885
7579 0.5528692603111267 0.6200351119041443
7580 0.5368664860725403 0.6177175045013428
7581 0.5317205786705017 0.6114426255226135
7582 0.5329366326332092 0.6231046319007874
7583 0.5234572291374207 0.6241733431816101
7584 0.5272765755653381 0.6178958415985107
7585 0.5421904921531677 0.6224892139434814
7586 0.6134138703346252 0.4840180575847626
7587 0.6084730625152588 0.49593204259872437
7588 0.6014735698699951 0.4918046295642853
7589 0.6095981597900391 0.5111619830131531
7590 0.6041290760040283 0.5057756900787354
7591 0.6151203513145447 0.5016524195671082
7592 0.6005456447601318 0.5129242539405823
7593 0.5958203673362732 0.5091922879219055
7594 0.5983911156654358 0.5016372799873352
7595 0.5934213995933533 0.5443642139434814
7596 0.5973872542381287 0.5380492806434631
7597 0.5999235510826111 0.5448157787322998
7598 0.5926336646080017 0.4987781345844269
7599 0.5908350944519043 0.5064302086830139
7600 0.5859156250953674 0.5047690272331238
7601 0.59334397315979 0.5156135559082031
7602 0.5893187522888184 0.5129942297935486
7603 0.5882087349891663 0.5445366501808167
7604 0.5913476347923279 0.5386180877685547
7605 0.5839000344276428 0.5447254776954651
7606 0.5865482687950134 0.5392903685569763
7607 0.5852050185203552 0.5110034346580505
7608 0.5811107158660889 0.509934663772583
7609 0.5816872119903564 0.5400786995887756
7610 0.5795477032661438 0.544339656829834
7611 0.5827274918556213 0.5233418941497803
7612 0.5772529244422913 0.5245766639709473
7613 0.5808839201927185 0.5146198272705078
7614 0.584351122379303 0.5165705680847168
7615 0.5774340033531189 0.5134716629981995
7616 0.5876187682151794 0.5190034508705139
7617 0.573740541934967 0.5228930115699768
7618 0.5703750252723694 0.5216260552406311
7619 0.6214053630828857 0.4905288815498352
7620 0.6209946274757385 0.5090200304985046
7621 0.6051415801048279 0.5175337791442871
7622 0.6003327965736389 0.5250244140625
7623 0.5972639918327332 0.5191709399223328
7624 0.5932343602180481 0.5267742276191711
7625 0.590570867061615 0.5224027037620544
7626 0.5877395272254944 0.5294004082679749
7627 0.5853946208953857 0.5259174704551697
7628 0.5819811224937439 0.5332899689674377
7629 0.5794395804405212 0.5311035513877869
7630 0.5713837146759033 0.5573194026947021
7631 0.5751912593841553 0.5550971031188965
7632 0.5772117972373962 0.5476260781288147
7633 0.5744385123252869 0.5502480864524841
7634 0.5480194687843323 0.5408472418785095
7635 0.5483455061912537 0.5400384068489075
7636 0.5480212569236755 0.5395755767822266
7637 0.547539234161377 0.5353109836578369
7638 0.5478301048278809 0.5375850796699524
7639 0.546657145023346 0.5308228135108948
7640 0.5455154776573181 0.5244750380516052
7641 0.5450130105018616 0.5196524262428284
7642 0.545161783695221 0.5149638056755066
7643 0.534464418888092 0.48946043848991394
7644 0.5377044677734375 0.49373987317085266
7645 0.5305867791175842 0.48516029119491577
7646 0.528465986251831 0.48246216773986816
7647 0.5259024500846863 0.47892430424690247
7648 0.5236133933067322 0.47578001022338867
7649 0.5204734206199646 0.4724108874797821
7650 0.5225362181663513 0.47707056999206543
7651 0.5159416198730469 0.46664613485336304
7652 0.5176877379417419 0.4699840247631073
7653 0.5144453048706055 0.4685191810131073
7654 0.5125646591186523 0.46551987528800964
7655 0.5107683539390564 0.4669843316078186
7656 0.507113516330719 0.46581003069877625
7657 0.5088565349578857 0.464228093624115
7658 0.5037022233009338 0.4651167094707489
7659 0.5053395628929138 0.46420666575431824
7660 0.4990968108177185 0.4639144539833069
7661 0.5017856955528259 0.46377259492874146
7662 0.5482658743858337 0.5332785248756409
7663 0.5461129546165466 0.5333308577537537
7664 0.5505957007408142 0.5363233089447021
7665 0.5515751242637634 0.5324658751487732
7666 0.5530657172203064 0.5322508215904236
7667 0.5558159947395325 0.5341200828552246
7668 0.5577352643013 0.5515184998512268
7669 0.5606804490089417 0.5481786727905273
7670 0.5532100796699524 0.5556066036224365
7671 0.5483498573303223 0.5495300889015198
7672 0.5464358925819397 0.548068106174469
7673 0.5440859198570251 0.5478673577308655
7674 0.5413132309913635 0.5487155318260193
7675 0.539033830165863 0.551845133304596
7676 0.5375757813453674 0.5496181845664978
7677 0.5364586710929871 0.548069417476654
7678 0.5357323288917542 0.5464897155761719
7679 0.5349080562591553 0.5449432730674744
7680 0.5409591197967529 0.5346331000328064
7681 0.5427760481834412 0.5335401892662048
7682 0.5444082617759705 0.5332775115966797
7683 0.5150291323661804 0.41630271077156067
7684 0.5136856436729431 0.4154755771160126
7685 0.5119763016700745 0.4146122634410858
7686 0.5134482979774475 0.41402119398117065
7687 0.5104593634605408 0.4152798056602478
7688 0.5082292556762695 0.41289663314819336
7689 0.5099003314971924 0.4126158058643341
7690 0.5151762366294861 0.4247373938560486
7691 0.5151762366294861 0.4247373938560486
7692 0.5151762366294861 0.4247373938560486
7693 0.5151762366294861 0.4247373938560486
7694 0.5151762366294861 0.4247373938560486
7695 0.5151762366294861 0.4247373938560486
7696 0.5149500370025635 0.42365211248397827
7697 0.514777660369873 0.4228246808052063
7698 0.5150366425514221 0.42406773567199707
7699 0.5151762366294861 0.4247373938560486
7700 0.5151762366294861 0.4247373938560486
7701 0.5151762366294861 0.4247373938560486
7702 0.5151762366294861 0.4247373938560486
7703 0.5151762366294861 0.4247373938560486
7704 0.5151762366294861 0.4247373938560486
7705 0.5151762366294861 0.4247373938560486
7706 0.5151762366294861 0.4247373938560486
7707 0.5151762366294861 0.4247373938560486
7708 0.5146437287330627 0.42218253016471863
7709 0.5144822001457214 0.42140719294548035
7710 0.5151432156562805 0.42457887530326843
7711 0.5151762366294861 0.4247373938560486
7712 0.5151762366294861 0.42473742365837097
7713 0.5151762366294861 0.42473742365837097
7714 0.5151762366294861 0.4247373938560486
7715 0.5151762366294861 0.4247373938560486
7716 0.5148462653160095 0.4231538474559784
7717 0.5127004981040955 0.4210023283958435
7718 0.5133185982704163 0.4201858341693878
7719 0.5052814483642578 0.4188862442970276
7720 0.504533052444458 0.41985076665878296
7721 0.5027332305908203 0.41969388723373413
7722 0.5038690567016602 0.41828587651252747
7723 0.5080747008323669 0.4188246428966522
7724 0.507049560546875 0.41952210664749146
7725 0.5059657692909241 0.41790539026260376
7726 0.5154696106910706 0.4250001311302185
7727 0.5151762366294861 0.4247373938560486
7728 0.5157769322395325 0.42424580454826355
7729 0.5169162154197693 0.42519477009773254
7730 0.5160805583000183 0.4228209853172302
7731 0.515899658203125 0.4215511679649353
7732 0.5167641639709473 0.4207894802093506
7733 0.5100193023681641 0.4247373938560486
7734 0.5090562701225281 0.42473742365837097
7735 0.5054118037223816 0.4247373938560486
7736 0.5065723061561584 0.4247373938560486
7737 0.5061296820640564 0.42020678520202637
7738 0.5051688551902771 0.4211699962615967
7739 0.5032799243927002 0.4209260642528534
7740 0.514007031917572 0.4247373938560486
7741 0.5131921768188477 0.4247373938560486
7742 0.5109352469444275 0.4247373938560486
7743 0.5092840790748596 0.4203336536884308
7744 0.5083808302879333 0.4210701584815979
7745 0.5140858292579651 0.41963645815849304
7746 0.5147904753684998 0.4193773567676544
7747 0.511207640171051 0.4191596806049347
7748 0.5121403336524963 0.41878217458724976
7749 0.5151762366294861 0.4247373938560486
7750 0.5151762366294861 0.4247373938560486
7751 0.5151762366294861 0.4247373938560486
7752 0.5151762366294861 0.4247373938560486
7753 0.5158758759498596 0.42517974972724915
7754 0.5151762366294861 0.4247373938560486
7755 0.5170249938964844 0.4252198040485382
7756 0.5011000037193298 0.413786917924881
7757 0.5021119713783264 0.41283488273620605
7758 0.5030670166015625 0.4130677580833435
7759 0.5023046135902405 0.4146266579627991
7760 0.5053877234458923 0.4131144881248474
7761 0.5045000910758972 0.41445401310920715
7762 0.5040069222450256 0.4116373360157013
7763 0.5173912644386292 0.4188724160194397
7764 0.5185113549232483 0.41960668563842773
7765 0.5201749205589294 0.42608219385147095
7766 0.5183346271514893 0.42007309198379517
7767 0.5162325501441956 0.4178147315979004
7768 0.5165093541145325 0.41624361276626587
7769 0.5208086967468262 0.4257339835166931
7770 0.520366907119751 0.4254953861236572
7771 0.5209490656852722 0.4254947304725647
7772 0.5214307308197021 0.4256158471107483
7773 0.5003647208213806 0.4152297377586365
7774 0.4996301829814911 0.4150788486003876
7775 0.5002719759941101 0.413558691740036
7776 0.5041999220848083 0.42473742365837097
7777 0.5017552971839905 0.42473742365837097
7778 0.5029222369194031 0.4247373938560486
7779 0.5151762366294861 0.4247373938560486
7780 0.5151762366294861 0.4247373938560486
7781 0.5151762366294861 0.4247373938560486
7782 0.5151762366294861 0.4247373938560486
7783 0.5151762366294861 0.4247373938560486
7784 0.5151762366294861 0.4247373938560486
7785 0.5175456404685974 0.42305800318717957
7786 0.5159311890602112 0.4237203299999237
7787 0.5203135013580322 0.425415575504303
7788 0.5207285284996033 0.4255818724632263
7789 0.5213172435760498 0.42548826336860657
7790 0.5022223591804504 0.4235355257987976
7791 0.5001426339149475 0.4235191345214844
7792 0.5015501976013184 0.4208589196205139
7793 0.5151762366294861 0.4247373938560486
7794 0.5151762366294861 0.4247373938560486
7795 0.5151762366294861 0.4247373938560486
7796 0.5151762366294861 0.4247373938560486
7797 0.5208896994590759 0.42578795552253723
7798 0.5200813412666321 0.42576223611831665
7799 0.5174363255500793 0.4238121807575226
7800 0.5151762366294861 0.4247373938560486
7801 0.5151762366294861 0.4247373938560486
7802 0.5220365524291992 0.4263934791088104
7803 0.5214653611183167 0.4260924458503723
7804 0.5217199325561523 0.4255160689353943
7805 0.5214655995368958 0.42554426193237305
7806 0.5221450328826904 0.4240735173225403
7807 0.519477367401123 0.4202520549297333
7808 0.5204163193702698 0.42059141397476196
7809 0.5180051326751709 0.41684266924858093
7810 0.5192412734031677 0.41756847500801086
7811 0.5153446197509766 0.4143381714820862
7812 0.5166035294532776 0.4145970046520233
7813 0.5115923285484314 0.4118366837501526
7814 0.51346755027771 0.41189977526664734
7815 0.507864236831665 0.4105825424194336
7816 0.509183943271637 0.40952470898628235
7817 0.5050874352455139 0.41053506731987
7818 0.5031883120536804 0.41182228922843933
7819 0.5043106079101562 0.4107665419578552
7820 0.5012528896331787 0.41205161809921265
7821 0.5023035407066345 0.41063255071640015
7822 0.5197193026542664 0.42550113797187805
7823 0.5191488862037659 0.4253087341785431
7824 0.5198310017585754 0.42531558871269226
7825 0.5191112160682678 0.4252791106700897
7826 0.5197022557258606 0.42543500661849976
7827 0.5192411541938782 0.4259369373321533
7828 0.5189329981803894 0.42559176683425903
7829 0.5173606276512146 0.41963475942611694
7830 0.5182434916496277 0.42100077867507935
7831 0.5163894295692444 0.41919440031051636
7832 0.5151501297950745 0.4174964725971222
7833 0.5141456127166748 0.41746237874031067
7834 0.5123644471168518 0.41580745577812195
7835 0.5111679434776306 0.4167806804180145
7836 0.5091549754142761 0.41539621353149414
7837 0.5060200095176697 0.41567614674568176
7838 0.5052194595336914 0.41582801938056946
7839 0.503730297088623 0.41550490260124207
7840 0.5016884207725525 0.4153847396373749
7841 0.5030595660209656 0.41620343923568726
7842 0.5188414454460144 0.4239043891429901
7843 0.5180880427360535 0.4252323806285858
7844 0.5186800360679626 0.42396190762519836
7845 0.5184647440910339 0.4231526553630829
7846 0.5174727439880371 0.4208032488822937
7847 0.5155511498451233 0.41922685503959656
7848 0.513108491897583 0.41785410046577454
7849 0.5101118087768555 0.417770117521286
7850 0.5071046352386475 0.4169214069843292
7851 0.5045287609100342 0.4170530438423157
7852 0.5025334358215332 0.4176189601421356
7853 0.5151762366294861 0.42473742365837097
7854 0.5151762366294861 0.4247373938560486
7855 0.5151762366294861 0.4247373938560486
7856 0.5151762366294861 0.4247373938560486
7857 0.5151762366294861 0.4247373938560486
7858 0.5151762366294861 0.4247373938560486
7859 0.5151762366294861 0.4247373938560486
7860 0.5151762366294861 0.4247373938560486
7861 0.5151762366294861 0.4247373938560486
7862 0.5151762366294861 0.4247373938560486
7863 0.5151762366294861 0.4247373938560486
7864 0.5151762366294861 0.4247373938560486
7865 0.4999101459980011 0.42079541087150574
7866 0.5010482668876648 0.4196119010448456
7867 0.4996259808540344 0.4123540222644806
7868 0.5004211068153381 0.4108765721321106
7869 0.5010166168212891 0.4170849025249481
7870 0.49962231516838074 0.41663432121276855
7871 0.4996068775653839 0.4194374680519104
7872 0.5063299536705017 0.4118189215660095
7873 0.5062271952629089 0.4096689522266388
7874 0.5151762366294861 0.4247373938560486
7875 0.5151762366294861 0.4247373938560486
7876 0.5151762366294861 0.4247373938560486
7877 0.5147556662559509 0.4247373938560486
7878 0.5080358982086182 0.41664594411849976
7879 0.5091419219970703 0.4181306064128876
7880 0.5102493762969971 0.41974785923957825
7881 0.5121235251426697 0.42202332615852356
7882 0.5072028040885925 0.4153308570384979
7883 0.500750720500946 0.4247373938560486
7884 0.5043540596961975 0.42378902435302734
7885 0.507690966129303 0.4226064085960388
7886 0.5116199851036072 0.42315414547920227
7887 0.5150561928749084 0.42416149377822876
7888 0.5151762366294861 0.42473742365837097
7889 0.5151762366294861 0.42473742365837097
7890 0.5151762366294861 0.4247373938560486
7891 0.5151762366294861 0.4247373938560486
7892 0.5151762366294861 0.4247373938560486
7893 0.5151762366294861 0.4247373938560486
7894 0.5151762366294861 0.4247373938560486
7895 0.5227494835853577 0.4261937439441681
7896 0.5221028923988342 0.4274429976940155
7897 0.522555410861969 0.4246985614299774
7898 0.5223779678344727 0.4228861927986145
7899 0.5226296782493591 0.4235725402832031
7900 0.5203205943107605 0.4181866943836212
7901 0.5213146805763245 0.41850799322128296
7902 0.5182309746742249 0.4155538082122803
7903 0.5196185111999512 0.4164917767047882
7904 0.5153670310974121 0.41247037053108215
7905 0.5169232487678528 0.41303446888923645
7906 0.5134970545768738 0.4098058342933655
7907 0.5111708045005798 0.409307062625885
7908 0.5077580809593201 0.40947988629341125
7909 0.5094866156578064 0.409392386674881
7910 0.5062175393104553 0.40955787897109985
7911 0.5053811073303223 0.4097594916820526
7912 0.5044445991516113 0.40957409143447876
7913 0.5034530758857727 0.4095590114593506
7914 0.5014382004737854 0.4095349907875061
7915 0.5024597644805908 0.4095437824726105
7916 0.5005073547363281 0.4095139503479004
7917 0.4996223747730255 0.4099511504173279
7918 0.51690673828125 0.4254855811595917
7919 0.5156092047691345 0.4255683720111847
7920 0.5151762366294861 0.4247373938560486
7921 0.5151762366294861 0.4247373938560486
7922 0.5151762366294861 0.4247373938560486
7923 0.5151762366294861 0.4247373938560486
7924 0.5151762366294861 0.42473742365837097
7925 0.5151762366294861 0.4247373938560486
7926 0.5151762366294861 0.4247373938560486
7927 0.5151762366294861 0.4247373938560486
7928 0.5209681987762451 0.42627885937690735
7929 0.5202946066856384 0.4263665974140167
7930 0.5200358033180237 0.4258447289466858
7931 0.5151762366294861 0.4247373938560486
7932 0.5151762366294861 0.4247373938560486
7933 0.5151762366294861 0.4247373938560486
7934 0.5151762366294861 0.4247373938560486
7935 0.5151762366294861 0.4247373938560486
7936 0.5151762366294861 0.4247373938560486
7937 0.5151118636131287 0.42507287859916687
7938 0.5151762366294861 0.4247373938560486
7939 0.5175226330757141 0.42313626408576965
7940 0.514915943145752 0.42609426379203796
7941 0.5191845297813416 0.4266064167022705
7942 0.5199424624443054 0.42748019099235535
7943 0.5190706253051758 0.42732569575309753
7944 0.5204083919525146 0.42994219064712524
7945 0.5196526050567627 0.42922523617744446
7946 0.5207563042640686 0.4273710250854492
7947 0.521511971950531 0.4277713894844055
7948 0.5180653929710388 0.426820307970047
7949 0.5180172324180603 0.4262399971485138
7950 0.5191786289215088 0.4259803295135498
7951 0.5189732909202576 0.42560428380966187
7952 0.5164372324943542 0.4265458285808563
7953 0.5184566974639893 0.42344504594802856
7954 0.5151762366294861 0.4247373938560486
7955 0.5151762366294861 0.4247373938560486
7956 0.5212622284889221 0.4295344650745392
7957 0.5208523273468018 0.43266600370407104
7958 0.5201074481010437 0.4319191575050354
7959 0.5220072865486145 0.4292192757129669
7960 0.5151762366294861 0.42473742365837097
7961 0.5151762366294861 0.4247373938560486
7962 0.5151762366294861 0.4247373938560486
7963 0.5151762366294861 0.4247373938560486
7964 0.5151762366294861 0.4247373938560486
7965 0.5151762366294861 0.4247373938560486
7966 0.5150895118713379 0.42518946528434753
7967 0.5151762366294861 0.4247373938560486
7968 0.5151762366294861 0.4247373938560486
7969 0.5151286721229553 0.4249856770038605
7970 0.5148453116416931 0.4247373938560486
7971 0.5151762366294861 0.4247373938560486
7972 0.5151762366294861 0.4247373938560486
7973 0.5151762366294861 0.4247373938560486
7974 0.5151762366294861 0.4247373938560486
7975 0.5151762366294861 0.4247373938560486
7976 0.5151762366294861 0.42473742365837097
7977 0.5137324333190918 0.4247373938560486
7978 0.5127527713775635 0.42610645294189453
7979 0.5114765167236328 0.425706148147583
7980 0.5148349404335022 0.4247373938560486
7981 0.513481080532074 0.4247373938560486
7982 0.5151762366294861 0.4247373938560486
7983 0.5063889026641846 0.42540937662124634
7984 0.5078961849212646 0.42620226740837097
7985 0.5054803490638733 0.42676693201065063
7986 0.5039839148521423 0.4255842864513397
7987 0.5071073174476624 0.4247373938560486
7988 0.5058004260063171 0.4247373938560486
7989 0.5073404908180237 0.4247373938560486
7990 0.509246289730072 0.4247373938560486
7991 0.5117970108985901 0.43687576055526733
7992 0.5098524689674377 0.4359897971153259
7993 0.5114830136299133 0.43249231576919556
7994 0.513298511505127 0.4330621361732483
7995 0.5148300528526306 0.43365028500556946
7996 0.5144579410552979 0.43045735359191895
7997 0.5156543254852295 0.4308137893676758
7998 0.5164154171943665 0.42898279428482056
7999 0.5175198912620544 0.4289243519306183
8000 0.516878068447113 0.43130189180374146
8001 0.504763662815094 0.4407549202442169
8002 0.5029277801513672 0.4381560981273651
8003 0.504575788974762 0.43561485409736633
8004 0.5064132213592529 0.4377460181713104
8005 0.5150927901268005 0.42517274618148804
8006 0.5167596340179443 0.4221353530883789
8007 0.5149211287498474 0.4260673224925995
8008 0.5147919654846191 0.42674019932746887
8009 0.5137481093406677 0.4259204566478729
8010 0.514943540096283 0.4259510040283203
8011 0.5147418975830078 0.427001416683197
8012 0.5118231773376465 0.42752593755722046
8013 0.510612428188324 0.4275774657726288
8014 0.5049100518226624 0.42890623211860657
8015 0.5034637451171875 0.42763158679008484
8016 0.5072746872901917 0.42795321345329285
8017 0.5151762366294861 0.4247373938560486
8018 0.5151762366294861 0.4247373938560486
8019 0.5151762366294861 0.4247373938560486
8020 0.5151762366294861 0.4247373938560486
8021 0.5031294822692871 0.4247373938560486
8022 0.5013976693153381 0.4247373938560486
8023 0.5040470957756042 0.42473748326301575
8024 0.5179434418678284 0.4276518225669861
8025 0.5186285376548767 0.4291668236255646
8026 0.5022494792938232 0.4247373938560486
8027 0.5053134560585022 0.42473745346069336
8028 0.5071073174476624 0.4247373938560486
8029 0.5079659819602966 0.4247373938560486
8030 0.5100467801094055 0.4247373938560486
8031 0.501719057559967 0.42526885867118835
8032 0.5002107620239258 0.4247373938560486
8033 0.5023744702339172 0.4247373938560486
8034 0.506359338760376 0.44208234548568726
8035 0.5049047470092773 0.4449615180492401
8036 0.5030317902565002 0.44255563616752625
8037 0.513786256313324 0.4370763897895813
8038 0.5119056701660156 0.44075343012809753
8039 0.5100484490394592 0.4401091933250427
8040 0.5161497592926025 0.43418484926223755
8041 0.5152824521064758 0.4372740089893341
8042 0.5173006653785706 0.4341028332710266
8043 0.5181302428245544 0.43146657943725586
8044 0.5190958976745605 0.43152952194213867
8045 0.5028491616249084 0.4334283471107483
8046 0.5046643614768982 0.4313795864582062
8047 0.506368100643158 0.4328756034374237
8048 0.5097755789756775 0.43154340982437134
8049 0.5115268230438232 0.42982175946235657
8050 0.5131884217262268 0.4302169680595398
8051 0.5143770575523376 0.42890363931655884
8052 0.5148460865020752 0.4293992519378662
8053 0.5149115920066833 0.42844873666763306
8054 0.516807496547699 0.4280106723308563
8055 0.5166458487510681 0.427214652299881
8056 0.5065984725952148 0.4300752282142639
8057 0.5030717253684998 0.43006059527397156
8058 0.513270914554596 0.4279400706291199
8059 0.5099772810935974 0.4291982650756836
8060 0.5145585536956787 0.42795711755752563
8061 0.5148621201515198 0.42759111523628235
8062 0.5015273690223694 0.42843908071517944
8063 0.49968260526657104 0.4249610900878906
8064 0.5083159804344177 0.4396624267101288
8065 0.5083243250846863 0.4438436031341553
8066 0.5080880522727966 0.43456512689590454
8067 0.5080978274345398 0.4306240677833557
8068 0.5085785388946533 0.42884308099746704
8069 0.5093443989753723 0.42693307995796204
8070 0.5100793838500977 0.4253573417663574
8071 0.5109071135520935 0.4247373938560486
8072 0.511894166469574 0.4247373938560486
8073 0.5013431906700134 0.4445345103740692
8074 0.49960753321647644 0.4418077766895294
8075 0.5012935996055603 0.4406304955482483
8076 0.5012087225914001 0.43551895022392273
8077 0.4995972514152527 0.43271324038505554
8078 0.5012627243995667 0.4312572777271271
8079 0.49965330958366394 0.4289815127849579
8080 0.4996037483215332 0.4375179409980774
8081 0.5151762366294861 0.4247373938560486
8082 0.5151762366294861 0.4247373938560486
8083 0.5151762366294861 0.4247373938560486
8084 0.5123825669288635 0.4247373938560486
8085 0.5085108280181885 0.4247373938560486
8086 0.5047703385353088 0.42473748326301575
8087 0.5007579922676086 0.4247373938560486
8088 0.5013185143470764 0.44803673028945923
8089 0.4996037185192108 0.44576093554496765
8090 0.5030465126037598 0.4468241035938263
8091 0.506479024887085 0.44635921716690063
8092 0.5050072073936462 0.44815593957901
8093 0.5100517272949219 0.4449422061443329
8094 0.5081868171691895 0.44797390699386597
8095 0.5140321850776672 0.44115138053894043
8096 0.5120477080345154 0.4453611969947815
8097 0.5161266326904297 0.4381348788738251
8098 0.515155017375946 0.44199851155281067
8099 0.5185914635658264 0.4350495934486389
8100 0.5172474384307861 0.43815967440605164
8101 0.5192914605140686 0.4361756443977356
8102 0.501605212688446 0.4085862934589386
8103 0.5035366415977478 0.40913981199264526
8104 0.505519449710846 0.409507691860199
8105 0.5155591368675232 0.4109296202659607
8106 0.5187327861785889 0.4138628840446472
8107 0.5227231383323669 0.42165905237197876
8108 0.5230340361595154 0.4248060882091522
8109 0.508220374584198 0.4083583950996399
8110 0.5116189122200012 0.40928441286087036
8111 0.49962231516838074 0.408509224653244
8112 0.5209216475486755 0.41695496439933777
8113 0.5227869153022766 0.42850610613822937
8114 0.5219192504882812 0.43157026171684265
8115 0.5205325484275818 0.43543606996536255
8116 0.5184339880943298 0.4394843280315399
8117 0.5157904028892517 0.44213300943374634
8118 0.5138211846351624 0.4459637999534607
8119 0.5096755623817444 0.44933611154556274
8120 0.5063719749450684 0.4500589072704315
8121 0.5031864643096924 0.4500181972980499
8122 0.49963974952697754 0.44930195808410645
8123 0.505619466304779 0.47181349992752075
8124 0.5054687857627869 0.47267696261405945
8125 0.5072210431098938 0.4704775810241699
8126 0.5061538219451904 0.47166377305984497
8127 0.5060760974884033 0.4723961353302002
8128 0.50596684217453 0.4724465012550354
8129 0.506718099117279 0.47141891717910767
8130 0.5066403746604919 0.4721350073814392
8131 0.5093608498573303 0.4867404103279114
8132 0.5107322335243225 0.4874010682106018
8133 0.5101089477539062 0.4894236922264099
8134 0.5127425193786621 0.48676106333732605
8135 0.5133376717567444 0.48556211590766907
8136 0.5146126747131348 0.48579591512680054
8137 0.5137605667114258 0.4875471293926239
8138 0.5079531073570251 0.4836778938770294
8139 0.5090508460998535 0.4831204116344452
8140 0.5080912113189697 0.48307082056999207
8141 0.5099286437034607 0.48537924885749817
8142 0.5087123513221741 0.4844019412994385
8143 0.5089936256408691 0.482753723859787
8144 0.5082644820213318 0.48312801122665405
8145 0.5092573761940002 0.48347312211990356
8146 0.5129701495170593 0.49602246284484863
8147 0.5136802196502686 0.49854567646980286
8148 0.5114060044288635 0.4949052035808563
8149 0.5150695443153381 0.4955292344093323
8150 0.5156238079071045 0.4937134385108948
8151 0.5171813368797302 0.4948144555091858
8152 0.5163049101829529 0.4963553249835968
8153 0.5175032019615173 0.4971770644187927
8154 0.5158460140228271 0.49817320704460144
8155 0.5151155591011047 0.4969117045402527
8156 0.5158658027648926 0.4867379665374756
8157 0.5150089263916016 0.48448655009269714
8158 0.5185751914978027 0.4955234229564667
8159 0.5178232789039612 0.49257996678352356
8160 0.5132327079772949 0.4940161108970642
8161 0.512197732925415 0.48879125714302063
8162 0.5114222168922424 0.4861297011375427
8163 0.5118298530578613 0.4847568869590759
8164 0.5104517936706543 0.48395946621894836
8165 0.5109555125236511 0.4830593466758728
8166 0.5098852515220642 0.4827916920185089
8167 0.510615885257721 0.4821010231971741
8168 0.509733259677887 0.4826236367225647
8169 0.5098311901092529 0.48332858085632324
8170 0.5104741454124451 0.4826297461986542
8171 0.516306459903717 0.48107361793518066
8172 0.515999972820282 0.47921469807624817
8173 0.5147297382354736 0.4790952503681183
8174 0.5143652558326721 0.47813889384269714
8175 0.5150145888328552 0.4823097586631775
8176 0.5150253176689148 0.48046258091926575
8177 0.5138036608695984 0.48054003715515137
8178 0.5137951374053955 0.4794768989086151
8179 0.5135956406593323 0.48401015996932983
8180 0.5137186646461487 0.4819750487804413
8181 0.5122150778770447 0.48337438702583313
8182 0.5114789009094238 0.4819161593914032
8183 0.5125124454498291 0.48192304372787476
8184 0.512810468673706 0.48070472478866577
8185 0.5153995156288147 0.46453526616096497
8186 0.5099011063575745 0.46193963289260864
8187 0.509528636932373 0.4645373821258545
8188 0.5141239762306213 0.46766141057014465
8189 0.511244535446167 0.45836377143859863
8190 0.5035819411277771 0.42473748326301575
8191 0.5031121373176575 0.4247373938560486
8192 0.5079084038734436 0.4247373938560486
8193 0.505808413028717 0.42473742365837097
8194 0.5150184631347656 0.4247373938560486
8195 0.5121784806251526 0.4247373938560486
8196 0.5110161304473877 0.4247373938560486
8197 0.5452585816383362 0.23230968415737152
8198 0.542188823223114 0.2326946258544922
8199 0.5187674164772034 0.23563148081302643
8200 0.5247437953948975 0.2465967833995819
8201 0.5232968926429749 0.2763533890247345
8202 0.5092580318450928 0.27770987153053284
8203 0.5064343810081482 0.2974894940853119
8204 0.5357435345649719 0.51730877161026
8205 0.5320112705230713 0.49085789918899536
8206 0.5232053399085999 0.470747709274292
8207 0.5300037860870361 0.5061886310577393
8208 0.6048062443733215 0.24741758406162262
8209 0.6332539916038513 0.3278252184391022
8210 0.6308841109275818 0.3297877013683319
8211 0.5789856314659119 0.2368086874485016
8212 0.5158025622367859 0.4606427848339081
8213 0.5166736245155334 0.45610716938972473
8214 0.5192193388938904 0.46624115109443665
8215 0.5146951675415039 0.46790459752082825
8216 0.5424800515174866 0.29446983337402344
8217 0.5520824790000916 0.2601226568222046
8218 0.5180664658546448 0.30162596702575684
8219 0.5730744004249573 0.26760610938072205
8220 0.5814012885093689 0.24269351363182068
8221 0.6300626397132874 0.3358059227466583
8222 0.6291139125823975 0.3518841564655304
8223 0.6177437901496887 0.25758346915245056
8224 0.534450113773346 0.3176696002483368
8225 0.5454564094543457 0.3141641914844513
8226 0.564996063709259 0.2886027991771698
8227 0.576590359210968 0.29515504837036133
8228 0.5824279189109802 0.2800126373767853
8229 0.6204636096954346 0.32415857911109924
8230 0.617546558380127 0.35469409823417664
8231 0.613517701625824 0.39634230732917786
8232 0.5147750973701477 0.42473742365837097
8233 0.5206410884857178 0.4461759924888611
8234 0.5151762366294861 0.4247373938560486
8235 0.5216518044471741 0.4405379891395569
8236 0.5176529288291931 0.4516085982322693
8237 0.5192825794219971 0.4515686631202698
8238 0.5186495184898376 0.45582059025764465
8239 0.517973005771637 0.46225976943969727
8240 0.5180267691612244 0.45952108502388
8241 0.5249677300453186 0.452424019575119
8242 0.5252860188484192 0.45929819345474243
8243 0.537372350692749 0.4620022177696228
8244 0.5373157858848572 0.46223169565200806
8245 0.5311179757118225 0.467102587223053
8246 0.5282735228538513 0.4642018973827362
8247 0.5374974608421326 0.4614948630332947
8248 0.5711157917976379 0.43159085512161255
8249 0.5446591973304749 0.4500584900379181
8250 0.5346041321754456 0.4585224986076355
8251 0.531015932559967 0.4378090500831604
8252 0.5151762366294861 0.4247373938560486
8253 0.5261703133583069 0.4396936595439911
8254 0.567007839679718 0.3426688015460968
8255 0.5469278693199158 0.38374876976013184
8256 0.5554304122924805 0.37574127316474915
8257 0.5725427269935608 0.3485104739665985
8258 0.5888685584068298 0.3272116482257843
8259 0.585405170917511 0.3910471200942993
8260 0.6004500985145569 0.4014025330543518
8261 0.605094850063324 0.34441065788269043
8262 0.5284700989723206 0.44287344813346863
8263 0.5236409306526184 0.4449484646320343
8264 0.523749589920044 0.44875046610832214
8265 0.5540366768836975 0.4324684143066406
8266 0.5396766066551208 0.44960254430770874
8267 0.5692059993743896 0.42984774708747864
8268 0.5303587317466736 0.44941622018814087
8269 0.537071704864502 0.44715073704719543
8270 0.5290665030479431 0.4456440806388855
8271 0.5467062592506409 0.3970140814781189
8272 0.5512160658836365 0.3920332193374634
8273 0.5494933724403381 0.39049509167671204
8274 0.5443101525306702 0.394269734621048
8275 0.5517873167991638 0.3971135914325714
8276 0.5565900802612305 0.39312317967414856
8277 0.5581944584846497 0.3867883086204529
8278 0.5283101201057434 0.40000176429748535
8279 0.5151762366294861 0.4247373938560486
8280 0.5305891036987305 0.3996593654155731
8281 0.5413982272148132 0.39940786361694336
8282 0.5410397052764893 0.39409658312797546
8283 0.5344148278236389 0.3961925208568573
8284 0.5318698287010193 0.3954508602619171
8285 0.5326185822486877 0.4002613425254822
8286 0.533235490322113 0.442596435546875
8287 0.5324131846427917 0.4401080906391144
8288 0.5401864647865295 0.44225743412971497
8289 0.537449061870575 0.4394783675670624
8290 0.549727737903595 0.4269745945930481
8291 0.5581523776054382 0.4245353043079376
8292 0.5659382343292236 0.40207648277282715
8293 0.5715723037719727 0.41074270009994507
8294 0.5760930180549622 0.3870876431465149
8295 0.5693315863609314 0.3803919553756714
8296 0.5590574145317078 0.3789046108722687
8297 0.5458918213844299 0.39083242416381836
8298 0.5527454018592834 0.40630364418029785
8299 0.5561503767967224 0.41028454899787903
8300 0.556965172290802 0.39825522899627686
8301 0.546019971370697 0.42247462272644043
8302 0.5403524041175842 0.43544870615005493
8303 0.5511574149131775 0.42085787653923035
8304 0.5347364544868469 0.4362649619579315
8305 0.5343651175498962 0.4355216324329376
8306 0.5369067788124084 0.43267494440078735
8307 0.5151762366294861 0.4247373938560486
8308 0.5151762366294861 0.4247373938560486
8309 0.5151762366294861 0.4247373938560486
8310 0.5151762366294861 0.4247373938560486
8311 0.5534892082214355 0.39967674016952515
8312 0.5665155053138733 0.38646936416625977
8313 0.586999237537384 0.3573492169380188
8314 0.606196939945221 0.3209512531757355
8315 0.6070523858070374 0.2647450864315033
8316 0.5869188904762268 0.23903824388980865
8317 0.5335254073143005 0.23378096520900726
8318 0.5467066168785095 0.41817525029182434
8319 0.5443815588951111 0.41892480850219727
8320 0.5387619137763977 0.4296063780784607
8321 0.5151762366294861 0.4247373938560486
8322 0.5151762366294861 0.4247373938560486
8323 0.5506885051727295 0.4154632091522217
8324 0.5585194230079651 0.41684362292289734
8325 0.5732566714286804 0.42094069719314575
8326 0.5815761685371399 0.42210716009140015
8327 0.6041689515113831 0.40964367985725403
8328 0.6065861582756042 0.4053674042224884
8329 0.5443910956382751 0.5426220893859863
8330 0.5151762366294861 0.4247373938560486
8331 0.5151762366294861 0.4247373938560486
8332 0.5151762366294861 0.4247373938560486
8333 0.5151762366294861 0.4247373938560486
8334 0.5151762366294861 0.4247373938560486
8335 0.5368172526359558 0.43282315135002136
8336 0.5151762366294861 0.4247373938560486
8337 0.53849858045578 0.4300418496131897
8338 0.5371451377868652 0.42921045422554016
8339 0.5151762366294861 0.4247373938560486
8340 0.5440824031829834 0.4195570647716522
8341 0.5459718704223633 0.41556382179260254
8342 0.5459014773368835 0.41571253538131714
8343 0.548879861831665 0.41178393363952637
8344 0.5429707169532776 0.4188730716705322
8345 0.5479426980018616 0.4000013470649719
8346 0.5477228760719299 0.40319275856018066
8347 0.5509536862373352 0.4022819995880127
8348 0.5345224738121033 0.408935546875
8349 0.5355845093727112 0.4051334261894226
8350 0.5418024659156799 0.40498068928718567
8351 0.5437557697296143 0.4012569785118103
8352 0.5455958843231201 0.4028683006763458
8353 0.5439280867576599 0.4061792194843292
8354 0.5462685227394104 0.40685418248176575
8355 0.5151762366294861 0.4247373938560486
8356 0.5360866189002991 0.40979623794555664
8357 0.5151762366294861 0.4247373938560486
8358 0.5366191267967224 0.41415122151374817
8359 0.5505630373954773 0.4058608412742615
8360 0.5479986071586609 0.4112805724143982
8361 0.5491114258766174 0.40721938014030457
8362 0.5428200364112854 0.41402676701545715
8363 0.5445480346679688 0.41058021783828735
8364 0.5423741936683655 0.4095185101032257
8365 0.5449147820472717 0.41543054580688477
8366 0.5469593405723572 0.41156718134880066
8367 0.5368406772613525 0.4186987578868866
8368 0.5107973217964172 0.39540231227874756
8369 0.5151762366294861 0.4247373938560486
8370 0.5134249329566956 0.3955785036087036
8371 0.5043137073516846 0.3952464759349823
8372 0.5063151717185974 0.3952188491821289
8373 0.5009017586708069 0.3952935039997101
8374 0.5028509497642517 0.395266592502594
8375 0.5263187885284424 0.39760854840278625
8376 0.5291297435760498 0.39586731791496277
8377 0.5197241306304932 0.3988001346588135
8378 0.5234375596046448 0.39716407656669617
8379 0.522839367389679 0.39573991298675537
8380 0.5197941660881042 0.39583733677864075
8381 0.515839159488678 0.3956451416015625
8382 0.5149804949760437 0.3930840790271759
8383 0.5122920870780945 0.39481326937675476
8384 0.5109921097755432 0.3921224772930145
8385 0.5049404501914978 0.3952378034591675
8386 0.5085319876670837 0.3105480968952179
8387 0.49996042251586914 0.30979123711586
8388 0.5028367638587952 0.3199695646762848
8389 0.5033986568450928 0.3952591121196747
8390 0.5012508034706116 0.39528870582580566
8391 0.5248056054115295 0.31987106800079346
8392 0.5245532393455505 0.3877248167991638
8393 0.5282179713249207 0.389128178358078
8394 0.5404608249664307 0.38525697588920593
8395 0.523714005947113 0.3957119286060333
8396 0.5219812393188477 0.3957673907279968
8397 0.5252079367637634 0.3956640958786011
8398 0.5261884331703186 0.39563271403312683
8399 0.5279462337493896 0.3950686752796173
8400 0.529259443283081 0.3955343961715698
8401 0.5350897312164307 0.39327681064605713
8402 0.5306849479675293 0.39190274477005005
8403 0.5217429995536804 0.39577504992485046
8404 0.5329811573028564 0.3954153060913086
8405 0.5250491499900818 0.39375069737434387
8406 0.5219973921775818 0.3937905430793762
8407 0.5224557518959045 0.3913764953613281
8408 0.5141025185585022 0.3904101550579071
8409 0.5138970017433167 0.38935425877571106
8410 0.5108228325843811 0.3922836482524872
8411 0.5041313767433167 0.3952489197254181
8412 0.5016317963600159 0.39528346061706543
8413 0.5265718102455139 0.39116305112838745
8414 0.5232698321342468 0.3892965614795685
8415 0.5139275193214417 0.38932520151138306
8416 0.5023214221000671 0.39527392387390137
8417 0.5075768828392029 0.4849347472190857
8418 0.5059084296226501 0.4733235538005829
8419 0.5067266821861267 0.47313398122787476
8420 0.5058598518371582 0.47249606251716614
8421 0.5085788369178772 0.48425906896591187
8422 0.5080868601799011 0.47172874212265015
8423 0.5083741545677185 0.4716024696826935
8424 0.5130558609962463 0.47991493344306946
8425 0.5132243633270264 0.4792301654815674
8426 0.5137569308280945 0.47872427105903625
8427 0.5112213492393494 0.4815368354320526
8428 0.5119448304176331 0.4811129570007324
8429 0.5123966336250305 0.48037075996398926
8430 0.5086141228675842 0.47138285636901855
8431 0.5087174773216248 0.4715919494628906
8432 0.508733332157135 0.47243115305900574
8433 0.5086620450019836 0.4723586440086365
8434 0.5086907744407654 0.47241589426994324
8435 0.5069310665130615 0.4724777340888977
8436 0.5067492127418518 0.47208455204963684
8437 0.5070900321006775 0.47215986251831055
8438 0.5068276524543762 0.47286295890808105
8439 0.5107856392860413 0.4837954342365265
8440 0.5085532665252686 0.47200149297714233
8441 0.5083131790161133 0.4720565676689148
8442 0.5086159706115723 0.47238895297050476
8443 0.5084717273712158 0.4723370671272278
8444 0.5127418637275696 0.47973135113716125
8445 0.5085373520851135 0.47236067056655884
8446 0.5086221098899841 0.47239112854003906
8447 0.5114250779151917 0.48186591267585754
8448 0.5118100643157959 0.4809984564781189
8449 0.5083062648773193 0.47246354818344116
8450 0.5072839260101318 0.472133606672287
8451 0.5071950554847717 0.4718783497810364
8452 0.5078774094581604 0.4721236228942871
8453 0.5078985095024109 0.4721311926841736
8454 0.5082252025604248 0.47224852442741394
8455 0.507723867893219 0.47264164686203003
8456 0.5080670714378357 0.4721917510032654
8457 0.5083909630775452 0.47230809926986694
8458 0.5075535774230957 0.47200724482536316
8459 0.5073085427284241 0.47244691848754883
8460 0.5084075927734375 0.47231408953666687
8461 0.5085477828979492 0.4723644554615021
8462 0.5081668496131897 0.4722275733947754
8463 0.5366580486297607 0.5425543189048767
8464 0.5368370413780212 0.5426316857337952
8465 0.5370249152183533 0.5428996086120605
8466 0.551055908203125 0.5542477965354919
8467 0.5551712512969971 0.5565585494041443
8468 0.5540018677711487 0.5524380207061768
8469 0.5461073517799377 0.5282477736473083
8470 0.5444869995117188 0.5227477550506592
8471 0.5442683100700378 0.5312352776527405
8472 0.5394993424415588 0.5447555184364319
8473 0.5385803580284119 0.5503132343292236
8474 0.5398662686347961 0.5516735911369324
8475 0.547266960144043 0.553840160369873
8476 0.552307665348053 0.5585673451423645
8477 0.5563841462135315 0.5417620539665222
8478 0.5546678900718689 0.5417211055755615
8479 0.5549240708351135 0.5410727858543396
8480 0.5525011420249939 0.5274633765220642
8481 0.5526379942893982 0.5218725800514221
8482 0.5506433844566345 0.5251936912536621
8483 0.5434159636497498 0.5531674027442932
8484 0.546379804611206 0.553685188293457
8485 0.5420365333557129 0.5529264807701111
8486 0.5379552841186523 0.5436091423034668
8487 0.5385804176330566 0.5443730354309082
8488 0.5538414120674133 0.5303305983543396
8489 0.5541600584983826 0.5240430235862732
8490 0.555279016494751 0.5303158760070801
8491 0.5440852642059326 0.5414041876792908
8492 0.5433241724967957 0.5410810112953186
8493 0.5418922901153564 0.5413218140602112
8494 0.5410057902336121 0.5411778092384338
8495 0.5474280714988708 0.5211096405982971
8496 0.5570895075798035 0.5460543632507324
8497 0.558981716632843 0.5457532405853271
8498 0.5594758987426758 0.5448179841041565
8499 0.5569605827331543 0.5482451319694519
8500 0.5585566163063049 0.5490605235099792
8501 0.5586159229278564 0.5478248000144958
8502 0.5568222999572754 0.5502509474754333
8503 0.5571231842041016 0.5517706274986267
8504 0.5427083969116211 0.5237383842468262
8505 0.5459861755371094 0.5219128131866455
8506 0.5456170439720154 0.5426220893859863
8507 0.5424094200134277 0.5444392561912537
8508 0.5393872261047363 0.5444912314414978
8509 0.5407351851463318 0.5441895127296448
8510 0.5524981617927551 0.5584335327148438
8511 0.5621172785758972 0.5677099227905273
8512 0.5561984181404114 0.5565761923789978
8513 0.555537760257721 0.5210232734680176
8514 0.5572235584259033 0.5211920142173767
8515 0.5532669425010681 0.5207960605621338
8516 0.5450748801231384 0.5434502959251404
8517 0.5485444664955139 0.5426220893859863
8518 0.544006884098053 0.5426220893859863
8519 0.5560888648033142 0.5249624252319336
8520 0.5582720637321472 0.5212969183921814
8521 0.5426521897315979 0.5416778922080994
8522 0.5430442690849304 0.542418897151947
8523 0.5533461570739746 0.5208039879798889
8524 0.5448741316795349 0.5426220893859863
8525 0.5470080971717834 0.5426220893859863
8526 0.5439310669898987 0.5426220893859863
8527 0.5423663258552551 0.5426220893859863
8528 0.5412151217460632 0.5426221489906311
8529 0.5408254265785217 0.5428103804588318
8530 0.5393314957618713 0.5421397686004639
8531 0.540220320224762 0.5418867468833923
8532 0.5418946743011475 0.5426220297813416
8533 0.5427213311195374 0.5426220893859863
8534 0.5448596477508545 0.5426220893859863
8535 0.5470080971717834 0.5426220893859863
8536 0.5470080971717834 0.5426220893859863
8537 0.5498629212379456 0.5426220893859863
8538 0.5479655861854553 0.5426220893859863
8539 0.5501676201820374 0.5426220893859863
8540 0.5482535362243652 0.5426220893859863
8541 0.5592685341835022 0.5531194806098938
8542 0.5579015612602234 0.5537212491035461
8543 0.5712370276451111 0.5405640006065369
8544 0.5695841312408447 0.5432896018028259
8545 0.5692257285118103 0.5550995469093323
8546 0.5686511397361755 0.5335690975189209
8547 0.5671334266662598 0.5258533954620361
8548 0.5599783062934875 0.5508699417114258
8549 0.5589122176170349 0.5509388446807861
8550 0.5539764761924744 0.5420680642127991
8551 0.5552499294281006 0.5428267121315002
8552 0.5552144646644592 0.5427671074867249
8553 0.5592572093009949 0.5310181975364685
8554 0.5572845935821533 0.5429628491401672
8555 0.5641002058982849 0.5423664450645447
8556 0.5648905634880066 0.5368055701255798
8557 0.5558865070343018 0.5427860617637634
8558 0.559989869594574 0.5484654307365417
8559 0.5596564412117004 0.5478090643882751
8560 0.5675907731056213 0.5410254597663879
8561 0.5640594959259033 0.5301352143287659
8562 0.5676590800285339 0.5503367781639099
8563 0.5653062462806702 0.541895866394043
8564 0.5582306385040283 0.5430825352668762
8565 0.5594145655632019 0.5432819724082947
8566 0.5613152384757996 0.5450847744941711
8567 0.562821090221405 0.5428664684295654
8568 0.5629904866218567 0.5456748604774475
8569 0.5566125512123108 0.5428778529167175
8570 0.5577769875526428 0.5430251955986023
8571 0.5373687744140625 0.5431351065635681
8572 0.537634551525116 0.5433745980262756
8573 0.5378603339195251 0.5432887673377991
8574 0.5385837554931641 0.5437688231468201
8575 0.5371734499931335 0.5427493453025818
8576 0.5374343395233154 0.5429158210754395
8577 0.5411810278892517 0.5415602326393127
8578 0.5404552817344666 0.5411344170570374
8579 0.5369735360145569 0.5425423979759216
8580 0.5371336340904236 0.5424361824989319
8581 0.5373221039772034 0.5426107048988342
8582 0.5391767024993896 0.5412234663963318
8583 0.5384690165519714 0.5427646040916443
8584 0.5377174019813538 0.5424935221672058
8585 0.5391027927398682 0.5408967137336731
8586 0.5400547385215759 0.5413212180137634
8587 0.5369320511817932 0.5422386527061462
8588 0.5380756855010986 0.5405924320220947
8589 0.5373036861419678 0.5423422455787659
8590 0.5375807285308838 0.5431022644042969
8591 0.5377174019813538 0.5432309508323669
8592 0.5374855995178223 0.5428076386451721
8593 0.5375912189483643 0.5430099368095398
8594 0.5376366972923279 0.5429663062095642
8595 0.5400095582008362 0.5409741997718811
8596 0.5405056476593018 0.5410645008087158
8597 0.5403336882591248 0.5410604476928711
8598 0.5394718050956726 0.5408542156219482
8599 0.5398886203765869 0.5409613251686096
8600 0.539397656917572 0.540858268737793
8601 0.5388293862342834 0.5407719612121582
8602 0.5392372608184814 0.5408697128295898
8603 0.5387583374977112 0.5407940745353699
8604 0.5398404598236084 0.5409817099571228
8605 0.5375638604164124 0.5426807999610901
8606 0.5374754071235657 0.5425190925598145
8607 0.5384877324104309 0.5407118797302246
8608 0.5373995304107666 0.5425503849983215
8609 0.5379312634468079 0.5405089855194092
8610 0.5383780002593994 0.5406317114830017
8611 0.538462221622467 0.5406932234764099
8612 0.5388557314872742 0.5407595038414001
8613 0.5393247008323669 0.540856122970581
8614 0.5388898849487305 0.5407610535621643
8615 0.5397891998291016 0.5410218238830566
8616 0.5415773391723633 0.5420321822166443
8617 0.5434882044792175 0.5426220893859863
8618 0.54714035987854 0.5426220893859863
8619 0.5516169667243958 0.5426220893859863
8620 0.5629330277442932 0.5228645205497742
8621 0.561145544052124 0.5297472476959229
8622 0.5554223656654358 0.5427272915840149
8623 0.5559069514274597 0.5427904725074768
8624 0.5597122311592102 0.5471883416175842
8625 0.56005859375 0.5453107357025146
8626 0.5605759620666504 0.5460250973701477
8627 0.5603519082069397 0.5466771125793457
8628 0.5610069632530212 0.547757625579834
8629 0.5616645216941833 0.5485546588897705
8630 0.5665512681007385 0.5594891905784607
8631 0.5518404841423035 0.5426220893859863
8632 0.5452590584754944 0.5426220893859863
8633 0.5423226952552795 0.5426220893859863
8634 0.5393317341804504 0.5440196990966797
8635 0.5377965569496155 0.5429072976112366
8636 0.5375082492828369 0.5427600741386414
8637 0.5637592673301697 0.4770514667034149
8638 0.5675979256629944 0.4756911098957062
8639 0.5644155144691467 0.4843735098838806
8640 0.5350057482719421 0.5038610100746155
8641 0.5375799536705017 0.4989297091960907
8642 0.5375805497169495 0.5035023093223572
8643 0.5405388474464417 0.4926784038543701
8644 0.5437230467796326 0.48566457629203796
8645 0.5435566306114197 0.4915434718132019
8646 0.5498692989349365 0.4692836403846741
8647 0.5503682494163513 0.4755263924598694
8648 0.5466441512107849 0.4781353175640106
8649 0.5600737929344177 0.4862346351146698
8650 0.5600266456604004 0.494017630815506
8651 0.5471257567405701 0.4841621518135071
8652 0.5565230846405029 0.5033063888549805
8653 0.5561928749084473 0.49578043818473816
8654 0.5555015206336975 0.48153215646743774
8655 0.5600352883338928 0.4786083400249481
8656 0.5557551980018616 0.48877695202827454
8657 0.5506075024604797 0.48877760767936707
8658 0.5516579747200012 0.49808451533317566
8659 0.5468864440917969 0.49779054522514343
8660 0.5487784743309021 0.5043382048606873
8661 0.5458531975746155 0.5033373236656189
8662 0.5399177670478821 0.5076289772987366
8663 0.5422735214233398 0.5077304244041443
8664 0.5413858890533447 0.5126824975013733
8665 0.5392284393310547 0.5117371082305908
8666 0.5406884551048279 0.5164702534675598
8667 0.543337881565094 0.5136213302612305
8668 0.5467405915260315 0.5109035968780518
8669 0.5526652932167053 0.5073604583740234
8670 0.5349376201629639 0.5081142783164978
8671 0.5319712162017822 0.5087175965309143
8672 0.5370991826057434 0.5118209719657898
8673 0.5387904644012451 0.5158490538597107
8674 0.5366535782814026 0.5155532360076904
8675 0.5383532047271729 0.5193243622779846
8676 0.5291642546653748 0.5130505561828613
8677 0.5290618538856506 0.5166330337524414
8678 0.526165783405304 0.516903817653656
8679 0.5318416953086853 0.5125344395637512
8680 0.5341944098472595 0.515714704990387
8681 0.5363485813140869 0.5190632939338684
8682 0.5339719653129578 0.5191696286201477
8683 0.5360189080238342 0.5222811102867126
8684 0.5444255471229553 0.5083746314048767
8685 0.5431773662567139 0.5030322670936584
8686 0.5404981970787048 0.4983711242675781
8687 0.5234383940696716 0.5205350518226624
8688 0.5261061787605286 0.520202100276947
8689 0.5225062370300293 0.5240650773048401
8690 0.5191227793693542 0.5245893001556396
8691 0.5160021185874939 0.5280258655548096
8692 0.5195093750953674 0.5277478694915771
8693 0.5127601623535156 0.5322198271751404
8694 0.5169574618339539 0.5314674973487854
8695 0.515285313129425 0.5352048277854919
8696 0.511140763759613 0.5371348857879639
8697 0.5316882133483887 0.5195674300193787
8698 0.5290787220001221 0.5199751257896423
8699 0.5317244529724121 0.5161342620849609
8700 0.5347574353218079 0.5120775103569031
8701 0.5374346375465393 0.5077450275421143
8702 0.5403117537498474 0.503279983997345
8703 0.5435871481895447 0.4981597065925598
8704 0.5469570755958557 0.4901692867279053
8705 0.550591230392456 0.4824189841747284
8706 0.5545475482940674 0.4728183448314667
8707 0.5333001613616943 0.5453761219978333
8708 0.5333958268165588 0.5439791083335876
8709 0.5341683030128479 0.5444579720497131
8710 0.5183762907981873 0.5533514618873596
8711 0.5219492316246033 0.5547422766685486
8712 0.5154242515563965 0.5517873764038086
8713 0.5130208134651184 0.5502502918243408
8714 0.5151188373565674 0.5480294227600098
8715 0.5135440826416016 0.5462160706520081
8716 0.5152792930603027 0.5439820885658264
8717 0.520132303237915 0.5503072738647461
8718 0.51743483543396 0.5493674874305725
8719 0.519530713558197 0.5469486713409424
8720 0.5172333121299744 0.5458670258522034
8721 0.5314860343933105 0.5227198004722595
8722 0.5337738394737244 0.5224528312683105
8723 0.5202612280845642 0.5306225419044495
8724 0.5212574005126953 0.533397912979126
8725 0.5182715058326721 0.5343039035797119
8726 0.5228706002235413 0.5270404815673828
8727 0.5235056281089783 0.5298472046852112
8728 0.5262270569801331 0.5232706665992737
8729 0.52645343542099 0.5262250304222107
8730 0.5292174220085144 0.5231038928031921
8731 0.5203402638435364 0.5402026772499084
8732 0.5178206562995911 0.5419581532478333
8733 0.5193552374839783 0.5434831976890564
8734 0.532783567905426 0.5406643748283386
8735 0.5322072505950928 0.5399730205535889
8736 0.5331529974937439 0.5396504998207092
8737 0.5336642861366272 0.5402657985687256
8738 0.5390941500663757 0.5284958481788635
8739 0.5407066345214844 0.5257854461669922
8740 0.5425307154655457 0.5239744782447815
8741 0.5443001389503479 0.5228518843650818
8742 0.5463852286338806 0.5212463736534119
8743 0.5498471856117249 0.5202084183692932
8744 0.5522072911262512 0.5196163058280945
8745 0.5545333027839661 0.5205094814300537
8746 0.5340642929077148 0.5393943190574646
8747 0.5354588627815247 0.5394955277442932
8748 0.5356460213661194 0.5399016737937927
8749 0.5345349907875061 0.5400227904319763
8750 0.5292751789093018 0.5259129405021667
8751 0.5314835906028748 0.525662362575531
8752 0.5327381491661072 0.538779079914093
8753 0.5340988039970398 0.5383439660072327
8754 0.5389394164085388 0.5318580269813538
8755 0.5396603941917419 0.5339969992637634
8756 0.538304328918457 0.5331278443336487
8757 0.5351034998893738 0.5382400155067444
8758 0.5369492173194885 0.5385568737983704
8759 0.5370029807090759 0.5394477844238281
8760 0.5357542634010315 0.5251865983009338
8761 0.5373656749725342 0.5276140570640564
8762 0.5356960296630859 0.5284177660942078
8763 0.5336117148399353 0.5253758430480957
8764 0.5339776873588562 0.537343442440033
8765 0.5351683497428894 0.5360990166664124
8766 0.5370582938194275 0.5308002829551697
8767 0.5364003777503967 0.5346720814704895
8768 0.5364542007446289 0.5363011956214905
8769 0.5352392792701721 0.5350512862205505
8770 0.5368110537528992 0.5335152745246887
8771 0.5380887985229492 0.5353095531463623
8772 0.5277175903320312 0.5560182929039001
8773 0.5266237854957581 0.559440553188324
8774 0.5244185924530029 0.5553739666938782
8775 0.5254539847373962 0.5522317290306091
8776 0.5233264565467834 0.5515637993812561
8777 0.5294412970542908 0.549727737903595
8778 0.5286126732826233 0.5527846217155457
8779 0.5264096260070801 0.5492234826087952
8780 0.5274329781532288 0.5464537739753723
8781 0.524543046951294 0.5487293601036072
8782 0.5257231593132019 0.5466462969779968
8783 0.5220841765403748 0.5477907657623291
8784 0.523836612701416 0.5421738028526306
8785 0.521673858165741 0.5445005297660828
8786 0.5218204855918884 0.5412212014198303
8787 0.5275372862815857 0.539857804775238
8788 0.5257437229156494 0.540771484375
8789 0.524251401424408 0.5391587615013123
8790 0.526543140411377 0.5381882786750793
8791 0.5237160325050354 0.5454027652740479
8792 0.5269340872764587 0.5448265075683594
8793 0.5253732204437256 0.5437360405921936
8794 0.5270060896873474 0.5424132943153381
8795 0.5226855278015137 0.5380973219871521
8796 0.531517744064331 0.5472336411476135
8797 0.5322484374046326 0.5449509620666504
8798 0.5332183837890625 0.5473957061767578
8799 0.530850887298584 0.5443772673606873
8800 0.5314378142356873 0.5434610843658447
8801 0.5325321555137634 0.5435657501220703
8802 0.5300737023353577 0.542971134185791
8803 0.5311024188995361 0.5419935584068298
8804 0.5321173071861267 0.5422210693359375
8805 0.5319690108299255 0.5412404537200928
8806 0.5300396084785461 0.5415470600128174
8807 0.5312044620513916 0.5406249165534973
8808 0.5316221714019775 0.5391736030578613
8809 0.5303042531013489 0.5398962497711182
8810 0.528529703617096 0.5375165343284607
8811 0.5255842804908752 0.5362594127655029
8812 0.5278156399726868 0.5328571796417236
8813 0.5243403315544128 0.5323311686515808
8814 0.5323572754859924 0.5378223061561584
8815 0.5309739708900452 0.5383080840110779
8816 0.5317695736885071 0.5311660170555115
8817 0.5295658707618713 0.5312567353248596
8818 0.5293921828269958 0.5286831259727478
8819 0.5315192341804504 0.5283511281013489
8820 0.5334689617156982 0.5280897617340088
8821 0.5299128890037537 0.533099889755249
8822 0.5275816321372986 0.5316529870033264
8823 0.5272829532623291 0.5291604399681091
8824 0.5340099930763245 0.5352957248687744
8825 0.532060444355011 0.536754846572876
8826 0.5353808403015137 0.5338488221168518
8827 0.5340794920921326 0.5341060161590576
8828 0.5354726314544678 0.5307228565216064
8829 0.5336794257164001 0.5309669971466064
8830 0.5318918824195862 0.5330941081047058
8831 0.5303410887718201 0.537227213382721
8832 0.5292978882789612 0.5391971468925476
8833 0.5286402106285095 0.5412409901618958
8834 0.5284900665283203 0.5429877638816833
8835 0.5285014510154724 0.5441074371337891
8836 0.5299487709999084 0.5470003485679626
8837 0.5310884118080139 0.549916684627533
8838 0.540628969669342 0.5682179927825928
8839 0.5428232550621033 0.5704473853111267
8840 0.5377745032310486 0.5706878304481506
8841 0.5367848873138428 0.5679659247398376
8842 0.5335082411766052 0.569892168045044
8843 0.5330790877342224 0.5664852261543274
8844 0.5306103229522705 0.5669745802879333
8845 0.5480347275733948 0.5708752274513245
8846 0.550396203994751 0.5693126320838928
8847 0.5535954833030701 0.5707559585571289
8848 0.5584225058555603 0.5680797696113586
8849 0.5601844191551208 0.565010130405426
8850 0.5631063580513 0.5650083422660828
8851 0.564168393611908 0.5604574680328369
8852 0.5672689080238342 0.5589341521263123
8853 0.545381486415863 0.5689113736152649
8854 0.5559443831443787 0.5681652426719666
8855 0.5351271629333496 0.5621423721313477
8856 0.5356983542442322 0.5651900768280029
8857 0.5334872603416443 0.5626816153526306
8858 0.5374925136566162 0.5646898746490479
8859 0.538787305355072 0.5669479370117188
8860 0.5409293174743652 0.5656334757804871
8861 0.5427981019020081 0.567802906036377
8862 0.5453634858131409 0.5665844082832336
8863 0.5477021336555481 0.568755567073822
8864 0.5498843789100647 0.5666912198066711
8865 0.5526412129402161 0.5673665404319763
8866 0.554779052734375 0.5651781558990479
8867 0.5572475790977478 0.5650241374969482
8868 0.5589468479156494 0.5621245503425598
8869 0.5614086985588074 0.5617861747741699
8870 0.5627169013023376 0.5577414035797119
8871 0.56508469581604 0.5560745596885681
8872 0.5677695870399475 0.5541296005249023
8873 0.5711923241615295 0.552245557308197
8874 0.5470414757728577 0.5632099509239197
8875 0.5507376790046692 0.5634800791740417
8876 0.5492843985557556 0.5644441246986389
8877 0.5434935688972473 0.5612738132476807
8878 0.5454488396644592 0.5633874535560608
8879 0.5413510799407959 0.562619686126709
8880 0.5399288535118103 0.5603771805763245
8881 0.5382491946220398 0.5613772869110107
8882 0.5373278260231018 0.5593485832214355
8883 0.5360007286071777 0.559666097164154
8884 0.5357524752616882 0.5569744110107422
8885 0.5625348091125488 0.5508118271827698
8886 0.5617910027503967 0.555569589138031
8887 0.5597164630889893 0.5567028522491455
8888 0.5582180023193359 0.5601359009742737
8889 0.5554704666137695 0.5609807968139648
8890 0.553830623626709 0.5635990500450134
8891 0.5309398174285889 0.5633153915405273
8892 0.5284990668296814 0.5632725358009338
8893 0.5292375683784485 0.5595188140869141
8894 0.5319610238075256 0.5562753677368164
8895 0.5313648581504822 0.5598081946372986
8896 0.5299057364463806 0.5559585690498352
8897 0.5334383845329285 0.5593089461326599
8898 0.5306069254875183 0.5528383255004883
8899 0.5346448421478271 0.5566663146018982
8900 0.5347575545310974 0.5534536242485046
8901 0.5336166024208069 0.5532739758491516
8902 0.5341010689735413 0.5500317215919495
8903 0.5326080322265625 0.5500896573066711
8904 0.5321922898292542 0.5529279112815857
8905 0.5334174633026123 0.5563742518424988
8906 0.5347723960876465 0.5594950318336487
8907 0.5365524888038635 0.5622220635414124
8908 0.5394211411476135 0.5632118582725525
8909 0.5431618690490723 0.5646303296089172
8910 0.5474763512611389 0.5653183460235596
8911 0.5517398715019226 0.5656096935272217
8912 0.5565151572227478 0.5632586479187012
8913 0.5603640079498291 0.5590819716453552
8914 0.5638299584388733 0.5537098050117493
8915 0.5607162117958069 0.5433969497680664
8916 0.5596632361412048 0.5432857871055603
8917 0.558659553527832 0.5429229140281677
8918 0.5604576468467712 0.5432564616203308
8919 0.5573455691337585 0.5427186489105225
8920 0.5581514835357666 0.5420360565185547
8921 0.560718297958374 0.5440375208854675
8922 0.560603678226471 0.5436953902244568
8923 0.560480535030365 0.5450770854949951
8924 0.5578662753105164 0.5430365204811096
8925 0.5567493438720703 0.5428951382637024
8926 0.5594574809074402 0.5432377457618713
8927 0.5576062798500061 0.5413718819618225
8928 0.5573319792747498 0.5412232279777527
8929 0.5585072040557861 0.5418602824211121
8930 0.5592732429504395 0.5422753691673279
8931 0.561271607875824 0.5436763167381287
8932 0.5605454444885254 0.5433753132820129
8933 0.5660222172737122 0.5516877770423889
8934 0.5683150887489319 0.5495514273643494
8935 0.5573174357414246 0.5262171626091003
8936 0.5588093400001526 0.5339200496673584
8937 0.5566391944885254 0.5319882035255432
8938 0.5573439002037048 0.5381446480751038
8939 0.558591365814209 0.5405430197715759
8940 0.5572991371154785 0.5410107970237732
8941 0.5586887001991272 0.5381259322166443
8942 0.5630136132240295 0.5206580758094788
8943 0.5638203620910645 0.5240573883056641
8944 0.5596206188201904 0.5222535729408264
8945 0.5595019459724426 0.5204034447669983
8946 0.5638298392295837 0.5142683386802673
8947 0.5668728947639465 0.5207956433296204
8948 0.5570006966590881 0.5202298164367676
8949 0.5606651902198792 0.5149924159049988
8950 0.5670748353004456 0.5258116722106934
8951 0.5704410076141357 0.5269145369529724
8952 0.5572052597999573 0.5217980742454529
8953 0.5606136322021484 0.5292420983314514
8954 0.5671511292457581 0.5303173661231995
8955 0.5635724663734436 0.530228853225708
8956 0.5766882300376892 0.5295959115028381
8957 0.573635995388031 0.5283352732658386
8958 0.5777730345726013 0.540745198726654
8959 0.576106607913971 0.5439179539680481
8960 0.5785184502601624 0.5344105362892151
8961 0.576276957988739 0.5329504609107971
8962 0.5706207752227783 0.531365156173706
8963 0.5736170411109924 0.5322089195251465
8964 0.5748295783996582 0.5371641516685486
8965 0.5724806785583496 0.5367793440818787
8966 0.5712088942527771 0.5478680729866028
8967 0.5738973021507263 0.5461477637290955
8968 0.5749571323394775 0.5412335395812988
8969 0.5734534859657288 0.5429295897483826
8970 0.5687382817268372 0.5451264977455139
8971 0.57118159532547 0.5438084006309509
8972 0.5712949633598328 0.5405633449554443
8973 0.5735037326812744 0.5404229760169983
8974 0.560238778591156 0.5455390810966492
8975 0.5600189566612244 0.5445034503936768
8976 0.5607966780662537 0.5453281402587891
8977 0.5596974492073059 0.5425052642822266
8978 0.5594472289085388 0.5423696041107178
8979 0.5604684948921204 0.5429061055183411
8980 0.5606870651245117 0.5448699593544006
8981 0.5611960887908936 0.5437530875205994
8982 0.561915397644043 0.5433356165885925
8983 0.5615243911743164 0.5436034798622131
8984 0.5610577464103699 0.5430164337158203
8985 0.5614018440246582 0.5435294508934021
8986 0.5611369609832764 0.543827474117279
8987 0.5609624981880188 0.5457965731620789
8988 0.5617881417274475 0.544979989528656
8989 0.5614840388298035 0.54569011926651
8990 0.5621693730354309 0.5463913083076477
8991 0.5636836886405945 0.5445266366004944
8992 0.5630878806114197 0.5468835234642029
8993 0.5627520680427551 0.5441908836364746
8994 0.5651139616966248 0.5445592999458313
8995 0.5647944808006287 0.5498877167701721
8996 0.56680828332901 0.5473142266273499
8997 0.5616328120231628 0.5425252914428711
8998 0.5597450733184814 0.5418310761451721
8999 0.5603287220001221 0.5407207012176514
9000 0.5619493126869202 0.5339146256446838
9001 0.5629252791404724 0.5391051769256592
9002 0.5609727501869202 0.5374364852905273
9003 0.5650022029876709 0.5401248335838318
9004 0.5646050572395325 0.5421748757362366
9005 0.5635465979576111 0.5420275330543518
9006 0.5622767806053162 0.5411717295646667
9007 0.5634917616844177 0.542595624923706
9008 0.5629379153251648 0.5425724387168884
9009 0.5627312064170837 0.5433682799339294
9010 0.5620936751365662 0.5430240035057068
9011 0.5653536319732666 0.5423493981361389
9012 0.5637388825416565 0.5428279042243958
9013 0.5642711520195007 0.5351882576942444
9014 0.5669552683830261 0.5409148335456848
9015 0.5672422051429749 0.5423272252082825
9016 0.5666046738624573 0.5365033149719238
9017 0.5687612891197205 0.540637195110321
9018 0.5697174072265625 0.536738932132721
9019 0.5628306269645691 0.5436820983886719
9020 0.5618730187416077 0.5438662171363831
9021 0.5615411400794983 0.5442013144493103
9022 0.5403622984886169 0.536808431148529
9023 0.5392283797264099 0.5360745787620544
9024 0.5378594994544983 0.5375135540962219
9025 0.5377504825592041 0.5386053919792175
9026 0.5388667583465576 0.5376105308532715
9027 0.5898824334144592 0.36001208424568176
9028 0.5793020129203796 0.35057327151298523
9029 0.5811718106269836 0.34102514386177063
9030 0.5666295886039734 0.33367058634757996
9031 0.5681307315826416 0.321818083524704
9032 0.5898413062095642 0.4056754410266876
9033 0.5857605934143066 0.39406850934028625
9034 0.5915573239326477 0.38598328828811646
9035 0.5841980576515198 0.3729327917098999
9036 0.520688533782959 0.3099724054336548
9037 0.5146822333335876 0.3065641224384308
9038 0.5292904376983643 0.30411961674690247
9039 0.5637670159339905 0.390720397233963
9040 0.5604085326194763 0.39682912826538086
9041 0.5573630332946777 0.3801541328430176
9042 0.5536876320838928 0.36415404081344604
9043 0.5611521601676941 0.37054675817489624
9044 0.5648176670074463 0.4051988422870636
9045 0.5607466101646423 0.41165974736213684
9046 0.5351725220680237 0.3143857717514038
9047 0.549127995967865 0.3095182180404663
9048 0.5046334266662598 0.3118572533130646
9049 0.4996359646320343 0.3073230981826782
9050 0.553494930267334 0.3208964765071869
9051 0.5263789296150208 0.3386704623699188
9052 0.5356655716896057 0.3353479504585266
9053 0.5367850661277771 0.34014976024627686
9054 0.5453630089759827 0.34174278378486633
9055 0.5460835099220276 0.3520650565624237
9056 0.554776132106781 0.3562195599079132
9057 0.5090458989143372 0.33798840641975403
9058 0.5125760436058044 0.3321082890033722
9059 0.5168079733848572 0.33760589361190796
9060 0.49962687492370605 0.3362750709056854
9061 0.5044782161712646 0.3329143226146698
9062 0.5236839652061462 0.3331165015697479
9063 0.504488468170166 0.323091059923172
9064 0.4996647834777832 0.3177936375141144
9065 0.5115160942077637 0.31709060072898865
9066 0.516683042049408 0.32090190052986145
9067 0.5235438346862793 0.3150940239429474
9068 0.5290225148200989 0.32199525833129883
9069 0.5405765175819397 0.32222381234169006
9070 0.5440226197242737 0.32908961176872253
9071 0.5546276569366455 0.3274746239185333
9072 0.5542147159576416 0.3345048427581787
9073 0.5667164921760559 0.34222933650016785
9074 0.5658941864967346 0.3529520332813263
9075 0.5758610367774963 0.3611273169517517
9076 0.5720866322517395 0.37190723419189453
9077 0.5801773071289062 0.3803691565990448
9078 0.5744966864585876 0.391792893409729
9079 0.5788940787315369 0.4021322727203369
9080 0.5537781119346619 0.4665248692035675
9081 0.5529825687408447 0.4600825011730194
9082 0.5590869784355164 0.47160762548446655
9083 0.5627946853637695 0.4698438048362732
9084 0.5581944584846497 0.4642477333545685
9085 0.5692675113677979 0.39859315752983093
9086 0.568559467792511 0.3791355490684509
9087 0.5636054873466492 0.36330416798591614
9088 0.5547769665718079 0.3456464111804962
9089 0.545337438583374 0.3340742588043213
9090 0.5323758721351624 0.3290650546550751
9091 0.5200859904289246 0.3274824619293213
9092 0.509204626083374 0.32784178853034973
9093 0.4996252655982971 0.3273026645183563
9094 0.5818557143211365 0.4381898045539856
9095 0.5800514221191406 0.42800575494766235
9096 0.5861132740974426 0.42328494787216187
9097 0.5641255974769592 0.42023447155952454
9098 0.560279130935669 0.42569348216056824
9099 0.5824736952781677 0.41297417879104614
9100 0.5735649466514587 0.40811389684677124
9101 0.5771837830543518 0.41816312074661255
9102 0.5720013976097107 0.4236266613006592
9103 0.5744888782501221 0.4326963424682617
9104 0.5623395442962646 0.43332627415657043
9105 0.5582147240638733 0.43826037645339966
9106 0.576103925704956 0.44225019216537476
9107 0.5768823027610779 0.45251914858818054
9108 0.5692808628082275 0.4372425675392151
9109 0.5644567012786865 0.4416041672229767
9110 0.5670313835144043 0.42856496572494507
9111 0.5716987252235413 0.46530383825302124
9112 0.5715806484222412 0.4558379352092743
9113 0.5599148273468018 0.4456314742565155
9114 0.5555581450462341 0.44977664947509766
9115 0.5568541884422302 0.4568186104297638
9116 0.5667008757591248 0.4680028557777405
9117 0.5665292143821716 0.4591851830482483
9118 0.5660290122032166 0.4500136375427246
9119 0.5708957314491272 0.4461415112018585
9120 0.5619067549705505 0.4622116684913635
9121 0.5614920258522034 0.45347028970718384
9122 0.5687245726585388 0.4141848385334015
9123 0.5765861868858337 0.5384417176246643
9124 0.5802660584449768 0.5367044806480408
9125 0.584455668926239 0.5358614325523376
9126 0.5898153781890869 0.5333718657493591
9127 0.5955798625946045 0.5318731665611267
9128 0.6030666828155518 0.5313196778297424
9129 0.6104116439819336 0.5552144050598145
9130 0.605292558670044 0.5390095710754395
9131 0.6082692742347717 0.546703577041626
9132 0.6149525046348572 0.540733814239502
9133 0.6193727850914001 0.5238539576530457
9134 0.6144921779632568 0.5177068710327148
9135 0.6092682480812073 0.5230734348297119
9136 0.6121556162834167 0.5318168997764587
9137 0.5369811654090881 0.5399979948997498
9138 0.5365548729896545 0.5402190685272217
9139 0.5357223153114319 0.540217936038971
9140 0.5375990867614746 0.5393123626708984
9141 0.5373818874359131 0.5400002002716064
9142 0.5348395705223083 0.5403978824615479
9143 0.5342739224433899 0.5405886769294739
9144 0.5329802632331848 0.542515218257904
9145 0.5337286591529846 0.5430484414100647
9146 0.5328798294067383 0.5414925217628479
9147 0.5336107611656189 0.5417667031288147
9148 0.5336061120033264 0.5409932136535645
9149 0.534357488155365 0.543384850025177
9150 0.5349414348602295 0.543847382068634
9151 0.5341565012931824 0.5420853495597839
9152 0.5346355438232422 0.5424590706825256
9153 0.5341870188713074 0.5412492156028748
9154 0.5345914363861084 0.5415406227111816
9155 0.5347095131874084 0.5409360527992249
9156 0.5358173847198486 0.5404677391052246
9157 0.5351428985595703 0.5406289100646973
9158 0.5350443720817566 0.5430073142051697
9159 0.5355525612831116 0.5433821082115173
9160 0.5371320247650146 0.5402435660362244
9161 0.5375608801841736 0.5403442978858948
9162 0.537498414516449 0.540367603302002
9163 0.5369600653648376 0.5405095219612122
9164 0.5404815673828125 0.5396469235420227
9165 0.5397167801856995 0.5384377837181091
9166 0.5384803414344788 0.5383349061012268
9167 0.5380675792694092 0.5394272804260254
9168 0.5391243100166321 0.539621889591217
9169 0.5376001000404358 0.5403196215629578
9170 0.5379263758659363 0.5403852462768555
9171 0.537988007068634 0.5404519438743591
9172 0.5382029414176941 0.5405406355857849
9173 0.5383058190345764 0.5405817627906799
9174 0.5378141403198242 0.5404460430145264
9175 0.5377893447875977 0.5404364466667175
9176 0.5388606190681458 0.5407211780548096
9177 0.5373896956443787 0.5403465628623962
9178 0.5379288792610168 0.5404670238494873
9179 0.5405430197715759 0.5408515334129333
9180 0.5404929518699646 0.5410089492797852
9181 0.5398626327514648 0.5407967567443848
9182 0.5396378040313721 0.5408564209938049
9183 0.5388022065162659 0.5406733155250549
9184 0.539146900177002 0.5405785441398621
9185 0.5388474464416504 0.5406184792518616
9186 0.5385984778404236 0.54050213098526
9187 0.5381672978401184 0.540414571762085
9188 0.5383074283599854 0.5404982566833496
9189 0.5384153723716736 0.5405733585357666
9190 0.5348882675170898 0.5419058203697205
9191 0.5352619290351868 0.54229336977005
9192 0.5353952050209045 0.5408430099487305
9193 0.5350151062011719 0.541185200214386
9194 0.5352707505226135 0.5414356589317322
9195 0.5357930660247803 0.541294276714325
9196 0.5360085964202881 0.5411310195922852
9197 0.5360808372497559 0.541425883769989
9198 0.5359485149383545 0.5416880249977112
9199 0.5366531014442444 0.5406102538108826
9200 0.5368033051490784 0.5408225655555725
9201 0.5365347862243652 0.5409216284751892
9202 0.5366920828819275 0.5423988699913025
9203 0.5367827415466309 0.5423141121864319
9204 0.536598265171051 0.542043149471283
9205 0.536724865436554 0.5420331358909607
9206 0.5374217629432678 0.5403557419776917
9207 0.536480188369751 0.5424082279205322
9208 0.536532461643219 0.5421538949012756
9209 0.5363547205924988 0.5417721271514893
9210 0.5362597107887268 0.5418550968170166
9211 0.5362682938575745 0.5412366986274719
9212 0.5367013812065125 0.5411494374275208
9213 0.5363693833351135 0.5425580143928528
9214 0.5363205075263977 0.5421762466430664
9215 0.5358371138572693 0.5421263575553894
9216 0.5360109806060791 0.5408827662467957
9217 0.49961039423942566 0.49046990275382996
9218 0.5018396973609924 0.49063417315483093
9219 0.5026498436927795 0.49191713333129883
9220 0.5047412514686584 0.4926588237285614
9221 0.5072245597839355 0.49312683939933777
9222 0.5097405314445496 0.4915695786476135
9223 0.5117089152336121 0.49087998270988464
9224 0.5137672424316406 0.4919431805610657
9225 0.5162087082862854 0.491426020860672
9226 0.5182899832725525 0.4899544417858124
9227 0.5198950171470642 0.48752209544181824
9228 0.5204882025718689 0.483841210603714
9229 0.5203819870948792 0.48073822259902954
9230 0.5199669003486633 0.47753435373306274
9231 0.5215463638305664 0.48123258352279663
9232 0.5194962620735168 0.47365641593933105
9233 0.521332323551178 0.4775708019733429
9234 0.5191118121147156 0.4680023789405823
9235 0.5193348526954651 0.4608692526817322
9236 0.5177633166313171 0.45823028683662415
9237 0.520369291305542 0.45416969060897827
9238 0.522605836391449 0.4469783306121826
9239 0.5249901413917542 0.4399094879627228
9240 0.5268720984458923 0.43370816111564636
9241 0.5275478959083557 0.4284452795982361
9242 0.5280643105506897 0.42176491022109985
9243 0.5273714661598206 0.41607189178466797
9244 0.5254955887794495 0.4093523621559143
9245 0.5233249068260193 0.4049047827720642
9246 0.5196580290794373 0.4009861648082733
9247 0.5159473419189453 0.3980313539505005
9248 0.5117363929748535 0.3969850242137909
9249 0.5079050660133362 0.3939175009727478
9250 0.5051193237304688 0.39728879928588867
9251 0.5021640658378601 0.3974793255329132
9252 0.49962684512138367 0.3935849368572235
9253 0.5142727494239807 0.4593448340892792
9254 0.5125610828399658 0.4613318145275116
9255 0.5105354189872742 0.4591348171234131
9256 0.5068930983543396 0.4592185616493225
9257 0.508746862411499 0.4608607888221741
9258 0.5034827589988708 0.45941904187202454
9259 0.505401611328125 0.46087646484375
9260 0.5017065405845642 0.46109145879745483
9261 0.5000291466712952 0.45932909846305847
9262 0.5159054398536682 0.4555097222328186
9263 0.5143964886665344 0.4641593098640442
9264 0.510675847530365 0.46279457211494446
9265 0.5069730281829834 0.46239402890205383
9266 0.5034608840942383 0.4626453220844269
9267 0.5001000761985779 0.4627520442008972
9268 0.5157752633094788 0.4614886939525604
9269 0.5175173282623291 0.4638976752758026
9270 0.5226991176605225 0.4820820987224579
9271 0.5414642691612244 0.539482057094574
9272 0.5397693514823914 0.5406827926635742
9273 0.5435314774513245 0.5373890995979309
9274 0.544934093952179 0.5373825430870056
9275 0.5466464161872864 0.5385660529136658
9276 0.5488805174827576 0.5387600064277649
9277 0.5506196022033691 0.537489652633667
9278 0.5510985851287842 0.5386629700660706
9279 0.5533509254455566 0.5402824878692627
9280 0.5561957359313965 0.5407068729400635
9281 0.5584734082221985 0.5416171550750732
9282 0.560943603515625 0.542628824710846
9283 0.5620116591453552 0.5438178181648254
9284 0.561180055141449 0.5448346138000488
9285 0.5595047473907471 0.5462102890014648
9286 0.5568515658378601 0.5475483536720276
9287 0.5523409843444824 0.5479073524475098
9288 0.5480050444602966 0.5481908917427063
9289 0.5462775826454163 0.5480546951293945
9290 0.5443972945213318 0.5478940010070801
9291 0.5418083071708679 0.5475528240203857
9292 0.5400595664978027 0.5461700558662415
9293 0.5386002659797668 0.5453059077262878
9294 0.5372922420501709 0.5448502898216248
9295 0.536560595035553 0.5440517067909241
9296 0.5363817811012268 0.5431827902793884
9297 0.5356989502906799 0.5427041053771973
9298 0.5354678630828857 0.541806161403656
9299 0.535593569278717 0.5410651564598083
9300 0.535952091217041 0.5406584143638611
9301 0.5366401672363281 0.5404210686683655
9302 0.5372330546379089 0.5402581095695496
9303 0.5377757549285889 0.540349006652832
9304 0.5385975241661072 0.5404865741729736
9305 0.7388224005699158 0.025049686431884766
9306 0.728697657585144 0.025049686431884766
9307 0.7422486543655396 0.025049686431884766
9308 0.7524958252906799 0.025049686431884766
9309 0.7486410140991211 0.26160672307014465
9310 0.7581900954246521 0.23723600804805756
9311 0.7695915699005127 0.26264679431915283
9312 0.7602092027664185 0.28577545285224915
9313 0.7553633451461792 0.31373247504234314
9314 0.7764239311218262 0.31312692165374756
9315 0.7667273879051208 0.3392804265022278
9316 0.7835560441017151 0.5499589443206787
9317 0.7876052260398865 0.5689173340797424
9318 0.7778441905975342 0.5804526805877686
9319 0.774156928062439 0.5596337914466858
9320 0.7241981029510498 0.10677725076675415
9321 0.7341299653053284 0.09036266803741455
9322 0.7549013495445251 0.11848335713148117
9323 0.744156002998352 0.1380341649055481
9324 0.7305694222450256 0.025049686431884766
9325 0.7175851464271545 0.025049686431884766
9326 0.7309123277664185 0.025049686431884766
9327 0.7445764541625977 0.025049686431884766
9328 0.7324532866477966 0.04583442211151123
9329 0.7182384133338928 0.025049688294529915
9330 0.7451262474060059 0.03252268210053444
9331 0.7210649847984314 0.06175153702497482
9332 0.7452244758605957 0.07524424046278
9333 0.7422747015953064 0.20716997981071472
9334 0.7513476014137268 0.18482115864753723
9335 0.7653470039367676 0.21089543402194977
9336 0.7341075539588928 0.15900087356567383
9337 0.7612141966819763 0.16296853125095367
9338 0.753443717956543 0.9433144927024841
9339 0.7699536681175232 0.9154195189476013
9340 0.793764054775238 0.927399754524231
9341 0.7775686979293823 0.9556145071983337
9342 0.7464599609375 0.025049686431884766
9343 0.7190867066383362 0.025049686431884766
9344 0.7343721985816956 0.025049686431884766
9345 0.7493099570274353 0.025049686431884766
9346 0.7246490120887756 0.025049686431884766
9347 0.7293114066123962 0.7146473526954651
9348 0.7365763187408447 0.7053749561309814
9349 0.7405666708946228 0.7091474533081055
9350 0.7355325222015381 0.7207431197166443
9351 0.7417855262756348 0.6869074106216431
9352 0.7429554462432861 0.6996107697486877
9353 0.7320218086242676 0.6932685375213623
9354 0.731913685798645 0.7561635971069336
9355 0.7396152019500732 0.7413207292556763
9356 0.7516541481018066 0.7469754815101624
9357 0.7442765235900879 0.7635970711708069
9358 0.745140552520752 0.7248387336730957
9359 0.7286514043807983 0.7341446280479431
9360 0.7720937132835388 0.6308674812316895
9361 0.7610926032066345 0.6411148905754089
9362 0.7571187019348145 0.6197950839996338
9363 0.7701171636581421 0.6113724112510681
9364 0.761843204498291 0.6591426730155945
9365 0.7510635852813721 0.6682151556015015
9366 0.7488779425621033 0.6512464880943298
9367 0.7518439888954163 0.6818464994430542
9368 0.7396621108055115 0.6767101883888245
9369 0.7653912901878357 0.8743996620178223
9370 0.7850771546363831 0.8871587514877319
9371 0.750018835067749 0.9027663469314575
9372 0.7571917176246643 0.7706218361854553
9373 0.7481146454811096 0.787562906742096
9374 0.7334161400794983 0.7785019278526306
9375 0.7465447187423706 0.8658128380775452
9376 0.7604240775108337 0.8431769013404846
9377 0.777374804019928 0.8517605066299438
9378 0.7374330163002014 0.8035011887550354
9379 0.7634109854698181 0.7931466698646545
9380 0.7540072798728943 0.8119563460350037
9381 0.7422508597373962 0.8349342942237854
9382 0.7695884108543396 0.8223910331726074
9383 0.7790918350219727 0.530890703201294
9384 0.7882410287857056 0.5173411965370178
9385 0.7925957441329956 0.5386090874671936
9386 0.7799029350280762 0.43769270181655884
9387 0.7844052314758301 0.42236942052841187
9388 0.7941534519195557 0.4396366477012634
9389 0.7884740233421326 0.4534929096698761
9390 0.7967252135276794 0.4716206192970276
9391 0.7895674109458923 0.4851527512073517
9392 0.7827459573745728 0.4683893322944641
9393 0.7503295540809631 0.025049686431884766
9394 0.7606656551361084 0.025049686431884766
9395 0.772301435470581 0.025049686431884766
9396 0.7604224681854248 0.025049686431884766
9397 0.7553913593292236 0.025049686431884766
9398 0.7322844862937927 0.025049686431884766
9399 0.7453216910362244 0.025049686431884766
9400 0.7491646409034729 0.025049686431884766
9401 0.7585964798927307 0.025049686431884766
9402 0.7369083166122437 0.025049688294529915
9403 0.7414531707763672 0.025049686431884766
9404 0.7535102367401123 0.025049686431884766
9405 0.762229859828949 0.025049686431884766
9406 0.7703044414520264 0.025049686431884766
9407 0.757897138595581 0.025049686431884766
9408 0.7498349547386169 0.025049686431884766
9409 0.7664528489112854 0.025049686431884766
9410 0.7466862201690674 0.025049686431884766
9411 0.7809611558914185 0.6021209359169006
9412 0.7663668990135193 0.5900871753692627
9413 0.7823631763458252 0.49884769320487976
9414 0.7967372536659241 0.5042371153831482
9415 0.7738939523696899 0.40488123893737793
9416 0.777138352394104 0.3835967779159546
9417 0.7899770140647888 0.40291813015937805
9418 0.7813972234725952 0.3610539734363556
9419 0.7641427516937256 0.36254099011421204
9420 0.7639675140380859 0.025049686431884766
9421 0.7662293910980225 0.025049686431884766
9422 0.7793770432472229 0.025049686431884766
9423 0.7871894836425781 0.025049686431884766
9424 0.7871894836425781 0.025049686431884766
9425 0.7871894836425781 0.025049686431884766
9426 0.7871894836425781 0.025049686431884766
9427 0.7871894836425781 0.025049686431884766
9428 0.7871894836425781 0.025049686431884766
9429 0.8132686614990234 0.025049686431884766
9430 0.8102278113365173 0.025049686431884766
9431 0.7871894836425781 0.025049686431884766
9432 0.8461223244667053 0.025049686431884766
9433 0.8083161115646362 0.025049686431884766
9434 0.835151731967926 0.025049686431884766
9435 0.8583426475524902 0.025049686431884766
9436 0.8497089147567749 0.025049686431884766
9437 0.8497089147567749 0.025049686431884766
9438 0.9086133241653442 0.025049686431884766
9439 0.8964428305625916 0.025049686431884766
9440 0.9086133241653442 0.025049686431884766
9441 0.9086133241653442 0.025049686431884766
9442 0.9218139052391052 0.025049686431884766
9443 0.9217180609703064 0.025049686431884766
9444 0.9406790733337402 0.025049686431884766
9445 0.7803105711936951 0.2402399629354477
9446 0.7967687249183655 0.2662314474582672
9447 0.7866302132606506 0.2892310321331024
9448 0.8022199273109436 0.3150978088378906
9449 0.7876376509666443 0.3439532518386841
9450 0.7974221706390381 0.5573744773864746
9451 0.8026991486549377 0.5787844657897949
9452 0.7921925783157349 0.5909619927406311
9453 0.7657050490379333 0.09864470362663269
9454 0.7824097275733948 0.12347184121608734
9455 0.7719988226890564 0.14255858957767487
9456 0.7759082317352295 0.025049686431884766
9457 0.7871894836425781 0.025049686431884766
9458 0.7871894836425781 0.025049686431884766
9459 0.7871894836425781 0.025049686431884766
9460 0.8166942000389099 0.025049686431884766
9461 0.8043063879013062 0.025049686431884766
9462 0.7876496911048889 0.025049686431884766
9463 0.7742375731468201 0.025049686431884766
9464 0.7589225172996521 0.025049686431884766
9465 0.7596873641014099 0.025049686431884766
9466 0.7927075028419495 0.025049686431884766
9467 0.7863231897354126 0.03190840780735016
9468 0.772443413734436 0.04665324464440346
9469 0.7577356696128845 0.06058115512132645
9470 0.7779326438903809 0.08359794318675995
9471 0.7757447957992554 0.18869648873806
9472 0.7930707335472107 0.21489766240119934
9473 0.787853479385376 0.1679399162530899
9474 0.7617918252944946 0.025049686431884766
9475 0.9086133241653442 0.025049686431884766
9476 0.9045888185501099 0.025049686431884766
9477 0.8952540159225464 0.025049686431884766
9478 0.7776691913604736 0.025049686431884766
9479 0.7871894836425781 0.025049686431884766
9480 0.7990636229515076 0.025049686431884766
9481 0.8430653214454651 0.025049686431884766
9482 0.8290886282920837 0.025049686431884766
9483 0.8497089147567749 0.025049686431884766
9484 0.8440852761268616 0.025049686431884766
9485 0.8631588220596313 0.025049686431884766
9486 0.8517857193946838 0.025049686431884766
9487 0.9184288382530212 0.025049686431884766
9488 0.9391674995422363 0.025049686431884766
9489 0.7518649101257324 0.6961382627487183
9490 0.749770998954773 0.71030193567276
9491 0.7844633460044861 0.6217203140258789
9492 0.7881845831871033 0.6434220671653748
9493 0.7747932076454163 0.6514983773231506
9494 0.776986837387085 0.6722416877746582
9495 0.7637939453125 0.6781758069992065
9496 0.7637668251991272 0.6937408447265625
9497 0.917717456817627 0.6362003684043884
9498 0.9352254867553711 0.6165137887001038
9499 0.05686870589852333 0.642090380191803
9500 0.9288706183433533 0.6651403903961182
9501 0.9257701635360718 0.2603749930858612
9502 0.9400757551193237 0.23960554599761963
9503 0.9458680748939514 0.26426365971565247
9504 0.9391714334487915 0.29032424092292786
9505 0.9473479986190796 0.31110119819641113
9506 0.9394878149032593 0.33825910091400146
9507 0.9257006645202637 0.3183295726776123
9508 0.9305056929588318 0.12496055662631989
9509 0.947630763053894 0.10001476109027863
9510 0.04463666304945946 0.12038768827915192
9511 0.9438012838363647 0.14306265115737915
9512 0.9319983124732971 0.08423083275556564
9513 0.9500432014465332 0.06502609699964523
9514 0.9604310393333435 0.07816558331251144
9515 0.9475660920143127 0.22122015058994293
9516 0.9241175055503845 0.2212466150522232
9517 0.9401072263717651 0.18741369247436523
9518 0.952856183052063 0.030476465821266174
9519 0.0361197292804718 0.04640927165746689
9520 0.9330967664718628 0.050534285604953766
9521 0.9124594330787659 0.025049688294529915
9522 0.9338053464889526 0.025049686431884766
9523 0.9153398871421814 0.029829708859324455
9524 0.8997031450271606 0.025049686431884766
9525 0.04835975170135498 0.1648128479719162
9526 0.9270381927490234 0.1665477156639099
9527 0.9086133241653442 0.025049686431884766
9528 0.9353677034378052 0.025049686431884766
9529 0.8811320066452026 0.025049686431884766
9530 0.8855128288269043 0.025049686431884766
9531 0.8723259568214417 0.025049686431884766
9532 0.896998941898346 0.2648509442806244
9533 0.9104261994361877 0.24342094361782074
9534 0.9120469689369202 0.29797860980033875
9535 0.8994250297546387 0.3216812312602997
9536 0.9128899574279785 0.3432302474975586
9537 0.8909396529197693 0.6186897158622742
9538 0.9066892266273499 0.6071611046791077
9539 0.9021114706993103 0.6486475467681885
9540 0.8305338621139526 0.025049686431884766
9541 0.8166818022727966 0.03345363959670067
9542 0.8586793541908264 0.025049684569239616
9543 0.8490743041038513 0.030886348336935043
9544 0.8713212609291077 0.09147432446479797
9545 0.8867931962013245 0.07236360758543015
9546 0.9013451933860779 0.08931007981300354
9547 0.8894056677818298 0.11138313263654709
9548 0.9040799736976624 0.0519619919359684
9549 0.9152935743331909 0.07018578052520752
9550 0.8817043900489807 0.028470737859606743
9551 0.8663395643234253 0.05171196907758713
9552 0.9151039719581604 0.10673803091049194
9553 0.8996223211288452 0.13076739013195038
9554 0.914108157157898 0.148331418633461
9555 0.8991690874099731 0.171288400888443
9556 0.9113703370094299 0.18946295976638794
9557 0.8965902924537659 0.22144030034542084
9558 0.8255376815795898 0.267421692609787
9559 0.8138295412063599 0.2916448414325714
9560 0.8094974160194397 0.24229642748832703
9561 0.8286881446838379 0.3161017596721649
9562 0.8161072731018066 0.3394915759563446
9563 0.7959770560264587 0.10350161045789719
9564 0.8141411542892456 0.1283257156610489
9565 0.8004842400550842 0.14794503152370453
9566 0.8036001920700073 0.05136599764227867
9567 0.7899371385574341 0.06715775281190872
9568 0.8101553916931152 0.08683282881975174
9569 0.8054622411727905 0.1930493712425232
9570 0.8226408362388611 0.21808673441410065
9571 0.8179755806922913 0.1724366992712021
9572 0.887482762336731 0.29869213700294495
9573 0.8776935338973999 0.2659226655960083
9574 0.8893647193908691 0.24292302131652832
9575 0.852753221988678 0.2689262628555298
9576 0.8401541709899902 0.2923896610736847
9577 0.8383112549781799 0.24368822574615479
9578 0.8512352705001831 0.32029151916503906
9579 0.8399645090103149 0.3403988182544708
9580 0.8876376748085022 0.3438970446586609
9581 0.8767786622047424 0.321379154920578
9582 0.8753675818443298 0.6353659629821777
9583 0.8645986318588257 0.6101780533790588
9584 0.8799572587013245 0.5942857265472412
9585 0.8902124166488647 0.15202967822551727
9586 0.8742285370826721 0.13259339332580566
9587 0.8289393186569214 0.10695118457078934
9588 0.8440121412277222 0.13161255419254303
9589 0.8318401575088501 0.1512749344110489
9590 0.8387293815612793 0.052250564098358154
9591 0.8239455223083496 0.0704323872923851
9592 0.8425837159156799 0.09058546274900436
9593 0.8768600821495056 0.22325696051120758
9594 0.8910242319107056 0.1938813328742981
9595 0.8494753837585449 0.22144553065299988
9596 0.8353620171546936 0.19578492641448975
9597 0.8475807905197144 0.1744047999382019
9598 0.8757281303405762 0.17344558238983154
9599 0.8568339347839355 0.11121029406785965
9600 0.8604534864425659 0.15298521518707275
9601 0.8526567220687866 0.0716463029384613
9602 0.8622845411300659 0.19525885581970215
9603 0.8647497892379761 0.2460639476776123
9604 0.8645025491714478 0.2976905405521393
9605 0.8636478781700134 0.34330013394355774
9606 0.8053222894668579 0.8961173295974731
9607 0.8298672437667847 0.8957849144935608
9608 0.1814737468957901 0.9278120994567871
9609 0.795941948890686 0.8557430505752563
9610 0.8149738311767578 0.8641971945762634
9611 0.787064790725708 0.8290561437606812
9612 0.8047567009925842 0.8305053114891052
9613 0.8232455253601074 0.8336881995201111
9614 0.8422722220420837 0.8311973214149475
9615 0.8397436141967773 0.8622676134109497
9616 0.8598899245262146 0.8613511323928833
9617 0.14445482194423676 0.8895283341407776
9618 0.8119439482688904 0.8070630431175232
9619 0.8260902166366577 0.8052884340286255
9620 0.8127842545509338 0.5665073394775391
9621 0.8195471167564392 0.5891470313072205
9622 0.8081876039505005 0.6014577746391296
9623 0.8318558931350708 0.5754900574684143
9624 0.8403211832046509 0.5981302857398987
9625 0.8271207213401794 0.6125254034996033
9626 0.8543729186058044 0.5847744941711426
9627 0.8499289751052856 0.6232518553733826
9628 0.7577223777770996 0.7296419739723206
9629 0.7614855170249939 0.7105727791786194
9630 0.8007998466491699 0.6338421702384949
9631 0.8049802184104919 0.6578097343444824
9632 0.7911582589149475 0.6657614707946777
9633 0.7753510475158691 0.7124819755554199
9634 0.7773519158363342 0.6912904977798462
9635 0.791762113571167 0.6892008185386658
9636 0.7651914358139038 0.7515531182289124
9637 0.771293044090271 0.7324615120887756
9638 0.9013939499855042 0.7175712585449219
9639 0.9191752076148987 0.7068061232566833
9640 0.07846048474311829 0.739677369594574
9641 0.9057132005691528 0.7556924819946289
9642 0.892126202583313 0.7952742576599121
9643 0.10677462816238403 0.819818377494812
9644 0.8765926361083984 0.8286744356155396
9645 0.8745659589767456 0.7990159392356873
9646 0.875406801700592 0.6996135115623474
9647 0.8936227560043335 0.687260091304779
9648 0.8831692934036255 0.729712724685669
9649 0.8707662224769592 0.7704033255577087
9650 0.8568395972251892 0.8031259179115295
9651 0.8539334535598755 0.7749843597412109
9652 0.8520951867103577 0.6863043308258057
9653 0.868698239326477 0.6728802919387817
9654 0.8586567640304565 0.7132902145385742
9655 0.12290221452713013 0.8535536527633667
9656 0.8589749336242676 0.8318806290626526
9657 0.8409328460693359 0.8035426735877991
9658 0.7789563536643982 0.7989158630371094
9659 0.7952009439468384 0.8066425323486328
9660 0.8265557289123535 0.7846732139587402
9661 0.8392869234085083 0.7784624695777893
9662 0.8495134711265564 0.748812735080719
9663 0.8366042375564575 0.758518636226654
9664 0.8350948691368103 0.7027984261512756
9665 0.8258600831031799 0.6751856207847595
9666 0.8429804444313049 0.6608237624168396
9667 0.7729319334030151 0.7758275270462036
9668 0.7878032326698303 0.7800549864768982
9669 0.8027305006980896 0.7831277251243591
9670 0.8147629499435425 0.785270631313324
9671 0.830680787563324 0.7403631210327148
9672 0.8258586525917053 0.7664322257041931
9673 0.82125324010849 0.7540148496627808
9674 0.8166474103927612 0.7676143050193787
9675 0.7933579683303833 0.7583858966827393
9676 0.8065088987350464 0.7629771828651428
9677 0.8202008605003357 0.6479583382606506
9678 0.8083024024963379 0.6850132346153259
9679 0.7792425155639648 0.7542867064476013
9680 0.8119393587112427 0.743497908115387
9681 0.7892819046974182 0.7112640738487244
9682 0.7843111753463745 0.733090877532959
9683 0.8055378198623657 0.7120695114135742
9684 0.7991205453872681 0.7364587783813477
9685 0.8204926252365112 0.7233308553695679
9686 0.8435362577438354 0.726450502872467
9687 0.8658722639083862 0.7421445250511169
9688 0.8885278701782227 0.765690803527832
9689 0.0920027643442154 0.7868428230285645
9690 0.8013916015625 0.5243489742279053
9691 0.8066138029098511 0.5449700951576233
9692 0.8107395768165588 0.44067829847335815
9693 0.8037781715393066 0.45688655972480774
9694 0.8004236817359924 0.4224993884563446
9695 0.8169547319412231 0.5317570567131042
9696 0.8239849805831909 0.5536239147186279
9697 0.8291131258010864 0.4453723728656769
9698 0.8198851346969604 0.46102768182754517
9699 0.8179646730422974 0.4247184097766876
9700 0.8365045189857483 0.5392760634422302
9701 0.8452759981155396 0.5605232119560242
9702 0.8118444681167603 0.475369393825531
9703 0.8044515252113342 0.4900074601173401
9704 0.8189438581466675 0.4958372116088867
9705 0.828637957572937 0.4812190532684326
9706 0.9434680342674255 0.47286131978034973
9707 0.9284306764602661 0.4543754756450653
9708 0.941251814365387 0.431732177734375
9709 0.04722817987203598 0.4493121802806854
9710 0.9409537315368652 0.5671319961547852
9711 0.050434671342372894 0.5907650589942932
9712 0.9241753816604614 0.5873603820800781
9713 0.9155120849609375 0.475078821182251
9714 0.9008880853652954 0.4543686509132385
9715 0.9139657020568848 0.43448683619499207
9716 0.89602130651474 0.5773873329162598
9717 0.9124680161476135 0.5610995888710022
9718 0.8885699510574341 0.4330609440803528
9719 0.8889757394790649 0.47334104776382446
9720 0.8751136064529419 0.4526711106300354
9721 0.8695679306983948 0.5696866512298584
9722 0.884574294090271 0.5535414218902588
9723 0.8509625792503357 0.44821733236312866
9724 0.8624716997146606 0.4317038357257843
9725 0.8631104230880737 0.4707775115966797
9726 0.8592038154602051 0.5462815761566162
9727 0.8406223058700562 0.46572425961494446
9728 0.8401608467102051 0.4274003803730011
9729 0.8503746390342712 0.48551395535469055
9730 0.8383582830429077 0.5020455718040466
9731 0.8748577833175659 0.49149608612060547
9732 0.8609241843223572 0.5083454251289368
9733 0.8870362639427185 0.5130013823509216
9734 0.8999725580215454 0.4954604506492615
9735 0.9130603075027466 0.5198020339012146
9736 0.9289536476135254 0.4960484206676483
9737 0.942563533782959 0.5187559723854065
9738 0.04591281712055206 0.49189284443855286
9739 0.8385969400405884 0.025049686431884766
9740 0.8497088551521301 0.025049686431884766
9741 0.8497089147567749 0.025049686431884766
9742 0.8497089147567749 0.025049686431884766
9743 0.8497088551521301 0.025049686431884766
9744 0.8625015616416931 0.025049686431884766
9745 0.8497089147567749 0.025049686431884766
9746 0.8807281255722046 0.025049686431884766
9747 0.899315357208252 0.025049686431884766
9748 0.8808794617652893 0.025049686431884766
9749 0.9086134433746338 0.025049686431884766
9750 0.9086133241653442 0.025049686431884766
9751 0.9086133241653442 0.025049686431884766
9752 0.9158450961112976 0.025049686431884766
9753 0.9375258088111877 0.025049686431884766
9754 0.9173573851585388 0.025049686431884766
9755 0.9586130976676941 0.025049686431884766
9756 0.9667395949363708 0.025049686431884766
9757 0.9589956998825073 0.025049686431884766
9758 0.7952362298965454 0.025049686431884766
9759 0.7871894836425781 0.025049686431884766
9760 0.7970084547996521 0.025049686431884766
9761 0.8104205131530762 0.025049686431884766
9762 0.8246533274650574 0.025049686431884766
9763 0.8232060074806213 0.025049686431884766
9764 0.7834239602088928 0.025049686431884766
9765 0.7846810221672058 0.025049686431884766
9766 0.7871894836425781 0.025049686431884766
9767 0.7871894836425781 0.025049686431884766
9768 0.7871894836425781 0.025049686431884766
9769 0.7871894836425781 0.025049686431884766
9770 0.7871894836425781 0.025049686431884766
9771 0.7871894836425781 0.025049686431884766
9772 0.7871894836425781 0.025049686431884766
9773 0.7871894836425781 0.025049686431884766
9774 0.7871894836425781 0.025049686431884766
9775 0.7871894836425781 0.025049686431884766
9776 0.7871894836425781 0.025049686431884766
9777 0.7871894836425781 0.025049686431884766
9778 0.7871894836425781 0.025049686431884766
9779 0.7871894836425781 0.025049686431884766
9780 0.7871894836425781 0.025049686431884766
9781 0.7871894836425781 0.025049686431884766
9782 0.7871894836425781 0.025049686431884766
9783 0.7871894836425781 0.025049686431884766
9784 0.7871894836425781 0.025049686431884766
9785 0.7871894836425781 0.025049686431884766
9786 0.7871894836425781 0.025049686431884766
9787 0.8497089147567749 0.025049686431884766
9788 0.8258925080299377 0.025049686431884766
9789 0.8472851514816284 0.025049686431884766
9790 0.8497089147567749 0.025049686431884766
9791 0.8353973031044006 0.025049686431884766
9792 0.8602582216262817 0.025049686431884766
9793 0.8497089147567749 0.025049686431884766
9794 0.8622422814369202 0.025049686431884766
9795 0.8802828192710876 0.025049686431884766
9796 0.8981982469558716 0.025049686431884766
9797 0.8786975145339966 0.025049686431884766
9798 0.8991528153419495 0.025049686431884766
9799 0.9086133241653442 0.025049686431884766
9800 0.9086133241653442 0.025049686431884766
9801 0.9086133241653442 0.025049686431884766
9802 0.94022136926651 0.025049686431884766
9803 0.9197377562522888 0.025049686431884766
9804 0.9388628602027893 0.025049686431884766
9805 0.9594135284423828 0.025049686431884766
9806 0.9667395949363708 0.025049686431884766
9807 0.7871894836425781 0.025049686431884766
9808 0.7871894836425781 0.025049686431884766
9809 0.7871894836425781 0.025049686431884766
9810 0.7813453078269958 0.025049686431884766
9811 0.7871894836425781 0.025049686431884766
9812 0.7692520618438721 0.025049686431884766
9813 0.7871894836425781 0.025049686431884766
9814 0.7871894836425781 0.025049686431884766
9815 0.7871894836425781 0.025049686431884766
9816 0.8021460175514221 0.025049686431884766
9817 0.7871894836425781 0.025049686431884766
9818 0.7871894836425781 0.025049686431884766
9819 0.7871894836425781 0.025049686431884766
9820 0.7725490927696228 0.025049686431884766
9821 0.7842950224876404 0.025049686431884766
9822 0.7871894836425781 0.025049686431884766
9823 0.7871894836425781 0.025049686431884766
9824 0.7871894836425781 0.025049686431884766
9825 0.7871894836425781 0.025049686431884766
9826 0.7871894836425781 0.025049686431884766
9827 0.7871894836425781 0.025049686431884766
9828 0.7881139516830444 0.025049686431884766
9829 0.7958512306213379 0.025049686431884766
9830 0.806332528591156 0.025049686431884766
9831 0.7871894836425781 0.025049686431884766
9832 0.8163900971412659 0.025049686431884766
9833 0.7871894836425781 0.025049686431884766
9834 0.7871894836425781 0.025049686431884766
9835 0.7871894836425781 0.025049686431884766
9836 0.7871894836425781 0.025049686431884766
9837 0.7871894836425781 0.025049686431884766
9838 0.7871894836425781 0.025049686431884766
9839 0.7871894836425781 0.025049686431884766
9840 0.7871894836425781 0.025049686431884766
9841 0.7871894836425781 0.025049686431884766
9842 0.7871894836425781 0.025049686431884766
9843 0.7871894836425781 0.025049686431884766
9844 0.776096761226654 0.025049686431884766
9845 0.7801426649093628 0.025049686431884766
9846 0.7871894836425781 0.025049686431884766
9847 0.7871894836425781 0.025049686431884766
9848 0.7871894836425781 0.025049686431884766
9849 0.7871894836425781 0.025049686431884766
9850 0.7871894836425781 0.025049686431884766
9851 0.7871894836425781 0.025049686431884766
9852 0.7871894836425781 0.025049686431884766
9853 0.7871894836425781 0.025049686431884766
9854 0.7871894836425781 0.025049686431884766
9855 0.7871894836425781 0.025049686431884766
9856 0.7871894836425781 0.025049686431884766
9857 0.7871894836425781 0.025049686431884766
9858 0.7871894836425781 0.025049686431884766
9859 0.7871894836425781 0.025049686431884766
9860 0.7871894836425781 0.025049686431884766
9861 0.7871894836425781 0.025049686431884766
9862 0.7871894836425781 0.025049686431884766
9863 0.7871894836425781 0.025049686431884766
9864 0.9120532274246216 0.6760320663452148
9865 0.06517162919044495 0.6908940672874451
9866 0.8841887712478638 0.6605277061462402
9867 0.8596972227096558 0.6480466723442078
9868 0.8346320390701294 0.6362650990486145
9869 0.8141337633132935 0.6236066818237305
9870 0.7965264916419983 0.6121160387992859
9871 0.04715164005756378 0.5410578846931458
9872 0.9267445206642151 0.5437416434288025
9873 0.898804783821106 0.5356956124305725
9874 0.8725260496139526 0.5309675335884094
9875 0.8490490913391113 0.5227668285369873
9876 0.8272200226783752 0.5176193714141846
9877 0.8099235892295837 0.5098978877067566
9878 0.8070430755615234 0.4028337299823761
9879 0.7958532571792603 0.38175880908966064
9880 0.8285990953445435 0.4063117504119873
9881 0.8174630403518677 0.3845101594924927
9882 0.850946307182312 0.4093460738658905
9883 0.8411421179771423 0.386656790971756
9884 0.8627651929855347 0.39212366938591003
9885 0.8750233054161072 0.4135332703590393
9886 0.8886500000953674 0.3925437331199646
9887 0.900146484375 0.4145556092262268
9888 0.9128495454788208 0.3949417769908905
9889 0.9266901612281799 0.41426175832748413
9890 0.940365195274353 0.39006468653678894
9891 0.04887780919671059 0.4074602425098419
9892 0.926841676235199 0.3640604317188263
9893 0.9488896131515503 0.3598918318748474
9894 0.899842381477356 0.3669835329055786
9895 0.8767381310462952 0.36584293842315674
9896 0.8515671491622925 0.36469170451164246
9897 0.8276305794715881 0.36775320768356323
9898 0.8031474351882935 0.3646480441093445
9899 0.6435030102729797 0.025049684569239616
9900 0.6513733863830566 0.025049686431884766
9901 0.6772345900535583 0.025049686431884766
9902 0.6697917580604553 0.025049686431884766
9903 0.6624283194541931 0.025049686431884766
9904 0.6948829293251038 0.025049686431884766
9905 0.6889190077781677 0.025049686431884766
9906 0.6868725419044495 0.025049686431884766
9907 0.7143874764442444 0.025049686431884766
9908 0.7162522673606873 0.025049686431884766
9909 0.7175851464271545 0.025049686431884766
9910 0.7187941074371338 0.025049688294529915
9911 0.6527213454246521 0.24622131884098053
9912 0.649989128112793 0.30322858691215515
9913 0.6349775791168213 0.2307741940021515
9914 0.5945296287536621 0.18116003274917603
9915 0.5516528487205505 0.1485617309808731
9916 0.5772262215614319 0.14347632229328156
9917 0.7323944568634033 0.2366197407245636
9918 0.7156962752342224 0.20274172723293304
9919 0.7249667644500732 0.18111322820186615
9920 0.6705942749977112 0.1956273466348648
9921 0.6674804091453552 0.22222015261650085
9922 0.6448372006416321 0.19253778457641602
9923 0.6476771235466003 0.16803467273712158
9924 0.7144693732261658 0.13227806985378265
9925 0.7027097344398499 0.10176081955432892
9926 0.712127685546875 0.08034535497426987
9927 0.6451535224914551 0.0898023322224617
9928 0.6373533606529236 0.11651753634214401
9929 0.6149043440818787 0.08217983692884445
9930 0.6233637928962708 0.05872552841901779
9931 0.6449667811393738 0.06659048795700073
9932 0.6690124869346619 0.09682153910398483
9933 0.6604676842689514 0.12284241616725922
9934 0.5847263336181641 0.07176968455314636
9935 0.5723752379417419 0.08805728703737259
9936 0.5498419404029846 0.05733424052596092
9937 0.5633907318115234 0.039706215262413025
9938 0.5306225419044495 0.04402512311935425
9939 0.538921594619751 0.027261747047305107
9940 0.5433225631713867 0.07077000290155411
9941 0.6970323920249939 0.025049686431884766
9942 0.670837938785553 0.025049686431884766
9943 0.6928754448890686 0.025049686431884766
9944 0.6284970641136169 0.025049686431884766
9945 0.6414452195167542 0.025049686431884766
9946 0.6387885212898254 0.025049686431884766
9947 0.6201091408729553 0.025049686431884766
9948 0.7096900343894958 0.026753082871437073
9949 0.681428849697113 0.025049686431884766
9950 0.6935883164405823 0.0491962768137455
9951 0.6550381183624268 0.0404869019985199
9952 0.6308059692382812 0.03315897285938263
9953 0.5439305901527405 0.025049686431884766
9954 0.5562357902526855 0.025049686431884766
9955 0.5765697956085205 0.025049686431884766
9956 0.532106339931488 0.025049686431884766
9957 0.5240424275398254 0.025049686431884766
9958 0.6111751198768616 0.025049686431884766
9959 0.6026769280433655 0.025049686431884766
9960 0.5301187634468079 0.12771137058734894
9961 0.5466117262840271 0.11864138394594193
9962 0.6749195456504822 0.17278710007667542
9963 0.6969284415245056 0.19986309111118317
9964 0.6910272240638733 0.2259974330663681
9965 0.6238853931427002 0.1995769888162613
9966 0.4996061623096466 0.1294781118631363
9967 0.5115635991096497 0.10623836517333984
9968 0.5139685273170471 0.025049686431884766
9969 0.5117020010948181 0.06864109635353088
9970 0.49950218200683594 0.04909336939454079
9971 0.499455988407135 0.025049686431884766
9972 0.5087117552757263 0.025049686431884766
9973 0.6022415161132812 0.025049686431884766
9974 0.5942102074623108 0.025049686431884766
9975 0.499455988407135 0.025049686431884766
9976 0.5040092468261719 0.025049686431884766
9977 0.517821729183197 0.025049686431884766
9978 0.5396102070808411 0.025049686431884766
9979 0.5266533493995667 0.025049686431884766
9980 0.5671395659446716 0.025049686431884766
9981 0.5485649108886719 0.025049688294529915
9982 0.6094110012054443 0.025049686431884766
9983 0.6150376796722412 0.025049686431884766
9984 0.6385164856910706 0.025049686431884766
9985 0.5396102070808411 0.025049686431884766
9986 0.5564303994178772 0.025049686431884766
9987 0.5356951355934143 0.025049686431884766
9988 0.5137177109718323 0.025049686431884766
9989 0.5238723158836365 0.025049686431884766
9990 0.499455988407135 0.025049686431884766
9991 0.5007142424583435 0.025049688294529915
9992 0.5827206969261169 0.025049686431884766
9993 0.5872600674629211 0.025049686431884766
9994 0.5295805931091309 0.09047620743513107
9995 0.4995720684528351 0.085489921271801
9996 0.5532174706459045 0.10884838551282883
9997 0.5928617119789124 0.12990687787532806
9998 0.6531981825828552 0.14504612982273102
9999 0.6287383437156677 0.13983763754367828
10000 0.6824498772621155 0.15029527246952057
10001 0.705106794834137 0.15368837118148804
10002 0.7119527459144592 0.9508074522018433
10003 0.7333783507347107 0.9302992224693298
10004 0.7358585000038147 0.9709057211875916
10005 0.6879457831382751 0.9680934548377991
10006 0.6642487049102783 0.9440536499023438
10007 0.6873182654380798 0.9269775748252869
10008 0.7316288352012634 0.89035564661026
10009 0.7098297476768494 0.9091405272483826
10010 0.6919004917144775 0.8873671293258667
10011 0.6693810820579529 0.9044724702835083
10012 0.7148423194885254 0.6791296005249023
10013 0.7179874777793884 0.690244197845459
10014 0.7068729996681213 0.6999598145484924
10015 0.7033984661102295 0.6877742409706116
10016 0.7110800743103027 0.6667094826698303
10017 0.7224821448326111 0.6560752391815186
10018 0.725273847579956 0.671409010887146
10019 0.6875345706939697 0.24613000452518463
10020 0.6864315271377563 0.266465425491333
10021 0.6673834323883057 0.24441029131412506
10022 0.7020835876464844 0.25060972571372986
10023 0.6978010535240173 0.27027490735054016
10024 0.7398539781570435 0.2861810028553009
10025 0.7228214740753174 0.2600648105144501
10026 0.7288970947265625 0.6813316941261292
10027 0.7223992943763733 0.7019565105438232
10028 0.7368431091308594 0.6613054275512695
10029 0.7318341732025146 0.6425251364707947
10030 0.7441815733909607 0.6305279731750488
10031 0.6993997097015381 0.6763588190078735
10032 0.6960230469703674 0.6617376804351807
10033 0.7075758576393127 0.6519567966461182
10034 0.6874236464500427 0.6808497905731201
10035 0.6913206577301025 0.696582555770874
10036 0.6263931393623352 0.8797535300254822
10037 0.6507421135902405 0.8740935325622559
10038 0.6428072452545166 0.9108919501304626
10039 0.6168115735054016 0.9149909615516663
10040 0.6374586224555969 0.9512232542037964
10041 0.729814887046814 0.627963125705719
10042 0.7187433242797852 0.6410388350486755
10043 0.6724793910980225 0.025049686431884766
10044 0.7074882984161377 0.025049686431884766
10045 0.5913475155830383 0.9188109636306763
10046 0.5759005546569824 0.8779460191726685
10047 0.602100670337677 0.8852699995040894
10048 0.6141868233680725 0.8531966805458069
10049 0.5880323052406311 0.8452253937721252
10050 0.684194803237915 0.6698957681655884
10051 0.6747443675994873 0.6885955333709717
10052 0.6724215149879456 0.6737445592880249
10053 0.6813889145851135 0.654858410358429
10054 0.6929211020469666 0.6462982296943665
10055 0.6791753172874451 0.6402029395103455
10056 0.6695085763931274 0.6624255776405334
10057 0.6594701409339905 0.681175172328949
10058 0.5823774933815002 0.8169398903846741
10059 0.5653147101402283 0.8377785682678223
10060 0.5528115630149841 0.8692522644996643
10061 0.7133584022521973 0.6239129900932312
10062 0.7030468583106995 0.635331928730011
10063 0.7006238698959351 0.6228258609771729
10064 0.6902428269386292 0.6320362687110901
10065 0.6877871751785278 0.6189753413200378
10066 0.5114314556121826 0.025049686431884766
10067 0.499455988407135 0.025049686431884766
10068 0.499455988407135 0.025049686431884766
10069 0.5396102070808411 0.025049686431884766
10070 0.5348783135414124 0.025049686431884766
10071 0.5396102070808411 0.025049686431884766
10072 0.5223855972290039 0.025049686431884766
10073 0.5650762915611267 0.025049686431884766
10074 0.5725579261779785 0.025049686431884766
10075 0.5900207161903381 0.025049686431884766
10076 0.6201309561729431 0.025049686431884766
10077 0.595194399356842 0.025049686431884766
10078 0.6414452195167542 0.025049686431884766
10079 0.6414452195167542 0.025049686431884766
10080 0.6591243743896484 0.025049686431884766
10081 0.585814893245697 0.025049686431884766
10082 0.6046575903892517 0.025049686431884766
10083 0.5832396149635315 0.025049686431884766
10084 0.5614342093467712 0.025049686431884766
10085 0.5499443411827087 0.025049684569239616
10086 0.5396102070808411 0.025049686431884766
10087 0.5396102070808411 0.025049686431884766
10088 0.5339970588684082 0.025049686431884766
10089 0.5218395590782166 0.025049686431884766
10090 0.50975102186203 0.025049686431884766
10091 0.499455988407135 0.025049686431884766
10092 0.499455988407135 0.025049686431884766
10093 0.5396102070808411 0.025049686431884766
10094 0.5350396037101746 0.025049686431884766
10095 0.5396102070808411 0.025049686431884766
10096 0.5092639327049255 0.025049686431884766
10097 0.5225800275802612 0.025049686431884766
10098 0.499455988407135 0.025049686431884766
10099 0.4994560182094574 0.025049686431884766
10100 0.5753812193870544 0.025049686431884766
10101 0.5396102070808411 0.025049686431884766
10102 0.5537114143371582 0.025049686431884766
10103 0.6414452195167542 0.025049686431884766
10104 0.6414452195167542 0.025049686431884766
10105 0.6571617722511292 0.025049686431884766
10106 0.6357247233390808 0.025049686431884766
10107 0.6414452195167542 0.025049686431884766
10108 0.6414452195167542 0.025049686431884766
10109 0.6414452791213989 0.025049686431884766
10110 0.6278297305107117 0.025049686431884766
10111 0.638615608215332 0.025049686431884766
10112 0.5977593064308167 0.025049686431884766
10113 0.5858148336410522 0.025049686431884766
10114 0.6942405104637146 0.025049686431884766
10115 0.7004547715187073 0.7465534806251526
10116 0.7095556855201721 0.7587355375289917
10117 0.6967620253562927 0.769220769405365
10118 0.6869044303894043 0.7554344534873962
10119 0.7131484746932983 0.7140883803367615
10120 0.7024641633033752 0.7245117425918579
10121 0.6962133049964905 0.7111554741859436
10122 0.6846980452537537 0.7205758690834045
10123 0.6789436340332031 0.7045921683311462
10124 0.6793451309204102 0.7423905730247498
10125 0.6728100180625916 0.763253927230835
10126 0.6652379631996155 0.748744547367096
10127 0.6662164330482483 0.7113881707191467
10128 0.6625798344612122 0.6966413855552673
10129 0.649388313293457 0.7016095519065857
10130 0.6592064499855042 0.7324235439300537
10131 0.6504421234130859 0.7520975470542908
10132 0.6444106698036194 0.7353754639625549
10133 0.6399634480476379 0.7206940054893494
10134 0.6293573379516602 0.7373831272125244
10135 0.6532592177391052 0.7169089913368225
10136 0.6722146272659302 0.7277489304542542
10137 0.69138103723526 0.734609067440033
10138 0.7111742496490479 0.7370800971984863
10139 0.6619184613227844 0.8114737868309021
10140 0.6761131882667542 0.8334912657737732
10141 0.6566632390022278 0.839597225189209
10142 0.6432856917381287 0.8177498579025269
10143 0.6364688873291016 0.8442525267601013
10144 0.672914981842041 0.8644542098045349
10145 0.6036290526390076 0.8186429738998413
10146 0.6243231892585754 0.8233174085617065
10147 0.5953207612037659 0.7915405631065369
10148 0.6324630379676819 0.7969211935997009
10149 0.6141039729118347 0.7947669625282288
10150 0.6075736880302429 0.7734980583190918
10151 0.6959376931190491 0.7944433689117432
10152 0.6830286383628845 0.7781162858009338
10153 0.7092085480690002 0.7828388810157776
10154 0.7221006751060486 0.7930616736412048
10155 0.7208294868469238 0.7699304223060608
10156 0.668337345123291 0.785618245601654
10157 0.6583142876625061 0.7701597213745117
10158 0.6426923274993896 0.7729573249816895
10159 0.6351916193962097 0.7540422081947327
10160 0.6196354031562805 0.754491925239563
10161 0.6254969239234924 0.7753050327301025
10162 0.651927649974823 0.7938866019248962
10163 0.6800054311752319 0.8042379021644592
10164 0.7207595109939575 0.7480540871620178
10165 0.7208858132362366 0.7256885170936584
10166 0.6939425468444824 0.8226290345191956
10167 0.7079330086708069 0.8366884589195251
10168 0.6912012696266174 0.8514332175254822
10169 0.7108081579208374 0.8699217438697815
10170 0.7098727822303772 0.8077765107154846
10171 0.7231678366661072 0.8210867643356323
10172 0.726934015750885 0.8543442487716675
10173 0.6950544714927673 0.5988221764564514
10174 0.6975618004798889 0.610410213470459
10175 0.7411865592002869 0.6122890114784241
10176 0.7531566619873047 0.5995168089866638
10177 0.7337126731872559 0.5972623825073242
10178 0.7236617803573608 0.6110214591026306
10179 0.7190437912940979 0.6014108657836914
10180 0.710329532623291 0.612250804901123
10181 0.7065266966819763 0.6007347702980042
10182 0.7314900755882263 0.572754442691803
10183 0.7404510974884033 0.5771473050117493
10184 0.7258926033973694 0.5873713493347168
10185 0.7012002468109131 0.5824609398841858
10186 0.7034330368041992 0.5917980670928955
10187 0.7108571529388428 0.5830913186073303
10188 0.7144104242324829 0.5917820334434509
10189 0.7210314273834229 0.5800504088401794
10190 0.7343941330909729 0.3159671127796173
10191 0.751749575138092 0.34186244010925293
10192 0.711914598941803 0.29827603697776794
10193 0.7058777213096619 0.32187339663505554
10194 0.6947537660598755 0.2885306775569916
10195 0.6927270889282227 0.3058454692363739
10196 0.6866874098777771 0.28562915325164795
10197 0.7022610306739807 0.33465778827667236
10198 0.6961497664451599 0.3511890172958374
10199 0.6867900490760803 0.3370310962200165
10200 0.66583251953125 0.3113628923892975
10201 0.6671260595321655 0.327635794878006
10202 0.7161055207252502 0.3459432125091553
10203 0.7103405594825745 0.3572833836078644
10204 0.6773223280906677 0.3396874666213989
10205 0.6788849234580994 0.35295507311820984
10206 0.7630811333656311 0.5680127739906311
10207 0.7610598802566528 0.5491318106651306
10208 0.7704195976257324 0.540924072265625
10209 0.7483031749725342 0.5372726321220398
10210 0.7580125331878662 0.5304247736930847
10211 0.7508860230445862 0.5555119514465332
10212 0.7758398056030273 0.4518270194530487
10213 0.7674322128295898 0.43854424357414246
10214 0.7709845900535583 0.422457754611969
10215 0.7669602036476135 0.5218530297279358
10216 0.774967610836029 0.5115628242492676
10217 0.7549323439598083 0.5123986601829529
10218 0.7625827193260193 0.504964292049408
10219 0.7769755125045776 0.48131346702575684
10220 0.7707072496414185 0.46611928939819336
10221 0.7588536739349365 0.461988240480423
10222 0.7631552219390869 0.45124149322509766
10223 0.7646887302398682 0.47749564051628113
10224 0.7565042972564697 0.43955495953559875
10225 0.7578884363174438 0.42507416009902954
10226 0.7026185989379883 0.025049686431884766
10227 0.6851580142974854 0.025049686431884766
10228 0.7096511125564575 0.025049686431884766
10229 0.7175852060317993 0.025049686431884766
10230 0.7175851464271545 0.025049686431884766
10231 0.7175851464271545 0.025049686431884766
10232 0.7175852060317993 0.025049686431884766
10233 0.7179645299911499 0.025049686431884766
10234 0.7175851464271545 0.025049686431884766
10235 0.7270579934120178 0.025049686431884766
10236 0.7223047614097595 0.025049686431884766
10237 0.7321062684059143 0.025049686431884766
10238 0.7414344549179077 0.025049686431884766
10239 0.7396005392074585 0.025049686431884766
10240 0.7175851464271545 0.025049686431884766
10241 0.7175851464271545 0.025049686431884766
10242 0.7175851464271545 0.025049686431884766
10243 0.7175851464271545 0.025049686431884766
10244 0.7175851464271545 0.025049686431884766
10245 0.7175851464271545 0.025049686431884766
10246 0.7249521017074585 0.025049688294529915
10247 0.7195234894752502 0.025049686431884766
10248 0.729555070400238 0.025049684569239616
10249 0.7252932786941528 0.025049686431884766
10250 0.7360897064208984 0.025049688294529915
10251 0.7247798442840576 0.025049686431884766
10252 0.7335758209228516 0.025049686431884766
10253 0.7352132201194763 0.025049686431884766
10254 0.7411927580833435 0.025049686431884766
10255 0.7520285248756409 0.5767419934272766
10256 0.7418374419212341 0.5575560927391052
10257 0.7705210447311401 0.4940928816795349
10258 0.758491575717926 0.4887268543243408
10259 0.7480597496032715 0.41320085525512695
10260 0.748046338558197 0.39595553278923035
10261 0.7593609094619751 0.4077208638191223
10262 0.7610973715782166 0.3876384496688843
10263 0.7488903403282166 0.3718665838241577
10264 0.7369800806045532 0.39025425910949707
10265 0.7331982254981995 0.3679032623767853
10266 0.6164400577545166 0.025049686431884766
10267 0.6098788380622864 0.025049686431884766
10268 0.6264476180076599 0.025049686431884766
10269 0.6414452195167542 0.025049686431884766
10270 0.6535899639129639 0.025049686431884766
10271 0.6688633561134338 0.025049686431884766
10272 0.6782359480857849 0.07300436496734619
10273 0.6917011737823486 0.12818092107772827
10274 0.7020635604858398 0.17647257447242737
10275 0.706571102142334 0.23259712755680084
10276 0.717844545841217 0.2791123688220978
10277 0.7240539193153381 0.3361659049987793
10278 0.7217088341712952 0.3700520694255829
10279 0.6868487596511841 0.3501432538032532
10280 0.6761386394500732 0.3197108209133148
10281 0.6701897978782654 0.2666614055633545
10282 0.647237241268158 0.220094695687294
10283 0.6219887733459473 0.1646021455526352
10284 0.6038269400596619 0.10839243233203888
10285 0.5933974385261536 0.049749020487070084
10286 0.585814893245697 0.025049686431884766
10287 0.575826108455658 0.025049686431884766
10288 0.56058269739151 0.025049686431884766
10289 0.5418917536735535 0.025049688294529915
10290 0.5396102070808411 0.025049686431884766
10291 0.5396102070808411 0.025049686431884766
10292 0.6867098212242126 0.36076924204826355
10293 0.6945124268531799 0.3617139458656311
10294 0.702836275100708 0.365307092666626
10295 0.7155905961990356 0.3706936836242676
10296 0.7242808938026428 0.3845546245574951
10297 0.7293263077735901 0.39294788241386414
10298 0.738704264163971 0.406436026096344
10299 0.7461074590682983 0.4230498671531677
10300 0.7494597434997559 0.4326493442058563
10301 0.7535864114761353 0.45044568181037903
10302 0.7540703415870667 0.4675996005535126
10303 0.7544874548912048 0.4799385368824005
10304 0.7526638507843018 0.49696868658065796
10305 0.7480562925338745 0.5153408646583557
10306 0.7453132271766663 0.5248615145683289
10307 0.7404852509498596 0.5409082770347595
10308 0.7336848974227905 0.5566825270652771
10309 0.7255921363830566 0.5678043961524963
10310 0.7167834639549255 0.5730063915252686
10311 0.708102285861969 0.5744462013244629
10312 0.9593864679336548 0.025049686431884766
10313 0.9667395949363708 0.025049686431884766
10314 0.958803117275238 0.025049686431884766
10315 0.9667395949363708 0.025049686431884766
10316 0.9566487669944763 0.025049686431884766
10317 0.9667395949363708 0.025049686431884766
10318 0.9540882706642151 0.025049686431884766
10319 0.9667395949363708 0.025049686431884766
10320 0.9667395949363708 0.025049686431884766
10321 0.8785991072654724 0.025049686431884766
10322 0.3697454631328583 0.35020768642425537
10323 0.3820509612560272 0.35944032669067383
10324 0.374693363904953 0.37525704503059387
10325 0.36465808749198914 0.3695034682750702
10326 0.36905357241630554 0.31043484807014465
10327 0.38599613308906555 0.32716086506843567
10328 0.35937362909317017 0.3423037827014923
10329 0.3979480266571045 0.6198400855064392
10330 0.3968577980995178 0.6100234389305115
10331 0.4056866466999054 0.6112773418426514
10332 0.4070553183555603 0.6207742094993591
10333 0.3899187743663788 0.6297927498817444
10334 0.388466477394104 0.618607759475708
10335 0.3999086022377014 0.6308546662330627
10336 0.3881622552871704 0.6092748045921326
10337 0.387504518032074 0.5982980132102966
10338 0.3964727520942688 0.6013060212135315
10339 0.3790209889411926 0.617656946182251
10340 0.37851473689079285 0.605781078338623
10341 0.38346126675605774 0.3841009736061096
10342 0.37792208790779114 0.3983200788497925
10343 0.368402361869812 0.3911592662334442
10344 0.40427303314208984 0.6024981141090393
10345 0.4111616313457489 0.6059250235557556
10346 0.4138646721839905 0.6126864552497864
10347 0.39639851450920105 0.5903616547584534
10348 0.40354305505752563 0.5948972105979919
10349 0.4913444519042969 0.6662078499794006
10350 0.4960186183452606 0.6577720046043396
10351 0.49567750096321106 0.6751469969749451
10352 0.3873605728149414 0.4052608609199524
10353 0.3839428722858429 0.42210790514945984
10354 0.37408825755119324 0.4156044125556946
10355 0.39109861850738525 0.4441702663898468
10356 0.38101857900619507 0.4391491115093231
10357 0.39335906505584717 0.4281548857688904
10358 0.48702195286750793 0.6582770943641663
10359 0.482757568359375 0.6508817672729492
10360 0.488021582365036 0.6437377333641052
10361 0.49198153614997864 0.6503300070762634
10362 0.4958462715148926 0.630393922328949
10363 0.4962143301963806 0.6426888108253479
10364 0.4921512305736542 0.6365947723388672
10365 0.38774311542510986 0.5866866707801819
10366 0.37821733951568604 0.5943098068237305
10367 0.37881290912628174 0.5826287865638733
10368 0.36855101585388184 0.6017116904258728
10369 0.3685884177684784 0.5899571776390076
10370 0.3962878882884979 0.5809842944145203
10371 0.38852453231811523 0.5764409899711609
10372 0.4805702865123749 0.666019856929779
10373 0.48475050926208496 0.6748023629188538
10374 0.4840516746044159 0.637736976146698
10375 0.4879985451698303 0.6312883496284485
10376 0.49186015129089355 0.7327180504798889
10377 0.4840591251850128 0.7106691598892212
10378 0.4924688935279846 0.6970080137252808
10379 0.4776189625263214 0.6838294267654419
10380 0.48907190561294556 0.6843081712722778
10381 0.4805273413658142 0.6959795355796814
10382 0.39186856150627136 0.6409526467323303
10383 0.38061025738716125 0.6396302580833435
10384 0.37953612208366394 0.6282485127449036
10385 0.3692512512207031 0.6265983581542969
10386 0.3687477707862854 0.6139441132545471
10387 0.3704650104045868 0.4331810176372528
10388 0.37865397334098816 0.4576510787010193
10389 0.3662598431110382 0.4521987736225128
10390 0.34835556149482727 0.4608664810657501
10391 0.35416319966316223 0.4455728530883789
10392 0.3596898317337036 0.4694349765777588
10393 0.3585348427295685 0.6089777946472168
10394 0.35840603709220886 0.5972630977630615
10395 0.4747593104839325 0.7261887192726135
10396 0.4708719551563263 0.7088356614112854
10397 0.35805320739746094 0.6356863975524902
10398 0.3581292927265167 0.622368335723877
10399 0.3690338134765625 0.6375952363014221
10400 0.42152875661849976 0.6142756342887878
10401 0.42434030771255493 0.621572732925415
10402 0.41596218943595886 0.6212491393089294
10403 0.36922118067741394 0.6499292850494385
10404 0.38115742802619934 0.6517367362976074
10405 0.4184519946575165 0.6309836506843567
10406 0.4093945622444153 0.6311554908752441
10407 0.4310254454612732 0.6203584671020508
10408 0.43406394124031067 0.6277678608894348
10409 0.42648786306381226 0.629099428653717
10410 0.4410746395587921 0.6249435544013977
10411 0.4445705711841583 0.631773054599762
10412 0.43712496757507324 0.6354353427886963
10413 0.4203941822052002 0.6395934224128723
10414 0.42959877848625183 0.6376776099205017
10415 0.4328431785106659 0.6464169025421143
10416 0.44042259454727173 0.6435012817382812
10417 0.46911242604255676 0.6428961753845215
10418 0.473114937543869 0.6501104235649109
10419 0.4666886031627655 0.6567471623420715
10420 0.46287301182746887 0.6489427089691162
10421 0.47690290212631226 0.6580607891082764
10422 0.47892358899116516 0.6439127922058105
10423 0.4704170525074005 0.6650964617729187
10424 0.46251457929611206 0.671967625617981
10425 0.4588734805583954 0.6628403067588806
10426 0.47386643290519714 0.6743490695953369
10427 0.47078683972358704 0.6307300925254822
10428 0.4749663174152374 0.6372363567352295
10429 0.46510034799575806 0.6359756588935852
10430 0.4436154067516327 0.6517868638038635
10431 0.4468396306037903 0.6604213714599609
10432 0.4388587176799774 0.6650445461273193
10433 0.43604421615600586 0.6556205153465271
10434 0.48013824224472046 0.6313838958740234
10435 0.4479237198829651 0.6391890645027161
10436 0.4513859152793884 0.6470080018043518
10437 0.45137351751327515 0.6279683709144592
10438 0.45512863993644714 0.6345816254615784
10439 0.45860913395881653 0.6416351795196533
10440 0.46027782559394836 0.6293684840202332
10441 0.45490050315856934 0.6546191573143005
10442 0.45005032420158386 0.6691499352455139
10443 0.3550453186035156 0.505249559879303
10444 0.3622286319732666 0.4935438334941864
10445 0.37117958068847656 0.5029732584953308
10446 0.3653793931007385 0.5131391882896423
10447 0.35176342725753784 0.4848668873310089
10448 0.3702811896800995 0.481263130903244
10449 0.331954687833786 0.46671321988105774
10450 0.3377251625061035 0.45279189944267273
10451 0.34177038073539734 0.4744405150413513
10452 0.33842703700065613 0.5091162323951721
10453 0.34404227137565613 0.49694639444351196
10454 0.3488725423812866 0.5165393352508545
10455 0.33499959111213684 0.48706620931625366
10456 0.32499539852142334 0.5146623253822327
10457 0.32990387082099915 0.49930769205093384
10458 0.33402541279792786 0.5210458636283875
10459 0.3577052354812622 0.4273218810558319
10460 0.3638012111186981 0.40944769978523254
10461 0.4621184170246124 0.797556459903717
10462 0.48038220405578613 0.7787436842918396
10463 0.4582798182964325 0.8331970572471619
10464 0.44512346386909485 0.7795976400375366
10465 0.4631998538970947 0.7645777463912964
10466 0.4412369132041931 0.812932550907135
10467 0.48053592443466187 0.7500938773155212
10468 0.46278664469718933 0.7431192994117737
10469 0.3338899612426758 0.6380124688148499
10470 0.34561631083488464 0.644069254398346
10471 0.3443082571029663 0.65565425157547
10472 0.3327178657054901 0.6513497233390808
10473 0.35704585909843445 0.6472193598747253
10474 0.34649670124053955 0.6306864619255066
10475 0.356610506772995 0.6610718369483948
10476 0.3564055263996124 0.6733364462852478
10477 0.34326398372650146 0.6690064072608948
10478 0.3694005012512207 0.6640855669975281
10479 0.3470337688922882 0.6176178455352783
10480 0.3477433919906616 0.604268491268158
10481 0.33513739705085754 0.625035285949707
10482 0.3360455632209778 0.6123006939888
10483 0.32309913635253906 0.6306984424591064
10484 0.3241685926914215 0.6186079382896423
10485 0.4303126037120819 0.680969774723053
10486 0.4286994934082031 0.6689944267272949
10487 0.4412456154823303 0.6756071448326111
10488 0.46840453147888184 0.6949117183685303
10489 0.4659295380115509 0.6816434264183044
10490 0.4555268883705139 0.6896340847015381
10491 0.4535102844238281 0.6782383322715759
10492 0.45981067419052124 0.7219685912132263
10493 0.4577805697917938 0.7046456933021545
10494 0.44265180826187134 0.6860209703445435
10495 0.446151465177536 0.7145235538482666
10496 0.4441659152507782 0.6982569694519043
10497 0.44471508264541626 0.7553905844688416
10498 0.44668909907341003 0.7330183386802673
10499 0.43110397458076477 0.7408581376075745
10500 0.4330313205718994 0.7241629958152771
10501 0.43233054876327515 0.7068289518356323
10502 0.4316386878490448 0.6941976547241211
10503 0.41760993003845215 0.7312841415405273
10504 0.4188914895057678 0.7146869897842407
10505 0.4237563908100128 0.7906602621078491
10506 0.4285784363746643 0.7653480768203735
10507 0.42336294054985046 0.6489973068237305
10508 0.41365954279899597 0.6513292193412781
10509 0.4118516743183136 0.6417863965034485
10510 0.40215185284614563 0.6419848799705505
10511 0.3927147686481476 0.6533427834510803
10512 0.4039742648601532 0.6535429954528809
10513 0.3938601016998291 0.666508138179779
10514 0.38176843523979187 0.6658627986907959
10515 0.40656787157058716 0.6900177597999573
10516 0.4058258533477783 0.6763527393341064
10517 0.41757822036743164 0.6728552579879761
10518 0.41875559091567993 0.6859796047210693
10519 0.4158974289894104 0.6617228984832764
10520 0.4263875484466553 0.6587628722190857
10521 0.4047694802284241 0.6645492911338806
10522 0.3817159831523895 0.6796915531158447
10523 0.36944299936294556 0.6766491532325745
10524 0.4067845642566681 0.7038692831993103
10525 0.3927159011363983 0.706369936466217
10526 0.39397379755973816 0.6928842067718506
10527 0.4194454550743103 0.6997760534286499
10528 0.40461447834968567 0.719016969203949
10529 0.3936905860900879 0.6789665818214417
10530 0.38065582513809204 0.6938472986221313
10531 0.367585152387619 0.6922217011451721
10532 0.35433605313301086 0.689328670501709
10533 0.4014473259449005 0.7366223931312561
10534 0.38643938302993774 0.7398561835289001
10535 0.3900754153728485 0.7221276760101318
10536 0.3753993809223175 0.7237868905067444
10537 0.3784847557544708 0.7078608870506287
10538 0.36452075839042664 0.708129346370697
10539 0.41126495599746704 0.773681104183197
10540 0.41516777873039246 0.7495269775390625
10541 0.39848196506500244 0.7577022910118103
10542 0.3889765441417694 0.5672795176506042
10543 0.3797089755535126 0.5721011161804199
10544 0.3812327980995178 0.5620286464691162
10545 0.36952826380729675 0.5779850482940674
10546 0.37070372700691223 0.5673179030418396
10547 0.35865265130996704 0.5852431654930115
10548 0.3598406910896301 0.5731415748596191
10549 0.34845709800720215 0.5918559432029724
10550 0.34874504804611206 0.5796923637390137
10551 0.37241217494010925 0.556917667388916
10552 0.3613429367542267 0.5619903206825256
10553 0.363338440656662 0.5512339472770691
10554 0.3826068639755249 0.5529347062110901
10555 0.37470051646232605 0.5468719601631165
10556 0.34997105598449707 0.5678367018699646
10557 0.3517645597457886 0.5568664073944092
10558 0.35979583859443665 0.5236555933952332
10559 0.35597294569015503 0.5345799326896667
10560 0.3445585072040558 0.5279359221458435
10561 0.3736285865306854 0.5211188793182373
10562 0.36957409977912903 0.5305032730102539
10563 0.34254658222198486 0.5392138957977295
10564 0.33140766620635986 0.5321230292320251
10565 0.3370778262615204 0.5992036461830139
10566 0.3379657566547394 0.5868101716041565
10567 0.33875900506973267 0.5751473903656006
10568 0.339295357465744 0.5628219246864319
10569 0.32779237627983093 0.5826607346534729
10570 0.32755574584007263 0.5703009963035583
10571 0.3254941701889038 0.6062750816345215
10572 0.32679101824760437 0.5935181975364685
10573 0.3173518180847168 0.5884711742401123
10574 0.317828893661499 0.57774418592453
10575 0.31450727581977844 0.6105638146400452
10576 0.31554651260375977 0.5993251204490662
10577 0.3068575859069824 0.592564046382904
10578 0.3082081079483032 0.582466185092926
10579 0.37766432762145996 0.537440836429596
10580 0.3660285174846649 0.5405663847923279
10581 0.35352182388305664 0.5457747578620911
10582 0.3405534029006958 0.5508708357810974
10583 0.3269774615764618 0.556654155254364
10584 0.32842886447906494 0.5432958602905273
10585 0.31709954142570496 0.5659112930297852
10586 0.31500962376594543 0.5529983043670654
10587 0.3004502058029175 0.5579609274864197
10588 0.2993311583995819 0.5498051047325134
10589 0.3057903051376343 0.5519044399261475
10590 0.3079011142253876 0.561957597732544
10591 0.29455921053886414 0.5603909492492676
10592 0.29477453231811523 0.5528749823570251
10593 0.30082663893699646 0.5664422512054443
10594 0.28823602199554443 0.5598003268241882
10595 0.2896183431148529 0.5535312294960022
10596 0.29351547360420227 0.5682087540626526
10597 0.28183409571647644 0.5572333931922913
10598 0.2841421365737915 0.5522170066833496
10599 0.286098450422287 0.5676496028900146
10600 0.3407595157623291 0.4370557963848114
10601 0.3460615873336792 0.4216649532318115
10602 0.31851688027381897 0.4424703121185303
10603 0.3278183043003082 0.44742968678474426
10604 0.3232424557209015 0.459823340177536
10605 0.31556037068367004 0.45349928736686707
10606 0.33061110973358154 0.43254491686820984
10607 0.3214595317840576 0.43083620071411133
10608 0.32423827052116394 0.4172773063182831
10609 0.3346979320049286 0.41656213998794556
10610 0.31223949790000916 0.44029852747917175
10611 0.31401896476745605 0.4303078353404999
10612 0.31441545486450195 0.5133820176124573
10613 0.31806662678718567 0.5033969879150391
10614 0.32155418395996094 0.524122953414917
10615 0.31718575954437256 0.5334964394569397
10616 0.3177374303340912 0.47062060236930847
10617 0.32658323645591736 0.47846153378486633
10618 0.32193854451179504 0.490339457988739
10619 0.31200361251831055 0.495693176984787
10620 0.3139142096042633 0.48575305938720703
10621 0.3597576320171356 0.3848307430744171
10622 0.3524700403213501 0.4042029082775116
10623 0.35439398884773254 0.36193448305130005
10624 0.3450477123260498 0.3578951954841614
10625 0.3485533893108368 0.33969834446907043
10626 0.3488750159740448 0.38137543201446533
10627 0.3393365144729614 0.37738627195358276
10628 0.3410167992115021 0.399129182100296
10629 0.3310304582118988 0.39331790804862976
10630 0.3313662111759186 0.37674781680107117
10631 0.3362586796283722 0.3599846363067627
10632 0.29078638553619385 0.3877142667770386
10633 0.28624585270881653 0.3865322470664978
10634 0.2908622920513153 0.37901878356933594
10635 0.2941758632659912 0.3790314495563507
10636 0.276837557554245 0.40871506929397583
10637 0.2722450792789459 0.40726780891418457
10638 0.274052232503891 0.39674901962280273
10639 0.27837511897087097 0.39775940775871277
10640 0.25079894065856934 0.45021194219589233
10641 0.25270530581474304 0.45688650012016296
10642 0.25053122639656067 0.46370452642440796
10643 0.24804899096488953 0.45804885029792786
10644 0.25407013297080994 0.4359225928783417
10645 0.2542085349559784 0.44312816858291626
10646 0.2495744228363037 0.44176509976387024
10647 0.2500145733356476 0.4790813624858856
10648 0.24757562577724457 0.47358062863349915
10649 0.2510962188243866 0.4679186940193176
10650 0.2758835256099701 0.5516733527183533
10651 0.27920806407928467 0.5228717923164368
10652 0.27854251861572266 0.5634963512420654
10653 0.27068212628364563 0.5414838194847107
10654 0.2779916524887085 0.5243945717811584
10655 0.2718310058116913 0.5545938014984131
10656 0.25946834683418274 0.5211042761802673
10657 0.26217684149742126 0.5239205360412598
10658 0.26502522826194763 0.5296480655670166
10659 0.2601635456085205 0.5284969806671143
10660 0.24974575638771057 0.4922836422920227
10661 0.25072434544563293 0.5012567043304443
10662 0.2522391974925995 0.5089560151100159
10663 0.2513338625431061 0.5043546557426453
10664 0.2694118916988373 0.5311920046806335
10665 0.2660590410232544 0.5422694683074951
10666 0.25729456543922424 0.5188438296318054
10667 0.255918949842453 0.5174131989479065
10668 0.24817024171352386 0.4872508645057678
10669 0.24991413950920105 0.48401641845703125
10670 0.2650196850299835 0.4158274829387665
10671 0.2634758949279785 0.4232354760169983
10672 0.2591051757335663 0.42554956674575806
10673 0.2592807114124298 0.4176192879676819
10674 0.2689809501171112 0.41694924235343933
10675 0.2668069303035736 0.4052896797657013
10676 0.2586269676685333 0.43235066533088684
10677 0.25401291251182556 0.42889493703842163
10678 0.2839082181453705 0.39798763394355774
10679 0.2796517610549927 0.38588955998420715
10680 0.3401067554950714 0.34062692523002625
10681 0.3271007835865021 0.3645305931568146
10682 0.3289931118488312 0.3470667004585266
10683 0.3575749695301056 0.31749534606933594
10684 0.3426475524902344 0.3230804204940796
10685 0.38783809542655945 0.29052138328552246
10686 0.36734187602996826 0.2922341823577881
10687 0.4076504409313202 0.29482415318489075
10688 0.39085543155670166 0.21848510205745697
10689 0.4307107925415039 0.275086373090744
10690 0.4556565582752228 0.2651095688343048
10691 0.44467994570732117 0.2747921645641327
10692 0.4276556372642517 0.17868417501449585
10693 0.47470617294311523 0.2810150384902954
10694 0.4651952087879181 0.2800583839416504
10695 0.45134398341178894 0.15177559852600098
10696 0.48978516459465027 0.2920762002468109
10697 0.49346664547920227 0.14671765267848969
10698 0.2865177094936371 0.4451427459716797
10699 0.2857777178287506 0.44944387674331665
10700 0.2833561599254608 0.44959235191345215
10701 0.2842199504375458 0.4454323947429657
10702 0.274515837430954 0.4914066791534424
10703 0.2755993902683258 0.4945359230041504
10704 0.2736837863922119 0.4950673282146454
10705 0.2731762230396271 0.4927015006542206
10706 0.28119683265686035 0.5124358534812927
10707 0.2831423282623291 0.5121892094612122
10708 0.28461530804634094 0.5112905502319336
10709 0.28251588344573975 0.511925458908081
10710 0.27892234921455383 0.5113946795463562
10711 0.27993300557136536 0.5122477412223816
10712 0.27990034222602844 0.5122202038764954
10713 0.27689889073371887 0.5096867084503174
10714 0.27791133522987366 0.5105412602424622
10715 0.27792981266975403 0.5105567574501038
10716 0.2758312225341797 0.5087854266166687
10717 0.27487441897392273 0.5079777836799622
10718 0.27590206265449524 0.5088452696800232
10719 0.2692756652832031 0.49854376912117004
10720 0.27061793208122253 0.5002356171607971
10721 0.270828515291214 0.5024740695953369
10722 0.26985040307044983 0.5010038018226624
10723 0.2718174159526825 0.5014863610267639
10724 0.2703685760498047 0.49809905886650085
10725 0.27119314670562744 0.49986475706100464
10726 0.27331122756004333 0.5055039525032043
10727 0.27409204840660095 0.5069926381111145
10728 0.2737668752670288 0.5070428848266602
10729 0.2886956036090851 0.5109979510307312
10730 0.2860758304595947 0.510711669921875
10731 0.2878028452396393 0.5129799246788025
10732 0.28683578968048096 0.48056602478027344
10733 0.28758931159973145 0.4814864993095398
10734 0.28737112879753113 0.48302367329597473
10735 0.28632068634033203 0.4821426570415497
10736 0.29063448309898376 0.5054602026939392
10737 0.2897060215473175 0.5092160701751709
10738 0.2913825809955597 0.5115599036216736
10739 0.2904738187789917 0.5012903809547424
10740 0.29128992557525635 0.4990810751914978
10741 0.2911486327648163 0.5031442642211914
10742 0.29189780354499817 0.48897430300712585
10743 0.2913161516189575 0.4919186234474182
10744 0.2902180850505829 0.4879794418811798
10745 0.2907881736755371 0.48581191897392273
10746 0.2884884178638458 0.4778737425804138
10747 0.28984975814819336 0.47872021794319153
10748 0.2895249128341675 0.48115795850753784
10749 0.2883457839488983 0.4801951050758362
10750 0.2890854775905609 0.4755210876464844
10751 0.2872254550457001 0.4777771830558777
10752 0.2870843708515167 0.4756171405315399
10753 0.2929753363132477 0.43313363194465637
10754 0.29124340415000916 0.43501758575439453
10755 0.29211047291755676 0.43150895833969116
10756 0.2939474284648895 0.4300706684589386
10757 0.2908085584640503 0.43827053904533386
10758 0.2890518605709076 0.4394376575946808
10759 0.28946611285209656 0.43558794260025024
10760 0.28708019852638245 0.44084951281547546
10761 0.28873157501220703 0.44436076283454895
10762 0.29383090138435364 0.43728113174438477
10763 0.292385071516037 0.4373645484447479
10764 0.2946232557296753 0.4319274127483368
10765 0.2900305688381195 0.4477798640727997
10766 0.2879815995693207 0.4487507939338684
10767 0.2906752824783325 0.44367390871047974
10768 0.2922203838825226 0.443265438079834
10769 0.2961379289627075 0.5413040518760681
10770 0.2950575351715088 0.5440587997436523
10771 0.2867441475391388 0.521628201007843
10772 0.28845450282096863 0.5217061638832092
10773 0.28377577662467957 0.5214927196502686
10774 0.28466618061065674 0.5215334296226501
10775 0.28549885749816895 0.5215713977813721
10776 0.28261351585388184 0.522581160068512
10777 0.28115251660346985 0.5218610167503357
10778 0.28142985701560974 0.5213857293128967
10779 0.2874380350112915 0.47994014620780945
10780 0.28660646080970764 0.4787440299987793
10781 0.28820112347602844 0.4818291664123535
10782 0.28977271914482117 0.49105650186538696
10783 0.2900948226451874 0.4887278079986572
10784 0.28946825861930847 0.48520466685295105
10785 0.28923022747039795 0.4983086585998535
10786 0.2898537218570709 0.49757906794548035
10787 0.289808064699173 0.5027660727500916
10788 0.2904306650161743 0.513446569442749
10789 0.28872838616371155 0.5026682019233704
10790 0.28616097569465637 0.5139539241790771
10791 0.28866446018218994 0.5143021941184998
10792 0.28141117095947266 0.5124954581260681
10793 0.2842315435409546 0.5143029093742371
10794 0.2789398431777954 0.511409342288971
10795 0.2797233760356903 0.5127281546592712
10796 0.2769031822681427 0.5096902847290039
10797 0.27780377864837646 0.5108762383460999
10798 0.2749248445034027 0.5080203413963318
10799 0.2757803499698639 0.50931715965271
10800 0.27365168929100037 0.5050297379493713
10801 0.27388179302215576 0.5071399211883545
10802 0.2719568908214569 0.5013516545295715
10803 0.27049490809440613 0.49818065762519836
10804 0.27089545130729675 0.5001499056816101
10805 0.2742560803890228 0.4721832275390625
10806 0.27514126896858215 0.4756583571434021
10807 0.2736821472644806 0.4776774048805237
10808 0.27271321415901184 0.47418713569641113
10809 0.2727210819721222 0.48391345143318176
10810 0.27188512682914734 0.47987794876098633
10811 0.2751801311969757 0.48189741373062134
10812 0.28752443194389343 0.4369402229785919
10813 0.2853432893753052 0.441914826631546
10814 0.2866100072860718 0.4385054409503937
10815 0.2817833721637726 0.4462607204914093
10816 0.2829537093639374 0.44287851452827454
10817 0.28153011202812195 0.44002872705459595
10818 0.2837483584880829 0.4381917119026184
10819 0.28187310695648193 0.4397446811199188
10820 0.2795201539993286 0.44169312715530396
10821 0.2799648940563202 0.4416327476501465
10822 0.28394410014152527 0.4380297362804413
10823 0.2822560966014862 0.44037461280822754
10824 0.2781863212585449 0.44376564025878906
10825 0.27806368470191956 0.4440198242664337
10826 0.27654337882995605 0.4471716284751892
10827 0.27655723690986633 0.44714266061782837
10828 0.27844133973121643 0.4453687369823456
10829 0.2902364730834961 0.4334079921245575
10830 0.29142144322395325 0.4320482611656189
10831 0.29330599308013916 0.4305729269981384
10832 0.28823626041412354 0.43553832173347473
10833 0.2859360873699188 0.4363801181316376
10834 0.28675293922424316 0.4357035458087921
10835 0.28595420718193054 0.4363650679588318
10836 0.2806924283504486 0.45009544491767883
10837 0.27809444069862366 0.4511432349681854
10838 0.27919232845306396 0.4473758339881897
10839 0.2720133066177368 0.47064679861068726
10840 0.2717077434062958 0.4665646255016327
10841 0.27326688170433044 0.4640391170978546
10842 0.2737989127635956 0.4682932496070862
10843 0.271150141954422 0.47629669308662415
10844 0.27058181166648865 0.4731001853942871
10845 0.27013182640075684 0.49399641156196594
10846 0.2698727548122406 0.49153798818588257
10847 0.27000248432159424 0.488802433013916
10848 0.2710341513156891 0.4921107888221741
10849 0.26901841163635254 0.4876222312450409
10850 0.26978257298469543 0.49099108576774597
10851 0.26963332295417786 0.4936789870262146
10852 0.269061803817749 0.49059465527534485
10853 0.2702382802963257 0.48284003138542175
10854 0.2699553966522217 0.4788813292980194
10855 0.26935601234436035 0.48821523785591125
10856 0.2698657214641571 0.4938635528087616
10857 0.2693615257740021 0.46871355175971985
10858 0.2701115310192108 0.464144766330719
10859 0.271333783864975 0.46062570810317993
10860 0.27053043246269226 0.46515873074531555
10861 0.2687602937221527 0.4751959443092346
10862 0.2691397964954376 0.4784603714942932
10863 0.2687184810638428 0.4814944267272949
10864 0.2681550681591034 0.4781084358692169
10865 0.2685762345790863 0.4719564616680145
10866 0.2693575918674469 0.47243309020996094
10867 0.2696184813976288 0.47559666633605957
10868 0.26924991607666016 0.48211005330085754
10869 0.2704217731952667 0.4695574641227722
10870 0.2716599404811859 0.4621812701225281
10871 0.28072598576545715 0.4438948631286621
10872 0.277201771736145 0.4487135410308838
10873 0.28427526354789734 0.43934136629104614
10874 0.28675293922424316 0.4357035458087921
10875 0.28929832577705383 0.43371063470840454
10876 0.2869237959384918 0.43556976318359375
10877 0.2694723904132843 0.4634731113910675
10878 0.27089226245880127 0.4599435031414032
10879 0.2687874138355255 0.467893123626709
10880 0.26750287413597107 0.4810672402381897
10881 0.26719486713409424 0.47765234112739563
10882 0.26791122555732727 0.4748472571372986
10883 0.2678534686565399 0.4872369170188904
10884 0.26847079396247864 0.49366188049316406
10885 0.26767268776893616 0.4905906319618225
10886 0.2678452730178833 0.4706924259662628
10887 0.2960285246372223 0.4284413158893585
10888 0.29505911469459534 0.4292002320289612
10889 0.29450127482414246 0.42963701486587524
10890 0.2987971305847168 0.46117061376571655
10891 0.2992629110813141 0.45870158076286316
10892 0.3006923496723175 0.4591057300567627
10893 0.299559086561203 0.46137720346450806
10894 0.30565550923347473 0.4660358130931854
10895 0.3041341006755829 0.46387284994125366
10896 0.3039621114730835 0.4586334228515625
10897 0.30684182047843933 0.4596063792705536
10898 0.30245241522789 0.44791725277900696
10899 0.30015718936920166 0.450253427028656
10900 0.3013136088848114 0.443711519241333
10901 0.3034318685531616 0.4420784115791321
10902 0.30260130763053894 0.45540887117385864
10903 0.30209091305732727 0.46055954694747925
10904 0.3047502338886261 0.44886496663093567
10905 0.30019667744636536 0.455284059047699
10906 0.2984199821949005 0.4593517482280731
10907 0.2986948788166046 0.4555357098579407
10908 0.2978312075138092 0.4561517536640167
10909 0.29762983322143555 0.4527287781238556
10910 0.30596134066581726 0.47327515482902527
10911 0.3043456971645355 0.4706387221813202
10912 0.30881690979003906 0.47025585174560547
10913 0.29020893573760986 0.472580224275589
10914 0.292045921087265 0.47444960474967957
10915 0.2907198667526245 0.47640568017959595
10916 0.2973523437976837 0.46236610412597656
10917 0.2970597445964813 0.45670127868652344
10918 0.2980978786945343 0.46179941296577454
10919 0.30613043904304504 0.49578994512557983
10920 0.30844366550445557 0.48963814973831177
10921 0.30914637446403503 0.5043168067932129
10922 0.30391040444374084 0.4763944447040558
10923 0.3076191246509552 0.477538138628006
10924 0.30570366978645325 0.4805859923362732
10925 0.29057618975639343 0.4327101409435272
10926 0.29265615344047546 0.4310818314552307
10927 0.29162025451660156 0.43189263343811035
10928 0.29183053970336914 0.4301920235157013
10929 0.3097545802593231 0.3977906107902527
10930 0.2936875522136688 0.43027421832084656
10931 0.31029102206230164 0.4038093388080597
10932 0.28984466195106506 0.4318394064903259
10933 0.2894335985183716 0.4288979172706604
10934 0.307285338640213 0.3936600685119629
10935 0.302527517080307 0.46779438853263855
10936 0.3022242486476898 0.4667522609233856
10937 0.300371915102005 0.4695451557636261
10938 0.2989082634449005 0.46233102679252625
10939 0.2982887029647827 0.46280473470687866
10940 0.29882755875587463 0.4650771915912628
10941 0.29943177103996277 0.46956774592399597
10942 0.29806017875671387 0.4760879874229431
10943 0.29931867122650146 0.47454315423965454
10944 0.2993590533733368 0.47693541646003723
10945 0.2979468107223511 0.48105284571647644
10946 0.30276140570640564 0.47413870692253113
10947 0.30091407895088196 0.47147756814956665
10948 0.3008761405944824 0.4742288291454315
10949 0.3001544177532196 0.4713135361671448
10950 0.3011622428894043 0.4765257239341736
10951 0.30221036076545715 0.48038768768310547
10952 0.2995891273021698 0.4808221161365509
10953 0.29891136288642883 0.4713483452796936
10954 0.2919246256351471 0.5047525763511658
10955 0.29107579588890076 0.5074673295021057
10956 0.29197537899017334 0.5001078248023987
10957 0.292623370885849 0.49262019991874695
10958 0.29289019107818604 0.48598024249076843
10959 0.29374632239341736 0.48956772685050964
10960 0.2982041835784912 0.4930267632007599
10961 0.2956430912017822 0.49603772163391113
10962 0.2956371307373047 0.49055153131484985
10963 0.2972731292247772 0.48760363459587097
10964 0.299592524766922 0.4883439838886261
10965 0.3014537990093231 0.4946556091308594
10966 0.2996780574321747 0.4995308220386505
10967 0.30364319682121277 0.5018372535705566
10968 0.3033047914505005 0.4894110858440399
10969 0.2917342483997345 0.4772636592388153
10970 0.2914988696575165 0.48037004470825195
10971 0.2923435866832733 0.5114732384681702
10972 0.29253914952278137 0.5072896480560303
10973 0.2940797805786133 0.5049414038658142
10974 0.29386141896247864 0.5118302702903748
10975 0.28075072169303894 0.5228375792503357
10976 0.27935171127319336 0.5209943652153015
10977 0.27972814440727234 0.519774854183197
10978 0.274623841047287 0.5077662467956543
10979 0.276889443397522 0.5096786618232727
10980 0.27569615840911865 0.5086713433265686
10981 0.27250373363494873 0.505976676940918
10982 0.27327990531921387 0.5066318511962891
10983 0.2714393436908722 0.5083889365196228
10984 0.2723522484302521 0.5088660717010498
10985 0.27350959181785583 0.5121822357177734
10986 0.27243244647979736 0.5115862488746643
10987 0.2859935462474823 0.5215939879417419
10988 0.2879629135131836 0.5205895900726318
10989 0.2906820476055145 0.5218077301979065
10990 0.29325902462005615 0.5197806358337402
10991 0.29036566615104675 0.5184948444366455
10992 0.29152652621269226 0.5151600241661072
10993 0.2942860424518585 0.5159744620323181
10994 0.28948935866355896 0.5096325874328613
10995 0.28773561120033264 0.5102310180664062
10996 0.29016169905662537 0.5116209983825684
10997 0.28897789120674133 0.5144301056861877
10998 0.2750217616558075 0.5124003291130066
10999 0.276358962059021 0.515380322933197
11000 0.2752405107021332 0.5146865248680115
11001 0.27710065245628357 0.5166998505592346
11002 0.276451975107193 0.5159978270530701
11003 0.2744385302066803 0.5138185024261475
11004 0.2790507376194 0.5115030407905579
11005 0.2780839204788208 0.5106869339942932
11006 0.2805098593235016 0.5127015709877014
11007 0.28397858142852783 0.5113596320152283
11008 0.28188011050224304 0.5121714472770691
11009 0.2858811616897583 0.5113893151283264
11010 0.28519153594970703 0.5194463729858398
11011 0.2875542640686035 0.5173532962799072
11012 0.2808678448200226 0.5162376761436462
11013 0.28208276629447937 0.514509379863739
11014 0.284858375787735 0.5161541104316711
11015 0.28226998448371887 0.518082857131958
11016 0.28196799755096436 0.5212764143943787
11017 0.283219575881958 0.5207344889640808
11018 0.28662392497062683 0.513907253742218
11019 0.2802012860774994 0.5124741196632385
11020 0.28029176592826843 0.5201539397239685
11021 0.28115883469581604 0.5200363993644714
11022 0.2781122922897339 0.5136341452598572
11023 0.27950718998908997 0.5159243941307068
11024 0.2779991924762726 0.5176724791526794
11025 0.2782001197338104 0.5178728699684143
11026 0.2788187265396118 0.5185595154762268
11027 0.2795926034450531 0.5193971991539001
11028 0.2808877229690552 0.5175691246986389
11029 0.28122031688690186 0.5194664001464844
11030 0.2805909812450409 0.5137011408805847
11031 0.28776487708091736 0.4851217567920685
11032 0.28748372197151184 0.48897460103034973
11033 0.2867288291454315 0.4869184195995331
11034 0.28671589493751526 0.47627949714660645
11035 0.2864334285259247 0.48064297437667847
11036 0.2855590581893921 0.478333443403244
11037 0.28609225153923035 0.484386682510376
11038 0.2856532633304596 0.4830694794654846
11039 0.2861340343952179 0.4884693920612335
11040 0.2857952415943146 0.4878828227519989
11041 0.2859724462032318 0.4857679009437561
11042 0.2856382429599762 0.48975712060928345
11043 0.2869620621204376 0.4913973808288574
11044 0.2874408960342407 0.47406673431396484
11045 0.28650614619255066 0.47552916407585144
11046 0.27948734164237976 0.4756591320037842
11047 0.28057733178138733 0.4791261553764343
11048 0.2795601785182953 0.4809012711048126
11049 0.27813997864723206 0.4778967499732971
11050 0.28114673495292664 0.48318004608154297
11051 0.28157761693000793 0.48697587847709656
11052 0.279571533203125 0.4859599471092224
11053 0.2877020835876465 0.4954199492931366
11054 0.28579601645469666 0.49521228671073914
11055 0.28428056836128235 0.491636723279953
11056 0.285566121339798 0.4922988712787628
11057 0.2887130081653595 0.4987185299396515
11058 0.28914812207221985 0.4955723285675049
11059 0.27588319778442383 0.47325751185417175
11060 0.2765630781650543 0.4798600971698761
11061 0.29938438534736633 0.4426136314868927
11062 0.2955331802368164 0.44933030009269714
11063 0.2948141396045685 0.44771409034729004
11064 0.29816770553588867 0.43987470865249634
11065 0.29418742656707764 0.4493318200111389
11066 0.29410722851753235 0.4462832808494568
11067 0.294198602437973 0.44975778460502625
11068 0.29424452781677246 0.4515046775341034
11069 0.2932749092578888 0.45149654150009155
11070 0.2939591407775879 0.4488704204559326
11071 0.29288461804389954 0.45370909571647644
11072 0.2915034294128418 0.4541211724281311
11073 0.29197409749031067 0.45151907205581665
11074 0.28710559010505676 0.45439913868904114
11075 0.28809812664985657 0.45287489891052246
11076 0.2911257743835449 0.4564153850078583
11077 0.2763456106185913 0.4661514163017273
11078 0.2808546721935272 0.47409918904304504
11079 0.2762000262737274 0.4697261154651642
11080 0.2813132703304291 0.458385705947876
11081 0.283401757478714 0.4565238356590271
11082 0.28493401408195496 0.45658737421035767
11083 0.28255537152290344 0.4574630558490753
11084 0.27707794308662415 0.4636821448802948
11085 0.2780563533306122 0.46090033650398254
11086 0.26650968194007874 0.45070433616638184
11087 0.27042487263679504 0.5078602433204651
11088 0.26981425285339355 0.5047758221626282
11089 0.27115941047668457 0.505126416683197
11090 0.2722122371196747 0.5031833052635193
11091 0.27138468623161316 0.5046653151512146
11092 0.2724730670452118 0.5023701786994934
11093 0.27261802554130554 0.502930223941803
11094 0.2695348262786865 0.4960753917694092
11095 0.26833799481391907 0.4962384104728699
11096 0.2701152265071869 0.49607422947883606
11097 0.2701118290424347 0.49620869755744934
11098 0.26690003275871277 0.4840211868286133
11099 0.26820018887519836 0.4843234717845917
11100 0.26897144317626953 0.4848265051841736
11101 0.26939713954925537 0.4853954017162323
11102 0.27084973454475403 0.4864993095397949
11103 0.2730007469654083 0.4596855938434601
11104 0.2752199172973633 0.45719629526138306
11105 0.27504417300224304 0.4615945518016815
11106 0.27402737736701965 0.454440176486969
11107 0.2725224196910858 0.45702025294303894
11108 0.27229800820350647 0.45644906163215637
11109 0.27354976534843445 0.45337751507759094
11110 0.2720700204372406 0.4570157527923584
11111 0.2734525501728058 0.45357897877693176
11112 0.27480122447013855 0.5091298222541809
11113 0.2762643098831177 0.5078621506690979
11114 0.276621550321579 0.5111773014068604
11115 0.27902576327323914 0.5035986304283142
11116 0.278335839509964 0.5056495070457458
11117 0.27749988436698914 0.5052566528320312
11118 0.27794110774993896 0.5030689239501953
11119 0.28005921840667725 0.504481852054596
11120 0.2796030342578888 0.5011672377586365
11121 0.28097033500671387 0.5017604231834412
11122 0.2815850079059601 0.49922770261764526
11123 0.2829943001270294 0.5007272362709045
11124 0.2819197475910187 0.5029131770133972
11125 0.28518620133399963 0.5000101923942566
11126 0.2855532467365265 0.5035505294799805
11127 0.28293880820274353 0.5036821961402893
11128 0.28687480092048645 0.502349317073822
11129 0.28420379757881165 0.5066795945167542
11130 0.2875311076641083 0.49942415952682495
11131 0.28397414088249207 0.49558311700820923
11132 0.2777845859527588 0.5186437964439392
11133 0.2760255038738251 0.5165102481842041
11134 0.27896711230278015 0.52425217628479
11135 0.2775934040546417 0.5238586068153381
11136 0.2726863920688629 0.5257077813148499
11137 0.269169420003891 0.52900630235672
11138 0.26813244819641113 0.5238438248634338
11139 0.26890966296195984 0.5223033428192139
11140 0.2768290340900421 0.5264446139335632
11141 0.27550962567329407 0.5220515727996826
11142 0.27224376797676086 0.5194931030273438
11143 0.2737480401992798 0.5147852897644043
11144 0.26758134365081787 0.5170803070068359
11145 0.2689249813556671 0.5147251486778259
11146 0.271377831697464 0.512268602848053
11147 0.26862600445747375 0.5096201300621033
11148 0.2749512195587158 0.4504721760749817
11149 0.27494916319847107 0.45047664642333984
11150 0.27518412470817566 0.4506463408470154
11151 0.2758863866329193 0.4526166617870331
11152 0.2774682343006134 0.455261766910553
11153 0.31061506271362305 0.4045412242412567
11154 0.3108522593975067 0.40518897771835327
11155 0.30975934863090515 0.4087669253349304
11156 0.3105522096157074 0.3991861045360565
11157 0.31107720732688904 0.40038228034973145
11158 0.28817251324653625 0.434592068195343
11159 0.28932902216911316 0.43368667364120483
11160 0.2869987487792969 0.43551111221313477
11161 0.287555068731308 0.43330997228622437
11162 0.28675293922424316 0.4357035458087921
11163 0.28675293922424316 0.4357035458087921
11164 0.28675293922424316 0.4357035458087921
11165 0.2856323719024658 0.4366314709186554
11166 0.27359724044799805 0.5293174386024475
11167 0.2658834457397461 0.5277748703956604
11168 0.27876517176628113 0.5247623920440674
11169 0.28022241592407227 0.5234165787696838
11170 0.28165626525878906 0.5235857367515564
11171 0.2905994653701782 0.5490699410438538
11172 0.29488301277160645 0.5476809144020081
11173 0.29794955253601074 0.5438215136528015
11174 0.30249765515327454 0.5421362519264221
11175 0.31041547656059265 0.5391402244567871
11176 0.2942947447299957 0.4936106503009796
11177 0.2953515350818634 0.48661988973617554
11178 0.2912483513355255 0.5088909268379211
11179 0.2930797338485718 0.5015809535980225
11180 0.28802207112312317 0.5116401314735413
11181 0.28414204716682434 0.5129145979881287
11182 0.28048622608184814 0.5127415060997009
11183 0.279404878616333 0.5118019580841064
11184 0.276863694190979 0.510675847530365
11185 0.27425673604011536 0.5083875060081482
11186 0.27187129855155945 0.5054427981376648
11187 0.27059313654899597 0.5031649470329285
11188 0.269359827041626 0.50173419713974
11189 0.26882806420326233 0.49906373023986816
11190 0.2673308551311493 0.493668794631958
11191 0.2678211033344269 0.49657484889030457
11192 0.2665899097919464 0.4872110188007355
11193 0.26652631163597107 0.4907384514808655
11194 0.26508235931396484 0.48326751589775085
11195 0.26647982001304626 0.48062703013420105
11196 0.26716551184654236 0.47375723719596863
11197 0.26607048511505127 0.4762842357158661
11198 0.26809823513031006 0.46688932180404663
11199 0.2673979699611664 0.4700891673564911
11200 0.26914510130882263 0.4638398289680481
11201 0.2706490755081177 0.46054816246032715
11202 0.2719000577926636 0.45743829011917114
11203 0.2733629047870636 0.4538019001483917
11204 0.276657372713089 0.44693523645401
11205 0.2751222848892212 0.4501176178455353
11206 0.27910080552101135 0.44204041361808777
11207 0.27835676074028015 0.44341230392456055
11208 0.2833544909954071 0.4385179877281189
11209 0.2811773121356964 0.4403209388256073
11210 0.28675293922424316 0.4357035458087921
11211 0.2851657569408417 0.43701791763305664
11212 0.28667351603507996 0.43468549847602844
11213 0.2866404950618744 0.43426233530044556
11214 0.2874414026737213 0.43028926849365234
11215 0.2864201068878174 0.4314374327659607
11216 0.287359356880188 0.42876294255256653
11217 0.30356666445732117 0.3913921117782593
11218 0.2815522253513336 0.510323703289032
11219 0.27845704555511475 0.5122311115264893
11220 0.2800293266773224 0.5083909630775452
11221 0.28284981846809387 0.5071144700050354
11222 0.277956485748291 0.5088062286376953
11223 0.2774849832057953 0.5070359706878662
11224 0.27636292576789856 0.5053278803825378
11225 0.2810540199279785 0.5056872963905334
11226 0.27910444140434265 0.506863534450531
11227 0.30553463101387024 0.3905940353870392
11228 0.2973134517669678 0.38523709774017334
11229 0.30347034335136414 0.38978850841522217
11230 0.30884861946105957 0.39392906427383423
11231 0.30721914768218994 0.39048880338668823
11232 0.3099755048751831 0.39504125714302063
11233 0.3119620978832245 0.4008982181549072
11234 0.31324341893196106 0.40287452936172485
11235 0.31103602051734924 0.40698522329330444
11236 0.3165585994720459 0.3970537483692169
11237 0.32017281651496887 0.4008333683013916
11238 0.31436827778816223 0.4059637188911438
11239 0.31154000759124756 0.3951134979724884
11240 0.3137776553630829 0.3952753245830536
11241 0.31568875908851624 0.38754841685295105
11242 0.3202188014984131 0.3879357576370239
11243 0.30557724833488464 0.3733372688293457
11244 0.3103831112384796 0.3687298595905304
11245 0.31304118037223816 0.3813300132751465
11246 0.30928733944892883 0.38419416546821594
11247 0.3004629611968994 0.3746129274368286
11248 0.29699990153312683 0.38153332471847534
11249 0.2990665137767792 0.3735828399658203
11250 0.28124964237213135 0.4243015944957733
11251 0.2770301103591919 0.4229321777820587
11252 0.28320828080177307 0.419385701417923
11253 0.28743791580200195 0.42485806345939636
11254 0.2866833508014679 0.42570921778678894
11255 0.293843150138855 0.38753652572631836
11256 0.28806278109550476 0.4276564419269562
11257 0.30185461044311523 0.3784039318561554
11258 0.3058944046497345 0.37139183282852173
11259 0.2985871136188507 0.3830461800098419
11260 0.2955780327320099 0.3869190514087677
11261 0.31785082817077637 0.3787396252155304
11262 0.31220248341560364 0.3882448673248291
11263 0.309383749961853 0.38956448435783386
11264 0.306151419878006 0.38723328709602356
11265 0.27534034848213196 0.4659350514411926
11266 0.2755413353443146 0.46976661682128906
11267 0.2765394151210785 0.466823548078537
11268 0.27984941005706787 0.4590156674385071
11269 0.27971866726875305 0.45906978845596313
11270 0.2780798375606537 0.46080881357192993
11271 0.27663958072662354 0.463286429643631
11272 0.27708005905151367 0.4592900276184082
11273 0.2791635990142822 0.45765069127082825
11274 0.2811548411846161 0.45685505867004395
11275 0.27983835339546204 0.4541637897491455
11276 0.2825219929218292 0.4536805748939514
11277 0.2850421369075775 0.4536694884300232
11278 0.2870924770832062 0.4527389705181122
11279 0.2945735454559326 0.4523535370826721
11280 0.29524680972099304 0.4547327160835266
11281 0.2943630516529083 0.45601561665534973
11282 0.29429328441619873 0.45335978269577026
11283 0.29392945766448975 0.4652042090892792
11284 0.29341480135917664 0.4701843857765198
11285 0.2916925847530365 0.47046399116516113
11286 0.293863981962204 0.465838223695755
11287 0.28853103518486023 0.470977246761322
11288 0.28965890407562256 0.470794141292572
11289 0.258818656206131 0.43816083669662476
11290 0.26076236367225647 0.43278712034225464
11291 0.29272475838661194 0.45589759945869446
11292 0.27816811203956604 0.4262867569923401
11293 0.2904309928417206 0.46200281381607056
11294 0.27258601784706116 0.43902117013931274
11295 0.2872958183288574 0.46587321162223816
11296 0.27264735102653503 0.43654271960258484
11297 0.266771525144577 0.4452386498451233
11298 0.26382172107696533 0.444522887468338
11299 0.2634269893169403 0.45064833760261536
11300 0.25720658898353577 0.45075348019599915
11301 0.2820535898208618 0.4768311381340027
11302 0.2828933000564575 0.47799256443977356
11303 0.2815631628036499 0.4807104766368866
11304 0.2830508053302765 0.48331570625305176
11305 0.2827177345752716 0.4843106269836426
11306 0.2861897945404053 0.49236151576042175
11307 0.2846839129924774 0.4891299903392792
11308 0.28562524914741516 0.489911824464798
11309 0.28927430510520935 0.4946599304676056
11310 0.2903209924697876 0.49449920654296875
11311 0.2918231785297394 0.49582579731941223
11312 0.29290083050727844 0.49685829877853394
11313 0.2942672073841095 0.4985804259777069
11314 0.2958221733570099 0.5026507377624512
11315 0.30138930678367615 0.5068624019622803
11316 0.29585471749305725 0.5099993348121643
11317 0.3059671223163605 0.5114615559577942
11318 0.3030640184879303 0.5171137452125549
11319 0.3102838099002838 0.521212100982666
11320 0.29452499747276306 0.4630148410797119
11321 0.2943970859050751 0.45730873942375183
11322 0.27637016773223877 0.4266137480735779
11323 0.2942979633808136 0.4616384506225586
11324 0.2703518569469452 0.43886780738830566
11325 0.26446545124053955 0.43891090154647827
11326 0.25803661346435547 0.4445526897907257
11327 0.284769743680954 0.47680211067199707
11328 0.284256249666214 0.480787068605423
11329 0.28463849425315857 0.48462390899658203
11330 0.2857837677001953 0.48751381039619446
11331 0.26932311058044434 0.43339017033576965
11332 0.2876293361186981 0.46346515417099
11333 0.2760171890258789 0.43119364976882935
11334 0.28661438822746277 0.45468929409980774
11335 0.28903353214263916 0.4508562684059143
11336 0.29266759753227234 0.4483182728290558
11337 0.29407837986946106 0.4451849162578583
11338 0.2962615489959717 0.4384007155895233
11339 0.29928067326545715 0.4342295825481415
11340 0.2969413101673126 0.43172958493232727
11341 0.30283865332603455 0.43581244349479675
11342 0.3051481544971466 0.435314416885376
11343 0.30640551447868347 0.44051191210746765
11344 0.3083514869213104 0.4502311050891876
11345 0.31274282932281494 0.46303051710128784
11346 0.3130006492137909 0.4760544002056122
11347 0.3080984055995941 0.4826650023460388
11348 0.30473777651786804 0.4848324656486511
11349 0.3010224401950836 0.4846678078174591
11350 0.29832255840301514 0.4845125675201416
11351 0.2966040372848511 0.48424026370048523
11352 0.2708263695240021 0.43000084161758423
11353 0.28322601318359375 0.4879787266254425
11354 0.2825976610183716 0.4911491870880127
11355 0.2842743694782257 0.4860493838787079
11356 0.286042183637619 0.4849359691143036
11357 0.2865144908428192 0.4842562973499298
11358 0.2881411612033844 0.48331645131111145
11359 0.2895095646381378 0.4834553897380829
11360 0.2911481559276581 0.4830818772315979
11361 0.29396697878837585 0.4832267463207245
11362 0.2737875282764435 0.504574716091156
11363 0.2750428020954132 0.5052521228790283
11364 0.27187085151672363 0.5013225078582764
11365 0.2736489474773407 0.5023939609527588
11366 0.27053868770599365 0.49817323684692383
11367 0.27171584963798523 0.4993438124656677
11368 0.27087363600730896 0.4960692226886749
11369 0.27572664618492126 0.48613685369491577
11370 0.27753278613090515 0.48567864298820496
11371 0.280586838722229 0.49078959226608276
11372 0.2784496247768402 0.49040868878364563
11373 0.2791864573955536 0.49471452832221985
11374 0.2772811949253082 0.49451494216918945
11375 0.2765549421310425 0.49044376611709595
11376 0.28142669796943665 0.49555379152297974
11377 0.2776598632335663 0.4978318214416504
11378 0.2760711908340454 0.4977402091026306
11379 0.27299168705940247 0.4997023940086365
11380 0.271788090467453 0.4974043667316437
11381 0.2727961838245392 0.49777552485466003
11382 0.27498582005500793 0.5003910660743713
11383 0.27459773421287537 0.49771788716316223
11384 0.2764594852924347 0.5005597472190857
11385 0.27530816197395325 0.502950131893158
11386 0.29600203037261963 0.4685143828392029
11387 0.29614007472991943 0.4684252440929413
11388 0.29302191734313965 0.47304418683052063
11389 0.29337289929389954 0.4704897105693817
11390 0.298050194978714 0.4674348533153534
11391 0.2975914776325226 0.4719984233379364
11392 0.29628467559814453 0.4739361107349396
11393 0.29534396529197693 0.47569629549980164
11394 0.2942524254322052 0.4753899872303009
11395 0.2970583438873291 0.4754672646522522
11396 0.2927055060863495 0.47534745931625366
11397 0.29283392429351807 0.4744124114513397
11398 0.29816535115242004 0.47421830892562866
11399 0.29640695452690125 0.4766473174095154
11400 0.2987445294857025 0.46844857931137085
11401 0.29449769854545593 0.4791550934314728
11402 0.2931438386440277 0.47724491357803345
11403 0.2927055060863495 0.47534745931625366
11404 0.2982272207736969 0.46707794070243835
11405 0.2949056327342987 0.4692220389842987
11406 0.2968945801258087 0.4660329520702362
11407 0.2931671142578125 0.47198745608329773
11408 0.29627278447151184 0.4577721953392029
11409 0.2943456172943115 0.45535019040107727
11410 0.2943227291107178 0.45447996258735657
11411 0.2941579818725586 0.4533032774925232
11412 0.2942776381969452 0.45276325941085815
11413 0.2942560911178589 0.45194485783576965
11414 0.29424306750297546 0.4514487087726593
11415 0.29422125220298767 0.4506203830242157
11416 0.29612281918525696 0.4512045681476593
11417 0.2497476488351822 0.49219125509262085
11418 0.24988128244876862 0.4856279194355011
11419 0.28138497471809387 0.4848760962486267
11420 0.25122353434562683 0.5037937760353088
11421 0.2515106201171875 0.4658723473548889
11422 0.2525768280029297 0.46060752868652344
11423 0.25285136699676514 0.46547627449035645
11424 0.2506847083568573 0.46995073556900024
11425 0.2565520703792572 0.4444272816181183
11426 0.2598351240158081 0.4406110942363739
11427 0.2592966854572296 0.4470966160297394
11428 0.25513577461242676 0.45000404119491577
11429 0.25357699394226074 0.4556686580181122
11430 0.25596439838409424 0.45587021112442017
11431 0.252395361661911 0.461503803730011
11432 0.2546299993991852 0.45036011934280396
11433 0.25799718499183655 0.43862205743789673
11434 0.2500607669353485 0.4768126308917999
11435 0.2515709400177002 0.505559504032135
11436 0.24982789158821106 0.48824936151504517
11437 0.2593107521533966 0.520940363407135
11438 0.25728365778923035 0.5188324451446533
11439 0.24996624886989594 0.48145654797554016
11440 0.2500056326389313 0.4795207977294922
11441 0.2501736581325531 0.4844505786895752
11442 0.2515888512134552 0.48956945538520813
11443 0.2777600586414337 0.49221140146255493
11444 0.254111647605896 0.47702115774154663
11445 0.253688782453537 0.4702482521533966
11446 0.25725695490837097 0.4669468402862549
11447 0.25670716166496277 0.4614693820476532
11448 0.2590809166431427 0.4599471390247345
11449 0.2585119903087616 0.45387837290763855
11450 0.26251164078712463 0.4512442946434021
11451 0.26317787170410156 0.44473832845687866
11452 0.257622629404068 0.5191848278045654
11453 0.2595680058002472 0.5212078094482422
11454 0.27728188037872314 0.49445298314094543
11455 0.25987520813941956 0.5215270519256592
11456 0.2625686824321747 0.5243279933929443
11457 0.26264119148254395 0.5234772562980652
11458 0.26181140542030334 0.42919400334358215
11459 0.26617637276649475 0.4226488471031189
11460 0.26485106348991394 0.42753031849861145
11461 0.26813748478889465 0.4268777668476105
11462 0.26742276549339294 0.43124550580978394
11463 0.2636829614639282 0.43207573890686035
11464 0.27194979786872864 0.4245140552520752
11465 0.2768802344799042 0.4310683608055115
11466 0.2715599834918976 0.43054479360580444
11467 0.26039525866508484 0.43476030230522156
11468 0.2635447084903717 0.4383850395679474
11469 0.26978811621665955 0.4363331198692322
11470 0.26616594195365906 0.43670743703842163
11471 0.26584675908088684 0.4432339072227478
11472 0.2808840572834015 0.43861889839172363
11473 0.2830107510089874 0.43837112188339233
11474 0.2789841592311859 0.44211646914482117
11475 0.2784816324710846 0.4425892233848572
11476 0.27692773938179016 0.4463748335838318
11477 0.26725032925605774 0.4659767150878906
11478 0.26838910579681396 0.46108582615852356
11479 0.26976606249809265 0.45911911129951477
11480 0.2623131275177002 0.49081751704216003
11481 0.2637653052806854 0.4861045181751251
11482 0.26427802443504333 0.4947350025177002
11483 0.26595571637153625 0.47238439321517944
11484 0.2655141055583954 0.46782779693603516
11485 0.26398441195487976 0.47959989309310913
11486 0.2636221647262573 0.47499993443489075
11487 0.2827172577381134 0.435244083404541
11488 0.27875038981437683 0.43865782022476196
11489 0.28088054060935974 0.43565842509269714
11490 0.26765382289886475 0.5059105753898621
11491 0.2682899534702301 0.4997876286506653
11492 0.26368629932403564 0.49744099378585815
11493 0.26240137219429016 0.4822249710559845
11494 0.2702725827693939 0.45411747694015503
11495 0.27256155014038086 0.4526391327381134
11496 0.26612451672554016 0.5118561387062073
11497 0.26406481862068176 0.501919686794281
11498 0.25960978865623474 0.49046701192855835
11499 0.26084527373313904 0.48573777079582214
11500 0.2613541781902313 0.4948919117450714
11501 0.2596184015274048 0.48074081540107727
11502 0.26113036274909973 0.478346586227417
11503 0.2610972225666046 0.4732263684272766
11504 0.2638660967350006 0.4695751667022705
11505 0.26356199383735657 0.46513840556144714
11506 0.2651512920856476 0.46354222297668457
11507 0.26643499732017517 0.4584658741950989
11508 0.2688908278942108 0.4557928442955017
11509 0.26934123039245605 0.4508068263530731
11510 0.2709692716598511 0.4491405189037323
11511 0.26054084300994873 0.49934694170951843
11512 0.27499330043792725 0.44754481315612793
11513 0.27753594517707825 0.4389789402484894
11514 0.27626466751098633 0.44295188784599304
11515 0.27318188548088074 0.44434788823127747
11516 0.2862492501735687 0.4292471706867218
11517 0.28621479868888855 0.4288053810596466
11518 0.2873162031173706 0.42876455187797546
11519 0.28635966777801514 0.4306623637676239
11520 0.28648972511291504 0.4323294758796692
11521 0.2845733165740967 0.4320962131023407
11522 0.28292086720466614 0.4324633479118347
11523 0.2850912809371948 0.42963650822639465
11524 0.2862405478954315 0.4291357398033142
11525 0.28600433468818665 0.4320017993450165
11526 0.28453436493873596 0.4349691867828369
11527 0.28645801544189453 0.4348302185535431
11528 0.2864971160888672 0.4324243366718292
11529 0.27385106682777405 0.4912862181663513
11530 0.2549941837787628 0.5055851340293884
11531 0.27654126286506653 0.4963575005531311
11532 0.2555893659591675 0.4816893935203552
11533 0.2554187774658203 0.4894844889640808
11534 0.2574230432510376 0.4795357882976532
11535 0.2572104036808014 0.4725000262260437
11536 0.25939956307411194 0.47089749574661255
11537 0.25949251651763916 0.4657909572124481
11538 0.2614727318286896 0.4629535377025604
11539 0.2615596354007721 0.45775049924850464
11540 0.26482340693473816 0.45592811703681946
11541 0.26514723896980286 0.4493994414806366
11542 0.25737544894218445 0.49598196148872375
11543 0.26188257336616516 0.5125505924224854
11544 0.2585597038269043 0.4850213825702667
11545 0.25890398025512695 0.47614866495132446
11546 0.2615158259868622 0.4678514301776886
11547 0.263459712266922 0.46081870794296265
11548 0.2677915394306183 0.4533761143684387
11549 0.2659885883331299 0.5184735655784607
11550 0.28621479868888855 0.4288053810596466
11551 0.2862892150878906 0.42975956201553345
11552 0.2785434424877167 0.4352685809135437
11553 0.2809869945049286 0.43247777223587036
11554 0.274694561958313 0.44031980633735657
11555 0.27655836939811707 0.43662330508232117
11556 0.28794750571250916 0.42803505063056946
11557 0.2863953113555908 0.4282228350639343
11558 0.2840704619884491 0.42830991744995117
11559 0.27878233790397644 0.430402547121048
11560 0.26834210753440857 0.4413561224937439
11561 0.2675991952419281 0.44730430841445923
11562 0.2745892107486725 0.4372880756855011
11563 0.2722634971141815 0.4422704875469208
11564 0.26983845233917236 0.44594281911849976
11565 0.32379448413848877 0.406069815158844
11566 0.3158980906009674 0.4200282394886017
11567 0.3157825767993927 0.41152358055114746
11568 0.3256911337375641 0.39033186435699463
11569 0.3232751190662384 0.37746337056159973
11570 0.3191353380680084 0.3691089153289795
11571 0.30036023259162903 0.5759325623512268
11572 0.3088383674621582 0.5722938179969788
11573 0.27204442024230957 0.4897451400756836
11574 0.2736254036426544 0.48765137791633606
11575 0.2717108428478241 0.49416881799697876
11576 0.27676519751548767 0.5030109286308289
11577 0.2779674828052521 0.5007343888282776
11578 0.2795136868953705 0.49825620651245117
11579 0.272373229265213 0.4960639774799347
11580 0.31006428599357605 0.4096929728984833
11581 0.2960285246372223 0.4284413158893585
11582 0.3088589608669281 0.41577818989753723
11583 0.2958252727985382 0.42860037088394165
11584 0.2969556748867035 0.42745378613471985
11585 0.3006882965564728 0.43150657415390015
11586 0.3009522259235382 0.43936067819595337
11587 0.29882165789604187 0.4480926990509033
11588 0.2964978516101837 0.4536580741405487
11589 0.3092992305755615 0.4233677089214325
11590 0.29831138253211975 0.5371218323707581
11591 0.3048893213272095 0.5270426869392395
11592 0.29644033312797546 0.5176439881324768
11593 0.2997110188007355 0.5299253463745117
11594 0.45586034655570984 0.6084619164466858
11595 0.4596862196922302 0.613689124584198
11596 0.4537830650806427 0.6179428100585938
11597 0.4499981105327606 0.6124186515808105
11598 0.40329307317733765 0.5608559250831604
11599 0.40284106135368347 0.5684000849723816
11600 0.3971238434314728 0.5634602904319763
11601 0.39831382036209106 0.5554099678993225
11602 0.49580028653144836 0.6190400719642639
11603 0.4916381239891052 0.6253180503845215
11604 0.3993472754955292 0.4586203098297119
11605 0.3898458778858185 0.45815157890319824
11606 0.4002974033355713 0.44615957140922546
11607 0.4088754951953888 0.596858561038971
11608 0.41497474908828735 0.601567268371582
11609 0.4180348217487335 0.6080793738365173
11610 0.4029030203819275 0.5856161713600159
11611 0.4085652530193329 0.5906649231910706
11612 0.40195778012275696 0.4817480742931366
11613 0.3938860595226288 0.48353010416030884
11614 0.3908740282058716 0.471479207277298
11615 0.4002833366394043 0.47095921635627747
11616 0.4185192286968231 0.5957898497581482
11617 0.42163321375846863 0.6037192344665527
11618 0.4130883812904358 0.5929836630821228
11619 0.4075324237346649 0.5738278031349182
11620 0.4076729416847229 0.582173764705658
11621 0.40289169549942017 0.5765249729156494
11622 0.40855032205581665 0.4713156521320343
11623 0.40804460644721985 0.4605475068092346
11624 0.39667826890945435 0.5718616843223572
11625 0.4125657081604004 0.5859689116477966
11626 0.4915578067302704 0.6143507361412048
11627 0.4955790340900421 0.6084715723991394
11628 0.48463204503059387 0.6140868067741394
11629 0.4876284897327423 0.6094337105751038
11630 0.48759573698043823 0.6202481389045715
11631 0.48439979553222656 0.6255714297294617
11632 0.48595550656318665 0.4061708450317383
11633 0.48683905601501465 0.4048313498497009
11634 0.48929640650749207 0.40645381808280945
11635 0.4883823096752167 0.4073483943939209
11636 0.48491141200065613 0.4092245399951935
11637 0.48249080777168274 0.4091866612434387
11638 0.48349764943122864 0.40545347332954407
11639 0.49491435289382935 0.4052467346191406
11640 0.49591973423957825 0.4036562144756317
11641 0.49718594551086426 0.4054374098777771
11642 0.4961676001548767 0.40703848004341125
11643 0.4941646456718445 0.4076017737388611
11644 0.492902547121048 0.40566328167915344
11645 0.4935198128223419 0.4033600986003876
11646 0.48429396748542786 0.4025213420391083
11647 0.48555082082748413 0.3995368778705597
11648 0.4883122444152832 0.4010763168334961
11649 0.48049354553222656 0.40449732542037964
11650 0.48176199197769165 0.40139156579971313
11651 0.39130833745002747 0.36628258228302
11652 0.39372923970222473 0.3396194577217102
11653 0.401533842086792 0.3521699905395508
11654 0.4105691909790039 0.3135957419872284
11655 0.4134442210197449 0.3259962797164917
11656 0.47602179646492004 0.42284995317459106
11657 0.4743766188621521 0.4247797131538391
11658 0.47380849719047546 0.4221809208393097
11659 0.47604942321777344 0.4195813834667206
11660 0.4793296456336975 0.4123372435569763
11661 0.4800851047039032 0.40869075059890747
11662 0.48139575123786926 0.41214945912361145
11663 0.47657009959220886 0.39670082926750183
11664 0.47614026069641113 0.4012218117713928
11665 0.47297927737236023 0.40152454376220703
11666 0.4730086624622345 0.39683330059051514
11667 0.47066113352775574 0.4068449139595032
11668 0.47015517950057983 0.40251439809799194
11669 0.4729432761669159 0.40552574396133423
11670 0.4728982448577881 0.42350393533706665
11671 0.4738714098930359 0.42625612020492554
11672 0.47385430335998535 0.42920446395874023
11673 0.47223207354545593 0.42592912912368774
11674 0.47747090458869934 0.40854889154434204
11675 0.47789764404296875 0.4046880900859833
11676 0.47737911343574524 0.4123367965221405
11677 0.47543075680732727 0.4126708209514618
11678 0.4751940071582794 0.40875008702278137
11679 0.39888954162597656 0.376961350440979
11680 0.39222604036331177 0.3916510343551636
11681 0.47792813181877136 0.392182856798172
11682 0.481248676776886 0.3931002914905548
11683 0.48002079129219055 0.3971444368362427
11684 0.4155924320220947 0.4620993435382843
11685 0.4094531536102295 0.44786807894706726
11686 0.4158044159412384 0.45095324516296387
11687 0.40213248133659363 0.4332561194896698
11688 0.4102843105792999 0.43630197644233704
11689 0.47851917147636414 0.41475746035575867
11690 0.47701412439346313 0.415256530046463
11691 0.47191959619522095 0.42009904980659485
11692 0.47361892461776733 0.41850966215133667
11693 0.39618924260139465 0.4124836325645447
11694 0.400543212890625 0.39955589175224304
11695 0.4685921370983124 0.4219686686992645
11696 0.4701218903064728 0.4252776503562927
11697 0.4688577651977539 0.42831951379776
11698 0.46674844622612 0.42553475499153137
11699 0.4689989387989044 0.41434091329574585
11700 0.4698273837566376 0.4183032810688019
11701 0.46704575419425964 0.4180756211280823
11702 0.4683179557323456 0.4095821678638458
11703 0.4707825183868408 0.41138380765914917
11704 0.47348353266716003 0.4139849841594696
11705 0.47559744119644165 0.4160432517528534
11706 0.476456880569458 0.41878509521484375
11707 0.4753651022911072 0.4291066527366638
11708 0.4754185080528259 0.42687827348709106
11709 0.46966367959976196 0.39786866307258606
11710 0.4678807258605957 0.40441280603408813
11711 0.4667372405529022 0.39980947971343994
11712 0.47399136424064636 0.39187881350517273
11713 0.46985939145088196 0.39237162470817566
11714 0.4800546169281006 0.2939417362213135
11715 0.47261741757392883 0.29572877287864685
11716 0.4615965485572815 0.2841179370880127
11717 0.4659213423728943 0.4138546288013458
11718 0.46494144201278687 0.42159679532051086
11719 0.4633369445800781 0.4171693027019501
11720 0.46511438488960266 0.40868207812309265
11721 0.4580659568309784 0.41185685992240906
11722 0.45586246252059937 0.4057367146015167
11723 0.4595355689525604 0.4012744128704071
11724 0.46030765771865845 0.40709277987480164
11725 0.4618518650531769 0.4124889671802521
11726 0.46407562494277954 0.40311291813850403
11727 0.40462157130241394 0.4190942943096161
11728 0.46180492639541626 0.3901307284832001
11729 0.4625665843486786 0.3972380459308624
11730 0.45779138803482056 0.39274361729621887
11731 0.46591323614120483 0.3829951584339142
11732 0.46575018763542175 0.3892107605934143
11733 0.4610505700111389 0.3837292492389679
11734 0.45890572667121887 0.416716068983078
11735 0.457457572221756 0.42233893275260925
11736 0.4550471901893616 0.41721388697624207
11737 0.4651169776916504 0.42828062176704407
11738 0.4629092514514923 0.4257904887199402
11739 0.46115973591804504 0.428577184677124
11740 0.45881202816963196 0.4253937900066376
11741 0.4609399139881134 0.42154553532600403
11742 0.45568135380744934 0.43137356638908386
11743 0.45431286096572876 0.4290822148323059
11744 0.4540953040122986 0.2951550781726837
11745 0.4395444989204407 0.29003453254699707
11746 0.4306211769580841 0.3110264539718628
11747 0.4919252097606659 0.38633230328559875
11748 0.49349838495254517 0.38840553164482117
11749 0.49189382791519165 0.38994839787483215
11750 0.48958829045295715 0.38761407136917114
11751 0.4936496913433075 0.3914322555065155
11752 0.49521949887275696 0.3901233673095703
11753 0.49693864583969116 0.3912960886955261
11754 0.49542781710624695 0.39271581172943115
11755 0.49225738644599915 0.39281538128852844
11756 0.49051710963249207 0.39130496978759766
11757 0.4920029044151306 0.40068504214286804
11758 0.4929499626159668 0.39858219027519226
11759 0.4945947825908661 0.40048497915267944
11760 0.49568697810173035 0.3986740708351135
11761 0.49724557995796204 0.4003017246723175
11762 0.49390649795532227 0.36270883679389954
11763 0.49196818470954895 0.36696839332580566
11764 0.48868635296821594 0.3634355366230011
11765 0.4905233681201935 0.35979706048965454
11766 0.495090514421463 0.38714882731437683
11767 0.49670881032943726 0.3888563811779022
11768 0.49557778239250183 0.3811705410480499
11769 0.4967338740825653 0.3829224109649658
11770 0.49521711468696594 0.3841340243816376
11771 0.4943297207355499 0.3821544349193573
11772 0.47965914011001587 0.388305127620697
11773 0.47516515851020813 0.38764235377311707
11774 0.4848792254924774 0.38617178797721863
11775 0.4831697344779968 0.3894105553627014
11776 0.4810986816883087 0.3839256763458252
11777 0.4966166019439697 0.37976816296577454
11778 0.4942231774330139 0.38023683428764343
11779 0.49485164880752563 0.3781314194202423
11780 0.4981538951396942 0.38777053356170654
11781 0.4983028769493103 0.3903805911540985
11782 0.4983985424041748 0.3991418182849884
11783 0.49855995178222656 0.40339282155036926
11784 0.4905300736427307 0.38376352190971375
11785 0.4925774931907654 0.3827162981033325
11786 0.4936637282371521 0.3851794898509979
11787 0.4966251254081726 0.3859977126121521
11788 0.4713034927845001 0.37653490900993347
11789 0.47078996896743774 0.3834836184978485
11790 0.46596524119377136 0.37593501806259155
11791 0.48759084939956665 0.36762535572052
11792 0.4838004410266876 0.3654139041900635
11793 0.4851376712322235 0.35974404215812683
11794 0.4923005700111389 0.37995731830596924
11795 0.47624725103378296 0.38306164741516113
11796 0.47700780630111694 0.3777916133403778
11797 0.48189255595207214 0.3786025047302246
11798 0.4778485894203186 0.36928585171699524
11799 0.4789819121360779 0.3631879985332489
11800 0.4825453460216522 0.37153059244155884
11801 0.4720101058483124 0.3674447238445282
11802 0.48618072271347046 0.3912574052810669
11803 0.48420435190200806 0.3942912220954895
11804 0.4522824287414551 0.4349801540374756
11805 0.44872328639030457 0.4306407570838928
11806 0.4511721134185791 0.42441824078559875
11807 0.44783371686935425 0.4188360869884491
11808 0.4523041248321533 0.4113510251045227
11809 0.45326322317123413 0.39899322390556335
11810 0.4491555690765381 0.40456080436706543
11811 0.45565176010131836 0.38598358631134033
11812 0.45068877935409546 0.3895311653614044
11813 0.4534311890602112 0.37880057096481323
11814 0.4596256911754608 0.37653517723083496
11815 0.4583926796913147 0.3676151633262634
11816 0.4663081169128418 0.36566945910453796
11817 0.46744921803474426 0.35743167996406555
11818 0.4730392098426819 0.3602728843688965
11819 0.4805282950401306 0.3564464747905731
11820 0.47463247179985046 0.3521472215652466
11821 0.48265621066093445 0.3522925078868866
11822 0.48686787486076355 0.35669252276420593
11823 0.48937109112739563 0.35195687413215637
11824 0.4928908348083496 0.3550458252429962
11825 0.49648329615592957 0.35854798555374146
11826 0.4957588315010071 0.35146743059158325
11827 0.4980458617210388 0.3848264515399933
11828 0.46593478322029114 0.39358213543891907
11829 0.4704294800758362 0.3879644572734833
11830 0.49057239294052124 0.3710017204284668
11831 0.4949931502342224 0.3695529103279114
11832 0.4934370815753937 0.373325377702713
11833 0.4861013889312744 0.3740708529949188
11834 0.48940372467041016 0.37583592534065247
11835 0.48572662472724915 0.3796522915363312
11836 0.4854757487773895 0.3471367359161377
11837 0.48825594782829285 0.3405420482158661
11838 0.49114277958869934 0.34724193811416626
11839 0.4765043556690216 0.34687110781669617
11840 0.47885629534721375 0.34187936782836914
11841 0.46868759393692017 0.3488214313983917
11842 0.47045251727104187 0.34174275398254395
11843 0.4590277373790741 0.3579670190811157
11844 0.46008628606796265 0.34905025362968445
11845 0.4519272446632385 0.37005841732025146
11846 0.4508569538593292 0.3604641556739807
11847 0.4478897452354431 0.38256147503852844
11848 0.4458068013191223 0.37455272674560547
11849 0.44577503204345703 0.39725905656814575
11850 0.44220417737960815 0.38930562138557434
11851 0.44414186477661133 0.412263423204422
11852 0.4402478039264679 0.4051641821861267
11853 0.4448302090167999 0.4253971576690674
11854 0.44073107838630676 0.41939812898635864
11855 0.44650524854660034 0.4370500445365906
11856 0.44231224060058594 0.43215233087539673
11857 0.49558025598526 0.34228527545928955
11858 0.49170947074890137 0.4079580008983612
11859 0.4908561110496521 0.40386635065078735
11860 0.48972612619400024 0.3989185094833374
11861 0.48787906765937805 0.3888092339038849
11862 0.4871850609779358 0.3843732178211212
11863 0.4893330931663513 0.3923506438732147
11864 0.4893195331096649 0.37984126806259155
11865 0.4926798641681671 0.37686288356781006
11866 0.49572083353996277 0.3760843276977539
11867 0.49716779589653015 0.3726973235607147
11868 0.497724324464798 0.3781949281692505
11869 0.4929444193840027 0.3019695281982422
11870 0.4980713725090027 0.38158848881721497
11871 0.49687841534614563 0.3651738464832306
11872 0.49843376874923706 0.4071331024169922
11873 0.498539000749588 0.3924870789051056
11874 0.4170069098472595 0.5898370146751404
11875 0.422547847032547 0.592141330242157
11876 0.4252166748046875 0.5994036197662354
11877 0.4116343855857849 0.5795144438743591
11878 0.41618770360946655 0.5837357044219971
11879 0.47451087832450867 0.43425607681274414
11880 0.472805917263031 0.43171069025993347
11881 0.47520536184310913 0.43154099583625793
11882 0.46643564105033875 0.6000549793243408
11883 0.46924468874931335 0.6032182574272156
11884 0.4644906222820282 0.6090719103813171
11885 0.4616553485393524 0.6041761040687561
11886 0.42148685455322266 0.4643644690513611
11887 0.42159467935562134 0.473783940076828
11888 0.4159882366657257 0.47223925590515137
11889 0.4481199085712433 0.6013985276222229
11890 0.451642245054245 0.6032476425170898
11891 0.4458164870738983 0.6071671843528748
11892 0.4426228702068329 0.6043573021888733
11893 0.45757630467414856 0.5988901257514954
11894 0.4082491993904114 0.559268057346344
11895 0.4073324501514435 0.5663228034973145
11896 0.4046621024608612 0.5536449551582336
11897 0.47287580370903015 0.6082413792610168
11898 0.47379109263420105 0.5981279015541077
11899 0.4775565266609192 0.6034443378448486
11900 0.4812321662902832 0.6088948845863342
11901 0.4815497100353241 0.5987958312034607
11902 0.48481154441833496 0.6035677790641785
11903 0.49559664726257324 0.5986431241035461
11904 0.49136513471603394 0.6037682890892029
11905 0.4768039882183075 0.433120995759964
11906 0.4763656258583069 0.4310450851917267
11907 0.46605584025382996 0.4349978268146515
11908 0.4634852707386017 0.43178656697273254
11909 0.4673597812652588 0.4313364624977112
11910 0.4165482819080353 0.48165029287338257
11911 0.40951448678970337 0.4813544452190399
11912 0.47075268626213074 0.43123701214790344
11913 0.4699339270591736 0.4343920350074768
11914 0.41056346893310547 0.49065491557121277
11915 0.40408799052238464 0.49212366342544556
11916 0.4581366181373596 0.4350889027118683
11917 0.4569545090198517 0.44108960032463074
11918 0.45414331555366516 0.4375917613506317
11919 0.45277783274650574 0.4441118836402893
11920 0.4495869278907776 0.44039106369018555
11921 0.47486183047294617 0.5892928242683411
11922 0.47827455401420593 0.59393709897995
11923 0.47101500630378723 0.5944074988365173
11924 0.4819476008415222 0.5897195339202881
11925 0.4851016700267792 0.5941279530525208
11926 0.4784233868122101 0.4379102885723114
11927 0.4772040843963623 0.43635469675064087
11928 0.47786256670951843 0.43469956517219543
11929 0.4762434661388397 0.44027000665664673
11930 0.4742383360862732 0.4373430907726288
11931 0.4717137813568115 0.441039115190506
11932 0.46871519088745117 0.4379982352256775
11933 0.47223541140556335 0.43734997510910034
11934 0.4671635329723358 0.4429576098918915
11935 0.46421319246292114 0.4403981864452362
11936 0.4604106545448303 0.4440748691558838
11937 0.4589899182319641 0.45065635442733765
11938 0.4559039771556854 0.4475431740283966
11939 0.4549059569835663 0.454206258058548
11940 0.4515359699726105 0.4509424567222595
11941 0.4261178970336914 0.48337480425834656
11942 0.4219103157520294 0.4828658103942871
11943 0.4269060492515564 0.4758100211620331
11944 0.4218287765979767 0.4904422461986542
11945 0.4174616038799286 0.4904969036579132
11946 0.4174036383628845 0.4992055296897888
11947 0.41205185651779175 0.5000157952308655
11948 0.40969234704971313 0.552662193775177
11949 0.41259342432022095 0.5577459931373596
11950 0.411509245634079 0.5642697811126709
11951 0.4146786034107208 0.5690657496452332
11952 0.41492030024528503 0.5768239498138428
11953 0.41112205386161804 0.5716223120689392
11954 0.4249131381511688 0.5881543159484863
11955 0.4278745949268341 0.5930461883544922
11956 0.4202580749988556 0.5866146087646484
11957 0.44522565603256226 0.5985255837440491
11958 0.4508399963378906 0.5945186614990234
11959 0.45421573519706726 0.5962300896644592
11960 0.45963025093078613 0.5923585295677185
11961 0.4632386863231659 0.5951165556907654
11962 0.4677708148956299 0.591975748538971
11963 0.4916401505470276 0.5939211249351501
11964 0.4955217242240906 0.5891919732093811
11965 0.4614902138710022 0.43780213594436646
11966 0.46344873309135437 0.44643375277519226
11967 0.44806960225105286 0.44733861088752747
11968 0.44460248947143555 0.44379711151123047
11969 0.45044949650764465 0.4576077461242676
11970 0.44671371579170227 0.45438459515571594
11971 0.41890478134155273 0.5806213021278381
11972 0.4312131106853485 0.5992324352264404
11973 0.43470194935798645 0.6032333374023438
11974 0.4283151924610138 0.6043345332145691
11975 0.43282800912857056 0.5927488803863525
11976 0.43700364232063293 0.598069429397583
11977 0.4407517611980438 0.6021661162376404
11978 0.4378345310688019 0.6076535582542419
11979 0.4424612820148468 0.595979630947113
11980 0.4879395663738251 0.599111795425415
11981 0.4884531795978546 0.5894451141357422
11982 0.44770026206970215 0.5929180979728699
11983 0.4514257609844208 0.5894390940666199
11984 0.45578885078430176 0.5923494696617126
11985 0.493977814912796 0.45823007822036743
11986 0.49247118830680847 0.45645883679389954
11987 0.49407193064689636 0.45496875047683716
11988 0.4959130883216858 0.45660164952278137
11989 0.4964599609375 0.4766921401023865
11990 0.4968292713165283 0.47568801045417786
11991 0.4973597228527069 0.47672078013420105
11992 0.49718496203422546 0.4797949194908142
11993 0.49536871910095215 0.47775405645370483
11994 0.4961206912994385 0.4756608307361603
11995 0.4953889548778534 0.4809088706970215
11996 0.49133163690567017 0.4686196446418762
11997 0.49330803751945496 0.46721261739730835
11998 0.4945191740989685 0.4687984585762024
11999 0.49311280250549316 0.4690696597099304
12000 0.48447343707084656 0.47193053364753723
12001 0.4834487736225128 0.47159576416015625
12002 0.48625463247299194 0.4686262309551239
12003 0.4879687428474426 0.46897581219673157
12004 0.4807455539703369 0.47833508253097534
12005 0.4816844165325165 0.4788174629211426
12006 0.4805326759815216 0.4810192286968231
12007 0.4794216752052307 0.4808969795703888
12008 0.48154544830322266 0.4754791259765625
12009 0.48262307047843933 0.4762134552001953
12010 0.4800489544868469 0.4778575897216797
12011 0.47384458780288696 0.4479444622993469
12012 0.47626644372940063 0.45133301615715027
12013 0.47560545802116394 0.45512744784355164
12014 0.47244971990585327 0.453139990568161
12015 0.4777052402496338 0.4581141769886017
12016 0.4763224422931671 0.46361348032951355
12017 0.4738764762878418 0.461216002702713
12018 0.47264888882637024 0.46715590357780457
12019 0.470355749130249 0.4648706614971161
12020 0.47139525413513184 0.4588589370250702
12021 0.46869727969169617 0.4564111530780792
12022 0.46941226720809937 0.451029509305954
12023 0.48053592443466187 0.44284823536872864
12024 0.47898319363594055 0.4417223632335663
12025 0.4797951579093933 0.4392389953136444
12026 0.463591605424881 0.5900444388389587
12027 0.45911407470703125 0.5880294442176819
12028 0.4747145175933838 0.4692583680152893
12029 0.4739236533641815 0.47420477867126465
12030 0.4720933139324188 0.4721847176551819
12031 0.47658106684684753 0.4712114632129669
12032 0.47831991314888 0.46599796414375305
12033 0.4871871769428253 0.4538455307483673
12034 0.48894640803337097 0.4559783637523651
12035 0.4867749810218811 0.45784568786621094
12036 0.48526355624198914 0.4549636244773865
12037 0.47408050298690796 0.48081639409065247
12038 0.4751526713371277 0.48221275210380554
12039 0.47471144795417786 0.4881086051464081
12040 0.473527729511261 0.48636797070503235
12041 0.4941238760948181 0.48148253560066223
12042 0.4944400191307068 0.47466370463371277
12043 0.49480003118515015 0.4777381718158722
12044 0.4941546618938446 0.48152828216552734
12045 0.4770774245262146 0.48769569396972656
12046 0.47661495208740234 0.4884796738624573
12047 0.4763297736644745 0.4858095347881317
12048 0.4770205318927765 0.48511478304862976
12049 0.49921223521232605 0.49715831875801086
12050 0.4978327453136444 0.49482160806655884
12051 0.49897027015686035 0.4922936260700226
12052 0.4140157401561737 0.5516409873962402
12053 0.41636890172958374 0.555863082408905
12054 0.41537266969680786 0.5620985627174377
12055 0.42688676714897156 0.5837349891662598
12056 0.42949193716049194 0.5883566737174988
12057 0.4227280914783478 0.5830092430114746
12058 0.4665375351905823 0.49612635374069214
12059 0.4669363796710968 0.491315096616745
12060 0.4697897136211395 0.49225711822509766
12061 0.4693165123462677 0.49704429507255554
12062 0.41822290420532227 0.5659826397895813
12063 0.4179587662220001 0.5733609795570374
12064 0.4665975868701935 0.5851032137870789
12065 0.4712493419647217 0.5867750644683838
12066 0.4741348624229431 0.5801991820335388
12067 0.47866007685661316 0.5841875672340393
12068 0.4807797074317932 0.5741701722145081
12069 0.48463159799575806 0.5719406008720398
12070 0.4869060218334198 0.576248824596405
12071 0.4822853207588196 0.5805439352989197
12072 0.49281740188598633 0.5770114064216614
12073 0.4893231689929962 0.5804998874664307
12074 0.49050575494766235 0.5732076168060303
12075 0.48843857645988464 0.5693058967590332
12076 0.48247531056404114 0.568031370639801
12077 0.485983669757843 0.5654423236846924
12078 0.4929211437702179 0.5517616868019104
12079 0.4887831211090088 0.5555858016014099
12080 0.48693782091140747 0.5528674721717834
12081 0.49123597145080566 0.5494146347045898
12082 0.4950387477874756 0.47215670347213745
12083 0.4944572150707245 0.4713582396507263
12084 0.49418407678604126 0.4701525866985321
12085 0.4949360489845276 0.47061607241630554
12086 0.49393561482429504 0.47082141041755676
12087 0.49471384286880493 0.47289517521858215
12088 0.494125097990036 0.4722309410572052
12089 0.48930007219314575 0.5635390281677246
12090 0.48419898748397827 0.5624017715454102
12091 0.4876702129840851 0.5602607131004333
12092 0.4855806827545166 0.5850539207458496
12093 0.49206995964050293 0.5848475098609924
12094 0.48244598507881165 0.4711594879627228
12095 0.48044103384017944 0.47470954060554504
12096 0.4824424386024475 0.479259729385376
12097 0.4825737774372101 0.47698280215263367
12098 0.48304250836372375 0.47727492451667786
12099 0.48505088686943054 0.47281503677368164
12100 0.4792935848236084 0.44609329104423523
12101 0.4765928387641907 0.44379541277885437
12102 0.4663436710834503 0.4487159550189972
12103 0.47061511874198914 0.44498783349990845
12104 0.4579930007457733 0.4566003978252411
12105 0.4572102725505829 0.4624123275279999
12106 0.45404723286628723 0.4603717029094696
12107 0.46265503764152527 0.4778609573841095
12108 0.46564239263534546 0.47908470034599304
12109 0.4649079144001007 0.48451536893844604
12110 0.46202635765075684 0.48309189081192017
12111 0.45995861291885376 0.4703982174396515
12112 0.46318572759628296 0.4724094569683075
12113 0.45946547389030457 0.4761514365673065
12114 0.464550256729126 0.4662701487541199
12115 0.4605088233947754 0.46469783782958984
12116 0.4619738757610321 0.45838072896003723
12117 0.46509045362472534 0.46052128076553345
12118 0.45658010244369507 0.46842095255851746
12119 0.44818776845932007 0.5849586129188538
12120 0.45150142908096313 0.5810922980308533
12121 0.4541485607624054 0.5837315917015076
12122 0.42562204599380493 0.5778346657752991
12123 0.4298138916492462 0.5776552557945251
12124 0.43120628595352173 0.5828495025634766
12125 0.4787414073944092 0.5694134831428528
12126 0.4769344627857208 0.5655122399330139
12127 0.4804512858390808 0.5644907355308533
12128 0.46907469630241394 0.580167829990387
12129 0.46983885765075684 0.5748739242553711
12130 0.4757544994354248 0.5753249526023865
12131 0.47469398379325867 0.5707398056983948
12132 0.45717525482177734 0.579756498336792
12133 0.46200987696647644 0.5840592980384827
12134 0.4214951694011688 0.5621580481529236
12135 0.421381413936615 0.5690039992332458
12136 0.41883206367492676 0.5592866539955139
12137 0.4173418879508972 0.5503833293914795
12138 0.41936352849006653 0.5537340641021729
12139 0.47870850563049316 0.561040461063385
12140 0.48253482580184937 0.5595190525054932
12141 0.463409423828125 0.5788549780845642
12142 0.43018439412117004 0.4981801509857178
12143 0.43035534024238586 0.49178174138069153
12144 0.4345100224018097 0.49295857548713684
12145 0.43442559242248535 0.5001345276832581
12146 0.43017148971557617 0.4842870533466339
12147 0.42611151933670044 0.49090003967285156
12148 0.4264698028564453 0.49775007367134094
12149 0.4226524233818054 0.4977388381958008
12150 0.4264991879463196 0.503513514995575
12151 0.4297198951244354 0.5035129189491272
12152 0.4977721869945526 0.4546625316143036
12153 0.4977734386920929 0.4579316973686218
12154 0.47416064143180847 0.44414523243904114
12155 0.4250039756298065 0.5106597542762756
12156 0.4213964343070984 0.511113166809082
12157 0.42181703448295593 0.505466878414154
12158 0.4175362288951874 0.5060264468193054
12159 0.4721376597881317 0.49326202273368835
12160 0.47044163942337036 0.4872572720050812
12161 0.4721185863018036 0.4890453815460205
12162 0.4627990126609802 0.4527810215950012
12163 0.4684619605541229 0.4806516766548157
12164 0.46680042147636414 0.47376686334609985
12165 0.469359815120697 0.475486695766449
12166 0.4674846827983856 0.4681854844093323
12167 0.45550063252449036 0.528892457485199
12168 0.4568992257118225 0.52713942527771
12169 0.4573056399822235 0.5304312705993652
12170 0.45613643527030945 0.5330038070678711
12171 0.4547162652015686 0.5379505157470703
12172 0.4556259512901306 0.536970853805542
12173 0.4564947783946991 0.5388541221618652
12174 0.4555785059928894 0.5394218564033508
12175 0.4381052851676941 0.5022078156471252
12176 0.4370270371437073 0.5070846080780029
12177 0.43375322222709656 0.5064439177513123
12178 0.4333847165107727 0.5100136399269104
12179 0.43074485659599304 0.5102484822273254
12180 0.43089959025382996 0.5163800716400146
12181 0.4275765120983124 0.5174382328987122
12182 0.48203104734420776 0.451192170381546
12183 0.4792638123035431 0.450801819562912
12184 0.4811728298664093 0.44725462794303894
12185 0.48218923807144165 0.4438190460205078
12186 0.4829677939414978 0.4477572441101074
12187 0.4857292175292969 0.4515978991985321
12188 0.4840347468852997 0.4513123333454132
12189 0.4846971035003662 0.44818419218063354
12190 0.48765307664871216 0.45119810104370117
12191 0.48927634954452515 0.45279332995414734
12192 0.4946425259113312 0.48115652799606323
12193 0.49545997381210327 0.47574231028556824
12194 0.495113343000412 0.5508293509483337
12195 0.4976005554199219 0.5469035506248474
12196 0.4970114529132843 0.5539922714233398
12197 0.4971732795238495 0.47635772824287415
12198 0.4986281991004944 0.4796340763568878
12199 0.4735432267189026 0.4907689690589905
12200 0.47214505076408386 0.48455899953842163
12201 0.4714162051677704 0.4774017333984375
12202 0.46999794244766235 0.4701688587665558
12203 0.4678936302661896 0.4626694321632385
12204 0.4660331904888153 0.4540528953075409
12205 0.46388840675354004 0.49979856610298157
12206 0.4638121426105499 0.4955734610557556
12207 0.4662622809410095 0.5003882050514221
12208 0.4583682715892792 0.4877001643180847
12209 0.4588930308818817 0.481670618057251
12210 0.46142905950546265 0.4888067841529846
12211 0.4555714726448059 0.4802691638469696
12212 0.4560313820838928 0.47427794337272644
12213 0.4531145691871643 0.4662225544452667
12214 0.4495222866535187 0.46384289860725403
12215 0.45249515771865845 0.4723816514015198
12216 0.4931895434856415 0.5481114387512207
12217 0.49336886405944824 0.5456717610359192
12218 0.493865966796875 0.53899747133255
12219 0.4955110549926758 0.5441864132881165
12220 0.48659801483154297 0.5489327907562256
12221 0.4922809898853302 0.5433958172798157
12222 0.4980490505695343 0.48048967123031616
12223 0.49672573804855347 0.4818842113018036
12224 0.49602264165878296 0.48136135935783386
12225 0.4939675033092499 0.47275155782699585
12226 0.49455973505973816 0.47307679057121277
12227 0.4945094585418701 0.4735564589500427
12228 0.4940653145313263 0.47303909063339233
12229 0.49501708149909973 0.47337180376052856
12230 0.4943883717060089 0.47294753789901733
12231 0.49491140246391296 0.4731909930706024
12232 0.49523741006851196 0.4733428359031677
12233 0.495402991771698 0.4734198749065399
12234 0.4959850609302521 0.4740442931652069
12235 0.4957592189311981 0.47304007411003113
12236 0.4861505329608917 0.5573809742927551
12237 0.48074817657470703 0.5564895272254944
12238 0.48442795872688293 0.5547508597373962
12239 0.49068158864974976 0.5578949451446533
12240 0.4965841472148895 0.5612597465515137
12241 0.49450427293777466 0.5585049986839294
12242 0.48531270027160645 0.47354453802108765
12243 0.4857575595378876 0.47348907589912415
12244 0.48352712392807007 0.4778344929218292
12245 0.48984888195991516 0.4680802524089813
12246 0.4899730384349823 0.46973395347595215
12247 0.49059441685676575 0.4580743610858917
12248 0.4908764064311981 0.4546962082386017
12249 0.49109789729118347 0.4519321620464325
12250 0.49263903498649597 0.45359712839126587
12251 0.49479323625564575 0.4740756154060364
12252 0.4942789375782013 0.47419002652168274
12253 0.49576351046562195 0.4747123420238495
12254 0.49631789326667786 0.47469237446784973
12255 0.4965948462486267 0.47523146867752075
12256 0.4583427608013153 0.520925760269165
12257 0.45723384618759155 0.5213964581489563
12258 0.45600464940071106 0.5186829566955566
12259 0.45757153630256653 0.5176662802696228
12260 0.4513404071331024 0.5117596983909607
12261 0.4534573256969452 0.5157848000526428
12262 0.45200034976005554 0.5179691314697266
12263 0.44812914729118347 0.5150519013404846
12264 0.44986826181411743 0.5246943831443787
12265 0.4521980583667755 0.5212385058403015
12266 0.45343971252441406 0.5279107689857483
12267 0.4520438313484192 0.5302614569664001
12268 0.4444248080253601 0.5243844389915466
12269 0.4435505270957947 0.5293578505516052
12270 0.44157081842422485 0.5275769829750061
12271 0.44215676188468933 0.523284912109375
12272 0.4400634765625 0.5120058059692383
12273 0.4438443183898926 0.5141618847846985
12274 0.443425714969635 0.5178800225257874
12275 0.44022709131240845 0.5158825516700745
12276 0.43651750683784485 0.5106267929077148
12277 0.4406373202800751 0.5087247490882874
12278 0.4468545615673065 0.5175381302833557
12279 0.44448715448379517 0.5104843974113464
12280 0.44893673062324524 0.5284013152122498
12281 0.4471796154975891 0.5235976576805115
12282 0.4480626881122589 0.5209454894065857
12283 0.4463098347187042 0.5279528498649597
12284 0.4450240433216095 0.5210909247398376
12285 0.42161890864372253 0.5760912895202637
12286 0.4247971177101135 0.570838987827301
12287 0.43421149253845215 0.5873875617980957
12288 0.43790194392204285 0.5919341444969177
12289 0.43652984499931335 0.5806925296783447
12290 0.43966004252433777 0.585212767124176
12291 0.4435427486896515 0.5887560248374939
12292 0.444938600063324 0.5817806720733643
12293 0.45380333065986633 0.5584316849708557
12294 0.4521810710430145 0.5480537414550781
12295 0.45321178436279297 0.5479671955108643
12296 0.4544539153575897 0.5478630661964417
12297 0.4608754515647888 0.54759281873703
12298 0.46179628372192383 0.5473179221153259
12299 0.46403077244758606 0.5498149394989014
12300 0.4627673923969269 0.5513174533843994
12301 0.4604671001434326 0.5525063872337341
12302 0.45904210209846497 0.5487543940544128
12303 0.4600958526134491 0.5477829575538635
12304 0.4651131331920624 0.5472628474235535
12305 0.4657793343067169 0.5460667610168457
12306 0.46526262164115906 0.5480797290802002
12307 0.45793530344963074 0.5485665798187256
12308 0.45669886469841003 0.5476747155189514
12309 0.45773690938949585 0.5473052859306335
12310 0.455554723739624 0.5477707386016846
12311 0.4553506672382355 0.5477879047393799
12312 0.4499186873435974 0.5593660473823547
12313 0.451052725315094 0.5481483340263367
12314 0.45117825269699097 0.5601540207862854
12315 0.446624755859375 0.5598722100257874
12316 0.4487958550453186 0.5488914847373962
12317 0.4482242465019226 0.5607442259788513
12318 0.43895891308784485 0.5508439540863037
12319 0.4384128749370575 0.5472989678382874
12320 0.4402046501636505 0.5465742945671082
12321 0.44079869985580444 0.551368772983551
12322 0.45267003774642944 0.5381314158439636
12323 0.45168590545654297 0.539271891117096
12324 0.4505771994590759 0.5376214385032654
12325 0.45172742009162903 0.5361009240150452
12326 0.4443278908729553 0.5356468558311462
12327 0.44582173228263855 0.5368918776512146
12328 0.4446396231651306 0.5392658114433289
12329 0.44321370124816895 0.5386800169944763
12330 0.44353410601615906 0.5570898652076721
12331 0.4454059600830078 0.5553615689277649
12332 0.4449518024921417 0.5592765212059021
12333 0.4493456482887268 0.5346130728721619
12334 0.4494638442993164 0.5381893515586853
12335 0.4483503997325897 0.5363960266113281
12336 0.44693848490715027 0.5343237519264221
12337 0.44729167222976685 0.5382160544395447
12338 0.4427635967731476 0.5486371517181396
12339 0.44168561697006226 0.5554236769676208
12340 0.4468687176704407 0.547487199306488
12341 0.4480428993701935 0.5476727485656738
12342 0.44962793588638306 0.5479231476783752
12343 0.44848203659057617 0.5477420687675476
12344 0.45636218786239624 0.540332555770874
12345 0.4555805027484894 0.5402068495750427
12346 0.45476746559143066 0.5400761961936951
12347 0.45556968450546265 0.5402050614356995
12348 0.4397825598716736 0.5447512269020081
12349 0.4405531585216522 0.5451828837394714
12350 0.44170522689819336 0.5458937287330627
12351 0.44054025411605835 0.5452014803886414
12352 0.4517805278301239 0.5480872988700867
12353 0.45272257924079895 0.548008382320404
12354 0.45398473739624023 0.547902524471283
12355 0.4528903365135193 0.5479941964149475
12356 0.4563266932964325 0.5474801063537598
12357 0.45746806263923645 0.5467140674591064
12358 0.458719938993454 0.5467095971107483
12359 0.4576144516468048 0.5470244288444519
12360 0.44602346420288086 0.5404013991355896
12361 0.44497033953666687 0.5407399535179138
12362 0.4439113438129425 0.5409780144691467
12363 0.4448840916156769 0.5405052304267883
12364 0.4609833359718323 0.546417772769928
12365 0.46185994148254395 0.5457313656806946
12366 0.46253323554992676 0.5452457070350647
12367 0.46177366375923157 0.5463438034057617
12368 0.4601345658302307 0.5464372634887695
12369 0.46018099784851074 0.5471125245094299
12370 0.4644220173358917 0.5453295707702637
12371 0.46509596705436707 0.544537365436554
12372 0.464932918548584 0.5463542938232422
12373 0.45233580470085144 0.5397997498512268
12374 0.45135945081710815 0.5399131774902344
12375 0.4503497779369354 0.5398685932159424
12376 0.4515235722064972 0.5396847724914551
12377 0.45488789677619934 0.5476425290107727
12378 0.4550933539867401 0.5478094220161438
12379 0.45061013102531433 0.5480783581733704
12380 0.451052725315094 0.5481483340263367
12381 0.44385549426078796 0.5470108985900879
12382 0.4454791247844696 0.5472676157951355
12383 0.4457792639732361 0.5473149418830872
12384 0.44833996891975403 0.5400288701057434
12385 0.44723060727119446 0.5402507185935974
12386 0.44725823402404785 0.5400161147117615
12387 0.4492998719215393 0.5400194525718689
12388 0.4493751525878906 0.5397856831550598
12389 0.44599202275276184 0.5487942099571228
12390 0.4460475444793701 0.5584311485290527
12391 0.4485919177532196 0.5489587187767029
12392 0.455439031124115 0.5331140160560608
12393 0.454269140958786 0.5402317643165588
12394 0.4564943015575409 0.5398598313331604
12395 0.44337743520736694 0.5473722815513611
12396 0.44354987144470215 0.5533695816993713
12397 0.45846155285835266 0.5464902520179749
12398 0.4559183716773987 0.5469771027565002
12399 0.4573151767253876 0.5528268218040466
12400 0.44875568151474 0.5592849850654602
12401 0.4511413872241974 0.550392210483551
12402 0.44555848836898804 0.5407474040985107
12403 0.44415736198425293 0.5412207245826721
12404 0.4434364438056946 0.5413994789123535
12405 0.4519830048084259 0.5401707291603088
12406 0.4504084587097168 0.5405552387237549
12407 0.44991829991340637 0.5402250289916992
12408 0.4535638988018036 0.5502098202705383
12409 0.4520106911659241 0.5579482913017273
12410 0.4545876383781433 0.5545642375946045
12411 0.46112754940986633 0.5460748076438904
12412 0.46061044931411743 0.5492539405822754
12413 0.44748732447624207 0.5324487090110779
12414 0.44778916239738464 0.5403521060943604
12415 0.4459714889526367 0.5407962203025818
12416 0.4426411986351013 0.5464498400688171
12417 0.4429076015949249 0.5466082096099854
12418 0.49606162309646606 0.5737453103065491
12419 0.4956713318824768 0.5808522701263428
12420 0.4939866364002228 0.5640382170677185
12421 0.4961993992328644 0.5672845840454102
12422 0.4986380934715271 0.4812290370464325
12423 0.4986862540245056 0.48368972539901733
12424 0.497882604598999 0.48278000950813293
12425 0.49359792470932007 0.5701423287391663
12426 0.4962339401245117 0.47093650698661804
12427 0.49583765864372253 0.4696233570575714
12428 0.49786731600761414 0.48496153950691223
12429 0.4987346827983856 0.4861321449279785
12430 0.49773648381233215 0.48725128173828125
12431 0.4986743628978729 0.4888426959514618
12432 0.4971032738685608 0.4656350314617157
12433 0.49880844354629517 0.5365073680877686
12434 0.4964391589164734 0.4743153750896454
12435 0.4959273040294647 0.5345077514648438
12436 0.4985613524913788 0.5293846130371094
12437 0.4959692656993866 0.45327895879745483
12438 0.49780726432800293 0.4515955448150635
12439 0.4925866723060608 0.4844696521759033
12440 0.4934590458869934 0.4838290214538574
12441 0.49348312616348267 0.48313257098197937
12442 0.49275296926498413 0.4836307168006897
12443 0.4922967255115509 0.4832456409931183
12444 0.4918985366821289 0.48364728689193726
12445 0.4928869903087616 0.48318174481391907
12446 0.49389219284057617 0.4739198684692383
12447 0.49144214391708374 0.5666913986206055
12448 0.49275892972946167 0.5543636679649353
12449 0.4923977553844452 0.5609598755836487
12450 0.4901692867279053 0.47036534547805786
12451 0.4903356730937958 0.47112274169921875
12452 0.4913732707500458 0.46945667266845703
12453 0.4903557598590851 0.47059062123298645
12454 0.49295780062675476 0.46969887614250183
12455 0.4929771423339844 0.4704935550689697
12456 0.49153563380241394 0.46998170018196106
12457 0.49048855900764465 0.47114473581314087
12458 0.49067360162734985 0.4713740944862366
12459 0.4944164454936981 0.4524316191673279
12460 0.380208283662796 0.4734622836112976
12461 0.4815810024738312 0.48137956857681274
12462 0.48050400614738464 0.48416802287101746
12463 0.4792955219745636 0.4840404689311981
12464 0.4780140221118927 0.49035412073135376
12465 0.477190762758255 0.4898689091205597
12466 0.477875679731369 0.48761507868766785
12467 0.48302319645881653 0.4853939414024353
12468 0.4801890552043915 0.48659759759902954
12469 0.48260262608528137 0.48348337411880493
12470 0.4796300232410431 0.49318408966064453
12471 0.4782412350177765 0.49303680658340454
12472 0.4791334271430969 0.4902057349681854
12473 0.4971974194049835 0.48627904057502747
12474 0.4962294399738312 0.48514366149902344
12475 0.4969771206378937 0.4838874042034149
12476 0.4960603713989258 0.48317739367485046
12477 0.4913082718849182 0.48357337713241577
12478 0.4921345114707947 0.48309463262557983
12479 0.492731511592865 0.48373696208000183
12480 0.4918045401573181 0.48458021879196167
12481 0.49280309677124023 0.4828474223613739
12482 0.4915769100189209 0.482819139957428
12483 0.4922201335430145 0.4828955829143524
12484 0.49272605776786804 0.48305079340934753
12485 0.4916556477546692 0.4830465614795685
12486 0.496407687664032 0.4927668273448944
12487 0.49661725759506226 0.4979657828807831
12488 0.4960511028766632 0.49598169326782227
12489 0.4971213638782501 0.48942065238952637
12490 0.4963844120502472 0.4882316291332245
12491 0.4952235221862793 0.4823673367500305
12492 0.49523642659187317 0.4843136966228485
12493 0.4942919909954071 0.4836139976978302
12494 0.49483057856559753 0.48163530230522156
12495 0.49412673711776733 0.48166269063949585
12496 0.4939548671245575 0.48259279131889343
12497 0.49346375465393066 0.48289328813552856
12498 0.4923291802406311 0.4857345223426819
12499 0.4912414252758026 0.48688408732414246
12500 0.49076706171035767 0.48569202423095703
12501 0.49182602763175964 0.4872559905052185
12502 0.49040910601615906 0.489119291305542
12503 0.49020907282829285 0.48737698793411255
12504 0.48754289746284485 0.5049070715904236
12505 0.49004799127578735 0.5077958703041077
12506 0.48637059330940247 0.5092000365257263
12507 0.48498985171318054 0.5064258575439453
12508 0.49577003717422485 0.494170218706131
12509 0.49570542573928833 0.4990658164024353
12510 0.4941697418689728 0.496833860874176
12511 0.49519631266593933 0.4867829978466034
12512 0.4954628348350525 0.4903870224952698
12513 0.4940328299999237 0.4877595603466034
12514 0.4941864609718323 0.4856567978858948
12515 0.49329641461372375 0.48287728428840637
12516 0.49351829290390015 0.4829879403114319
12517 0.49031761288642883 0.4952792823314667
12518 0.4912755489349365 0.49750685691833496
12519 0.4891548454761505 0.5000500679016113
12520 0.48798680305480957 0.4972391426563263
12521 0.49057549238204956 0.5021498799324036
12522 0.48586058616638184 0.5021588206291199
12523 0.49334093928337097 0.4845227897167206
12524 0.4930820167064667 0.4869703948497772
12525 0.492644339799881 0.48983171582221985
12526 0.49243804812431335 0.4995775520801544
12527 0.493118017911911 0.49468591809272766
12528 0.4738468527793884 0.49495309591293335
12529 0.4740400016307831 0.49884769320487976
12530 0.47168415784835815 0.4981558620929718
12531 0.45839935541152954 0.5403103232383728
12532 0.4574325382709503 0.540504515171051
12533 0.45748475193977356 0.5378918647766113
12534 0.4585976004600525 0.5286231637001038
12535 0.4590718746185303 0.5321184992790222
12536 0.45788002014160156 0.5341567993164062
12537 0.4786648154258728 0.514293909072876
12538 0.4771457314491272 0.5104741454124451
12539 0.48142415285110474 0.5103549361228943
12540 0.48226499557495117 0.5133714079856873
12541 0.47149330377578735 0.502433717250824
12542 0.46944788098335266 0.5011973977088928
12543 0.4750370681285858 0.5171360373497009
12544 0.4748561382293701 0.5136509537696838
12545 0.4792035222053528 0.5177609324455261
12546 0.46959927678108215 0.5051890015602112
12547 0.4662359058856964 0.5046641230583191
12548 0.459873229265213 0.5201058983802795
12549 0.46036383509635925 0.5230880379676819
12550 0.4591481387615204 0.5233559608459473
12551 0.45849135518074036 0.5406747460365295
12552 0.45742395520210266 0.540503203868866
12553 0.4573914706707001 0.5404980182647705
12554 0.4585859477519989 0.540690004825592
12555 0.45747682452201843 0.5377499461174011
12556 0.460079163312912 0.5405116677284241
12557 0.4595256447792053 0.5406143665313721
12558 0.4594128429889679 0.5406352877616882
12559 0.45921826362609863 0.5406717658042908
12560 0.4598992168903351 0.5405451655387878
12561 0.4746398627758026 0.5101559162139893
12562 0.4723748564720154 0.5133005976676941
12563 0.47217443585395813 0.5096352100372314
12564 0.47637349367141724 0.5076040625572205
12565 0.47431257367134094 0.5066526532173157
12566 0.4765315353870392 0.4903375804424286
12567 0.47725221514701843 0.4921843707561493
12568 0.4777030944824219 0.4947900176048279
12569 0.4790630042552948 0.4955849051475525
12570 0.4719286561012268 0.505868673324585
12571 0.47370266914367676 0.5032282471656799
12572 0.46938636898994446 0.5092225670814514
12573 0.4609164893627167 0.5257013440132141
12574 0.4618837535381317 0.5225604176521301
12575 0.46228358149528503 0.5252060890197754
12576 0.4594619870185852 0.5347952246665955
12577 0.46024462580680847 0.5301251411437988
12578 0.46095821261405945 0.5322701334953308
12579 0.45902061462402344 0.5407082438468933
12580 0.4590296447277069 0.5386297106742859
12581 0.4596293270587921 0.5396943688392639
12582 0.4986460506916046 0.514743983745575
12583 0.49842578172683716 0.5214390158653259
12584 0.49666836857795715 0.518653154373169
12585 0.49922606348991394 0.5023311972618103
12586 0.49773290753364563 0.5000937581062317
12587 0.4973044991493225 0.51199871301651
12588 0.4989604651927948 0.5080075263977051
12589 0.4978727698326111 0.5053223967552185
12590 0.49671295285224915 0.5262940526008606
12591 0.49648481607437134 0.5031318664550781
12592 0.49621909856796265 0.5093970894813538
12593 0.49604421854019165 0.5069775581359863
12594 0.4960941672325134 0.5011785626411438
12595 0.4948599636554718 0.5103240609169006
12596 0.4935781955718994 0.5076356530189514
12597 0.49553540349006653 0.5040612816810608
12598 0.4940207600593567 0.5018491148948669
12599 0.4922052025794983 0.5050320029258728
12600 0.49144312739372253 0.5103736519813538
12601 0.48849794268608093 0.5122614502906799
12602 0.48484188318252563 0.5132043361663818
12603 0.48378995060920715 0.5102480053901672
12604 0.49550944566726685 0.5159604549407959
12605 0.49566978216171265 0.5132690072059631
12606 0.48571422696113586 0.5162799954414368
12607 0.48266392946243286 0.5171456933021545
12608 0.48305800557136536 0.5206771492958069
12609 0.47944191098213196 0.5211309790611267
12610 0.48966166377067566 0.5152158737182617
12611 0.49263790249824524 0.5132746696472168
12612 0.4937066435813904 0.5164567828178406
12613 0.48705607652664185 0.5201626420021057
12614 0.4904966652393341 0.5186137557029724
12615 0.48311418294906616 0.5243266224861145
12616 0.48773857951164246 0.5241479277610779
12617 0.4919399917125702 0.5356730818748474
12618 0.4939998984336853 0.5372459292411804
12619 0.49030783772468567 0.538808286190033
12620 0.4943864345550537 0.5321874618530273
12621 0.48949652910232544 0.5334599614143372
12622 0.4905097484588623 0.5292145609855652
12623 0.49396854639053345 0.5299813747406006
12624 0.4950260818004608 0.5238184332847595
12625 0.4948565661907196 0.5201963782310486
12626 0.49103257060050964 0.523202657699585
12627 0.48719146847724915 0.5282163619995117
12628 0.4803456962108612 0.507473886013031
12629 0.48265770077705383 0.5074487328529358
12630 0.4790942668914795 0.5045657157897949
12631 0.4764051139354706 0.5037912726402283
12632 0.4760572612285614 0.4943922162055969
12633 0.4749262034893036 0.492599755525589
12634 0.47576144337654114 0.4905860722064972
12635 0.4758208096027374 0.48740333318710327
12636 0.47661250829696655 0.49312299489974976
12637 0.48157262802124023 0.5046084523200989
12638 0.4835605025291443 0.5038736462593079
12639 0.4752550423145294 0.49648958444595337
12640 0.4802512526512146 0.5018341541290283
12641 0.4775347113609314 0.5014399886131287
12642 0.4819064438343048 0.5016382336616516
12643 0.4838807284832001 0.5001866221427917
12644 0.4773109555244446 0.49608731269836426
12645 0.4788312315940857 0.4992060661315918
12646 0.4766821265220642 0.49796706438064575
12647 0.48024898767471313 0.4995737671852112
12648 0.47900015115737915 0.4973592162132263
12649 0.4801698327064514 0.4973861575126648
12650 0.4817778766155243 0.4989595413208008
12651 0.4757373631000519 0.5002017617225647
12652 0.46284082531929016 0.5522841811180115
12653 0.46430590748786926 0.5514369010925293
12654 0.46306854486465454 0.5533279776573181
12655 0.4617481827735901 0.5539429187774658
12656 0.4607984721660614 0.5559219717979431
12657 0.4595804512500763 0.5556734204292297
12658 0.4605107605457306 0.5540158152580261
12659 0.46653029322624207 0.5471901297569275
12660 0.46585366129875183 0.5491779446601868
12661 0.4656701683998108 0.5488887429237366
12662 0.45881325006484985 0.5584638714790344
12663 0.45761963725090027 0.5583716034889221
12664 0.4584157168865204 0.555691659450531
12665 0.45680901408195496 0.5619938373565674
12666 0.45535534620285034 0.5611137747764587
12667 0.4563145339488983 0.557952880859375
12668 0.4542591869831085 0.5647782683372498
12669 0.4526955783367157 0.563028872013092
12670 0.4540228545665741 0.5605263710021973
12671 0.43402010202407837 0.5711240172386169
12672 0.4350070357322693 0.5759726166725159
12673 0.4291568398475647 0.5715718865394592
12674 0.4403018653392792 0.5735900402069092
12675 0.44208401441574097 0.578159511089325
12676 0.4544528126716614 0.5797345042228699
12677 0.4489428699016571 0.5789098143577576
12678 0.45139166712760925 0.5765326023101807
12679 0.4594736695289612 0.5785381197929382
12680 0.45644980669021606 0.5770845413208008
12681 0.4651269316673279 0.5759955048561096
12682 0.4606046676635742 0.5749326348304749
12683 0.4699121117591858 0.57134610414505
12684 0.4654233753681183 0.5722024440765381
12685 0.4690864384174347 0.567411482334137
12686 0.4732170104980469 0.5665741562843323
12687 0.4718951880931854 0.5627357363700867
12688 0.47546201944351196 0.5619955658912659
12689 0.43780067563056946 0.5523300170898438
12690 0.4387485682964325 0.5559300780296326
12691 0.4367007613182068 0.5541696548461914
12692 0.4357928931713104 0.5504639744758606
12693 0.44756582379341125 0.5657249093055725
12694 0.44599276781082153 0.5634792447090149
12695 0.4479841887950897 0.5627525448799133
12696 0.44973891973495483 0.5639451146125793
12697 0.45103928446769714 0.5657854080200195
12698 0.45118018984794617 0.5620913505554199
12699 0.44241616129875183 0.5606889128684998
12700 0.44449350237846375 0.5607492327690125
12701 0.4437108337879181 0.5636430382728577
12702 0.440034419298172 0.5596394538879395
12703 0.44095414876937866 0.557281494140625
12704 0.4246639609336853 0.5642004609107971
12705 0.42854043841362 0.5652511715888977
12706 0.4465174376964569 0.5760487914085388
12707 0.4771399199962616 0.557781994342804
12708 0.47387978434562683 0.55881267786026
12709 0.480788916349411 0.6196380257606506
12710 0.47681277990341187 0.6138346195220947
12711 0.431948184967041 0.6093840003013611
12712 0.42504262924194336 0.6093673706054688
12713 0.44378021359443665 0.6158092021942139
12714 0.44005778431892395 0.6103940606117249
12715 0.43465229868888855 0.613591194152832
12716 0.4375309348106384 0.6185902953147888
12717 0.42871472239494324 0.6152942776679993
12718 0.4475896954536438 0.621698796749115
12719 0.46787455677986145 0.6130920052528381
12720 0.4624186158180237 0.6188742518424988
12721 0.47191932797431946 0.6189789772033691
12722 0.47599366307258606 0.6251134276390076
12723 0.4665791690349579 0.6244137287139893
12724 0.4576253294944763 0.6238861083984375
12725 0.39736101031303406 0.49489980936050415
12726 0.39059996604919434 0.49918752908706665
12727 0.38553932309150696 0.48749595880508423
12728 0.3842181861400604 0.5050435662269592
12729 0.39507919549942017 0.5088376402854919
12730 0.3898431956768036 0.5143590569496155
12731 0.4005608856678009 0.5045379996299744
12732 0.4034147560596466 0.5119574069976807
12733 0.3989081382751465 0.5157554745674133
12734 0.4002061188220978 0.5478947758674622
12735 0.4026460349559784 0.5413784384727478
12736 0.4063727557659149 0.5472255349159241
12737 0.4063403904438019 0.5018396973609924
12738 0.41295289993286133 0.5072207450866699
12739 0.4082016348838806 0.5090435147285461
12740 0.4098272919654846 0.5155596137046814
12741 0.4059782028198242 0.5183367729187012
12742 0.40855640172958374 0.5417304635047913
12743 0.4114078879356384 0.5471207499504089
12744 0.4132978320121765 0.5421172976493835
12745 0.41533419489860535 0.5466673970222473
12746 0.4176636338233948 0.5120952129364014
12747 0.41378253698349 0.5134010910987854
12748 0.41857242584228516 0.5459132790565491
12749 0.4172084331512451 0.5421621203422546
12750 0.4150579273700714 0.5189288258552551
12751 0.41817617416381836 0.516582727432251
12752 0.42159199714660645 0.5258007049560547
12753 0.41661718487739563 0.5252980589866638
12754 0.4212627112865448 0.51507169008255
12755 0.41205862164497375 0.5217567086219788
12756 0.42734435200691223 0.5220410823822021
12757 0.42452648282051086 0.5236707329750061
12758 0.37783825397491455 0.4940876364707947
12759 0.3785766363143921 0.5125111937522888
12760 0.40265363454818726 0.522828996181488
12761 0.3997974395751953 0.5283541679382324
12762 0.3945094347000122 0.5205209851264954
12763 0.4093032479286194 0.5254622101783752
12764 0.4067847728729248 0.5299938321113586
12765 0.41431644558906555 0.5283737778663635
12766 0.4122515022754669 0.5322747230529785
12767 0.4194810688495636 0.5322346091270447
12768 0.4173600971698761 0.5348153114318848
12769 0.421700656414032 0.5562314987182617
12770 0.42441412806510925 0.5583546161651611
12771 0.4221596121788025 0.5512531399726868
12772 0.42016488313674927 0.5488868355751038
12773 0.45357295870780945 0.5398864150047302
12774 0.45255187153816223 0.5405246615409851
12775 0.45361045002937317 0.5398902297019958
12776 0.45365166664123535 0.5391621589660645
12777 0.45374158024787903 0.5364126563072205
12778 0.45487260818481445 0.523776113986969
12779 0.4542998671531677 0.5312729477882385
12780 0.4546384811401367 0.5152587890625
12781 0.4549711048603058 0.5195048451423645
12782 0.46112293004989624 0.4943515956401825
12783 0.46428877115249634 0.48990845680236816
12784 0.4679711163043976 0.4857058823108673
12785 0.4704403877258301 0.48259568214416504
12786 0.4728383719921112 0.47915199398994446
12787 0.47519657015800476 0.4759053885936737
12788 0.4762628674507141 0.477169007062912
12789 0.4783026874065399 0.4727218747138977
12790 0.484465092420578 0.46904584765434265
12791 0.4811904728412628 0.4702744483947754
12792 0.4829496741294861 0.46715980768203735
12793 0.4882461428642273 0.46738335490226746
12794 0.48647525906562805 0.46605637669563293
12795 0.4902290999889374 0.46467405557632446
12796 0.4919149577617645 0.46609094738960266
12797 0.4937676787376404 0.46421724557876587
12798 0.49538877606391907 0.4649522602558136
12799 0.4974307417869568 0.46377426385879517
12800 0.4548643231391907 0.5346845984458923
12801 0.4529227614402771 0.5337784886360168
12802 0.450416624546051 0.5326662659645081
12803 0.4479806423187256 0.5313529372215271
12804 0.4453677535057068 0.5317016243934631
12805 0.44268864393234253 0.533974826335907
12806 0.4371885657310486 0.5489349961280823
12807 0.4398302733898163 0.5538815855979919
12808 0.4431116282939911 0.5586255192756653
12809 0.4464573264122009 0.5607481598854065
12810 0.449937641620636 0.5611319541931152
12811 0.4526424705982208 0.5602540373802185
12812 0.4550929665565491 0.5581870079040527
12813 0.45723220705986023 0.5562877058982849
12814 0.45939233899116516 0.5535593628883362
12815 0.4615951180458069 0.5527520179748535
12816 0.46409961581230164 0.5505757927894592
12817 0.46616655588150024 0.5467224717140198
12818 0.45848700404167175 0.5363243222236633
12819 0.45980075001716614 0.536863386631012
12820 0.45664602518081665 0.535492479801178
12821 0.48539063334465027 0.4142151176929474
12822 0.48691630363464355 0.4147636592388153
12823 0.48525407910346985 0.41575387120246887
12824 0.4837980568408966 0.41666465997695923
12825 0.4889504909515381 0.41283348202705383
12826 0.49029916524887085 0.4141447842121124
12827 0.48842862248420715 0.41522783041000366
12828 0.4840894341468811 0.4247373938560486
12829 0.4840894043445587 0.4247373938560486
12830 0.4840894341468811 0.4247373938560486
12831 0.4840894341468811 0.4247373938560486
12832 0.484385222196579 0.4233224391937256
12833 0.48420149087905884 0.42420127987861633
12834 0.4840894043445587 0.42473742365837097
12835 0.4840894341468811 0.4247373938560486
12836 0.4840894341468811 0.4247373938560486
12837 0.4840894341468811 0.42473742365837097
12838 0.48413681983947754 0.4245109260082245
12839 0.4840894341468811 0.4247373938560486
12840 0.4840894341468811 0.4247373938560486
12841 0.4840894341468811 0.4247373938560486
12842 0.4840894341468811 0.4247373938560486
12843 0.4840894341468811 0.42473742365837097
12844 0.4840894341468811 0.42473742365837097
12845 0.4840894341468811 0.4247373938560486
12846 0.4840894341468811 0.4247373938560486
12847 0.48466771841049194 0.4219713807106018
12848 0.4844968318939209 0.4227884113788605
12849 0.4840894341468811 0.42473742365837097
12850 0.4840894043445587 0.4247373938560486
12851 0.4840894043445587 0.4247373938560486
12852 0.4840894341468811 0.4247373938560486
12853 0.4840894341468811 0.4247373938560486
12854 0.4856278896331787 0.4207122027873993
12855 0.48620468378067017 0.42162755131721497
12856 0.4842846095561981 0.42380398511886597
12857 0.4952974021434784 0.4187372028827667
12858 0.49663397669792175 0.42009514570236206
12859 0.49483177065849304 0.4204282760620117
12860 0.493852823972702 0.41937047243118286
12861 0.49312278628349304 0.41839221119880676
12862 0.49202826619148254 0.4200184941291809
12863 0.4909636676311493 0.41932007670402527
12864 0.48271676898002625 0.42516571283340454
12865 0.48401784896850586 0.4243069291114807
12866 0.4840894341468811 0.4247373938560486
12867 0.48410511016845703 0.4248198866844177
12868 0.4824109673500061 0.42118093371391296
12869 0.48401209712028503 0.4217061400413513
12870 0.4837518334388733 0.4229300320148468
12871 0.4925556480884552 0.4247373938560486
12872 0.4937991797924042 0.4247373938560486
12873 0.49021047353744507 0.4247373938560486
12874 0.48921817541122437 0.4247373938560486
12875 0.49590063095092773 0.4210040867328644
12876 0.4938865005970001 0.42177149653434753
12877 0.49301382899284363 0.42067959904670715
12878 0.4882666766643524 0.4247373938560486
12879 0.48605844378471375 0.4247373938560486
12880 0.48520490527153015 0.4247373938560486
12881 0.49056246876716614 0.421648234128952
12882 0.48981550335884094 0.4207002818584442
12883 0.4842749238014221 0.41968420147895813
12884 0.4849662780761719 0.41998618841171265
12885 0.4868321716785431 0.41909170150756836
12886 0.4878222644329071 0.4195764660835266
12887 0.4840894341468811 0.4247373938560486
12888 0.4840894341468811 0.4247373938560486
12889 0.4840894341468811 0.4247373938560486
12890 0.4840894341468811 0.4247373938560486
12891 0.4825952351093292 0.4251909554004669
12892 0.4840894341468811 0.4247373938560486
12893 0.4838390648365021 0.4251602292060852
12894 0.4967033863067627 0.4150443375110626
12895 0.4958696663379669 0.4135286808013916
12896 0.49701792001724243 0.41269969940185547
12897 0.49804142117500305 0.413804292678833
12898 0.49486783146858215 0.4120929539203644
12899 0.49444156885147095 0.41489213705062866
12900 0.4935298562049866 0.4135091304779053
12901 0.4807598888874054 0.4202875792980194
12902 0.47994306683540344 0.4207804799079895
12903 0.48045140504837036 0.41961434483528137
12904 0.48159006237983704 0.41910892724990845
12905 0.48223423957824707 0.4164855182170868
12906 0.48273444175720215 0.41812464594841003
12907 0.477845698595047 0.42562010884284973
12908 0.47829800844192505 0.42548176646232605
12909 0.47888442873954773 0.4254815876483917
12910 0.47837069630622864 0.4257964491844177
12911 0.4989054203033447 0.4136956036090851
12912 0.4988038241863251 0.41523462533950806
12913 0.4963936507701874 0.4247373938560486
12914 0.49514061212539673 0.42473724484443665
12915 0.4840894341468811 0.42473742365837097
12916 0.4840894341468811 0.4247373938560486
12917 0.4840894341468811 0.4247373938560486
12918 0.4840894341468811 0.4247373938560486
12919 0.4840894341468811 0.4247373938560486
12920 0.4840894341468811 0.4247373938560486
12921 0.48386478424072266 0.42379048466682434
12922 0.4821619689464569 0.4231467843055725
12923 0.47794798016548157 0.4254627823829651
12924 0.4785962402820587 0.4255076050758362
12925 0.47896915674209595 0.4253709018230438
12926 0.4977192282676697 0.4208487868309021
12927 0.497224360704422 0.4239005744457245
12928 0.4840894341468811 0.4247373938560486
12929 0.4840894341468811 0.4247373938560486
12930 0.4840894341468811 0.4247373938560486
12931 0.4840894341468811 0.4247373938560486
12932 0.47926780581474304 0.4256317913532257
12933 0.47847628593444824 0.42561987042427063
12934 0.4822154641151428 0.42386600375175476
12935 0.4840894341468811 0.4247373938560486
12936 0.4840894341468811 0.4247373938560486
12937 0.47754502296447754 0.42550161480903625
12938 0.4778401851654053 0.4261813461780548
12939 0.4772014915943146 0.4264998435974121
12940 0.47717946767807007 0.42426198720932007
12941 0.477821409702301 0.42546844482421875
12942 0.47864916920661926 0.4203493297100067
12943 0.4795696437358856 0.4201193153858185
12944 0.47965046763420105 0.41764524579048157
12945 0.48091989755630493 0.4168694019317627
12946 0.48212122917175293 0.4149555563926697
12947 0.48341014981269836 0.4147312343120575
12948 0.4855732321739197 0.41208335757255554
12949 0.48735979199409485 0.4121079444885254
12950 0.4895470440387726 0.4097599685192108
12951 0.4909997284412384 0.4107666313648224
12952 0.49466273188591003 0.41047292947769165
12953 0.49587008357048035 0.41161438822746277
12954 0.4937979578971863 0.41095396876335144
12955 0.4967467784881592 0.41106274724006653
12956 0.4978638291358948 0.41235968470573425
12957 0.4794725775718689 0.42526406049728394
12958 0.4802418053150177 0.42528602480888367
12959 0.47954681515693665 0.4255182445049286
12960 0.47962233424186707 0.4253535866737366
12961 0.4802892804145813 0.42524343729019165
12962 0.4805125594139099 0.42552801966667175
12963 0.4801017642021179 0.425803005695343
12964 0.4809110164642334 0.42114976048469543
12965 0.4816901981830597 0.41979244351387024
12966 0.4838114082813263 0.41787487268447876
12967 0.48265695571899414 0.4195557236671448
12968 0.4865283668041229 0.41603878140449524
12969 0.4848518669605255 0.41780900955200195
12970 0.4897145926952362 0.4157567620277405
12971 0.4877491295337677 0.41695910692214966
12972 0.4952881336212158 0.4155115485191345
12973 0.4938242733478546 0.416246235370636
12974 0.49288755655288696 0.41571587324142456
12975 0.4960077106952667 0.4166121780872345
12976 0.4974361062049866 0.4156842529773712
12977 0.48140689730644226 0.4252007305622101
12978 0.4806055724620819 0.4239049553871155
12979 0.4808330237865448 0.42400413751602173
12980 0.4808097183704376 0.4234318137168884
12981 0.48166292905807495 0.42098432779312134
12982 0.48350876569747925 0.4195115268230438
12983 0.485835999250412 0.4182150065898895
12984 0.4888212978839874 0.4181160628795624
12985 0.494568407535553 0.4175100326538086
12986 0.4918684661388397 0.41742444038391113
12987 0.4966968894004822 0.4178502857685089
12988 0.4840894341468811 0.4247373938560486
12989 0.4840894341468811 0.4247373938560486
12990 0.4840894341468811 0.4247373938560486
12991 0.4840894341468811 0.4247373938560486
12992 0.4840894341468811 0.4247373938560486
12993 0.4840894341468811 0.4247373938560486
12994 0.4840894341468811 0.4247373938560486
12995 0.4840894341468811 0.4247373938560486
12996 0.4840894341468811 0.4247373938560486
12997 0.4840894341468811 0.4247373938560486
12998 0.4840894341468811 0.4247373938560486
12999 0.4840894341468811 0.4247373938560486
13000 0.4983067214488983 0.4198751449584961
13001 0.49878525733947754 0.4110810458660126
13002 0.49826523661613464 0.4172876179218292
13003 0.4926217198371887 0.40993016958236694
13004 0.49248266220092773 0.4120590388774872
13005 0.4840894341468811 0.4247373938560486
13006 0.4840894341468811 0.4247373938560486
13007 0.4840894341468811 0.42473742365837097
13008 0.4844217598438263 0.4247373938560486
13009 0.4898611903190613 0.4185657799243927
13010 0.49084681272506714 0.4170188307762146
13011 0.48880746960639954 0.4202110469341278
13012 0.48678234219551086 0.4226782023906708
13013 0.49161583185195923 0.4155106842517853
13014 0.49503591656684875 0.4243176579475403
13015 0.49141618609428406 0.4232759177684784
13016 0.4874313175678253 0.4238419234752655
13017 0.4840894043445587 0.4247373938560486
13018 0.4840894341468811 0.42473742365837097
13019 0.4840894043445587 0.4247373938560486
13020 0.4840894341468811 0.4247373938560486
13021 0.4840894341468811 0.4247373938560486
13022 0.4840894341468811 0.4247373938560486
13023 0.4840894341468811 0.4247373938560486
13024 0.4840894341468811 0.4247373938560486
13025 0.47670385241508484 0.4250640571117401
13026 0.47713324427604675 0.42773574590682983
13027 0.476435124874115 0.4266660213470459
13028 0.47661978006362915 0.4239458441734314
13029 0.47701433300971985 0.4228494465351105
13030 0.47774916887283325 0.41860145330429077
13031 0.47865206003189087 0.4181972146034241
13032 0.47926875948905945 0.41655662655830383
13033 0.4807126522064209 0.41564127802848816
13034 0.48194625973701477 0.4132640063762665
13035 0.48355820775032043 0.41290736198425293
13036 0.4876890480518341 0.40926462411880493
13037 0.4855632185935974 0.4101315140724182
13038 0.48925158381462097 0.40934425592422485
13039 0.49103114008903503 0.4094350039958954
13040 0.49370914697647095 0.40957143902778625
13041 0.4925670921802521 0.4095132648944855
13042 0.4955046474933624 0.40987926721572876
13043 0.4944164454936981 0.40956300497055054
13044 0.49649742245674133 0.40953800082206726
13045 0.4976780116558075 0.40993690490722656
13046 0.49863147735595703 0.40951231122016907
13047 0.4840894341468811 0.4247373938560486
13048 0.48388123512268066 0.4256027042865753
13049 0.48256611824035645 0.42549824714660645
13050 0.4840894341468811 0.4247373938560486
13051 0.4840894341468811 0.4247373938560486
13052 0.4840894341468811 0.4247373938560486
13053 0.4840894341468811 0.4247373938560486
13054 0.4840894341468811 0.4247373938560486
13055 0.4840894341468811 0.4247373938560486
13056 0.4840894341468811 0.4247373938560486
13057 0.4790964722633362 0.42597195506095886
13058 0.4789118766784668 0.4268285930156708
13059 0.4782600402832031 0.42667627334594727
13060 0.4840894341468811 0.4247373938560486
13061 0.4840894341468811 0.4247373938560486
13062 0.4840894341468811 0.4247373938560486
13063 0.4840894341468811 0.4247373938560486
13064 0.4840894341468811 0.4247373938560486
13065 0.4840894341468811 0.42473742365837097
13066 0.4841327965259552 0.42496585845947266
13067 0.4840894043445587 0.4247373938560486
13068 0.4843883812427521 0.42631369829177856
13069 0.4815182387828827 0.42300480604171753
13070 0.48007819056510925 0.42838171124458313
13071 0.47920653223991394 0.428379088640213
13072 0.4796898066997528 0.42690321803092957
13073 0.4784274697303772 0.4288448989391327
13074 0.4797530770301819 0.43018868565559387
13075 0.47869473695755005 0.43095704913139343
13076 0.47768405079841614 0.42837926745414734
13077 0.47989457845687866 0.4261752963066101
13078 0.4807848632335663 0.42638057470321655
13079 0.48078131675720215 0.42715099453926086
13080 0.4802573323249817 0.425656259059906
13081 0.4808507263660431 0.4232046902179718
13082 0.4823019504547119 0.42669349908828735
13083 0.4840894341468811 0.4247373938560486
13084 0.4840894043445587 0.4247373938560486
13085 0.4793972373008728 0.43453267216682434
13086 0.47832390666007996 0.43343499302864075
13087 0.4780127704143524 0.4308275580406189
13088 0.47715380787849426 0.4297623634338379
13089 0.4840894341468811 0.4247373938560486
13090 0.4840894341468811 0.42473742365837097
13091 0.4840894341468811 0.4247373938560486
13092 0.4840894341468811 0.4247373938560486
13093 0.48411422967910767 0.4248681664466858
13094 0.48427295684814453 0.4257049262523651
13095 0.4840894341468811 0.42473742365837097
13096 0.4840894043445587 0.4247373938560486
13097 0.4845559000968933 0.425025999546051
13098 0.4842551052570343 0.4256107807159424
13099 0.4840894341468811 0.4247373938560486
13100 0.4840894341468811 0.4247373938560486
13101 0.4840894341468811 0.4247373938560486
13102 0.4840894341468811 0.4247373938560486
13103 0.4840894043445587 0.4247373938560486
13104 0.4840894341468811 0.42473742365837097
13105 0.4840894043445587 0.4247373938560486
13106 0.4878990352153778 0.42577531933784485
13107 0.4866327941417694 0.42631155252456665
13108 0.485736608505249 0.4247373938560486
13109 0.4840894341468811 0.4247373938560486
13110 0.48604995012283325 0.4247373938560486
13111 0.48469117283821106 0.4247373938560486
13112 0.4953874945640564 0.42517730593681335
13113 0.4938095211982727 0.4265403747558594
13114 0.49146467447280884 0.4258841872215271
13115 0.49300506711006165 0.4250659644603729
13116 0.49023717641830444 0.4247373938560486
13117 0.4921865165233612 0.4247373938560486
13118 0.4937043786048889 0.42473742365837097
13119 0.4921865165233612 0.4247373938560486
13120 0.4858010411262512 0.434036523103714
13121 0.487652063369751 0.4332990050315857
13122 0.489252507686615 0.4366307854652405
13123 0.4873216450214386 0.4377132058143616
13124 0.48347020149230957 0.43197014927864075
13125 0.48467302322387695 0.43106940388679504
13126 0.4843182861804962 0.4347652792930603
13127 0.4822874367237091 0.4325886070728302
13128 0.48160576820373535 0.4301776885986328
13129 0.48267561197280884 0.42967483401298523
13130 0.49280574917793274 0.4379662871360779
13131 0.4946659207344055 0.4356861710548401
13132 0.49633315205574036 0.4381832480430603
13133 0.49448105692863464 0.44083449244499207
13134 0.48444822430610657 0.42662930488586426
13135 0.4839487671852112 0.42699092626571655
13136 0.4842197597026825 0.4254243075847626
13137 0.4844513237476349 0.42664533853530884
13138 0.485426664352417 0.42644599080085754
13139 0.4846004843711853 0.42743179202079773
13140 0.4846603572368622 0.4277477562427521
13141 0.48872464895248413 0.4276063144207001
13142 0.4873576760292053 0.427883118391037
13143 0.4920196831226349 0.42775481939315796
13144 0.49580007791519165 0.4274475574493408
13145 0.4943275451660156 0.42873409390449524
13146 0.4840894043445587 0.4247373938560486
13147 0.4840894341468811 0.4247373938560486
13148 0.4840894341468811 0.42473742365837097
13149 0.4840894341468811 0.4247373938560486
13150 0.49553993344306946 0.4247373938560486
13151 0.49634334444999695 0.42473742365837097
13152 0.4805012047290802 0.4304092228412628
13153 0.48099714517593384 0.42816564440727234
13154 0.4925153851509094 0.4247373938560486
13155 0.4944128692150116 0.4247373938560486
13156 0.4895201027393341 0.42473742365837097
13157 0.49166110157966614 0.4247373938560486
13158 0.49700117111206055 0.42473748326301575
13159 0.4976494610309601 0.4248656928539276
13160 0.4961867928504944 0.4425833523273468
13161 0.4944247603416443 0.4450812041759491
13162 0.49284839630126953 0.44246774911880493
13163 0.4891192317008972 0.4408095180988312
13164 0.4872559905052185 0.441830575466156
13165 0.4853706955909729 0.4380461573600769
13166 0.4841492474079132 0.43888330459594727
13167 0.483030766248703 0.4353523552417755
13168 0.4812457859516144 0.4325442314147949
13169 0.48232340812683105 0.4361100196838379
13170 0.48000144958496094 0.4336525797843933
13171 0.4928378462791443 0.4331071674823761
13172 0.49457094073295593 0.4314238429069519
13173 0.49642300605773926 0.43339940905570984
13174 0.4859786033630371 0.4306945502758026
13175 0.4876296818256378 0.43012741208076477
13176 0.4893665909767151 0.43210655450820923
13177 0.4839087128639221 0.4295533001422882
13178 0.48500797152519226 0.4295807480812073
13179 0.4820999503135681 0.4282984733581543
13180 0.4834442734718323 0.4286217987537384
13181 0.48176342248916626 0.4273965358734131
13182 0.4961853623390198 0.430043488740921
13183 0.49263644218444824 0.4300275444984436
13184 0.4892539381980896 0.4293885827064514
13185 0.4858873188495636 0.4283945858478546
13186 0.48484474420547485 0.42872026562690735
13187 0.4835614860057831 0.427762508392334
13188 0.4977906048297882 0.4280836880207062
13189 0.4909060299396515 0.4441985785961151
13190 0.4908544719219208 0.4400227665901184
13191 0.49106505513191223 0.4350282549858093
13192 0.49105432629585266 0.4308071434497833
13193 0.4906790256500244 0.4288160502910614
13194 0.4899817109107971 0.4268288016319275
13195 0.4893512427806854 0.42512577772140503
13196 0.48764893412590027 0.4247373938560486
13197 0.48856422305107117 0.4247373938560486
13198 0.49800756573677063 0.4404645562171936
13199 0.4977756142616272 0.44438958168029785
13200 0.4980323612689972 0.43112272024154663
13201 0.49810606241226196 0.43533092737197876
13202 0.4840894341468811 0.4247373938560486
13203 0.4840894341468811 0.4247373938560486
13204 0.4840894341468811 0.4247373938560486
13205 0.4870789349079132 0.4247373938560486
13206 0.4908945560455322 0.4247373938560486
13207 0.494630366563797 0.4247373938560486
13208 0.4960778057575226 0.44675713777542114
13209 0.4978072941303253 0.4480290710926056
13210 0.49438098073005676 0.44846442341804504
13211 0.4928152859210968 0.44673851132392883
13212 0.4912269413471222 0.44874098896980286
13213 0.4891044795513153 0.4456806182861328
13214 0.487432062625885 0.4467041790485382
13215 0.485382616519928 0.4427686333656311
13216 0.4845159649848938 0.44376569986343384
13217 0.4831051230430603 0.44004109501838684
13218 0.48264259099960327 0.4402649700641632
13219 0.48117631673812866 0.4362131953239441
13220 0.4800317585468292 0.43741104006767273
13221 0.4954363703727722 0.4092719256877899
13222 0.49746015667915344 0.4087147116661072
13223 0.4935474693775177 0.40946418046951294
13224 0.48016050457954407 0.4140340983867645
13225 0.4832756817340851 0.41112926602363586
13226 0.476127564907074 0.4252340495586395
13227 0.47657057642936707 0.42175477743148804
13228 0.4872129261493683 0.4092404246330261
13229 0.4906105697154999 0.40863439440727234
13230 0.47803351283073425 0.41705796122550964
13231 0.4763947129249573 0.428922176361084
13232 0.47728437185287476 0.43216392397880554
13233 0.4789428412914276 0.43599268794059753
13234 0.48118069767951965 0.44022423028945923
13235 0.48362618684768677 0.4447574317455292
13236 0.4858686327934265 0.4478468894958496
13237 0.4895968735218048 0.4502372145652771
13238 0.4928966164588928 0.4505343437194824
13239 0.49609237909317017 0.4501290023326874
13240 0.4937724769115448 0.4726605713367462
13241 0.4935855269432068 0.4719839096069336
13242 0.4930722415447235 0.4718746542930603
13243 0.49178817868232727 0.47056323289871216
13244 0.4932842552661896 0.4724333584308624
13245 0.49318554997444153 0.4723873436450958
13246 0.492632657289505 0.4721298813819885
13247 0.49205833673477173 0.4727001488208771
13248 0.4889755845069885 0.4890444576740265
13249 0.4883689284324646 0.487037718296051
13250 0.4897432029247284 0.48667386174201965
13251 0.48535946011543274 0.4870767295360565
13252 0.4844508767127991 0.4854314625263214
13253 0.48575669527053833 0.48548072576522827
13254 0.4863494038581848 0.48634910583496094
13255 0.4910006821155548 0.4828037619590759
13256 0.4900090992450714 0.4828398525714874
13257 0.4911108613014221 0.48332980275154114
13258 0.4904181957244873 0.4842657744884491
13259 0.4891817569732666 0.4852850139141083
13260 0.4908333122730255 0.48289912939071655
13261 0.49005720019340515 0.4825291335582733
13262 0.48983174562454224 0.48326799273490906
13263 0.48761850595474243 0.4946448504924774
13264 0.4851820170879364 0.4983775019645691
13265 0.4860578179359436 0.49573203921318054
13266 0.4826006591320038 0.49616771936416626
13267 0.4817393124103546 0.4946442246437073
13268 0.4832971394062042 0.4934905171394348
13269 0.48382970690727234 0.495317667722702
13270 0.4837782084941864 0.4967164993286133
13271 0.48304370045661926 0.4979884624481201
13272 0.4814128279685974 0.49700453877449036
13273 0.48422619700431824 0.4845079779624939
13274 0.4832884967327118 0.48620790243148804
13275 0.48035043478012085 0.4953436553478241
13276 0.48109835386276245 0.4924028217792511
13277 0.485795259475708 0.4936940371990204
13278 0.48769450187683105 0.4860629439353943
13279 0.48687463998794556 0.4883587062358856
13280 0.48864221572875977 0.4838102161884308
13281 0.4872751235961914 0.4846537709236145
13282 0.4891795516014099 0.4825630187988281
13283 0.4881562888622284 0.48284047842025757
13284 0.48931315541267395 0.48238062858581543
13285 0.48851799964904785 0.48186567425727844
13286 0.4884665012359619 0.4819157123565674
13287 0.48928239941596985 0.4830808639526367
13288 0.48314568400382996 0.47921323776245117
13289 0.48283860087394714 0.4811408817768097
13290 0.48471421003341675 0.4781089425086975
13291 0.48410674929618835 0.47916990518569946
13292 0.4840783476829529 0.48055461049079895
13293 0.48412206768989563 0.4824219346046448
13294 0.4853067696094513 0.4794636368751526
13295 0.48528212308883667 0.48053404688835144
13296 0.48537856340408325 0.4819953441619873
13297 0.48552364110946655 0.48400232195854187
13298 0.4869346022605896 0.48334863781929016
13299 0.4866361916065216 0.4818558096885681
13300 0.4877011477947235 0.4817442297935486
13301 0.4863435924053192 0.48065516352653503
13302 0.4856310188770294 0.46741387248039246
13303 0.4896077811717987 0.461614191532135
13304 0.4860837757587433 0.4656818211078644
13305 0.48835259675979614 0.4585556387901306
13306 0.4935794472694397 0.4247373938560486
13307 0.49141499400138855 0.42473742365837097
13308 0.4870961010456085 0.4247373938560486
13309 0.48425430059432983 0.4247373938560486
13310 0.4882798194885254 0.4247373938560486
13311 0.47741463780403137 0.24483464658260345
13312 0.4594099223613739 0.23292848467826843
13313 0.45607423782348633 0.23250505328178406
13314 0.49397045373916626 0.29698750376701355
13315 0.4769483208656311 0.2752441167831421
13316 0.4770656228065491 0.47103002667427063
13317 0.4673450291156769 0.4920308291912079
13318 0.4652922749519348 0.5324347615242004
13319 0.36859846115112305 0.32792115211486816
13320 0.3660186529159546 0.32755210995674133
13321 0.3955172300338745 0.24666902422904968
13322 0.4827539622783661 0.456523597240448
13323 0.4836577773094177 0.4610597491264343
13324 0.48060962557792664 0.46673062443733215
13325 0.4820708930492401 0.300688773393631
13326 0.4478168487548828 0.25788334012031555
13327 0.4572124183177948 0.2923409640789032
13328 0.41867595911026 0.23990610241889954
13329 0.4272652268409729 0.26509901881217957
13330 0.3821050524711609 0.254668265581131
13331 0.36968910694122314 0.34997105598449707
13332 0.3691570460796356 0.3340873718261719
13333 0.43465137481689453 0.28598037362098694
13334 0.4541285037994385 0.31214597821235657
13335 0.46510887145996094 0.3164648711681366
13336 0.41768214106559753 0.2771688401699066
13337 0.4231548607349396 0.2924146354198456
13338 0.3856649696826935 0.39579346776008606
13339 0.38124415278434753 0.35298994183540344
13340 0.37871411442756653 0.32286536693573
13341 0.4840894341468811 0.4247373938560486
13342 0.4787129759788513 0.44661828875541687
13343 0.4848361313343048 0.42473742365837097
13344 0.47769978642463684 0.44098544120788574
13345 0.48177245259284973 0.45198845863342285
13346 0.48090675473213196 0.45632404088974
13347 0.4801342189311981 0.45206305384635925
13348 0.4815549850463867 0.46004730463027954
13349 0.48170897364616394 0.46279376745224
13350 0.4743306636810303 0.4599461853504181
13351 0.4746238887310028 0.452894926071167
13352 0.46883752942085266 0.4676465690135956
13353 0.4621763825416565 0.4631066620349884
13354 0.46214622259140015 0.462983638048172
13355 0.4714750647544861 0.4648173153400421
13356 0.45528408885002136 0.45055726170539856
13357 0.4285101294517517 0.431508332490921
13358 0.461974173784256 0.4622840881347656
13359 0.4650728404521942 0.45911508798599243
13360 0.47339731454849243 0.4400884509086609
13361 0.4840894341468811 0.4247373938560486
13362 0.46855783462524414 0.4381559491157532
13363 0.44356414675712585 0.3758230209350586
13364 0.4521093964576721 0.3840137720108032
13365 0.4320859909057617 0.34187573194503784
13366 0.41019198298454285 0.3257204592227936
13367 0.42659708857536316 0.3477417826652527
13368 0.39400535821914673 0.342948317527771
13369 0.3987141251564026 0.40100356936454773
13370 0.41414257884025574 0.39082005620002747
13371 0.4759342074394226 0.4453917145729065
13372 0.4711478352546692 0.4432675838470459
13373 0.47580718994140625 0.44924139976501465
13374 0.4303475022315979 0.42984628677368164
13375 0.4596288502216339 0.4501679539680481
13376 0.4455795884132385 0.4325161576271057
13377 0.4625868797302246 0.4475236237049103
13378 0.4693177342414856 0.449785977602005
13379 0.47051578760147095 0.4460906684398651
13380 0.454637348651886 0.3943178355693817
13381 0.4496197998523712 0.39030277729034424
13382 0.44789642095565796 0.3921700716018677
13383 0.4522969722747803 0.39709851145744324
13384 0.44110438227653503 0.38665124773979187
13385 0.4427977204322815 0.3932010531425476
13386 0.44735074043273926 0.3972657024860382
13387 0.46848732233047485 0.39951011538505554
13388 0.4840894341468811 0.4247373938560486
13389 0.4840894341468811 0.4247373938560486
13390 0.46468237042427063 0.3961317837238312
13391 0.45787861943244934 0.3938441574573517
13392 0.45748230814933777 0.3994145095348358
13393 0.46499156951904297 0.40376943349838257
13394 0.4671976566314697 0.3953659236431122
13395 0.467142790555954 0.44050338864326477
13396 0.4664175808429718 0.4429207444190979
13397 0.46216610074043274 0.43982452154159546
13398 0.45911890268325806 0.4427969753742218
13399 0.44149187207221985 0.42459172010421753
13400 0.4497959315776825 0.4270210564136505
13401 0.4233470559120178 0.3868868350982666
13402 0.4279995262622833 0.4107649624347687
13403 0.43355250358581543 0.40210750699043274
13404 0.4401851296424866 0.37915560603141785
13405 0.4299931228160858 0.3807014226913452
13406 0.4530718922615051 0.39105942845344543
13407 0.44255828857421875 0.3983505070209503
13408 0.44341322779655457 0.4103793501853943
13409 0.4467238783836365 0.4063761234283447
13410 0.44835159182548523 0.42093855142593384
13411 0.45924660563468933 0.4358167350292206
13412 0.45339033007621765 0.4225323796272278
13413 0.46512505412101746 0.4358740448951721
13414 0.46481040120124817 0.4366402328014374
13415 0.46262651681900024 0.4330231845378876
13416 0.4840894341468811 0.4247373938560486
13417 0.4840894341468811 0.4247373938560486
13418 0.4840894341468811 0.4247373938560486
13419 0.4840894341468811 0.4247373938560486
13420 0.43280503153800964 0.3863033056259155
13421 0.4458889663219452 0.3997492492198944
13422 0.41037365794181824 0.34392932057380676
13423 0.3928785026073456 0.31939902901649475
13424 0.39272117614746094 0.2616914212703705
13425 0.41361379623413086 0.23857173323631287
13426 0.4607643783092499 0.42993849515914917
13427 0.45495250821113586 0.41894954442977905
13428 0.4526824653148651 0.41823437809944153
13429 0.4840894341468811 0.4247373938560486
13430 0.4840894341468811 0.4247373938560486
13431 0.44111281633377075 0.4169309437274933
13432 0.44878536462783813 0.41553017497062683
13433 0.42633751034736633 0.42093509435653687
13434 0.4180924594402313 0.4220260977745056
13435 0.3949858546257019 0.40905672311782837
13436 0.39255353808403015 0.4046754539012909
13437 0.4840894341468811 0.4247373938560486
13438 0.4840894341468811 0.4247373938560486
13439 0.4840894341468811 0.4247373938560486
13440 0.4840894341468811 0.4247373938560486
13441 0.4840894341468811 0.4247373938560486
13442 0.4840894341468811 0.4247373938560486
13443 0.4626918137073517 0.43313103914260864
13444 0.46099430322647095 0.43031933903694153
13445 0.4840894341468811 0.4247373938560486
13446 0.4840894341468811 0.4247373938560486
13447 0.45341068506240845 0.4156832993030548
13448 0.45337414741516113 0.4156057834625244
13449 0.4552247226238251 0.4195261001586914
13450 0.45051711797714233 0.4118451774120331
13451 0.45614391565322876 0.41895243525505066
13452 0.44817739725112915 0.4024371802806854
13453 0.45132210850715637 0.4032983183860779
13454 0.4510968029499054 0.4001047611236572
13455 0.46366235613822937 0.4050486087799072
13456 0.464739054441452 0.4088299572467804
13457 0.45517516136169434 0.4012942314147949
13458 0.4571142792701721 0.4049825072288513
13459 0.453384131193161 0.4029400050640106
13460 0.45275047421455383 0.40694671869277954
13461 0.4550366997718811 0.4062198996543884
13462 0.4630158543586731 0.40982586145401
13463 0.4840894341468811 0.4247373938560486
13464 0.46256181597709656 0.4142144024372101
13465 0.4840894341468811 0.4247373938560486
13466 0.45133402943611145 0.4112841784954071
13467 0.44879287481307983 0.4059009253978729
13468 0.44999831914901733 0.407362699508667
13469 0.45659881830215454 0.4095368981361389
13470 0.45447251200675964 0.4106479287147522
13471 0.4562213122844696 0.4140736758708954
13472 0.4521184265613556 0.4116906523704529
13473 0.45416951179504395 0.415528267621994
13474 0.4840894341468811 0.4247373938560486
13475 0.485854834318161 0.3955429196357727
13476 0.4840894341468811 0.4247373938560486
13477 0.4852294325828552 0.4247373938560486
13478 0.4930913746356964 0.3952028751373291
13479 0.4950914680957794 0.3952360153198242
13480 0.4966396689414978 0.39526164531707764
13481 0.4699260890483856 0.395718514919281
13482 0.47273996472358704 0.3974205255508423
13483 0.476256400346756 0.3956778347492218
13484 0.47563454508781433 0.39695999026298523
13485 0.4787718653678894 0.3972022831439972
13486 0.4793195128440857 0.39578336477279663
13487 0.4869970679283142 0.3949863910675049
13488 0.4843021035194397 0.39322736859321594
13489 0.48342424631118774 0.3957005739212036
13490 0.4945252239704132 0.3952266573905945
13491 0.48840612173080444 0.39221644401550293
13492 0.4969537556171417 0.3196144998073578
13493 0.4915592074394226 0.30968502163887024
13494 0.4961559474468231 0.39525362849235535
13495 0.48961061239242554 0.319806307554245
13496 0.47470468282699585 0.31870850920677185
13497 0.4585256278514862 0.3854628801345825
13498 0.4709377586841583 0.3891254663467407
13499 0.473871648311615 0.3955957591533661
13500 0.477122038602829 0.3957076370716095
13501 0.47537899017333984 0.3956475853919983
13502 0.4728836715221405 0.39556169509887695
13503 0.4698009192943573 0.39545556902885437
13504 0.47110918164253235 0.3952201008796692
13505 0.4684428572654724 0.3920935392379761
13506 0.45820480585098267 0.3908860981464386
13507 0.47736459970474243 0.39571598172187805
13508 0.4661044478416443 0.39532825350761414
13509 0.4771001636981964 0.39397045969963074
13510 0.4740297794342041 0.3939191997051239
13511 0.48523685336112976 0.3905792534351349
13512 0.476692259311676 0.3915850520133972
13513 0.48864009976387024 0.39244019985198975
13514 0.48555466532707214 0.3894910514354706
13515 0.4954847991466522 0.39524248242378235
13516 0.4725635051727295 0.39135217666625977
13517 0.4759584069252014 0.38954588770866394
13518 0.4856032729148865 0.3895375430583954
13519 0.49257853627204895 0.47326257824897766
13520 0.49262458086013794 0.48554903268814087
13521 0.49149370193481445 0.48458433151245117
13522 0.49341481924057007 0.4725220501422882
13523 0.49013659358024597 0.48396968841552734
13524 0.49079516530036926 0.47193196415901184
13525 0.4910709857940674 0.47206348180770874
13526 0.4853641986846924 0.4787406325340271
13527 0.4859292507171631 0.47925400733947754
13528 0.4860837757587433 0.4799008369445801
13529 0.48722222447395325 0.4809926152229309
13530 0.48790305852890015 0.48137351870536804
13531 0.4867599308490753 0.4803478717803955
13532 0.49040740728378296 0.47193148732185364
13533 0.4905448257923126 0.47175148129463196
13534 0.4904904365539551 0.47242167592048645
13535 0.48527857661247253 0.4777509570121765
13536 0.48560577630996704 0.4783117473125458
13537 0.4924786388874054 0.4720582664012909
13538 0.4923429787158966 0.4726285934448242
13539 0.48923927545547485 0.4845828711986542
13540 0.4922075569629669 0.47226405143737793
13541 0.4884147047996521 0.48355913162231445
13542 0.49086683988571167 0.47228744626045227
13543 0.4906134307384491 0.47232934832572937
13544 0.4907169044017792 0.47234103083610535
13545 0.4905746281147003 0.47239166498184204
13546 0.48590871691703796 0.47884705662727356
13547 0.4906637668609619 0.47235986590385437
13548 0.48641538619995117 0.47975948452949524
13549 0.4873277544975281 0.4809466004371643
13550 0.487765371799469 0.4817836284637451
13551 0.4868350327014923 0.48036307096481323
13552 0.49205660820007324 0.47187134623527527
13553 0.49191829562187195 0.4722082018852234
13554 0.49129530787467957 0.47213464975357056
13555 0.49095460772514343 0.4722561836242676
13556 0.49128416180610657 0.4721386730670929
13557 0.49081850051879883 0.4723046123981476
13558 0.49112680554389954 0.47219470143318176
13559 0.4914567768573761 0.47269701957702637
13560 0.4919154942035675 0.47257471084594727
13561 0.4916222095489502 0.4720180630683899
13562 0.4906578063964844 0.47236204147338867
13563 0.49080318212509155 0.4723101258277893
13564 0.49103111028671265 0.4722289443016052
13565 0.4639732241630554 0.5455202460289001
13566 0.4643700420856476 0.5446295142173767
13567 0.46469646692276 0.5443405508995056
13568 0.44356897473335266 0.5575898289680481
13569 0.4430990517139435 0.5593759417533875
13570 0.44608259201049805 0.5603520274162292
13571 0.4566478729248047 0.5321188569068909
13572 0.4556386172771454 0.5231637358665466
13573 0.4541863799095154 0.5286674499511719
13574 0.4558057487010956 0.5533958077430725
13575 0.45769381523132324 0.552761971950531
13576 0.45939064025878906 0.5515627264976501
13577 0.44582557678222656 0.5630983710289001
13578 0.4494078457355499 0.5614471435546875
13579 0.4443495571613312 0.5411982536315918
13580 0.4408263564109802 0.537932813167572
13581 0.44192269444465637 0.5420432686805725
13582 0.44911715388298035 0.5239756107330322
13583 0.4461629092693329 0.5209818482398987
13584 0.4469532370567322 0.5254004597663879
13585 0.4510333240032196 0.5629493594169617
13586 0.4531044661998749 0.559718132019043
13587 0.4547729194164276 0.5542758107185364
13588 0.4611433148384094 0.5497154593467712
13589 0.461518794298172 0.5461507439613342
13590 0.4445097744464874 0.5240452289581299
13591 0.4453277289867401 0.5298036932945251
13592 0.44310975074768066 0.529487669467926
13593 0.4584801495075226 0.5409972667694092
13594 0.4580678641796112 0.5317728519439697
13595 0.46028730273246765 0.5404729247093201
13596 0.459666907787323 0.5406669974327087
13597 0.4521704316139221 0.5212230682373047
13598 0.4395604133605957 0.544600784778595
13599 0.43999770283699036 0.545072078704834
13600 0.4412384033203125 0.5456163287162781
13601 0.4417116343975067 0.5474728941917419
13602 0.44170546531677246 0.552329957485199
13603 0.44031471014022827 0.5471959710121155
13604 0.4402473568916321 0.5506634712219238
13605 0.44138580560684204 0.5552847385406494
13606 0.45415955781936646 0.5424091815948486
13607 0.4523002803325653 0.5424091815948486
13608 0.4553195834159851 0.542271614074707
13609 0.4573659896850586 0.544490396976471
13610 0.4602961540222168 0.5506081581115723
13611 0.457093745470047 0.5528647303581238
13612 0.4394528865814209 0.5662817358970642
13613 0.43612903356552124 0.5695876479148865
13614 0.44187042117118835 0.5714460015296936
13615 0.4452819526195526 0.5207209587097168
13616 0.44107863306999207 0.5211060643196106
13617 0.44275712966918945 0.5209522843360901
13618 0.450394868850708 0.5424091815948486
13619 0.4532098174095154 0.5535297989845276
13620 0.4552168846130371 0.5424091815948486
13621 0.43993762135505676 0.5213866829872131
13622 0.4419119954109192 0.5247114300727844
13623 0.4567866623401642 0.5422729849815369
13624 0.4583912491798401 0.5413134694099426
13625 0.4504604637622833 0.5424091815948486
13626 0.45677950978279114 0.5424091219902039
13627 0.4554104506969452 0.5424091815948486
13628 0.4522257149219513 0.5424091219902039
13629 0.4543261229991913 0.5424091219902039
13630 0.46064093708992004 0.5424953103065491
13631 0.4582992196083069 0.5430288314819336
13632 0.45803409814834595 0.5424091815948486
13633 0.4563755393028259 0.5424091815948486
13634 0.45785924792289734 0.5424091815948486
13635 0.45996710658073425 0.5414170622825623
13636 0.4522257149219513 0.5424091219902039
13637 0.4544082283973694 0.5424091219902039
13638 0.4513835310935974 0.5424091219902039
13639 0.4495844841003418 0.5424091815948486
13640 0.4522257149219513 0.5424091219902039
13641 0.45156410336494446 0.5424091219902039
13642 0.44942787289619446 0.5424091815948486
13643 0.44043809175491333 0.5563583374023438
13644 0.4359268546104431 0.5610665678977966
13645 0.4288296401500702 0.5578593611717224
13646 0.4281506836414337 0.5454455018043518
13647 0.4271172881126404 0.5402555465698242
13648 0.43095260858535767 0.5279035568237305
13649 0.4294283390045166 0.5354185700416565
13650 0.4397743344306946 0.552283525466919
13651 0.43854472041130066 0.5521031022071838
13652 0.4385674297809601 0.5362077355384827
13653 0.4387831389904022 0.5364404320716858
13654 0.4403374195098877 0.533909797668457
13655 0.4387508034706116 0.5301697254180908
13656 0.4355167746543884 0.5343461036682129
13657 0.4333903193473816 0.5363768935203552
13658 0.43375489115715027 0.5416231751441956
13659 0.43530890345573425 0.5401167869567871
13660 0.43911033868789673 0.5488671660423279
13661 0.4386424720287323 0.5496366024017334
13662 0.4328122138977051 0.5296630263328552
13663 0.430831640958786 0.5404863953590393
13664 0.4328353703022003 0.541822612285614
13665 0.431291401386261 0.551097571849823
13666 0.4354903995990753 0.5429429411888123
13667 0.43716076016426086 0.5458446145057678
13668 0.43713805079460144 0.5439806580543518
13669 0.43591979146003723 0.5425180792808533
13670 0.4355447292327881 0.5455631613731384
13671 0.4365420937538147 0.542357861995697
13672 0.4366466701030731 0.5390892028808594
13673 0.4618847668170929 0.5457200407981873
13674 0.46250027418136597 0.5452418327331543
13675 0.46220308542251587 0.5485982298851013
13676 0.46199697256088257 0.5456686019897461
13677 0.46255162358283997 0.5448523163795471
13678 0.46271830797195435 0.5443701148033142
13679 0.460575133562088 0.5404195189476013
13680 0.4600403606891632 0.5407225489616394
13681 0.4626481533050537 0.5441218018531799
13682 0.4627528488636017 0.5436405539512634
13683 0.46399280428886414 0.5444993376731873
13684 0.4626298248767853 0.5442603230476379
13685 0.46216294169425964 0.5446366667747498
13686 0.46201035380363464 0.5427965521812439
13687 0.46071264147758484 0.5406498908996582
13688 0.46271854639053345 0.5435882210731506
13689 0.462717741727829 0.5435948967933655
13690 0.46278688311576843 0.5430715084075928
13691 0.46392151713371277 0.5436646938323975
13692 0.4620634913444519 0.5456380844116211
13693 0.4623422920703888 0.5455100536346436
13694 0.46249622106552124 0.5452728867530823
13695 0.462568461894989 0.5447251796722412
13696 0.46250012516975403 0.5452426075935364
13697 0.46059510111808777 0.5404157042503357
13698 0.46051955223083496 0.5404300093650818
13699 0.46074315905570984 0.5403881072998047
13700 0.4610540270805359 0.5403306484222412
13701 0.4607970714569092 0.5403781533241272
13702 0.46103692054748535 0.5403337478637695
13703 0.4626738727092743 0.5439268946647644
13704 0.4627256393432617 0.5435346961021423
13705 0.46271228790283203 0.5436360836029053
13706 0.46082451939582825 0.5403732657432556
13707 0.46265533566474915 0.5440673828125
13708 0.46259111166000366 0.544553816318512
13709 0.462647020816803 0.5441300272941589
13710 0.46271270513534546 0.5436335206031799
13711 0.4627678096294403 0.5432152152061462
13712 0.46282222867012024 0.5428033471107483
13713 0.4636482894420624 0.5429872870445251
13714 0.4627527892589569 0.5433292984962463
13715 0.46279576420783997 0.543003499507904
13716 0.4627479910850525 0.5433658957481384
13717 0.46091127395629883 0.5403569340705872
13718 0.4591653645038605 0.5413447022438049
13719 0.4559032618999481 0.5424091815948486
13720 0.4525204002857208 0.5424091815948486
13721 0.4475717544555664 0.5424091815948486
13722 0.4346790313720703 0.523793637752533
13723 0.43675607442855835 0.5293540358543396
13724 0.4370332360267639 0.533919632434845
13725 0.4376530051231384 0.5377622246742249
13726 0.43894723057746887 0.5447590351104736
13727 0.43905776739120483 0.5467957854270935
13728 0.4382753074169159 0.547309935092926
13729 0.4381773769855499 0.5455102920532227
13730 0.43753740191459656 0.5483141541481018
13731 0.4345231354236603 0.5541819930076599
13732 0.43258070945739746 0.5605807900428772
13733 0.43378087878227234 0.5680331587791443
13734 0.45414406061172485 0.5424091219902039
13735 0.4565252959728241 0.5424091815948486
13736 0.460445374250412 0.5446221232414246
13737 0.4625096023082733 0.5451707243919373
13738 0.4625750184059143 0.5446752905845642
13739 0.43457478284835815 0.48580271005630493
13740 0.4310322403907776 0.4770074486732483
13741 0.43498992919921875 0.47832128405570984
13742 0.46146923303604126 0.5038818717002869
13743 0.46131184697151184 0.4993717670440674
13744 0.4638950228691101 0.5041484236717224
13745 0.45535534620285034 0.4922333061695099
13746 0.45496630668640137 0.48650744557380676
13747 0.45833447575569153 0.49332475662231445
13748 0.4520208537578583 0.47892382740974426
13749 0.4483332335948944 0.47640183568000793
13750 0.4487793743610382 0.4701395034790039
13751 0.4388876259326935 0.49524396657943726
13752 0.43942782282829285 0.4884567856788635
13753 0.45166996121406555 0.48503348231315613
13754 0.4431077837944031 0.49791717529296875
13755 0.44227835536003113 0.504070520401001
13756 0.4432101547718048 0.4898337721824646
13757 0.4388422667980194 0.47991639375686646
13758 0.4434216618537903 0.48259836435317993
13759 0.44753479957580566 0.4988742470741272
13760 0.4468567669391632 0.49079492688179016
13761 0.45360323786735535 0.5038924217224121
13762 0.4505464732646942 0.5049012303352356
13763 0.45234254002571106 0.49834707379341125
13764 0.4603164494037628 0.5124226212501526
13765 0.4584033191204071 0.5130900740623474
13766 0.45735031366348267 0.5081482529640198
13767 0.4595277011394501 0.5079956650733948
13768 0.45651620626449585 0.5139952301979065
13769 0.4592462182044983 0.5167944431304932
13770 0.4462864398956299 0.5078142285346985
13771 0.4527888596057892 0.511293351650238
13772 0.4668631851673126 0.5088272094726562
13773 0.4640865921974182 0.5083320140838623
13774 0.46279051899909973 0.5157422423362732
13775 0.4609200954437256 0.5161206722259521
13776 0.4622669816017151 0.5120261311531067
13777 0.4614599347114563 0.5195238590240479
13778 0.47248032689094543 0.516770601272583
13779 0.46965837478637695 0.516579806804657
13780 0.46953296661376953 0.5130191445350647
13781 0.46703651547431946 0.5125892162322998
13782 0.4653187394142151 0.5191888809204102
13783 0.46326297521591187 0.5192069411277771
13784 0.46500420570373535 0.515785276889801
13785 0.4636288285255432 0.522305428981781
13786 0.4552481770515442 0.5087621808052063
13787 0.45621755719184875 0.503551185131073
13788 0.4584830105304718 0.4988834857940674
13789 0.4725496470928192 0.5200625061988831
13790 0.4751448631286621 0.5203922390937805
13791 0.4794378876686096 0.5244074463844299
13792 0.47501108050346375 0.5235481858253479
13793 0.4790777862071991 0.5276303887367249
13794 0.4826661944389343 0.5279943943023682
13795 0.48162105679512024 0.5313591957092285
13796 0.4859333634376526 0.5320559144020081
13797 0.487460196018219 0.5369704365730286
13798 0.48215433955192566 0.5404340624809265
13799 0.4672074615955353 0.5161318182945251
13800 0.46967363357543945 0.5198950171470642
13801 0.46736282110214233 0.5194924473762512
13802 0.4643566310405731 0.5122089982032776
13803 0.46177035570144653 0.5080391764640808
13804 0.45888036489486694 0.503723680973053
13805 0.4555046856403351 0.49868035316467285
13806 0.4519452750682831 0.4910025894641876
13807 0.44818824529647827 0.48335984349250793
13808 0.4432683289051056 0.47435715794563293
13809 0.46674469113349915 0.5451407432556152
13810 0.46717122197151184 0.5438223481178284
13811 0.4672567546367645 0.545555055141449
13812 0.47567513585090637 0.5545365810394287
13813 0.4791913628578186 0.5534595847129822
13814 0.4850291907787323 0.5506725311279297
13815 0.4825451672077179 0.5515621304512024
13816 0.48524338006973267 0.5464656352996826
13817 0.482975035905838 0.5484157204627991
13818 0.48298949003219604 0.5444250702857971
13819 0.48055198788642883 0.5491215586662292
13820 0.47778674960136414 0.5499026775360107
13821 0.48119497299194336 0.5457765460014343
13822 0.47850608825683594 0.5466976761817932
13823 0.4655854403972626 0.5224462151527405
13824 0.46758121252059937 0.5226998925209045
13825 0.4793870747089386 0.5388427376747131
13826 0.4765200912952423 0.5373660922050476
13827 0.47832730412483215 0.5305702090263367
13828 0.4740894138813019 0.5294697284698486
13829 0.47466152906417847 0.5265758037567139
13830 0.4717840850353241 0.5264596343040466
13831 0.4724547564983368 0.523213803768158
13832 0.46956607699394226 0.5230786800384521
13833 0.4805011451244354 0.5423828959465027
13834 0.47807714343070984 0.5405339598655701
13835 0.4789343476295471 0.543333113193512
13836 0.46663209795951843 0.5394623875617981
13837 0.46703556180000305 0.5388402342796326
13838 0.46768850088119507 0.5391810536384583
13839 0.46726229786872864 0.5398566126823425
13840 0.45989662408828735 0.5267672538757324
13841 0.46157974004745483 0.5284874439239502
13842 0.4579687714576721 0.5244675278663635
13843 0.4560230076313019 0.5228341221809387
13844 0.4536130130290985 0.5212582945823669
13845 0.44919446110725403 0.5203625559806824
13846 0.4458782970905304 0.5196692943572998
13847 0.44278743863105774 0.5205984711647034
13848 0.4661676585674286 0.5392890572547913
13849 0.4657449424266815 0.539268434047699
13850 0.4659718871116638 0.5387279987335205
13851 0.4664623737335205 0.5386829376220703
13852 0.4676723778247833 0.5255722403526306
13853 0.4696104824542999 0.5259092450141907
13854 0.4666741192340851 0.5378727316856384
13855 0.4673667550086975 0.5380197167396545
13856 0.4627799987792969 0.5336120128631592
13857 0.46084874868392944 0.5352091789245605
13858 0.4621773362159729 0.5317521691322327
13859 0.4655323028564453 0.5388947129249573
13860 0.4650951027870178 0.5379100441932678
13861 0.4660688042640686 0.5379262566566467
13862 0.46422556042671204 0.5287169814109802
13863 0.4626820683479309 0.5285062789916992
13864 0.46403953433036804 0.5250687003135681
13865 0.4658448398113251 0.5252309441566467
13866 0.4656543731689453 0.5367245078086853
13867 0.46674445271492004 0.5368614792823792
13868 0.46354609727859497 0.5305688977241516
13869 0.465413361787796 0.5349552035331726
13870 0.4648204445838928 0.5366876125335693
13871 0.46441465616226196 0.5348102450370789
13872 0.4633965492248535 0.5346031785011292
13873 0.4639313220977783 0.5337362885475159
13874 0.4728396236896515 0.5554624199867249
13875 0.47099021077156067 0.558921754360199
13876 0.47022321820259094 0.5553991198539734
13877 0.47461244463920593 0.5515003800392151
13878 0.4719550907611847 0.552180826663971
13879 0.47188180685043335 0.5487885475158691
13880 0.46975991129875183 0.5520766377449036
13881 0.4694640636444092 0.549030065536499
13882 0.4726824164390564 0.5459514260292053
13883 0.47362419962882996 0.548494279384613
13884 0.47121283411979675 0.5458998084068298
13885 0.47598937153816223 0.5473322868347168
13886 0.4765283763408661 0.5410609841346741
13887 0.4765210747718811 0.5441933274269104
13888 0.474565714597702 0.5419355034828186
13889 0.47228604555130005 0.5380963683128357
13890 0.4741525948047638 0.5391241908073425
13891 0.4729471802711487 0.5405879616737366
13892 0.47140318155288696 0.5394337177276611
13893 0.47463324666023254 0.5452485680580139
13894 0.4731912612915039 0.5434672236442566
13895 0.47176530957221985 0.5441535115242004
13896 0.4718262851238251 0.5419169068336487
13897 0.4758946895599365 0.5379619002342224
13898 0.46703335642814636 0.5477726459503174
13899 0.46795111894607544 0.5444770455360413
13900 0.46817871928215027 0.5467777252197266
13901 0.4677095413208008 0.5431239604949951
13902 0.46846774220466614 0.5426198840141296
13903 0.4688701629638672 0.5438084602355957
13904 0.4679751992225647 0.5417047142982483
13905 0.46864673495292664 0.5413389205932617
13906 0.46939700841903687 0.5425400733947754
13907 0.46850109100341797 0.5398831963539124
13908 0.4695579409599304 0.5409195423126221
13909 0.4679301083087921 0.5404582023620605
13910 0.469271719455719 0.5393648147583008
13911 0.4681365489959717 0.5384500026702881
13912 0.47116798162460327 0.5326104164123535
13913 0.4731414020061493 0.5364618301391602
13914 0.4705868363380432 0.537158727645874
13915 0.47309181094169617 0.5320495963096619
13916 0.46872878074645996 0.5378565788269043
13917 0.4676509201526642 0.5371341705322266
13918 0.4677899479866028 0.5281162858009338
13919 0.46959683299064636 0.5285899639129639
13920 0.46956875920295715 0.5310196876525879
13921 0.4677693843841553 0.531006395816803
13922 0.4661906063556671 0.527804434299469
13923 0.4712662994861603 0.5315976142883301
13924 0.46941256523132324 0.5328435301780701
13925 0.47155052423477173 0.5290708541870117
13926 0.46786782145500183 0.5361688137054443
13927 0.46635177731513977 0.5349884629249573
13928 0.4664466083049774 0.5329155325889587
13929 0.4651806652545929 0.5330328345298767
13930 0.4662110209465027 0.531013548374176
13931 0.4647664427757263 0.5308336615562439
13932 0.46785208582878113 0.5329738259315491
13933 0.4691441059112549 0.5365228652954102
13934 0.46996065974235535 0.5384998917579651
13935 0.47052615880966187 0.5407228469848633
13936 0.47065073251724243 0.5423772931098938
13937 0.470436155796051 0.543651819229126
13938 0.4693450927734375 0.5462833046913147
13939 0.4680185616016388 0.5494472980499268
13940 0.45791056752204895 0.5743762850761414
13941 0.45339253544807434 0.5745633244514465
13942 0.45511651039123535 0.5723571181297302
13943 0.4613785445690155 0.571343183517456
13944 0.45897719264030457 0.5711318850517273
13945 0.46453240513801575 0.5678724646568298
13946 0.46152663230895996 0.5677686333656311
13947 0.4443407356739044 0.5726889967918396
13948 0.44686487317085266 0.5726194977760315
13949 0.449205607175827 0.5746654868125916
13950 0.43322494626045227 0.5658673644065857
13951 0.4367615878582001 0.5662686228752136
13952 0.43853759765625 0.5698724389076233
13953 0.4280261695384979 0.5597445964813232
13954 0.43209272623062134 0.5609022974967957
13955 0.4512483775615692 0.5732805132865906
13956 0.4419352412223816 0.5697276592254639
13957 0.4621090292930603 0.5645298957824707
13958 0.45958012342453003 0.5671331882476807
13959 0.4601915180683136 0.5640973448753357
13960 0.4566149115562439 0.5698235034942627
13961 0.457920104265213 0.5673598647117615
13962 0.45314884185791016 0.5715057849884033
13963 0.45480233430862427 0.5692511200904846
13964 0.44921207427978516 0.571584165096283
13965 0.4511494040489197 0.5703802704811096
13966 0.4447111487388611 0.5702381730079651
13967 0.44716498255729675 0.5697306990623474
13968 0.4401978850364685 0.5667309165000916
13969 0.4428930878639221 0.5670718550682068
13970 0.4356589913368225 0.5623502135276794
13971 0.43825915455818176 0.5635191798210144
13972 0.43114227056503296 0.5563175082206726
13973 0.43434831500053406 0.557883083820343
13974 0.42458319664001465 0.5531027913093567
13975 0.4276565909385681 0.5547158718109131
13976 0.4473850429058075 0.5677050948143005
13977 0.4455874264240265 0.5659179091453552
13978 0.4493207633495331 0.5673460960388184
13979 0.4511403441429138 0.5687666535377502
13980 0.45288607478141785 0.5674156546592712
13981 0.4558672308921814 0.5652393698692322
13982 0.45467469096183777 0.5680249333381653
13983 0.4581567943096161 0.5618429183959961
13984 0.4573700726032257 0.5650411248207092
13985 0.4599313735961914 0.5581226348876953
13986 0.4593438506126404 0.5610657334327698
13987 0.43782639503479004 0.5579631328582764
13988 0.43549802899360657 0.5558452010154724
13989 0.43445727229118347 0.5519907474517822
13990 0.4416230320930481 0.56292724609375
13991 0.43927067518234253 0.5615578293800354
13992 0.4431760609149933 0.5654535889625549
13993 0.4682788550853729 0.5637321472167969
13994 0.4645223021507263 0.564152181148529
13995 0.46775415539741516 0.5599710941314697
13996 0.4672849774360657 0.556049644947052
13997 0.46469539403915405 0.5606672763824463
13998 0.46498650312423706 0.5572623610496521
13999 0.4622681140899658 0.5610266327857971
14000 0.4677538573741913 0.552424967288971
14001 0.46208667755126953 0.5554158091545105
14002 0.46122458577156067 0.5579203963279724
14003 0.4647369682788849 0.5522869229316711
14004 0.4635970890522003 0.5551934838294983
14005 0.46657535433769226 0.5504689812660217
14006 0.4656934142112732 0.5538162589073181
14007 0.46282580494880676 0.5578952431678772
14008 0.4605657756328583 0.5607646107673645
14009 0.4587528109550476 0.564552366733551
14010 0.4562765955924988 0.5677008032798767
14011 0.45298534631729126 0.5687512755393982
14012 0.44924262166023254 0.5691604614257812
14013 0.44521623849868774 0.5678241848945618
14014 0.4412040412425995 0.564396858215332
14015 0.43698927760124207 0.5597936511039734
14016 0.4332101047039032 0.5536134243011475
14017 0.4386734664440155 0.5431366562843323
14018 0.43927881121635437 0.542989194393158
14019 0.437510222196579 0.5413579344749451
14020 0.43749478459358215 0.5429180264472961
14021 0.441117525100708 0.5422926545143127
14022 0.4388267397880554 0.5399980545043945
14023 0.4386610984802246 0.5440422892570496
14024 0.437895268201828 0.5435588359832764
14025 0.4380297064781189 0.5441270470619202
14026 0.43766143918037415 0.5410635471343994
14027 0.43705248832702637 0.5418307781219482
14028 0.4371470808982849 0.5431268811225891
14029 0.4409017562866211 0.5420253872871399
14030 0.44231632351875305 0.5413587093353271
14031 0.4423677623271942 0.5416149497032166
14032 0.44035059213638306 0.542487382888794
14033 0.43721723556518555 0.5431640148162842
14034 0.4377894401550293 0.5432772040367126
14035 0.42716652154922485 0.550168514251709
14036 0.4301173686981201 0.5518641471862793
14037 0.44014787673950195 0.5324086546897888
14038 0.4376768469810486 0.5316159129142761
14039 0.4386621117591858 0.5278045535087585
14040 0.4419202208518982 0.5412871837615967
14041 0.44007328152656555 0.5387105941772461
14042 0.441261351108551 0.5374835133552551
14043 0.4391937553882599 0.5355510115623474
14044 0.437513530254364 0.5191473960876465
14045 0.43638449907302856 0.5230217576026917
14046 0.43307632207870483 0.5243672728538513
14047 0.43392565846443176 0.5202766060829163
14048 0.43042904138565063 0.5209203362464905
14049 0.43417686223983765 0.5147165656089783
14050 0.43700528144836426 0.5149425864219666
14051 0.4403955638408661 0.5200414061546326
14052 0.42679160833358765 0.5266180038452148
14053 0.4298056960105896 0.525294303894043
14054 0.43988487124443054 0.5224259495735168
14055 0.4359776973724365 0.5278241634368896
14056 0.4322900176048279 0.5281485915184021
14057 0.42896249890327454 0.5291237235069275
14058 0.4241676330566406 0.5284571647644043
14059 0.42171359062194824 0.5302448272705078
14060 0.4212517738342285 0.5450549721717834
14061 0.42018893361091614 0.5421428084373474
14062 0.4217836558818817 0.5333821773529053
14063 0.4201488792896271 0.535430371761322
14064 0.4237317740917206 0.5320010185241699
14065 0.4260229766368866 0.5306392312049866
14066 0.4244391620159149 0.5361848473548889
14067 0.42274755239486694 0.537163496017456
14068 0.42279481887817383 0.5470542311668396
14069 0.4247634708881378 0.5486003756523132
14070 0.4233093559741974 0.5437384247779846
14071 0.4222888946533203 0.5422372221946716
14072 0.42499566078186035 0.5444936752319336
14073 0.42688795924186707 0.5456609725952148
14074 0.42354875802993774 0.5408661365509033
14075 0.4252214729785919 0.5406321883201599
14076 0.43831750750541687 0.5438082814216614
14077 0.4390178322792053 0.5442292094230652
14078 0.4387202858924866 0.5441141724586487
14079 0.43862247467041016 0.5425935387611389
14080 0.4393971264362335 0.5421504378318787
14081 0.4397418200969696 0.5426029562950134
14082 0.4383203685283661 0.5437977910041809
14083 0.4376842677593231 0.5425362586975098
14084 0.4375920593738556 0.5416421294212341
14085 0.43815895915031433 0.5429152846336365
14086 0.43818947672843933 0.5429527163505554
14087 0.43814584612846375 0.5430331826210022
14088 0.4378974139690399 0.5430031418800354
14089 0.4369621276855469 0.5457907319068909
14090 0.43654388189315796 0.5437016487121582
14091 0.43811696767807007 0.5440573692321777
14092 0.4338364899158478 0.5482797026634216
14093 0.4333367943763733 0.544956386089325
14094 0.43532031774520874 0.5466668009757996
14095 0.4352063536643982 0.5439598560333252
14096 0.432157963514328 0.5496659874916077
14097 0.43166354298591614 0.5457992553710938
14098 0.42929789423942566 0.5474973320960999
14099 0.4381062388420105 0.5381386280059814
14100 0.4388854503631592 0.5399374961853027
14101 0.4374208450317383 0.5402359962463379
14102 0.43668293952941895 0.5356850028038025
14103 0.4344744384288788 0.5359968543052673
14104 0.43520018458366394 0.5322306156158447
14105 0.4339763820171356 0.5388749241828918
14106 0.4324328601360321 0.5396504402160645
14107 0.43238216638565063 0.5370178818702698
14108 0.4360871911048889 0.5383763909339905
14109 0.43573278188705444 0.5400569438934326
14110 0.4343540072441101 0.540560781955719
14111 0.43687158823013306 0.5410246849060059
14112 0.43583348393440247 0.5412974953651428
14113 0.4333076477050781 0.5429224371910095
14114 0.43169111013412476 0.54283207654953
14115 0.4322940707206726 0.5329676270484924
14116 0.42915984988212585 0.5429107546806335
14117 0.4303109645843506 0.5386858582496643
14118 0.42914673686027527 0.5346241593360901
14119 0.42720338702201843 0.5410651564598083
14120 0.4265608787536621 0.5356295108795166
14121 0.4353668689727783 0.5416522026062012
14122 0.43654587864875793 0.5418576598167419
14123 0.43747371435165405 0.542385995388031
14124 0.4611401855945587 0.5374558568000793
14125 0.46023768186569214 0.5376911759376526
14126 0.464404821395874 0.5382099747657776
14127 0.4638378322124481 0.5354469418525696
14128 0.4613036513328552 0.5385048389434814
14129 0.4161496162414551 0.34047743678092957
14130 0.41796690225601196 0.3507559299468994
14131 0.40764090418815613 0.36070898175239563
14132 0.4297025203704834 0.32110169529914856
14133 0.43065622448921204 0.3327115774154663
14134 0.40565231442451477 0.38717392086982727
14135 0.4117054343223572 0.395100861787796
14136 0.4078388512134552 0.4068756699562073
14137 0.4129257798194885 0.3735775351524353
14138 0.4698374569416046 0.30272939801216125
14139 0.4846189022064209 0.30582594871520996
14140 0.47836658358573914 0.30928298830986023
14141 0.4392149746417999 0.3805338740348816
14142 0.4371016025543213 0.39808157086372375
14143 0.4334743320941925 0.39165952801704407
14144 0.4358687400817871 0.37149742245674133
14145 0.44371411204338074 0.3643040359020233
14146 0.43714025616645813 0.4128771126270294
14147 0.43273231387138367 0.40659385919570923
14148 0.4499303698539734 0.3075704872608185
14149 0.46390300989151 0.3133556842803955
14150 0.4946992099285126 0.31108343601226807
14151 0.4451809227466583 0.3184468448162079
14152 0.4611932933330536 0.3391342759132385
14153 0.46307629346847534 0.3340049088001251
14154 0.4727244973182678 0.3371572494506836
14155 0.4513556659221649 0.35140296816825867
14156 0.45225435495376587 0.341065376996994
14157 0.4425344169139862 0.355768084526062
14158 0.48253512382507324 0.3375377357006073
14159 0.48641565442085266 0.33126285672187805
14160 0.490387886762619 0.3372756838798523
14161 0.4949047267436981 0.3323269188404083
14162 0.47554656863212585 0.33193257451057434
14163 0.4878237545490265 0.3162396252155304
14164 0.4948579967021942 0.32229533791542053
14165 0.4757412075996399 0.31419309973716736
14166 0.4823444187641144 0.3201453983783722
14167 0.45873692631721497 0.32115909457206726
14168 0.47045251727104187 0.3211127519607544
14169 0.44346243143081665 0.3264997899532318
14170 0.45484688878059387 0.32779595255851746
14171 0.4305681586265564 0.3420863449573517
14172 0.4434165954589844 0.3337613344192505
14173 0.4214649498462677 0.361926794052124
14174 0.43127676844596863 0.35309791564941406
14175 0.41706711053848267 0.3817872405052185
14176 0.4252207577228546 0.3733513653278351
14177 0.41856619715690613 0.40312859416007996
14178 0.4228060841560364 0.39273011684417725
14179 0.44567349553108215 0.46097609400749207
14180 0.44482895731925964 0.46745389699935913
14181 0.43591639399528503 0.4710835814476013
14182 0.43969276547431946 0.4727676510810852
14183 0.44055745005607605 0.4653773903846741
14184 0.42856523394584656 0.3804750442504883
14185 0.4282364249229431 0.399959921836853
14186 0.43356749415397644 0.36381685733795166
14187 0.4426040053367615 0.34515661001205444
14188 0.45268890261650085 0.33307433128356934
14189 0.46690627932548523 0.32798507809638977
14190 0.47916552424430847 0.3265050947666168
14191 0.4902479946613312 0.3269422948360443
14192 0.4119572937488556 0.42483994364738464
14193 0.4179377853870392 0.42946600914001465
14194 0.41650480031967163 0.4399614930152893
14195 0.43833616375923157 0.42661330103874207
14196 0.43374964594841003 0.421469509601593
14197 0.41515588760375977 0.4140487015247345
14198 0.4206380248069763 0.41945552825927734
14199 0.4241621792316437 0.4094521999359131
14200 0.4235803782939911 0.4339894652366638
14201 0.42592769861221313 0.4248666763305664
14202 0.44015219807624817 0.43921616673469543
14203 0.43589451909065247 0.43464019894599915
14204 0.4215724766254425 0.4541342854499817
14205 0.42230528593063354 0.4438674747943878
14206 0.43103763461112976 0.4298105835914612
14207 0.4338505268096924 0.4428264796733856
14208 0.42889851331710815 0.43850088119506836
14209 0.42700904607772827 0.45746490359306335
14210 0.42692065238952637 0.4668322205543518
14211 0.44295889139175415 0.45067861676216125
14212 0.4384920597076416 0.44676655530929565
14213 0.44181206822395325 0.45773836970329285
14214 0.43192940950393677 0.46933847665786743
14215 0.42760416865348816 0.4476928114891052
14216 0.43255943059921265 0.4514663517475128
14217 0.4321708679199219 0.4606122672557831
14218 0.436801016330719 0.4634301960468292
14219 0.43717217445373535 0.4548330008983612
14220 0.4290272891521454 0.415402889251709
14221 0.421507865190506 0.5389471650123596
14222 0.4188878536224365 0.5382080674171448
14223 0.41523128747940063 0.5375978350639343
14224 0.4103887379169464 0.5365450382232666
14225 0.4046761989593506 0.53520268201828
14226 0.3972962498664856 0.5347712635993958
14227 0.39016345143318176 0.5584911704063416
14228 0.39190900325775146 0.54995197057724
14229 0.3946998417377472 0.5421622395515442
14230 0.38511207699775696 0.5440791249275208
14231 0.38483893871307373 0.5201345086097717
14232 0.380606472492218 0.5272369980812073
14233 0.3910522758960724 0.5275943875312805
14234 0.38833925127983093 0.5354791283607483
14235 0.46544578671455383 0.5396080613136292
14236 0.46510621905326843 0.5396307110786438
14237 0.46538037061691284 0.5393352508544922
14238 0.4642634689807892 0.5395710468292236
14239 0.46459895372390747 0.5387778282165527
14240 0.46622374653816223 0.5398839116096497
14241 0.4658263027667999 0.5397242903709412
14242 0.46683865785598755 0.5424246191978455
14243 0.46726492047309875 0.5418675541877747
14244 0.46669909358024597 0.5411795973777771
14245 0.4673280119895935 0.5409286022186279
14246 0.4667430520057678 0.540306568145752
14247 0.46627286076545715 0.5446539521217346
14248 0.46654149889945984 0.5430846810340881
14249 0.4661427140235901 0.5420414805412292
14250 0.46625253558158875 0.5414181351661682
14251 0.4656431972980499 0.5408654808998108
14252 0.4661446213722229 0.5405611395835876
14253 0.465760737657547 0.5401991009712219
14254 0.4654560387134552 0.5399402976036072
14255 0.46509188413619995 0.5398092865943909
14256 0.4658202528953552 0.5440606474876404
14257 0.4660896956920624 0.5428828597068787
14258 0.4643092453479767 0.5403608679771423
14259 0.4635603427886963 0.5403880476951599
14260 0.46341365575790405 0.5401597619056702
14261 0.4641680121421814 0.5399245619773865
14262 0.460708349943161 0.5386762022972107
14263 0.46020838618278503 0.5404875874519348
14264 0.4618902802467346 0.5395083427429199
14265 0.46155163645744324 0.5391359925270081
14266 0.4611058235168457 0.5397719740867615
14267 0.4619863033294678 0.5401573777198792
14268 0.46198269724845886 0.5401580333709717
14269 0.46347615122795105 0.5399172902107239
14270 0.46390920877456665 0.541502058506012
14271 0.46371909976005554 0.5423710346221924
14272 0.46286895871162415 0.5424490571022034
14273 0.461850643157959 0.5401824116706848
14274 0.4613986015319824 0.5402665734291077
14275 0.4628579914569855 0.5406543612480164
14276 0.4641745388507843 0.5411443114280701
14277 0.4607660472393036 0.5403838157653809
14278 0.4605100452899933 0.5404314994812012
14279 0.4603329300880432 0.5404644012451172
14280 0.4609210193157196 0.5403552651405334
14281 0.46142318844795227 0.5402618050575256
14282 0.46144554018974304 0.5402576327323914
14283 0.46134236454963684 0.5402770042419434
14284 0.4610322117805481 0.5403346419334412
14285 0.46171072125434875 0.5402085781097412
14286 0.46180030703544617 0.5401919484138489
14287 0.4616844952106476 0.5402135252952576
14288 0.46571919322013855 0.5420250296592712
14289 0.4657433331012726 0.5413209795951843
14290 0.4653172194957733 0.5404596328735352
14291 0.46507641673088074 0.5401790142059326
14292 0.4652564525604248 0.540783703327179
14293 0.46503469347953796 0.5414637923240662
14294 0.4648759663105011 0.5412128567695618
14295 0.46477606892585754 0.5407695174217224
14296 0.46497395634651184 0.5408260226249695
14297 0.46457338333129883 0.5405868887901306
14298 0.46437355875968933 0.5408380031585693
14299 0.46457821130752563 0.5401151776313782
14300 0.4642501175403595 0.5436788201332092
14301 0.4645887017250061 0.5438537001609802
14302 0.4640966057777405 0.5428876280784607
14303 0.4644050896167755 0.5427950024604797
14304 0.464327871799469 0.5418074727058411
14305 0.46469831466674805 0.54303377866745
14306 0.46483302116394043 0.5435472130775452
14307 0.46472543478012085 0.5410165190696716
14308 0.46493250131607056 0.5418656468391418
14309 0.46477052569389343 0.5418121814727783
14310 0.46456268429756165 0.5416540503501892
14311 0.46509936451911926 0.5426138043403625
14312 0.4652996063232422 0.5437414050102234
14313 0.46527549624443054 0.5419955849647522
14314 0.46476322412490845 0.5403794646263123
14315 0.49737289547920227 0.4906168282032013
14316 0.49659493565559387 0.49188879132270813
14317 0.49442237615585327 0.4925994575023651
14318 0.49188512563705444 0.4930700659751892
14319 0.4895150661468506 0.4913031756877899
14320 0.48735353350639343 0.49042731523513794
14321 0.4860059916973114 0.4889388680458069
14322 0.4827134907245636 0.491241455078125
14323 0.4804554283618927 0.48960235714912415
14324 0.4789418876171112 0.487242728471756
14325 0.4781854450702667 0.4839618504047394
14326 0.478290319442749 0.4809923470020294
14327 0.4772145450115204 0.48148006200790405
14328 0.4787628948688507 0.4778364300727844
14329 0.4774584472179413 0.47774431109428406
14330 0.47934696078300476 0.4738023281097412
14331 0.479796826839447 0.4683704674243927
14332 0.47872471809387207 0.45473024249076843
14333 0.48129040002822876 0.45871517062187195
14334 0.47963547706604004 0.46137121319770813
14335 0.47661930322647095 0.4476361572742462
14336 0.47429078817367554 0.4406091570854187
14337 0.47238895297050476 0.4342505931854248
14338 0.47138267755508423 0.428896963596344
14339 0.47079139947891235 0.4221176505088806
14340 0.4712100625038147 0.41608622670173645
14341 0.4731331467628479 0.40944904088974
14342 0.4753086268901825 0.4049162268638611
14343 0.4789438843727112 0.4010283648967743
14344 0.482745885848999 0.3981032073497772
14345 0.4869973063468933 0.39711880683898926
14346 0.4914706349372864 0.3965758979320526
14347 0.4939574897289276 0.39722830057144165
14348 0.4969317317008972 0.39751550555229187
14349 0.4886203110218048 0.4597609341144562
14350 0.48653528094291687 0.4619627594947815
14351 0.4848949611186981 0.46004152297973633
14352 0.490402489900589 0.4613679051399231
14353 0.4922899901866913 0.45967191457748413
14354 0.49381211400032043 0.4612312912940979
14355 0.4958491921424866 0.4596281349658966
14356 0.4976009726524353 0.46099236607551575
14357 0.48331502079963684 0.4563119113445282
14358 0.48847252130508423 0.46344542503356934
14359 0.48477962613105774 0.46478867530822754
14360 0.4921450614929199 0.4627838134765625
14361 0.49573636054992676 0.4627639949321747
14362 0.4833436608314514 0.46215105056762695
14363 0.4814029335975647 0.464446485042572
14364 0.47617286443710327 0.48227906227111816
14365 0.4606893062591553 0.5403981804847717
14366 0.4597162902355194 0.5405790209770203
14367 0.45841309428215027 0.5406622290611267
14368 0.4564211368560791 0.5403419137001038
14369 0.4547431766986847 0.5400722026824951
14370 0.452545166015625 0.5397189259529114
14371 0.45050713419914246 0.5396600365638733
14372 0.44839099049568176 0.539600133895874
14373 0.4458880126476288 0.5401415228843689
14374 0.4435894787311554 0.5407914519309998
14375 0.4404614567756653 0.5416135787963867
14376 0.43816620111465454 0.5411956310272217
14377 0.4368734359741211 0.5415313243865967
14378 0.43757814168930054 0.5434375405311584
14379 0.4394610524177551 0.5446014404296875
14380 0.44159364700317383 0.5465614199638367
14381 0.44403594732284546 0.547651469707489
14382 0.4471776485443115 0.5482997298240662
14383 0.45008277893066406 0.5482253432273865
14384 0.45196765661239624 0.5480716228485107
14385 0.4542083740234375 0.5478836894035339
14386 0.45655038952827454 0.5476872324943542
14387 0.4588770270347595 0.5469515919685364
14388 0.4610143005847931 0.5473846793174744
14389 0.4642908275127411 0.5482165217399597
14390 0.4655589759349823 0.545292317867279
14391 0.46558499336242676 0.5427477955818176
14392 0.4653756320476532 0.5413782000541687
14393 0.46500271558761597 0.5404698848724365
14394 0.4648666977882385 0.5400121212005615
14395 0.46475881338119507 0.5398063063621521
14396 0.4642426669597626 0.5396886467933655
14397 0.46345070004463196 0.5397935509681702
14398 0.4614596366882324 0.5402550101280212
14399 0.24758291244506836 0.025049686431884766
14400 0.25818148255348206 0.025049686431884766
14401 0.2715926468372345 0.025049686431884766
14402 0.2610967457294464 0.025049686431884766
14403 0.2381349802017212 0.2916421890258789
14404 0.22883212566375732 0.2686341106891632
14405 0.23936757445335388 0.24265454709529877
14406 0.2490035444498062 0.26704633235931396
14407 0.23184694349765778 0.34446436166763306
14408 0.2271668016910553 0.32777372002601624
14409 0.2429981231689453 0.31909024715423584
14410 0.22523556649684906 0.5628020763397217
14411 0.22210466861724854 0.5842017531394958
14412 0.21213902533054352 0.5727118849754333
14413 0.21590185165405273 0.5532019138336182
14414 0.2532946765422821 0.14307290315628052
14415 0.2425333559513092 0.12350214272737503
14416 0.263398140668869 0.09397439658641815
14417 0.27335527539253235 0.11050314456224442
14418 0.2541186511516571 0.025049686431884766
14419 0.26814720034599304 0.025049686431884766
14420 0.2820226848125458 0.025049686431884766
14421 0.2680480480194092 0.025049686431884766
14422 0.25340649485588074 0.03771980106830597
14423 0.28033074736595154 0.025049686431884766
14424 0.2660500705242157 0.05095794424414635
14425 0.2523358166217804 0.0787840262055397
14426 0.27745553851127625 0.06682509183883667
14427 0.23483704030513763 0.21563902497291565
14428 0.2461242526769638 0.18987847864627838
14429 0.25527870655059814 0.21234539151191711
14430 0.23622657358646393 0.16791802644729614
14431 0.26341676712036133 0.16408322751522064
14432 0.20521365106105804 0.9254851937294006
14433 0.22888967394828796 0.9145954847335815
14434 0.24512363970279694 0.943367063999176
14435 0.2651119530200958 0.025049686431884766
14436 0.280288964509964 0.025049686431884766
14437 0.25271379947662354 0.025049686431884766
14438 0.27514418959617615 0.025049686431884766
14439 0.25032052397727966 0.025049686431884766
14440 0.26385176181793213 0.7238732576370239
14441 0.25889351963996887 0.7122945189476013
14442 0.26261141896247864 0.7092395424842834
14443 0.2699231803417206 0.7184606194496155
14444 0.26676881313323975 0.6989270448684692
14445 0.25715816020965576 0.7022866010665894
14446 0.25698205828666687 0.6921983361244202
14447 0.2551008462905884 0.7653871178627014
14448 0.2475055605173111 0.7498521208763123
14449 0.2595484256744385 0.7445477843284607
14450 0.26754507422447205 0.7583495378494263
14451 0.2707546055316925 0.7371717691421509
14452 0.2535719573497772 0.7293466925621033
14453 0.22959508001804352 0.6153717637062073
14454 0.24141038954257965 0.625870943069458
14455 0.23849532008171082 0.6454443335533142
14456 0.2276238352060318 0.6349909901618958
14457 0.25075462460517883 0.6555657386779785
14458 0.24851778149604797 0.6723992824554443
14459 0.23782134056091309 0.6632170081138611
14460 0.259905070066452 0.6793904900550842
14461 0.2477262020111084 0.6849836707115173
14462 0.24896346032619476 0.9031930565834045
14463 0.21399500966072083 0.8856525421142578
14464 0.23363634943962097 0.8741751313209534
14465 0.265851229429245 0.7805876731872559
14466 0.25069460272789 0.7893237471580505
14467 0.24156571924686432 0.7725037932395935
14468 0.22152993083000183 0.8509287238121033
14469 0.23870600759983063 0.8435350060462952
14470 0.25244954228401184 0.8665910363197327
14471 0.24504922330379486 0.814353346824646
14472 0.23594176769256592 0.7936179637908936
14473 0.26142749190330505 0.8053807020187378
14474 0.22932372987270355 0.8220753073692322
14475 0.2568645179271698 0.8362451195716858
14476 0.20709848403930664 0.5418182015419006
14477 0.21125176548957825 0.5209550261497498
14478 0.2202087789773941 0.5336571335792542
14479 0.21103249490261078 0.45692676305770874
14480 0.20525039732456207 0.4433782398700714
14481 0.21513870358467102 0.4252047836780548
14482 0.2192084789276123 0.44023802876472473
14483 0.21653351187705994 0.47083714604377747
14484 0.20991972088813782 0.48837071657180786
14485 0.2028406858444214 0.475292444229126
14486 0.2424372434616089 0.025049686431884766
14487 0.23079954087734222 0.025049686431884766
14488 0.24256069958209991 0.025049686431884766
14489 0.2526555061340332 0.025049686431884766
14490 0.2556507885456085 0.025049686431884766
14491 0.26850906014442444 0.025049686431884766
14492 0.24521061778068542 0.025049686431884766
14493 0.2643716633319855 0.025049686431884766
14494 0.2425694614648819 0.025049686431884766
14495 0.2523227035999298 0.025049686431884766
14496 0.23946940898895264 0.025049686431884766
14497 0.24846217036247253 0.025049686431884766
14498 0.2603015601634979 0.025049686431884766
14499 0.2527904510498047 0.025049686431884766
14500 0.24454234540462494 0.025049686431884766
14501 0.2323922961950302 0.025049684569239616
14502 0.2555203437805176 0.025049686431884766
14503 0.23575522005558014 0.025049686431884766
14504 0.2331555038690567 0.5939082503318787
14505 0.2186501920223236 0.6050543785095215
14506 0.20307061076164246 0.5083351731300354
14507 0.2169567346572876 0.501554548740387
14508 0.2095203697681427 0.4072437286376953
14509 0.22163499891757965 0.3877221345901489
14510 0.22493697702884674 0.4075648784637451
14511 0.23429526388645172 0.36649462580680847
14512 0.21727034449577332 0.36614716053009033
14513 0.22061286866664886 0.025049686431884766
14514 0.23404575884342194 0.025049686431884766
14515 0.23582495748996735 0.025049686431884766
14516 0.21261045336723328 0.025049686431884766
14517 0.21261045336723328 0.025049686431884766
14518 0.21261045336723328 0.025049686431884766
14519 0.21261045336723328 0.025049686431884766
14520 0.21261045336723328 0.025049686431884766
14521 0.21261045336723328 0.025049686431884766
14522 0.21261045336723328 0.025049686431884766
14523 0.19362019002437592 0.025049686431884766
14524 0.19133222103118896 0.025049686431884766
14525 0.17035678029060364 0.025049686431884766
14526 0.19701041281223297 0.025049686431884766
14527 0.1587143987417221 0.025049686431884766
14528 0.15024346113204956 0.025049686431884766
14529 0.15024346113204956 0.025049686431884766
14530 0.14848613739013672 0.025049686431884766
14531 0.09148168563842773 0.025049686431884766
14532 0.0917002409696579 0.025049686431884766
14533 0.11047874391078949 0.025049688294529915
14534 0.09448780119419098 0.025049686431884766
14535 0.0667274072766304 0.025049686431884766
14536 0.08589500933885574 0.025049686431884766
14537 0.08534178137779236 0.025049686431884766
14538 0.21174933016300201 0.2951626777648926
14539 0.20168755948543549 0.2721092402935028
14540 0.21815238893032074 0.24595831334590912
14541 0.2116626352071762 0.34918344020843506
14542 0.19712603092193604 0.32109197974205017
14543 0.20752385258674622 0.5957249999046326
14544 0.19701847434043884 0.583528459072113
14545 0.20222949981689453 0.5617502331733704
14546 0.22736644744873047 0.1471707820892334
14547 0.2168908268213272 0.1280132681131363
14548 0.23148085176944733 0.10202986001968384
14549 0.21261045336723328 0.025049686431884766
14550 0.21261045336723328 0.025049686431884766
14551 0.21261045336723328 0.025049686431884766
14552 0.22300955653190613 0.025049686431884766
14553 0.21261045336723328 0.025049686431884766
14554 0.19777441024780273 0.025049686431884766
14555 0.185837522149086 0.025049686431884766
14556 0.23909863829612732 0.025049686431884766
14557 0.23942649364471436 0.02542710490524769
14558 0.22417935729026794 0.025049686431884766
14559 0.2138054072856903 0.03456568717956543
14560 0.20897415280342102 0.025049686431884766
14561 0.2398756593465805 0.06401409953832626
14562 0.2252618968486786 0.050004538148641586
14563 0.2203383594751358 0.08659109473228455
14564 0.20576561987400055 0.22363413870334625
14565 0.22303631901741028 0.1934652179479599
14566 0.21110425889492035 0.1725466102361679
14567 0.23751701414585114 0.025049686431884766
14568 0.11112069338560104 0.025049686431884766
14569 0.10155443847179413 0.025049686431884766
14570 0.09148168563842773 0.025049686431884766
14571 0.22179998457431793 0.025049686431884766
14572 0.21261045336723328 0.025049686431884766
14573 0.20414842665195465 0.025049686431884766
14574 0.1739475578069687 0.025049686431884766
14575 0.1605972796678543 0.025049686431884766
14576 0.1582365185022354 0.025049686431884766
14577 0.15024346113204956 0.025049686431884766
14578 0.15024346113204956 0.025049686431884766
14579 0.1430070847272873 0.025049686431884766
14580 0.06777962297201157 0.025049686431884766
14581 0.0882130116224289 0.025049686431884766
14582 0.24968300759792328 0.7131928205490112
14583 0.24765442311763763 0.6991496682167053
14584 0.2247433364391327 0.6556004881858826
14585 0.21136344969272614 0.6473363041877747
14586 0.21528315544128418 0.6257176399230957
14587 0.23568131029605865 0.6821779608726501
14588 0.2225169837474823 0.6760919094085693
14589 0.23575995862483978 0.6964402198791504
14590 0.07432501763105392 0.6628431677818298
14591 0.068446584045887 0.615917444229126
14592 0.08555594086647034 0.6354188919067383
14593 0.06500228494405746 0.2932222783565521
14594 0.064430832862854 0.24173389375209808
14595 0.07856633514165878 0.27497509121894836
14596 0.07817554473876953 0.32275155186653137
14597 0.06440902501344681 0.34102171659469604
14598 0.06149411201477051 0.14401660859584808
14599 0.057972971349954605 0.10180573910474777
14600 0.07490860670804977 0.1275603026151657
14601 0.05585790053009987 0.06657599657773972
14602 0.07366520166397095 0.08615681529045105
14603 0.06497392803430557 0.18822482228279114
14604 0.08069229871034622 0.22339507937431335
14605 0.0725482776761055 0.051371388137340546
14606 0.05302118882536888 0.030742527917027473
14607 0.10535264015197754 0.025049686431884766
14608 0.0904746949672699 0.03135853633284569
14609 0.07216405868530273 0.025049686431884766
14610 0.09148168563842773 0.025049686431884766
14611 0.07813488692045212 0.16840797662734985
14612 0.07107436656951904 0.025049686431884766
14613 0.0951700285077095 0.025049686431884766
14614 0.12055421620607376 0.025049686431884766
14615 0.124509796500206 0.025049686431884766
14616 0.13283585011959076 0.025049686431884766
14617 0.09183108061552048 0.3040282726287842
14618 0.0942121222615242 0.2466418743133545
14619 0.10746549069881439 0.26917746663093567
14620 0.09053785353899002 0.34804919362068176
14621 0.10393828898668289 0.3279891312122345
14622 0.10109488666057587 0.6492680907249451
14623 0.09665688872337341 0.6078639626502991
14624 0.11133014410734177 0.6216974258422852
14625 0.1849522590637207 0.036358579993247986
14626 0.17137278616428375 0.025049686431884766
14627 0.15114785730838776 0.03343553468585014
14628 0.14605630934238434 0.025049686431884766
14629 0.11439161002635956 0.11528705060482025
14630 0.09889007359743118 0.09115615487098694
14631 0.11738420277833939 0.07454217225313187
14632 0.1324939876794815 0.09382849186658859
14633 0.09013170748949051 0.07156867533922195
14634 0.10047972947359085 0.053948137909173965
14635 0.12299955636262894 0.02978477254509926
14636 0.13799642026424408 0.053315188735723495
14637 0.09040461480617523 0.11030592024326324
14638 0.09113821387290955 0.15174710750579834
14639 0.10280776768922806 0.13445572555065155
14640 0.09370154142379761 0.19218102097511292
14641 0.1059042289853096 0.17551180720329285
14642 0.10804860293865204 0.22579523921012878
14643 0.1894913911819458 0.24846695363521576
14644 0.18460199236869812 0.2974603474140167
14645 0.17341625690460205 0.27352264523506165
14646 0.18327786028385162 0.3454023003578186
14647 0.17073720693588257 0.3220856487751007
14648 0.19904819130897522 0.1527889370918274
14649 0.1856381595134735 0.1330806016921997
14650 0.2038343995809555 0.10574763268232346
14651 0.21036671102046967 0.06952191144227982
14652 0.1960444152355194 0.052592068910598755
14653 0.18993330001831055 0.08891530334949493
14654 0.17646609246730804 0.22530889511108398
14655 0.19334346055984497 0.19751299917697906
14656 0.18142378330230713 0.1771717667579651
14657 0.1126473993062973 0.24786649644374847
14658 0.12531478703022003 0.27131378650665283
14659 0.11240089684724808 0.3046216666698456
14660 0.1639060527086258 0.25001537799835205
14661 0.1622781604528427 0.30187752842903137
14662 0.1498439460992813 0.27478763461112976
14663 0.16000069677829742 0.3463779091835022
14664 0.15012919902801514 0.3259862959384918
14665 0.12624777853488922 0.3286466896533966
14666 0.11304281651973724 0.3500715494155884
14667 0.12230520695447922 0.5978429913520813
14668 0.13714145123958588 0.6133525371551514
14669 0.12644647061824799 0.6380314230918884
14670 0.1292545646429062 0.13675914704799652
14671 0.11348099261522293 0.15572227537631989
14672 0.16779600083827972 0.1558363437652588
14673 0.15912331640720367 0.1362166553735733
14674 0.17117545008659363 0.11374197900295258
14675 0.17711509764194489 0.07313322275876999
14676 0.16269804537296295 0.05481409281492233
14677 0.15786050260066986 0.09305959939956665
14678 0.11240430176258087 0.19749297201633453
14679 0.12604375183582306 0.22911608219146729
14680 0.16394434869289398 0.20033416152000427
14681 0.15305961668491364 0.2276604324579239
14682 0.15526831150054932 0.17896896600723267
14683 0.12767952680587769 0.17738080024719238
14684 0.1427241563796997 0.15733462572097778
14685 0.14665263891220093 0.11562127619981766
14686 0.15132872760295868 0.0734637901186943
14687 0.14083798229694366 0.19936004281044006
14688 0.13788078725337982 0.2520870864391327
14689 0.13843251764774323 0.3051101863384247
14690 0.13824987411499023 0.3495881259441376
14691 0.16985410451889038 0.892746090888977
14692 0.19408009946346283 0.8937048316001892
14693 0.18473254144191742 0.8613839149475098
14694 0.20348966121673584 0.8544741272926331
14695 0.1949005126953125 0.8291770219802856
14696 0.21257327497005463 0.8283143639564514
14697 0.1604357212781906 0.8589963912963867
14698 0.15836097300052643 0.8282909989356995
14699 0.17691649496555328 0.8306060433387756
14700 0.1405465453863144 0.8575091361999512
14701 0.174056276679039 0.8042820692062378
14702 0.18791593611240387 0.805665910243988
14703 0.19194957613945007 0.6061117053031921
14704 0.18067537248134613 0.5936364531517029
14705 0.18737782537937164 0.5711374282836914
14706 0.1730959564447403 0.6162849068641663
14707 0.16060225665569305 0.6025263667106628
14708 0.16903136670589447 0.5801839232444763
14709 0.1516445130109787 0.6267569661140442
14710 0.14730285108089447 0.5883904099464417
14711 0.23722387850284576 0.7150431275367737
14712 0.2414795309305191 0.7326770424842834
14713 0.2083747684955597 0.6694470047950745
14714 0.1950894445180893 0.6609854102134705
14715 0.19929565489292145 0.6373205780982971
14716 0.2221846580505371 0.6936395168304443
14717 0.22387553751468658 0.7153516411781311
14718 0.20798802375793457 0.6905665993690491
14719 0.22790385782718658 0.735131025314331
14720 0.23424315452575684 0.7537798285484314
14721 0.09653963148593903 0.7515580654144287
14722 0.08345310389995575 0.7026357650756836
14723 0.10122375190258026 0.7147231101989746
14724 0.12686020135879517 0.7951884865760803
14725 0.12447679787874222 0.8245688676834106
14726 0.10947878658771515 0.7906308174133301
14727 0.11936511099338531 0.7279296517372131
14728 0.10950089991092682 0.6861447691917419
14729 0.12750326097011566 0.6991943717002869
14730 0.14755474030971527 0.7715986967086792
14731 0.1443416029214859 0.7994861602783203
14732 0.1309526413679123 0.7669678926467896
14733 0.14276528358459473 0.714040219783783
14734 0.1329546570777893 0.6739577651023865
14735 0.14941072463989258 0.6878852248191833
14736 0.1418694704771042 0.8280725479125977
14737 0.1600603461265564 0.8007340431213379
14738 0.20456501841545105 0.8059853911399841
14739 0.22026202082633972 0.7996479272842407
14740 0.16118399798870087 0.777174711227417
14741 0.173764169216156 0.7839407324790955
14742 0.16397260129451752 0.7576736807823181
14743 0.15121997892856598 0.7474511861801147
14744 0.15840917825698853 0.6625018119812012
14745 0.17427730560302734 0.6778994202613831
14746 0.1662335842847824 0.7047836780548096
14747 0.21168865263462067 0.7797999382019043
14748 0.22654519975185394 0.7761530876159668
14749 0.18548771739006042 0.7848052978515625
14750 0.19739609956741333 0.7832704186439514
14751 0.1793108582496643 0.7536108493804932
14752 0.1745782047510147 0.765988290309906
14753 0.1699574589729309 0.7400479912757874
14754 0.1837748885154724 0.7672587037086487
14755 0.19382165372371674 0.7631712555885315
14756 0.20612144470214844 0.7598904371261597
14757 0.1917494386434555 0.6881104111671448
14758 0.179807648062706 0.6513316631317139
14759 0.22015585005283356 0.7563323378562927
14760 0.1886061728000641 0.7436370849609375
14761 0.21547207236289978 0.7347482442855835
14762 0.21062253415584564 0.7130679488182068
14763 0.19442079961299896 0.7132800817489624
14764 0.2004726231098175 0.738103985786438
14765 0.1802574098110199 0.7233254909515381
14766 0.15725399553775787 0.7257441878318787
14767 0.13608644902706146 0.7392167448997498
14768 0.11320942640304565 0.7610779404640198
14769 0.19303250312805176 0.5493924617767334
14770 0.19855032861232758 0.529243528842926
14771 0.19915951788425446 0.4274001717567444
14772 0.19583219289779663 0.46104761958122253
14773 0.18897031247615814 0.44691231846809387
14774 0.1768045425415039 0.5584971904754639
14775 0.1835080087184906 0.536751925945282
14776 0.18204182386398315 0.4302789866924286
14777 0.1806255728006363 0.466352641582489
14778 0.17086005210876465 0.45164039731025696
14779 0.15566910803318024 0.5649904608726501
14780 0.1642095297574997 0.5437522530555725
14781 0.1954089105129242 0.49456173181533813
14782 0.18806153535842896 0.48032811284065247
14783 0.17221707105636597 0.48697715997695923
14784 0.18135668337345123 0.501288115978241
14785 0.06270719319581985 0.43369534611701965
14786 0.07478436827659607 0.4572496712207794
14787 0.0599668025970459 0.47423526644706726
14788 0.07956903427839279 0.5884947180747986
14789 0.06253796070814133 0.5669419169425964
14790 0.08906979858875275 0.4386182129383087
14791 0.10193818062543869 0.4601774215698242
14792 0.08763338625431061 0.4769913852214813
14793 0.09067240357398987 0.5627904534339905
14794 0.10625292360782623 0.5797891616821289
14795 0.12655089795589447 0.4589834213256836
14796 0.11307121813297272 0.4783344566822052
14797 0.11434322595596313 0.4397786259651184
14798 0.11721407622098923 0.5564965605735779
14799 0.1326133757829666 0.5737001895904541
14800 0.13905726373195648 0.4762158691883087
14801 0.13911737501621246 0.43796852231025696
14802 0.15011216700077057 0.4547860026359558
14803 0.14257149398326874 0.5500526428222656
14804 0.16111354529857635 0.4342791736125946
14805 0.16053591668605804 0.47167104482650757
14806 0.16288377344608307 0.508076012134552
14807 0.14966148138046265 0.4911852180957794
14808 0.14072127640247345 0.5136280059814453
14809 0.12762080132961273 0.4974043369293213
14810 0.10302890837192535 0.4996228814125061
14811 0.11558163911104202 0.5186242461204529
14812 0.07476810365915298 0.4991665184497833
14813 0.09013116359710693 0.52278071641922
14814 0.06127076968550682 0.5201056599617004
14815 0.15495143830776215 0.025049686431884766
14816 0.15024346113204956 0.025049686431884766
14817 0.15498694777488708 0.025049684569239616
14818 0.16875424981117249 0.025049686431884766
14819 0.15024346113204956 0.025049686431884766
14820 0.1459283083677292 0.025049686431884766
14821 0.15024346113204956 0.025049686431884766
14822 0.1273607462644577 0.025049686431884766
14823 0.10905557870864868 0.025049686431884766
14824 0.12786521017551422 0.025049686431884766
14825 0.09148168563842773 0.025049686431884766
14826 0.09148168563842773 0.025049686431884766
14827 0.09148168563842773 0.025049686431884766
14828 0.09092359989881516 0.025049686431884766
14829 0.07082393765449524 0.025049686431884766
14830 0.09148168563842773 0.025049686431884766
14831 0.04923408851027489 0.025049686431884766
14832 0.0498235747218132 0.025049686431884766
14833 0.19719752669334412 0.025049686431884766
14834 0.21095795929431915 0.025049686431884766
14835 0.21261045336723328 0.025049686431884766
14836 0.2122657150030136 0.025049686431884766
14837 0.18403518199920654 0.025049686431884766
14838 0.18308013677597046 0.025049686431884766
14839 0.21261045336723328 0.025049686431884766
14840 0.2186751514673233 0.025049686431884766
14841 0.21952655911445618 0.025049686431884766
14842 0.21261045336723328 0.025049686431884766
14843 0.21261045336723328 0.025049686431884766
14844 0.2126104235649109 0.025049686431884766
14845 0.21261045336723328 0.025049686431884766
14846 0.21261045336723328 0.025049686431884766
14847 0.2126104235649109 0.025049686431884766
14848 0.21261045336723328 0.025049686431884766
14849 0.21261045336723328 0.025049686431884766
14850 0.2126104235649109 0.025049686431884766
14851 0.21261045336723328 0.025049686431884766
14852 0.21261045336723328 0.025049686431884766
14853 0.2126104235649109 0.025049686431884766
14854 0.21261045336723328 0.025049686431884766
14855 0.2126104235649109 0.025049686431884766
14856 0.21261045336723328 0.025049686431884766
14857 0.21261045336723328 0.025049686431884766
14858 0.21261045336723328 0.025049686431884766
14859 0.2126104235649109 0.025049686431884766
14860 0.21261045336723328 0.025049686431884766
14861 0.2126104235649109 0.025049686431884766
14862 0.15901122987270355 0.025049686431884766
14863 0.18021930754184723 0.025049686431884766
14864 0.15024346113204956 0.025049686431884766
14865 0.1713958978652954 0.025049686431884766
14866 0.15024346113204956 0.025049686431884766
14867 0.15024346113204956 0.025049686431884766
14868 0.1472240686416626 0.025049686431884766
14869 0.1457890123128891 0.025049686431884766
14870 0.1285121589899063 0.025049686431884766
14871 0.10929686576128006 0.025049684569239616
14872 0.12750081717967987 0.025049686431884766
14873 0.10883473604917526 0.025049686431884766
14874 0.09148168563842773 0.025049686431884766
14875 0.09148168563842773 0.025049686431884766
14876 0.09148168563842773 0.025049686431884766
14877 0.08825342357158661 0.025049686431884766
14878 0.0675819143652916 0.025049686431884766
14879 0.06925272941589355 0.025049686431884766
14880 0.04855385422706604 0.025049686431884766
14881 0.21261045336723328 0.025049686431884766
14882 0.21261045336723328 0.025049686431884766
14883 0.21261045336723328 0.025049686431884766
14884 0.21261045336723328 0.025049686431884766
14885 0.21918059885501862 0.025049686431884766
14886 0.2315807044506073 0.025049686431884766
14887 0.21261045336723328 0.025049686431884766
14888 0.21261045336723328 0.025049686431884766
14889 0.2038172334432602 0.025049686431884766
14890 0.21261045336723328 0.025049686431884766
14891 0.21261045336723328 0.025049686431884766
14892 0.21261045336723328 0.025049686431884766
14893 0.21261045336723328 0.025049686431884766
14894 0.21680854260921478 0.025049684569239616
14895 0.2288518100976944 0.025049686431884766
14896 0.21261045336723328 0.025049686431884766
14897 0.21261045336723328 0.025049686431884766
14898 0.21261045336723328 0.025049686431884766
14899 0.21261045336723328 0.025049686431884766
14900 0.21261045336723328 0.025049686431884766
14901 0.21065591275691986 0.025049686431884766
14902 0.21261045336723328 0.025049686431884766
14903 0.21261045336723328 0.025049686431884766
14904 0.21261045336723328 0.025049686431884766
14905 0.20077753067016602 0.025049686431884766
14906 0.19025608897209167 0.025049686431884766
14907 0.21261045336723328 0.025049686431884766
14908 0.21261045336723328 0.025049686431884766
14909 0.21261045336723328 0.025049686431884766
14910 0.21261045336723328 0.025049686431884766
14911 0.21261045336723328 0.025049686431884766
14912 0.21425986289978027 0.025049688294529915
14913 0.21261045336723328 0.025049686431884766
14914 0.21261045336723328 0.025049686431884766
14915 0.21261045336723328 0.025049686431884766
14916 0.21261045336723328 0.025049686431884766
14917 0.21261045336723328 0.025049686431884766
14918 0.22584928572177887 0.025049684569239616
14919 0.21261045336723328 0.025049686431884766
14920 0.22233375906944275 0.025049686431884766
14921 0.21261045336723328 0.025049686431884766
14922 0.21261045336723328 0.025049686431884766
14923 0.21261045336723328 0.025049686431884766
14924 0.21261045336723328 0.025049686431884766
14925 0.21261045336723328 0.025049686431884766
14926 0.21261045336723328 0.025049686431884766
14927 0.21261045336723328 0.025049686431884766
14928 0.21261045336723328 0.025049686431884766
14929 0.21261045336723328 0.025049686431884766
14930 0.21261045336723328 0.025049686431884766
14931 0.21261045336723328 0.025049686431884766
14932 0.21261045336723328 0.025049686431884766
14933 0.21261045336723328 0.025049686431884766
14934 0.21261045336723328 0.025049686431884766
14935 0.21261045336723328 0.025049686431884766
14936 0.21261045336723328 0.025049686431884766
14937 0.21261045336723328 0.025049686431884766
14938 0.09114760160446167 0.6739993691444397
14939 0.11753273010253906 0.661105215549469
14940 0.1418786644935608 0.6492714881896973
14941 0.16561372578144073 0.6390846371650696
14942 0.18604892492294312 0.6267866492271423
14943 0.20307420194149017 0.6161399483680725
14944 0.0765906274318695 0.5451700687408447
14945 0.10420173406600952 0.5397689342498779
14946 0.12923870980739594 0.535972535610199
14947 0.15230761468410492 0.5286721587181091
14948 0.17321035265922546 0.5234184861183167
14949 0.19006215035915375 0.5151090025901794
14950 0.20318353176116943 0.3867083191871643
14951 0.19290941953659058 0.407829225063324
14952 0.1834643930196762 0.3906491994857788
14953 0.17256461083889008 0.4126773178577423
14954 0.16008205711841583 0.39328819513320923
14955 0.15055346488952637 0.4154067039489746
14956 0.1277647167444229 0.42017126083374023
14957 0.13981856405735016 0.3989441394805908
14958 0.10267786681652069 0.4199419617652893
14959 0.1133379265666008 0.39875781536102295
14960 0.07712805271148682 0.4176590144634247
14961 0.09082882851362228 0.39988091588020325
14962 0.06339775770902634 0.3920626938343048
14963 0.07704193145036697 0.37642961740493774
14964 0.10389489680528641 0.38197991251945496
14965 0.1259680837392807 0.3794724941253662
14966 0.1501794457435608 0.3711426854133606
14967 0.17201274633407593 0.3736197352409363
14968 0.19630979001522064 0.3699329197406769
14969 0.3292090594768524 0.025049686431884766
14970 0.3220355212688446 0.025049686431884766
14971 0.3478889465332031 0.025049686431884766
14972 0.35552141070365906 0.025049686431884766
14973 0.30985772609710693 0.025049688294529915
14974 0.3041686713695526 0.025049686431884766
14975 0.33637091517448425 0.025049686431884766
14976 0.28222212195396423 0.025049686431884766
14977 0.28442326188087463 0.025049686431884766
14978 0.31159746646881104 0.025049686431884766
14979 0.28187477588653564 0.025049686431884766
14980 0.2820226848125458 0.025049686431884766
14981 0.3643536865711212 0.23342034220695496
14982 0.34773561358451843 0.30416139960289
14983 0.3460540473461151 0.249505415558815
14984 0.42196986079216003 0.1454407125711441
14985 0.4475212097167969 0.1501491814851761
14986 0.4047507643699646 0.18338164687156677
14987 0.27331188321113586 0.1853359341621399
14988 0.28219640254974365 0.20781469345092773
14989 0.2655196487903595 0.24184224009513855
14990 0.35048869252204895 0.17159102857112885
14991 0.35344335436820984 0.19603286683559418
14992 0.330783873796463 0.22557726502418518
14993 0.3274495303630829 0.19969628751277924
14994 0.2879299819469452 0.08510401844978333
14995 0.2944738566875458 0.10626135766506195
14996 0.2833397090435028 0.13719932734966278
14997 0.37461286783218384 0.061920590698719025
14998 0.383408784866333 0.08512324839830399
14999 0.36100223660469055 0.11975449323654175
15000 0.353391170501709 0.09343013167381287
15001 0.337553471326828 0.12678386270999908
15002 0.3284476101398468 0.10098244249820709
15003 0.35265567898750305 0.07043379545211792
15004 0.4346008896827698 0.041645705699920654
15005 0.44840478897094727 0.05911175161600113
15006 0.42624855041503906 0.09016671776771545
15007 0.4136679470539093 0.07405401021242142
15008 0.4557771384716034 0.07245022058486938
15009 0.45952385663986206 0.028806982561945915
15010 0.46793797612190247 0.04526541009545326
15011 0.304097980260849 0.025049686431884766
15012 0.326200395822525 0.025049686431884766
15013 0.29959484934806824 0.025049686431884766
15014 0.37746763229370117 0.025049686431884766
15015 0.3588700592517853 0.025049684569239616
15016 0.3562632203102112 0.025049686431884766
15017 0.3688246011734009 0.025049686431884766
15018 0.31531667709350586 0.025049686431884766
15019 0.2874075472354889 0.03123447671532631
15020 0.3037240505218506 0.0535886287689209
15021 0.36698663234710693 0.036617401987314224
15022 0.34399330615997314 0.04599011316895485
15023 0.4211025536060333 0.025049686431884766
15024 0.44107314944267273 0.025049686431884766
15025 0.45362016558647156 0.025049686431884766
15026 0.47408556938171387 0.025049686431884766
15027 0.4657917320728302 0.025049686431884766
15028 0.39521434903144836 0.02780899405479431
15029 0.3866102397441864 0.025049686431884766
15030 0.4525766968727112 0.12010134756565094
15031 0.46887847781181335 0.12890982627868652
15032 0.30696794390678406 0.22984935343265533
15033 0.3008113205432892 0.2044302374124527
15034 0.32296299934387207 0.17692768573760986
15035 0.3752325177192688 0.20196354389190674
15036 0.4872063994407654 0.10693680495023727
15037 0.48682641983032227 0.06920773535966873
15038 0.4843275249004364 0.025049686431884766
15039 0.489045649766922 0.025049686431884766
15040 0.40337276458740234 0.025049686431884766
15041 0.39512181282043457 0.025049686431884766
15042 0.47967103123664856 0.025049686431884766
15043 0.49308186769485474 0.025049686431884766
15044 0.47060418128967285 0.025049686431884766
15045 0.458541601896286 0.025049686431884766
15046 0.4482269883155823 0.025049686431884766
15047 0.42992785573005676 0.025049686431884766
15048 0.3586679697036743 0.025049686431884766
15049 0.38217952847480774 0.025049686431884766
15050 0.38779690861701965 0.025049686431884766
15051 0.4613129496574402 0.025049688294529915
15052 0.4400918781757355 0.025049686431884766
15053 0.45958906412124634 0.025049686431884766
15054 0.4728699326515198 0.025049686431884766
15055 0.483120858669281 0.025049686431884766
15056 0.49579042196273804 0.025049686431884766
15057 0.4099268615245819 0.025049686431884766
15058 0.41266104578971863 0.025049686431884766
15059 0.4692228138446808 0.09161435812711716
15060 0.44555431604385376 0.11052847653627396
15061 0.4063999354839325 0.132291778922081
15062 0.3698382079601288 0.14283627271652222
15063 0.3449091613292694 0.14878512918949127
15064 0.31540152430534363 0.15459920465946198
15065 0.29274773597717285 0.15857207775115967
15066 0.26546022295951843 0.9314895272254944
15067 0.2866576015949249 0.952860951423645
15068 0.3119509518146515 0.9296608567237854
15069 0.33500242233276367 0.947301983833313
15070 0.28888002038002014 0.911488950252533
15071 0.2673792541027069 0.8918110132217407
15072 0.3299802839756012 0.9079326391220093
15073 0.30747687816619873 0.8902860283851624
15074 0.2964611351490021 0.6921467781066895
15075 0.2929246723651886 0.7037339806556702
15076 0.28181013464927673 0.6939798593521118
15077 0.2849496304988861 0.68271803855896
15078 0.2744675874710083 0.6755756735801697
15079 0.2773493230342865 0.6604927182197571
15080 0.28885290026664734 0.6709566116333008
15081 0.33099284768104553 0.2477700561285019
15082 0.3118238151073456 0.2702403962612152
15083 0.31059181690216064 0.2499018758535385
15084 0.30016493797302246 0.27486833930015564
15085 0.29586899280548096 0.2552473843097687
15086 0.2743210792541504 0.26415011286735535
15087 0.2567634880542755 0.28997647762298584
15088 0.2762415111064911 0.7079753279685974
15089 0.27085474133491516 0.6850090622901917
15090 0.255309134721756 0.6350060105323792
15091 0.26769211888313293 0.6471366882324219
15092 0.2628419101238251 0.6656043529510498
15093 0.2924225628376007 0.6563222408294678
15094 0.30406999588012695 0.6659097671508789
15095 0.30036500096321106 0.6766265630722046
15096 0.30858707427978516 0.7008497714996338
15097 0.3129251301288605 0.6847496628761292
15098 0.35648873448371887 0.9150286912918091
15099 0.34943887591362 0.8774508833885193
15100 0.3738858997821808 0.8834992051124573
15101 0.3825529217720032 0.9195813536643982
15102 0.2811729609966278 0.6454266905784607
15103 0.2699718177318573 0.6322323679924011
15104 0.2899395227432251 0.025049686431884766
15105 0.32504308223724365 0.025049686431884766
15106 0.39823052287101746 0.8892804384231567
15107 0.4244978725910187 0.8822735548019409
15108 0.4122777581214905 0.849822998046875
15109 0.386186808347702 0.8572344779968262
15110 0.3279508650302887 0.679343581199646
15111 0.32563140988349915 0.6924028992652893
15112 0.3155421316623688 0.6723382472991943
15113 0.30718836188316345 0.6506266593933105
15114 0.31882670521736145 0.6590011119842529
15115 0.3302477300167084 0.6638327240943909
15116 0.3211205005645752 0.6444106101989746
15117 0.3410637378692627 0.6849954128265381
15118 0.4354901909828186 0.8416300415992737
15119 0.4188194274902344 0.8198777437210083
15120 0.29715654253959656 0.6394164562225342
15121 0.28638121485710144 0.6283090114593506
15122 0.30995580554008484 0.6363816857337952
15123 0.2994515597820282 0.6270911693572998
15124 0.3123965561389923 0.62300705909729
15125 0.4972690939903259 0.025049686431884766
15126 0.48502805829048157 0.025049686431884766
15127 0.45958906412124634 0.025049686431884766
15128 0.4618127942085266 0.025049686431884766
15129 0.45923641324043274 0.025049686431884766
15130 0.47405362129211426 0.025049686431884766
15131 0.4073026776313782 0.025049686431884766
15132 0.4238944351673126 0.025049684569239616
15133 0.4313669800758362 0.025049686431884766
15134 0.4022526144981384 0.025049686431884766
15135 0.37731602787971497 0.025049686431884766
15136 0.3389953374862671 0.025049686431884766
15137 0.35796666145324707 0.025049686431884766
15138 0.35796666145324707 0.025049686431884766
15139 0.4134655296802521 0.025049686431884766
15140 0.39288899302482605 0.025049686431884766
15141 0.41153982281684875 0.025049686431884766
15142 0.4463527500629425 0.025049686431884766
15143 0.43479251861572266 0.025049686431884766
15144 0.4623451232910156 0.025049686431884766
15145 0.45958906412124634 0.025049686431884766
15146 0.45958906412124634 0.025049686431884766
15147 0.48639777302742004 0.025049686431884766
15148 0.47423404455184937 0.025049686431884766
15149 0.4987984001636505 0.025049686431884766
15150 0.4595891237258911 0.025049686431884766
15151 0.4609687328338623 0.025049688294529915
15152 0.45958906412124634 0.025049686431884766
15153 0.47320783138275146 0.025049686431884766
15154 0.48656269907951355 0.025049686431884766
15155 0.4994560182094574 0.025049686431884766
15156 0.4423549175262451 0.025049686431884766
15157 0.45672890543937683 0.025049686431884766
15158 0.4208352267742157 0.025049686431884766
15159 0.34134048223495483 0.025049686431884766
15160 0.35796666145324707 0.025049686431884766
15161 0.35796666145324707 0.025049686431884766
15162 0.35796666145324707 0.025049686431884766
15163 0.3620143234729767 0.025049686431884766
15164 0.35796666145324707 0.025049686431884766
15165 0.35796666145324707 0.025049686431884766
15166 0.3593088388442993 0.025049686431884766
15167 0.3699500262737274 0.025049686431884766
15168 0.4134655296802521 0.025049686431884766
15169 0.3997621238231659 0.025049686431884766
15170 0.3037767708301544 0.025049686431884766
15171 0.31309354305267334 0.758334219455719
15172 0.30252382159233093 0.7726455926895142
15173 0.2897372543811798 0.7621606588363647
15174 0.2995333671569824 0.7494469881057739
15175 0.3042839765548706 0.7138597965240479
15176 0.29688844084739685 0.7283780574798584
15177 0.28620052337646484 0.7180376648902893
15178 0.32102859020233154 0.7086906433105469
15179 0.31512758135795593 0.7245239615440369
15180 0.3348996043205261 0.7523731589317322
15181 0.3271573781967163 0.7661504149436951
15182 0.3207879364490509 0.7455159425735474
15183 0.3383440673351288 0.6991353631019592
15184 0.3337750732898712 0.7153172492980957
15185 0.35103198885917664 0.7051400542259216
15186 0.35614827275276184 0.7383118867874146
15187 0.3497019112110138 0.7556256651878357
15188 0.3413514494895935 0.7354288697242737
15189 0.3711802661418915 0.7402467131614685
15190 0.3608085811138153 0.7236038446426392
15191 0.34675705432891846 0.7206315994262695
15192 0.3276495635509491 0.7315045595169067
15193 0.30799856781959534 0.7383220195770264
15194 0.2880934476852417 0.74070143699646
15195 0.3567582368850708 0.8208094239234924
15196 0.34264180064201355 0.8431836366653442
15197 0.3231649696826935 0.8369527459144592
15198 0.3381209373474121 0.8143982291221619
15199 0.3255942165851593 0.8677176833152771
15200 0.3628526031970978 0.8479608297348022
15201 0.3757135570049286 0.8264570832252502
15202 0.3964941203594208 0.8221783638000488
15203 0.4048699736595154 0.7953200936317444
15204 0.3860612213611603 0.7986379265785217
15205 0.3676604628562927 0.8008385896682739
15206 0.3931117057800293 0.7762603759765625
15207 0.29017874598503113 0.7852345705032349
15208 0.3162705600261688 0.7815132737159729
15209 0.30309024453163147 0.797457218170166
15210 0.27859532833099365 0.772272527217865
15211 0.27678561210632324 0.7955102324485779
15212 0.34163352847099304 0.7730303406715393
15213 0.3309510052204132 0.7889869213104248
15214 0.364955872297287 0.7574449181556702
15215 0.35732030868530273 0.776163637638092
15216 0.38050639629364014 0.7577717304229736
15217 0.3751828372478485 0.7780851721763611
15218 0.34826135635375977 0.7971071600914001
15219 0.32001975178718567 0.8070183396339417
15220 0.27839720249176025 0.7505707144737244
15221 0.2783486545085907 0.7294420003890991
15222 0.30813339352607727 0.8538616895675659
15223 0.29113173484802246 0.8391604423522949
15224 0.3055272400379181 0.8254173994064331
15225 0.2878870666027069 0.8721603751182556
15226 0.28962668776512146 0.8103681206703186
15227 0.2718193233013153 0.8562182188034058
15228 0.27598336338996887 0.8232201337814331
15229 0.30251362919807434 0.6142415404319763
15230 0.3050609827041626 0.6024476885795593
15231 0.2464599311351776 0.6015081405639648
15232 0.25919392704963684 0.6155129075050354
15233 0.2759949266910553 0.6150450110435486
15234 0.2660389244556427 0.6001958250999451
15235 0.289642333984375 0.6162381768226624
15236 0.28114113211631775 0.6039462685585022
15237 0.29340019822120667 0.6041170954704285
15238 0.2735691964626312 0.5898438096046448
15239 0.25884735584259033 0.5793471336364746
15240 0.26824986934661865 0.5743252635002136
15241 0.2966231107711792 0.594495952129364
15242 0.2988407611846924 0.5847926735877991
15243 0.28548362851142883 0.59431391954422
15244 0.28910258412361145 0.5851243138313293
15245 0.27872827649116516 0.5820746421813965
15246 0.24772261083126068 0.34609243273735046
15247 0.26365506649017334 0.32076385617256165
15248 0.3033001720905304 0.2930881679058075
15249 0.2924624979496002 0.3261294662952423
15250 0.2859272062778473 0.3029639720916748
15251 0.3134133815765381 0.28920042514801025
15252 0.30578529834747314 0.31756821274757385
15253 0.311150461435318 0.3402557969093323
15254 0.3018140494823456 0.35347655415534973
15255 0.29580724239349365 0.33826109766960144
15256 0.33171629905700684 0.32852137088775635
15257 0.33230242133140564 0.31270554661750793
15258 0.2883339822292328 0.359754353761673
15259 0.28178873658180237 0.34926554560661316
15260 0.31951653957366943 0.3551779091358185
15261 0.3208260238170624 0.34276655316352844
15262 0.22890521585941315 0.5435128808021545
15263 0.23826874792575836 0.5514492988586426
15264 0.23637601733207703 0.5703973174095154
15265 0.2484297752380371 0.5575211644172668
15266 0.2410428375005722 0.5317285060882568
15267 0.25072166323661804 0.5382609367370605
15268 0.2281646579504013 0.4241032898426056
15269 0.23151244223117828 0.4397471249103546
15270 0.2232118546962738 0.45386362075805664
15271 0.2246173471212387 0.5144070982933044
15272 0.23222921788692474 0.5235211849212646
15273 0.23635756969451904 0.5059996247291565
15274 0.24398565292358398 0.5131166577339172
15275 0.22829332947731018 0.46728089451789856
15276 0.22225335240364075 0.4832901358604431
15277 0.23418866097927094 0.47837668657302856
15278 0.23561452329158783 0.45211413502693176
15279 0.23986683785915375 0.4623761773109436
15280 0.24093924462795258 0.42582109570503235
15281 0.24245426058769226 0.4398243725299835
15282 0.2900308072566986 0.025049686431884766
15283 0.31444162130355835 0.025049686431884766
15284 0.2966715395450592 0.025049686431884766
15285 0.2820226848125458 0.025049686431884766
15286 0.2820226848125458 0.025049686431884766
15287 0.2820226550102234 0.025049686431884766
15288 0.2820226848125458 0.025049686431884766
15289 0.2820226848125458 0.025049686431884766
15290 0.2820226550102234 0.025049686431884766
15291 0.2707040309906006 0.025049686431884766
15292 0.28048980236053467 0.025049686431884766
15293 0.275450736284256 0.025049686431884766
15294 0.26347076892852783 0.025049686431884766
15295 0.2613109350204468 0.025049686431884766
15296 0.2820226848125458 0.025049686431884766
15297 0.2820226848125458 0.025049686431884766
15298 0.2820226848125458 0.025049686431884766
15299 0.2820226848125458 0.025049686431884766
15300 0.2820226848125458 0.025049686431884766
15301 0.2820226848125458 0.025049686431884766
15302 0.2761564552783966 0.025049686431884766
15303 0.2817866802215576 0.025049686431884766
15304 0.27199745178222656 0.025049686431884766
15305 0.265942245721817 0.025049686431884766
15306 0.2765488922595978 0.025049686431884766
15307 0.277423620223999 0.025049686431884766
15308 0.26731064915657043 0.025049686431884766
15309 0.2686997354030609 0.025049686431884766
15310 0.26122400164604187 0.025049686431884766
15311 0.24747814238071442 0.5792496204376221
15312 0.25755012035369873 0.5592636466026306
15313 0.22861099243164062 0.49554872512817383
15314 0.24034488201141357 0.4891946017742157
15315 0.23939934372901917 0.4092824161052704
15316 0.25061866641044617 0.39745455980300903
15317 0.2506597340106964 0.41381341218948364
15318 0.23762443661689758 0.39021462202072144
15319 0.2505359947681427 0.3742688298225403
15320 0.2652529180049896 0.37013667821884155
15321 0.26139572262763977 0.39148685336112976
15322 0.38780921697616577 0.025049686431884766
15323 0.3811964988708496 0.025049686431884766
15324 0.3711531162261963 0.025049686431884766
15325 0.35796666145324707 0.025049686431884766
15326 0.34337159991264343 0.025049686431884766
15327 0.3280019462108612 0.025049686431884766
15328 0.32043716311454773 0.07873844355344772
15329 0.3059724271297455 0.1326228231191635
15330 0.2979714572429657 0.1809336096048355
15331 0.2915980815887451 0.23742856085300446
15332 0.2798959016799927 0.28405824303627014
15333 0.2738976776599884 0.3396604359149933
15334 0.276777058839798 0.3720247447490692
15335 0.32180312275886536 0.32294562458992004
15336 0.3113444149494171 0.3524293601512909
15337 0.3283856213092804 0.2701522409915924
15338 0.35139796137809753 0.2231454700231552
15339 0.3767833709716797 0.16747306287288666
15340 0.3946530520915985 0.11097468435764313
15341 0.40471717715263367 0.05231403931975365
15342 0.4130592346191406 0.025049686431884766
15343 0.420943945646286 0.025049686431884766
15344 0.4358349144458771 0.025049686431884766
15345 0.45448824763298035 0.025049686431884766
15346 0.45958906412124634 0.025049686431884766
15347 0.4595891237258911 0.025049686431884766
15348 0.31150007247924805 0.3642638325691223
15349 0.3039837181568146 0.36383765935897827
15350 0.295427531003952 0.36730635166168213
15351 0.2829088866710663 0.3726567029953003
15352 0.27414795756340027 0.38590672612190247
15353 0.26922526955604553 0.3937607407569885
15354 0.25983867049217224 0.40681079030036926
15355 0.25259435176849365 0.42319175601005554
15356 0.24930551648139954 0.4326247572898865
15357 0.24515746533870697 0.45056387782096863
15358 0.2445802539587021 0.4676256775856018
15359 0.24420307576656342 0.47994136810302734
15360 0.2463735044002533 0.4983840584754944
15361 0.25090134143829346 0.5157385468482971
15362 0.2537982165813446 0.5254855751991272
15363 0.2588638961315155 0.5417363047599792
15364 0.2657921016216278 0.5579100251197815
15365 0.27404913306236267 0.569427490234375
15366 0.2829653024673462 0.5747296810150146
15367 0.2917933762073517 0.576424777507782
15368 0.0482403039932251 0.025049686431884766
15369 0.04840662702918053 0.025049686431884766
15370 0.0500919446349144 0.025049686431884766
15371 0.05218171328306198 0.025049686431884766
15372 0.1279899626970291 0.025049686431884766
15373 0.6245355606079102 0.36454448103904724
15374 0.6288036704063416 0.33593642711639404
15375 0.5995975732803345 0.6133641004562378
15376 0.6076370477676392 0.6221437454223633
15377 0.608954131603241 0.6021844744682312
15378 0.6175458431243896 0.6102045774459839
15379 0.6219321489334106 0.38541412353515625
15380 0.5926353335380554 0.6059671640396118
15381 0.6009551882743835 0.5945864915847778
15382 0.5046514868736267 0.6658804416656494
15383 0.6171102523803711 0.4085679054260254
15384 0.6105942726135254 0.4304417073726654
15385 0.5126733779907227 0.6502892374992371
15386 0.5041977763175964 0.6360461711883545
15387 0.5042910575866699 0.6497790813446045
15388 0.6177011132240295 0.5862928628921509
15389 0.6275663375854492 0.5945993065834045
15390 0.6083927154541016 0.5797568559646606
15391 0.5147704482078552 0.6655532121658325
15392 0.5120439529418945 0.6367669105529785
15393 0.5095106363296509 0.712437629699707
15394 0.517518937587738 0.6835094094276428
15395 0.5061614513397217 0.6842926144599915
15396 0.6158459186553955 0.6324194073677063
15397 0.6270087957382202 0.619053840637207
15398 0.6241560578346252 0.4423505663871765
15399 0.6410741806030273 0.4537631869316101
15400 0.6375408172607422 0.602372407913208
15401 0.5238377451896667 0.7085809111595154
15402 0.6371676921844482 0.627967357635498
15403 0.5824322700500488 0.6154592633247375
15404 0.6261186003684998 0.6420443058013916
15405 0.5889340043067932 0.6240888833999634
15406 0.5714403986930847 0.6234136819839478
15407 0.5616668462753296 0.6281660199165344
15408 0.5770508646965027 0.6334694623947144
15409 0.5653896331787109 0.6389776468276978
15410 0.5323455929756165 0.6482925415039062
15411 0.5222982168197632 0.649679958820343
15412 0.5357704162597656 0.6627213954925537
15413 0.5250207185745239 0.6648281812667847
15414 0.529843807220459 0.6357065439224243
15415 0.5595707893371582 0.6569251418113708
15416 0.5202776789665222 0.6367509961128235
15417 0.5547818541526794 0.6436930894851685
15418 0.5505311489105225 0.6315510272979736
15419 0.5401418209075928 0.634296178817749
15420 0.543756902217865 0.64646315574646
15421 0.5481823086738586 0.6600798964500427
15422 0.6358833909034729 0.4999614357948303
15423 0.6381233334541321 0.4785785973072052
15424 0.6584253907203674 0.4610549807548523
15425 0.653539776802063 0.5034879446029663
15426 0.6562573909759521 0.48194238543510437
15427 0.6683399677276611 0.5086590647697449
15428 0.6306231021881104 0.4185341000556946
15429 0.5307687520980835 0.8042244911193848
15430 0.547768235206604 0.7847416996955872
15431 0.5125565528869629 0.7524638772010803
15432 0.5300496816635132 0.7449474334716797
15433 0.6616374254226685 0.6444168090820312
15434 0.6488024592399597 0.6366432309150696
15435 0.6505243182182312 0.6610495448112488
15436 0.638066291809082 0.6520682573318481
15437 0.6479088068008423 0.6094598770141602
15438 0.6595495939254761 0.617876410484314
15439 0.6716539859771729 0.6246317625045776
15440 0.5658411383628845 0.6702542304992676
15441 0.5289636850357056 0.6822219491004944
15442 0.5411376357078552 0.6791351437568665
15443 0.536556601524353 0.7059390544891357
15444 0.5537791848182678 0.6751462817192078
15445 0.5501245260238647 0.6991946697235107
15446 0.5474537014961243 0.7356618046760559
15447 0.56103515625 0.7265040874481201
15448 0.5631805062294006 0.6946126222610474
15449 0.5748159289360046 0.7177755236625671
15450 0.5654604434967041 0.770350456237793
15451 0.5833241939544678 0.6446682214736938
15452 0.5957355499267578 0.6343346834182739
15453 0.603461742401123 0.644721269607544
15454 0.6138454079627991 0.6568493247032166
15455 0.5888489484786987 0.6786729693412781
15456 0.5786803960800171 0.6636073589324951
15457 0.5713591575622559 0.6506845355033875
15458 0.5907813906669617 0.6570810675621033
15459 0.6254825592041016 0.6691473126411438
15460 0.6006744503974915 0.696297824382782
15461 0.5757471919059753 0.6879997253417969
15462 0.5878496170043945 0.7068667411804199
15463 0.6008498668670654 0.6705632209777832
15464 0.6131932139396667 0.6841996908187866
15465 0.6385258436203003 0.6786859035491943
15466 0.6048728227615356 0.7265698313713074
15467 0.6165326833724976 0.7119740843772888
15468 0.6276800036430359 0.6978328227996826
15469 0.5790420770645142 0.7542152404785156
15470 0.592388391494751 0.7409934401512146
15471 0.6158429384231567 0.5655215978622437
15472 0.6258911490440369 0.5712040662765503
15473 0.6364893913269043 0.5774538516998291
15474 0.6475488543510437 0.5853664875030518
15475 0.6336359977722168 0.5557177066802979
15476 0.6227562427520752 0.5511176586151123
15477 0.6448285579681396 0.5611416697502136
15478 0.6479955911636353 0.5219549536705017
15479 0.6322981119155884 0.5184024572372437
15480 0.6625581383705139 0.5268057584762573
15481 0.6578390002250671 0.5917757749557495
15482 0.6559380888938904 0.5682388544082642
15483 0.6673717498779297 0.575792133808136
15484 0.6691288352012634 0.5987339019775391
15485 0.677828311920166 0.582859992980957
15486 0.6806848049163818 0.60527503490448
15487 0.688079297542572 0.588062584400177
15488 0.6282913088798523 0.5352289080619812
15489 0.640192449092865 0.5400826930999756
15490 0.653274655342102 0.5450937747955322
15491 0.6666989326477051 0.5504232048988342
15492 0.6788392663002014 0.5584487915039062
15493 0.6968399882316589 0.5533040761947632
15494 0.7024420499801636 0.5575640201568604
15495 0.7084299325942993 0.5587770938873291
15496 0.7147895097732544 0.5574254989624023
15497 0.6489909887313843 0.4293363094329834
15498 0.678528904914856 0.448086678981781
15499 0.6644586324691772 0.43918418884277344
15500 0.6710260510444641 0.4218880832195282
15501 0.6825246810913086 0.4341823160648346
15502 0.6802197694778442 0.5116157531738281
15503 0.6760867834091187 0.5305247902870178
15504 0.6747851371765137 0.46638771891593933
15505 0.6711413860321045 0.4850767254829407
15506 0.6833001375198364 0.49122416973114014
15507 0.6361289620399475 0.39448121190071106
15508 0.6466679573059082 0.34912270307540894
15509 0.641217052936554 0.37337297201156616
15510 0.6581642031669617 0.38756418228149414
15511 0.6541665196418762 0.4084101617336273
15512 0.6608328819274902 0.36550062894821167
15513 0.7079616785049438 0.38099294900894165
15514 0.7231606245040894 0.40220776200294495
15515 0.7481014728546143 0.45755869150161743
15516 0.7465057969093323 0.442870557308197
15517 0.7485058903694153 0.4696890115737915
15518 0.7208910584449768 0.553929328918457
15519 0.723105788230896 0.5219140648841858
15520 0.737129807472229 0.5249390602111816
15521 0.7484657764434814 0.503276526927948
15522 0.7314739227294922 0.5356222987174988
15523 0.7423608899116516 0.5195152759552002
15524 0.7495195269584656 0.48597127199172974
15525 0.7366494536399841 0.42075347900390625
15526 0.7298469543457031 0.4113367199897766
15527 0.7417316436767578 0.4311656355857849
15528 0.7168354988098145 0.3925086557865143
15529 0.6642309427261353 0.3520301580429077
15530 0.6510308384895325 0.3290444612503052
15531 0.6294655203819275 0.305390328168869
15532 0.5929814577102661 0.28192225098609924
15533 0.5568981766700745 0.2659120559692383
15534 0.5370606184005737 0.27388808131217957
15535 0.5111656188964844 0.2876485586166382
15536 0.7144838571548462 0.44740256667137146
15537 0.7251929044723511 0.4941944479942322
15538 0.7162192463874817 0.5125221014022827
15539 0.7196637988090515 0.5128971934318542
15540 0.7216581702232361 0.5112206935882568
15541 0.7237008810043335 0.5095034241676331
15542 0.7295297980308533 0.5011820197105408
15543 0.7285231351852417 0.5005264282226562
15544 0.7255893349647522 0.5076391696929932
15545 0.7126710414886475 0.5111342668533325
15546 0.7121895551681519 0.48212456703186035
15547 0.7093510031700134 0.5088443160057068
15548 0.7079892158508301 0.5029464960098267
15549 0.7079508900642395 0.48902255296707153
15550 0.7103270292282104 0.4794914126396179
15551 0.7113051414489746 0.4764693081378937
15552 0.7074519395828247 0.43239331245422363
15553 0.7097824811935425 0.4368874430656433
15554 0.7117886543273926 0.4423972964286804
15555 0.7065370678901672 0.43499821424484253
15556 0.7102189064025879 0.44606149196624756
15557 0.7082881927490234 0.44005444645881653
15558 0.7104601860046387 0.5225660800933838
15559 0.7136538028717041 0.5224316716194153
15560 0.7167039513587952 0.5215954780578613
15561 0.7123789191246033 0.4794677793979645
15562 0.7113697528839111 0.4811103045940399
15563 0.70914626121521 0.48859626054763794
15564 0.7090345621109009 0.5010867118835449
15565 0.7097152471542358 0.5056751370429993
15566 0.7113357782363892 0.5130723118782043
15567 0.7160220146179199 0.5124449133872986
15568 0.7195389270782471 0.5127999782562256
15569 0.721646249294281 0.5112307071685791
15570 0.7236605882644653 0.5095373392105103
15571 0.7253354787826538 0.5072839260101318
15572 0.7284681797027588 0.5006155967712402
15573 0.7253602147102356 0.47573035955429077
15574 0.7261048555374146 0.48155078291893005
15575 0.7127470374107361 0.43970584869384766
15576 0.7158898711204529 0.4442764222621918
15577 0.7174823880195618 0.44040119647979736
15578 0.7172293663024902 0.4401903748512268
15579 0.7211021184921265 0.4442377984523773
15580 0.7212367057800293 0.4445180296897888
15581 0.7081612348556519 0.4328460693359375
15582 0.7110769152641296 0.436197966337204
15583 0.7132343649864197 0.4368622303009033
15584 0.7195607423782349 0.44895926117897034
15585 0.7267003059387207 0.468222051858902
15586 0.7277846932411194 0.474422812461853
15587 0.7291948795318604 0.49262505769729614
15588 0.7299742102622986 0.4914811849594116
15589 0.7286352515220642 0.48019513487815857
15590 0.729629397392273 0.4920197129249573
15591 0.7290199995040894 0.46539390087127686
15592 0.7306482195854187 0.4791450500488281
15593 0.7305014729499817 0.4729498326778412
15594 0.7298638820648193 0.47951221466064453
15595 0.7294425368309021 0.4735665023326874
15596 0.7284257411956787 0.46677058935165405
15597 0.7204715609550476 0.4467657506465912
15598 0.7168309092521667 0.4416554570198059
15599 0.7133697271347046 0.43697500228881836
15600 0.7123356461524963 0.4361284375190735
15601 0.7296543121337891 0.46422526240348816
15602 0.7319552898406982 0.4787178635597229
15603 0.7310889959335327 0.4912480115890503
15604 0.7311275601387024 0.47210174798965454
15605 0.705233097076416 0.4305436909198761
15606 0.700683057308197 0.45866692066192627
15607 0.6950720548629761 0.4592188596725464
15608 0.6981508731842041 0.44431832432746887
15609 0.6979382634162903 0.4571073055267334
15610 0.6978561282157898 0.4506863057613373
15611 0.7011075019836426 0.4558194577693939
15612 0.7017263770103455 0.45286864042282104
15613 0.6940270662307739 0.46831437945365906
15614 0.7087519764900208 0.47493240237236023
15615 0.702174961566925 0.45705533027648926
15616 0.6902892589569092 0.49423718452453613
15617 0.6940498352050781 0.47498875856399536
15618 0.7089055180549622 0.4334312081336975
15619 0.7068910002708435 0.4318472743034363
15620 0.7058614492416382 0.4310377836227417
15621 0.6914757490158081 0.3920341730117798
15622 0.6980066299438477 0.4610329270362854
15623 0.7006145715713501 0.4618498384952545
15624 0.7015790939331055 0.46060219407081604
15625 0.701656699180603 0.46164441108703613
15626 0.7004267573356628 0.47641628980636597
15627 0.6972903609275818 0.4695287346839905
15628 0.6992388963699341 0.4706120491027832
15629 0.6968573331832886 0.47579091787338257
15630 0.6987062096595764 0.47667181491851807
15631 0.7001112103462219 0.4706500768661499
15632 0.707650899887085 0.5039814710617065
15633 0.7062204480171204 0.4892202913761139
15634 0.7033631205558777 0.49054741859436035
15635 0.6997871398925781 0.4925062358379364
15636 0.6957765221595764 0.49307259917259216
15637 0.7083100080490112 0.4782794415950775
15638 0.706738293170929 0.5079964995384216
15639 0.7193056344985962 0.5214864015579224
15640 0.7238314747810364 0.5093936920166016
15641 0.7260628938674927 0.5075178146362305
15642 0.7271342873573303 0.5100721120834351
15643 0.7106291651725769 0.520979642868042
15644 0.7072936296463013 0.5162986516952515
15645 0.709486722946167 0.5098888278007507
15646 0.7089529633522034 0.5120706558227539
15647 0.724407970905304 0.513559877872467
15648 0.7237217426300049 0.5156658291816711
15649 0.7216002345085144 0.5112693905830383
15650 0.7168141603469849 0.5127547383308411
15651 0.7131812572479248 0.5113338232040405
15652 0.7112189531326294 0.5181422829627991
15653 0.7168706059455872 0.5153356790542603
15654 0.714970588684082 0.5204497575759888
15655 0.7125321626663208 0.5144360661506653
15656 0.7195615768432617 0.5129832029342651
15657 0.7182031273841858 0.5197106003761292
15658 0.7212304472923279 0.5148162841796875
15659 0.7200884819030762 0.5188888311386108
15660 0.7210332751274109 0.5181833505630493
15661 0.7184075117111206 0.5178390741348267
15662 0.7162792682647705 0.5185942649841309
15663 0.7187575697898865 0.5146325826644897
15664 0.7111062407493591 0.48782604932785034
15665 0.7128643989562988 0.478901743888855
15666 0.7130885720252991 0.48303306102752686
15667 0.7132037878036499 0.4881492853164673
15668 0.7124946117401123 0.490647554397583
15669 0.712436854839325 0.4762345850467682
15670 0.7201840877532959 0.47911810874938965
15671 0.7192779779434204 0.48511722683906555
15672 0.713252067565918 0.49454426765441895
15673 0.7103795409202576 0.49756985902786255
15674 0.7226336002349854 0.47770920395851135
15675 0.7019553184509277 0.441703200340271
15676 0.7052724361419678 0.4474319815635681
15677 0.7056557536125183 0.449484258890152
15678 0.7073614597320557 0.45199400186538696
15679 0.7114935517311096 0.45290589332580566
15680 0.7233116626739502 0.46992307901382446
15681 0.7162231206893921 0.45775824785232544
15682 0.7223429679870605 0.46407264471054077
15683 0.7286635637283325 0.5066527128219604
15684 0.7277523875236511 0.504391074180603
15685 0.7268906831741333 0.5031935572624207
15686 0.7268546223640442 0.5030806660652161
15687 0.7306391596794128 0.4968302249908447
15688 0.7295486927032471 0.4966970682144165
15689 0.7293541431427002 0.49685138463974
15690 0.7318787574768066 0.4849487841129303
15691 0.7307630181312561 0.48538631200790405
15692 0.7302817106246948 0.4859454035758972
15693 0.729472279548645 0.4866672158241272
15694 0.7254114747047424 0.46129560470581055
15695 0.7266976833343506 0.45876991748809814
15696 0.7269492149353027 0.45713987946510315
15697 0.7271412014961243 0.45730865001678467
15698 0.7236731052398682 0.509592592716217
15699 0.7212018966674805 0.5049189925193787
15700 0.7194397449493408 0.5033079385757446
15701 0.7173867225646973 0.5016499757766724
15702 0.7155652046203613 0.5026189088821411
15703 0.713718056678772 0.5051652789115906
15704 0.7112362384796143 0.5011246800422668
15705 0.7140582799911499 0.4981204569339752
15706 0.7221317291259766 0.5163774490356445
15707 0.7210661172866821 0.5206285119056702
15708 0.7305429577827454 0.5264894366264343
15709 0.7233434319496155 0.5251975059509277
15710 0.7241074442863464 0.5134646892547607
15711 0.7306827306747437 0.5191428661346436
15712 0.7261899709701538 0.5123458504676819
15713 0.7294968366622925 0.5110948085784912
15714 0.7243437767028809 0.45099011063575745
15715 0.7243093252182007 0.4509184956550598
15716 0.7238022685050964 0.45205503702163696
15717 0.7229008674621582 0.45458984375
15718 0.6883876323699951 0.40571045875549316
15719 0.6878395080566406 0.40076738595962524
15720 0.7098947763442993 0.4342091679573059
15721 0.7110968232154846 0.43515437841415405
15722 0.7126540541648865 0.4363788068294525
15723 0.7126540541648865 0.4363788068294525
15724 0.7133473753929138 0.43695637583732605
15725 0.7300436496734619 0.5313802361488342
15726 0.722278356552124 0.5278431177139282
15727 0.7204518914222717 0.5247757434844971
15728 0.718468964099884 0.5235335826873779
15729 0.7165493965148926 0.5229282379150391
15730 0.7070987224578857 0.5469611883163452
15731 0.7033088207244873 0.54422527551651
15732 0.6916245222091675 0.5440735220909119
15733 0.7043690085411072 0.4898042678833008
15734 0.7070568799972534 0.5055253505706787
15735 0.7097145915031433 0.5099779367446899
15736 0.7135263681411743 0.511468768119812
15737 0.7173665761947632 0.5129708051681519
15738 0.7191147804260254 0.5133587718009949
15739 0.7213728427886963 0.511460542678833
15740 0.723925769329071 0.5093144178390503
15741 0.7265176177024841 0.5071355700492859
15742 0.7281308770179749 0.5053786039352417
15743 0.7298235893249512 0.5018795132637024
15744 0.7314168810844421 0.4970131516456604
15745 0.732440710067749 0.4914100766181946
15746 0.7328763008117676 0.4847612977027893
15747 0.7324689626693726 0.47800421714782715
15748 0.7319139242172241 0.4709424376487732
15749 0.7300200462341309 0.4644928574562073
15750 0.7273473739624023 0.4578230381011963
15751 0.7242198586463928 0.4507322311401367
15752 0.7209228873252869 0.44386425614356995
15753 0.7177984714508057 0.44066447019577026
15754 0.7137022018432617 0.4372520446777344
15755 0.7126540541648865 0.4363788068294525
15756 0.7128850817680359 0.43342238664627075
15757 0.7113487124443054 0.4293939471244812
15758 0.719432532787323 0.5108354687690735
15759 0.7163348197937012 0.5094255208969116
15760 0.7217479944229126 0.5109357833862305
15761 0.722519040107727 0.5068345069885254
15762 0.7173218727111816 0.5053977370262146
15763 0.7193117141723633 0.5068949460983276
15764 0.7211670875549316 0.5075567960739136
15765 0.6993334889411926 0.38245493173599243
15766 0.69111567735672 0.3898334503173828
15767 0.6885535717010498 0.3950125575065613
15768 0.6869796514511108 0.40269747376441956
15769 0.6825727820396423 0.40068113803863525
15770 0.6866539716720581 0.3966383635997772
15771 0.6821662187576294 0.3901883661746979
15772 0.6911568641662598 0.3719274699687958
15773 0.7006207704544067 0.37613609433174133
15774 0.7174174785614014 0.42218971252441406
15775 0.7120272517204285 0.4256879985332489
15776 0.7086888551712036 0.3941975235939026
15777 0.6952544450759888 0.3729386329650879
15778 0.7023991346359253 0.38334041833877563
15779 0.6840521097183228 0.38239771127700806
15780 0.6879958510398865 0.3902340531349182
15781 0.6906313896179199 0.3865116536617279
15782 0.6981582045555115 0.3802599310874939
15783 0.7245736122131348 0.47006285190582275
15784 0.7233555316925049 0.47076770663261414
15785 0.7195516228675842 0.4597450792789459
15786 0.7223766446113586 0.46439316868782043
15787 0.7234218716621399 0.46332991123199463
15788 0.7198061943054199 0.45905250310897827
15789 0.7210396528244019 0.4570375382900238
15790 0.7178743481636047 0.4521404504776001
15791 0.7163100242614746 0.45561933517456055
15792 0.7131228446960449 0.4515528678894043
15793 0.7051228284835815 0.4529876112937927
15794 0.705627977848053 0.46764516830444336
15795 0.7093299627304077 0.471463680267334
15796 0.7396095991134644 0.4361504912376404
15797 0.7078529596328735 0.45674216747283936
15798 0.7175670862197876 0.45747822523117065
15799 0.7337965965270996 0.4488195478916168
15800 0.7398192882537842 0.4542142152786255
15801 0.7177793979644775 0.47933536767959595
15802 0.7174792289733887 0.483842134475708
15803 0.713858425617218 0.49207931756973267
15804 0.7105687856674194 0.4948450028896332
15805 0.7093295454978943 0.4950668215751648
15806 0.7076736688613892 0.4955962300300598
15807 0.7067886590957642 0.4964144825935364
15808 0.7055116295814514 0.4974650740623474
15809 0.7046998143196106 0.49931836128234863
15810 0.6999109983444214 0.5039016604423523
15811 0.6956678628921509 0.5076490640640259
15812 0.6904030442237854 0.5107755064964294
15813 0.7050001621246338 0.4575452208518982
15814 0.7205427885055542 0.42536166310310364
15815 0.7277848124504089 0.4419471025466919
15816 0.7362459897994995 0.44151681661605835
15817 0.7142999172210693 0.4759281873703003
15818 0.7150887250900269 0.47869426012039185
15819 0.7150759696960449 0.483866423368454
15820 0.7136695384979248 0.48980188369750977
15821 0.7288147807121277 0.43727582693099976
15822 0.714430570602417 0.45554250478744507
15823 0.7134667634963989 0.45579004287719727
15824 0.7118644714355469 0.45304256677627563
15825 0.7093782424926758 0.4487561881542206
15826 0.7072222828865051 0.4448296129703522
15827 0.7056571245193481 0.43951714038848877
15828 0.7029150724411011 0.43653011322021484
15829 0.695951521396637 0.43747690320014954
15830 0.6928583383560181 0.44326090812683105
15831 0.6908235549926758 0.4545643925666809
15832 0.6863538026809692 0.4678817391395569
15833 0.6882335543632507 0.47838693857192993
15834 0.6933143138885498 0.48266875743865967
15835 0.6968761682510376 0.4832974076271057
15836 0.699982762336731 0.4833199977874756
15837 0.7017412185668945 0.4832921326160431
15838 0.7248268127441406 0.4293212890625
15839 0.729549765586853 0.43214601278305054
15840 0.7166861295700073 0.49034515023231506
15841 0.7158448100090027 0.48784101009368896
15842 0.7143738269805908 0.4863069951534271
15843 0.7133303880691528 0.4857126474380493
15844 0.7117387056350708 0.48410046100616455
15845 0.7102097272872925 0.48393791913986206
15846 0.7088524699211121 0.48369666934013367
15847 0.7065869569778442 0.48235031962394714
15848 0.7251158356666565 0.5067892074584961
15849 0.7266893982887268 0.5032016634941101
15850 0.7283666133880615 0.5005528330802917
15851 0.7292479276657104 0.496945858001709
15852 0.7234368324279785 0.48455744981765747
15853 0.7206379175186157 0.4891907572746277
15854 0.7216882705688477 0.49312350153923035
15855 0.71744704246521 0.49403563141822815
15856 0.7229636311531067 0.4967518448829651
15857 0.7271737456321716 0.49933552742004395
15858 0.7240533232688904 0.49962499737739563
15859 0.7252684235572815 0.5018917918205261
15860 0.7040247917175293 0.46964767575263977
15861 0.7015374898910522 0.4683440625667572
15862 0.7032194137573242 0.47530823945999146
15863 0.7063254714012146 0.47451481223106384
15864 0.7015453577041626 0.47568851709365845
15865 0.7006375789642334 0.46982547640800476
15866 0.7041782736778259 0.4773612916469574
15867 0.7067410349845886 0.47641390562057495
15868 0.700351357460022 0.4668082594871521
15869 0.7017773985862732 0.4681887924671173
15870 0.706386148929596 0.47401291131973267
15871 0.7059622406959534 0.47090527415275574
15872 0.7030952572822571 0.45926937460899353
15873 0.7036340236663818 0.4831499457359314
15874 0.7050607204437256 0.4552959203720093
15875 0.7061918377876282 0.45366400480270386
15876 0.7051470875740051 0.452090322971344
15877 0.7051645517349243 0.4514392614364624
15878 0.7052043676376343 0.44995978474617004
15879 0.7047012448310852 0.4497881531715393
15880 0.7496312856674194 0.4915796220302582
15881 0.7477449178695679 0.46591246128082275
15882 0.7420039772987366 0.44562751054763794
15883 0.7456952333450317 0.45574188232421875
15884 0.7458135485649109 0.45632874965667725
15885 0.7425898909568787 0.44442421197891235
15886 0.7479499578475952 0.46693021059036255
15887 0.7489036917686462 0.5010554790496826
15888 0.7419485449790955 0.5199429392814636
15889 0.7494654655456543 0.48326021432876587
15890 0.7494238018989563 0.4811714291572571
15891 0.7192538976669312 0.4857292175292969
15892 0.7487093210220337 0.47943633794784546
15893 0.7442407608032227 0.4663882255554199
15894 0.7419613599777222 0.45818084478378296
15895 0.7383866310119629 0.4492158889770508
15896 0.7416186332702637 0.5202850103378296
15897 0.7208961248397827 0.4956215023994446
15898 0.7382574081420898 0.5237700939178467
15899 0.736615002155304 0.5254729986190796
15900 0.7345733642578125 0.42595401406288147
15901 0.732589066028595 0.4297964870929718
15902 0.7291905879974365 0.4245035648345947
15903 0.7242088317871094 0.4276389479637146
15904 0.7389762997627258 0.4343925714492798
15905 0.7373105883598328 0.4362124800682068
15906 0.7299472093582153 0.43425077199935913
15907 0.7345815300941467 0.4410730302333832
15908 0.7179794311523438 0.4408152401447296
15909 0.7206713557243347 0.44334036111831665
15910 0.7310658693313599 0.4627072215080261
15911 0.7356741428375244 0.49101880192756653
15912 0.7330681681632996 0.46966299414634705
15913 0.734538197517395 0.47611039876937866
15914 0.7180121541023254 0.4380296766757965
15915 0.7303689122200012 0.5027056336402893
15916 0.7341123819351196 0.498018741607666
15917 0.7356213927268982 0.48364752531051636
15918 0.728302001953125 0.4561956524848938
15919 0.7325494289398193 0.5077331066131592
15920 0.7384774088859558 0.4916508197784424
15921 0.7386437058448792 0.48218202590942383
15922 0.7373818159103394 0.4748988747596741
15923 0.7351545095443726 0.46705177426338196
15924 0.7322550415992737 0.4602392911911011
15925 0.7297494411468506 0.45258256793022156
15926 0.7366257905960083 0.49862879514694214
15927 0.7241089344024658 0.4494241774082184
15928 0.721058189868927 0.44115254282951355
15929 0.7250610589981079 0.4461679458618164
15930 0.7130563259124756 0.4294617176055908
15931 0.713003933429718 0.43190157413482666
15932 0.7142403721809387 0.43161267042160034
15933 0.7145586013793945 0.43422138690948486
15934 0.7127985954284668 0.43452978134155273
15935 0.714087963104248 0.43736279010772705
15936 0.7245944142341614 0.49385106563568115
15937 0.7457562685012817 0.4900580048561096
15938 0.7435212731361389 0.4790419638156891
15939 0.7409610748291016 0.4697152376174927
15940 0.7391601800918579 0.4623531401157379
15941 0.7359967231750488 0.4540638327598572
15942 0.7411753535270691 0.5001144409179688
15943 0.7410573959350586 0.4897986650466919
15944 0.7408758997917175 0.4813804030418396
15945 0.739305853843689 0.4727090001106262
15946 0.7370021939277649 0.464290052652359
15947 0.7338761687278748 0.45761939883232117
15948 0.7222267985343933 0.4997407793998718
15949 0.7329882383346558 0.5160700082778931
15950 0.7131908535957336 0.42950910329818726
15951 0.7180905342102051 0.43487846851348877
15952 0.7217721343040466 0.43822211027145386
15953 0.7114769220352173 0.4293990135192871
15954 0.7125394940376282 0.4291740357875824
15955 0.7133163213729858 0.4295582175254822
15956 0.7172327041625977 0.43047308921813965
15957 0.7324509620666504 0.44564497470855713
15958 0.7266314625740051 0.44093334674835205
15959 0.7299177646636963 0.449901282787323
15960 0.7265048623085022 0.443469762802124
15961 0.7223689556121826 0.43440741300582886
15962 0.7129830718040466 0.4321686625480652
15963 0.678301215171814 0.4117450416088104
15964 0.6732522249221802 0.39625972509384155
15965 0.6737234592437744 0.38175907731056213
15966 0.676984965801239 0.371060848236084
15967 0.6955397725105286 0.5720232725143433
15968 0.6874586343765259 0.5667886734008789
15969 0.7271696329116821 0.4878402650356293
15970 0.7273749113082886 0.49320119619369507
15971 0.7235046029090881 0.5044263005256653
15972 0.7222539186477661 0.5023460984230042
15973 0.7209045886993408 0.5000213980674744
15974 0.7190103530883789 0.4976199269294739
15975 0.7243630290031433 0.48928436636924744
15976 0.7262634038925171 0.49732840061187744
15977 0.7278420329093933 0.49670881032943726
15978 0.6888700723648071 0.40880680084228516
15979 0.6866848468780518 0.4085264205932617
15980 0.7045296430587769 0.4299905598163605
15981 0.7040094137191772 0.4298402667045593
15982 0.6997590065002441 0.43470054864883423
15983 0.6997425556182861 0.4419003427028656
15984 0.7029770612716675 0.450692355632782
15985 0.7035273313522339 0.45446649193763733
15986 0.7020543813705444 0.4276709258556366
15987 0.687594473361969 0.42419540882110596
15988 0.7014570832252502 0.538901686668396
15989 0.6892588138580322 0.5281679034233093
15990 0.7049098014831543 0.5133000612258911
15991 0.7054829001426697 0.5210866928100586
15992 0.6979323029518127 0.5221811532974243
15993 0.5448082089424133 0.6116677522659302
15994 0.6000626087188721 0.5589723587036133
15995 0.5043277740478516 0.6246487498283386
15996 0.6027166247367859 0.4495343267917633
15997 0.5879728198051453 0.6021458506584167
15998 0.594894528388977 0.5905178189277649
15999 0.6016227006912231 0.47430288791656494
16000 0.583653450012207 0.5964199304580688
16001 0.5951328277587891 0.5726734399795532
16002 0.5940670967102051 0.4631984829902649
16003 0.6010734438896179 0.5756363272666931
16004 0.589909553527832 0.5871623158454895
16005 0.504034161567688 0.6135320663452148
16006 0.511936604976654 0.6143916845321655
16007 0.5120682716369629 0.6252931356430054
16008 0.5112050175666809 0.40585142374038696
16009 0.5145492553710938 0.4072805643081665
16010 0.5030965805053711 0.4055424928665161
16011 0.5051374435424805 0.40538111329078674
16012 0.5124539136886597 0.40161579847335815
16013 0.5161671042442322 0.4033598005771637
16014 0.6056183576583862 0.35471510887145996
16015 0.5956651568412781 0.3236757814884186
16016 0.5240868926048279 0.42181751132011414
16017 0.517964243888855 0.4106561541557312
16018 0.5237748622894287 0.39904823899269104
16019 0.526785135269165 0.40410399436950684
16020 0.5258814692497253 0.4256066083908081
16021 0.5198174118995667 0.4062846899032593
16022 0.5224518775939941 0.4103822410106659
16023 0.6059548854827881 0.37891560792922974
16024 0.5194132328033447 0.39401087164878845
16025 0.5860557556152344 0.45321738719940186
16026 0.5923287868499756 0.43866708874702454
16027 0.5208317637443542 0.4138028919696808
16028 0.5258938074111938 0.42088082432746887
16029 0.6033483147621155 0.4008805751800537
16030 0.5303127765655518 0.42511650919914246
16031 0.5299955010414124 0.41750380396842957
16032 0.5286985635757446 0.40981560945510864
16033 0.5241661071777344 0.41477784514427185
16034 0.5226269960403442 0.4163067936897278
16035 0.5245213508605957 0.4260103702545166
16036 0.529918909072876 0.40093398094177246
16037 0.5268788933753967 0.3937440514564514
16038 0.5300701260566711 0.28862637281417847
16039 0.5332506895065308 0.41717004776000977
16040 0.5315276980400085 0.40810781717300415
16041 0.5394066572189331 0.4057984948158264
16042 0.5353291034698486 0.40744906663894653
16043 0.5986588001251221 0.42135560512542725
16044 0.5378797650337219 0.3935663104057312
16045 0.534390926361084 0.3859989047050476
16046 0.5404649376869202 0.4163450598716736
16047 0.5338404178619385 0.4250548481941223
16048 0.5376426577568054 0.4254499673843384
16049 0.5422763228416443 0.42689836025238037
16050 0.5503340363502502 0.28682178258895874
16051 0.5782741904258728 0.3091238737106323
16052 0.5072399973869324 0.38758760690689087
16053 0.5037636756896973 0.3909965753555298
16054 0.506981372833252 0.39094027876853943
16055 0.5057733654975891 0.4004157781600952
16056 0.5031174421310425 0.400211900472641
16057 0.5080697536468506 0.36365798115730286
16058 0.5039322972297668 0.3880947232246399
16059 0.5036724805831909 0.38218605518341064
16060 0.5215931534767151 0.3895489573478699
16061 0.516112744808197 0.3859497606754303
16062 0.5037903785705566 0.3793235421180725
16063 0.5009450316429138 0.388962984085083
16064 0.5006948113441467 0.4008737802505493
16065 0.5070391893386841 0.38390812277793884
16066 0.504024088382721 0.3850914239883423
16067 0.5297684669494629 0.3792828321456909
16068 0.5125114321708679 0.36354297399520874
16069 0.5057879686355591 0.38068699836730957
16070 0.5190129280090332 0.38011249899864197
16071 0.5175646543502808 0.36734533309936523
16072 0.5239362716674805 0.37314069271087646
16073 0.514899492263794 0.39158540964126587
16074 0.5466135144233704 0.42909252643585205
16075 0.5469326376914978 0.41776058077812195
16076 0.5449978113174438 0.4042983651161194
16077 0.543102502822876 0.390333890914917
16078 0.5400370955467224 0.38053515553474426
16079 0.5353720188140869 0.3718056380748749
16080 0.5288431644439697 0.3631587624549866
16081 0.5218708515167236 0.3583642840385437
16082 0.5151870846748352 0.3572477698326111
16083 0.5091368556022644 0.3562576174736023
16084 0.5034793019294739 0.35613223910331726
16085 0.5010752081871033 0.38615190982818604
16086 0.5336422920227051 0.39812517166137695
16087 0.5302625894546509 0.3899848163127899
16088 0.5370822548866272 0.4162949025630951
16089 0.5250921845436096 0.384865939617157
16090 0.5064166784286499 0.3699847459793091
16091 0.5103901624679565 0.3712574243545532
16092 0.5147353410720825 0.3756927251815796
16093 0.5104289650917053 0.346831351518631
16094 0.5184168219566345 0.3479459881782532
16095 0.5264495015144348 0.3478569984436035
16096 0.5339783430099487 0.35316699743270874
16097 0.5427379012107849 0.3637082576751709
16098 0.5477035641670227 0.3768295645713806
16099 0.5507556200027466 0.38747072219848633
16100 0.5535249710083008 0.4045451283454895
16101 0.5535506010055542 0.41813480854034424
16102 0.5525897145271301 0.4305041432380676
16103 0.5036991834640503 0.34739410877227783
16104 0.5074866414070129 0.40575262904167175
16105 0.5085667967796326 0.4007820188999176
16106 0.5115025043487549 0.3862413763999939
16107 0.510262131690979 0.3903833031654358
16108 0.5108683109283447 0.3813307285308838
16109 0.5079570412635803 0.37761691212654114
16110 0.5050436854362488 0.37586474418640137
16111 0.5018174648284912 0.37507009506225586
16112 0.5072183609008789 0.29829317331314087
16113 0.5010656714439392 0.3829669654369354
16114 0.5023971796035767 0.3698599338531494
16115 0.5005543828010559 0.4052489101886749
16116 0.500744640827179 0.39135128259658813
16117 0.5012462139129639 0.3798936903476715
16118 0.5025268793106079 0.36215317249298096
16119 0.5787847638130188 0.5922840237617493
16120 0.5857946276664734 0.5825680494308472
16121 0.5249937772750854 0.4311402440071106
16122 0.5330427289009094 0.6031916737556458
16123 0.5799305438995361 0.46638989448547363
16124 0.5526029467582703 0.6027041673660278
16125 0.5423425436019897 0.6026437282562256
16126 0.5939688682556152 0.5573051571846008
16127 0.5249610543251038 0.6024050712585449
16128 0.5174338817596436 0.6031669974327087
16129 0.5036860108375549 0.6036390066146851
16130 0.52311110496521 0.4307226538658142
16131 0.5333819389343262 0.43094199895858765
16132 0.5854281187057495 0.47456419467926025
16133 0.5297452211380005 0.4306890368461609
16134 0.591858446598053 0.4838884472846985
16135 0.5425827503204346 0.43536409735679626
16136 0.5467472076416016 0.43788567185401917
16137 0.5238189697265625 0.5925508737564087
16138 0.5166783332824707 0.5938670039176941
16139 0.5217963457107544 0.43486350774765015
16140 0.5239250659942627 0.43653517961502075
16141 0.5283264517784119 0.43699586391448975
16142 0.5321367979049683 0.43784299492836
16143 0.5409309267997742 0.4451275169849396
16144 0.544929027557373 0.448276162147522
16145 0.5743348598480225 0.47756427526474
16146 0.5793190002441406 0.48459357023239136
16147 0.5841659307479858 0.4932906925678253
16148 0.5889298915863037 0.5560317039489746
16149 0.5861626863479614 0.5680348873138428
16150 0.5746802091598511 0.5884382128715515
16151 0.549198567867279 0.5963283181190491
16152 0.5394480228424072 0.5942814946174622
16153 0.5305121541023254 0.5942419171333313
16154 0.5032380223274231 0.5938255786895752
16155 0.537992000579834 0.43236008286476135
16156 0.5364803075790405 0.4411742389202118
16157 0.5508044958114624 0.44170284271240234
16158 0.5494887828826904 0.45167893171310425
16159 0.5905207991600037 0.5705173015594482
16160 0.5818604230880737 0.5787028670310974
16161 0.5701789259910583 0.60032719373703
16162 0.566606879234314 0.59344083070755
16163 0.5605536699295044 0.6036643981933594
16164 0.5571426153182983 0.5973589420318604
16165 0.511311411857605 0.6038498878479004
16166 0.5104747414588928 0.5942037105560303
16167 0.5463671684265137 0.5920387506484985
16168 0.5054724216461182 0.45584696531295776
16169 0.5020023584365845 0.47650158405303955
16170 0.5029909610748291 0.47663015127182007
16171 0.5059337019920349 0.4685395061969757
16172 0.5127638578414917 0.4684702754020691
16173 0.5181607604026794 0.4796339273452759
16174 0.5176644921302795 0.47672516107559204
16175 0.524254560470581 0.45107734203338623
16176 0.5227562189102173 0.4587799906730652
16177 0.526593029499054 0.4624859094619751
16178 0.5281980037689209 0.45431995391845703
16179 0.5199579000473022 0.4395619332790375
16180 0.5381008386611938 0.5905206799507141
16181 0.5253769159317017 0.47043097019195557
16182 0.5221997499465942 0.46703511476516724
16183 0.5123248100280762 0.45468783378601074
16184 0.5247989892959595 0.48483505845069885
16185 0.5043638944625854 0.477594792842865
16186 0.5222909450531006 0.4868173897266388
16187 0.5000454187393188 0.49422818422317505
16188 0.5843496322631836 0.554815411567688
16189 0.5716878771781921 0.5843177437782288
16190 0.5304782390594482 0.4939260184764862
16191 0.5818511247634888 0.5654928684234619
16192 0.52983558177948 0.5884537696838379
16193 0.522567868232727 0.5847349762916565
16194 0.5134678483009338 0.5756328701972961
16195 0.5080535411834717 0.5767748355865479
16196 0.5118793845176697 0.5687107443809509
16197 0.507483720779419 0.5520793199539185
16198 0.5045107007026672 0.4709530472755432
16199 0.5049058794975281 0.4717199206352234
16200 0.5106367468833923 0.562934398651123
16201 0.5157451033592224 0.5852068066596985
16202 0.5094645023345947 0.5848734378814697
16203 0.5167089700698853 0.4722874164581299
16204 0.5167548656463623 0.478243887424469
16205 0.5151460766792297 0.47312620282173157
16206 0.5209850668907166 0.4421454668045044
16207 0.5306657552719116 0.44610172510147095
16208 0.542449414730072 0.4579463303089142
16209 0.5348929166793823 0.48047971725463867
16210 0.5374125242233276 0.47370031476020813
16211 0.5353690981864929 0.46180105209350586
16212 0.5400844812393188 0.4658702611923218
16213 0.546233594417572 0.5816053748130798
16214 0.5686020851135254 0.578791618347168
16215 0.5176501870155334 0.5671610832214355
16216 0.5248883366584778 0.5772719383239746
16217 0.5201783180236816 0.5732935667037964
16218 0.5384777784347534 0.5828823447227478
16219 0.5775693655014038 0.5624666810035706
16220 0.5802782773971558 0.5532999038696289
16221 0.5158953666687012 0.5617885589599609
16222 0.5316057205200195 0.5812699794769287
16223 0.5666567087173462 0.4940263628959656
16224 0.570843517780304 0.48588672280311584
16225 0.5747866630554199 0.4924362301826477
16226 0.5706663131713867 0.49912333488464355
16227 0.5016475319862366 0.45635759830474854
16228 0.5262662768363953 0.4438275098800659
16229 0.5739594101905823 0.5046412348747253
16230 0.5788122415542603 0.5002894997596741
16231 0.5276775360107422 0.4903435707092285
16232 0.5378484725952148 0.453926682472229
16233 0.5310577750205994 0.47701114416122437
16234 0.5330030918121338 0.46964001655578613
16235 0.5444390177726746 0.5290235877037048
16236 0.5456761121749878 0.5354265570640564
16237 0.5630981922149658 0.5018833875656128
16238 0.5663279891014099 0.5076543688774109
16239 0.5686421394348145 0.5118448138237
16240 0.5188435912132263 0.4482424259185791
16241 0.5175821781158447 0.44424083828926086
16242 0.5149538516998291 0.4486919641494751
16243 0.5118646621704102 0.4517285227775574
16244 0.5038729906082153 0.4777032136917114
16245 0.5004461407661438 0.5503621101379395
16246 0.5005929470062256 0.479209840297699
16247 0.5260775685310364 0.487693190574646
16248 0.527980387210846 0.4734879732131958
16249 0.5297610759735107 0.4660557210445404
16250 0.5316619873046875 0.45768120884895325
16251 0.534149169921875 0.4498516023159027
16252 0.5336540341377258 0.4978305995464325
16253 0.5385239720344543 0.4847663640975952
16254 0.5411509871482849 0.4773944616317749
16255 0.5468224287033081 0.46129149198532104
16256 0.5441077947616577 0.4696095585823059
16257 0.5047200918197632 0.5449548959732056
16258 0.5065745115280151 0.5461329221725464
16259 0.5018958449363708 0.48057445883750916
16260 0.5048168897628784 0.4729785919189453
16261 0.5044482350349426 0.4731491506099701
16262 0.5040988326072693 0.4733107388019562
16263 0.5037542581558228 0.4733997881412506
16264 0.5140941143035889 0.5567689538002014
16265 0.5093415975570679 0.5576199889183044
16266 0.5008857846260071 0.5569882392883301
16267 0.5155918002128601 0.4771740138530731
16268 0.509317934513092 0.46929997205734253
16269 0.5084892511367798 0.4556361436843872
16270 0.5083306431770325 0.4525640606880188
16271 0.5043498873710632 0.4736728072166443
16272 0.5033692717552185 0.47454410791397095
16273 0.5029599666595459 0.4746381938457489
16274 0.5027122497558594 0.47512030601501465
16275 0.54282146692276 0.5193657279014587
16276 0.5477100014686584 0.5150370597839355
16277 0.5491266846656799 0.5254230499267578
16278 0.5543153882026672 0.5242030620574951
16279 0.5557581782341003 0.514958381652832
16280 0.559801459312439 0.5094575881958008
16281 0.5524019598960876 0.514624297618866
16282 0.5509058833122253 0.5231245756149292
16283 0.55246502161026 0.5228758454322815
16284 0.5777895450592041 0.5760589241981506
16285 0.5737175941467285 0.571623682975769
16286 0.5634043216705322 0.5881767868995667
16287 0.5615248680114746 0.5823118090629578
16288 0.5543897151947021 0.5908703804016113
16289 0.5528869032859802 0.5830170512199402
16290 0.5428494215011597 0.5477617383003235
16291 0.5364896059036255 0.5455904603004456
16292 0.5376182198524475 0.5455160737037659
16293 0.5359039902687073 0.5450133085250854
16294 0.5381725430488586 0.5498819947242737
16295 0.5403906106948853 0.5485162734985352
16296 0.5453398823738098 0.5479745268821716
16297 0.547283411026001 0.5481405854225159
16298 0.5586584806442261 0.5479782223701477
16299 0.5496038198471069 0.5371724367141724
16300 0.5543709993362427 0.5356695652008057
16301 0.5498992800712585 0.5487958788871765
16302 0.5506470203399658 0.5376183390617371
16303 0.5522255897521973 0.5374564528465271
16304 0.5551143884658813 0.5499091744422913
16305 0.5470804572105408 0.5479125380516052
16306 0.5457155704498291 0.539629340171814
16307 0.5577629208564758 0.5456450581550598
16308 0.5432239770889282 0.5476962327957153
16309 0.5395990014076233 0.545275866985321
16310 0.5550525784492493 0.5405364036560059
16311 0.5371668338775635 0.5438752174377441
16312 0.5379079580307007 0.5447021126747131
16313 0.5365455746650696 0.5432426333427429
16314 0.5499064326286316 0.53985196352005
16315 0.5411525964736938 0.5467456579208374
16316 0.5454776287078857 0.5479862689971924
16317 0.5497368574142456 0.5475611090660095
16318 0.5525103807449341 0.5403422117233276
16319 0.5512071847915649 0.5400014519691467
16320 0.5480437874794006 0.5472345948219299
16321 0.5461223125457764 0.5403825044631958
16322 0.551409125328064 0.5472201704978943
16323 0.5401142835617065 0.5450534224510193
16324 0.5462083220481873 0.5472773313522339
16325 0.5556207299232483 0.5406211018562317
16326 0.5501914024353027 0.5361549854278564
16327 0.5439440608024597 0.5470196008682251
16328 0.5417977571487427 0.5461581945419312
16329 0.5382229089736938 0.5444610118865967
16330 0.5513723492622375 0.5404347777366638
16331 0.553249716758728 0.5404729843139648
16332 0.5544105172157288 0.5469534397125244
16333 0.5021781921386719 0.577204704284668
16334 0.5013631582260132 0.5641846656799316
16335 0.5004843473434448 0.4827185869216919
16336 0.5017020106315613 0.5704832673072815
16337 0.503116250038147 0.4696713089942932
16338 0.5027719736099243 0.5849100351333618
16339 0.5004612803459167 0.48489534854888916
16340 0.5006142854690552 0.48706376552581787
16341 0.5033157467842102 0.46881818771362305
16342 0.49958348274230957 0.5401356816291809
16343 0.5004403591156006 0.48040056228637695
16344 0.5025649070739746 0.47232306003570557
16345 0.4995874762535095 0.5327786803245544
16346 0.502388596534729 0.4755958020687103
16347 0.5016193389892578 0.4527486562728882
16348 0.5057599544525146 0.48434150218963623
16349 0.5065360069274902 0.4837304949760437
16350 0.5049654245376587 0.47413426637649536
16351 0.5069102048873901 0.5700665712356567
16352 0.5048670768737793 0.5512322187423706
16353 0.5061091780662537 0.563823938369751
16354 0.5054863691329956 0.5584204792976379
16355 0.5088786482810974 0.47039878368377686
16356 0.5088435411453247 0.4699321687221527
16357 0.5060567855834961 0.46942469477653503
16358 0.5062021017074585 0.4700775146484375
16359 0.508344292640686 0.4702870547771454
16360 0.5051167011260986 0.4533383250236511
16361 0.6138767600059509 0.46287983655929565
16362 0.5181807279586792 0.4825437068939209
16363 0.5214497447013855 0.4891854524612427
16364 0.5169457793235779 0.4850490093231201
16365 0.5202889442443848 0.4920461177825928
16366 0.5020864009857178 0.48507121205329895
16367 0.5022454261779785 0.4829762578010559
16368 0.507085382938385 0.48386281728744507
16369 0.5068569779396057 0.48310860991477966
16370 0.5067893266677856 0.48337993025779724
16371 0.5024357438087463 0.49537160992622375
16372 0.5017934441566467 0.4878905415534973
16373 0.5039098858833313 0.483489453792572
16374 0.5036031007766724 0.4816543459892273
16375 0.5045723915100098 0.4816623330116272
16376 0.505202054977417 0.48300185799598694
16377 0.5076344013214111 0.4857936501502991
16378 0.5082269310951233 0.4875662922859192
16379 0.5117741227149963 0.5072727799415588
16380 0.5034005641937256 0.4965791404247284
16381 0.504203200340271 0.48767414689064026
16382 0.5039021372795105 0.4854457378387451
16383 0.5056325197219849 0.4829409718513489
16384 0.505886435508728 0.48328158259391785
16385 0.5093228816986084 0.4977932572364807
16386 0.5102505683898926 0.5024577975273132
16387 0.5056042075157166 0.4838339388370514
16388 0.5058818459510803 0.485779345035553
16389 0.5063508152961731 0.487478643655777
16390 0.5063178539276123 0.49728477001190186
16391 0.5258073210716248 0.49622607231140137
16392 0.544171154499054 0.5350347757339478
16393 0.5427824258804321 0.5297536253929138
16394 0.5183990597724915 0.5121505260467529
16395 0.5282950401306152 0.4997139573097229
16396 0.5222901701927185 0.5157040357589722
16397 0.5308258533477783 0.502856969833374
16398 0.5408177375793457 0.5217385292053223
16399 0.5442968606948853 0.5390221476554871
16400 0.5444076657295227 0.5405189990997314
16401 0.5424342155456543 0.5407930016517639
16402 0.5426622033119202 0.5404921770095825
16403 0.5251064300537109 0.511862576007843
16404 0.5229882001876831 0.5087673664093018
16405 0.52213454246521 0.49046462774276733
16406 0.5210174322128296 0.4942817687988281
16407 0.5260533690452576 0.5047945976257324
16408 0.5278810262680054 0.5074900984764099
16409 0.5388202667236328 0.5240440964698792
16410 0.5410711765289307 0.5310338735580444
16411 0.542464554309845 0.5358458757400513
16412 0.5000708699226379 0.5180842876434326
16413 0.4997662305831909 0.499769389629364
16414 0.49996328353881836 0.5113219618797302
16415 0.4996923506259918 0.5046768188476562
16416 0.4999352693557739 0.5256864428520203
16417 0.5023520588874817 0.5063068866729736
16418 0.502392590045929 0.5006127953529358
16419 0.503722071647644 0.5074140429496765
16420 0.5034079551696777 0.5016903877258301
16421 0.5066555142402649 0.5021365880966187
16422 0.5070582628250122 0.5077295303344727
16423 0.513026237487793 0.5113440752029419
16424 0.5028908252716064 0.5126516819000244
16425 0.5143096446990967 0.5148777961730957
16426 0.5174399018287659 0.5194068551063538
16427 0.5079545974731445 0.5129410028457642
16428 0.5045763254165649 0.5134146809577942
16429 0.5103036761283875 0.5176904201507568
16430 0.513762354850769 0.5221878290176392
16431 0.5063136219978333 0.5387740731239319
16432 0.504316508769989 0.5357255339622498
16433 0.5071951150894165 0.5324226021766663
16434 0.5035654306411743 0.5195954442024231
16435 0.5096473693847656 0.5267557501792908
16436 0.5045355558395386 0.528229296207428
16437 0.5059669017791748 0.5196635127067566
16438 0.5163216590881348 0.5089991688728333
16439 0.5210651159286499 0.5060657262802124
16440 0.5236570239067078 0.49156779050827026
16441 0.522834837436676 0.4905323386192322
16442 0.5156438946723938 0.5058695077896118
16443 0.5245333909988403 0.49379950761795044
16444 0.5192183256149292 0.5034406185150146
16445 0.5150056481361389 0.5021311640739441
16446 0.5219869017601013 0.49717986583709717
16447 0.5187081098556519 0.4986141622066498
16448 0.5214560031890869 0.49565351009368896
16449 0.5226830244064331 0.49923819303512573
16450 0.5237634181976318 0.5015138387680054
16451 0.5187610387802124 0.5009685754776001
16452 0.5353591442108154 0.5491505265235901
16453 0.5363320708274841 0.5515918731689453
16454 0.5346017479896545 0.5467918515205383
16455 0.5375385284423828 0.5541813373565674
16456 0.5393153429031372 0.5564186573028564
16457 0.5418893098831177 0.5577936172485352
16458 0.5642597079277039 0.5726562738418579
16459 0.5578335523605347 0.5744495987892151
16460 0.5453065633773804 0.576737105846405
16461 0.5392679572105408 0.5762892961502075
16462 0.5335750579833984 0.5757101774215698
16463 0.5291519165039062 0.5725088715553284
16464 0.5253422856330872 0.5691302418708801
16465 0.5229246616363525 0.5644105076789856
16466 0.5602050423622131 0.5515900254249573
16467 0.547999918460846 0.5610188841819763
16468 0.5450641512870789 0.5593547821044922
16469 0.55184406042099 0.5604896545410156
16470 0.5566055178642273 0.5567865371704102
16471 0.5694467425346375 0.5667296051979065
16472 0.5513983368873596 0.5761660933494568
16473 0.5211448669433594 0.5600127577781677
16474 0.5180662274360657 0.6135264039039612
16475 0.5740193128585815 0.6053194999694824
16476 0.555654764175415 0.6091356873512268
16477 0.5671975612640381 0.6163162589073181
16478 0.5779290795326233 0.6103948950767517
16479 0.5636524558067322 0.6098284721374512
16480 0.558287501335144 0.6184903979301453
16481 0.5356717109680176 0.6127022504806519
16482 0.528089165687561 0.623611330986023
16483 0.5190308094024658 0.6246494054794312
16484 0.5265274047851562 0.61248779296875
16485 0.5475132465362549 0.621356725692749
16486 0.5379924774169922 0.6230166554450989
16487 0.6069989204406738 0.4880390763282776
16488 0.6093111038208008 0.5036208629608154
16489 0.599738359451294 0.507422149181366
16490 0.5964587330818176 0.5444798469543457
16491 0.5967023372650146 0.4953593611717224
16492 0.5889541506767273 0.501937985420227
16493 0.5923367738723755 0.5110389590263367
16494 0.5907022953033447 0.5444537997245789
16495 0.5860459208488464 0.5447125434875488
16496 0.5833607912063599 0.5073555707931519
16497 0.5816287398338318 0.5445748567581177
16498 0.5819672346115112 0.5189585089683533
16499 0.5790819525718689 0.5124670267105103
16500 0.5867278575897217 0.5148937702178955
16501 0.5722056031227112 0.5195627808570862
16502 0.6206963658332825 0.48017358779907227
16503 0.6214507818222046 0.5000975131988525
16504 0.6009234189987183 0.51824951171875
16505 0.5936784744262695 0.5209008455276489
16506 0.5878549814224243 0.5241012573242188
16507 0.5831438899040222 0.5277218818664551
16508 0.5736871361732483 0.5591626167297363
16509 0.5763950347900391 0.5514140129089355
16510 0.5480868816375732 0.540559709072113
16511 0.5482541918754578 0.5400309562683105
16512 0.5477062463760376 0.536638617515564
16513 0.5461421012878418 0.5282315611839294
16514 0.5449416637420654 0.5168452858924866
16515 0.5360713601112366 0.4914410710334778
16516 0.5328606367111206 0.48757296800613403
16517 0.5295163989067078 0.48389771580696106
16518 0.5271815061569214 0.4805371165275574
16519 0.5247491598129272 0.4773082733154297
16520 0.5221616625785828 0.4740947186946869
16521 0.5161433815956116 0.4691063463687897
16522 0.512599766254425 0.46770259737968445
16523 0.5089208483695984 0.46627795696258545
16524 0.5054972171783447 0.46552371978759766
16525 0.5019031763076782 0.4647171199321747
16526 0.5471108555793762 0.5332857966423035
16527 0.5495291352272034 0.5328578948974609
16528 0.5509747266769409 0.5328156352043152
16529 0.5523450374603271 0.5321264863014221
16530 0.55412757396698 0.5322830080986023
16531 0.5593385100364685 0.5499308109283447
16532 0.5557132959365845 0.553866982460022
16533 0.5507135391235352 0.5574262142181396
16534 0.5475792288780212 0.5481658577919006
16535 0.545337438583374 0.5479743480682373
16536 0.5426910519599915 0.5477482080459595
16537 0.5403732657432556 0.5498937964439392
16538 0.5382463932037354 0.55064457654953
16539 0.5369848012924194 0.5488221645355225
16540 0.5361335873603821 0.5471988320350647
16541 0.5353202223777771 0.5457221269607544
16542 0.5418498516082764 0.5340188145637512
16543 0.5435861945152283 0.5332956910133362
16544 0.5452282428741455 0.5333092212677002
16545 0.5135267376899719 0.4151785671710968
16546 0.5101776123046875 0.4141610264778137
16547 0.5151762366294861 0.4247373640537262
16548 0.5150835514068604 0.4242926836013794
16549 0.5151762366294861 0.4247373640537262
16550 0.5151762366294861 0.4247373938560486
16551 0.5151762366294861 0.4247373640537262
16552 0.5148047208786011 0.4229549169540405
16553 0.5151762366294861 0.4247373342514038
16554 0.5151762366294861 0.4247373342514038
16555 0.5144002437591553 0.4215196669101715
16556 0.5042643547058105 0.4190793037414551
16557 0.5064995288848877 0.4187465012073517
16558 0.5157315731048584 0.4243714213371277
16559 0.516013503074646 0.4222313165664673
16560 0.5079596638679504 0.4247373938560486
16561 0.5047538876533508 0.4205968677997589
16562 0.5120835304260254 0.4247373640537262
16563 0.5076321363449097 0.42021507024765015
16564 0.5151983499526978 0.4203217923641205
16565 0.5127331614494324 0.41939929127693176
16566 0.5151762366294861 0.4247373640537262
16567 0.5155858397483826 0.42505592107772827
16568 0.5020104646682739 0.4131998121738434
16569 0.5041890144348145 0.4130239188671112
16570 0.5183981657028198 0.41979557275772095
16571 0.5161960124969482 0.41777682304382324
16572 0.5209528803825378 0.42558813095092773
16573 0.5002620220184326 0.4145753085613251
16574 0.5035324692726135 0.4247373640537262
16575 0.5151762366294861 0.4247373640537262
16576 0.5151762366294861 0.4247373640537262
16577 0.5160498023033142 0.4233299493789673
16578 0.5208536982536316 0.4254741370677948
16579 0.5021293759346008 0.42177218198776245
16580 0.5151762366294861 0.4247373640537262
16581 0.5151762366294861 0.4247373640537262
16582 0.5205302238464355 0.42580652236938477
16583 0.5158174633979797 0.42403268814086914
16584 0.5151762366294861 0.4247373342514038
16585 0.5216574668884277 0.42574620246887207
16586 0.521658718585968 0.4254530966281891
16587 0.5211392641067505 0.4257153868675232
16588 0.5189276337623596 0.41842329502105713
16589 0.5165374279022217 0.41541987657546997
16590 0.5134639143943787 0.41296836733818054
16591 0.5093626379966736 0.4105753004550934
16592 0.5040862560272217 0.41097769141197205
16593 0.5022236108779907 0.41200804710388184
16594 0.5198060870170593 0.42537569999694824
16595 0.5197855234146118 0.42532145977020264
16596 0.5195488333702087 0.4256584644317627
16597 0.5187902450561523 0.4263245761394501
16598 0.5162984728813171 0.41851529479026794
16599 0.5138943195343018 0.4164640009403229
16600 0.5107606053352356 0.41559886932373047
16601 0.5048632025718689 0.415597528219223
16602 0.5026697516441345 0.4154181480407715
16603 0.5187162756919861 0.4240480363368988
16604 0.5180817246437073 0.42525115609169006
16605 0.5187311768531799 0.42372140288352966
16606 0.5182310342788696 0.4214785099029541
16607 0.5165480971336365 0.41997030377388
16608 0.5144485235214233 0.4184284210205078
16609 0.5116430521011353 0.41783496737480164
16610 0.5056009292602539 0.4169277250766754
16611 0.5034721493721008 0.417313814163208
16612 0.5151762366294861 0.4247373342514038
16613 0.5151762366294861 0.4247373938560486
16614 0.5151762366294861 0.4247373640537262
16615 0.5151762366294861 0.4247373640537262
16616 0.5151762366294861 0.4247373640537262
16617 0.5151762366294861 0.4247373640537262
16618 0.5011037588119507 0.4206662178039551
16619 0.5003085732460022 0.41217654943466187
16620 0.5007587671279907 0.41591107845306396
16621 0.5010178685188293 0.4184207618236542
16622 0.5062240362167358 0.41065675020217896
16623 0.5151762366294861 0.4247373640537262
16624 0.5151762366294861 0.4247373640537262
16625 0.5086716413497925 0.4171713590621948
16626 0.5096499919891357 0.41896459460258484
16627 0.5108999609947205 0.4205026924610138
16628 0.5065822601318359 0.41310960054397583
16629 0.5075637102127075 0.41553834080696106
16630 0.5023461580276489 0.4247373640537262
16631 0.505898118019104 0.4229294955730438
16632 0.5096694231033325 0.42279791831970215
16633 0.5135186910629272 0.42367488145828247
16634 0.5151762366294861 0.4247373640537262
16635 0.5151762366294861 0.4247373640537262
16636 0.5151762366294861 0.4247373640537262
16637 0.5151762366294861 0.4247373640537262
16638 0.5151762366294861 0.4247373640537262
16639 0.5151762366294861 0.4247373640537262
16640 0.5151762366294861 0.4247373640537262
16641 0.5225434899330139 0.42596912384033203
16642 0.5224867463111877 0.42362675070762634
16643 0.5209140777587891 0.4193943738937378
16644 0.5194239020347595 0.41708582639694214
16645 0.5167069435119629 0.413831502199173
16646 0.5134350061416626 0.4108944535255432
16647 0.5092493295669556 0.4094043970108032
16648 0.5062116980552673 0.4095582067966461
16649 0.504407525062561 0.40962257981300354
16650 0.5024024844169617 0.40954291820526123
16651 0.5004969239234924 0.4097195267677307
16652 0.5158509016036987 0.4253503084182739
16653 0.5151762366294861 0.4247373640537262
16654 0.5151762366294861 0.4247373640537262
16655 0.5151762366294861 0.4247373640537262
16656 0.5205962657928467 0.42598801851272583
16657 0.5151762366294861 0.4247373640537262
16658 0.5151762366294861 0.4247373640537262
16659 0.5151762366294861 0.4247373640537262
16660 0.5152082443237305 0.42585140466690063
16661 0.5197353959083557 0.4268253743648529
16662 0.5202232003211975 0.4283168911933899
16663 0.5211746692657471 0.42661675810813904
16664 0.5186355710029602 0.42635297775268555
16665 0.5195098519325256 0.42568981647491455
16666 0.5179648399353027 0.4230654537677765
16667 0.5188003182411194 0.4237102270126343
16668 0.5151762366294861 0.4247373640537262
16669 0.5151762366294861 0.4247373640537262
16670 0.5206283330917358 0.4308435320854187
16671 0.5217946171760559 0.4284350275993347
16672 0.5151762366294861 0.4247373640537262
16673 0.5151761770248413 0.4247373342514038
16674 0.5151762366294861 0.4247373640537262
16675 0.5151762366294861 0.4247373938560486
16676 0.5151762366294861 0.4247373938560486
16677 0.5131787657737732 0.425149142742157
16678 0.5151762366294861 0.4247373640537262
16679 0.5059077143669128 0.42605045437812805
16680 0.5071073770523071 0.4247373640537262
16681 0.5115783214569092 0.43462151288986206
16682 0.5146116614341736 0.4317569434642792
16683 0.5166469812393188 0.42985230684280396
16684 0.5046063661575317 0.4381267726421356
16685 0.5149195790290833 0.4260752499103546
16686 0.5149776339530945 0.4257727861404419
16687 0.5149239897727966 0.426052063703537
16688 0.5121411681175232 0.4266260862350464
16689 0.5051407217979431 0.42770686745643616
16690 0.5151762366294861 0.4247373938560486
16691 0.5151762366294861 0.4247373640537262
16692 0.5151762366294861 0.4247373640537262
16693 0.5035679936408997 0.4247373640537262
16694 0.5183546543121338 0.4280932545661926
16695 0.5046104192733765 0.4247373640537262
16696 0.5076252222061157 0.4247373640537262
16697 0.5019938945770264 0.4247373342514038
16698 0.5047702193260193 0.442570298910141
16699 0.5120139122009277 0.43901026248931885
16700 0.5150798559188843 0.43551844358444214
16701 0.5171627402305603 0.4327205419540405
16702 0.5190199613571167 0.4302857518196106
16703 0.5045965313911438 0.4332965314388275
16704 0.5114740133285522 0.43080005049705505
16705 0.5141573548316956 0.430048406124115
16706 0.5159598588943481 0.4286726713180542
16707 0.5175206661224365 0.42736944556236267
16708 0.504761278629303 0.4303287863731384
16709 0.51164710521698 0.4286178946495056
16710 0.5145890712738037 0.42779821157455444
16711 0.5145480632781982 0.42801210284233093
16712 0.5157260298728943 0.4270275831222534
16713 0.5015888214111328 0.4266854524612427
16714 0.5082303285598755 0.44141700863838196
16715 0.5081703066825867 0.4371519684791565
16716 0.5080673694610596 0.43236514925956726
16717 0.5082333087921143 0.42962825298309326
16718 0.5089808702468872 0.4279317259788513
16719 0.5096946954727173 0.42611145973205566
16720 0.5113884210586548 0.4247373640537262
16721 0.5012778639793396 0.44238904118537903
16722 0.5012239217758179 0.43312546610832214
16723 0.501388669013977 0.4297933578491211
16724 0.5012534856796265 0.4379826784133911
16725 0.5151762366294861 0.4247373342514038
16726 0.5151762366294861 0.4247373640537262
16727 0.5151762366294861 0.4247373938560486
16728 0.5142713189125061 0.4247373640537262
16729 0.5104396343231201 0.4247373640537262
16730 0.5068668127059937 0.42489010095596313
16731 0.502745509147644 0.4247373640537262
16732 0.5012944936752319 0.4465169310569763
16733 0.5049830675125122 0.4467906951904297
16734 0.5084213018417358 0.4461301565170288
16735 0.5119048953056335 0.4431946277618408
16736 0.515142023563385 0.4395900070667267
16737 0.5172556042671204 0.4360583424568176
16738 0.519394040107727 0.4333924353122711
16739 0.5025885105133057 0.4089142978191376
16740 0.5045408010482788 0.4093828499317169
16741 0.5172671675682068 0.4120885133743286
16742 0.5228581428527832 0.4233219027519226
16743 0.5098761320114136 0.40881696343421936
16744 0.5135791897773743 0.4098505973815918
16745 0.5006462335586548 0.4084554612636566
16746 0.5199589729309082 0.41561225056648254
16747 0.5216665863990784 0.4179883599281311
16748 0.5231143236160278 0.4263927936553955
16749 0.5066161155700684 0.408891499042511
16750 0.5223817825317383 0.4298838675022125
16751 0.5212764143943787 0.43357032537460327
16752 0.5195308327674866 0.4374658167362213
16753 0.5170904994010925 0.4415476620197296
16754 0.5147820115089417 0.44413283467292786
16755 0.5118348002433777 0.4477335214614868
16756 0.5080909132957458 0.44999879598617554
16757 0.5049754977226257 0.44991374015808105
16758 0.5014592409133911 0.4495643377304077
16759 0.5052512884140015 0.4726143777370453
16760 0.5061306953430176 0.4709179997444153
16761 0.5057098269462585 0.4725654721260071
16762 0.5063675045967102 0.4719959497451782
16763 0.5096720457077026 0.48763811588287354
16764 0.5137413144111633 0.48640093207359314
16765 0.5080429911613464 0.48333898186683655
16766 0.508937418460846 0.4855891764163971
16767 0.5081591606140137 0.4829372763633728
16768 0.5084621906280518 0.4836474061012268
16769 0.5121110677719116 0.49670833349227905
16770 0.5160586833953857 0.49521422386169434
16771 0.5162097215652466 0.49728521704673767
16772 0.5154950618743896 0.4853876233100891
16773 0.5187441110610962 0.49661868810653687
16774 0.5182754397392273 0.4942117929458618
16775 0.5153861045837402 0.4991896152496338
16776 0.5142272710800171 0.4959348738193512
16777 0.5117511749267578 0.48706722259521484
16778 0.5109038949012756 0.4850807785987854
16779 0.510123610496521 0.48328208923339844
16780 0.509763777256012 0.48258495330810547
16781 0.5097712278366089 0.4828922748565674
16782 0.5165449976921082 0.4800403118133545
16783 0.5154879093170166 0.47863996028900146
16784 0.5157541632652283 0.48181357979774475
16785 0.5143084526062012 0.4798392653465271
16786 0.5143728852272034 0.4831700623035431
16787 0.5127495527267456 0.4843461215496063
16788 0.5117807388305664 0.48260498046875
16789 0.5132075548171997 0.4812049865722656
16790 0.5117157697677612 0.4643332362174988
16791 0.5062337517738342 0.4247373640537262
16792 0.505016028881073 0.4247373938560486
16793 0.5141689777374268 0.4247373640537262
16794 0.5100892186164856 0.4247373640537262
16795 0.5323610901832581 0.233926922082901
16796 0.5162242650985718 0.27467167377471924
16797 0.5306968688964844 0.5020284056663513
16798 0.6131064891815186 0.25238320231437683
16799 0.514893651008606 0.45740580558776855
16800 0.5164888501167297 0.4679177701473236
16801 0.5394308567047119 0.28495872020721436
16802 0.5671672821044922 0.2536267936229706
16803 0.6328396797180176 0.327671080827713
16804 0.5444948077201843 0.30407610535621643
16805 0.5768100619316101 0.2808229923248291
16806 0.6258081197738647 0.3460375666618347
16807 0.5151762366294861 0.4247373640537262
16808 0.5151762366294861 0.4247373640537262
16809 0.5124679803848267 0.4247373342514038
16810 0.5184571146965027 0.4545084238052368
16811 0.5163106918334961 0.4621519446372986
16812 0.5206935405731201 0.45681366324424744
16813 0.536195695400238 0.46677273511886597
16814 0.5242050886154175 0.46586745977401733
16815 0.5384178161621094 0.4577632546424866
16816 0.5316290855407715 0.461394727230072
16817 0.5151762366294861 0.4247373640537262
16818 0.5577157139778137 0.34843480587005615
16819 0.5791465044021606 0.3297263979911804
16820 0.6033895611763 0.3786577880382538
16821 0.525037407875061 0.44223007559776306
16822 0.5219003558158875 0.44782784581184387
16823 0.5554386377334595 0.43464893102645874
16824 0.5359459519386292 0.4505574703216553
16825 0.5271110534667969 0.4488787055015564
16826 0.5477924942970276 0.39272812008857727
16827 0.5545027852058411 0.3922477066516876
16828 0.5151762366294861 0.4247373640537262
16829 0.5411521792411804 0.3960156738758087
16830 0.5323586463928223 0.397857129573822
16831 0.5308492183685303 0.44269511103630066
16832 0.5375003814697266 0.4433056116104126
16833 0.5519790649414062 0.429711252450943
16834 0.5763124227523804 0.3950837552547455
16835 0.5634844303131104 0.37858065962791443
16836 0.5514516234397888 0.38785022497177124
16837 0.5570801496505737 0.4041644334793091
16838 0.5477057695388794 0.424409955739975
16839 0.5337792634963989 0.4378482699394226
16840 0.5371774435043335 0.4358054995536804
16841 0.5151762366294861 0.4247373640537262
16842 0.5151762366294861 0.4247373640537262
16843 0.5561936497688293 0.3939610719680786
16844 0.5733859539031982 0.38565483689308167
16845 0.5979923009872437 0.33267107605934143
16846 0.604995846748352 0.2828649878501892
16847 0.6061939001083374 0.24824774265289307
16848 0.5768518447875977 0.23620906472206116
16849 0.5447620749473572 0.4204678535461426
16850 0.5151762366294861 0.4247373640537262
16851 0.5541009902954102 0.41596347093582153
16852 0.5674707293510437 0.41870927810668945
16853 0.5782654881477356 0.42186933755874634
16854 0.6017958521842957 0.4112744927406311
16855 0.6058160066604614 0.4077700972557068
16856 0.5463317632675171 0.5426220893859863
16857 0.5151762366294861 0.4247373640537262
16858 0.5151762366294861 0.4247373640537262
16859 0.5151762366294861 0.4247373640537262
16860 0.5347323417663574 0.43337681889533997
16861 0.537743330001831 0.43129125237464905
16862 0.5151762366294861 0.4247373640537262
16863 0.545066237449646 0.4174777567386627
16864 0.5480505228042603 0.41523903608322144
16865 0.5391443967819214 0.42871391773223877
16866 0.5496286749839783 0.40064626932144165
16867 0.5345672369003296 0.40663811564445496
16868 0.5415921211242676 0.40236803889274597
16869 0.5459330677986145 0.400320440530777
16870 0.545814037322998 0.4048900604248047
16871 0.5344083309173584 0.4108121395111084
16872 0.5151762366294861 0.4247373640537262
16873 0.5494306087493896 0.40825408697128296
16874 0.5513682961463928 0.4041588306427002
16875 0.5426220297813416 0.4117361903190613
16876 0.5467585325241089 0.41390126943588257
16877 0.5429410934448242 0.41641122102737427
16878 0.5466715097427368 0.40909838676452637
16879 0.5151762366294861 0.4247373640537262
16880 0.5420809984207153 0.40729886293411255
16881 0.5151762366294861 0.4247373640537262
16882 0.5059812068939209 0.395223468542099
16883 0.502605676651001 0.3952700197696686
16884 0.5274274945259094 0.39864420890808105
16885 0.521888256072998 0.3972631096839905
16886 0.5160667896270752 0.39575567841529846
16887 0.5141746997833252 0.39520034193992615
16888 0.5101466178894043 0.39434903860092163
16889 0.5031285285949707 0.31007158756256104
16890 0.5031024813652039 0.3952631652355194
16891 0.5137597918510437 0.3123195767402649
16892 0.531818687915802 0.389784038066864
16893 0.5234537124633789 0.3957202136516571
16894 0.5249439477920532 0.3971956968307495
16895 0.5272542238235474 0.3955985903739929
16896 0.540623664855957 0.3876689672470093
16897 0.520652174949646 0.39580991864204407
16898 0.5360273718833923 0.39530929923057556
16899 0.5307848453521729 0.3954855799674988
16900 0.5231285095214844 0.3947574496269226
16901 0.5160509347915649 0.39115092158317566
16902 0.5123507976531982 0.39082780480384827
16903 0.5037244558334351 0.39525458216667175
16904 0.5275483131408691 0.39293956756591797
16905 0.5250577926635742 0.3899010419845581
16906 0.5156460404396057 0.38768768310546875
16907 0.5120047926902771 0.39115744829177856
16908 0.5070416331291199 0.48571109771728516
16909 0.5052375793457031 0.4727839529514313
16910 0.5078128576278687 0.48427993059158325
16911 0.5083261132240295 0.47141823172569275
16912 0.5134658813476562 0.47932636737823486
16913 0.51130211353302 0.48162364959716797
16914 0.5125532150268555 0.480508416891098
16915 0.5087158679962158 0.4710656404495239
16916 0.5087165236473083 0.47232386469841003
16917 0.5138750076293945 0.47821295261383057
16918 0.5063580870628357 0.4722655713558197
16919 0.506929874420166 0.4725891947746277
16920 0.5098899602890015 0.4840526580810547
16921 0.5084827542304993 0.471726655960083
16922 0.5086003541946411 0.4723833203315735
16923 0.5130624175071716 0.4792081117630005
16924 0.5112607479095459 0.48163044452667236
16925 0.5123187303543091 0.48031502962112427
16926 0.5069984197616577 0.471969336271286
16927 0.5077031850814819 0.47219210863113403
16928 0.5080808401107788 0.47219663858413696
16929 0.5082436800003052 0.4722817540168762
16930 0.507224977016449 0.47202855348587036
16931 0.5073869824409485 0.47284042835235596
16932 0.5084736347198486 0.4723377823829651
16933 0.5086336731910706 0.4723953306674957
16934 0.5079268217086792 0.4721413254737854
16935 0.5083293914794922 0.4722859561443329
16936 0.536794126033783 0.5428076982498169
16937 0.5525407791137695 0.5536090135574341
16938 0.5451145768165588 0.5295301675796509
16939 0.540604293346405 0.5452131032943726
16940 0.5493897199630737 0.5539984107017517
16941 0.5552773475646973 0.5412949919700623
16942 0.5515352487564087 0.526089608669281
16943 0.5453126430511475 0.5534987449645996
16944 0.541717529296875 0.5528706908226013
16945 0.5385338068008423 0.5444583296775818
16946 0.5532230138778687 0.5290833115577698
16947 0.5545538663864136 0.5330235958099365
16948 0.5434560775756836 0.5323981642723083
16949 0.5421414375305176 0.5411270260810852
16950 0.5473335981369019 0.5242451429367065
16951 0.5584771037101746 0.5453709363937378
16952 0.5554155707359314 0.5465299487113953
16953 0.5577836632728577 0.5490118265151978
16954 0.5554149746894836 0.5516449809074402
16955 0.5442343950271606 0.5228884816169739
16956 0.5407993197441101 0.5447965860366821
16957 0.5546393394470215 0.5573273301124573
16958 0.5546042919158936 0.5209298729896545
16959 0.5475082993507385 0.553882360458374
16960 0.5435060262680054 0.5435774326324463
16961 0.5560452938079834 0.5218952298164368
16962 0.5436295866966248 0.541867733001709
16963 0.5514281988143921 0.5206120014190674
16964 0.5445297360420227 0.5426220893859863
16965 0.5411540269851685 0.5425741076469421
16966 0.5413854718208313 0.5426220893859863
16967 0.544863760471344 0.5426220893859863
16968 0.5470080971717834 0.5426220893859863
16969 0.5470080971717834 0.5426220893859863
16970 0.5570311546325684 0.5553377866744995
16971 0.5713008046150208 0.5443260669708252
16972 0.5698219537734985 0.533656895160675
16973 0.5585809350013733 0.5527374744415283
16974 0.5548089146614075 0.5424385070800781
16975 0.5539706349372864 0.5419715642929077
16976 0.5637395977973938 0.5403188467025757
16977 0.559294581413269 0.5492314696311951
16978 0.5658992528915405 0.535529613494873
16979 0.5673879981040955 0.5410927534103394
16980 0.5591086745262146 0.5431935787200928
16981 0.5639650821685791 0.5424172282218933
16982 0.5574613213539124 0.542985200881958
16983 0.537466824054718 0.5434897541999817
16984 0.5386031866073608 0.5441383123397827
16985 0.5372636318206787 0.5429365634918213
16986 0.5415446162223816 0.5415315628051758
16987 0.5371477007865906 0.5425854325294495
16988 0.5383798480033875 0.5422251224517822
16989 0.5395371913909912 0.5412093997001648
16990 0.5371308326721191 0.5422967076301575
16991 0.5377174615859985 0.5432999730110168
16992 0.537541389465332 0.5429500341415405
16993 0.5377009510993958 0.5431111454963684
16994 0.5404609441757202 0.541073739528656
16995 0.5397062301635742 0.5409161448478699
16996 0.5389786958694458 0.5408267974853516
16997 0.5401029586791992 0.5410261154174805
16998 0.5375766754150391 0.542548656463623
16999 0.5374014973640442 0.5424319505691528
17000 0.5382015705108643 0.5406060218811035
17001 0.5386527180671692 0.5407277345657349
17002 0.5391128063201904 0.5408025979995728
17003 0.5395247340202332 0.5409228205680847
17004 0.5406476855278015 0.541456937789917
17005 0.5426746606826782 0.5426220893859863
17006 0.5447871088981628 0.5426220893859863
17007 0.5489579439163208 0.5426220893859863
17008 0.559690535068512 0.5214388370513916
17009 0.561639130115509 0.5266214609146118
17010 0.5549216270446777 0.5426639318466187
17011 0.5558102130889893 0.542776346206665
17012 0.5593881607055664 0.5469897985458374
17013 0.5600072741508484 0.546868622303009
17014 0.5606833696365356 0.5466415286064148
17015 0.5615569353103638 0.5487024188041687
17016 0.5653882026672363 0.5562676191329956
17017 0.566162109375 0.562614381313324
17018 0.548496663570404 0.5426220893859863
17019 0.5438041687011719 0.5426220893859863
17020 0.5404911041259766 0.5434790253639221
17021 0.5385420322418213 0.5432807207107544
17022 0.5376207232475281 0.5428125858306885
17023 0.5374487638473511 0.5426828861236572
17024 0.5661446452140808 0.4799422025680542
17025 0.5362719893455505 0.5014601945877075
17026 0.5421448945999146 0.4894104599952698
17027 0.5482531189918518 0.4735867977142334
17028 0.5622955560684204 0.48889076709747314
17029 0.545187771320343 0.48197364807128906
17030 0.5585486888885498 0.49802589416503906
17031 0.5574407577514648 0.4844442903995514
17032 0.5540326237678528 0.4928740859031677
17033 0.5480679273605347 0.500795841217041
17034 0.5406723022460938 0.5098007321357727
17035 0.5419701337814331 0.5150645971298218
17036 0.5487483739852905 0.5081889629364014
17037 0.5552547574043274 0.5073786973953247
17038 0.5337646007537842 0.5062942504882812
17039 0.5379579067230225 0.5138274431228638
17040 0.5395188927650452 0.5178871154785156
17041 0.5274448394775391 0.5149593353271484
17042 0.5305932760238647 0.5108932256698608
17043 0.5352429747581482 0.5173993110656738
17044 0.5372274518013 0.5208254456520081
17045 0.5448811054229736 0.5122510194778442
17046 0.5439319014549255 0.5056167840957642
17047 0.5389504432678223 0.49567291140556335
17048 0.5248061418533325 0.5187760591506958
17049 0.5207812786102295 0.5227679014205933
17050 0.5173987746238708 0.526405930519104
17051 0.5148090720176697 0.5297639966011047
17052 0.5117907524108887 0.5346493721008301
17053 0.5303828716278076 0.5181014537811279
17054 0.5330750942230225 0.5141390562057495
17055 0.5360755920410156 0.5099256038665771
17056 0.5388392210006714 0.5055713653564453
17057 0.5419479012489319 0.5007778406143188
17058 0.5452679991722107 0.49534764885902405
17059 0.5488286018371582 0.48641306161880493
17060 0.5525875687599182 0.4787634611129761
17061 0.5337005257606506 0.5447825193405151
17062 0.5193842053413391 0.5556780099868774
17063 0.5131795406341553 0.5524039268493652
17064 0.5131711363792419 0.5481859445571899
17065 0.5139173269271851 0.5442450046539307
17066 0.5177604556083679 0.5511016249656677
17067 0.5171891450881958 0.5476391315460205
17068 0.5327211022377014 0.5209923386573792
17069 0.5191336274147034 0.53244549036026
17070 0.5215487480163574 0.5288379192352295
17071 0.5250359177589417 0.5249725580215454
17072 0.5278443694114685 0.5217546224594116
17073 0.5183512568473816 0.5401465892791748
17074 0.517439603805542 0.5438650846481323
17075 0.5329504013061523 0.5401571989059448
17076 0.53994220495224 0.527635395526886
17077 0.5416225790977478 0.5248711705207825
17078 0.5434082746505737 0.5233486890792847
17079 0.5452368855476379 0.5220863819122314
17080 0.5476644039154053 0.5204678177833557
17081 0.5510772466659546 0.5197394490242004
17082 0.5533616542816162 0.5199018716812134
17083 0.5350936055183411 0.5397017002105713
17084 0.5303865671157837 0.5243497490882874
17085 0.5334475040435791 0.5391084551811218
17086 0.5392275452613831 0.5324620604515076
17087 0.5355501770973206 0.5386423468589783
17088 0.5365902185440063 0.526458740234375
17089 0.5348090529441833 0.52386075258255
17090 0.5345974564552307 0.5378079414367676
17091 0.5381256937980652 0.5295133590698242
17092 0.5357208847999573 0.5354306101799011
17093 0.5372724533081055 0.5338625311851501
17094 0.5258780121803284 0.557697057723999
17095 0.5238400101661682 0.5534287095069885
17096 0.527946412563324 0.5512664914131165
17097 0.5259761810302734 0.5475899577140808
17098 0.5224710702896118 0.5493914484977722
17099 0.5216988921165466 0.5428266525268555
17100 0.5260781645774841 0.5394748449325562
17101 0.5218181014060974 0.546171247959137
17102 0.5254125595092773 0.545386791229248
17103 0.5255265831947327 0.5422109365463257
17104 0.5221066474914551 0.5396385788917542
17105 0.5327190160751343 0.5460891723632812
17106 0.5318260192871094 0.5438898801803589
17107 0.5312030911445618 0.5425417423248291
17108 0.531120777130127 0.5413432121276855
17109 0.5313884615898132 0.5398788452148438
17110 0.5271463990211487 0.5369014143943787
17111 0.5236181616783142 0.5365891456604004
17112 0.5319514274597168 0.5384938716888428
17113 0.5305477380752563 0.5297975540161133
17114 0.5325267910957336 0.5268983840942383
17115 0.5286086797714233 0.5319875478744507
17116 0.5264260172843933 0.5306865572929382
17117 0.528231680393219 0.5275200009346008
17118 0.5332872867584229 0.5368731021881104
17119 0.534665584564209 0.5346001386642456
17120 0.5346320867538452 0.5297838449478149
17121 0.5360988974571228 0.5322527289390564
17122 0.532820463180542 0.5320874452590942
17123 0.5310685038566589 0.5339041352272034
17124 0.529784619808197 0.5381671786308289
17125 0.5289347171783447 0.5403069853782654
17126 0.5285068154335022 0.5421122908592224
17127 0.5286795496940613 0.5438192486763
17128 0.5295740962028503 0.545642077922821
17129 0.5305191278457642 0.5484362244606018
17130 0.5400378704071045 0.5711731314659119
17131 0.5362231135368347 0.570146918296814
17132 0.5319361090660095 0.5685194134712219
17133 0.5506099462509155 0.5709333419799805
17134 0.5610393285751343 0.5667707324028015
17135 0.5651659369468689 0.5619944930076599
17136 0.5453989505767822 0.570744514465332
17137 0.555753231048584 0.5690362453460693
17138 0.534501850605011 0.5640180706977844
17139 0.5372718572616577 0.5660683512687683
17140 0.5407096147537231 0.5673577189445496
17141 0.5452951192855835 0.5683351755142212
17142 0.5502588748931885 0.5684834122657776
17143 0.5553986430168152 0.5665315389633179
17144 0.5595000386238098 0.5635043978691101
17145 0.5633693337440491 0.5590660572052002
17146 0.5693745613098145 0.5556352138519287
17147 0.5488895177841187 0.5634313821792603
17148 0.5453247427940369 0.5620318055152893
17149 0.5415533781051636 0.561257004737854
17150 0.538539707660675 0.5598740577697754
17151 0.536412239074707 0.558351993560791
17152 0.5612649917602539 0.5539559721946716
17153 0.5577975511550903 0.5590953826904297
17154 0.5532481670379639 0.5624954104423523
17155 0.5294884443283081 0.5652187466621399
17156 0.5275028944015503 0.5612483620643616
17157 0.5306488275527954 0.5579107999801636
17158 0.5321682095527649 0.5615215301513672
17159 0.5293149948120117 0.5543437600135803
17160 0.5352261066436768 0.5552456378936768
17161 0.5343385934829712 0.5517879724502563
17162 0.533696174621582 0.5486969947814941
17163 0.5316495895385742 0.5514307022094727
17164 0.5328304171562195 0.554776132106781
17165 0.5340379476547241 0.5580042004585266
17166 0.5355677604675293 0.5608651041984558
17167 0.5379647612571716 0.5628905892372131
17168 0.5411641597747803 0.564018964767456
17169 0.5454226136207581 0.5651953220367432
17170 0.5496407151222229 0.5653800964355469
17171 0.5543884038925171 0.564724326133728
17172 0.5586256384849548 0.5611706972122192
17173 0.5621985197067261 0.5565285086631775
17174 0.5598323941230774 0.5433191061019897
17175 0.5577799677848816 0.542322039604187
17176 0.560524582862854 0.5441809892654419
17177 0.5596610903739929 0.5432702898979187
17178 0.5595078468322754 0.5436620116233826
17179 0.5559220314025879 0.5428451895713806
17180 0.5574043393135071 0.5412625074386597
17181 0.5582053065299988 0.5416965484619141
17182 0.5608224272727966 0.5434103608131409
17183 0.5667413473129272 0.5528503656387329
17184 0.5567187070846558 0.529026448726654
17185 0.5573206543922424 0.5397967100143433
17186 0.5572505593299866 0.5359329581260681
17187 0.5607118606567383 0.5215410590171814
17188 0.5646060109138489 0.5167838931083679
17189 0.5586003065109253 0.5176205635070801
17190 0.5628206729888916 0.5120364427566528
17191 0.5686767101287842 0.5237586498260498
17192 0.5558813810348511 0.521057665348053
17193 0.5584044456481934 0.5244541168212891
17194 0.5655417442321777 0.5271121263504028
17195 0.5752959251403809 0.5264209508895874
17196 0.5777122378349304 0.5441369414329529
17197 0.5777055621147156 0.5322538018226624
17198 0.5723226070404053 0.529545783996582
17199 0.5743812322616577 0.534844696521759
17200 0.5727019309997559 0.5490865111351013
17201 0.5746732354164124 0.5435736179351807
17202 0.5698937177658081 0.5465333461761475
17203 0.5723685026168823 0.541688084602356
17204 0.5602508783340454 0.5455772876739502
17205 0.559515118598938 0.542406439781189
17206 0.5602201223373413 0.5452276468276978
17207 0.561202883720398 0.5429490804672241
17208 0.560300886631012 0.5428322553634644
17209 0.5611194372177124 0.5437633991241455
17210 0.561190128326416 0.5457581877708435
17211 0.5626418590545654 0.546848475933075
17212 0.5618468523025513 0.5458539128303528
17213 0.5638077259063721 0.5476812124252319
17214 0.5653943419456482 0.5506592988967896
17215 0.5594606399536133 0.5414100289344788
17216 0.5611993074417114 0.536867082118988
17217 0.5640243887901306 0.5408715009689331
17218 0.5605037808418274 0.5397870540618896
17219 0.5632254481315613 0.5423303842544556
17220 0.5623437166213989 0.5431015491485596
17221 0.5643495321273804 0.5424706935882568
17222 0.5624631643295288 0.532220721244812
17223 0.566379189491272 0.5420814752578735
17224 0.5658923983573914 0.538078784942627
17225 0.567975640296936 0.5439052581787109
17226 0.570578396320343 0.5388776659965515
17227 0.5686577558517456 0.5338007211685181
17228 0.563298225402832 0.5431751012802124
17229 0.5623710751533508 0.5440346002578735
17230 0.5611714720726013 0.5437323451042175
17231 0.5400493741035461 0.5354070067405701
17232 0.5373392701148987 0.5380726456642151
17233 0.5384683609008789 0.5367802977561951
17234 0.5870159268379211 0.3494691848754883
17235 0.5749907493591309 0.33089679479599
17236 0.5916736721992493 0.39566272497177124
17237 0.5910493731498718 0.37316691875457764
17238 0.5226757526397705 0.3045502305030823
17239 0.5600371360778809 0.3891461193561554
17240 0.5556866526603699 0.37208378314971924
17241 0.56064373254776 0.4043216407299042
17242 0.5397217273712158 0.30688369274139404
17243 0.504929780960083 0.3071022629737854
17244 0.557167112827301 0.31386134028434753
17245 0.5316091179847717 0.33858612179756165
17246 0.5413458347320557 0.34565719962120056
17247 0.550595223903656 0.3580048978328705
17248 0.5112847685813904 0.33583611249923706
17249 0.5043091177940369 0.33777517080307007
17250 0.5216671228408813 0.33920788764953613
17251 0.5045498609542847 0.31746289134025574
17252 0.5186737775802612 0.31547001004219055
17253 0.5321473479270935 0.3182355463504791
17254 0.5486549139022827 0.3259788751602173
17255 0.5601059794425964 0.332568883895874
17256 0.5723077058792114 0.3517061471939087
17257 0.577728807926178 0.3730829358100891
17258 0.580039381980896 0.3927660584449768
17259 0.551439642906189 0.4647432565689087
17260 0.5614000558853149 0.47430431842803955
17261 0.5568287372589111 0.4688788056373596
17262 0.5690346956253052 0.3911042809486389
17263 0.5668085217475891 0.37009090185165405
17264 0.5599494576454163 0.35425806045532227
17265 0.5495755672454834 0.33790209889411926
17266 0.5396825075149536 0.3322356939315796
17267 0.5261611938476562 0.3268410861492157
17268 0.5146310329437256 0.32650095224380493
17269 0.5045729279518127 0.3283447325229645
17270 0.5843222141265869 0.43064939975738525
17271 0.5609734058380127 0.41888895630836487
17272 0.5877577066421509 0.41508445143699646
17273 0.578065037727356 0.41017138957977295
17274 0.5759856104850769 0.4256720542907715
17275 0.559333086013794 0.4320472478866577
17276 0.5793380737304688 0.44558185338974
17277 0.5658027529716492 0.43515709042549133
17278 0.5743444561958313 0.4591270089149475
17279 0.5569449663162231 0.4441394805908203
17280 0.5544012784957886 0.45513030886650085
17281 0.5691767930984497 0.47112107276916504
17282 0.5687785744667053 0.4528183341026306
17283 0.5642805099487305 0.4650544226169586
17284 0.5595827102661133 0.4594521224498749
17285 0.5630667805671692 0.44763094186782837
17286 0.5680398344993591 0.4217943251132965
17287 0.5691196918487549 0.4064100384712219
17288 0.5728413462638855 0.43944627046585083
17289 0.5750113129615784 0.5393128395080566
17290 0.5783178806304932 0.5375687479972839
17291 0.5823224782943726 0.5362293124198914
17292 0.587343692779541 0.5343105792999268
17293 0.5925047397613525 0.5325706005096436
17294 0.5990496873855591 0.5314489603042603
17295 0.6073995232582092 0.5618681311607361
17296 0.6037948131561279 0.5455522537231445
17297 0.6130045652389526 0.548015296459198
17298 0.6201122999191284 0.5173584222793579
17299 0.6098154187202454 0.5170141458511353
17300 0.6074010729789734 0.5314291715621948
17301 0.617201566696167 0.5324823260307312
17302 0.5361106395721436 0.5400795340538025
17303 0.537273108959198 0.539673924446106
17304 0.5343576669692993 0.5403092503547668
17305 0.5331653952598572 0.5433048605918884
17306 0.532919704914093 0.5419736504554749
17307 0.5328159332275391 0.541118860244751
17308 0.5345702171325684 0.5441557168960571
17309 0.5342522263526917 0.542646586894989
17310 0.5341563820838928 0.5416355133056641
17311 0.5342423915863037 0.5408768057823181
17312 0.5353944301605225 0.5403671264648438
17313 0.5352500081062317 0.5436051487922668
17314 0.5373367071151733 0.5403184294700623
17315 0.5404414534568787 0.5383095741271973
17316 0.5379919409751892 0.5388766527175903
17317 0.539044201374054 0.5383566617965698
17318 0.5377486348152161 0.5403627157211304
17319 0.5380350351333618 0.5405000448226929
17320 0.5386021733283997 0.5406753420829773
17321 0.5376325845718384 0.5404030084609985
17322 0.5405406951904297 0.5409536361694336
17323 0.540523886680603 0.5410512685775757
17324 0.5391930937767029 0.5407758355140686
17325 0.5390827655792236 0.5406086444854736
17326 0.5382002592086792 0.5404300689697266
17327 0.5383748412132263 0.540544331073761
17328 0.5383356809616089 0.5405709743499756
17329 0.5349372029304504 0.5424138307571411
17330 0.5350726842880249 0.5409113168716431
17331 0.5349428057670593 0.5415030717849731
17332 0.53594970703125 0.541346549987793
17333 0.536760151386261 0.5407023429870605
17334 0.5368353128433228 0.5424749851226807
17335 0.5367560386657715 0.5421577095985413
17336 0.5376573801040649 0.5404171943664551
17337 0.5365881323814392 0.5423792600631714
17338 0.5362675189971924 0.5415105223655701
17339 0.5369027853012085 0.5408384799957275
17340 0.5363624691963196 0.5425038933753967
17341 0.5360594987869263 0.5420563220977783
17342 0.5362097024917603 0.5410091280937195
17343 0.5364916324615479 0.5419036149978638
17344 0.5598756074905396 0.5432906150817871
17345 0.5612856149673462 0.5436944365501404
17346 0.5003589391708374 0.4905971884727478
17347 0.5024822950363159 0.4911293685436249
17348 0.5035036206245422 0.49236875772476196
17349 0.5059792995452881 0.4928900897502899
17350 0.5092296600341797 0.49145904183387756
17351 0.5106551051139832 0.4912530183792114
17352 0.5122977495193481 0.48998069763183594
17353 0.5146874785423279 0.49150973558425903
17354 0.5172799825668335 0.490770548582077
17355 0.5192095637321472 0.4887685477733612
17356 0.5204607844352722 0.48618555068969727
17357 0.5204380750656128 0.48227813839912415
17358 0.5201881527900696 0.4791850447654724
17359 0.5195857286453247 0.47557875514030457
17360 0.5191209316253662 0.47106724977493286
17361 0.5196852684020996 0.4577139616012573
17362 0.52144455909729 0.4505539536476135
17363 0.5238710045814514 0.44329404830932617
17364 0.5260016918182373 0.43669432401657104
17365 0.5277050733566284 0.4311242699623108
17366 0.5279885530471802 0.42494964599609375
17367 0.5279985666275024 0.41880351305007935
17368 0.5264769792556763 0.4128339886665344
17369 0.5247381925582886 0.40665337443351746
17370 0.52154541015625 0.40288710594177246
17371 0.5176694989204407 0.3990873694419861
17372 0.5139666795730591 0.3975471258163452
17373 0.5095235109329224 0.39659321308135986
17374 0.5065311789512634 0.3936687409877777
17375 0.5035837888717651 0.39739349484443665
17376 0.500721275806427 0.39750513434410095
17377 0.5125283002853394 0.45916369557380676
17378 0.5087119340896606 0.459092915058136
17379 0.5053806900978088 0.4593634605407715
17380 0.5016760230064392 0.45950472354888916
17381 0.5155923962593079 0.45244646072387695
17382 0.5125843286514282 0.4634013772010803
17383 0.5088015794754028 0.4625433087348938
17384 0.505411684513092 0.46238964796066284
17385 0.5017342567443848 0.46268925070762634
17386 0.5159043073654175 0.45852237939834595
17387 0.51585453748703 0.4643647372722626
17388 0.5191775560379028 0.46456050872802734
17389 0.5229792594909668 0.48491573333740234
17390 0.5226045250892639 0.4797601103782654
17391 0.5404722094535828 0.5407667756080627
17392 0.5426273941993713 0.5379245281219482
17393 0.5442810654640198 0.5371807813644409
17394 0.5456990003585815 0.5376982688903809
17395 0.5479440093040466 0.5386383533477783
17396 0.5496913194656372 0.53902667760849
17397 0.5506470203399658 0.5376183986663818
17398 0.5523017644882202 0.5402056574821472
17399 0.5548257231712341 0.5405026078224182
17400 0.5573136806488037 0.5410153269767761
17401 0.5595666766166687 0.5422478914260864
17402 0.5619151592254639 0.5433358550071716
17403 0.5615396499633789 0.5436224937438965
17404 0.5604405403137207 0.5456295609474182
17405 0.5581586360931396 0.5463582873344421
17406 0.5547208189964294 0.5484526753425598
17407 0.5497099161148071 0.547972559928894
17408 0.5471099615097046 0.5481257438659668
17409 0.5454164147377014 0.5479810833930969
17410 0.543045163154602 0.5477784872055054
17411 0.5409085750579834 0.5469841957092285
17412 0.5393580198287964 0.5455968379974365
17413 0.5378265976905823 0.545170247554779
17414 0.5369106531143188 0.5444205403327942
17415 0.5365003943443298 0.5435811281204224
17416 0.5358948111534119 0.5431362390518188
17417 0.535554051399231 0.5422464609146118
17418 0.5355589985847473 0.5413577556610107
17419 0.535681962966919 0.5408273339271545
17420 0.5362877249717712 0.5405101180076599
17421 0.5369939804077148 0.5402180552482605
17422 0.5374935865402222 0.5403017997741699
17423 0.5381338000297546 0.5402849912643433
17424 0.5391694903373718 0.540582537651062
17425 0.7407733798027039 0.025049686431884766
17426 0.7596238851547241 0.26108962297439575
17427 0.7609315514564514 0.3186272978782654
17428 0.7810351252555847 0.5649914741516113
17429 0.7396870851516724 0.11037791520357132
17430 0.7303114533424377 0.025049686431884766
17431 0.7316001653671265 0.025049686431884766
17432 0.7335169315338135 0.07028130441904068
17433 0.7550899982452393 0.20934394001960754
17434 0.7478694319725037 0.16064554452896118
17435 0.7739177346229553 0.9353760480880737
17436 0.7322677969932556 0.025049686431884766
17437 0.7364987730979919 0.025049686431884766
17438 0.7362111806869507 0.7135907411575317
17439 0.7387915849685669 0.6971708536148071
17440 0.741989254951477 0.7522651553153992
17441 0.7370898723602295 0.7299612164497375
17442 0.7657836675643921 0.6265614628791809
17443 0.7561513185501099 0.6551927924156189
17444 0.746211588382721 0.6800093650817871
17445 0.7670317888259888 0.8952128291130066
17446 0.7455302476882935 0.7748762965202332
17447 0.7629198431968689 0.8586684465408325
17448 0.7511457204818726 0.7991242408752441
17449 0.7573757171630859 0.8282381296157837
17450 0.7856760025024414 0.5352991223335266
17451 0.7866267561912537 0.4382992684841156
17452 0.7893162965774536 0.46967965364456177
17453 0.7608940601348877 0.025049686431884766
17454 0.7435575723648071 0.025049686431884766
17455 0.7472342252731323 0.025049686431884766
17456 0.751265823841095 0.025049686431884766
17457 0.7594019174575806 0.025049686431884766
17458 0.7558529376983643 0.025049686431884766
17459 0.7739631533622742 0.5961872935295105
17460 0.7891845703125 0.5012320876121521
17461 0.7818479537963867 0.40379154682159424
17462 0.7717894315719604 0.3617638945579529
17463 0.7647736072540283 0.025049686431884766
17464 0.7871894836425781 0.025049686431884766
17465 0.7871894836425781 0.025049686431884766
17466 0.7951167821884155 0.025049686431884766
17467 0.8260828256607056 0.025049686431884766
17468 0.8497088551521301 0.025049686431884766
17469 0.9086134433746338 0.025049686431884766
17470 0.9221277236938477 0.025049686431884766
17471 0.7831237316131592 0.2644728124141693
17472 0.7892060279846191 0.314140647649765
17473 0.7951169013977051 0.5739924907684326
17474 0.7697330713272095 0.12109996378421783
17475 0.7871894836425781 0.025049686431884766
17476 0.7962534427642822 0.025049684569239616
17477 0.7591595649719238 0.025049686431884766
17478 0.7871894836425781 0.025049686431884766
17479 0.758712112903595 0.04189984127879143
17480 0.761656641960144 0.07969848066568375
17481 0.7783932089805603 0.21290068328380585
17482 0.772850751876831 0.16513735055923462
17483 0.760767936706543 0.025049686431884766
17484 0.9086134433746338 0.025049686431884766
17485 0.7627620100975037 0.025049686431884766
17486 0.7871894836425781 0.025049686431884766
17487 0.7871894836425781 0.025049686431884766
17488 0.8205692768096924 0.025049686431884766
17489 0.8368671536445618 0.025049686431884766
17490 0.8497088551521301 0.025049686431884766
17491 0.9206861257553101 0.025049686431884766
17492 0.7462276220321655 0.7037256360054016
17493 0.7798252105712891 0.6366373300552368
17494 0.7694323062896729 0.6653640270233154
17495 0.7579675316810608 0.6870722770690918
17496 0.9318920969963074 0.6419207453727722
17497 0.9391906261444092 0.2555907964706421
17498 0.9393517971038818 0.313820481300354
17499 0.9452141523361206 0.1211167424917221
17500 0.9489848017692566 0.08035600930452347
17501 0.9410178661346436 0.22339878976345062
17502 0.951003909111023 0.049290239810943604
17503 0.9133307337760925 0.025049686431884766
17504 0.9419105052947998 0.1656176745891571
17505 0.9153090715408325 0.025049686431884766
17506 0.8953802585601807 0.025049686431884766
17507 0.8620864152908325 0.025049686431884766
17508 0.9124253392219543 0.26488736271858215
17509 0.9124494791030884 0.32088804244995117
17510 0.9043554067611694 0.6277196407318115
17511 0.8110799789428711 0.025049686431884766
17512 0.8495504260063171 0.025049686431884766
17513 0.8883888125419617 0.09027504920959473
17514 0.9153648614883423 0.05078558623790741
17515 0.8778877854347229 0.025049686431884766
17516 0.8831793069839478 0.052274663001298904
17517 0.9149844646453857 0.08842462301254272
17518 0.91480952501297 0.12787288427352905
17519 0.9134390354156494 0.16878367960453033
17520 0.9100985527038574 0.2216145098209381
17521 0.8109053373336792 0.2673913538455963
17522 0.8153783679008484 0.3158488869667053
17523 0.798126220703125 0.12634705007076263
17524 0.7862828373908997 0.04963871091604233
17525 0.7932858467102051 0.08532362431287766
17526 0.807908296585083 0.2165682017803192
17527 0.8029888868331909 0.1705952137708664
17528 0.8883266448974609 0.26460981369018555
17529 0.8395916819572449 0.2678544819355011
17530 0.840096652507782 0.31747186183929443
17531 0.8875609040260315 0.32145076990127563
17532 0.8773502707481384 0.6155198216438293
17533 0.8895951509475708 0.13160772621631622
17534 0.8300520181655884 0.13015562295913696
17535 0.8207192420959473 0.052273936569690704
17536 0.8270057439804077 0.0888993963599205
17537 0.889999270439148 0.2211589813232422
17538 0.8364101052284241 0.2199651151895523
17539 0.8335543274879456 0.17374399304389954
17540 0.8906592130661011 0.1726112961769104
17541 0.8587453365325928 0.13239732384681702
17542 0.85418701171875 0.09190146625041962
17543 0.8497823476791382 0.05171359330415726
17544 0.8614102005958557 0.17428450286388397
17545 0.8629185557365417 0.22268763184547424
17546 0.8647879362106323 0.2674192786216736
17547 0.8636441230773926 0.3213258981704712
17548 0.8105130195617676 0.9151134490966797
17549 0.8009572625160217 0.8758410811424255
17550 0.7910103797912598 0.8431752920150757
17551 0.8315122127532959 0.8475040197372437
17552 0.8478405475616455 0.8775408267974854
17553 0.8171983361244202 0.8184869289398193
17554 0.8106693029403687 0.5838710069656372
17555 0.8291555643081665 0.5941630005836487
17556 0.852199912071228 0.6039001941680908
17557 0.7533226013183594 0.7183467149734497
17558 0.7958468794822693 0.6499761343002319
17559 0.7693840265274048 0.7016992568969727
17560 0.7845232486724854 0.680158257484436
17561 0.761557936668396 0.7404372096061707
17562 0.9125537872314453 0.7311962842941284
17563 0.8846615552902222 0.8116670846939087
17564 0.8890321850776672 0.7060146331787109
17565 0.8641544580459595 0.7872999906539917
17566 0.8635329008102417 0.69338458776474
17567 0.8684757947921753 0.8452098369598389
17568 0.8498252630233765 0.8171807527542114
17569 0.7834429740905762 0.8145272135734558
17570 0.8330544233322144 0.792312741279602
17571 0.8447225093841553 0.7641792297363281
17572 0.8392151594161987 0.6805434226989746
17573 0.7758209705352783 0.7865731716156006
17574 0.8075206875801086 0.7945927381515503
17575 0.8287720680236816 0.7546772956848145
17576 0.8208680152893066 0.7765562534332275
17577 0.7975398898124695 0.7702205777168274
17578 0.8151347637176514 0.6670353412628174
17579 0.7691253423690796 0.7626347541809082
17580 0.814003050327301 0.756895899772644
17581 0.7796876430511475 0.7222496271133423
17582 0.799336850643158 0.6992340683937073
17583 0.7889556884765625 0.7456161975860596
17584 0.809759259223938 0.7280383110046387
17585 0.8323721885681152 0.7230419516563416
17586 0.8539697527885437 0.732484757900238
17587 0.8773773312568665 0.7530056238174438
17588 0.8993099331855774 0.7786175012588501
17589 0.7993528842926025 0.5416126847267151
17590 0.8021383285522461 0.440918505191803
17591 0.8145967125892639 0.5495239496231079
17592 0.8194990158081055 0.44299083948135376
17593 0.8344029188156128 0.5572014451026917
17594 0.8045936822891235 0.47330617904663086
17595 0.8194180130958557 0.4783360958099365
17596 0.9417482614517212 0.45315730571746826
17597 0.938610315322876 0.5904843807220459
17598 0.9147101640701294 0.45477110147476196
17599 0.9097691774368286 0.5839258432388306
17600 0.8882416486740112 0.4535202383995056
17601 0.8826293349266052 0.5732079148292542
17602 0.8627346754074097 0.45098865032196045
17603 0.8564366698265076 0.5660170316696167
17604 0.8396094441413879 0.4470672309398651
17605 0.8397164940834045 0.48354241251945496
17606 0.8616524338722229 0.4895891845226288
17607 0.8884350061416626 0.49254170060157776
17608 0.9144484400749207 0.49642214179039
17609 0.9433856010437012 0.4945097863674164
17610 0.8497088551521301 0.025049686431884766
17611 0.8497088551521301 0.025049686431884766
17612 0.8808204531669617 0.025049686431884766
17613 0.9086134433746338 0.025049686431884766
17614 0.9164319038391113 0.025049686431884766
17615 0.9587798118591309 0.025049686431884766
17616 0.7966254949569702 0.025049686431884766
17617 0.8244836330413818 0.025049686431884766
17618 0.7843700051307678 0.025049686431884766
17619 0.7871894836425781 0.025049686431884766
17620 0.7871894836425781 0.025049686431884766
17621 0.7871894836425781 0.025049686431884766
17622 0.7871894836425781 0.025049686431884766
17623 0.7871894836425781 0.025049686431884766
17624 0.7871894836425781 0.025049686431884766
17625 0.7871894836425781 0.025049686431884766
17626 0.8422874808311462 0.025049686431884766
17627 0.8497088551521301 0.025049686431884766
17628 0.8497088551521301 0.025049686431884766
17629 0.8497088551521301 0.025049686431884766
17630 0.8794647455215454 0.025049686431884766
17631 0.8807692527770996 0.025049686431884766
17632 0.9086134433746338 0.025049686431884766
17633 0.9086134433746338 0.025049686431884766
17634 0.9208870530128479 0.025049686431884766
17635 0.9185401797294617 0.025049686431884766
17636 0.9592627882957458 0.025049686431884766
17637 0.7871894836425781 0.025049686431884766
17638 0.7871894836425781 0.025049686431884766
17639 0.7675933837890625 0.025049686431884766
17640 0.7871894836425781 0.025049686431884766
17641 0.7921937108039856 0.025049686431884766
17642 0.7871894836425781 0.025049686431884766
17643 0.7708773016929626 0.025049686431884766
17644 0.7871894836425781 0.025049686431884766
17645 0.7871894836425781 0.025049686431884766
17646 0.7871894836425781 0.025049686431884766
17647 0.7871894836425781 0.025049686431884766
17648 0.7925014495849609 0.025049686431884766
17649 0.8206455111503601 0.025049686431884766
17650 0.8103069067001343 0.025049686431884766
17651 0.7871894836425781 0.025049686431884766
17652 0.7871894836425781 0.025049686431884766
17653 0.7871894836425781 0.025049686431884766
17654 0.7871894836425781 0.025049686431884766
17655 0.7871894836425781 0.025049686431884766
17656 0.7742589712142944 0.025049686431884766
17657 0.7780426740646362 0.025049686431884766
17658 0.7820602655410767 0.025049686431884766
17659 0.7871894836425781 0.025049686431884766
17660 0.7871894836425781 0.025049686431884766
17661 0.7871894836425781 0.025049686431884766
17662 0.7871894836425781 0.025049686431884766
17663 0.7871894836425781 0.025049686431884766
17664 0.7871894836425781 0.025049686431884766
17665 0.7871894836425781 0.025049686431884766
17666 0.7871894836425781 0.025049686431884766
17667 0.7871894836425781 0.025049686431884766
17668 0.7871894836425781 0.025049686431884766
17669 0.7871894836425781 0.025049686431884766
17670 0.7871894836425781 0.025049686431884766
17671 0.9252438545227051 0.6840122938156128
17672 0.89838045835495 0.6683720946311951
17673 0.8727554678916931 0.6536551713943481
17674 0.846748948097229 0.6422214508056641
17675 0.8241534233093262 0.6300042271614075
17676 0.8049230575561523 0.6177090406417847
17677 0.7886455655097961 0.6066300868988037
17678 0.9415354132652283 0.5440521836280823
17679 0.9127280712127686 0.5402194261550903
17680 0.8854854702949524 0.5335438847541809
17681 0.8601798415184021 0.5270791053771973
17682 0.8372205495834351 0.5206641554832458
17683 0.8180873394012451 0.5138211846351624
17684 0.803146243095398 0.5071742534637451
17685 0.7984004020690918 0.40209171175956726
17686 0.8170263767242432 0.40509867668151855
17687 0.8406051397323608 0.4071441888809204
17688 0.8616236448287964 0.41284507513046265
17689 0.8889955878257751 0.41287899017333984
17690 0.9131444692611694 0.4149152934551239
17691 0.940794825553894 0.41110867261886597
17692 0.9402732849121094 0.36167576909065247
17693 0.9133707284927368 0.36582833528518677
17694 0.8877164125442505 0.36685505509376526
17695 0.8638046979904175 0.3656414747238159
17696 0.841194748878479 0.36291754245758057
17697 0.8152279853820801 0.3664543628692627
17698 0.7912890911102295 0.36254873871803284
17699 0.6604127287864685 0.025049686431884766
17700 0.6789564490318298 0.025049686431884766
17701 0.7006899118423462 0.025049686431884766
17702 0.7175852060317993 0.025049686431884766
17703 0.6461271643638611 0.251306414604187
17704 0.5750657320022583 0.16239359974861145
17705 0.7290232181549072 0.20503121614456177
17706 0.6579793691635132 0.193702831864357
17707 0.7123503684997559 0.10596830397844315
17708 0.6307557821273804 0.08646495640277863
17709 0.6532212495803833 0.0937320813536644
17710 0.567279577255249 0.0649980902671814
17711 0.5416228771209717 0.04983694851398468
17712 0.6932852864265442 0.025049686431884766
17713 0.6333673000335693 0.025049686431884766
17714 0.7025982737541199 0.025049686431884766
17715 0.7130241394042969 0.05413935333490372
17716 0.6422709226608276 0.03735358268022537
17717 0.560185968875885 0.025049686431884766
17718 0.5355373620986938 0.025049686431884766
17719 0.616621732711792 0.02932286262512207
17720 0.5475337505340576 0.1356550008058548
17721 0.683202862739563 0.19766801595687866
17722 0.613681435585022 0.20840904116630554
17723 0.5061872601509094 0.13019481301307678
17724 0.5171670317649841 0.04110720008611679
17725 0.5115346908569336 0.025049686431884766
17726 0.6066469550132751 0.025049686431884766
17727 0.5061377882957458 0.025049686431884766
17728 0.529205858707428 0.025049686431884766
17729 0.5529110431671143 0.025049686431884766
17730 0.6238030791282654 0.025049686431884766
17731 0.5428704023361206 0.025049686431884766
17732 0.5248588919639587 0.025049686431884766
17733 0.5021451115608215 0.025049686431884766
17734 0.5969951152801514 0.025049686431884766
17735 0.5116201043128967 0.08645427972078323
17736 0.5448552370071411 0.08964665979146957
17737 0.5756126642227173 0.11908353865146637
17738 0.6450254917144775 0.14238882064819336
17739 0.6670841574668884 0.1479521095752716
17740 0.7195438742637634 0.15650933980941772
17741 0.7341576218605042 0.9506944417953491
17742 0.6871922016143799 0.9475228786468506
17743 0.7325617074966431 0.9101540446281433
17744 0.6896615624427795 0.9070603847503662
17745 0.710642397403717 0.6893596053123474
17746 0.7185657024383545 0.6690031886100769
17747 0.6772241592407227 0.244798481464386
17748 0.6930567026138306 0.2470351755619049
17749 0.735675573348999 0.26141107082366943
17750 0.7252976894378662 0.6916869878768921
17751 0.7400338649749756 0.6455563306808472
17752 0.7326397895812988 0.6738073825836182
17753 0.7035393714904785 0.6643320322036743
17754 0.6952638626098633 0.6836907863616943
17755 0.6454720497131348 0.8907282948493958
17756 0.6401134729385376 0.9311314225196838
17757 0.7262946963310242 0.6426224708557129
17758 0.6985807418823242 0.025049686431884766
17759 0.5961835980415344 0.9016736745834351
17760 0.6080926656723022 0.8689882159233093
17761 0.6798000335693359 0.6781430244445801
17762 0.6886366009712219 0.6580750346183777
17763 0.6744214296340942 0.651250958442688
17764 0.6648287177085876 0.6696933507919312
17765 0.5738480091094971 0.8272078037261963
17766 0.5587127804756165 0.8530926704406738
17767 0.7100942134857178 0.6365514993667603
17768 0.696968138217926 0.6345226764678955
17769 0.6836861371994019 0.6294758319854736
17770 0.4995872676372528 0.025049686431884766
17771 0.5396102070808411 0.025049686431884766
17772 0.5231508016586304 0.025049686431884766
17773 0.5802080035209656 0.025049686431884766
17774 0.6044288277626038 0.025049686431884766
17775 0.6440989971160889 0.025049684569239616
17776 0.5895548462867737 0.025049686431884766
17777 0.5663816332817078 0.025049686431884766
17778 0.5396102070808411 0.025049686431884766
17779 0.5217474102973938 0.025049686431884766
17780 0.4994560182094574 0.025049686431884766
17781 0.5396102070808411 0.025049686431884766
17782 0.5222038626670837 0.025049686431884766
17783 0.4994560182094574 0.025049686431884766
17784 0.5571585893630981 0.025049686431884766
17785 0.6454927325248718 0.025049686431884766
17786 0.6414452791213989 0.025049686431884766
17787 0.6414452791213989 0.025049686431884766
17788 0.6414452791213989 0.025049686431884766
17789 0.5858148336410522 0.025049686431884766
17790 0.6730927228927612 0.025049686431884766
17791 0.7164206504821777 0.025049686431884766
17792 0.6980578899383545 0.7572684288024902
17793 0.7040349841117859 0.7112754583358765
17794 0.6878452301025391 0.70863938331604
17795 0.6759443283081055 0.7529157996177673
17796 0.6701206564903259 0.69931960105896
17797 0.6543263792991638 0.6915326118469238
17798 0.6544986963272095 0.7415859699249268
17799 0.6345520615577698 0.7289949059486389
17800 0.6445907950401306 0.7114123106002808
17801 0.6626235842704773 0.722620964050293
17802 0.6819164752960205 0.7322887182235718
17803 0.7012698650360107 0.7362976670265198
17804 0.6586859226226807 0.8245247006416321
17805 0.6546040773391724 0.8547140955924988
17806 0.6197786927223206 0.835357129573822
17807 0.5900008678436279 0.8032374978065491
17808 0.6276468634605408 0.8093584775924683
17809 0.6012850403785706 0.782023012638092
17810 0.6962900161743164 0.7818479537963867
17811 0.7211325764656067 0.7811206579208374
17812 0.6698753237724304 0.7736337184906006
17813 0.6465303897857666 0.7626521587371826
17814 0.6242783069610596 0.7456392049789429
17815 0.6137691140174866 0.7650787234306335
17816 0.6373541951179504 0.7853972315788269
17817 0.6658002138137817 0.7992974519729614
17818 0.7207503318786621 0.7587792277336121
17819 0.7215828895568848 0.7147480249404907
17820 0.7206476330757141 0.7367575168609619
17821 0.6925919651985168 0.8369168043136597
17822 0.691689133644104 0.8675808310508728
17823 0.6953729391098022 0.8084498047828674
17824 0.7249083518981934 0.8375290632247925
17825 0.7289358377456665 0.871292233467102
17826 0.7237237095832825 0.8066432476043701
17827 0.6915668845176697 0.6087443232536316
17828 0.748464822769165 0.6142976880073547
17829 0.7318129539489746 0.6103114485740662
17830 0.7161527276039124 0.6112048625946045
17831 0.7038115859031677 0.6115756034851074
17832 0.7331659197807312 0.583513081073761
17833 0.69829922914505 0.59103924036026
17834 0.70878005027771 0.5921792984008789
17835 0.7203717231750488 0.5904254913330078
17836 0.7461695671081543 0.3158425986766815
17837 0.7027209401130676 0.2927602529525757
17838 0.6875920295715332 0.28537091612815857
17839 0.6922358274459839 0.33762693405151367
17840 0.6606017351150513 0.3158590495586395
17841 0.7085424065589905 0.33942824602127075
17842 0.6732049584388733 0.3425828218460083
17843 0.7672378420829773 0.5552822947502136
17844 0.7542809247970581 0.5431079268455505
17845 0.7738519906997681 0.4373137950897217
17846 0.7728369235992432 0.5264753699302673
17847 0.760735809803009 0.5176978707313538
17848 0.776936948299408 0.4669971466064453
17849 0.76459801197052 0.4637063443660736
17850 0.7612729072570801 0.43868330121040344
17851 0.6938512325286865 0.025049686431884766
17852 0.7175852060317993 0.025049686431884766
17853 0.7175852060317993 0.025049686431884766
17854 0.7246153354644775 0.025049686431884766
17855 0.7407626509666443 0.025049686431884766
17856 0.710379958152771 0.025049686431884766
17857 0.7175852060317993 0.025049686431884766
17858 0.7175852060317993 0.025049686431884766
17859 0.7219898700714111 0.025049686431884766
17860 0.7175852656364441 0.025049686431884766
17861 0.7274353504180908 0.025049686431884766
17862 0.7327527403831482 0.025049684569239616
17863 0.7196430563926697 0.025049686431884766
17864 0.7299143671989441 0.025049686431884766
17865 0.7391024827957153 0.025049686431884766
17866 0.741680383682251 0.025049686431884766
17867 0.7587981224060059 0.5832099318504333
17868 0.7462449073791504 0.567566454410553
17869 0.7761390209197998 0.49655070900917053
17870 0.764045774936676 0.49112874269485474
17871 0.75336754322052 0.41119450330734253
17872 0.766281008720398 0.4057556390762329
17873 0.7553297281265259 0.3680562674999237
17874 0.7416175603866577 0.3812679648399353
17875 0.6130434274673462 0.025049686431884766
17876 0.6202257871627808 0.025049686431884766
17877 0.63664710521698 0.025049686431884766
17878 0.6463897228240967 0.025049686431884766
17879 0.6607183814048767 0.025049686431884766
17880 0.6741259098052979 0.04472944140434265
17881 0.6848686933517456 0.10007001459598541
17882 0.697837769985199 0.15242551267147064
17883 0.7026070952415466 0.20110635459423065
17884 0.7127500772476196 0.2546728849411011
17885 0.7228796482086182 0.3041757047176361
17886 0.7249298095703125 0.3572407066822052
17887 0.6818432807922363 0.33764657378196716
17888 0.6804914474487305 0.2861298620700836
17889 0.6584711074829102 0.24470695853233337
17890 0.6377645134925842 0.1922426074743271
17891 0.6108447313308716 0.1366584599018097
17892 0.5983836054801941 0.07758311927318573
17893 0.5888840556144714 0.025049686431884766
17894 0.5815223455429077 0.025049686431884766
17895 0.5696654915809631 0.025049686431884766
17896 0.5508989095687866 0.025049686431884766
17897 0.5396102070808411 0.025049686431884766
17898 0.5396102070808411 0.025049686431884766
17899 0.6834678053855896 0.36235934495925903
17900 0.6904197931289673 0.3600146472454071
17901 0.698548436164856 0.36301231384277344
17902 0.7077761888504028 0.3686680495738983
17903 0.7203049659729004 0.37730568647384644
17904 0.726149320602417 0.3912549912929535
17905 0.7341504096984863 0.3985263705253601
17906 0.7429488897323608 0.4150264859199524
17907 0.7468986511230469 0.4281301498413086
17908 0.752213180065155 0.44076693058013916
17909 0.7539409399032593 0.45972198247909546
17910 0.7535489797592163 0.47462403774261475
17911 0.7543811798095703 0.48847973346710205
17912 0.7499295473098755 0.5076659917831421
17913 0.745496392250061 0.5195232629776001
17914 0.743453860282898 0.5326829552650452
17915 0.7371021509170532 0.5491471886634827
17916 0.7298007011413574 0.5628652572631836
17917 0.7211848497390747 0.5710062980651855
17918 0.7124441862106323 0.574107825756073
17919 0.7039441466331482 0.5745963454246521
17920 0.9595051407814026 0.025049686431884766
17921 0.9591839909553528 0.025049686431884766
17922 0.9579328298568726 0.025049686431884766
17923 0.9552392959594727 0.025049686431884766
17924 0.9534881711006165 0.025049686431884766
17925 0.8806896805763245 0.025049686431884766
17926 0.8781590461730957 0.025049686431884766
17927 0.37298351526260376 0.36480849981307983
17928 0.3689466714859009 0.3362046182155609
17929 0.4019099771976471 0.6154656410217285
17930 0.39389172196388245 0.6247913837432861
17931 0.39239275455474854 0.6051996946334839
17932 0.38373422622680664 0.6133942604064941
17933 0.375851035118103 0.3867124319076538
17934 0.4089661240577698 0.6076987981796265
17935 0.40032750368118286 0.5973857641220093
17936 0.4958745837211609 0.6659923195838928
17937 0.3807605803012848 0.4104236662387848
17938 0.38732558488845825 0.4333304762840271
17939 0.4877583384513855 0.6509074568748474
17940 0.49610498547554016 0.636134922504425
17941 0.4961298704147339 0.6498985290527344
17942 0.38306134939193726 0.5900657176971436
17943 0.373497873544693 0.5979187488555908
17944 0.3924563229084015 0.5832912921905518
17945 0.4859761595726013 0.6661211252212524
17946 0.4881210923194885 0.6371504068374634
17947 0.4922805428504944 0.7137017250061035
17948 0.4833640456199646 0.6840612888336182
17949 0.4947474002838135 0.6845675110816956
17950 0.38577771186828613 0.6345409154891968
17951 0.3741394579410553 0.6221331357955933
17952 0.37413489818573 0.44557514786720276
17953 0.35725831985473633 0.45719704031944275
17954 0.3634950518608093 0.6056100726127625
17955 0.47710978984832764 0.7091886401176453
17956 0.36379870772361755 0.6312146782875061
17957 0.4191027283668518 0.6172676086425781
17958 0.37507590651512146 0.6448169946670532
17959 0.41273069381713867 0.6262097954750061
17960 0.42929717898368835 0.6244196891784668
17961 0.43922296166419983 0.6299614906311035
17962 0.42347681522369385 0.6342126131057739
17963 0.4356318712234497 0.640811562538147
17964 0.4679860472679138 0.6496050953865051
17965 0.47800925374031067 0.6507171392440796
17966 0.4649406373500824 0.6640913486480713
17967 0.4755120277404785 0.6658636331558228
17968 0.4701017737388611 0.6364808082580566
17969 0.4411330223083496 0.6586028337478638
17970 0.4796711504459381 0.637609601020813
17971 0.44584476947784424 0.6454028487205505
17972 0.4498417377471924 0.6332789063453674
17973 0.45997339487075806 0.6355050802230835
17974 0.45684224367141724 0.6480286121368408
17975 0.45264333486557007 0.6616085767745972
17976 0.3635883331298828 0.5037172436714172
17977 0.36103764176368713 0.4824303388595581
17978 0.34029150009155273 0.4639511704444885
17979 0.3462871313095093 0.5069995522499084
17980 0.3430110514163971 0.48596376180648804
17981 0.33135658502578735 0.5114285945892334
17982 0.36659127473831177 0.4214312434196472
17983 0.4706094264984131 0.8070785403251648
17984 0.4536239206790924 0.78807532787323
17985 0.48932915925979614 0.753846287727356
17986 0.4716872274875641 0.746442437171936
17987 0.33935633301734924 0.6473175883293152
17988 0.3519766926765442 0.6399850249290466
17989 0.3503633737564087 0.6645169854164124
17990 0.36299803853034973 0.6556910276412964
17991 0.3528219163417816 0.6130540370941162
17992 0.3411770462989807 0.6214307546615601
17993 0.32887327671051025 0.628318190574646
17994 0.43491417169570923 0.6721647381782532
17995 0.47183409333229065 0.6833485960960388
17996 0.459811270236969 0.6798543334007263
17997 0.4644535779953003 0.707779586315155
17998 0.4470503330230713 0.6767044067382812
17999 0.4509439468383789 0.7012976408004761
18000 0.4534120261669159 0.7378754019737244
18001 0.43986931443214417 0.7285051345825195
18002 0.43771985173225403 0.696165919303894
18003 0.42615240812301636 0.7198498845100403
18004 0.43534621596336365 0.7732142806053162
18005 0.41709885001182556 0.6453601717948914
18006 0.4058648347854614 0.6364855766296387
18007 0.397841215133667 0.6470808386802673
18008 0.38743552565574646 0.6595749855041504
18009 0.41212332248687744 0.6806943416595459
18010 0.42233985662460327 0.6655074954032898
18011 0.42973315715789795 0.6524804830551147
18012 0.4094947576522827 0.6577011346817017
18013 0.37561261653900146 0.6720371246337891
18014 0.40056276321411133 0.6983146071434021
18015 0.42522501945495605 0.6902306079864502
18016 0.41286128759384155 0.7092877626419067
18017 0.3994978666305542 0.6716693043708801
18018 0.38746339082717896 0.6863939762115479
18019 0.3622557520866394 0.6819646954536438
18020 0.3958057761192322 0.7294826507568359
18021 0.38427114486694336 0.7146015167236328
18022 0.3728417158126831 0.7010890245437622
18023 0.42184168100357056 0.7573904991149902
18024 0.4085455536842346 0.7430771589279175
18025 0.3847162127494812 0.569206953048706
18026 0.3746933043003082 0.5749679803848267
18027 0.3642079830169678 0.5811603665351868
18028 0.35341551899909973 0.5888192653656006
18029 0.36688897013664246 0.5593633055686951
18030 0.37790781259536743 0.554417610168457
18031 0.35568124055862427 0.5649052262306213
18032 0.35201939940452576 0.5254778265953064
18033 0.3674378991127014 0.5219775438308716
18034 0.33792075514793396 0.530098557472229
18035 0.3427841067314148 0.5955643057823181
18036 0.3444773256778717 0.5712550282478333
18037 0.3331833779811859 0.5791102647781372
18038 0.33132171630859375 0.6025726795196533
18039 0.3225337266921997 0.5857422351837158
18040 0.3197515308856964 0.6089566946029663
18041 0.31213122606277466 0.5907940864562988
18042 0.3718622326850891 0.5387528538703918
18043 0.3600054383277893 0.5432891845703125
18044 0.347110390663147 0.5482969880104065
18045 0.33375000953674316 0.553471028804779
18046 0.3215046525001526 0.5612612962722778
18047 0.30319952964782715 0.5555796027183533
18048 0.297532320022583 0.5595658421516418
18049 0.29144084453582764 0.5604674816131592
18050 0.2849609851837158 0.5587871670722961
18051 0.34935325384140015 0.4327673017978668
18052 0.3208594024181366 0.4507004916667938
18053 0.33429792523384094 0.44212788343429565
18054 0.32751280069351196 0.42428284883499146
18055 0.3161861002445221 0.43564948439598083
18056 0.319580078125 0.5141249299049377
18057 0.3243500888347626 0.5333377122879028
18058 0.32451996207237244 0.46926626563072205
18059 0.32829177379608154 0.4883090853691101
18060 0.3164905309677124 0.4935912489891052
18061 0.36155468225479126 0.39700448513031006
18062 0.35179758071899414 0.3502076268196106
18063 0.35791659355163574 0.373171329498291
18064 0.33994948863983154 0.3895004987716675
18065 0.34382131695747375 0.41103172302246094
18066 0.3375656306743622 0.3676341772079468
18067 0.2903556227684021 0.3825676441192627
18068 0.27552735805511475 0.40266942977905273
18069 0.25055986642837524 0.45720988512039185
18070 0.25214383006095886 0.4425334632396698
18071 0.2507477402687073 0.4696395993232727
18072 0.2787325084209442 0.554956316947937
18073 0.27318650484085083 0.547176718711853
18074 0.26236584782600403 0.5241170525550842
18075 0.2509987950325012 0.5026514530181885
18076 0.2678765654563904 0.5358850359916687
18077 0.256957083940506 0.5184929370880127
18078 0.24988101422786713 0.4856417179107666
18079 0.26190245151519775 0.42053672671318054
18080 0.268686443567276 0.41141635179519653
18081 0.25691330432891846 0.4306905269622803
18082 0.28244781494140625 0.39252781867980957
18083 0.3338780701160431 0.3540918827056885
18084 0.34708940982818604 0.33006924390792847
18085 0.3698529005050659 0.30467817187309265
18086 0.40632206201553345 0.2804279029369354
18087 0.4423964321613312 0.2645300626754761
18088 0.46186167001724243 0.27302032709121704
18089 0.487594872713089 0.2868831753730774
18090 0.2850499153137207 0.4473710060119629
18091 0.27426737546920776 0.4933738708496094
18092 0.28278830647468567 0.5118200182914734
18093 0.27988195419311523 0.512204647064209
18094 0.27790743112564087 0.5105379819869995
18095 0.27587205171585083 0.5088198781013489
18096 0.26997387409210205 0.5006712675094604
18097 0.27101847529411316 0.49995386600494385
18098 0.273909330368042 0.5071631669998169
18099 0.28672856092453003 0.5114198923110962
18100 0.28704357147216797 0.48184141516685486
18101 0.28965216875076294 0.5081533789634705
18102 0.2908877432346344 0.5023665428161621
18103 0.29101333022117615 0.4888591170310974
18104 0.2889603078365326 0.4793984591960907
18105 0.28793078660964966 0.4762776792049408
18106 0.29251131415367126 0.43201714754104614
18107 0.2900969386100769 0.4368587136268616
18108 0.2880086600780487 0.44241729378700256
18109 0.29338183999061584 0.4352231025695801
18110 0.28941836953163147 0.44615623354911804
18111 0.29156428575515747 0.44023746252059937
18112 0.29419490694999695 0.5424480438232422
18113 0.2852695882320404 0.5215609073638916
18114 0.28224727511405945 0.5216898322105408
18115 0.2868640422821045 0.47918936610221863
18116 0.28789621591567993 0.48092368245124817
18117 0.2901591956615448 0.48826250433921814
18118 0.2899550795555115 0.5001632571220398
18119 0.28926926851272583 0.5046417117118835
18120 0.28850215673446655 0.5142162442207336
18121 0.2837933301925659 0.5134627223014832
18122 0.27993202209472656 0.5122469067573547
18123 0.2778978943824768 0.5105299353599548
18124 0.275895357131958 0.5088395476341248
18125 0.2740793228149414 0.506997287273407
18126 0.27105897665023804 0.5000144839286804
18127 0.27398771047592163 0.4748883545398712
18128 0.2732681930065155 0.4806496500968933
18129 0.28664079308509827 0.43964883685112
18130 0.28354138135910034 0.44405096769332886
18131 0.2817090153694153 0.4398806095123291
18132 0.2820053696632385 0.43963509798049927
18133 0.27812066674232483 0.44390174746513367
18134 0.2780454158782959 0.44414880871772766
18135 0.2917579412460327 0.4317849576473236
18136 0.28884217143058777 0.4354708194732666
18137 0.28597864508628845 0.4363447427749634
18138 0.27978625893592834 0.44850391149520874
18139 0.27268922328948975 0.4673749804496765
18140 0.27154961228370667 0.47358328104019165
18141 0.2702533006668091 0.49183952808380127
18142 0.26951390504837036 0.4907510280609131
18143 0.2707163095474243 0.4792800843715668
18144 0.26984280347824097 0.4912642240524292
18145 0.27036890387535095 0.4646257162094116
18146 0.2687298059463501 0.47829312086105347
18147 0.26885291934013367 0.47214803099632263
18148 0.26949238777160645 0.4786320626735687
18149 0.2698906362056732 0.4727402925491333
18150 0.27095943689346313 0.4659518897533417
18151 0.2788747251033783 0.4464731812477112
18152 0.28253376483917236 0.44164228439331055
18153 0.2861519157886505 0.43724358081817627
18154 0.2875235676765442 0.4351533055305481
18155 0.2697347104549408 0.46354860067367554
18156 0.26742956042289734 0.4778924882411957
18157 0.2684025168418884 0.49053236842155457
18158 0.2682604193687439 0.4713246822357178
18159 0.29476889967918396 0.42942753434181213
18160 0.29948630928993225 0.46017640829086304
18161 0.3051387667655945 0.4611694812774658
18162 0.30203691124916077 0.4453031122684479
18163 0.3022971451282501 0.4585624039173126
18164 0.3022335469722748 0.4522815942764282
18165 0.29896336793899536 0.4571468234062195
18166 0.2982475757598877 0.4540538191795349
18167 0.30593955516815186 0.47012847661972046
18168 0.2905482351779938 0.47504889965057373
18169 0.29769501090049744 0.45830023288726807
18170 0.3091141879558563 0.49621111154556274
18171 0.3055569529533386 0.4769209623336792
18172 0.2910304665565491 0.4323543906211853
18173 0.29305437207221985 0.4307698905467987
18174 0.2941363453865051 0.42992278933525085
18175 0.29060375690460205 0.4295184314250946
18176 0.3030908703804016 0.46544575691223145
18177 0.3015485405921936 0.46777114272117615
18178 0.2983309030532837 0.4624860882759094
18179 0.2984344959259033 0.4626995325088501
18180 0.2985815107822418 0.4766685962677002
18181 0.3024284243583679 0.47121044993400574
18182 0.3003961443901062 0.47145241498947144
18183 0.3024156093597412 0.47633594274520874
18184 0.30019575357437134 0.4768237769603729
18185 0.2993656098842621 0.4714384377002716
18186 0.29150390625 0.5038668513298035
18187 0.2927965521812439 0.48924943804740906
18188 0.29628610610961914 0.49181318283081055
18189 0.29964810609817505 0.49386295676231384
18190 0.30356740951538086 0.4953630268573761
18191 0.29082775115966797 0.47804945707321167
18192 0.2930695414543152 0.5093050599098206
18193 0.28025832772254944 0.5214628577232361
18194 0.27575984597206116 0.5087251663208008
18195 0.27352339029312134 0.5068373680114746
18196 0.2721967101097107 0.5102882385253906
18197 0.28826335072517395 0.521697461605072
18198 0.2924388647079468 0.517521858215332
18199 0.28947803378105164 0.5092317461967468
18200 0.2907593846321106 0.5131896734237671
18201 0.27490755915641785 0.5139110684394836
18202 0.27577269077301025 0.5152626037597656
18203 0.2779856324195862 0.5106039643287659
18204 0.28217995166778564 0.5120554566383362
18205 0.28581055998802185 0.5107278823852539
18206 0.2876987159252167 0.5190680623054504
18207 0.2820916771888733 0.5163209438323975
18208 0.2838977575302124 0.5214983820915222
18209 0.2872558534145355 0.5157168507575989
18210 0.2800043821334839 0.5123080015182495
18211 0.28134337067604065 0.5205936431884766
18212 0.27785950899124146 0.5165036916732788
18213 0.27925366163253784 0.5190302729606628
18214 0.27838537096977234 0.5180904865264893
18215 0.2809978723526001 0.5190258026123047
18216 0.2826308608055115 0.5196348428726196
18217 0.28078290820121765 0.5156748294830322
18218 0.2878449559211731 0.487065851688385
18219 0.28655657172203064 0.4785309135913849
18220 0.28625428676605225 0.482608437538147
18221 0.2858470380306244 0.4872645437717438
18222 0.2864847779273987 0.48978111147880554
18223 0.28689059615135193 0.4756264090538025
18224 0.27937889099121094 0.478490948677063
18225 0.2802857458591461 0.48409920930862427
18226 0.285908043384552 0.4935639500617981
18227 0.2889538109302521 0.49697744846343994
18228 0.2769622802734375 0.47703367471694946
18229 0.2982426881790161 0.4430909752845764
18230 0.2941620945930481 0.4483681917190552
18231 0.29410871863365173 0.45038318634033203
18232 0.29240483045578003 0.45278075337409973
18233 0.2905857563018799 0.4555833041667938
18234 0.27971312403678894 0.47374919056892395
18235 0.28320521116256714 0.4574054777622223
18236 0.2770216166973114 0.4633966386318207
18237 0.2706764042377472 0.5066648125648499
18238 0.2718202471733093 0.503952145576477
18239 0.2723901867866516 0.5026284456253052
18240 0.2725383937358856 0.502583384513855
18241 0.26886168122291565 0.49618640542030334
18242 0.26995179057121277 0.4960278868675232
18243 0.270141065120697 0.49615371227264404
18244 0.26755374670028687 0.4841400980949402
18245 0.2686682641506195 0.48456472158432007
18246 0.26913440227508545 0.48510119318962097
18247 0.2699210047721863 0.4857948124408722
18248 0.27399882674217224 0.46061792969703674
18249 0.27269214391708374 0.45822638273239136
18250 0.272413969039917 0.45657646656036377
18251 0.272190123796463 0.456717312335968
18252 0.2756786346435547 0.5103194117546082
18253 0.2782037556171417 0.5043918490409851
18254 0.2799643278121948 0.5027043223381042
18255 0.28199926018714905 0.5009386539459229
18256 0.284351110458374 0.5021651983261108
18257 0.2855573296546936 0.5044852495193481
18258 0.28805750608444214 0.5004318952560425
18259 0.28515130281448364 0.49718382954597473
18260 0.27718567848205566 0.5165317058563232
18261 0.2782455086708069 0.521088719367981
18262 0.2689879536628723 0.5258833765983582
18263 0.27648651599884033 0.5241367816925049
18264 0.2743278741836548 0.5166295766830444
18265 0.2688828110694885 0.5186017751693726
18266 0.2731488049030304 0.512422502040863
18267 0.26994162797927856 0.5109169483184814
18268 0.27492398023605347 0.4505288004875183
18269 0.27499788999557495 0.4503755271434784
18270 0.2755522131919861 0.45151281356811523
18271 0.2765187919139862 0.4541247487068176
18272 0.3102387487888336 0.406889408826828
18273 0.31074291467666626 0.4019811451435089
18274 0.2900092303752899 0.43315404653549194
18275 0.2887205481529236 0.43416300415992737
18276 0.28675293922424316 0.4357035458087921
18277 0.28675293922424316 0.4357035458087921
18278 0.28581348061561584 0.4364815354347229
18279 0.26936331391334534 0.5308568477630615
18280 0.2775212526321411 0.5267910361289978
18281 0.27880099415779114 0.523130476474762
18282 0.28111356496810913 0.5235695838928223
18283 0.28226205706596375 0.5230922102928162
18284 0.2928260862827301 0.548637866973877
18285 0.2966635823249817 0.5460891723632812
18286 0.3083805739879608 0.5463893413543701
18287 0.2947128117084503 0.49000006914138794
18288 0.2921164631843567 0.5055800676345825
18289 0.28972524404525757 0.5104381442070007
18290 0.28615427017211914 0.5124573707580566
18291 0.28195327520370483 0.5130734443664551
18292 0.28046971559524536 0.5127007961273193
18293 0.27816489338874817 0.5113203525543213
18294 0.27554911375045776 0.509695291519165
18295 0.27301931381225586 0.5068660378456116
18296 0.2714259922504425 0.5048909783363342
18297 0.2696945071220398 0.5013025999069214
18298 0.268045037984848 0.4963986873626709
18299 0.2670135498046875 0.490701287984848
18300 0.26652342081069946 0.48393845558166504
18301 0.2669162452220917 0.47718575596809387
18302 0.26747921109199524 0.47017791867256165
18303 0.26933521032333374 0.46381422877311707
18304 0.2719575762748718 0.45729538798332214
18305 0.275002658367157 0.45036551356315613
18306 0.2782577872276306 0.44361746311187744
18307 0.2813374698162079 0.4401881694793701
18308 0.28540194034576416 0.4368223249912262
18309 0.28675293922424316 0.4357035458087921
18310 0.2864892780780792 0.43232372403144836
18311 0.28830790519714355 0.4287278652191162
18312 0.2799280285835266 0.5104668140411377
18313 0.28292763233184814 0.5087486505508423
18314 0.27752456068992615 0.5119091868400574
18315 0.2768806219100952 0.5063846111297607
18316 0.28203293681144714 0.5048194527626038
18317 0.28006744384765625 0.5063871741294861
18318 0.2782231569290161 0.5071073770523071
18319 0.30345723032951355 0.3905710279941559
18320 0.3072804808616638 0.3913658857345581
18321 0.30996209383010864 0.39630773663520813
18322 0.31165581941604614 0.40389376878738403
18323 0.31596511602401733 0.40200212597846985
18324 0.31197309494018555 0.3978525996208191
18325 0.3163875639438629 0.3917367160320282
18326 0.31112074851989746 0.3793686032295227
18327 0.29739534854888916 0.3764320909976959
18328 0.2816680669784546 0.4214237928390503
18329 0.287264347076416 0.4239279627799988
18330 0.28992047905921936 0.3950103521347046
18331 0.30303382873535156 0.3735423684120178
18332 0.29618361592292786 0.38489165902137756
18333 0.3144834637641907 0.3840009570121765
18334 0.3105577230453491 0.391668438911438
18335 0.3078411817550659 0.3879683315753937
18336 0.30059295892715454 0.38197463750839233
18337 0.2748187482357025 0.46919798851013184
18338 0.27601638436317444 0.46992582082748413
18339 0.27986636757850647 0.45921027660369873
18340 0.2770234942436218 0.4636539816856384
18341 0.27599385380744934 0.4626064896583557
18342 0.2796403169631958 0.45849359035491943
18343 0.27838748693466187 0.45651644468307495
18344 0.28159821033477783 0.4518600404262543
18345 0.28316405415534973 0.45528116822242737
18346 0.28639641404151917 0.4514877200126648
18347 0.29431062936782837 0.45401984453201294
18348 0.29361459612846375 0.4682507812976837
18349 0.2898319661617279 0.47076600790023804
18350 0.259446918964386 0.4364239573478699
18351 0.2918210029602051 0.45743149518966675
18352 0.2859664857387543 0.466546893119812
18353 0.26519420742988586 0.4479247033596039
18354 0.2591351270675659 0.453571617603302
18355 0.2816348373889923 0.47853991389274597
18356 0.2820095419883728 0.48316696286201477
18357 0.2855270504951477 0.49108412861824036
18358 0.28884226083755493 0.49427080154418945
18359 0.2896207273006439 0.49406707286834717
18360 0.29137808084487915 0.4952887296676636
18361 0.2923106551170349 0.4963192939758301
18362 0.29365214705467224 0.49751925468444824
18363 0.2950255870819092 0.500527560710907
18364 0.29960566759109497 0.5051761865615845
18365 0.3036310374736786 0.5094072818756104
18366 0.309419184923172 0.5125903487205505
18367 0.2942386269569397 0.4622129797935486
18368 0.2787482738494873 0.4249632954597473
18369 0.2716140151023865 0.4412387013435364
18370 0.26058897376060486 0.44083619117736816
18371 0.28517258167266846 0.47519171237945557
18372 0.28431767225265503 0.47816789150238037
18373 0.2843591272830963 0.4832937717437744
18374 0.28571653366088867 0.4888223707675934
18375 0.26971566677093506 0.43617483973503113
18376 0.28781646490097046 0.4651869535446167
18377 0.2859920263290405 0.4556472599506378
18378 0.2877129018306732 0.45295003056526184
18379 0.2902400493621826 0.44883477687835693
18380 0.29385092854499817 0.44683220982551575
18381 0.29511842131614685 0.44019660353660583
18382 0.29766157269477844 0.43706002831459045
18383 0.30483102798461914 0.4381532073020935
18384 0.3073955476284027 0.44489431381225586
18385 0.31153345108032227 0.45610758662223816
18386 0.3133378326892853 0.47017353773117065
18387 0.31146666407585144 0.4805365204811096
18388 0.3063013553619385 0.48439496755599976
18389 0.3027521073818207 0.48480308055877686
18390 0.29948434233665466 0.4845735430717468
18391 0.2974447011947632 0.4843755066394806
18392 0.2734820544719696 0.42824503779411316
18393 0.2688382565975189 0.4311130940914154
18394 0.2829192280769348 0.4893873333930969
18395 0.2836964726448059 0.4868775010108948
18396 0.2851199805736542 0.48536741733551025
18397 0.28604215383529663 0.4849359691143036
18398 0.28723376989364624 0.48342782258987427
18399 0.28883326053619385 0.48342907428741455
18400 0.2902638018131256 0.48334333300590515
18401 0.29224032163619995 0.4822476804256439
18402 0.27429431676864624 0.5064228177070618
18403 0.2729664444923401 0.5029047131538391
18404 0.27113866806030273 0.49991562962532043
18405 0.27023154497146606 0.49621129035949707
18406 0.27617117762565613 0.48356062173843384
18407 0.279005229473114 0.4882093667984009
18408 0.2778570055961609 0.4925132393836975
18409 0.28222256898880005 0.49313315749168396
18410 0.276616632938385 0.496153861284256
18411 0.2723051905632019 0.4986485242843628
18412 0.27554649114608765 0.499129056930542
18413 0.2743532359600067 0.5014982223510742
18414 0.2946562170982361 0.4693830609321594
18415 0.29658740758895874 0.47199153900146484
18416 0.2959069609642029 0.47543561458587646
18417 0.2927812337875366 0.4747959077358246
18418 0.29769039154052734 0.4754847288131714
18419 0.2983275055885315 0.4716797471046448
18420 0.294653981924057 0.4773963689804077
18421 0.29248714447021484 0.47634071111679077
18422 0.2987276613712311 0.4667547941207886
18423 0.29697945713996887 0.4678833484649658
18424 0.2928542196750641 0.47426480054855347
18425 0.29341480135917664 0.47018444538116455
18426 0.2963372468948364 0.4632377624511719
18427 0.2954437732696533 0.4841015934944153
18428 0.29436856508255005 0.4562245309352875
18429 0.2934987545013428 0.45450690388679504
18430 0.2942851781845093 0.45305103063583374
18431 0.2942659854888916 0.45232105255126953
18432 0.29422885179519653 0.4509083926677704
18433 0.2951046824455261 0.4508553147315979
18434 0.24977412819862366 0.4908907413482666
18435 0.25158730149269104 0.4654937982559204
18436 0.2574215829372406 0.44541269540786743
18437 0.2537660598754883 0.45549294352531433
18438 0.2534693777561188 0.4562000036239624
18439 0.25658637285232544 0.444185346364975
18440 0.25134891271591187 0.4666709899902344
18441 0.250510036945343 0.5001673698425293
18442 0.257287859916687 0.5188367366790771
18443 0.24994157254695892 0.48266780376434326
18444 0.24998775124549866 0.4803984761238098
18445 0.28018879890441895 0.48477351665496826
18446 0.2507498264312744 0.4785268306732178
18447 0.2552090287208557 0.4658574163913727
18448 0.25755205750465393 0.4578956365585327
18449 0.26118481159210205 0.4488798975944519
18450 0.2576160430908203 0.5191780924797058
18451 0.2785026729106903 0.4949932098388672
18452 0.2610858678817749 0.5227861404418945
18453 0.26282426714897156 0.5245937705039978
18454 0.26413339376449585 0.42556554079055786
18455 0.26604434847831726 0.4292704164981842
18456 0.2681063413619995 0.42113956809043884
18457 0.2742076516151428 0.426902174949646
18458 0.25968030095100403 0.43375709652900696
18459 0.2620008885860443 0.4360411763191223
18460 0.2687637507915497 0.4337305724620819
18461 0.2647072672843933 0.4408336281776428
18462 0.2810532748699188 0.44017377495765686
18463 0.27847760915756226 0.44316184520721436
18464 0.2683063745498657 0.46226125955581665
18465 0.2636914849281311 0.49036818742752075
18466 0.2665514647960663 0.46910861134529114
18467 0.2652229070663452 0.47538846731185913
18468 0.280863881111145 0.4372061491012573
18469 0.2690325677394867 0.5022925138473511
18470 0.26515746116638184 0.4973612427711487
18471 0.2638924717903137 0.48289287090301514
18472 0.2710975110530853 0.455924391746521
18473 0.26683834195137024 0.5072265267372131
18474 0.26089638471603394 0.49091050028800964
18475 0.2608868479728699 0.4813935160636902
18476 0.26224464178085327 0.474264532327652
18477 0.26450884342193604 0.46650221943855286
18478 0.26733148097991943 0.45982280373573303
18479 0.2696417570114136 0.452341228723526
18480 0.26274874806404114 0.49816617369651794
18481 0.2750547230243683 0.4490598738193512
18482 0.2779698073863983 0.44065824151039124
18483 0.27401289343833923 0.44586819410324097
18484 0.2864856719970703 0.42879536747932434
18485 0.2863721251487732 0.4308222234249115
18486 0.2849128246307373 0.43105319142341614
18487 0.2843928337097168 0.43337005376815796
18488 0.2865850627422333 0.4335516095161438
18489 0.28489285707473755 0.43660062551498413
18490 0.2747747600078583 0.4930187463760376
18491 0.25354433059692383 0.4893135130405426
18492 0.25590214133262634 0.4782264232635498
18493 0.25851893424987793 0.4692031145095825
18494 0.26040172576904297 0.46207138895988464
18495 0.2634783983230591 0.45378148555755615
18496 0.25801029801368713 0.4994402825832367
18497 0.2582426965236664 0.4889538586139679
18498 0.25858867168426514 0.48051005601882935
18499 0.2602611780166626 0.47207728028297424
18500 0.2626273036003113 0.4638374447822571
18501 0.2656986117362976 0.4571942985057831
18502 0.2644253969192505 0.5210459232330322
18503 0.2664544880390167 0.5154905319213867
18504 0.28621479868888855 0.428805410861969
18505 0.2807634472846985 0.4338746666908264
18506 0.2770538926124573 0.43773773312568665
18507 0.2885555028915405 0.42776474356651306
18508 0.28725510835647583 0.42834287881851196
18509 0.28582999110221863 0.42836636304855347
18510 0.2819497287273407 0.429037481546402
18511 0.266868531703949 0.4454432725906372
18512 0.27056950330734253 0.438846617937088
18513 0.2694481909275055 0.4496229887008667
18514 0.27255600690841675 0.4430902600288391
18515 0.27668583393096924 0.4338286817073822
18516 0.286393940448761 0.4311019778251648
18517 0.32027673721313477 0.4137033522129059
18518 0.3249594569206238 0.3975665867328644
18519 0.3251257538795471 0.38291168212890625
18520 0.3213808536529541 0.3727748394012451
18521 0.30457621812820435 0.5745697617530823
18522 0.31290656328201294 0.5694915056228638
18523 0.2722181975841522 0.4870079755783081
18524 0.27206337451934814 0.49237656593322754
18525 0.2759118378162384 0.5039304494857788
18526 0.2773544192314148 0.5019387006759644
18527 0.27867716550827026 0.4995207190513611
18528 0.2805292308330536 0.4970315098762512
18529 0.27524587512016296 0.48856866359710693
18530 0.27320560812950134 0.4965793490409851
18531 0.27162474393844604 0.4959453046321869
18532 0.3097463846206665 0.4099684953689575
18533 0.3121096193790436 0.41017618775367737
18534 0.29545074701309204 0.42889368534088135
18535 0.29588308930397034 0.4294421076774597
18536 0.30096524953842163 0.43462103605270386
18537 0.3003953695297241 0.44280537962913513
18538 0.2969091534614563 0.4518037438392639
18539 0.29624634981155396 0.45560699701309204
18540 0.2985348701477051 0.42577141523361206
18541 0.3116602897644043 0.42607253789901733
18542 0.29850053787231445 0.540673017501831
18543 0.3108070492744446 0.5302731990814209
18544 0.29490843415260315 0.5148379802703857
18545 0.29730096459388733 0.5343942642211914
18546 0.30181312561035156 0.5241824388504028
18547 0.4548865556716919 0.6131341457366943
18548 0.40037786960601807 0.5620201826095581
18549 0.4958409070968628 0.6246892213821411
18550 0.3951387107372284 0.45178842544555664
18551 0.41319170594215393 0.6036273241043091
18552 0.4062656760215759 0.5926536917686462
18553 0.3967634439468384 0.47686392068862915
18554 0.41669321060180664 0.5996167659759521
18555 0.4053841233253479 0.57501220703125
18556 0.40407371520996094 0.4655213952064514
18557 0.39991819858551025 0.5784708261489868
18558 0.4106345772743225 0.5882740020751953
18559 0.4956916570663452 0.613625705242157
18560 0.4873892366886139 0.6148715019226074
18561 0.48780208826065063 0.6257213950157166
18562 0.4876350462436676 0.40554356575012207
18563 0.48424839973449707 0.40749654173851013
18564 0.4958672523498535 0.40555045008659363
18565 0.49386855959892273 0.40552911162376404
18566 0.4862900972366333 0.40173912048339844
18567 0.4825063645839691 0.4034483730792999
18568 0.39149194955825806 0.354925274848938
18569 0.401914119720459 0.3237156271934509
18570 0.47480109333992004 0.42252519726753235
18571 0.48087507486343384 0.41075852513313293
18572 0.47466495633125305 0.39899128675460815
18573 0.4716910123825073 0.40402933955192566
18574 0.4731879234313965 0.42619162797927856
18575 0.4789069592952728 0.40644943714141846
18576 0.47634077072143555 0.410590261220932
18577 0.39120161533355713 0.38021308183670044
18578 0.47897249460220337 0.39424699544906616
18579 0.4124414622783661 0.4549275040626526
18580 0.4052998125553131 0.4408889412879944
18581 0.47805190086364746 0.41388222575187683
18582 0.4729025959968567 0.4211404323577881
18583 0.3940085172653198 0.4023023247718811
18584 0.4685215353965759 0.425555020570755
18585 0.46865010261535645 0.4180746376514435
18586 0.4696385860443115 0.41035526990890503
18587 0.47459539771080017 0.415008544921875
18588 0.47623786330223083 0.4173315167427063
18589 0.47456347942352295 0.426543265581131
18590 0.4685525596141815 0.40111181139945984
18591 0.4714679419994354 0.39406609535217285
18592 0.46884530782699585 0.2877647578716278
18593 0.4652984142303467 0.41756194829940796
18594 0.46680712699890137 0.4090191721916199
18595 0.4587255120277405 0.4065362215042114
18596 0.46279871463775635 0.4080519676208496
18597 0.3990812599658966 0.423202782869339
18598 0.46068164706230164 0.39581358432769775
18599 0.4637010097503662 0.38646385073661804
18600 0.45765310525894165 0.41712895035743713
18601 0.46487903594970703 0.42560550570487976
18602 0.460928738117218 0.42585280537605286
18603 0.45637211203575134 0.4278643727302551
18604 0.448891818523407 0.2851773798465729
18605 0.4204999804496765 0.3076571524143219
18606 0.4918411672115326 0.38821861147880554
18607 0.49530598521232605 0.39149102568626404
18608 0.4920472204685211 0.39147230982780457
18609 0.4932306110858917 0.40059080719947815
18610 0.4959162473678589 0.4003755450248718
18611 0.491062194108963 0.36325642466545105
18612 0.49517595767974854 0.38861989974975586
18613 0.4954494833946228 0.38261282444000244
18614 0.47671157121658325 0.38997742533683777
18615 0.4826125502586365 0.3863770365715027
18616 0.49538373947143555 0.3796861469745636
18617 0.4982239603996277 0.3891206979751587
18618 0.4983893036842346 0.400932252407074
18619 0.4921026825904846 0.3845529854297638
18620 0.49512505531311035 0.3856174647808075
18621 0.46845778822898865 0.3796933889389038
18622 0.4864477813243866 0.36375296115875244
18623 0.49331986904144287 0.38125231862068176
18624 0.47963428497314453 0.38058173656463623
18625 0.4812413156032562 0.36751431226730347
18626 0.4744222164154053 0.37359854578971863
18627 0.4837043881416321 0.39196714758872986
18628 0.4516142010688782 0.42986607551574707
18629 0.45102953910827637 0.41853097081184387
18630 0.45264357328414917 0.405094712972641
18631 0.45436859130859375 0.3910291790962219
18632 0.45738568902015686 0.3811284601688385
18633 0.46227025985717773 0.3722633421421051
18634 0.46959707140922546 0.3627685606479645
18635 0.47667255997657776 0.35829684138298035
18636 0.48388949036598206 0.3567509651184082
18637 0.48998308181762695 0.3559523820877075
18638 0.4958602786064148 0.35576796531677246
18639 0.4981001913547516 0.38631725311279297
18640 0.4647621512413025 0.398580402135849
18641 0.4679926037788391 0.3905639052391052
18642 0.4612358808517456 0.4168921411037445
18643 0.4731810390949249 0.3854731321334839
18644 0.49275702238082886 0.37026605010032654
18645 0.4884994924068451 0.3715287744998932
18646 0.48404279351234436 0.37626373767852783
18647 0.4887523651123047 0.3462387025356293
18648 0.48065897822380066 0.3471038043498993
18649 0.47260963916778564 0.34652993083000183
18650 0.4637672007083893 0.35301733016967773
18651 0.45467686653137207 0.3634845018386841
18652 0.4497694671154022 0.37716418504714966
18653 0.4464417099952698 0.3900755047798157
18654 0.44419175386428833 0.4053698182106018
18655 0.4443567395210266 0.41906028985977173
18656 0.445584774017334 0.43137049674987793
18657 0.49565714597702026 0.3469353914260864
18658 0.4912751615047455 0.4059554934501648
18659 0.4902617037296295 0.4007894992828369
18660 0.4873129725456238 0.3867010176181793
18661 0.4885823428630829 0.390680730342865
18662 0.48795026540756226 0.3818347752094269
18663 0.4911630153656006 0.37823158502578735
18664 0.49413827061653137 0.37626907229423523
18665 0.49738243222236633 0.37511131167411804
18666 0.49185091257095337 0.29775750637054443
18667 0.4980970323085785 0.38311371207237244
18668 0.49684175848960876 0.3699367046356201
18669 0.4984959065914154 0.4053117036819458
18670 0.4984039068222046 0.391496479511261
18671 0.4979395866394043 0.3799948990345001
18672 0.4967588186264038 0.3620654046535492
18673 0.42068302631378174 0.5939207077026367
18674 0.4144740104675293 0.5845829248428345
18675 0.47410255670547485 0.43166136741638184
18676 0.46548783779144287 0.6045342683792114
18677 0.41871440410614014 0.468142569065094
18678 0.44699952006340027 0.6042406558990479
18679 0.4568071961402893 0.6038783192634583
18680 0.4059430956840515 0.5599852800369263
18681 0.47335144877433777 0.6031349301338196
18682 0.4813844859600067 0.6036943197250366
18683 0.4955575466156006 0.603726863861084
18684 0.4761837124824524 0.4311073124408722
18685 0.4654611349105835 0.4315340518951416
18686 0.41335228085517883 0.4764898419380188
18687 0.4692496955394745 0.43122804164886475
18688 0.406557559967041 0.4862256646156311
18689 0.4562041461467743 0.43630075454711914
18690 0.45192813873291016 0.4389677047729492
18691 0.4742611050605774 0.5934309959411621
18692 0.481759250164032 0.5941092371940613
18693 0.4775705337524414 0.43549084663391113
18694 0.4752585291862488 0.437239408493042
18695 0.4707394242286682 0.4376015067100525
18696 0.46677690744400024 0.438462495803833
18697 0.4578981399536133 0.4459705650806427
18698 0.45377933979034424 0.4492205083370209
18699 0.4243774712085724 0.47924861311912537
18700 0.4195702075958252 0.4865674674510956
18701 0.4144999384880066 0.4957033097743988
18702 0.4105004668235779 0.5585101842880249
18703 0.4128827154636383 0.5703362226486206
18704 0.42385944724082947 0.5901897549629211
18705 0.44952988624572754 0.5980709195137024
18706 0.4588277339935303 0.595283031463623
18707 0.467262327671051 0.5957491397857666
18708 0.49553346633911133 0.5938036441802979
18709 0.46079808473587036 0.4333852529525757
18710 0.4623745083808899 0.4421428442001343
18711 0.447614461183548 0.4425846338272095
18712 0.4491652846336365 0.452644944190979
18713 0.40943384170532227 0.5726945400238037
18714 0.4176519811153412 0.5823859572410583
18715 0.42986661195755005 0.6017305850982666
18716 0.4321115016937256 0.5966463088989258
18717 0.4393467307090759 0.6048320531845093
18718 0.44179248809814453 0.59913569688797
18719 0.48777613043785095 0.6040937900543213
18720 0.48817721009254456 0.5942838191986084
18721 0.45156559348106384 0.5927367806434631
18722 0.49387556314468384 0.4562608003616333
18723 0.4969998002052307 0.4765632152557373
18724 0.49573805928230286 0.4778028130531311
18725 0.4930681884288788 0.46861496567726135
18726 0.4851120710372925 0.470519483089447
18727 0.48057350516319275 0.47966527938842773
18728 0.48112136125564575 0.4769667387008667
18729 0.47485989332199097 0.4514777362346649
18730 0.47604501247406006 0.4593678116798401
18731 0.4720187187194824 0.46305063366889954
18732 0.47059497237205505 0.45453697443008423
18733 0.47943633794784546 0.44045525789260864
18734 0.4596450626850128 0.5911949872970581
18735 0.47337606549263 0.4707156717777252
18736 0.47645220160484314 0.4675913453102112
18737 0.4869236648082733 0.4553873836994171
18738 0.4741649627685547 0.4849016070365906
18739 0.49455517530441284 0.4777284264564514
18740 0.4766656160354614 0.48669198155403137
18741 0.49908047914505005 0.4942142069339752
18742 0.41456377506256104 0.5568642616271973
18743 0.42587825655937195 0.5860676765441895
18744 0.4683331251144409 0.49416443705558777
18745 0.4164596199989319 0.5676145553588867
18746 0.4673798978328705 0.5885881185531616
18747 0.47489139437675476 0.5848182439804077
18748 0.48376888036727905 0.5755113363265991
18749 0.4899407923221588 0.5766321420669556
18750 0.4851907193660736 0.5686259865760803
18751 0.4888017177581787 0.5535923838615417
18752 0.49467387795448303 0.47096264362335205
18753 0.49428069591522217 0.47177374362945557
18754 0.4871699810028076 0.562677800655365
18755 0.48221880197525024 0.5852667093276978
18756 0.4887983798980713 0.5848843455314636
18757 0.4821309447288513 0.47267329692840576
18758 0.48249998688697815 0.47813695669174194
18759 0.4837671220302582 0.47347772121429443
18760 0.4774309992790222 0.4435455799102783
18761 0.4682396948337555 0.44690072536468506
18762 0.4562056064605713 0.4586494266986847
18763 0.4638687074184418 0.48091408610343933
18764 0.4613373577594757 0.47424644231796265
18765 0.46330884099006653 0.46239596605300903
18766 0.45859211683273315 0.4665104150772095
18767 0.45120033621788025 0.5845751762390137
18768 0.4280411899089813 0.5808616876602173
18769 0.47968146204948425 0.5669366121292114
18770 0.4724370837211609 0.5772759914398193
18771 0.47732943296432495 0.5726708769798279
18772 0.45835888385772705 0.584980845451355
18773 0.41992807388305664 0.5640718340873718
18774 0.41795089840888977 0.5548232197761536
18775 0.48110634088516235 0.5622568726539612
18776 0.46498167514801025 0.5817210078239441
18777 0.43230733275413513 0.4955885410308838
18778 0.4280970096588135 0.4875567555427551
18779 0.42429184913635254 0.4943166971206665
18780 0.428233802318573 0.5007838606834412
18781 0.49777913093566895 0.4563041627407074
18782 0.47272801399230957 0.4444102644920349
18783 0.42350417375564575 0.5081643462181091
18784 0.41988182067871094 0.5024992823600769
18785 0.4712775647640228 0.49036335945129395
18786 0.4608798921108246 0.4540489614009857
18787 0.46772170066833496 0.47735995054244995
18788 0.46575164794921875 0.4700877368450165
18789 0.45638471841812134 0.5295810699462891
18790 0.45557910203933716 0.5382111072540283
18791 0.4357685446739197 0.5042787790298462
18792 0.43209755420684814 0.5087758302688599
18793 0.4293573498725891 0.5144878029823303
18794 0.48048314452171326 0.44852355122566223
18795 0.4817478358745575 0.4453902244567871
18796 0.4843130111694336 0.44972914457321167
18797 0.48744910955429077 0.4524436593055725
18798 0.4950537085533142 0.4777525067329407
18799 0.4974628686904907 0.5503336191177368
18800 0.4975777864456177 0.47714537382125854
18801 0.47284838557243347 0.4877692461013794
18802 0.4708006680011749 0.4737626016139984
18803 0.46900904178619385 0.46642857789993286
18804 0.46695470809936523 0.4583596885204315
18805 0.4646337628364563 0.45064273476600647
18806 0.4651978015899658 0.49781131744384766
18807 0.460185706615448 0.48537957668304443
18808 0.4575897455215454 0.4780615568161011
18809 0.45182162523269653 0.4620946943759918
18810 0.45454972982406616 0.4703693687915802
18811 0.4934181571006775 0.5450006723403931
18812 0.4917612671852112 0.5464248061180115
18813 0.4970942437648773 0.48055344820022583
18814 0.4943011403083801 0.4731106758117676
18815 0.49474087357521057 0.4731115698814392
18816 0.4950708746910095 0.47326526045799255
18817 0.4954110085964203 0.4733918011188507
18818 0.48348814249038696 0.5570546984672546
18819 0.4884096384048462 0.5575906038284302
18820 0.49686455726623535 0.5570096969604492
18821 0.48360705375671387 0.47701317071914673
18822 0.4896658957004547 0.469409704208374
18823 0.4907669723033905 0.45625996589660645
18824 0.4909641742706299 0.4531077742576599
18825 0.494538277387619 0.474122554063797
18826 0.4950598478317261 0.47396156191825867
18827 0.4960942268371582 0.47460466623306274
18828 0.4964487552642822 0.47494709491729736
18829 0.4572221040725708 0.5198472142219543
18830 0.45174968242645264 0.5149898529052734
18831 0.4522297978401184 0.5255594253540039
18832 0.44297564029693604 0.5256734490394592
18833 0.44192296266555786 0.5148693323135376
18834 0.43829408288002014 0.5095447301864624
18835 0.44610103964805603 0.5147374868392944
18836 0.448537677526474 0.5239703059196472
18837 0.4458211064338684 0.5237797498703003
18838 0.4201167821884155 0.5785550475120544
18839 0.42317458987236023 0.5735132098197937
18840 0.43340641260147095 0.5902891755104065
18841 0.4351998269557953 0.5844077467918396
18842 0.4428771436214447 0.5924800634384155
18843 0.4441729187965393 0.5850626230239868
18844 0.45334458351135254 0.547956109046936
18845 0.4627951681613922 0.5509085059165955
18846 0.46001577377319336 0.5482749342918396
18847 0.465191513299942 0.5476919412612915
18848 0.45779773592948914 0.5474562644958496
18849 0.45546895265579224 0.5477779507637024
18850 0.4510527551174164 0.5481483340263367
18851 0.4482382833957672 0.5604118704795837
18852 0.4395381808280945 0.5494157075881958
18853 0.4516940116882324 0.5379880666732788
18854 0.4445526599884033 0.5378506183624268
18855 0.44511517882347107 0.5586153268814087
18856 0.44943171739578247 0.5367329120635986
18857 0.44712716341018677 0.5363409519195557
18858 0.44216349720954895 0.553035318851471
18859 0.448284775018692 0.5477108955383301
18860 0.45557206869125366 0.5402054786682129
18861 0.4405481219291687 0.5452061891555786
18862 0.452791690826416 0.5480024814605713
18863 0.45754581689834595 0.5468758940696716
18864 0.44497090578079224 0.5406079292297363
18865 0.46180829405784607 0.5459231734275818
18866 0.4602012038230896 0.5467582941055298
18867 0.46463871002197266 0.5456387996673584
18868 0.4514389634132385 0.539774477481842
18869 0.4550255537033081 0.5478151440620422
18870 0.4508812129497528 0.5481212735176086
18871 0.44567131996154785 0.5472978353500366
18872 0.44727444648742676 0.5401186943054199
18873 0.4493425488471985 0.5398960113525391
18874 0.4473429322242737 0.549369752407074
18875 0.4554704427719116 0.5389484167098999
18876 0.444633424282074 0.5479732155799866
18877 0.45716941356658936 0.5465661287307739
18878 0.4500322639942169 0.5499496459960938
18879 0.4445230960845947 0.5410441756248474
18880 0.4510722756385803 0.5402605533599854
18881 0.45240193605422974 0.5501339435577393
18882 0.454709529876709 0.5502265095710754
18883 0.4600314497947693 0.5463234782218933
18884 0.44885480403900146 0.5402553081512451
18885 0.4466695189476013 0.5405132174491882
18886 0.44280511140823364 0.5465472340583801
18887 0.49585089087486267 0.5771646499633789
18888 0.49632352590560913 0.5642010569572449
18889 0.49861785769462585 0.48270130157470703
18890 0.49617284536361694 0.5704309940338135
18891 0.49599841237068176 0.4696357548236847
18892 0.49558812379837036 0.5848554968833923
18893 0.498725950717926 0.48488718271255493
18894 0.4986226260662079 0.48707669973373413
18895 0.49574121832847595 0.4687744677066803
18896 0.49757829308509827 0.5436967611312866
18897 0.4986434578895569 0.48039212822914124
18898 0.49652543663978577 0.47230884432792664
18899 0.49868321418762207 0.5326552391052246
18900 0.4967510998249054 0.4755357801914215
18901 0.49771666526794434 0.4529426693916321
18902 0.49311596155166626 0.4838196635246277
18903 0.492470920085907 0.4833868741989136
18904 0.4937286972999573 0.4835204482078552
18905 0.490937739610672 0.569895327091217
18906 0.4930119514465332 0.5512394905090332
18907 0.4919097423553467 0.5637315511703491
18908 0.4925210177898407 0.5582711100578308
18909 0.48773112893104553 0.4696168601512909
18910 0.49019569158554077 0.4701145887374878
18911 0.4930509626865387 0.4694076180458069
18912 0.4929303526878357 0.4700547456741333
18913 0.49050867557525635 0.47100040316581726
18914 0.49425816535949707 0.45368850231170654
18915 0.38430356979370117 0.46531128883361816
18916 0.480424165725708 0.48260244727134705
18917 0.47749781608581543 0.4889756441116333
18918 0.48075947165489197 0.4857446551322937
18919 0.47864532470703125 0.49177107214927673
18920 0.49707648158073425 0.485065758228302
18921 0.49685102701187134 0.48295098543167114
18922 0.49199914932250977 0.4836868941783905
18923 0.4922001361846924 0.4828501045703888
18924 0.49224957823753357 0.48306456208229065
18925 0.4966525435447693 0.4953400194644928
18926 0.4974519908428192 0.4878716468811035
18927 0.4951935410499573 0.4834747314453125
18928 0.4953474998474121 0.4815938174724579
18929 0.49439945816993713 0.4815918803215027
18930 0.49376294016838074 0.4827776253223419
18931 0.49151280522346497 0.4858217239379883
18932 0.49088379740715027 0.4872576594352722
18933 0.4869849979877472 0.5071309208869934
18934 0.4957496225833893 0.4965156018733978
18935 0.49501413106918335 0.48754748702049255
18936 0.49525827169418335 0.48544031381607056
18937 0.49341392517089844 0.48275622725486755
18938 0.4931217133998871 0.48300856351852417
18939 0.48973745107650757 0.497683584690094
18940 0.488789439201355 0.5023349523544312
18941 0.4934898316860199 0.4836844801902771
18942 0.4932228624820709 0.4856855571269989
18943 0.4927968978881836 0.48722636699676514
18944 0.4927770495414734 0.4972180724143982
18945 0.47311943769454956 0.49619272351264954
18946 0.4574529528617859 0.5396811366081238
18947 0.4582188129425049 0.5313542485237122
18948 0.48028242588043213 0.5119554996490479
18949 0.4704555869102478 0.49986010789871216
18950 0.47628289461135864 0.5155242085456848
18951 0.46791860461235046 0.5029897689819336
18952 0.45938146114349365 0.5220445990562439
18953 0.45739078521728516 0.540497899055481
18954 0.4575366973876953 0.5405213236808777
18955 0.4594765305519104 0.5406235456466675
18956 0.45930996537208557 0.5406544208526611
18957 0.4735279977321625 0.5117205381393433
18958 0.4756789803504944 0.508618175983429
18959 0.4768659174442291 0.4902336597442627
18960 0.4779472351074219 0.49402379989624023
18961 0.47289079427719116 0.5044077634811401
18962 0.47087451815605164 0.5074197053909302
18963 0.4613502621650696 0.5241909623146057
18964 0.4598201513290405 0.5325334668159485
18965 0.4589928686618805 0.5403919816017151
18966 0.4985296130180359 0.5179551243782043
18967 0.4992494285106659 0.49977147579193115
18968 0.4987527132034302 0.5112454295158386
18969 0.4992000460624695 0.5046795606613159
18970 0.49848487973213196 0.5255517959594727
18971 0.4965164065361023 0.5063086748123169
18972 0.49659839272499084 0.50058913230896
18973 0.4952550530433655 0.5074040293693542
18974 0.4956580400466919 0.5016219019889832
18975 0.4923560917377472 0.5020342469215393
18976 0.49186283349990845 0.5077385902404785
18977 0.4856543242931366 0.5112226605415344
18978 0.4958793520927429 0.5126529932022095
18979 0.4843767285346985 0.5146448612213135
18980 0.4811561405658722 0.5193077921867371
18981 0.4907989501953125 0.5128630995750427
18982 0.49430757761001587 0.5133979916572571
18983 0.4883565306663513 0.5176047086715698
18984 0.48487168550491333 0.5220714211463928
18985 0.49276819825172424 0.5383033752441406
18986 0.49411576986312866 0.5357292294502258
18987 0.4914144277572632 0.5323952436447144
18988 0.4952949285507202 0.5195654630661011
18989 0.48911017179489136 0.5266860723495483
18990 0.494690477848053 0.5282101035118103
18991 0.49271684885025024 0.5195680856704712
18992 0.4824334979057312 0.5087624788284302
18993 0.47774261236190796 0.5057939291000366
18994 0.4753325879573822 0.49150392413139343
18995 0.4761604070663452 0.490340918302536
18996 0.483144074678421 0.5057175755500793
18997 0.47445163130760193 0.49373674392700195
18998 0.4797198176383972 0.5031995177268982
18999 0.48385465145111084 0.5019552707672119
19000 0.4770185649394989 0.4969572424888611
19001 0.4802340567111969 0.49846333265304565
19002 0.47756320238113403 0.49537187814712524
19003 0.4762592911720276 0.49906015396118164
19004 0.4751068949699402 0.5013482570648193
19005 0.4802068769931793 0.5007597208023071
19006 0.46293890476226807 0.5528431534767151
19007 0.46061232686042786 0.5550100803375244
19008 0.46584805846214294 0.5491623282432556
19009 0.45857754349708557 0.5569251775741577
19010 0.456545352935791 0.5597222447395325
19011 0.45408347249031067 0.5622851848602295
19012 0.4319412410259247 0.5742796659469604
19013 0.4384208917617798 0.5772576332092285
19014 0.45174822211265564 0.5797234773635864
19015 0.4569860100746155 0.5791789293289185
19016 0.4617898166179657 0.5769410133361816
19017 0.4676222801208496 0.573602020740509
19018 0.4716989994049072 0.5689062476158142
19019 0.4743823707103729 0.5641044974327087
19020 0.4371722340583801 0.5532596111297607
19021 0.44778817892074585 0.5642117857933044
19022 0.45112115144729614 0.5637971758842468
19023 0.44412660598754883 0.5621560215950012
19024 0.4405021071434021 0.5584380626678467
19025 0.4266360104084015 0.5679430365562439
19026 0.44611942768096924 0.5782855749130249
19027 0.47627225518226624 0.5597042441368103
19028 0.48104748129844666 0.6141812801361084
19029 0.42671266198158264 0.6068189144134521
19030 0.4449028968811035 0.6116743087768555
19031 0.43291470408439636 0.6168332099914551
19032 0.42332834005355835 0.6119922995567322
19033 0.4362935721874237 0.610528826713562
19034 0.44252267479896545 0.6202332973480225
19035 0.4634770154953003 0.6138989329338074
19036 0.47136402130126953 0.6247605085372925
19037 0.48047706484794617 0.62543123960495
19038 0.4724045991897583 0.6134827733039856
19039 0.45262545347213745 0.6228947043418884
19040 0.46137863397598267 0.6240675449371338
19041 0.39188528060913086 0.4913075566291809
19042 0.38994669914245605 0.5068449378013611
19043 0.3995317816734314 0.5102906823158264
19044 0.4035252332687378 0.5474486351013184
19045 0.4020717442035675 0.49828165769577026
19046 0.409930944442749 0.5045132637023926
19047 0.4068446159362793 0.5137034058570862
19048 0.409023642539978 0.5472168922424316
19049 0.41350141167640686 0.5469174385070801
19050 0.4154655337333679 0.5097094178199768
19051 0.41690555214881897 0.5463893413543701
19052 0.4172537922859192 0.5209016799926758
19053 0.4194258749485016 0.513233482837677
19054 0.4124559760093689 0.5169017910957336
19055 0.42599260807037354 0.5205072164535522
19056 0.37834662199020386 0.48376578092575073
19057 0.3779606223106384 0.5036179423332214
19058 0.39868032932281494 0.5211153030395508
19059 0.40615367889404297 0.5240370035171509
19060 0.41200917959213257 0.5269226431846619
19061 0.41796883940696716 0.5315659046173096
19062 0.4230000078678131 0.560222864151001
19063 0.42064860463142395 0.5526289939880371
19064 0.4530860185623169 0.5401839017868042
19065 0.45359864830970764 0.5398882627487183
19066 0.4536759853363037 0.5382136702537537
19067 0.45456889271736145 0.528338611125946
19068 0.45488259196281433 0.5170173048973083
19069 0.4626736640930176 0.49197298288345337
19070 0.46591097116470337 0.4879353642463684
19071 0.4694627523422241 0.48395928740501404
19072 0.4715796709060669 0.4807739555835724
19073 0.4740258753299713 0.47748762369155884
19074 0.47664594650268555 0.4742981195449829
19075 0.48271098732948303 0.4694693684577942
19076 0.48626428842544556 0.4686926007270813
19077 0.49009519815444946 0.46667248010635376
19078 0.4935348331928253 0.4657151699066162
19079 0.49727073311805725 0.46446287631988525
19080 0.453939825296402 0.5342184901237488
19081 0.4518827795982361 0.5332972407341003
19082 0.44924041628837585 0.531814694404602
19083 0.44672834873199463 0.5313096046447754
19084 0.4440341889858246 0.5325140357017517
19085 0.43840694427490234 0.5515165328979492
19086 0.44134941697120667 0.5562586784362793
19087 0.44473811984062195 0.560120701789856
19088 0.44812071323394775 0.5615025162696838
19089 0.45119908452033997 0.5608600974082947
19090 0.4539356827735901 0.5595482587814331
19091 0.45611026883125305 0.5570761561393738
19092 0.4579719305038452 0.5489514470100403
19093 0.4604766070842743 0.5531753301620483
19094 0.46279916167259216 0.5517466068267822
19095 0.46553143858909607 0.5486083030700684
19096 0.4591258466243744 0.536468505859375
19097 0.45759040117263794 0.5358042120933533
19098 0.45572736859321594 0.5351893305778503
19099 0.4853407144546509 0.41533687710762024
19100 0.48868340253829956 0.41429591178894043
19101 0.4840894639492035 0.4247373640537262
19102 0.4840894937515259 0.4247373342514038
19103 0.4840894639492035 0.4247373640537262
19104 0.4840894639492035 0.4247373640537262
19105 0.4840894639492035 0.4247373640537262
19106 0.4843423366546631 0.4235277771949768
19107 0.4840894937515259 0.4247373938560486
19108 0.4840894639492035 0.4247373640537262
19109 0.48462975025177 0.42215293645858765
19110 0.49500131607055664 0.4194751977920532
19111 0.49256470799446106 0.4192500114440918
19112 0.48410582542419434 0.42482370138168335
19113 0.4838637709617615 0.42236700654029846
19114 0.49128296971321106 0.4247373640537262
19115 0.49450916051864624 0.42096030712127686
19116 0.48714059591293335 0.4247373938560486
19117 0.4914649724960327 0.4206967353820801
19118 0.4841894507408142 0.42098069190979004
19119 0.48630082607269287 0.41975194215774536
19120 0.4840894639492035 0.4247373640537262
19121 0.48413485288619995 0.42497673630714417
19122 0.4969720244407654 0.4136184751987457
19123 0.49469947814941406 0.413473904132843
19124 0.4806605875492096 0.419960081577301
19125 0.4826403260231018 0.41788190603256226
19126 0.47826698422431946 0.42560306191444397
19127 0.4989488422870636 0.4145253002643585
19128 0.49579036235809326 0.4247373640537262
19129 0.4840894639492035 0.4247373640537262
19130 0.4840894639492035 0.4247373640537262
19131 0.48376592993736267 0.42341554164886475
19132 0.47840815782546997 0.42544883489608765
19133 0.49721282720565796 0.4222677946090698
19134 0.4840894639492035 0.4247373938560486
19135 0.4840894639492035 0.4247373640537262
19136 0.4788399338722229 0.42564934492111206
19137 0.4839533567428589 0.4240872859954834
19138 0.4840894639492035 0.4247373938560486
19139 0.477611243724823 0.4257691502571106
19140 0.4775829017162323 0.42543256282806396
19141 0.4790687561035156 0.42126646637916565
19142 0.4799734950065613 0.41840875148773193
19143 0.4821532964706421 0.4157590866088867
19144 0.4854394793510437 0.4131690263748169
19145 0.4894585609436035 0.4107581377029419
19146 0.4949187934398651 0.410869836807251
19147 0.4968428611755371 0.4124140739440918
19148 0.4794813096523285 0.4253426194190979
19149 0.47951769828796387 0.4252617359161377
19150 0.4797998368740082 0.4255424439907074
19151 0.48085343837738037 0.42070552706718445
19152 0.4827139973640442 0.41885486245155334
19153 0.48508191108703613 0.41678667068481445
19154 0.4881332516670227 0.415777325630188
19155 0.4941498637199402 0.41560113430023193
19156 0.4963682293891907 0.41542646288871765
19157 0.4807981252670288 0.42408090829849243
19158 0.4814058542251587 0.4252207577228546
19159 0.48080459237098694 0.4237743020057678
19160 0.4810914993286133 0.4220846891403198
19161 0.4825396239757538 0.4202636778354645
19162 0.4845762550830841 0.41875889897346497
19163 0.4873034656047821 0.41805654764175415
19164 0.4934650659561157 0.4173879027366638
19165 0.4956531524658203 0.41774314641952515
19166 0.4840894341468811 0.4247373640537262
19167 0.4840894639492035 0.4247373640537262
19168 0.4840894639492035 0.4247373640537262
19169 0.4840894639492035 0.4247373640537262
19170 0.4840894639492035 0.4247373640537262
19171 0.4840894639492035 0.4247373640537262
19172 0.4982234835624695 0.42083123326301575
19173 0.4988820552825928 0.41233280301094055
19174 0.49842652678489685 0.41606491804122925
19175 0.49830543994903564 0.4186607003211975
19176 0.49260348081588745 0.4109261929988861
19177 0.4840894937515259 0.4247373640537262
19178 0.4840894639492035 0.4247373640537262
19179 0.49028706550598145 0.41757097840309143
19180 0.48938241600990295 0.41941648721694946
19181 0.4880085587501526 0.42114484310150146
19182 0.4922283887863159 0.41332605481147766
19183 0.4912903606891632 0.41572678089141846
19184 0.4969676733016968 0.4247373640537262
19185 0.49317941069602966 0.4235479235649109
19186 0.4894147515296936 0.4235003590583801
19187 0.4854685962200165 0.4243029057979584
19188 0.4840894341468811 0.4247373342514038
19189 0.4840894639492035 0.4247373640537262
19190 0.4840894639492035 0.4247373640537262
19191 0.4840894639492035 0.4247373640537262
19192 0.4840894639492035 0.4247373640537262
19193 0.4840894639492035 0.4247373640537262
19194 0.4840894639492035 0.4247373640537262
19195 0.4767225682735443 0.4261924624443054
19196 0.4767957925796509 0.4238941967487335
19197 0.4781665802001953 0.41933149099349976
19198 0.4794631004333496 0.41716891527175903
19199 0.48210182785987854 0.41414502263069153
19200 0.4856569170951843 0.41112399101257324
19201 0.48944228887557983 0.409354031085968
19202 0.49259549379348755 0.40951472520828247
19203 0.4944247007369995 0.4101647436618805
19204 0.4965899586677551 0.4098540246486664
19205 0.4986985921859741 0.4099452793598175
19206 0.4837898015975952 0.42535215616226196
19207 0.4840894639492035 0.4247373640537262
19208 0.4840894639492035 0.4247373640537262
19209 0.4840894639492035 0.4247373640537262
19210 0.4785374701023102 0.42611390352249146
19211 0.4840894639492035 0.4247373640537262
19212 0.4840894639492035 0.4247373640537262
19213 0.4840894341468811 0.4247373342514038
19214 0.48413440585136414 0.4259243607521057
19215 0.47948482632637024 0.42752206325531006
19216 0.47914522886276245 0.4289540648460388
19217 0.4779873192310333 0.4276290535926819
19218 0.4802993834018707 0.42663052678108215
19219 0.4796852171421051 0.4257888197898865
19220 0.48189598321914673 0.4262426495552063
19221 0.48051008582115173 0.4236631393432617
19222 0.4840894639492035 0.4247373640537262
19223 0.4840894639492035 0.4247373640537262
19224 0.47863367199897766 0.43252551555633545
19225 0.47754204273223877 0.42857906222343445
19226 0.4840894639492035 0.4247373640537262
19227 0.4840991199016571 0.42478811740875244
19228 0.4841158986091614 0.4248765707015991
19229 0.4840894937515259 0.4247373640537262
19230 0.4840894341468811 0.4247373342514038
19231 0.4861995279788971 0.4254973530769348
19232 0.48411688208580017 0.4247373640537262
19233 0.4934295117855072 0.4257637560367584
19234 0.4921865165233612 0.4247373640537262
19235 0.48752111196517944 0.4354698657989502
19236 0.48451438546180725 0.43284857273101807
19237 0.48249131441116333 0.43107038736343384
19238 0.4946317970752716 0.4382227063179016
19239 0.484422504901886 0.4264935553073883
19240 0.4844149053096771 0.4264533817768097
19241 0.48446160554885864 0.42669981718063354
19242 0.4870806336402893 0.4269869923591614
19243 0.49411308765411377 0.4275270998477936
19244 0.4840894937515259 0.4247373938560486
19245 0.4840894639492035 0.4247373938560486
19246 0.4840894639492035 0.4247373640537262
19247 0.495958149433136 0.4247373640537262
19248 0.4807732403278351 0.42927607893943787
19249 0.49503761529922485 0.4247373640537262
19250 0.4919511377811432 0.4247373640537262
19251 0.49734312295913696 0.4247373640537262
19252 0.4944879114627838 0.44273558259010315
19253 0.4872458279132843 0.43947336077690125
19254 0.48410025238990784 0.4366236627101898
19255 0.4821358025074005 0.4339149594306946
19256 0.480390340089798 0.4312594532966614
19257 0.49464109539985657 0.43335041403770447
19258 0.4876822233200073 0.4312501847743988
19259 0.48487427830696106 0.43030309677124023
19260 0.48291388154029846 0.42891284823417664
19261 0.48135673999786377 0.42769521474838257
19262 0.4944729208946228 0.4301612973213196
19263 0.48752111196517944 0.42893725633621216
19264 0.48480120301246643 0.42849063873291016
19265 0.48447471857070923 0.4283590316772461
19266 0.4828110933303833 0.4271984398365021
19267 0.4977457523345947 0.4263170659542084
19268 0.4909733235836029 0.44188493490219116
19269 0.4909975528717041 0.43758344650268555
19270 0.49107635021209717 0.4327719807624817
19271 0.4909326434135437 0.4297107458114624
19272 0.49031561613082886 0.427861750125885
19273 0.48967552185058594 0.42594632506370544
19274 0.4881194233894348 0.4247373342514038
19275 0.4979558289051056 0.4422508478164673
19276 0.498077392578125 0.43296515941619873
19277 0.49790453910827637 0.42964863777160645
19278 0.4980647563934326 0.4378108084201813
19279 0.4840894639492035 0.4247373640537262
19280 0.4840894937515259 0.4247373938560486
19281 0.4840894639492035 0.4247373640537262
19282 0.4852307140827179 0.4247373640537262
19283 0.4889996647834778 0.4247373938560486
19284 0.4925541579723358 0.4247373640537262
19285 0.49668145179748535 0.4247373938560486
19286 0.49775823950767517 0.4463956654071808
19287 0.4943978190422058 0.4469316005706787
19288 0.49085181951522827 0.44654184579849243
19289 0.48727118968963623 0.44423025846481323
19290 0.48428475856781006 0.44133618474006653
19291 0.48225700855255127 0.438305526971817
19292 0.48022112250328064 0.4345080852508545
19293 0.4963986873626709 0.4090152680873871
19294 0.49440518021583557 0.40949714183807373
19295 0.4816356897354126 0.4123213291168213
19296 0.4763297438621521 0.42370539903640747
19297 0.4889599680900574 0.40904882550239563
19298 0.48533257842063904 0.4100131392478943
19299 0.4984784424304962 0.40844976902008057
19300 0.47894951701164246 0.415697306394577
19301 0.47735658288002014 0.41819432377815247
19302 0.4760664105415344 0.4269753098487854
19303 0.4922415018081665 0.4085982143878937
19304 0.4767637848854065 0.4304218888282776
19305 0.47801780700683594 0.4341980516910553
19306 0.4800114929676056 0.4381323456764221
19307 0.48244011402130127 0.4425243139266968
19308 0.48496073484420776 0.446126788854599
19309 0.4877330958843231 0.44927215576171875
19310 0.4911796450614929 0.4506843686103821
19311 0.49439525604248047 0.45020192861557007
19312 0.49780094623565674 0.44976192712783813
19313 0.4939608573913574 0.47273170948028564
19314 0.4930313527584076 0.470916211605072
19315 0.493539422750473 0.4725521206855774
19316 0.49281346797943115 0.47237861156463623
19317 0.48943114280700684 0.4872857332229614
19318 0.4853493273258209 0.4859938621520996
19319 0.49103230237960815 0.4830130338668823
19320 0.49016913771629333 0.4855174124240875
19321 0.4909347891807556 0.4827118515968323
19322 0.49064308404922485 0.4834497570991516
19323 0.48690730333328247 0.49644386768341064
19324 0.4828510880470276 0.4950147569179535
19325 0.48268771171569824 0.49709683656692505
19326 0.48378124833106995 0.48533007502555847
19327 0.48018860816955566 0.4964546859264374
19328 0.4806492328643799 0.49403053522109985
19329 0.48349279165267944 0.49902278184890747
19330 0.4846670627593994 0.49571165442466736
19331 0.48734569549560547 0.4866795837879181
19332 0.4882100820541382 0.4849773645401001
19333 0.48896726965904236 0.4830736517906189
19334 0.4892813563346863 0.48236072063446045
19335 0.4893050491809845 0.482639878988266
19336 0.48259437084198 0.4801451563835144
19337 0.48362216353416443 0.478668749332428
19338 0.4833497405052185 0.48192572593688965
19339 0.48474347591400146 0.4798145890235901
19340 0.4847073256969452 0.48319709300994873
19341 0.48634812235832214 0.4842475950717926
19342 0.4873858094215393 0.4824800491333008
19343 0.4859161972999573 0.4811878204345703
19344 0.4880257546901703 0.4644306004047394
19345 0.49357566237449646 0.4247373342514038
19346 0.49434322118759155 0.4247373640537262
19347 0.48509180545806885 0.4247373342514038
19348 0.4891900420188904 0.4247373640537262
19349 0.4692663252353668 0.2341795712709427
19350 0.4840248227119446 0.2750300168991089
19351 0.46873611211776733 0.5031524896621704
19352 0.3871338963508606 0.2516690194606781
19353 0.48454543948173523 0.45776742696762085
19354 0.48343363404273987 0.46830281615257263
19355 0.47082918882369995 0.27811408042907715
19356 0.43317514657974243 0.25112393498420715
19357 0.3664643168449402 0.32738757133483887
19358 0.4551456570625305 0.30199867486953735
19359 0.4229711890220642 0.2780047655105591
19360 0.3732718229293823 0.34283632040023804
19361 0.4840894639492035 0.4247373342514038
19362 0.4840894341468811 0.4247373640537262
19363 0.4871179461479187 0.4247373640537262
19364 0.4809539020061493 0.45498907566070557
19365 0.483109712600708 0.4626844525337219
19366 0.4788781404495239 0.45735281705856323
19367 0.46329882740974426 0.4676721692085266
19368 0.47566860914230347 0.4663856327533722
19369 0.46107327938079834 0.45861926674842834
19370 0.4681743383407593 0.46184080839157104
19371 0.4840894639492035 0.4247373640537262
19372 0.4412637948989868 0.34770748019218445
19373 0.41983500123023987 0.3282986283302307
19374 0.3957890570163727 0.3779706060886383
19375 0.4745445251464844 0.4426642656326294
19376 0.4776652753353119 0.4482872486114502
19377 0.4542267620563507 0.44710609316825867
19378 0.4637393057346344 0.4509528875350952
19379 0.4724831283092499 0.44934898614883423
19380 0.4512327015399933 0.39283233880996704
19381 0.44467824697494507 0.39243555068969727
19382 0.4840894639492035 0.4247373640537262
19383 0.45771539211273193 0.3960290551185608
19384 0.4667155146598816 0.3977624177932739
19385 0.46872711181640625 0.44312775135040283
19386 0.46213477849960327 0.4436846077442169
19387 0.44758689403533936 0.42977476119995117
19388 0.4231625199317932 0.39492276310920715
19389 0.43574628233909607 0.3788662552833557
19390 0.44760578870773315 0.3881648778915405
19391 0.44246724247932434 0.40427088737487793
19392 0.4517536163330078 0.42446592450141907
19393 0.46576645970344543 0.4382237195968628
19394 0.46241292357444763 0.43614980578422546
19395 0.4840894639492035 0.4247373640537262
19396 0.4840894639492035 0.4247373640537262
19397 0.44322314858436584 0.3941020965576172
19398 0.42599982023239136 0.3860042095184326
19399 0.40104594826698303 0.33124107122421265
19400 0.3947606086730957 0.2797771096229553
19401 0.3939257562160492 0.247618168592453
19402 0.4240052103996277 0.23566928505897522
19403 0.45459842681884766 0.420518696308136
19404 0.4840894639492035 0.4247373640537262
19405 0.4454360902309418 0.4160579741001129
19406 0.43205663561820984 0.41873428225517273
19407 0.4213607907295227 0.4218474328517914
19408 0.39734601974487305 0.41077011823654175
19409 0.393332839012146 0.40713053941726685
19410 0.4533062279224396 0.5424091219902039
19411 0.4840894639492035 0.4247373640537262
19412 0.4840894639492035 0.4247373640537262
19413 0.4840894639492035 0.4247373640537262
19414 0.4840894639492035 0.4247373640537262
19415 0.4617747664451599 0.4316120445728302
19416 0.4840894639492035 0.4247373640537262
19417 0.4542619585990906 0.41748660802841187
19418 0.4513474702835083 0.41530904173851013
19419 0.460222452878952 0.4290408194065094
19420 0.4494533836841583 0.40078771114349365
19421 0.464435338973999 0.4067832827568054
19422 0.4572981894016266 0.4023754596710205
19423 0.45304563641548157 0.400402694940567
19424 0.4531751275062561 0.4049767255783081
19425 0.4840894639492035 0.4247373640537262
19426 0.4840894639492035 0.4247373640537262
19427 0.4499358534812927 0.40832221508026123
19428 0.44797274470329285 0.40416353940963745
19429 0.45637863874435425 0.4117782711982727
19430 0.452542245388031 0.41384357213974
19431 0.4561333954334259 0.4164867401123047
19432 0.45236968994140625 0.40921899676322937
19433 0.4840894639492035 0.4247373640537262
19434 0.4568571448326111 0.4073163866996765
19435 0.4840894639492035 0.4247373640537262
19436 0.49339985847473145 0.3952080011367798
19437 0.49684518575668335 0.39526504278182983
19438 0.47162723541259766 0.39845898747444153
19439 0.4771884083747864 0.39706140756607056
19440 0.4840894639492035 0.4247373640537262
19441 0.48508894443511963 0.3953402638435364
19442 0.4891573488712311 0.39455530047416687
19443 0.49672389030456543 0.30970245599746704
19444 0.4964170455932617 0.39525794982910156
19445 0.48624229431152344 0.31139522790908813
19446 0.4674971103668213 0.390095055103302
19447 0.47563040256500244 0.3956562876701355
19448 0.4741150736808777 0.39700233936309814
19449 0.4718068242073059 0.39552462100982666
19450 0.4583137631416321 0.3878477215766907
19451 0.4784483015537262 0.3957533538341522
19452 0.45780694484710693 0.39381343126296997
19453 0.46827006340026855 0.39540284872055054
19454 0.4759453535079956 0.39492207765579224
19455 0.4832451641559601 0.39130204916000366
19456 0.4870707392692566 0.3909403085708618
19457 0.49585390090942383 0.3952486217021942
19458 0.4715321660041809 0.3931175768375397
19459 0.4741166830062866 0.39012449979782104
19460 0.4838376045227051 0.38784992694854736
19461 0.487585186958313 0.39143186807632446
19462 0.49191105365753174 0.48509806394577026
19463 0.4937642216682434 0.4731890559196472
19464 0.4912487864494324 0.48392611742019653
19465 0.4908450245857239 0.4717545211315155
19466 0.4856712818145752 0.47932663559913635
19467 0.4878557324409485 0.4814409911632538
19468 0.48660191893577576 0.48046621680259705
19469 0.49043408036231995 0.4714186191558838
19470 0.4904138445854187 0.47244900465011597
19471 0.4852358102798462 0.4782184064388275
19472 0.4929177463054657 0.4722626805305481
19473 0.4923735558986664 0.47271087765693665
19474 0.4892404079437256 0.4838200807571411
19475 0.4906884431838989 0.47207629680633545
19476 0.49057942628860474 0.47238999605178833
19477 0.48608243465423584 0.4792586863040924
19478 0.48786771297454834 0.48149925470352173
19479 0.4868398904800415 0.48032885789871216
19480 0.4921892285346985 0.47206559777259827
19481 0.49148809909820557 0.4722471237182617
19482 0.4910907745361328 0.47220757603645325
19483 0.49093252420425415 0.4722689390182495
19484 0.4920026957988739 0.47214004397392273
19485 0.4874929189682007 0.4823071360588074
19486 0.49074119329452515 0.47233229875564575
19487 0.4905550181865692 0.47239869832992554
19488 0.49126437306404114 0.4721457064151764
19489 0.49085965752601624 0.4722900390625
19490 0.4643884003162384 0.5449635982513428
19491 0.4447501301765442 0.5592594146728516
19492 0.45541027188301086 0.5298733711242676
19493 0.4573447108268738 0.5528217554092407
19494 0.44759106636047363 0.5615294575691223
19495 0.4435223937034607 0.5414605140686035
19496 0.44795888662338257 0.5242564678192139
19497 0.45155656337738037 0.5612846612930298
19498 0.4544944167137146 0.557731032371521
19499 0.46083372831344604 0.5500417947769165
19500 0.4461345076560974 0.528057873249054
19501 0.4445011019706726 0.5320041179656982
19502 0.4576965570449829 0.5334229469299316
19503 0.45963478088378906 0.5405954122543335
19504 0.45281529426574707 0.5238405466079712
19505 0.4402916431427002 0.5450538396835327
19506 0.4422678053379059 0.5462279915809631
19507 0.4408685564994812 0.5498252511024475
19508 0.4425354301929474 0.5555964708328247
19509 0.45389652252197266 0.5424091815948486
19510 0.4589085876941681 0.5520707368850708
19511 0.44020700454711914 0.5692517757415771
19512 0.44376784563064575 0.5208597183227539
19513 0.4490625262260437 0.5599368214607239
19514 0.45532023906707764 0.5531684160232544
19515 0.4421371817588806 0.5216313600540161
19516 0.4568726122379303 0.541961669921875
19517 0.4475036859512329 0.5205174088478088
19518 0.4546830654144287 0.5424091815948486
19519 0.4580478072166443 0.5423634052276611
19520 0.4580290913581848 0.5424091815948486
19521 0.4542042911052704 0.5424091219902039
19522 0.4522257447242737 0.5424091219902039
19523 0.4522257447242737 0.5424091219902039
19524 0.43915411829948425 0.5631657838821411
19525 0.4267634451389313 0.5472962856292725
19526 0.4288530945777893 0.5367159843444824
19527 0.4400385916233063 0.5542792081832886
19528 0.4395211338996887 0.5350813269615173
19529 0.4407822787761688 0.529944896697998
19530 0.434118390083313 0.5378188490867615
19531 0.43947917222976685 0.5505543351173401
19532 0.43124455213546753 0.5351175665855408
19533 0.43055087327957153 0.5441443920135498
19534 0.4363973140716553 0.5435342788696289
19535 0.434173047542572 0.5426404476165771
19536 0.4360118508338928 0.541841447353363
19537 0.46185868978500366 0.5457319617271423
19538 0.4615960717201233 0.5492380857467651
19539 0.4626013934612274 0.5446991920471191
19540 0.45979756116867065 0.5407137870788574
19541 0.4627566933631897 0.5440208315849304
19542 0.4621460437774658 0.5436917543411255
19543 0.4618275761604309 0.5420618057250977
19544 0.4627562165260315 0.5433031916618347
19545 0.46196189522743225 0.5456846356391907
19546 0.46252280473709106 0.5450707077980042
19547 0.4622555375099182 0.5455498099327087
19548 0.4605453610420227 0.5404249429702759
19549 0.46090400218963623 0.5403582453727722
19550 0.4627041816711426 0.5436971783638
19551 0.4606984853744507 0.5403964519500732
19552 0.4626379907131195 0.5441986322402954
19553 0.46268340945243835 0.5438545942306519
19554 0.4628089964389801 0.5429039001464844
19555 0.46273618936538696 0.5434548258781433
19556 0.46276578307151794 0.5432310700416565
19557 0.4609476923942566 0.540350079536438
19558 0.46036145091056824 0.5406984686851501
19559 0.4572242200374603 0.5424091815948486
19560 0.45449477434158325 0.5424091815948486
19561 0.45038753747940063 0.5424091815948486
19562 0.43530726432800293 0.5233504176139832
19563 0.4363061487674713 0.5268621444702148
19564 0.43710219860076904 0.5316759347915649
19565 0.4375342130661011 0.5373328924179077
19566 0.4395955502986908 0.5459120869636536
19567 0.43862640857696533 0.5467828512191772
19568 0.43789100646972656 0.5480318665504456
19569 0.43708178400993347 0.5489393472671509
19570 0.4330340027809143 0.5574841499328613
19571 0.43271908164024353 0.564491331577301
19572 0.4505584239959717 0.5424091815948486
19573 0.4552558362483978 0.5424091815948486
19574 0.45801958441734314 0.5435783863067627
19575 0.4620535671710968 0.5452744364738464
19576 0.46254661679267883 0.5448904633522034
19577 0.4626070559024811 0.5444331765174866
19578 0.4325600862503052 0.48123759031295776
19579 0.46263816952705383 0.5018337965011597
19580 0.45668208599090576 0.4901277422904968
19581 0.4504343271255493 0.4744216799736023
19582 0.43673866987228394 0.4903026819229126
19583 0.45350658893585205 0.4827384054660797
19584 0.4406258165836334 0.5001935958862305
19585 0.44148898124694824 0.4855595529079437
19586 0.44500964879989624 0.49385738372802734
19587 0.45124363899230957 0.5014520287513733
19588 0.4589700996875763 0.5101667642593384
19589 0.45795679092407227 0.5154246091842651
19590 0.4503672420978546 0.5101037621498108
19591 0.4434066414833069 0.5078753232955933
19592 0.46512719988822937 0.5064943432807922
19593 0.4615633487701416 0.5140690207481384
19594 0.4603797197341919 0.5181646347045898
19595 0.4712454676628113 0.5148500800132751
19596 0.4681832790374756 0.5109257698059082
19597 0.4641232192516327 0.5174857378005981
19598 0.462490975856781 0.5209279656410217
19599 0.4548477828502655 0.5126168131828308
19600 0.4556315243244171 0.5060921907424927
19601 0.4598536789417267 0.49663180112838745
19602 0.47379928827285767 0.5186319947242737
19603 0.47775930166244507 0.5225781202316284
19604 0.4811149835586548 0.5262901782989502
19605 0.48383647203445435 0.5297271013259888
19606 0.48686131834983826 0.5344775319099426
19607 0.46846234798431396 0.5180591344833374
19608 0.4659368693828583 0.5142074227333069
19609 0.46309345960617065 0.5101386904716492
19610 0.4603798985481262 0.5059404969215393
19611 0.4572010040283203 0.5012730956077576
19612 0.453710675239563 0.4959205985069275
19613 0.44999173283576965 0.48731833696365356
19614 0.44642922282218933 0.47894686460494995
19615 0.46698468923568726 0.545319676399231
19616 0.4777675271034241 0.5559542179107666
19617 0.4850804805755615 0.5522974729537964
19618 0.4851818382740021 0.548542857170105
19619 0.48515784740448 0.5444150567054749
19620 0.48015421628952026 0.5507948398590088
19621 0.48088347911834717 0.5474647283554077
19622 0.46646541357040405 0.5209884643554688
19623 0.4794333577156067 0.5324060916900635
19624 0.4770486056804657 0.5287841558456421
19625 0.4736116826534271 0.524939239025116
19626 0.4708315134048462 0.5216796398162842
19627 0.4800523519515991 0.5405791997909546
19628 0.4808005094528198 0.5442458391189575
19629 0.4671427607536316 0.5393291711807251
19630 0.46067214012145996 0.5276341438293457
19631 0.4589667320251465 0.5250260233879089
19632 0.4570208489894867 0.5237051844596863
19633 0.45489606261253357 0.5219964981079102
19634 0.4520910382270813 0.5206291079521179
19635 0.44750499725341797 0.5199477076530457
19636 0.4442877769470215 0.5199258327484131
19637 0.46609240770339966 0.5389981269836426
19638 0.4685863256454468 0.5243380665779114
19639 0.4668787717819214 0.5383472442626953
19640 0.46186280250549316 0.5329688787460327
19641 0.4657880663871765 0.5384499430656433
19642 0.46345800161361694 0.5264157652854919
19643 0.46475455164909363 0.5237932801246643
19644 0.46636784076690674 0.5373844504356384
19645 0.4625837504863739 0.5294958353042603
19646 0.465066134929657 0.5353972315788269
19647 0.4636403024196625 0.5342190265655518
19648 0.47192731499671936 0.5571215748786926
19649 0.4740371108055115 0.5533484816551208
19650 0.4705338180065155 0.5505092740058899
19651 0.47234925627708435 0.5471644401550293
19652 0.47494763135910034 0.5498229265213013
19653 0.4765843451023102 0.542593777179718
19654 0.4726719856262207 0.5393336415290833
19655 0.4763078987598419 0.5457891225814819
19656 0.4731100797653198 0.5450478196144104
19657 0.47310662269592285 0.5419824719429016
19658 0.4763000011444092 0.5395452976226807
19659 0.4676128625869751 0.5459320545196533
19660 0.4682290256023407 0.5433536767959595
19661 0.4686157703399658 0.5420920252799988
19662 0.4685984253883362 0.5406032204627991
19663 0.46832579374313354 0.5391461253166199
19664 0.4717668890953064 0.5368385910987854
19665 0.4753199517726898 0.5362914800643921
19666 0.46793222427368164 0.53779536485672
19667 0.46868228912353516 0.5295529961585999
19668 0.46684128046035767 0.5266904830932617
19669 0.47045549750328064 0.5317407250404358
19670 0.47236207127571106 0.5305843949317932
19671 0.47060590982437134 0.5275067687034607
19672 0.4672175943851471 0.5364512205123901
19673 0.4657740592956543 0.5343632698059082
19674 0.4652743637561798 0.5299480557441711
19675 0.4644339382648468 0.5317775011062622
19676 0.46702730655670166 0.5320634841918945
19677 0.4685525894165039 0.5337284207344055
19678 0.4695776700973511 0.5374840497970581
19679 0.4702807068824768 0.5396013259887695
19680 0.47066494822502136 0.5415452718734741
19681 0.47047296166419983 0.543181836605072
19682 0.46975773572921753 0.5449362397193909
19683 0.46875840425491333 0.5477871894836426
19684 0.45594358444213867 0.5753025412559509
19685 0.4596998691558838 0.5729942321777344
19686 0.4627510905265808 0.5697031617164612
19687 0.4466937184333801 0.5741907358169556
19688 0.4357302188873291 0.5680459141731262
19689 0.4303976595401764 0.5628299117088318
19690 0.45133644342422485 0.5747970342636108
19691 0.44124680757522583 0.5714109539985657
19692 0.46086010336875916 0.5660750269889832
19693 0.4581802487373352 0.5685637593269348
19694 0.4549383819103241 0.5708150267601013
19695 0.4511910378932953 0.5718016028404236
19696 0.44702279567718506 0.5711033940315247
19697 0.44253361225128174 0.5682682991027832
19698 0.43757903575897217 0.5648124814033508
19699 0.43356603384017944 0.5591789484024048
19700 0.42608851194381714 0.5564180612564087
19701 0.4473536014556885 0.5671781301498413
19702 0.45111215114593506 0.5679847598075867
19703 0.4544844925403595 0.5665139555931091
19704 0.4571187496185303 0.5636294484138489
19705 0.459049254655838 0.5598002076148987
19706 0.4360296130180359 0.5550417900085449
19707 0.43968111276626587 0.5605812072753906
19708 0.4434632658958435 0.564461886882782
19709 0.4669097065925598 0.566179096698761
19710 0.4696182310581207 0.5613121390342712
19711 0.4659915566444397 0.5583617687225342
19712 0.4633972644805908 0.5626655220985413
19713 0.46883559226989746 0.5538127422332764
19714 0.46095308661460876 0.5567237734794617
19715 0.46325474977493286 0.554080069065094
19716 0.46614933013916016 0.5497398376464844
19717 0.46709001064300537 0.551311731338501
19718 0.464241087436676 0.5562455654144287
19719 0.4616432189941406 0.5593140721321106
19720 0.45969295501708984 0.5624357461929321
19721 0.4576544761657715 0.5665101408958435
19722 0.4547029733657837 0.5680273771286011
19723 0.45111536979675293 0.5692199468612671
19724 0.44727614521980286 0.5686473846435547
19725 0.44290491938591003 0.5663954019546509
19726 0.4388866424560547 0.5625389218330383
19727 0.43498650193214417 0.5567173361778259
19728 0.4378700852394104 0.5426643490791321
19729 0.4405195415019989 0.5425546169281006
19730 0.4383952021598816 0.5439002513885498
19731 0.4373445510864258 0.5415289402008057
19732 0.43757569789886475 0.5444390773773193
19733 0.4383234679698944 0.5402141809463501
19734 0.44242531061172485 0.5414573550224304
19735 0.4417901039123535 0.5419719219207764
19736 0.43749988079071045 0.5432589650154114
19737 0.42898085713386536 0.5532150864601135
19738 0.4393633306026459 0.5297874808311462
19739 0.4414704442024231 0.5390183925628662
19740 0.4407840371131897 0.534816324710846
19741 0.4353080689907074 0.5221591591835022
19742 0.4324278235435486 0.5183362364768982
19743 0.43875652551651 0.5173317790031433
19744 0.4352153241634369 0.5125012397766113
19745 0.4285942018032074 0.5236522555351257
19746 0.4412362277507782 0.521091639995575
19747 0.4377838671207428 0.525680661201477
19748 0.4308595657348633 0.5264884233474731
19749 0.42303627729415894 0.5270909667015076
19750 0.4200109839439392 0.5454894304275513
19751 0.42074453830718994 0.5328955054283142
19752 0.4251396059989929 0.5297483205795288
19753 0.4231124818325043 0.5347437858581543
19754 0.42355623841285706 0.5499311685562134
19755 0.42235028743743896 0.5445378422737122
19756 0.4258739948272705 0.5471653342247009
19757 0.4242086410522461 0.5424073934555054
19758 0.43892794847488403 0.5442028045654297
19759 0.4396490752696991 0.5425100922584534
19760 0.4388834834098816 0.5441556572914124
19761 0.4379957914352417 0.5424830913543701
19762 0.4392085373401642 0.5428762435913086
19763 0.4379917085170746 0.5431621670722961
19764 0.43745487928390503 0.5450776815414429
19765 0.4344988763332367 0.5475208759307861
19766 0.43629390001296997 0.5458492040634155
19767 0.432950496673584 0.5489329099655151
19768 0.43113425374031067 0.5506822466850281
19769 0.4385659694671631 0.5394961833953857
19770 0.4359719455242157 0.5339029431343079
19771 0.43324047327041626 0.5379143953323364
19772 0.4375573992729187 0.5370189547538757
19773 0.4349038004875183 0.5395679473876953
19774 0.4363834261894226 0.5408157110214233
19775 0.43251833319664 0.5427232384681702
19776 0.43398869037628174 0.5301856398582458
19777 0.4307485818862915 0.5424628853797913
19778 0.4308377504348755 0.5359618067741394
19779 0.42793625593185425 0.5441389083862305
19780 0.4258025884628296 0.5379064083099365
19781 0.427520751953125 0.5326833724975586
19782 0.4344443380832672 0.5426618456840515
19783 0.4359775185585022 0.5417697429656982
19784 0.4379016160964966 0.542722761631012
19785 0.460510790348053 0.5371332168579102
19786 0.4646223187446594 0.5376871824264526
19787 0.46261560916900635 0.535772442817688
19788 0.41043567657470703 0.3502037525177002
19789 0.4225478172302246 0.3301492929458618
19790 0.4067283868789673 0.39702868461608887
19791 0.4062992334365845 0.3741937279701233
19792 0.4764014184474945 0.30391672253608704
19793 0.4376341700553894 0.39025527238845825
19794 0.44161123037338257 0.3723723292350769
19795 0.4369371831417084 0.40559202432632446
19796 0.45925378799438477 0.30491161346435547
19797 0.49421000480651855 0.3064132332801819
19798 0.44138863682746887 0.3122842311859131
19799 0.46703818440437317 0.33719494938850403
19800 0.45625069737434387 0.3449805974960327
19801 0.4468063712120056 0.3577806055545807
19802 0.4878782033920288 0.33529961109161377
19803 0.4950765371322632 0.3372202217578888
19804 0.47746825218200684 0.3378952145576477
19805 0.49479424953460693 0.3166404366493225
19806 0.4803656339645386 0.3147418200969696
19807 0.46713778376579285 0.31727904081344604
19808 0.45019441843032837 0.3246612548828125
19809 0.43728822469711304 0.33210596442222595
19810 0.42491257190704346 0.35194700956344604
19811 0.4193667769432068 0.37373751401901245
19812 0.41733676195144653 0.39371544122695923
19813 0.4471907913684845 0.4656289219856262
19814 0.4373718798160553 0.47551658749580383
19815 0.44193699955940247 0.4700237214565277
19816 0.4282029867172241 0.3920438587665558
19817 0.4303593933582306 0.371334969997406
19818 0.43716681003570557 0.3542774021625519
19819 0.448053240776062 0.3372039496898651
19820 0.4592057466506958 0.3309023678302765
19821 0.47324952483177185 0.32585832476615906
19822 0.48437798023223877 0.3256983160972595
19823 0.4949091672897339 0.3281148076057434
19824 0.4139738380908966 0.43246421217918396
19825 0.4375993609428406 0.42009949684143066
19826 0.41005831956863403 0.41634130477905273
19827 0.41970717906951904 0.41145268082618713
19828 0.4219728708267212 0.4269973039627075
19829 0.4391791820526123 0.4330047070980072
19830 0.4190846383571625 0.4472385048866272
19831 0.4324122965335846 0.4364590644836426
19832 0.42424726486206055 0.46076980233192444
19833 0.44150233268737793 0.44506675004959106
19834 0.4442560374736786 0.45603296160697937
19835 0.42942166328430176 0.4724940061569214
19836 0.4297734498977661 0.4542965590953827
19837 0.43439364433288574 0.46632352471351624
19838 0.4391423463821411 0.46062907576560974
19839 0.4353291988372803 0.4487994313240051
19840 0.4298689365386963 0.42300060391426086
19841 0.42849743366241455 0.4078403115272522
19842 0.4253944754600525 0.44072574377059937
19843 0.4225879907608032 0.5393922924995422
19844 0.4202895760536194 0.5385627746582031
19845 0.4171927571296692 0.5378869771957397
19846 0.41332364082336426 0.5379089117050171
19847 0.40769505500793457 0.5358369946479797
19848 0.40125054121017456 0.5348518490791321
19849 0.39331287145614624 0.5651567578315735
19850 0.3963668942451477 0.5487123727798462
19851 0.38729920983314514 0.5513921976089478
19852 0.3796021640300751 0.5208147168159485
19853 0.3898887038230896 0.520143985748291
19854 0.3930332064628601 0.5349472761154175
19855 0.3833126425743103 0.5364284515380859
19856 0.4654141664505005 0.5394479632377625
19857 0.46532613039016724 0.5392740368843079
19858 0.4662115275859833 0.5395798683166504
19859 0.4672461450099945 0.5426389575004578
19860 0.4673125743865967 0.5414148569107056
19861 0.4673226475715637 0.5404037237167358
19862 0.46653321385383606 0.5449689626693726
19863 0.46642905473709106 0.5421720743179321
19864 0.4661003649234772 0.5409873127937317
19865 0.466203510761261 0.5402200222015381
19866 0.4654579162597656 0.5397837162017822
19867 0.46613648533821106 0.5443847179412842
19868 0.463844358921051 0.5401921272277832
19869 0.46021562814712524 0.5391930341720581
19870 0.462019681930542 0.5393999814987183
19871 0.4611595869064331 0.5387048721313477
19872 0.4631049633026123 0.5401442050933838
19873 0.4629104435443878 0.5421352982521057
19874 0.462830513715744 0.5427409410476685
19875 0.46392080187797546 0.5410175919532776
19876 0.4604201912879944 0.5404483675956726
19877 0.46050846576690674 0.5404317378997803
19878 0.4611954391002655 0.5403043031692505
19879 0.461114764213562 0.5403190851211548
19880 0.46175041794776917 0.5402010679244995
19881 0.46169039607048035 0.5402122139930725
19882 0.4617545008659363 0.5402002930641174
19883 0.4659631550312042 0.5420874357223511
19884 0.4653667211532593 0.540183961391449
19885 0.46541130542755127 0.5408572554588318
19886 0.4649149477481842 0.5410298109054565
19887 0.46444499492645264 0.540446400642395
19888 0.46437183022499084 0.5442096590995789
19889 0.4641905128955841 0.5432596802711487
19890 0.4639394283294678 0.542578935623169
19891 0.4647294282913208 0.5436728000640869
19892 0.4648468494415283 0.5414767265319824
19893 0.46436190605163574 0.5412872433662415
19894 0.46504494547843933 0.5436036586761475
19895 0.465096116065979 0.5419899225234985
19896 0.4646739661693573 0.5406427383422852
19897 0.464663565158844 0.5421841144561768
19898 0.4368743598461151 0.5429827570915222
19899 0.4380076825618744 0.5429102182388306
19900 0.4988682270050049 0.4906100630760193
19901 0.4967610836029053 0.4911102056503296
19902 0.4956898093223572 0.49231716990470886
19903 0.49315911531448364 0.49283695220947266
19904 0.48985055088996887 0.49112534523010254
19905 0.48840901255607605 0.4908388555049896
19906 0.486727774143219 0.4895544648170471
19907 0.484369158744812 0.49121981859207153
19908 0.4816284477710724 0.4906077980995178
19909 0.47965744137763977 0.4884737730026245
19910 0.4783533215522766 0.48595523834228516
19911 0.47821468114852905 0.48247358202934265
19912 0.4785023331642151 0.4794978201389313
19913 0.4791584014892578 0.47576695680618286
19914 0.4797757863998413 0.4713650941848755
19915 0.4793481230735779 0.4581187963485718
19916 0.4777146577835083 0.45114433765411377
19917 0.475397527217865 0.44401973485946655
19918 0.4732759892940521 0.4373587369918823
19919 0.47166505455970764 0.4314691722393036
19920 0.471025675535202 0.4255068302154541
19921 0.47076278924942017 0.41897279024124146
19922 0.47212034463882446 0.4131122827529907
19923 0.47393471002578735 0.4068533182144165
19924 0.47706854343414307 0.40290340781211853
19925 0.48094433546066284 0.3992452919483185
19926 0.4847334027290344 0.39759156107902527
19927 0.48924583196640015 0.39681658148765564
19928 0.492654949426651 0.3966178894042969
19929 0.4954710602760315 0.39742809534072876
19930 0.49839210510253906 0.39751309156417847
19931 0.4866289794445038 0.45983409881591797
19932 0.4904569983482361 0.4596151113510132
19933 0.4938955307006836 0.4597271680831909
19934 0.49773678183555603 0.45949020981788635
19935 0.4836796522140503 0.4532995820045471
19936 0.4864741563796997 0.46398717164993286
19937 0.49031388759613037 0.4630200266838074
19938 0.4937484860420227 0.4627082347869873
19939 0.4975253939628601 0.4626436233520508
19940 0.48326364159584045 0.45923954248428345
19941 0.48309633135795593 0.4646903872489929
19942 0.47974997758865356 0.46503376960754395
19943 0.47599542140960693 0.48487335443496704
19944 0.47619906067848206 0.47991496324539185
19945 0.46026167273521423 0.5404778718948364
19946 0.4591003954410553 0.5406934022903442
19947 0.45740804076194763 0.5405006408691406
19948 0.4555768072605133 0.540206253528595
19949 0.4536362588405609 0.5398942828178406
19950 0.45161715149879456 0.5396165251731873
19951 0.44941478967666626 0.5394894480705261
19952 0.44727951288223267 0.5395210385322571
19953 0.4447506070137024 0.5404277443885803
19954 0.4421515464782715 0.5413036942481995
19955 0.43918076157569885 0.5411314368247986
19956 0.4373011291027069 0.5412363409996033
19957 0.4371001720428467 0.5423988103866577
19958 0.43844830989837646 0.5439585447311401
19959 0.44042742252349854 0.5454538464546204
19960 0.44289517402648926 0.547333836555481
19961 0.4457947015762329 0.5478881001472473
19962 0.44867751002311707 0.5480324029922485
19963 0.4510527551174164 0.5481483340263367
19964 0.4530346989631653 0.5479820966720581
19965 0.4552227854728699 0.5477985739707947
19966 0.45767197012901306 0.5471674203872681
19967 0.4601361155509949 0.5474836230278015
19968 0.46178653836250305 0.546784520149231
19969 0.4650266170501709 0.5468239188194275
19970 0.46553996205329895 0.5438920259475708
19971 0.46550828218460083 0.5420477390289307
19972 0.46510404348373413 0.5407467484474182
19973 0.46493327617645264 0.5402098894119263
19974 0.46479707956314087 0.5398668050765991
19975 0.4647034704685211 0.5398128032684326
19976 0.46386513113975525 0.5396918654441833
19977 0.46184802055358887 0.5398157238960266
19978 0.4610525667667389 0.5403307676315308
19979 0.25938189029693604 0.025049686431884766
19980 0.24063906073570251 0.2666071057319641
19981 0.2364136427640915 0.3222477436065674
19982 0.2188570350408554 0.5684046745300293
19983 0.2576148509979248 0.1206173300743103
19984 0.2685045599937439 0.025049686431884766
19985 0.2668913006782532 0.026087868958711624
19986 0.26485151052474976 0.07542213052511215
19987 0.2422381192445755 0.21447722613811493
19988 0.2497585117816925 0.16562232375144958
19989 0.22486816346645355 0.9343881011009216
19990 0.2669818699359894 0.025049686431884766
19991 0.26317763328552246 0.025049686431884766
19992 0.2637815773487091 0.7164857387542725
19993 0.26040810346603394 0.7010928392410278
19994 0.25713732838630676 0.7552595138549805
19995 0.262259840965271 0.7329325079917908
19996 0.2341017872095108 0.6305992603302002
19997 0.24341632425785065 0.6594669818878174
19998 0.2532350718975067 0.6808339357376099
19999 0.2320108264684677 0.8946529030799866
20000 0.25345951318740845 0.77686607837677
20001 0.23615390062332153 0.8587538599967957
20002 0.24812230467796326 0.7999373078346252
20003 0.24144932627677917 0.8284586668014526
20004 0.21334554255008698 0.5382234454154968
20005 0.21275436878204346 0.44149190187454224
20006 0.2101827710866928 0.4728008806705475
20007 0.24215862154960632 0.025049686431884766
20008 0.2571309804916382 0.025049686431884766
20009 0.2539999485015869 0.025049686431884766
20010 0.2504675090312958 0.025049686431884766
20011 0.24326807260513306 0.025049686431884766
20012 0.24636197090148926 0.025049686431884766
20013 0.22557327151298523 0.5997270941734314
20014 0.21031224727630615 0.504637598991394
20015 0.2175930291414261 0.4075266718864441
20016 0.22686970233917236 0.36640530824661255
20017 0.23524168133735657 0.025049686431884766
20018 0.2126104235649109 0.025049686431884766
20019 0.2126104235649109 0.025049686431884766
20020 0.209116593003273 0.025049686431884766
20021 0.1790045201778412 0.025049686431884766
20022 0.15024346113204956 0.025049686431884766
20023 0.0928112342953682 0.025049686431884766
20024 0.08527025580406189 0.025049686431884766
20025 0.2153080403804779 0.2704213857650757
20026 0.21009543538093567 0.32003727555274963
20027 0.20456764101982117 0.5785887241363525
20028 0.22800637781620026 0.12567748129367828
20029 0.2126104235649109 0.025049686431884766
20030 0.20612859725952148 0.025049686431884766
20031 0.23938366770744324 0.025049686431884766
20032 0.2126104235649109 0.025049686431884766
20033 0.23967337608337402 0.047102950513362885
20034 0.23573657870292664 0.08311551064252853
20035 0.2202419936656952 0.21773068606853485
20036 0.22610466182231903 0.16985288262367249
20037 0.23827049136161804 0.025049686431884766
20038 0.09699811041355133 0.025049686431884766
20039 0.236773282289505 0.025049686431884766
20040 0.2126104235649109 0.025049686431884766
20041 0.2126104235649109 0.025049686431884766
20042 0.1828782558441162 0.025049686431884766
20043 0.16581009328365326 0.025049686431884766
20044 0.15024346113204956 0.025049686431884766
20045 0.08623331040143967 0.025049686431884766
20046 0.25324922800064087 0.7067977786064148
20047 0.21962645649909973 0.6410555243492126
20048 0.23006999492645264 0.6694158911705017
20049 0.2415795624256134 0.6900124549865723
20050 0.07168930768966675 0.6412548422813416
20051 0.06520666182041168 0.2691947817802429
20052 0.064668208360672 0.316639244556427
20053 0.059258751571178436 0.12341669201850891
20054 0.05675370246171951 0.08180361241102219
20055 0.06355048716068268 0.2255757451057434
20056 0.055104151368141174 0.05095914006233215
20057 0.09148168563842773 0.025049686431884766
20058 0.06326383352279663 0.16649657487869263
20059 0.09108195453882217 0.025049686431884766
20060 0.11053380370140076 0.025049684569239616
20061 0.14334078133106232 0.025049686431884766
20062 0.09184133261442184 0.2687642276287079
20063 0.0910196453332901 0.32575666904449463
20064 0.09891048073768616 0.6284158825874329
20065 0.1907045543193817 0.025049686431884766
20066 0.15245412290096283 0.025049686431884766
20067 0.11557729542255402 0.09239257872104645
20068 0.09025399386882782 0.052251171320676804
20069 0.1270151436328888 0.025049686431884766
20070 0.12128745019435883 0.05355558171868324
20071 0.09035899490118027 0.09020742028951645
20072 0.09056442230939865 0.13135185837745667
20073 0.09168179333209991 0.17212815582752228
20074 0.09462380409240723 0.22486384212970734
20075 0.18796823918819427 0.27353435754776
20076 0.18400201201438904 0.3219047784805298
20077 0.2016068696975708 0.13121725618839264
20078 0.2142890989780426 0.0521133691072464
20079 0.20675541460514069 0.08763767778873444
20080 0.19106356799602509 0.2246328592300415
20081 0.19597764313220978 0.175040602684021
20082 0.1121150404214859 0.26925942301750183
20083 0.1625390201807022 0.2742001712322235
20084 0.1615229845046997 0.3240225613117218
20085 0.11265462636947632 0.3274933695793152
20086 0.12476375699043274 0.6186525821685791
20087 0.11423999816179276 0.13534994423389435
20088 0.169765904545784 0.13475313782691956
20089 0.18061256408691406 0.055089350789785385
20090 0.17292700707912445 0.09053055197000504
20091 0.11333751678466797 0.22636698186397552
20092 0.1645897626876831 0.2261594831943512
20093 0.165901318192482 0.17830447852611542
20094 0.1128857284784317 0.1762697845697403
20095 0.1445668637752533 0.13678328692913055
20096 0.14960654079914093 0.09368026256561279
20097 0.15334126353263855 0.053773537278175354
20098 0.14181023836135864 0.178447425365448
20099 0.13980597257614136 0.22872841358184814
20100 0.13805288076400757 0.27297988533973694
20101 0.13922636210918427 0.32874080538749695
20102 0.18888431787490845 0.9126372933387756
20103 0.19856113195419312 0.8737514615058899
20104 0.20847441256046295 0.8422706723213196
20105 0.16879010200500488 0.8446059823036194
20106 0.15219751000404358 0.873956561088562
20107 0.1826116442680359 0.8167510032653809
20108 0.1894814521074295 0.5885570049285889
20109 0.1711435168981552 0.5984454154968262
20110 0.14942145347595215 0.6074790358543396
20111 0.24534347653388977 0.7229393720626831
20112 0.20417538285255432 0.6534513831138611
20113 0.2301100194454193 0.7041658163070679
20114 0.21496699750423431 0.6838123798370361
20115 0.23760735988616943 0.7432210445404053
20116 0.08988086134195328 0.727048397064209
20117 0.11668843030929565 0.8072832226753235
20118 0.11387215554714203 0.7047615647315979
20119 0.13731805980205536 0.7840588688850403
20120 0.1380006968975067 0.6943289041519165
20121 0.13230739533901215 0.841415524482727
20122 0.15110044181346893 0.8138865232467651
20123 0.21626871824264526 0.8141077756881714
20124 0.16726556420326233 0.791146993637085
20125 0.15588712692260742 0.7628353238105774
20126 0.16203105449676514 0.6821649074554443
20127 0.2235967069864273 0.786662220954895
20128 0.1925642192363739 0.7943806648254395
20129 0.17176565527915955 0.7542580366134644
20130 0.17952701449394226 0.7758928537368774
20131 0.20191635191440582 0.7713819742202759
20132 0.18499159812927246 0.6701500415802002
20133 0.23014909029006958 0.7648724317550659
20134 0.18646320700645447 0.7567881941795349
20135 0.220115065574646 0.724222719669342
20136 0.20064130425453186 0.7008392810821533
20137 0.21053339540958405 0.7474753856658936
20138 0.1898978352546692 0.7294294834136963
20139 0.16836297512054443 0.7228882908821106
20140 0.14686568081378937 0.7311615943908691
20141 0.12456272542476654 0.7494301795959473
20142 0.1024603471159935 0.7736504673957825
20143 0.20041915774345398 0.5452155470848083
20144 0.1973014622926712 0.4452459216117859
20145 0.18555812537670135 0.5540518760681152
20146 0.18039381504058838 0.44890254735946655
20147 0.1664894074201584 0.5619215965270996
20148 0.1950538605451584 0.47759777307510376
20149 0.18087099492549896 0.4837053418159485
20150 0.06148042157292366 0.4541007876396179
20151 0.06507720798254013 0.589957594871521
20152 0.08831942826509476 0.45911768078804016
20153 0.09427811950445175 0.58700031042099
20154 0.11433635652065277 0.46012187004089355
20155 0.11964523792266846 0.5768193602561951
20156 0.13880766928195953 0.45749765634536743
20157 0.14526258409023285 0.5696650743484497
20158 0.16085579991340637 0.4538632333278656
20159 0.16149665415287018 0.48955070972442627
20160 0.1401551067829132 0.49508997797966003
20161 0.11415043473243713 0.49818506836891174
20162 0.0892314538359642 0.5012658834457397
20163 0.060366880148649216 0.495892733335495
20164 0.1545650064945221 0.025049686431884766
20165 0.15024346113204956 0.025049686431884766
20166 0.12759725749492645 0.025049686431884766
20167 0.09148168563842773 0.025049686431884766
20168 0.09148168563842773 0.025049686431884766
20169 0.04955913871526718 0.025049686431884766
20170 0.21111328899860382 0.025049686431884766
20171 0.1830127090215683 0.025049686431884766
20172 0.2187894880771637 0.025049686431884766
20173 0.2126104235649109 0.025049686431884766
20174 0.2126104235649109 0.025049686431884766
20175 0.2126104235649109 0.025049686431884766
20176 0.2126104235649109 0.025049686431884766
20177 0.2126104235649109 0.025049686431884766
20178 0.2126104235649109 0.025049686431884766
20179 0.2126104235649109 0.025049686431884766
20180 0.1636417657136917 0.025049686431884766
20181 0.1562594473361969 0.025049686431884766
20182 0.15024346113204956 0.025049686431884766
20183 0.15024346113204956 0.025049686431884766
20184 0.12803751230239868 0.025049686431884766
20185 0.12725414335727692 0.025049686431884766
20186 0.09148168563842773 0.025049686431884766
20187 0.09148168563842773 0.025049686431884766
20188 0.0869257003068924 0.025049686431884766
20189 0.08960676938295364 0.025049686431884766
20190 0.0488482341170311 0.025049686431884766
20191 0.2126104235649109 0.025049686431884766
20192 0.2126104235649109 0.025049686431884766
20193 0.2329484522342682 0.025049686431884766
20194 0.2126104235649109 0.025049686431884766
20195 0.2126104235649109 0.025049686431884766
20196 0.2126104235649109 0.025049686431884766
20197 0.23024603724479675 0.025049686431884766
20198 0.2126104235649109 0.025049686431884766
20199 0.2126104235649109 0.025049686431884766
20200 0.2126104235649109 0.025049686431884766
20201 0.2126104235649109 0.025049686431884766
20202 0.2126104235649109 0.025049686431884766
20203 0.18632298707962036 0.025049686431884766
20204 0.19602127373218536 0.025049686431884766
20205 0.2126104235649109 0.025049686431884766
20206 0.2126104235649109 0.025049686431884766
20207 0.2126104235649109 0.025049686431884766
20208 0.2126104235649109 0.025049686431884766
20209 0.2126104235649109 0.025049686431884766
20210 0.2274250090122223 0.025049686431884766
20211 0.22417862713336945 0.025049688294529915
20212 0.2206726372241974 0.025049686431884766
20213 0.2126104235649109 0.025049686431884766
20214 0.2126104235649109 0.025049686431884766
20215 0.2126104235649109 0.025049686431884766
20216 0.2126104235649109 0.025049686431884766
20217 0.2126104235649109 0.025049686431884766
20218 0.2126104235649109 0.025049686431884766
20219 0.2126104235649109 0.025049686431884766
20220 0.2126104235649109 0.025049686431884766
20221 0.2126104235649109 0.025049686431884766
20222 0.2126104235649109 0.025049686431884766
20223 0.2126104235649109 0.025049686431884766
20224 0.2126104235649109 0.025049686431884766
20225 0.07785465568304062 0.6809743642807007
20226 0.10488114506006241 0.6673620343208313
20227 0.12890881299972534 0.6543893814086914
20228 0.1547311693429947 0.643925130367279
20229 0.17608028650283813 0.6328686475753784
20230 0.19520998001098633 0.621183454990387
20231 0.2110866904258728 0.6105591058731079
20232 0.06233501806855202 0.5453445911407471
20233 0.09045181423425674 0.543208658695221
20234 0.11685958504676819 0.5387970209121704
20235 0.14145760238170624 0.5323392152786255
20236 0.16334077715873718 0.5265437364578247
20237 0.18223421275615692 0.5193947553634644
20238 0.19676366448402405 0.5119003653526306
20239 0.20114652812480927 0.4070681929588318
20240 0.18383514881134033 0.41107553243637085
20241 0.1607213169336319 0.41374555230140686
20242 0.1394331008195877 0.4179964065551758
20243 0.11391064524650574 0.41934821009635925
20244 0.08985651284456253 0.41894781589508057
20245 0.0630648136138916 0.41305166482925415
20246 0.06331968307495117 0.36350762844085693
20247 0.09047186374664307 0.37978309392929077
20248 0.11273358017206192 0.37906619906425476
20249 0.13809436559677124 0.3719426393508911
20250 0.157718226313591 0.3685475289821625
20251 0.1843203902244568 0.37209653854370117
20252 0.20808425545692444 0.3674737215042114
20253 0.33870750665664673 0.025049686431884766
20254 0.319940447807312 0.025049686431884766
20255 0.2979075610637665 0.025049686431884766
20256 0.2820226550102234 0.025049686431884766
20257 0.3527410328388214 0.25454068183898926
20258 0.42433109879493713 0.164254292845726
20259 0.26869308948516846 0.21016977727413177
20260 0.34016484022140503 0.19746646285057068
20261 0.2861432433128357 0.11089073121547699
20262 0.3673943877220154 0.08964760601520538
20263 0.34438472986221313 0.09763363748788834
20264 0.43075627088546753 0.06675592064857483
20265 0.4574626684188843 0.051491305232048035
20266 0.30342209339141846 0.025049684569239616
20267 0.36413270235061646 0.025049686431884766
20268 0.29393550753593445 0.025049686431884766
20269 0.28533750772476196 0.0587487518787384
20270 0.3568874001502991 0.04117950052022934
20271 0.43740707635879517 0.025049686431884766
20272 0.4626901149749756 0.025049686431884766
20273 0.38123250007629395 0.0324680395424366
20274 0.4516677260398865 0.13703653216362
20275 0.3146554231643677 0.20198586583137512
20276 0.38554298877716064 0.21057434380054474
20277 0.4925425350666046 0.13084393739700317
20278 0.48130661249160767 0.04171162098646164
20279 0.48652130365371704 0.025049686431884766
20280 0.39094066619873047 0.025049686431884766
20281 0.4912947714328766 0.025049686431884766
20282 0.4683643579483032 0.025049686431884766
20283 0.4441366493701935 0.025049686431884766
20284 0.37338390946388245 0.025049684569239616
20285 0.4537206292152405 0.025049686431884766
20286 0.47208988666534424 0.025049686431884766
20287 0.49459031224250793 0.025049686431884766
20288 0.4001877009868622 0.025049686431884766
20289 0.487072229385376 0.08707208186388016
20290 0.4542604386806488 0.09130921959877014
20291 0.4232919216156006 0.12107926607131958
20292 0.35388147830963135 0.1457020342350006
20293 0.3308960199356079 0.15197047591209412
20294 0.27813512086868286 0.1615089774131775
20295 0.264595627784729 0.9517784714698792
20296 0.3113504946231842 0.9502559900283813
20297 0.26635968685150146 0.9114911556243896
20298 0.30965715646743774 0.9098736643791199
20299 0.28962886333465576 0.6925704479217529
20300 0.2812778055667877 0.6732904314994812
20301 0.32100754976272583 0.24834752082824707
20302 0.30584877729415894 0.25110891461372375
20303 0.262112021446228 0.2667402923107147
20304 0.27444297075271606 0.6953097581863403
20305 0.258409321308136 0.652277410030365
20306 0.26704367995262146 0.6779768466949463
20307 0.296461284160614 0.6685649156570435
20308 0.30499202013015747 0.6875742077827454
20309 0.3538188934326172 0.8950130939483643
20310 0.35918205976486206 0.9351175427436829
20311 0.2735194265842438 0.6470587253570557
20312 0.29858511686325073 0.025049686431884766
20313 0.4041239619255066 0.9056522846221924
20314 0.3922483026981354 0.873023271560669
20315 0.32075929641723633 0.6817273497581482
20316 0.3114788234233856 0.6622836589813232
20317 0.3258771598339081 0.655340313911438
20318 0.3358592987060547 0.6732755899429321
20319 0.4273223280906677 0.8300487399101257
20320 0.4416680932044983 0.8574994206428528
20321 0.2896586060523987 0.6411173343658447
20322 0.3031296730041504 0.6388972997665405
20323 0.31656506657600403 0.6334956884384155
20324 0.4967480003833771 0.025049686431884766
20325 0.4595891237258911 0.025049686431884766
20326 0.47344350814819336 0.025049686431884766
20327 0.41624754667282104 0.025049686431884766
20328 0.39293351769447327 0.025049686431884766
20329 0.35379791259765625 0.025049686431884766
20330 0.40786921977996826 0.025049686431884766
20331 0.42994847893714905 0.025049684569239616
20332 0.4595891237258911 0.025049686431884766
20333 0.4745030403137207 0.025049686431884766
20334 0.49809202551841736 0.025049686431884766
20335 0.4595891237258911 0.025049686431884766
20336 0.47371622920036316 0.025049686431884766
20337 0.4993160367012024 0.025049686431884766
20338 0.43896204233169556 0.025049686431884766
20339 0.3531590700149536 0.025049686431884766
20340 0.35796666145324707 0.025049686431884766
20341 0.35796666145324707 0.025049686431884766
20342 0.35796666145324707 0.025049686431884766
20343 0.4134655296802521 0.025049686431884766
20344 0.32519155740737915 0.025049686431884766
20345 0.2820226550102234 0.025049686431884766
20346 0.30186206102371216 0.7600321769714355
20347 0.29572373628616333 0.7149345278739929
20348 0.3120286464691162 0.7127507328987122
20349 0.32410234212875366 0.755922794342041
20350 0.3302009403705597 0.7030110955238342
20351 0.3461540639400482 0.6952130794525146
20352 0.3458433151245117 0.745084285736084
20353 0.3660682439804077 0.7319316864013672
20354 0.3557552099227905 0.71477872133255
20355 0.33730703592300415 0.7263653874397278
20356 0.318393737077713 0.734972357749939
20357 0.2980424165725708 0.7399792075157166
20358 0.3406527042388916 0.8282885551452637
20359 0.34465762972831726 0.8580964803695679
20360 0.3801814913749695 0.8383944034576416
20361 0.4101555347442627 0.806849479675293
20362 0.3711242079734802 0.8146398067474365
20363 0.39934200048446655 0.7847002744674683
20364 0.30293968319892883 0.7850738763809204
20365 0.2782273292541504 0.7832785844802856
20366 0.329600065946579 0.7769837379455566
20367 0.3535386323928833 0.7660033702850342
20368 0.37612131237983704 0.7484551072120667
20369 0.3869660794734955 0.7678994536399841
20370 0.36297452449798584 0.7885600924491882
20371 0.3343047797679901 0.8023039698600769
20372 0.2787448465824127 0.76128751039505
20373 0.2776942253112793 0.7186465263366699
20374 0.27855780720710754 0.7403383255004883
20375 0.30680570006370544 0.8395259976387024
20376 0.30696165561676025 0.8703073263168335
20377 0.3041689097881317 0.811395525932312
20378 0.2738666832447052 0.8396492004394531
20379 0.26979687809944153 0.8729135990142822
20380 0.2757079601287842 0.8087949752807617
20381 0.3085854947566986 0.6126147508621216
20382 0.25100022554397583 0.6184816360473633
20383 0.267753541469574 0.6143085956573486
20384 0.28356051445007324 0.615289032459259
20385 0.29616105556488037 0.6153624057769775
20386 0.26620128750801086 0.5858668088912964
20387 0.3018827438354492 0.5935682058334351
20388 0.2911779284477234 0.5947854518890381
20389 0.27942222356796265 0.5928643345832825
20390 0.25173816084861755 0.32081493735313416
20391 0.29520708322525024 0.2974109649658203
20392 0.31056296825408936 0.28979548811912537
20393 0.30557966232299805 0.3409021496772766
20394 0.3375869393348694 0.31710565090179443
20395 0.28940731287002563 0.3429378271102905
20396 0.32482215762138367 0.3438738286495209
20397 0.23218049108982086 0.5572994947433472
20398 0.24492228031158447 0.5447696447372437
20399 0.2252027988433838 0.439211368560791
20400 0.22641190886497498 0.5287348031997681
20401 0.23826277256011963 0.5189847350120544
20402 0.2222813367843628 0.4689108431339264
20403 0.23419585824012756 0.46455711126327515
20404 0.2377469837665558 0.43937909603118896
20405 0.30557844042778015 0.025049686431884766
20406 0.2820226550102234 0.025049686431884766
20407 0.2820226550102234 0.025049686431884766
20408 0.2780524492263794 0.025049686431884766
20409 0.26215845346450806 0.025049686431884766
20410 0.28880786895751953 0.025049686431884766
20411 0.2820226550102234 0.025049686431884766
20412 0.2820226550102234 0.025049686431884766
20413 0.27888205647468567 0.025049686431884766
20414 0.2820226550102234 0.025049686431884766
20415 0.27387839555740356 0.025049686431884766
20416 0.2690473198890686 0.025049686431884766
20417 0.2820226550102234 0.025049686431884766
20418 0.2724875807762146 0.025049686431884766
20419 0.2631457448005676 0.025049686431884766
20420 0.2609134316444397 0.025049686431884766
20421 0.2407086044549942 0.5866369009017944
20422 0.2529585063457489 0.5694854259490967
20423 0.22306576371192932 0.4986497759819031
20424 0.23487988114356995 0.49212145805358887
20425 0.24538111686706543 0.4122132956981659
20426 0.2325432151556015 0.4079471826553345
20427 0.2433062493801117 0.37120315432548523
20428 0.2568088471889496 0.3830607533454895
20429 0.38460737466812134 0.025049686431884766
20430 0.37741410732269287 0.025049686431884766
20431 0.36080700159072876 0.025049686431884766
20432 0.3506738245487213 0.025049686431884766
20433 0.33624643087387085 0.025049686431884766
20434 0.3234008252620697 0.04896535351872444
20435 0.3123622238636017 0.10442148149013519
20436 0.2997794449329376 0.15693949162960052
20437 0.29512959718704224 0.20606718957424164
20438 0.2850598394870758 0.259523868560791
20439 0.27535054087638855 0.31628912687301636
20440 0.2735684812068939 0.35982656478881836
20441 0.3161904811859131 0.3408125638961792
20442 0.31813859939575195 0.28989604115486145
20443 0.33974501490592957 0.24772107601165771
20444 0.3609720468521118 0.19529324769973755
20445 0.38777342438697815 0.13928590714931488
20446 0.3999316692352295 0.08018025010824203
20447 0.4090813100337982 0.025049686431884766
20448 0.4155704975128174 0.025049686431884766
20449 0.4268351197242737 0.025049686431884766
20450 0.4455144703388214 0.025049686431884766
20451 0.4595891237258911 0.025049686431884766
20452 0.4595891237258911 0.025049686431884766
20453 0.3148318827152252 0.365836501121521
20454 0.30776697397232056 0.3635915517807007
20455 0.2998099625110626 0.3651149272918701
20456 0.2903859615325928 0.3705172538757324
20457 0.27812737226486206 0.37900662422180176
20458 0.2724263668060303 0.3921218812465668
20459 0.26439619064331055 0.39919570088386536
20460 0.2556842565536499 0.4151849150657654
20461 0.25182831287384033 0.42813950777053833
20462 0.2464926689863205 0.44081956148147583
20463 0.2445533275604248 0.4599868655204773
20464 0.24510610103607178 0.474526047706604
20465 0.24450233578681946 0.48832613229751587
20466 0.24897044897079468 0.5079478621482849
20467 0.25353485345840454 0.5199457406997681
20468 0.2557651996612549 0.5333050489425659
20469 0.2620917558670044 0.5501617789268494
20470 0.26974207162857056 0.5642979145050049
20471 0.2784762978553772 0.5725795030593872
20472 0.2873630225658417 0.5759507417678833
20473 0.2960236072540283 0.5765671730041504
20474 0.04830482602119446 0.025049686431884766
20475 0.04824811965227127 0.025049686431884766
20476 0.049059197306632996 0.025049686431884766
20477 0.05127623304724693 0.025049686431884766
20478 0.052585817873477936 0.025049686431884766
20479 0.12562736868858337 0.025049686431884766
20480 0.128743976354599 0.025049686431884766
