0 0.5001392364501953 0.6473016142845154
1 0.4996040463447571 0.6078290939331055
2 0.5021597146987915 0.7547709941864014
3 0.5000562071800232 0.6262350082397461
4 0.5005693435668945 0.70888352394104
5 0.5003339648246765 0.6712720394134521
6 0.5048316121101379 0.1325637251138687
7 0.5194106101989746 0.8079324960708618
8 0.5441925525665283 0.8581700325012207
9 0.5074330568313599 0.1138446033000946
10 0.7272623777389526 0.42270219326019287
11 0.7279531955718994 0.4348054528236389
12 0.7257264852523804 0.4091907739639282
13 0.7277988195419312 0.4480170011520386
14 0.727776050567627 0.46139994263648987
15 0.7262997031211853 0.48087483644485474
16 0.7171381115913391 0.49512767791748047
17 0.708617627620697 0.496337890625
18 0.6985421776771545 0.46776607632637024
19 0.7192277312278748 0.3892825245857239
20 0.7236289978027344 0.3981739282608032
21 0.7137590646743774 0.3823152184486389
22 0.7109783887863159 0.3865348696708679
23 0.6586159467697144 0.28202834725379944
24 0.6373330354690552 0.25759565830230713
25 0.6325920820236206 0.2936016023159027
26 0.652661919593811 0.31391817331314087
27 0.664034903049469 0.25271090865135193
28 0.6245460510253906 0.20654502511024475
29 0.6015945672988892 0.5997886657714844
30 0.6122168302536011 0.5835490822792053
31 0.6046800017356873 0.5752631425857544
32 0.5949063301086426 0.5890114903450012
33 0.6089951992034912 0.6110647916793823
34 0.6202319860458374 0.5945494174957275
35 0.6211724281311035 0.5689458847045898
36 0.6130512356758118 0.5609387755393982
37 0.6303851008415222 0.577944815158844
38 0.6270263195037842 0.32661378383636475
39 0.6432818174362183 0.3440372347831726
40 0.598468005657196 0.5669174790382385
41 0.5893675088882446 0.5786709189414978
42 0.605802059173584 0.5533666014671326
43 0.6127671599388123 0.538257360458374
44 0.6196795105934143 0.52302485704422
45 0.508728563785553 0.6073489189147949
46 0.5122772455215454 0.6692433953285217
47 0.5104056596755981 0.6466288566589355
48 0.6235211491584778 0.39411312341690063
49 0.6107805967330933 0.37723350524902344
50 0.619895339012146 0.3541896343231201
51 0.6336095929145813 0.3723221719264984
52 0.5216929316520691 0.6449329257011414
53 0.5195815563201904 0.625547468662262
54 0.5094050168991089 0.6261337995529175
55 0.6212273836135864 0.5452489256858826
56 0.6303713321685791 0.5523671507835388
57 0.6404762864112854 0.5601930022239685
58 0.524390459060669 0.667072057723999
59 0.5178934931755066 0.6075451970100403
60 0.5190150737762451 0.7424123883247375
61 0.5164339542388916 0.6987980008125305
62 0.5303757190704346 0.694210410118103
63 0.6178812384605408 0.6238262057304382
64 0.6298144459724426 0.6056708097457886
65 0.6405468583106995 0.5879419445991516
66 0.6705377101898193 0.42789724469184875
67 0.6705228686332703 0.4186226427555084
68 0.6663429737091064 0.40660902857780457
69 0.6660494208335876 0.4208529591560364
70 0.5612640380859375 0.14407683908939362
71 0.5895352363586426 0.16961197555065155
72 0.5304581522941589 0.1330934315919876
73 0.6370640993118286 0.418757826089859
74 0.6481090188026428 0.39064478874206543
75 0.6553544998168945 0.4275209605693817
76 0.6585088968276978 0.40693673491477966
77 0.6293466091156006 0.5292438864707947
78 0.6395453214645386 0.5354933738708496
79 0.6501607894897461 0.5420044660568237
80 0.6510587930679321 0.5687776207923889
81 0.6607522964477539 0.5495691895484924
82 0.7042994499206543 0.3690553903579712
83 0.5364526510238647 0.731182336807251
84 0.6397622227668762 0.6175566911697388
85 0.6508001089096069 0.5984657406806946
86 0.6789435148239136 0.28814467787742615
87 0.6721087694168091 0.3089887797832489
88 0.7046939730644226 0.4992537498474121
89 0.5791810750961304 0.5894758105278015
90 0.5844184160232544 0.6002745628356934
91 0.6276097297668457 0.6376172304153442
92 0.5907161831855774 0.6125066876411438
93 0.568837583065033 0.5963602066040039
94 0.5735230445861816 0.6089516282081604
95 0.558238685131073 0.6006368398666382
96 0.5626207590103149 0.615157961845398
97 0.5792654752731323 0.6222165822982788
98 0.5672048926353455 0.6305331587791443
99 0.5402897000312805 0.6226379871368408
100 0.5299355387687683 0.6241432428359985
101 0.5327077507972717 0.643048882484436
102 0.5439018607139587 0.6398400068283081
103 0.5365129709243774 0.6638309955596924
104 0.5484322309494019 0.6586772799491882
105 0.5373164415359497 0.6053681969642639
106 0.5274245738983154 0.6066813468933105
107 0.5559992790222168 0.6356102228164673
108 0.561052143573761 0.6538622379302979
109 0.5731490254402161 0.6466230750083923
110 0.5516502261161804 0.6192022562026978
111 0.5475723147392273 0.6036854982376099
112 0.6306138634681702 0.4881756603717804
113 0.6365880966186523 0.44798794388771057
114 0.6475855708122253 0.47234535217285156
115 0.651524543762207 0.4505161941051483
116 0.6342809200286865 0.469595730304718
117 0.642588198184967 0.4924688935279846
118 0.6546192765235901 0.4965847134590149
119 0.663309633731842 0.5008399486541748
120 0.6593180894851685 0.47670885920524597
121 0.6659050583839417 0.43568581342697144
122 0.6633008718490601 0.4545827805995941
123 0.6660882234573364 0.48108160495758057
124 0.670530378818512 0.44157320261001587
125 0.6729554533958435 0.4502832293510437
126 0.6720471978187561 0.46434956789016724
127 0.6682847738265991 0.4607205390930176
128 0.6697072982788086 0.4818291962146759
129 0.656273365020752 0.36567872762680054
130 0.6647907495498657 0.3395180404186249
131 0.6617568135261536 0.3884463906288147
132 0.695077121257782 0.35596704483032227
133 0.5575775504112244 0.8298192024230957
134 0.535468578338623 0.7864304780960083
135 0.5740765333175659 0.8070776462554932
136 0.5523930788040161 0.7678941488265991
137 0.6727588176727295 0.6182526350021362
138 0.6609906554222107 0.6079188585281372
139 0.6502393484115601 0.6282095313072205
140 0.6624569296836853 0.6390709280967712
141 0.6383557319641113 0.649431049823761
142 0.6514418125152588 0.66280198097229
143 0.6614922881126404 0.5783243179321289
144 0.6705228090286255 0.5580771565437317
145 0.6709381937980652 0.5055257081985474
146 0.6803648471832275 0.5089242458343506
147 0.6713571548461914 0.5867302417755127
148 0.6822949647903442 0.5955548286437988
149 0.6795504689216614 0.5660923719406128
150 0.6855424642562866 0.515660285949707
151 0.6998616456985474 0.49677833914756775
152 0.6885740756988525 0.5729756951332092
153 0.6895592212677002 0.5195648670196533
154 0.6979243755340576 0.4944576621055603
155 0.6936761140823364 0.5210564136505127
156 0.5687812566757202 0.6746302843093872
157 0.5809742212295532 0.6657431125640869
158 0.5428625345230103 0.6905922889709473
159 0.555232584476471 0.6841830611228943
160 0.5518856048583984 0.7196659445762634
161 0.5650805234909058 0.7082744836807251
162 0.5675243139266968 0.7531516551971436
163 0.5801496505737305 0.7357947826385498
164 0.5786224603652954 0.6974003314971924
165 0.5931483507156372 0.7206397652626038
166 0.5867051482200623 0.783854067325592
167 0.5981556177139282 0.763504147529602
168 0.5856234431266785 0.63709956407547
169 0.5974220037460327 0.6255490779876709
170 0.6056615114212036 0.6404323577880859
171 0.6155127882957458 0.6557744145393372
172 0.5910423398017883 0.6856848001480103
173 0.6033622622489929 0.6714219450950623
174 0.5932904481887817 0.654064953327179
175 0.627013087272644 0.670271098613739
176 0.6043608784675598 0.705202579498291
177 0.6157410740852356 0.6870604753494263
178 0.6101348400115967 0.7445176243782043
179 0.6407954692840576 0.6848416328430176
180 0.6199118494987488 0.7248499989509583
181 0.6304705739021301 0.705165445804596
182 0.6258108615875244 0.5064406991004944
183 0.6476166248321533 0.5168207883834839
184 0.636589765548706 0.5117791295051575
185 0.658711314201355 0.52192622423172
186 0.6679908037185669 0.5289186239242554
187 0.676520049571991 0.5379506945610046
188 0.6842261552810669 0.5458772778511047
189 0.6918725967407227 0.5515445470809937
190 0.6685545444488525 0.3948708176612854
191 0.6687442064285278 0.368261456489563
192 0.6777422428131104 0.3367486596107483
193 0.6711454391479492 0.4097033143043518
194 0.68301922082901 0.31912192702293396
195 0.6987682580947876 0.36590224504470825
196 0.6893334984779358 0.3081713914871216
197 0.6863014698028564 0.2750595211982727
198 0.6703125238418579 0.2290891408920288
199 0.6430109739303589 0.19243565201759338
200 0.6022400856018066 0.16185808181762695
201 0.5662963390350342 0.13522368669509888
202 0.533441424369812 0.11599244177341461
203 0.7009261250495911 0.42278650403022766
204 0.6929434537887573 0.41069579124450684
205 0.6918603777885437 0.41586774587631226
206 0.6894810795783997 0.40609559416770935
207 0.6882004141807556 0.4113937318325043
208 0.6869783997535706 0.4358800947666168
209 0.690372884273529 0.43701162934303284
210 0.6989556550979614 0.4330193102359772
211 0.6876294016838074 0.39631444215774536
212 0.6859623193740845 0.40163955092430115
213 0.6914280652999878 0.40105438232421875
214 0.6813297271728516 0.46882665157318115
215 0.6790057420730591 0.4618033766746521
216 0.6789640188217163 0.4614444375038147
217 0.6811782717704773 0.46860194206237793
218 0.6921833753585815 0.4852619171142578
219 0.6874922513961792 0.484531432390213
220 0.6904498934745789 0.44627341628074646
221 0.6878523826599121 0.4559409022331238
222 0.7002071738243103 0.4617558717727661
223 0.7032229900360107 0.4375717341899872
224 0.6880184412002563 0.41221851110458374
225 0.6954244375228882 0.4831726849079132
226 0.6946696043014526 0.40627118945121765
227 0.705168604850769 0.43620890378952026
228 0.7066212892532349 0.4348924160003662
229 0.7023177742958069 0.421083003282547
230 0.6989704966545105 0.39919161796569824
231 0.6997677683830261 0.3986087739467621
232 0.6962884664535522 0.3907247483730316
233 0.6948080062866211 0.39297518134117126
234 0.7054232358932495 0.45578569173812866
235 0.7076658606529236 0.45488739013671875
236 0.6985596418380737 0.48067739605903625
237 0.7012913823127747 0.4773487150669098
238 0.7065887451171875 0.46711957454681396
239 0.7033417820930481 0.4747636318206787
240 0.7064652442932129 0.4780508279800415
241 0.6929396390914917 0.48267579078674316
242 0.6893975734710693 0.4834628999233246
243 0.6814512610435486 0.47566598653793335
244 0.681869626045227 0.47468680143356323
245 0.6964147090911865 0.4809337854385376
246 0.706948459148407 0.4162123501300812
247 0.7112410664558411 0.4321298599243164
248 0.7051897048950195 0.4178812801837921
249 0.7089045643806458 0.43327558040618896
250 0.7102490663528442 0.4534496068954468
251 0.7099279165267944 0.4536118805408478
252 0.6996422410011292 0.47901245951652527
253 0.7005916833877563 0.4801054000854492
254 0.6970784664154053 0.48269516229629517
255 0.7020260691642761 0.47709372639656067
256 0.7022557854652405 0.4775834083557129
257 0.7079758644104004 0.46611618995666504
258 0.7076815366744995 0.46629583835601807
259 0.704633355140686 0.47430849075317383
260 0.7039716243743896 0.4738755226135254
261 0.7033864855766296 0.48670876026153564
262 0.6785556077957153 0.4624229073524475
263 0.6741365194320679 0.4383561909198761
264 0.674311637878418 0.4315294027328491
265 0.6747694611549377 0.46553975343704224
266 0.67698734998703 0.4640190601348877
267 0.6752887964248657 0.4535960257053375
268 0.6780539751052856 0.43828141689300537
269 0.678055465221405 0.3983036279678345
270 0.6750388741493225 0.4038940668106079
271 0.6794012784957886 0.4064960479736328
272 0.6914795637130737 0.38727104663848877
273 0.6814146637916565 0.3867794871330261
274 0.6788716912269592 0.3803488314151764
275 0.6772024631500244 0.3857441842556
276 0.6799608469009399 0.3914864957332611
277 0.6885066032409668 0.3711673617362976
278 0.6808327436447144 0.3729791045188904
279 0.6849400997161865 0.37536489963531494
280 0.6844537854194641 0.39106762409210205
281 0.6773012280464172 0.45347246527671814
282 0.6783424019813538 0.4122849404811859
283 0.6770623922348022 0.423756867647171
284 0.6774933934211731 0.4277228116989136
285 0.686327338218689 0.4415712058544159
286 0.6796330213546753 0.4541561007499695
287 0.6810207366943359 0.4549739956855774
288 0.6883146166801453 0.44268253445625305
289 0.6783531904220581 0.453399658203125
290 0.6778711676597595 0.43864545226097107
291 0.6780345439910889 0.4391351044178009
292 0.6791671514511108 0.4409545958042145
293 0.6829416751861572 0.468630313873291
294 0.683856725692749 0.4643314480781555
295 0.68342125415802 0.47791022062301636
296 0.6862891316413879 0.4552364945411682
297 0.6843247413635254 0.48107635974884033
298 0.682450532913208 0.47257131338119507
299 0.6772286891937256 0.4336993098258972
300 0.6766847372055054 0.43071693181991577
301 0.674622118473053 0.4258861541748047
302 0.6772097945213318 0.42793452739715576
303 0.6767395734786987 0.42011746764183044
304 0.677760899066925 0.43163248896598816
305 0.6776447892189026 0.4339843690395355
306 0.6777827143669128 0.43187907338142395
307 0.6779614090919495 0.43409714102745056
308 0.6779186725616455 0.43412020802497864
309 0.6778028011322021 0.43210548162460327
310 0.6763252019882202 0.47410106658935547
311 0.6755375862121582 0.481443852186203
312 0.6794887781143188 0.48766952753067017
313 0.6932386755943298 0.48375797271728516
314 0.6899665594100952 0.4844513535499573
315 0.6846441030502319 0.4818193018436432
316 0.6851819753646851 0.49652206897735596
317 0.6897410750389099 0.49622970819473267
318 0.6897556781768799 0.49299857020378113
319 0.6845558285713196 0.49164217710494995
320 0.693055272102356 0.49457278847694397
321 0.693225085735321 0.4917770028114319
322 0.7000558972358704 0.48931095004081726
323 0.6981604695320129 0.4920133948326111
324 0.6953997611999512 0.4931528568267822
325 0.6963505744934082 0.49009546637535095
326 0.689193844795227 0.4471457600593567
327 0.6844676733016968 0.41064581274986267
328 0.6825442314147949 0.40891364216804504
329 0.6835118532180786 0.39670443534851074
330 0.6824750900268555 0.40271592140197754
331 0.684699296951294 0.4070192575454712
332 0.707467257976532 0.4409445822238922
333 0.7058323621749878 0.44204598665237427
334 0.7032912373542786 0.44390928745269775
335 0.691001296043396 0.4420175552368164
336 0.6889810562133789 0.4449327290058136
337 0.6856541037559509 0.4541398286819458
338 0.6802417039871216 0.4626939594745636
339 0.6814647912979126 0.4690268039703369
340 0.6814794540405273 0.4746091961860657
341 0.6834308505058289 0.48155510425567627
342 0.6883395314216614 0.48412173986434937
343 0.6924828886985779 0.48341161012649536
344 0.6958604454994202 0.4812532067298889
345 0.6990837454795837 0.4792182445526123
346 0.7018688321113586 0.47691941261291504
347 0.7037516832351685 0.4741577208042145
348 0.707054853439331 0.4665558338165283
349 0.7087846398353577 0.4542280435562134
350 0.711615800857544 0.4392777383327484
351 0.7102313041687012 0.4399167001247406
352 0.6967766880989075 0.4024561643600464
353 0.6927926540374756 0.3964022397994995
354 0.7034931182861328 0.4184909462928772
355 0.6828194856643677 0.38051551580429077
356 0.685940146446228 0.387046754360199
357 0.6896207928657532 0.3910524547100067
358 0.7076581716537476 0.43402254581451416
359 0.708608865737915 0.4404003322124481
360 0.6743942499160767 0.41927188634872437
361 0.6774617433547974 0.42825964093208313
362 0.6778028011322021 0.4321054518222809
363 0.6766521334648132 0.4239460825920105
364 0.6739911437034607 0.44318127632141113
365 0.678685188293457 0.44594651460647583
366 0.6756727695465088 0.44383442401885986
367 0.6778080463409424 0.4450465440750122
368 0.6876397132873535 0.3596292734146118
369 0.6839069724082947 0.3621678948402405
370 0.684379518032074 0.4859135150909424
371 0.6896319389343262 0.4892398416996002
372 0.6794501543045044 0.4807032346725464
373 0.6784069538116455 0.47168633341789246
374 0.6976163983345032 0.4868162274360657
375 0.7039324641227722 0.481818825006485
376 0.7015470266342163 0.4854218363761902
377 0.6934647560119629 0.4885154068470001
378 0.6868728399276733 0.4593517780303955
379 0.6970469951629639 0.4467945694923401
380 0.6991636157035828 0.4390442967414856
381 0.6903767585754395 0.45832258462905884
382 0.6871749758720398 0.46520185470581055
383 0.7012202143669128 0.43875813484191895
384 0.6986487507820129 0.4483308494091034
385 0.6901868581771851 0.46249181032180786
386 0.6868827939033508 0.4678637385368347
387 0.6805731058120728 0.41130945086479187
388 0.6818365454673767 0.41179409623146057
389 0.683083176612854 0.4101455509662628
390 0.683486819267273 0.4119405150413513
391 0.6851450800895691 0.4113379716873169
392 0.6854080557823181 0.4135432839393616
393 0.6880948543548584 0.41559725999832153
394 0.6878184080123901 0.4172847270965576
395 0.6902837753295898 0.41782912611961365
396 0.690292477607727 0.4197486639022827
397 0.6919680833816528 0.4180425703525543
398 0.6921603679656982 0.42220067977905273
399 0.7005046010017395 0.43120503425598145
400 0.6976655721664429 0.4261278510093689
401 0.6968618035316467 0.4278220534324646
402 0.7089556455612183 0.4746057391166687
403 0.7066648006439209 0.47022682428359985
404 0.7059659361839294 0.4705769717693329
405 0.7055084705352783 0.47083213925361633
406 0.7050596475601196 0.4712408483028412
407 0.7094056606292725 0.4600188136100769
408 0.7089618444442749 0.4607378840446472
409 0.7084214687347412 0.4617157280445099
410 0.707316517829895 0.46165162324905396
411 0.7052867412567139 0.46180084347724915
412 0.7008651494979858 0.46535724401474
413 0.7113844156265259 0.4464226961135864
414 0.7101252675056458 0.44691750407218933
415 0.7090867757797241 0.4475683271884918
416 0.7079060077667236 0.44818010926246643
417 0.706015944480896 0.44944876432418823
418 0.7033419013023376 0.45169293880462646
419 0.7037456035614014 0.4293663501739502
420 0.7049367427825928 0.4276818037033081
421 0.7060704231262207 0.4267115592956543
422 0.7075243592262268 0.4256724417209625
423 0.7096396684646606 0.42421549558639526
424 0.697401225566864 0.47771739959716797
425 0.6994949579238892 0.47565892338752747
426 0.6949090361595154 0.4751897156238556
427 0.6960604190826416 0.4714243412017822
428 0.6935960650444031 0.4699132442474365
429 0.6927018165588379 0.4740400016307831
430 0.6909469366073608 0.47258254885673523
431 0.6907826662063599 0.46797552704811096
432 0.6893091201782227 0.4759317636489868
433 0.687433660030365 0.4713110625743866
434 0.7027326226234436 0.49099937081336975
435 0.7012578248977661 0.46892422437667847
436 0.705585777759552 0.4875921905040741
437 0.7056533098220825 0.48341453075408936
438 0.7096364498138428 0.47965189814567566
439 0.7033089399337769 0.4071047306060791
440 0.7025722861289978 0.4088789224624634
441 0.7006393671035767 0.4114738702774048
442 0.6986722946166992 0.4141225218772888
443 0.696743905544281 0.41765493154525757
444 0.676429033279419 0.3783654570579529
445 0.6774253845214844 0.3722996711730957
446 0.6812950968742371 0.36568760871887207
447 0.6878567934036255 0.38146060705184937
448 0.6902897953987122 0.37713757157325745
449 0.6931507587432861 0.3840661644935608
450 0.7054495811462402 0.49575838446617126
451 0.6989033222198486 0.4967779517173767
452 0.6965345740318298 0.4951987564563751
453 0.6944171786308289 0.49509838223457336
454 0.691925048828125 0.496045857667923
455 0.6892173886299133 0.49711960554122925
456 0.6870109438896179 0.49835193157196045
457 0.6794609427452087 0.4464234411716461
458 0.6787897944450378 0.45381635427474976
459 0.6789749264717102 0.4615384042263031
460 0.6799769997596741 0.4698975682258606
461 0.6805012226104736 0.47731149196624756
462 0.6845866441726685 0.4833846092224121
463 0.6897525191307068 0.4863049387931824
464 0.6934484243392944 0.4865220785140991
465 0.697727382183075 0.48499855399131775
466 0.7015204429626465 0.4826921224594116
467 0.7035903930664062 0.4802091121673584
468 0.7061785459518433 0.4766049385070801
469 0.7083038687705994 0.4722234010696411
470 0.7097221612930298 0.46719568967819214
471 0.7112736701965332 0.4610099792480469
472 0.7121705412864685 0.45367923378944397
473 0.7131342887878418 0.44626879692077637
474 0.7129350304603577 0.438551127910614
475 0.7132286429405212 0.43062877655029297
476 0.7112685441970825 0.42242246866226196
477 0.7093821167945862 0.4139919579029083
478 0.7049407958984375 0.40426182746887207
479 0.7017563581466675 0.39549994468688965
480 0.6984947323799133 0.3878101706504822
481 0.694871187210083 0.3805987536907196
482 0.6925339698791504 0.3745845854282379
483 0.69117271900177 0.3682224750518799
484 0.690633237361908 0.3610936403274536
485 0.6948643922805786 0.4786466658115387
486 0.6921052932739258 0.4782666862010956
487 0.6977946162223816 0.47344785928726196
488 0.6966144442558289 0.475511372089386
489 0.6908427476882935 0.3587263524532318
490 0.6935173273086548 0.36422938108444214
491 0.6885362267494202 0.3565373718738556
492 0.6853868365287781 0.3583287000656128
493 0.6978092789649963 0.36615052819252014
494 0.7024334073066711 0.3720211386680603
495 0.6755229830741882 0.3766322433948517
496 0.6792781949043274 0.3665953278541565
497 0.6835154294967651 0.35466116666793823
498 0.6896153688430786 0.34760981798171997
499 0.6920597553253174 0.350400447845459
500 0.6874028444290161 0.3483636677265167
501 0.7021307945251465 0.4312693476676941
502 0.6949373483657837 0.42126089334487915
503 0.6944172978401184 0.424275279045105
504 0.6981008052825928 0.4253748953342438
505 0.694670557975769 0.42039069533348083
506 0.6775450110435486 0.42695873975753784
507 0.6826928853988647 0.4137609601020813
508 0.6889172792434692 0.4265524744987488
509 0.6913098692893982 0.4308807849884033
510 0.690043568611145 0.42201411724090576
511 0.6875288486480713 0.41905200481414795
512 0.6922956705093384 0.4258289337158203
513 0.6940421462059021 0.42663437128067017
514 0.6952757835388184 0.4302811324596405
515 0.696318507194519 0.43410027027130127
516 0.6962358951568604 0.43994536995887756
517 0.6953943371772766 0.4458175003528595
518 0.690558910369873 0.4576474130153656
519 0.6875782608985901 0.46272653341293335
520 0.6787970066070557 0.4320126175880432
521 0.6864896416664124 0.42232149839401245
522 0.6933960914611816 0.4316047132015228
523 0.6934468150138855 0.43561920523643494
524 0.6936688423156738 0.43992578983306885
525 0.6927046775817871 0.445769727230072
526 0.689594566822052 0.4567747712135315
527 0.6881515979766846 0.4595503509044647
528 0.6940962076187134 0.45561885833740234
529 0.6937615871429443 0.4535498023033142
530 0.6931971311569214 0.45258864760398865
531 0.6912806034088135 0.4519071578979492
532 0.6892435550689697 0.4510557949542999
533 0.6880645751953125 0.4503822922706604
534 0.6873173713684082 0.4491826295852661
535 0.6859990358352661 0.447530597448349
536 0.6837730407714844 0.4462986886501312
537 0.7016690373420715 0.4732198417186737
538 0.7035136222839355 0.4703245759010315
539 0.7048184871673584 0.46651583909988403
540 0.6991031169891357 0.4544881582260132
541 0.69515460729599 0.4618164598941803
542 0.7018071413040161 0.46824660897254944
543 0.6841290593147278 0.4383670687675476
544 0.6815915107727051 0.44048991799354553
545 0.6793968677520752 0.4360537528991699
546 0.6812499761581421 0.43595990538597107
547 0.6795486211776733 0.44095975160598755
548 0.6785997152328491 0.436869353055954
549 0.6820915341377258 0.4436664581298828
550 0.6799220442771912 0.4437113404273987
551 0.6843075156211853 0.44138526916503906
552 0.6851165890693665 0.4150127172470093
553 0.6837398409843445 0.4133772552013397
554 0.723857045173645 0.4233776330947876
555 0.6982597708702087 0.4597507417201996
556 0.6998188495635986 0.4524281322956085
557 0.723937451839447 0.4337897002696991
558 0.6991105079650879 0.4578937292098999
559 0.7242823243141174 0.44666919112205505
560 0.7208342552185059 0.4106135368347168
561 0.6986379623413086 0.46119749546051025
562 0.6996489763259888 0.45706889033317566
563 0.7003215551376343 0.45151010155677795
564 0.7006542086601257 0.44538119435310364
565 0.7224175930023193 0.4339542090892792
566 0.7217845916748047 0.4240790903568268
567 0.7192742228507996 0.41275399923324585
568 0.7176245450973511 0.3948747515678406
569 0.7147312164306641 0.39485907554626465
570 0.7193841934204102 0.4015299677848816
571 0.7169702053070068 0.4041288197040558
572 0.7019571661949158 0.45803380012512207
573 0.7025769352912903 0.45174604654312134
574 0.702784538269043 0.44510623812675476
575 0.720740795135498 0.4337307810783386
576 0.7206711173057556 0.42411044239997864
577 0.7186110019683838 0.41346418857574463
578 0.7005084753036499 0.4624103605747223
579 0.7134385108947754 0.3967467248439789
580 0.7169273495674133 0.40413007140159607
581 0.7151139378547668 0.42867594957351685
582 0.7144432663917542 0.4534711241722107
583 0.71145099401474 0.4109075665473938
584 0.707125186920166 0.3887369632720947
585 0.7040674686431885 0.3910946846008301
586 0.7005078792572021 0.38345250487327576
587 0.7108370661735535 0.46844691038131714
588 0.7021732330322266 0.37911492586135864
589 0.7149598598480225 0.43635231256484985
590 0.7012885212898254 0.37767472863197327
591 0.7134671211242676 0.4625212848186493
592 0.7156884670257568 0.4459854066371918
593 0.7131518125534058 0.41918647289276123
594 0.714103102684021 0.46980977058410645
595 0.7160797119140625 0.46404287219047546
596 0.7171100974082947 0.4527924060821533
597 0.7178693413734436 0.4457026720046997
598 0.7168378829956055 0.4344833493232727
599 0.7170704007148743 0.4270477890968323
600 0.7148297429084778 0.41630661487579346
601 0.7133630514144897 0.40809929370880127
602 0.7101418375968933 0.3983045220375061
603 0.7076433300971985 0.40034419298171997
604 0.6940003037452698 0.3644455671310425
605 0.6938661336898804 0.36911314725875854
606 0.6946529150009155 0.37349733710289
607 0.6974368095397949 0.3700398802757263
608 0.6975268721580505 0.3730851411819458
609 0.6972066760063171 0.3772651255130768
610 0.7031979560852051 0.4637015461921692
611 0.7042031288146973 0.45894134044647217
612 0.7050513625144958 0.45299527049064636
613 0.7194604277610779 0.4442698359489441
614 0.7186146974563599 0.4337221384048462
615 0.7186862826347351 0.42588603496551514
616 0.7165439128875732 0.4148019254207611
617 0.7086315155029297 0.38933104276657104
618 0.7124654054641724 0.39682474732398987
619 0.7149578332901001 0.4058366119861603
620 0.6716715097427368 0.39068132638931274
621 0.6737414598464966 0.37345802783966064
622 0.6786772608757019 0.3545430600643158
623 0.6853405833244324 0.34003016352653503
624 0.688373863697052 0.3332904577255249
625 0.6923134326934814 0.33100175857543945
626 0.6960406303405762 0.33333146572113037
627 0.6996124982833862 0.34072256088256836
628 0.7037456035614014 0.35130423307418823
629 0.7102914452552795 0.36567163467407227
630 0.7145066261291504 0.37555617094039917
631 0.7211910486221313 0.38601985573768616
632 0.7264828681945801 0.39761680364608765
633 0.7296410202980042 0.4081144630908966
634 0.7316224575042725 0.42351818084716797
635 0.732023298740387 0.43836894631385803
636 0.7320055961608887 0.45180055499076843
637 0.7299959659576416 0.46608346700668335
638 0.7259762287139893 0.4810062050819397
639 0.7218461036682129 0.49077028036117554
640 0.7119640707969666 0.4951287508010864
641 0.7126820087432861 0.5188812613487244
642 0.7078551054000854 0.5292789936065674
643 0.7025883793830872 0.5350264310836792
644 0.6966747045516968 0.5361218452453613
645 0.6907432675361633 0.5340449213981628
646 0.6849672794342041 0.5291651487350464
647 0.6778515577316284 0.5205823183059692
648 0.6768849492073059 0.4962036609649658
649 0.7027503252029419 0.45725300908088684
650 0.7030868530273438 0.4630011022090912
651 0.6998869776725769 0.47087132930755615
652 0.6983494758605957 0.4684855341911316
653 0.6968327760696411 0.46541890501976013
654 0.7032923102378845 0.4659883379936218
655 0.674938976764679 0.39088520407676697
656 0.6728109121322632 0.4049047827720642
657 0.674748420715332 0.4151560068130493
658 0.6767145395278931 0.4209822118282318
659 0.677184522151947 0.4251345098018646
660 0.6774713397026062 0.4283672571182251
661 0.4992556571960449 0.5926229953765869
662 0.49890702962875366 0.578468382358551
663 0.49409738183021545 0.14058606326580048
664 0.49848365783691406 0.2113146185874939
665 0.4991595149040222 0.22771304845809937
666 0.49957752227783203 0.2771211266517639
667 0.49975553154945374 0.25165116786956787
668 0.49829667806625366 0.1636718362569809
669 0.49957266449928284 0.3204856514930725
670 0.4995589256286621 0.3157302439212799
671 0.49935615062713623 0.308969646692276
672 0.4994838833808899 0.29357659816741943
673 0.49942880868911743 0.2991083264350891
674 0.499527245759964 0.2409181296825409
675 0.49958330392837524 0.2702624797821045
676 0.4994524419307709 0.2879265546798706
677 0.4995102882385254 0.2828061282634735
678 0.49977773427963257 0.2624223530292511
679 0.4986919164657593 0.5649387836456299
680 0.498558908700943 0.5528391003608704
681 0.4994659423828125 0.4631637930870056
682 0.49945715069770813 0.4702845513820648
683 0.49949049949645996 0.444576621055603
684 0.49943476915359497 0.48744529485702515
685 0.498654842376709 0.5323517322540283
686 0.49948233366012573 0.4502542018890381
687 0.4994492530822754 0.41112208366394043
688 0.4995681047439575 0.40190908312797546
689 0.4994876980781555 0.41736721992492676
690 0.499458372592926 0.4139874577522278
691 0.49953120946884155 0.43555009365081787
692 0.4987254738807678 0.5230277180671692
693 0.49956220388412476 0.3785594403743744
694 0.49950921535491943 0.4277728497982025
695 0.49947410821914673 0.45660313963890076
696 0.4995664954185486 0.3739832937717438
697 0.4994238615036011 0.4956706762313843
698 0.49944764375686646 0.4209268391132355
699 0.4989599585533142 0.5139249563217163
700 0.49873068928718567 0.5421181917190552
701 0.4995092749595642 0.4241662919521332
702 0.4995298683643341 0.4072270393371582
703 0.4995264410972595 0.4313971996307373
704 0.4994451701641083 0.47958195209503174
705 0.49945512413978577 0.3927334249019623
706 0.4995048940181732 0.33306869864463806
707 0.4995609521865845 0.32962554693222046
708 0.5001438856124878 0.34295353293418884
709 0.5004671216011047 0.34295326471328735
710 0.5092712640762329 0.2129094898700714
711 0.49956533312797546 0.340138703584671
712 0.4994535446166992 0.3368135988712311
713 0.500754177570343 0.34295302629470825
714 0.545085608959198 0.17212985455989838
715 0.49956491589546204 0.3268113434314728
716 0.5004985332489014 0.34295323491096497
717 0.5009922981262207 0.31176048517227173
718 0.5009462237358093 0.3117538094520569
719 0.5248422026634216 0.17178916931152344
720 0.49956855177879333 0.3238191306591034
721 0.5753288269042969 0.1948436200618744
722 0.5006377100944519 0.3429531157016754
723 0.5367506146430969 0.414878785610199
724 0.49972543120384216 0.3580041825771332
725 0.4996377229690552 0.3643527626991272
726 0.49984902143478394 0.34295380115509033
727 0.5001922845840454 0.34295350313186646
728 0.5008960366249084 0.3429528772830963
729 0.514485239982605 0.399160236120224
730 0.4998484253883362 0.34873050451278687
731 0.5007603168487549 0.34295302629470825
732 0.5011661052703857 0.3429526686668396
733 0.5018984079360962 0.34295204281806946
734 0.5220832824707031 0.4044654369354248
735 0.49965259432792664 0.36923620104789734
736 0.49968981742858887 0.34295395016670227
737 0.5616830587387085 0.18313176929950714
738 0.6648997664451599 0.30914539098739624
739 0.5010594129562378 0.31047242879867554
740 0.5014501214027405 0.3077072203159332
741 0.4991908371448517 0.5051373243331909
742 0.550986111164093 0.5755264759063721
743 0.5416147708892822 0.575291097164154
744 0.5444215536117554 0.5890353322029114
745 0.5540392994880676 0.5869442224502563
746 0.6112865805625916 0.5175813436508179
747 0.6055485606193542 0.5316846966743469
748 0.604464590549469 0.5134482383728027
749 0.600003719329834 0.5268458127975464
750 0.508025050163269 0.59163498878479
751 0.6030988693237305 0.3955642879009247
752 0.6122816801071167 0.41136834025382996
753 0.5933113098144531 0.5600148439407349
754 0.5845613479614258 0.5708742141723633
755 0.6000071167945862 0.5467174053192139
756 0.6023043394088745 0.4239917993545532
757 0.6074659824371338 0.4396136999130249
758 0.6188845038414001 0.42996150255203247
759 0.5886790752410889 0.5537859201431274
760 0.5800375938415527 0.5634267926216125
761 0.595158040523529 0.5412505865097046
762 0.5950462818145752 0.4102969169616699
763 0.5075210928916931 0.5774622559547424
764 0.5167976021766663 0.591365396976471
765 0.5157356262207031 0.5769942998886108
766 0.5139592885971069 0.32462364435195923
767 0.5154711008071899 0.32044073939323425
768 0.5116409659385681 0.31790024042129517
769 0.5101732015609741 0.32234635949134827
770 0.5176783800125122 0.330127090215683
771 0.5190209150314331 0.3262259364128113
772 0.5044525861740112 0.32042384147644043
773 0.5050618648529053 0.31607139110565186
774 0.50180983543396 0.3159337043762207
775 0.501477062702179 0.32052096724510193
776 0.5071573257446289 0.3204725980758667
777 0.5080493688583374 0.31617605686187744
778 0.51702481508255 0.31435084342956543
779 0.5132556557655334 0.3116762936115265
780 0.5214036107063293 0.31916260719299316
781 0.6130899786949158 0.2819438576698303
782 0.610848069190979 0.24565085768699646
783 0.5982496738433838 0.21029706299304962
784 0.5227683186531067 0.3420007526874542
785 0.5229294300079346 0.3446562588214874
786 0.5254490971565247 0.34381669759750366
787 0.5241214632987976 0.3405807912349701
788 0.52003413438797 0.3355099856853485
789 0.5213459730148315 0.33157989382743835
790 0.5264944434165955 0.3061223030090332
791 0.5237372517585754 0.3260066509246826
792 0.5305919647216797 0.31310901045799255
793 0.5250355005264282 0.3326442241668701
794 0.5321511030197144 0.3226919174194336
795 0.5279936194419861 0.34214428067207336
796 0.5258206129074097 0.34735167026519775
797 0.5286543965339661 0.3467644453048706
798 0.5229818820953369 0.33634963631629944
799 0.6113589406013489 0.3132011592388153
800 0.5578421950340271 0.3626134991645813
801 0.5650430917739868 0.3694937825202942
802 0.5681654214859009 0.3505389392375946
803 0.5601672530174255 0.34462907910346985
804 0.5209181308746338 0.3003014326095581
805 0.5873560905456543 0.39833199977874756
806 0.593334436416626 0.3808956742286682
807 0.6002722978591919 0.36237969994544983
808 0.5796987414360046 0.3878735899925232
809 0.5843591690063477 0.3688027858734131
810 0.521853506565094 0.33963608741760254
811 0.5263867378234863 0.33783724904060364
812 0.6066858768463135 0.3399798274040222
813 0.5352355241775513 0.33769112825393677
814 0.5350601673126221 0.3458808958530426
815 0.5337374210357666 0.33053848147392273
816 0.5235192775726318 0.3473318815231323
817 0.5896732211112976 0.24699607491493225
818 0.5957133769989014 0.27504390478134155
819 0.57622891664505 0.21923628449440002
820 0.5344271659851074 0.30731961131095886
821 0.5367944240570068 0.31771382689476013
822 0.5300700664520264 0.2996707558631897
823 0.5964071750640869 0.304137647151947
824 0.5934159755706787 0.32952627539634705
825 0.5424323678016663 0.18483451008796692
826 0.5528253316879272 0.15143345296382904
827 0.5269044637680054 0.1448429822921753
828 0.5202975273132324 0.1771467626094818
829 0.571236789226532 0.29552316665649414
830 0.5609447956085205 0.2950442433357239
831 0.5621240735054016 0.3122178316116333
832 0.5717898607254028 0.3141600489616394
833 0.5671030282974243 0.27331873774528503
834 0.5568147897720337 0.2774438261985779
835 0.537848949432373 0.32772842049598694
836 0.5385367274284363 0.33699265122413635
837 0.5894513726234436 0.3499378561973572
838 0.5701224207878113 0.3319418728351593
839 0.561626672744751 0.32853028178215027
840 0.5417166948318481 0.32619771361351013
841 0.5473887324333191 0.32527685165405273
842 0.5461584329605103 0.3126755356788635
843 0.540860116481781 0.3149440586566925
844 0.5440182685852051 0.29959985613822937
845 0.5387668609619141 0.30321159958839417
846 0.5402539968490601 0.2868061661720276
847 0.5346146821975708 0.29337984323501587
848 0.5427334904670715 0.3372625410556793
849 0.5474319458007812 0.3377317488193512
850 0.537817656993866 0.3469754755496979
851 0.5419299602508545 0.3483942747116089
852 0.5461970567703247 0.3499346971511841
853 0.5756914615631104 0.17676939070224762
854 0.5585901141166687 0.19958797097206116
855 0.5107086896896362 0.2891029715538025
856 0.5066534876823425 0.2914489507675171
857 0.5068140029907227 0.29817840456962585
858 0.5113024711608887 0.2973337471485138
859 0.5058389902114868 0.30939313769340515
860 0.5029602646827698 0.29882726073265076
861 0.5024765133857727 0.3091459274291992
862 0.5092167854309082 0.31014472246170044
863 0.5075482726097107 0.2533164620399475
864 0.5051904916763306 0.2627779245376587
865 0.5111895799636841 0.2651006579399109
866 0.5146588087081909 0.25561219453811646
867 0.5029175877571106 0.29282769560813904
868 0.5053356885910034 0.2828102707862854
869 0.502753734588623 0.28290310502052307
870 0.502875566482544 0.2872220277786255
871 0.5062052607536316 0.2859482765197754
872 0.5426400899887085 0.2456989884376526
873 0.5517441630363464 0.23612424731254578
874 0.5415180921554565 0.2244056761264801
875 0.5330208539962769 0.2359277606010437
876 0.5246080756187439 0.292507141828537
877 0.5176277756690979 0.2851850688457489
878 0.5163401365280151 0.2968370318412781
879 0.5033301115036011 0.2777458429336548
880 0.5067524313926697 0.27917030453681946
881 0.5513648986816406 0.2589898407459259
882 0.5610787868499756 0.25319555401802063
883 0.5093136429786682 0.2827650010585785
884 0.5351356267929077 0.27532899379730225
885 0.5292491912841797 0.28440791368484497
886 0.5171393752098083 0.2687911093235016
887 0.5212998390197754 0.25886261463165283
888 0.5229862928390503 0.231094092130661
889 0.5280078053474426 0.2182246893644333
890 0.514710545539856 0.21442553400993347
891 0.5112309455871582 0.23007073998451233
892 0.522768497467041 0.27603811025619507
893 0.5288451910018921 0.26444900035858154
894 0.5524909496307373 0.3546944260597229
895 0.5527282357215881 0.3400287628173828
896 0.553563117980957 0.3262855112552643
897 0.5533250570297241 0.31210798025131226
898 0.5518068671226501 0.2963695526123047
899 0.5479027628898621 0.2812995910644531
900 0.5423917174339294 0.2670140862464905
901 0.5348007678985596 0.25512850284576416
902 0.5266724824905396 0.24896174669265747
903 0.517910361289978 0.24588541686534882
904 0.5089113116264343 0.24307401478290558
905 0.5085741877555847 0.2729755640029907
906 0.5041624903678894 0.2710736095905304
907 0.513020396232605 0.27711519598960876
908 0.5844236016273499 0.5471002459526062
909 0.5759689211845398 0.5558386445045471
910 0.5907859802246094 0.535994291305542
911 0.5252865552902222 0.3522915244102478
912 0.5278320908546448 0.35346537828445435
913 0.5389167070388794 0.5625055432319641
914 0.5305212140083313 0.5633620023727417
915 0.5321109890937805 0.5758402347564697
916 0.5808209776878357 0.4125361740589142
917 0.5873997211456299 0.42294299602508545
918 0.5589739680290222 0.5643603801727295
919 0.5485833287239075 0.5637726187705994
920 0.5616761445999146 0.5738184452056885
921 0.5988256931304932 0.5106390714645386
922 0.5953986644744873 0.5227081775665283
923 0.5238786935806274 0.5771130323410034
924 0.5227843523025513 0.5642427802085876
925 0.5149304866790771 0.5642784833908081
926 0.50677490234375 0.5641810894012451
927 0.5234370827674866 0.3511207401752472
928 0.5336236357688904 0.3545215427875519
929 0.5379588603973389 0.35645151138305664
930 0.5944920182228088 0.4349347949028015
931 0.5741643905639648 0.40303486585617065
932 0.5991381406784058 0.44778624176979065
933 0.5400660037994385 0.3604453206062317
934 0.544155478477478 0.36412253975868225
935 0.5503223538398743 0.3699168562889099
936 0.5562799572944641 0.3774694800376892
937 0.5625641345977783 0.38549691438674927
938 0.5292259454727173 0.5545198321342468
939 0.5217673182487488 0.553449273109436
940 0.514376699924469 0.5527505278587341
941 0.522822380065918 0.35482585430145264
942 0.5246754884719849 0.3564251661300659
943 0.526522159576416 0.357584148645401
944 0.5318903923034668 0.3638388514518738
945 0.5362566709518433 0.3670653700828552
946 0.5392857789993286 0.3716275990009308
947 0.54302978515625 0.3770287036895752
948 0.5473949909210205 0.3845130205154419
949 0.5527811050415039 0.39276227355003357
950 0.5582460165023804 0.40011969208717346
951 0.5693331956863403 0.4158961772918701
952 0.5754011273384094 0.42471909523010254
953 0.581103503704071 0.435255765914917
954 0.5856969356536865 0.444995254278183
955 0.5912260413169861 0.456275999546051
956 0.5940214991569519 0.5082664489746094
957 0.5911468267440796 0.519049346446991
958 0.5869612693786621 0.5301149487495422
959 0.5810779929161072 0.5406635403633118
960 0.5732454061508179 0.547773540019989
961 0.5550761222839355 0.5545186996459961
962 0.5459378361701965 0.5547826290130615
963 0.5372120141983032 0.5541106462478638
964 0.5064729452133179 0.5518804788589478
965 0.5677220225334167 0.5612962245941162
966 0.571333646774292 0.5703645348548889
967 0.5644654035568237 0.5518579483032227
968 0.5517907738685608 0.5453315377235413
969 0.5435644388198853 0.5454213619232178
970 0.502989649772644 0.39151531457901
971 0.5064569711685181 0.39022964239120483
972 0.5062386989593506 0.37687304615974426
973 0.5028973817825317 0.37790748476982117
974 0.5021871328353882 0.42145976424217224
975 0.5016143918037415 0.4177277386188507
976 0.5007964968681335 0.4176768362522125
977 0.5009223818778992 0.42125532031059265
978 0.5032305717468262 0.4212743639945984
979 0.5025736093521118 0.41802990436553955
980 0.5063199400901794 0.39893388748168945
981 0.5063945651054382 0.39467179775238037
982 0.5028569102287292 0.3955511450767517
983 0.5027375817298889 0.4059351980686188
984 0.5169086456298828 0.40930062532424927
985 0.5192549824714661 0.4198014736175537
986 0.5214654207229614 0.41284042596817017
987 0.5185267329216003 0.3997543454170227
988 0.5108304023742676 0.40239545702934265
989 0.5141042470932007 0.4059299826622009
990 0.5148599743843079 0.3966136872768402
991 0.5105985403060913 0.39569327235221863
992 0.5166719555854797 0.4129527807235718
993 0.5145209431648254 0.41025078296661377
994 0.5145185589790344 0.41470086574554443
995 0.5161877870559692 0.4167115092277527
996 0.5089658498764038 0.4287247359752655
997 0.5093531012535095 0.4331486225128174
998 0.5109396576881409 0.43129146099090576
999 0.5104645490646362 0.4274865388870239
1000 0.5300793647766113 0.373515784740448
1001 0.5244379043579102 0.3622620701789856
1002 0.5211806297302246 0.3689699172973633
1003 0.5283008217811584 0.3830685019493103
1004 0.5192233324050903 0.3848925232887268
1005 0.5260134935379028 0.3939070403575897
1006 0.5285829901695251 0.39903968572616577
1007 0.531306803226471 0.388347327709198
1008 0.5339242815971375 0.3781659007072449
1009 0.5207328796386719 0.3587215542793274
1010 0.5220866203308105 0.36118775606155396
1011 0.5362304449081421 0.5457016825675964
1012 0.5240032076835632 0.40274858474731445
1013 0.5259995460510254 0.407270610332489
1014 0.518300473690033 0.3932763338088989
1015 0.5142719149589539 0.3705296218395233
1016 0.5099920034408569 0.37410950660705566
1017 0.5104832053184509 0.3903188705444336
1018 0.514550507068634 0.3914894461631775
1019 0.5203260183334351 0.4160531163215637
1020 0.5198764204978943 0.4260048568248749
1021 0.5043787360191345 0.4200659990310669
1022 0.5037192106246948 0.41862356662750244
1023 0.5032254457473755 0.4186154305934906
1024 0.5038384199142456 0.4206808805465698
1025 0.5032986402511597 0.41170066595077515
1026 0.5042225122451782 0.41249942779541016
1027 0.5052492022514343 0.4101366400718689
1028 0.5045877695083618 0.4087323546409607
1029 0.5185772776603699 0.4224545955657959
1030 0.518025815486908 0.42394813895225525
1031 0.501672625541687 0.44469815492630005
1032 0.5015832185745239 0.43532341718673706
1033 0.5897365212440491 0.5069315433502197
1034 0.587283730506897 0.516336977481842
1035 0.5132633447647095 0.4273175001144409
1036 0.5127015709877014 0.4232634902000427
1037 0.5775946378707886 0.5341782569885254
1038 0.570960521697998 0.539940595626831
1039 0.5294983386993408 0.4401702880859375
1040 0.5319646000862122 0.4326079487800598
1041 0.528852641582489 0.4290103614330292
1042 0.5267703533172607 0.434398889541626
1043 0.5832471251487732 0.5256364941596985
1044 0.5291959047317505 0.5446537137031555
1045 0.5202839374542236 0.5387598872184753
1046 0.516428530216217 0.529576301574707
1047 0.5111721754074097 0.5311307311058044
1048 0.5131497383117676 0.5415482521057129
1049 0.505372941493988 0.5315390825271606
1050 0.5061339735984802 0.5412617921829224
1051 0.5097754001617432 0.5229027271270752
1052 0.5138670206069946 0.5212744474411011
1053 0.5060708522796631 0.49780917167663574
1054 0.5094651579856873 0.4988885223865509
1055 0.5084277987480164 0.42082107067108154
1056 0.5071368217468262 0.4214124083518982
1057 0.5075762867927551 0.4224330484867096
1058 0.5090613961219788 0.42174243927001953
1059 0.5100749731063843 0.41960760951042175
1060 0.5011125802993774 0.4107237756252289
1061 0.5023930668830872 0.4109741449356079
1062 0.5038356781005859 0.4073677659034729
1063 0.5077407956123352 0.5132398009300232
1064 0.5122590661048889 0.512712299823761
1065 0.5137312412261963 0.41300758719444275
1066 0.5133071541786194 0.40840545296669006
1067 0.5138355493545532 0.41773590445518494
1068 0.5147995948791504 0.41973575949668884
1069 0.513788640499115 0.4215153157711029
1070 0.5134472846984863 0.4210796654224396
1071 0.5124859809875488 0.42265453934669495
1072 0.5100378394126892 0.42479556798934937
1073 0.5087687969207764 0.42573073506355286
1074 0.540537416934967 0.3880085349082947
1075 0.5457343459129333 0.39554741978645325
1076 0.539023756980896 0.41771551966667175
1077 0.5341836810112 0.40993088483810425
1078 0.5312461853027344 0.4191058278083801
1079 0.5357546806335449 0.42648056149482727
1080 0.5423585176467896 0.4070814847946167
1081 0.5371666550636292 0.39895176887512207
1082 0.5339267253875732 0.39327019453048706
1083 0.536857008934021 0.3831791877746582
1084 0.5510389804840088 0.537105143070221
1085 0.5436185002326965 0.537068247795105
1086 0.5736272931098938 0.5292315483093262
1087 0.5673960447311401 0.5338014364242554
1088 0.5209007263183594 0.5265324115753174
1089 0.518625020980835 0.5223594903945923
1090 0.5311074256896973 0.5361857414245605
1091 0.5260095596313477 0.5330578684806824
1092 0.5371255874633789 0.5376417636871338
1093 0.5834301710128784 0.5144173502922058
1094 0.5792919993400574 0.5224332213401794
1095 0.5861294865608215 0.5064325928688049
1096 0.5154178142547607 0.5107311010360718
1097 0.5713133215904236 0.4511815309524536
1098 0.5757634043693542 0.4438748061656952
1099 0.5704848766326904 0.4357222318649292
1100 0.5658444166183472 0.44468963146209717
1101 0.580218493938446 0.45236048102378845
1102 0.5648459196090698 0.4276341199874878
1103 0.575849175453186 0.4589924216270447
1104 0.5809797644615173 0.46893516182899475
1105 0.5855632424354553 0.46239617466926575
1106 0.5207170248031616 0.4299095869064331
1107 0.5215252041816711 0.4216688871383667
1108 0.5280682444572449 0.4125130772590637
1109 0.5308895111083984 0.403718501329422
1110 0.5441019535064697 0.4942253828048706
1111 0.5439924001693726 0.4747912585735321
1112 0.5407976508140564 0.4744676351547241
1113 0.5413904190063477 0.49103283882141113
1114 0.5449232459068298 0.503135621547699
1115 0.5447503924369812 0.5008453130722046
1116 0.5423703789710999 0.49909546971321106
1117 0.5431933999061584 0.5028008222579956
1118 0.5345982909202576 0.451068252325058
1119 0.5382400155067444 0.4451017677783966
1120 0.535580039024353 0.43931519985198975
1121 0.5322713851928711 0.44572412967681885
1122 0.5421366095542908 0.4382897615432739
1123 0.5462625026702881 0.4303719699382782
1124 0.542686402797699 0.4247339963912964
1125 0.5390034317970276 0.43161964416503906
1126 0.550172746181488 0.40316668152809143
1127 0.5544691681861877 0.41140246391296387
1128 0.5621640682220459 0.45370736718177795
1129 0.5678831934928894 0.4589267075061798
1130 0.5720981359481812 0.4669790267944336
1131 0.5753469467163086 0.4755316972732544
1132 0.5464597940444946 0.4146365523338318
1133 0.5505599975585938 0.42251601815223694
1134 0.5186141133308411 0.3656288683414459
1135 0.5163941383361816 0.3613075017929077
1136 0.5133090019226074 0.3658509850502014
1137 0.5095914006233215 0.3704676032066345
1138 0.5096921920776367 0.42342159152030945
1139 0.5080578923225403 0.42406803369522095
1140 0.5032293796539307 0.5048714876174927
1141 0.5026856660842896 0.4964562654495239
1142 0.5597929358482361 0.43800824880599976
1143 0.5537128448486328 0.4490133821964264
1144 0.5058361887931824 0.49067556858062744
1145 0.5023718476295471 0.4885806441307068
1146 0.509070098400116 0.49196237325668335
1147 0.5469585657119751 0.45404666662216187
1148 0.5011310577392578 0.42406365275382996
1149 0.5027671456336975 0.4238748848438263
1150 0.5385705232620239 0.4614448845386505
1151 0.5423564910888672 0.4578857719898224
1152 0.5049130320549011 0.41388052701950073
1153 0.5033417344093323 0.4156038165092468
1154 0.5037429928779602 0.4164150059223175
1155 0.5025880932807922 0.4148109257221222
1156 0.501598596572876 0.41428980231285095
1157 0.5008643865585327 0.41413331031799316
1158 0.5155078768730164 0.5067110061645508
1159 0.5036041736602783 0.5137933492660522
1160 0.5433253645896912 0.46615901589393616
1161 0.5398188829421997 0.4677242636680603
1162 0.5129629969596863 0.4165974259376526
1163 0.5131958723068237 0.41182252764701843
1164 0.512143611907959 0.4078158736228943
1165 0.5056798458099365 0.3728281259536743
1166 0.5478919744491577 0.4660804271697998
1167 0.5530478954315186 0.46565133333206177
1168 0.5477350950241089 0.4756830334663391
1169 0.5520461797714233 0.47653475403785706
1170 0.5510581731796265 0.49527716636657715
1171 0.5477671027183533 0.496025025844574
1172 0.5618454813957214 0.48148101568222046
1173 0.5584200024604797 0.4977378845214844
1174 0.5614491701126099 0.49839332699775696
1175 0.5660146474838257 0.48583757877349854
1176 0.5646044015884399 0.47089719772338867
1177 0.5585741996765137 0.4676177501678467
1178 0.5569325685501099 0.47803419828414917
1179 0.5688802003860474 0.4764602780342102
1180 0.5701873302459717 0.48996442556381226
1181 0.5723022222518921 0.4828944504261017
1182 0.5655430555343628 0.4997134804725647
1183 0.5551674365997314 0.4957117438316345
1184 0.561813473701477 0.5437486171722412
1185 0.5595062971115112 0.536925196647644
1186 0.5429704189300537 0.5125334858894348
1187 0.5465219020843506 0.5154489278793335
1188 0.5469280481338501 0.5119251012802124
1189 0.543181300163269 0.5113325119018555
1190 0.5345531702041626 0.5046378970146179
1191 0.5349301099777222 0.5043096542358398
1192 0.5343157649040222 0.5028343796730042
1193 0.5362081527709961 0.5080234408378601
1194 0.5367083549499512 0.5071543455123901
1195 0.5359737873077393 0.5055242776870728
1196 0.5354231595993042 0.5064220428466797
1197 0.5376321077346802 0.5101914405822754
1198 0.5382355451583862 0.5085090398788452
1199 0.5400646924972534 0.5122677087783813
1200 0.540622353553772 0.5100667476654053
1201 0.5498248338699341 0.513297438621521
1202 0.5496614575386047 0.5119105577468872
1203 0.5525533556938171 0.5136118531227112
1204 0.5522201061248779 0.5117973685264587
1205 0.5609862208366394 0.514907956123352
1206 0.5646195411682129 0.5119775533676147
1207 0.5620514750480652 0.5109331011772156
1208 0.5593938231468201 0.5117128491401672
1209 0.5668529272079468 0.5077500939369202
1210 0.5649545192718506 0.5077600479125977
1211 0.5479558706283569 0.5005676746368408
1212 0.5479671359062195 0.5024409294128418
1213 0.551233172416687 0.5010846257209778
1214 0.5513569116592407 0.49848848581314087
1215 0.5596379637718201 0.5019534230232239
1216 0.5568451881408691 0.50086909532547
1217 0.5560003519058228 0.5023483633995056
1218 0.5576982498168945 0.5041968822479248
1219 0.5570777654647827 0.5148719549179077
1220 0.5558334589004517 0.5112788677215576
1221 0.563937783241272 0.5024495720863342
1222 0.5627315044403076 0.5040155649185181
1223 0.5544704794883728 0.4994312524795532
1224 0.5539401769638062 0.500825047492981
1225 0.5366033911705017 0.5023643970489502
1226 0.5373184680938721 0.502892792224884
1227 0.5382978320121765 0.5033087730407715
1228 0.5518196225166321 0.510055422782898
1229 0.549444854259491 0.5103088617324829
1230 0.5543707609176636 0.5089926719665527
1231 0.538508415222168 0.5033653378486633
1232 0.53856360912323 0.5034284591674805
1233 0.5387668013572693 0.5061415433883667
1234 0.5407598614692688 0.508283257484436
1235 0.559263288974762 0.5050579905509949
1236 0.5606263279914856 0.5076109766960144
1237 0.5436022877693176 0.5098778009414673
1238 0.5388140082359314 0.5005502700805664
1239 0.5374838709831238 0.50048828125
1240 0.5432479381561279 0.5030180215835571
1241 0.5451739430427551 0.5035378336906433
1242 0.5379002094268799 0.5051989555358887
1243 0.5576687455177307 0.5085459351539612
1244 0.5588929057121277 0.5090295076370239
1245 0.5469135642051697 0.5102552175521851
1246 0.5555051565170288 0.5036220550537109
1247 0.5571973919868469 0.5042810440063477
1248 0.5481700897216797 0.5027788877487183
1249 0.5512743592262268 0.5024123191833496
1250 0.5535532832145691 0.503052294254303
1251 0.5606479644775391 0.5073325037956238
1252 0.5606218576431274 0.5099701285362244
1253 0.5549641847610474 0.514154314994812
1254 0.5514825582504272 0.5171329379081726
1255 0.5441912412643433 0.5037186145782471
1256 0.5450544357299805 0.4925349950790405
1257 0.5580669045448303 0.5083827972412109
1258 0.5559682250022888 0.508074164390564
1259 0.5378828048706055 0.5074419379234314
1260 0.5396082997322083 0.5124325752258301
1261 0.5481172204017639 0.5182545781135559
1262 0.5556020140647888 0.5040907263755798
1263 0.5571463704109192 0.5045702457427979
1264 0.5593148469924927 0.5052910447120667
1265 0.5491799116134644 0.49311017990112305
1266 0.5528740286827087 0.49572232365608215
1267 0.5433945059776306 0.5164018869400024
1268 0.5390140414237976 0.5039068460464478
1269 0.5534281134605408 0.5035661458969116
1270 0.5388880372047424 0.5035142302513123
1271 0.5042402148246765 0.522324800491333
1272 0.5012840628623962 0.42757532000541687
1273 0.5013903379440308 0.4313456416130066
1274 0.5025632381439209 0.4807276129722595
1275 0.5028786659240723 0.3736981749534607
1276 0.5062744617462158 0.4200361371040344
1277 0.5049296617507935 0.4183504581451416
1278 0.5053326487541199 0.4209287762641907
1279 0.507449209690094 0.41843274235725403
1280 0.505928635597229 0.4155154824256897
1281 0.508556604385376 0.41706573963165283
1282 0.5061541795730591 0.4215273857116699
1283 0.508965253829956 0.4043460786342621
1284 0.511294960975647 0.408743292093277
1285 0.5090562105178833 0.40523189306259155
1286 0.5120856165885925 0.411501407623291
1287 0.5068410634994507 0.40257126092910767
1288 0.5064113736152649 0.40681856870651245
1289 0.5090709924697876 0.4069601595401764
1290 0.5112064480781555 0.4097396433353424
1291 0.5064432621002197 0.40834376215934753
1292 0.5058196187019348 0.41116124391555786
1293 0.5067413449287415 0.41351884603500366
1294 0.5116745829582214 0.4156048893928528
1295 0.5419978499412537 0.5024442672729492
1296 0.512299656867981 0.416180819272995
1297 0.511034369468689 0.4182996153831482
1298 0.5104501247406006 0.41583481431007385
1299 0.511709451675415 0.44376203417778015
1300 0.5134086608886719 0.4394780993461609
1301 0.5153713822364807 0.4352298378944397
1302 0.5155931711196899 0.4394821524620056
1303 0.5152338743209839 0.42076194286346436
1304 0.5174769163131714 0.4279211163520813
1305 0.5143128633499146 0.4242010712623596
1306 0.5175362229347229 0.43481314182281494
1307 0.5167822241783142 0.4326997995376587
1308 0.5034275054931641 0.43106508255004883
1309 0.5032141804695129 0.4271765649318695
1310 0.5065137147903442 0.42419981956481934
1311 0.5071436166763306 0.4263414740562439
1312 0.5062428116798401 0.42246073484420776
1313 0.5032089948654175 0.4352511167526245
1314 0.5036174654960632 0.44541192054748535
1315 0.5045652985572815 0.42364034056663513
1316 0.5049691200256348 0.4220966398715973
1317 0.5074437856674194 0.42954540252685547
1318 0.5076305866241455 0.43411892652511597
1319 0.512198269367218 0.44869282841682434
1320 0.5089472532272339 0.45048782229423523
1321 0.5098817348480225 0.45547664165496826
1322 0.5129498839378357 0.4536939561367035
1323 0.505478024482727 0.43472492694854736
1324 0.5054564476013184 0.445832222700119
1325 0.5055130124092102 0.43031924962997437
1326 0.5052931904792786 0.4266568720340729
1327 0.5086054801940918 0.44455456733703613
1328 0.5206093788146973 0.47001561522483826
1329 0.5260505080223083 0.46577367186546326
1330 0.5209336876869202 0.46272799372673035
1331 0.5181344151496887 0.4669519066810608
1332 0.5294617414474487 0.4518558979034424
1333 0.5315455794334412 0.4565240740776062
1334 0.5205249786376953 0.43723252415657043
1335 0.5256983041763306 0.4435300827026367
1336 0.5407503843307495 0.4974827468395233
1337 0.5410550832748413 0.4993951618671417
1338 0.5381854772567749 0.4756218194961548
1339 0.5399907231330872 0.48998746275901794
1340 0.5152679085731506 0.4620329737663269
1341 0.5179632902145386 0.4575944244861603
1342 0.5168497562408447 0.45398926734924316
1343 0.5139092206954956 0.457942396402359
1344 0.5270714163780212 0.4471610188484192
1345 0.5289250016212463 0.47816580533981323
1346 0.5305970311164856 0.47347715497016907
1347 0.5353081226348877 0.46514731645584106
1348 0.5367501378059387 0.4699329435825348
1349 0.5383728742599487 0.4984663724899292
1350 0.5350750088691711 0.5000322461128235
1351 0.5395026803016663 0.4986618459224701
1352 0.5416646599769592 0.5021181106567383
1353 0.5401524901390076 0.5012708306312561
1354 0.5400692224502563 0.5012878775596619
1355 0.5392751693725586 0.5008607506752014
1356 0.5326957702636719 0.4688895344734192
1357 0.5323144197463989 0.4778085947036743
1358 0.5342679023742676 0.47329074144363403
1359 0.5288861989974976 0.4618070423603058
1360 0.5269771814346313 0.45771661400794983
1361 0.5247527956962585 0.4534851610660553
1362 0.5194796323776245 0.44919687509536743
1363 0.5182307958602905 0.42972272634506226
1364 0.5360110402107239 0.4783574640750885
1365 0.5379602313041687 0.4896619915962219
1366 0.5394018888473511 0.4975002706050873
1367 0.5027567744255066 0.46390920877456665
1368 0.5028993487358093 0.4714373052120209
1369 0.5017175674438477 0.4502941370010376
1370 0.5020428895950317 0.45705434679985046
1371 0.5042116045951843 0.4508165121078491
1372 0.5046902894973755 0.4574853181838989
1373 0.5064401626586914 0.4571712017059326
1374 0.5057607889175415 0.45117029547691345
1375 0.518125057220459 0.47371232509613037
1376 0.5309081673622131 0.4830944836139679
1377 0.5153578519821167 0.4708476662635803
1378 0.5111881494522095 0.460615336894989
1379 0.5379752516746521 0.49730515480041504
1380 0.5341095328330994 0.48270660638809204
1381 0.5364274978637695 0.49201029539108276
1382 0.5050015449523926 0.46454179286956787
1383 0.5129413604736328 0.46563640236854553
1384 0.507434606552124 0.4632706642150879
1385 0.5092363953590393 0.46932947635650635
1386 0.5122196078300476 0.47403258085250854
1387 0.5159533023834229 0.4779580235481262
1388 0.5339409112930298 0.5006598234176636
1389 0.5334454774856567 0.5005334615707397
1390 0.5091860294342041 0.4855526089668274
1391 0.5056444406509399 0.48323461413383484
1392 0.5360004305839539 0.5013619661331177
1393 0.536953330039978 0.5020389556884766
1394 0.5362820625305176 0.5011091232299805
1395 0.5345808267593384 0.5001291036605835
1396 0.5386164784431458 0.502480149269104
1397 0.5337167978286743 0.5000132322311401
1398 0.5102167725563049 0.47888991236686707
1399 0.5141143202781677 0.4824109375476837
1400 0.53438800573349 0.49956822395324707
1401 0.5302693843841553 0.49287521839141846
1402 0.5334662199020386 0.4989026188850403
1403 0.5053984522819519 0.47368356585502625
1404 0.5292574763298035 0.4959186315536499
1405 0.5329369902610779 0.4995700418949127
1406 0.5390158891677856 0.5027404427528381
1407 0.5161240100860596 0.4504165053367615
1408 0.5184860825538635 0.44412320852279663
1409 0.5192824006080627 0.43175387382507324
1410 0.5198034644126892 0.4328696131706238
1411 0.5152842998504639 0.4457072615623474
1412 0.5179871916770935 0.4414469599723816
1413 0.5151892900466919 0.4428468942642212
1414 0.517829954624176 0.43873435258865356
1415 0.5356935858726501 0.5091851353645325
1416 0.5348070859909058 0.5072020292282104
1417 0.5324400663375854 0.5101749897003174
1418 0.5335884094238281 0.5127553343772888
1419 0.5351173281669617 0.5161670446395874
1420 0.5371122360229492 0.5114858150482178
1421 0.5340132713317871 0.5051350593566895
1422 0.531624972820282 0.5076336860656738
1423 0.5371302366256714 0.5191537141799927
1424 0.5385544300079346 0.5156766772270203
1425 0.5403311252593994 0.5218958854675293
1426 0.5423558950424194 0.5158437490463257
1427 0.5453752279281616 0.5234413743019104
1428 0.5458794832229614 0.5210041999816895
1429 0.5703070759773254 0.5258462429046631
1430 0.5647576451301575 0.5295920372009277
1431 0.557715892791748 0.5307318568229675
1432 0.5439121723175049 0.531515896320343
1433 0.5503787398338318 0.5303651094436646
1434 0.5383427143096924 0.5317198634147644
1435 0.5335556268692017 0.5307034254074097
1436 0.5296592712402344 0.528045654296875
1437 0.5262490510940552 0.5235173106193542
1438 0.5229091048240662 0.5201451182365417
1439 0.5391610860824585 0.5273507237434387
1440 0.5444468259811401 0.5276197195053101
1441 0.5353643894195557 0.5258371829986572
1442 0.5320844650268555 0.5235952138900757
1443 0.5297971963882446 0.5205908417701721
1444 0.5280864238739014 0.5171284079551697
1445 0.5502173900604248 0.5267496109008789
1446 0.5566409230232239 0.5269416570663452
1447 0.5632858276367188 0.5262289047241211
1448 0.5682670474052429 0.523563027381897
1449 0.5758787393569946 0.5200379490852356
1450 0.573571503162384 0.5183035731315613
1451 0.5670762062072754 0.5129837393760681
1452 0.5706838369369507 0.5155130624771118
1453 0.5747882127761841 0.5092403292655945
1454 0.5692151188850403 0.5078595876693726
1455 0.5628699660301208 0.5172426700592041
1456 0.5660676956176758 0.5200955271720886
1457 0.5498774647712708 0.5231531858444214
1458 0.5548030138015747 0.5217881202697754
1459 0.5530709028244019 0.5169552564620972
1460 0.5496059656143188 0.5210584402084351
1461 0.5609675645828247 0.5227410197257996
1462 0.5585523843765259 0.5181076526641846
1463 0.5148422122001648 0.5010459423065186
1464 0.5332338213920593 0.5034019947052002
1465 0.5128937363624573 0.4935416877269745
1466 0.5134499669075012 0.4872775673866272
1467 0.5272843837738037 0.5136641263961792
1468 0.5190702676773071 0.5084614753723145
1469 0.5184814929962158 0.5019575357437134
1470 0.5217492580413818 0.4976763427257538
1471 0.5228342413902283 0.5041179656982422
1472 0.5326500535011292 0.5003116130828857
1473 0.5292514562606812 0.4976121783256531
1474 0.5250694155693054 0.5910130143165588
1475 0.574876070022583 0.5795037746429443
1476 0.5647746920585632 0.5839685201644897
1477 0.5346860885620117 0.5895293354988098
1478 0.6105127334594727 0.45588791370391846
1479 0.6215475797653198 0.4505559802055359
1480 0.6105555891990662 0.4856284558773041
1481 0.6194478869438171 0.48626095056533813
1482 0.621394157409668 0.4693293869495392
1483 0.6115303039550781 0.4715166687965393
1484 0.6024019718170166 0.4610576629638672
1485 0.6031351089477539 0.4742997884750366
1486 0.6026699542999268 0.48624420166015625
1487 0.5944833159446716 0.46661263704299927
1488 0.5962512493133545 0.47697940468788147
1489 0.5967428684234619 0.48709744215011597
1490 0.592336893081665 0.48908478021621704
1491 0.5888466835021973 0.47138598561286926
1492 0.5872793793678284 0.49395525455474854
1493 0.591316282749176 0.47920966148376465
1494 0.5847734808921814 0.4750179052352905
1495 0.5874752998352051 0.48381176590919495
1496 0.5791072845458984 0.4843876361846924
1497 0.5762683153152466 0.4906882643699646
1498 0.5740372538566589 0.4946419596672058
1499 0.5770977139472961 0.5015201568603516
1500 0.5803134441375732 0.5129478573799133
1501 0.5780176520347595 0.5117305517196655
1502 0.5823417901992798 0.4918150305747986
1503 0.5833685994148254 0.5061579942703247
1504 0.5812488794326782 0.505411684513092
1505 0.5845330953598022 0.4964755177497864
1506 0.5800172090530396 0.4951895475387573
1507 0.5821175575256348 0.49929341673851013
1508 0.5014805197715759 0.3242197334766388
1509 0.5039324760437012 0.32441896200180054
1510 0.5066351294517517 0.32425931096076965
1511 0.5146016478538513 0.3361290395259857
1512 0.5112649202346802 0.3327968418598175
1513 0.5106590986251831 0.3352908492088318
1514 0.5140132308006287 0.3377808928489685
1515 0.5089401006698608 0.3314501941204071
1516 0.5082434415817261 0.3344370424747467
1517 0.5101910829544067 0.34294989705085754
1518 0.5101910829544067 0.34294989705085754
1519 0.5101910829544067 0.34294989705085754
1520 0.5101910829544067 0.34294989705085754
1521 0.5101910829544067 0.34294986724853516
1522 0.5102073550224304 0.34269338846206665
1523 0.5101910829544067 0.34294986724853516
1524 0.5101910829544067 0.34294989705085754
1525 0.5101910829544067 0.34294989705085754
1526 0.5101910829544067 0.34294992685317993
1527 0.5101910829544067 0.34294989705085754
1528 0.5101910829544067 0.34294989705085754
1529 0.5101910829544067 0.34294989705085754
1530 0.5101910829544067 0.34294989705085754
1531 0.5101910829544067 0.34294992685317993
1532 0.5101910829544067 0.34294989705085754
1533 0.5053197741508484 0.3123890161514282
1534 0.5060312747955322 0.34294989705085754
1535 0.5101910829544067 0.34294989705085754
1536 0.5087565779685974 0.34294989705085754
1537 0.5120927691459656 0.3162345290184021
1538 0.5101910829544067 0.34294989705085754
1539 0.5101910829544067 0.34294989705085754
1540 0.5102539658546448 0.3419608473777771
1541 0.5101910829544067 0.34294986724853516
1542 0.5101910829544067 0.34294989705085754
1543 0.5089039206504822 0.34139424562454224
1544 0.5101910829544067 0.34294989705085754
1545 0.5038962364196777 0.33928462862968445
1546 0.5016657114028931 0.3396831452846527
1547 0.5019801259040833 0.3422948718070984
1548 0.5043068528175354 0.34182101488113403
1549 0.5061441659927368 0.33837640285491943
1550 0.5066356658935547 0.3411359190940857
1551 0.5193382501602173 0.3376464247703552
1552 0.516413688659668 0.332939475774765
1553 0.5211244225502014 0.34231871366500854
1554 0.5212008953094482 0.34409844875335693
1555 0.5113843083381653 0.342350572347641
1556 0.5114888548851013 0.34225213527679443
1557 0.5101910829544067 0.34294989705085754
1558 0.5101910829544067 0.34294989705085754
1559 0.5114218592643738 0.3413501977920532
1560 0.511371910572052 0.34058940410614014
1561 0.5070024132728577 0.34294989705085754
1562 0.5032224655151367 0.34295088052749634
1563 0.5025556683540344 0.3429514765739441
1564 0.5052284598350525 0.34294989705085754
1565 0.5096511840820312 0.34294989705085754
1566 0.5076119899749756 0.34294986724853516
1567 0.5106858015060425 0.3391105830669403
1568 0.5084008574485779 0.3385235369205475
1569 0.5101910829544067 0.34294989705085754
1570 0.5101910829544067 0.34294989705085754
1571 0.5101910829544067 0.34294989705085754
1572 0.5101910829544067 0.34294989705085754
1573 0.5115362405776978 0.34225231409072876
1574 0.5101910829544067 0.34294989705085754
1575 0.5015020370483398 0.3331005573272705
1576 0.5037835240364075 0.33351802825927734
1577 0.5039886236190796 0.3297288417816162
1578 0.5015873908996582 0.3296215534210205
1579 0.5062134265899658 0.3306484818458557
1580 0.505879282951355 0.3339783549308777
1581 0.5127934813499451 0.32791662216186523
1582 0.5096657872200012 0.32599738240242004
1583 0.5164986848831177 0.3407115340232849
1584 0.5178026556968689 0.3421655297279358
1585 0.5188365578651428 0.34181514382362366
1586 0.5176010727882385 0.3398357629776001
1587 0.5190635323524475 0.3466453552246094
1588 0.5197728276252747 0.3426631689071655
1589 0.5172788500785828 0.3453991115093231
1590 0.517579972743988 0.3424742519855499
1591 0.5718053579330444 0.26864948868751526
1592 0.5539180040359497 0.31191524863243103
1593 0.5460502505302429 0.31640785932540894
1594 0.5529615879058838 0.2870064377784729
1595 0.5550129413604736 0.3230839967727661
1596 0.5467490553855896 0.32599422335624695
1597 0.6046439409255981 0.27998173236846924
1598 0.5101910829544067 0.34294989705085754
1599 0.5101910829544067 0.34294989705085754
1600 0.5101910829544067 0.34294989705085754
1601 0.5101910829544067 0.34294989705085754
1602 0.5114452838897705 0.34190434217453003
1603 0.5196832418441772 0.3425949811935425
1604 0.5176424980163574 0.3424984812736511
1605 0.5805824398994446 0.2278299629688263
1606 0.5573443174362183 0.2667275071144104
1607 0.6293350458145142 0.2604805827140808
1608 0.5212377309799194 0.34093859791755676
1609 0.5215970277786255 0.346375435590744
1610 0.5101910829544067 0.34294989705085754
1611 0.5205199718475342 0.34416767954826355
1612 0.520514190196991 0.34569457173347473
1613 0.5200576782226562 0.3424990475177765
1614 0.520003080368042 0.34145164489746094
1615 0.5186219215393066 0.33881744742393494
1616 0.5153132081031799 0.3343958258628845
1617 0.5120571255683899 0.33028271794319153
1618 0.5094567537307739 0.32848814129829407
1619 0.5064626336097717 0.32759174704551697
1620 0.5040848255157471 0.3272272050380707
1621 0.5015923380851746 0.32699787616729736
1622 0.5147423148155212 0.34353017807006836
1623 0.5146335363388062 0.3437902629375458
1624 0.514704704284668 0.34378448128700256
1625 0.5149034261703491 0.34210634231567383
1626 0.5149198770523071 0.3414306640625
1627 0.5135798454284668 0.33940389752388
1628 0.5106059908866882 0.3368177115917206
1629 0.5082663893699646 0.3365975320339203
1630 0.5037375688552856 0.33653873205184937
1631 0.5058847069740295 0.33642542362213135
1632 0.5015823841094971 0.336588054895401
1633 0.5392904281616211 0.29936811327934265
1634 0.5299740433692932 0.30725201964378357
1635 0.5266364812850952 0.30723172426223755
1636 0.5335788726806641 0.3072739243507385
1637 0.5101910829544067 0.34294989705085754
1638 0.5403831601142883 0.2871127128601074
1639 0.5172163844108582 0.30889269709587097
1640 0.5138003826141357 0.310441255569458
1641 0.5054308176040649 0.31240513920783997
1642 0.5363523364067078 0.30729079246520996
1643 0.5101910829544067 0.34294989705085754
1644 0.5101910829544067 0.34294989705085754
1645 0.5101910829544067 0.34294989705085754
1646 0.5101910829544067 0.34294989705085754
1647 0.5101910829544067 0.34294989705085754
1648 0.5380024909973145 0.31183499097824097
1649 0.5101910829544067 0.34294989705085754
1650 0.5101910829544067 0.34294989705085754
1651 0.5101910829544067 0.34294989705085754
1652 0.5442076325416565 0.3197802007198334
1653 0.5101910829544067 0.34294989705085754
1654 0.521699845790863 0.34959667921066284
1655 0.5101910829544067 0.34294989705085754
1656 0.5111885070800781 0.3419610857963562
1657 0.5101910829544067 0.34294989705085754
1658 0.5101910829544067 0.34294989705085754
1659 0.5101910829544067 0.34294989705085754
1660 0.5101910829544067 0.34294989705085754
1661 0.5165661573410034 0.34573081135749817
1662 0.5186702609062195 0.34697452187538147
1663 0.5101910829544067 0.34294989705085754
1664 0.5101910829544067 0.34294989705085754
1665 0.5101910829544067 0.34294989705085754
1666 0.5101910829544067 0.34294986724853516
1667 0.5101910829544067 0.34294989705085754
1668 0.5102848410606384 0.3414759635925293
1669 0.5161409378051758 0.34671661257743835
1670 0.5182586908340454 0.3488028347492218
1671 0.5215991735458374 0.3531690537929535
1672 0.5200765132904053 0.3481403887271881
1673 0.5202832221984863 0.3510342240333557
1674 0.5143290162086487 0.3440677523612976
1675 0.5137335658073425 0.3446337580680847
1676 0.5101910829544067 0.34294989705085754
1677 0.5101910829544067 0.34294989705085754
1678 0.5101910829544067 0.34294989705085754
1679 0.5101910829544067 0.34294989705085754
1680 0.5101910829544067 0.34294989705085754
1681 0.5101910829544067 0.34294989705085754
1682 0.5101910829544067 0.34294989705085754
1683 0.5101910829544067 0.34294989705085754
1684 0.5101912021636963 0.34294989705085754
1685 0.5112041234970093 0.3429499566555023
1686 0.5107805728912354 0.34294989705085754
1687 0.5101910829544067 0.34294989705085754
1688 0.5101910829544067 0.34294989705085754
1689 0.5099503993988037 0.34393489360809326
1690 0.5101911425590515 0.34294986724853516
1691 0.5101910829544067 0.34294989705085754
1692 0.5101910829544067 0.34294986724853516
1693 0.5101910829544067 0.34294989705085754
1694 0.5083121061325073 0.34294989705085754
1695 0.5076143741607666 0.34382274746894836
1696 0.5101910829544067 0.34294989705085754
1697 0.5093307495117188 0.34294989705085754
1698 0.5033217668533325 0.34295082092285156
1699 0.5028858184814453 0.3429511785507202
1700 0.5054692029953003 0.34294989705085754
1701 0.506090521812439 0.34294992685317993
1702 0.5067291259765625 0.34294986724853516
1703 0.5073408484458923 0.34294989705085754
1704 0.5041002035140991 0.34295013546943665
1705 0.503714382648468 0.3429504632949829
1706 0.5113791227340698 0.358248233795166
1707 0.5109232068061829 0.35511842370033264
1708 0.5080586075782776 0.3543257713317871
1709 0.5084196329116821 0.3586699366569519
1710 0.5146714448928833 0.3562406003475189
1711 0.5137611031532288 0.3531341254711151
1712 0.5177822709083557 0.3530259132385254
1713 0.5159726142883301 0.3498528003692627
1714 0.5193012356758118 0.3571177124977112
1715 0.505450963973999 0.35827428102493286
1716 0.5052058696746826 0.3522432744503021
1717 0.5024746060371399 0.350425660610199
1718 0.5025550723075867 0.3583601117134094
1719 0.5126172304153442 0.3437848389148712
1720 0.511561393737793 0.3458048701286316
1721 0.5098655819892883 0.34715694189071655
1722 0.5074678659439087 0.34606724977493286
1723 0.5049288272857666 0.34335440397262573
1724 0.502449095249176 0.34295156598091125
1725 0.5722305178642273 0.3489217460155487
1726 0.5793101787567139 0.35455167293548584
1727 0.5485431551933289 0.3744756877422333
1728 0.5497905015945435 0.3646296262741089
1729 0.5538181066513062 0.3342648446559906
1730 0.5101911425590515 0.34294989705085754
1731 0.5101910829544067 0.34294992685317993
1732 0.5044785737991333 0.34294986724853516
1733 0.5078946352005005 0.34294989705085754
1734 0.515856146812439 0.3603402078151703
1735 0.5126163363456726 0.3632778525352478
1736 0.5088803768157959 0.3670847415924072
1737 0.5025264620780945 0.36438801884651184
1738 0.5053077936172485 0.3642764687538147
1739 0.5088398456573486 0.3626056909561157
1740 0.5120348930358887 0.36099064350128174
1741 0.5155869126319885 0.35878849029541016
1742 0.518568217754364 0.35539019107818604
1743 0.5049120187759399 0.34737837314605713
1744 0.5022581815719604 0.34493541717529297
1745 0.5103085041046143 0.35153988003730774
1746 0.5073848962783813 0.35001489520072937
1747 0.5130246877670288 0.34956371784210205
1748 0.5134223699569702 0.3467884063720703
1749 0.5101910829544067 0.34294989705085754
1750 0.5101910829544067 0.34294989705085754
1751 0.5360413789749146 0.36993637681007385
1752 0.5321049690246582 0.36879900097846985
1753 0.5279048085212708 0.36930710077285767
1754 0.5224692821502686 0.3717989921569824
1755 0.5147631168365479 0.3852320909500122
1756 0.5265610218048096 0.38844770193099976
1757 0.505314290523529 0.36919134855270386
1758 0.502544641494751 0.3695724606513977
1759 0.506508469581604 0.40969929099082947
1760 0.5072504281997681 0.41023263335227966
1761 0.5112048387527466 0.41103407740592957
1762 0.5121302604675293 0.4298579692840576
1763 0.5117007493972778 0.4257058799266815
1764 0.5103948712348938 0.4207920432090759
1765 0.5112876892089844 0.42370253801345825
1766 0.5110461115837097 0.4227478504180908
1767 0.5140547156333923 0.4364914298057556
1768 0.512006402015686 0.42117175459861755
1769 0.5112630724906921 0.4191533923149109
1770 0.5125882625579834 0.4187124967575073
1771 0.5120373964309692 0.41775578260421753
1772 0.5115574598312378 0.41680777072906494
1773 0.6598694324493408 0.2764855921268463
1774 0.5644543170928955 0.1855103075504303
1775 0.5395248532295227 0.18716537952423096
1776 0.5180128812789917 0.21583861112594604
1777 0.5290670394897461 0.400249183177948
1778 0.570694625377655 0.3601338267326355
1779 0.5201386213302612 0.39414501190185547
1780 0.5384425520896912 0.28192251920700073
1781 0.555371880531311 0.23183926939964294
1782 0.5746378898620605 0.19425058364868164
1783 0.657662034034729 0.27212968468666077
1784 0.5758635997772217 0.35890817642211914
1785 0.5375303030014038 0.3937547206878662
1786 0.5323816537857056 0.3784705400466919
1787 0.5516238212585449 0.2975175678730011
1788 0.5622485280036926 0.29403993487358093
1789 0.5797216892242432 0.30357471108436584
1790 0.5407006144523621 0.30731725692749023
1791 0.5638728141784668 0.3414367437362671
1792 0.5486079454421997 0.353593111038208
1793 0.5101910829544067 0.34294989705085754
1794 0.5506283640861511 0.30734559893608093
1795 0.5569977760314941 0.30616238713264465
1796 0.564204752445221 0.3164355754852295
1797 0.5418861508369446 0.30771785974502563
1798 0.5574084520339966 0.33723199367523193
1799 0.5508999824523926 0.3417152762413025
1800 0.5101910829544067 0.34294989705085754
1801 0.5101910829544067 0.34294989705085754
1802 0.5463474988937378 0.32108741998672485
1803 0.5553821325302124 0.3152632713317871
1804 0.5620763301849365 0.30888867378234863
1805 0.5745071768760681 0.28808116912841797
1806 0.593609631061554 0.26007404923439026
1807 0.6039338111877441 0.2163902223110199
1808 0.6083612442016602 0.21515165269374847
1809 0.5776185393333435 0.19680877029895782
1810 0.5101910829544067 0.34294989705085754
1811 0.5101910829544067 0.34294989705085754
1812 0.5547913312911987 0.3294505178928375
1813 0.561619222164154 0.3294893205165863
1814 0.5730181932449341 0.3280840814113617
1815 0.5953578352928162 0.3256562352180481
1816 0.6229761838912964 0.3356930613517761
1817 0.6528822183609009 0.31019121408462524
1818 0.6621829867362976 0.3092043995857239
1819 0.525714635848999 0.30639439821243286
1820 0.5164161920547485 0.309255450963974
1821 0.5120990872383118 0.3087434768676758
1822 0.5277811288833618 0.3072386682033539
1823 0.5312550067901611 0.3057537078857422
1824 0.5304306149482727 0.30115509033203125
1825 0.5272687673568726 0.2989790439605713
1826 0.5169737339019775 0.29601263999938965
1827 0.5117170810699463 0.4120228588581085
1828 0.5113056898117065 0.41514909267425537
1829 0.5607320070266724 0.506868302822113
1830 0.5559626817703247 0.5194928050041199
1831 0.5597395300865173 0.5189622640609741
1832 0.5477062463760376 0.4812382459640503
1833 0.5432894229888916 0.4851750135421753
1834 0.5609268546104431 0.5159940123558044
1835 0.5365064144134521 0.5087694525718689
1836 0.5381255149841309 0.5139825344085693
1837 0.5502428412437439 0.5195962190628052
1838 0.5559098124504089 0.5047761797904968
1839 0.5568588972091675 0.5048192739486694
1840 0.5561676025390625 0.48621809482574463
1841 0.5515753626823425 0.4823700189590454
1842 0.5439635515213013 0.5186126828193665
1843 0.5391107797622681 0.5035513043403625
1844 0.5586910247802734 0.4925989508628845
1845 0.5390045046806335 0.5035563707351685
1846 0.5391138792037964 0.49475497007369995
1847 0.5398516654968262 0.5012062191963196
1848 0.5394481420516968 0.5009734630584717
1849 0.5610162019729614 0.5061463117599487
1850 0.5642457604408264 0.5236425399780273
1851 0.5649346709251404 0.5203303694725037
1852 0.5507548451423645 0.4772825837135315
1853 0.5445631742477417 0.4838283658027649
1854 0.5641072988510132 0.5155266523361206
1855 0.5362929105758667 0.5062689781188965
1856 0.5424421429634094 0.5055567622184753
1857 0.5519183874130249 0.5053424835205078
1858 0.5559808015823364 0.5052050352096558
1859 0.5567599534988403 0.5049929618835449
1860 0.5625086426734924 0.4820568263530731
1861 0.5578129291534424 0.47635266184806824
1862 0.5472328066825867 0.5053424835205078
1863 0.5390896797180176 0.503592848777771
1864 0.5640045404434204 0.4882006347179413
1865 0.5390287041664124 0.5036366581916809
1866 0.5386031866073608 0.4950411915779114
1867 0.5395477414131165 0.5012193918228149
1868 0.5391920804977417 0.5012883543968201
1869 0.5619586706161499 0.5130691528320312
1870 0.5636835098266602 0.5134419202804565
1871 0.5518695712089539 0.5053424835205078
1872 0.5553167462348938 0.5053424835205078
1873 0.5564903616905212 0.5053424835205078
1874 0.558559238910675 0.5056794285774231
1875 0.5066558122634888 0.5051989555358887
1876 0.5111913681030273 0.5068477392196655
1877 0.5186766386032104 0.5053688287734985
1878 0.5310318470001221 0.5053977966308594
1879 0.5338525176048279 0.5030473470687866
1880 0.5373092889785767 0.5026260614395142
1881 0.5385844707489014 0.5032581090927124
1882 0.5392800569534302 0.5031042098999023
1883 0.5394904613494873 0.5016320943832397
1884 0.54314124584198 0.5053424835205078
1885 0.5493729114532471 0.5053424835205078
1886 0.5389066338539124 0.5035830140113831
1887 0.538911759853363 0.5035708546638489
1888 0.537176251411438 0.5014139413833618
1889 0.53863525390625 0.5017077922821045
1890 0.5390363931655884 0.501924991607666
1891 0.5384132862091064 0.5009264945983887
1892 0.5387070775032043 0.5010251402854919
1893 0.5390051603317261 0.5011653304100037
1894 0.5391126275062561 0.5029761791229248
1895 0.5391104817390442 0.5020948648452759
1896 0.5393434762954712 0.5018307566642761
1897 0.5367397665977478 0.497735857963562
1898 0.5445572137832642 0.5053423643112183
1899 0.5482451915740967 0.5053425431251526
1900 0.552396297454834 0.5053424835205078
1901 0.5710177421569824 0.49034133553504944
1902 0.5699223279953003 0.49483445286750793
1903 0.5569940209388733 0.5054147243499756
1904 0.5597319602966309 0.5058411955833435
1905 0.5591760873794556 0.5054703950881958
1906 0.5624567270278931 0.5102429986000061
1907 0.5651254653930664 0.5110338926315308
1908 0.5664402842521667 0.5104672312736511
1909 0.5708132982254028 0.513496994972229
1910 0.5558579564094543 0.5053425431251526
1911 0.5526608228683472 0.5053424835205078
1912 0.5481447577476501 0.5053424835205078
1913 0.542205810546875 0.5050692558288574
1914 0.5391089916229248 0.5036742091178894
1915 0.539142370223999 0.503689169883728
1916 0.5390622019767761 0.5036531090736389
1917 0.5678278207778931 0.39435189962387085
1918 0.5634437799453735 0.4074702560901642
1919 0.559185802936554 0.4195282459259033
1920 0.5547478795051575 0.4296267032623291
1921 0.5499986410140991 0.43877944350242615
1922 0.5450452566146851 0.44560953974723816
1923 0.5407313704490662 0.451252818107605
1924 0.5369641780853271 0.45631617307662964
1925 0.5339912176132202 0.4609096050262451
1926 0.5303025245666504 0.46422308683395386
1927 0.5277574062347412 0.46866533160209656
1928 0.5255839228630066 0.4730307161808014
1929 0.5180855989456177 0.49669820070266724
1930 0.5178563594818115 0.4899516999721527
1931 0.5184547901153564 0.485870361328125
1932 0.521750271320343 0.47782349586486816
1933 0.519903302192688 0.48182934522628784
1934 0.5334327816963196 0.5019934773445129
1935 0.5327957272529602 0.5021011829376221
1936 0.5299267768859863 0.5016582608222961
1937 0.5222188234329224 0.5010358095169067
1938 0.5333666801452637 0.5011926293373108
1939 0.5294206142425537 0.4995386600494385
1940 0.5326347947120667 0.5011634826660156
1941 0.5273942947387695 0.4825953245162964
1942 0.5238754153251648 0.4856148362159729
1943 0.5228925943374634 0.4909667670726776
1944 0.5219953060150146 0.4944325089454651
1945 0.5542042851448059 0.5204852819442749
1946 0.5497394800186157 0.5219960808753967
1947 0.5456336140632629 0.5223180055618286
1948 0.5407801866531372 0.520281970500946
1949 0.5378410816192627 0.5173932909965515
1950 0.5360563397407532 0.5141592621803284
1951 0.5346666574478149 0.5109256505966187
1952 0.5337913036346436 0.5083210468292236
1953 0.5332434773445129 0.5058163404464722
1954 0.5324761271476746 0.5039236545562744
1955 0.5317407846450806 0.5020950436592102
1956 0.5313591957092285 0.5006507039070129
1957 0.5311343669891357 0.4992768466472626
1958 0.5310494899749756 0.4979712963104248
1959 0.5318163633346558 0.49553850293159485
1960 0.5350109338760376 0.4859503507614136
1961 0.5373740196228027 0.48311448097229004
1962 0.5392261743545532 0.4818871021270752
1963 0.5410592555999756 0.48193201422691345
1964 0.5439819097518921 0.4832601249217987
1965 0.5473355650901794 0.485688179731369
1966 0.551249623298645 0.4854738414287567
1967 0.5556029081344604 0.4874100685119629
1968 0.5598073601722717 0.4901609420776367
1969 0.5639151334762573 0.49268966913223267
1970 0.567931056022644 0.49536746740341187
1971 0.5714808106422424 0.49890953302383423
1972 0.5718153715133667 0.5075986385345459
1973 0.5693456530570984 0.5147131085395813
1974 0.5649206638336182 0.518839955329895
1975 0.5599918365478516 0.5214430093765259
1976 0.5736287832260132 0.5035057663917542
1977 0.5360466241836548 0.4996703565120697
1978 0.5353448390960693 0.4989052712917328
1979 0.5339899063110352 0.4968165159225464
1980 0.5325255393981934 0.49337613582611084
1981 0.5312695503234863 0.4904419183731079
1982 0.5375583171844482 0.49856099486351013
1983 0.5325350761413574 0.48703694343566895
1984 0.5336207151412964 0.49018970131874084
1985 0.5353243350982666 0.49569791555404663
1986 0.5367963314056396 0.49718767404556274
1987 0.5305300951004028 0.5131489038467407
1988 0.5320286750793457 0.5162341594696045
1989 0.5297600030899048 0.5107331871986389
1990 0.5290083885192871 0.5078649520874023
1991 0.5271278619766235 0.5008188486099243
1992 0.5269215106964111 0.49248701333999634
1993 0.526474118232727 0.4950355589389801
1994 0.5264608263969421 0.49784308671951294
1995 0.5281612873077393 0.4890325665473938
1996 0.5293936133384705 0.4864852726459503
1997 0.5341610908508301 0.5192325115203857
1998 0.5363157987594604 0.5216994881629944
1999 0.5398173332214355 0.5240011215209961
2000 0.5449134111404419 0.5249427556991577
2001 0.5500310063362122 0.5245715379714966
2002 0.5554400682449341 0.5236440896987915
2003 0.5620075464248657 0.5241020917892456
2004 0.5669047832489014 0.5217799544334412
2005 0.5719224214553833 0.5168209671974182
2006 0.5762884020805359 0.5101242661476135
2007 0.5796164274215698 0.5043032169342041
2008 0.5626314878463745 0.5062447786331177
2009 0.5659993886947632 0.5054605603218079
2010 0.5605590343475342 0.506959080696106
2011 0.5680822134017944 0.5035862922668457
2012 0.5610294342041016 0.506563663482666
2013 0.5612241625785828 0.5061134099960327
2014 0.5611429810523987 0.5068515539169312
2015 0.5660133957862854 0.5066093802452087
2016 0.5698432326316833 0.5062500834465027
2017 0.5675249695777893 0.5065755844116211
2018 0.498673677444458 0.1909574419260025
2019 0.5167686343193054 0.19494031369686127
2020 0.5346546173095703 0.20180660486221313
2021 0.5501663684844971 0.21165256202220917
2022 0.5618216395378113 0.22504103183746338
2023 0.5737687945365906 0.24899204075336456
2024 0.580344557762146 0.274571031332016
2025 0.5836130380630493 0.29882651567459106
2026 0.582212507724762 0.321524441242218
2027 0.5798207521438599 0.3394223749637604
2028 0.5762324929237366 0.35883617401123047
2029 0.5723328590393066 0.3780151605606079
2030 0.5830935835838318 0.5020416975021362
2031 0.5849976539611816 0.5009942650794983
2032 0.58774334192276 0.49971240758895874
2033 0.5911967158317566 0.4991121292114258
2034 0.595925509929657 0.4977624714374542
2035 0.6011480689048767 0.49850454926490784
2036 0.6079411506652832 0.4999332129955292
2037 0.6161693930625916 0.5023185610771179
2038 0.5337751507759094 0.5012227892875671
2039 0.533839762210846 0.5020192861557007
2040 0.5377880930900574 0.5001591444015503
2041 0.5382710695266724 0.5002256631851196
2042 0.5342816710472107 0.5015345811843872
2043 0.5344434976577759 0.5019371509552002
2044 0.49950850009918213 0.43946558237075806
2045 0.5016074180603027 0.4395379424095154
2046 0.5030868053436279 0.4401032626628876
2047 0.505288302898407 0.43971073627471924
2048 0.5077769160270691 0.4391973912715912
2049 0.50996994972229 0.43841609358787537
2050 0.5114497542381287 0.4361216127872467
2051 0.5126202702522278 0.4339383840560913
2052 0.5139398574829102 0.4318057894706726
2053 0.5151830315589905 0.42826563119888306
2054 0.5164470672607422 0.4245651662349701
2055 0.5174654722213745 0.41957738995552063
2056 0.5183271169662476 0.41617870330810547
2057 0.5188058614730835 0.4134867787361145
2058 0.5211343169212341 0.4041755199432373
2059 0.5215701460838318 0.39766833186149597
2060 0.522908627986908 0.3879507780075073
2061 0.5259073972702026 0.37374234199523926
2062 0.5280187726020813 0.36479803919792175
2063 0.5293571949005127 0.359831303358078
2064 0.5301205515861511 0.35399138927459717
2065 0.5315210819244385 0.34611862897872925
2066 0.5311464667320251 0.3397408425807953
2067 0.5295541882514954 0.3343300521373749
2068 0.528019905090332 0.32776355743408203
2069 0.5265903472900391 0.32004839181900024
2070 0.5235385298728943 0.31286823749542236
2071 0.5188210010528564 0.30789145827293396
2072 0.5146821141242981 0.304996132850647
2073 0.5103498697280884 0.3042721748352051
2074 0.5063784122467041 0.3041667640209198
2075 0.5027386546134949 0.3043477535247803
2076 0.49933379888534546 0.30422571301460266
2077 0.5148566365242004 0.3769957721233368
2078 0.5104573369026184 0.3792610764503479
2079 0.5064884424209595 0.38111281394958496
2080 0.5030938386917114 0.38229042291641235
2081 0.499563068151474 0.3830800950527191
2082 0.5147109627723694 0.384326696395874
2083 0.5104344487190247 0.38467293977737427
2084 0.5065526962280273 0.38555067777633667
2085 0.5031053423881531 0.387035071849823
2086 0.4995501637458801 0.3878135681152344
2087 0.5388348698616028 0.49971264600753784
2088 0.5398832559585571 0.5003636479377747
2089 0.5416034460067749 0.5019819140434265
2090 0.5431956052780151 0.5029053092002869
2091 0.5450250506401062 0.5033683776855469
2092 0.5480527877807617 0.5025793313980103
2093 0.551186203956604 0.5023722052574158
2094 0.5536870956420898 0.5027203559875488
2095 0.5556924939155579 0.5035297870635986
2096 0.5574142336845398 0.5042160749435425
2097 0.5597302913665771 0.5051342248916626
2098 0.5619577765464783 0.5059937238693237
2099 0.5631502866744995 0.5065648555755615
2100 0.5632650852203369 0.5076301097869873
2101 0.5600734949111938 0.5094399452209473
2102 0.5587807297706604 0.5103776454925537
2103 0.5547643899917603 0.509609580039978
2104 0.5518498420715332 0.51044100522995
2105 0.549453854560852 0.5104962587356567
2106 0.5468772053718567 0.510778546333313
2107 0.543391764163971 0.5102696418762207
2108 0.5406995415687561 0.5093213319778442
2109 0.5384113788604736 0.5074840784072876
2110 0.5374628305435181 0.5060850977897644
2111 0.5370115041732788 0.5046120285987854
2112 0.5367041230201721 0.502815842628479
2113 0.5347207188606262 0.5025633573532104
2114 0.5341793298721313 0.5019966959953308
2115 0.534037709236145 0.5013458132743835
2116 0.5342533588409424 0.5008700489997864
2117 0.5357223153114319 0.5006802082061768
2118 0.5364083647727966 0.5003498792648315
2119 0.5371047854423523 0.5001407861709595
2120 0.5380353927612305 0.4995771646499634
2121 0.7383318543434143 0.9693437814712524
2122 0.7789506912231445 0.9541321992874146
2123 0.033413320779800415 0.02534535527229309
2124 0.033413320779800415 0.02534535527229309
2125 0.04847632721066475 0.40079325437545776
2126 0.05098874121904373 0.3465781509876251
2127 0.05258718878030777 0.3034396469593048
2128 0.08748935163021088 0.7768512964248657
2129 0.0474235936999321 0.5810422301292419
2130 0.044800832867622375 0.4860030710697174
2131 0.054139383137226105 0.6339341402053833
2132 0.07414804399013519 0.7295319437980652
2133 0.04278374835848808 0.1085083931684494
2134 0.04636199772357941 0.1480783373117447
2135 0.038102537393569946 0.066787488758564
2136 0.052939966320991516 0.23421555757522583
2137 0.03444758802652359 0.02534535527229309
2138 0.033413320779800415 0.02534535527229309
2139 0.033413320779800415 0.02534535527229309
2140 0.04982530325651169 0.18637724220752716
2141 0.8466245532035828 0.9010000228881836
2142 0.8731909394264221 0.8643251657485962
2143 0.8147053718566895 0.9323400259017944
2144 0.10520181059837341 0.8183377981185913
2145 0.04566517099738121 0.534987211227417
2146 0.033413320779800415 0.02534535527229309
2147 0.033413320779800415 0.02534535527229309
2148 0.033413320779800415 0.02534535527229309
2149 0.06070338189601898 0.681846022605896
2150 0.04618857055902481 0.4446660578250885
2151 0.5745357871055603 0.9024697542190552
2152 0.6966912746429443 0.9694391489028931
2153 0.5087777972221375 0.07061993330717087
2154 0.5099947452545166 0.09073527157306671
2155 0.5117170214653015 0.029129818081855774
2156 0.5107792615890503 0.025345362722873688
2157 0.5034677982330322 0.02534535713493824
2158 0.5081679821014404 0.02534536086022854
2159 0.5106759667396545 0.0563107505440712
2160 0.6532886028289795 0.9628953337669373
2161 0.612139880657196 0.9348577260971069
2162 0.4994560182094574 0.02534535527229309
2163 0.4994560182094574 0.02534535527229309
2164 0.7241201400756836 0.02534535899758339
2165 0.7257847785949707 0.02534535899758339
2166 0.7437408566474915 0.025345366448163986
2167 0.7422597408294678 0.025345366448163986
2168 0.7690547108650208 0.2572275698184967
2169 0.7620649337768555 0.20915837585926056
2170 0.7909091711044312 0.21465885639190674
2171 0.7926058173179626 0.26379257440567017
2172 0.7685367465019226 0.3072594106197357
2173 0.7918916940689087 0.3126261830329895
2174 0.7862797975540161 0.5409195423126221
2175 0.7815214991569519 0.5753673315048218
2176 0.7629097104072571 0.5585407018661499
2177 0.767482578754425 0.5264096260070801
2178 0.7444539070129395 0.12125462293624878
2179 0.7361949682235718 0.08052289485931396
2180 0.7594189643859863 0.089722640812397
2181 0.7670533061027527 0.12905631959438324
2182 0.7085778713226318 0.02534535899758339
2183 0.7050015926361084 0.02534536086022854
2184 0.7396804094314575 0.025345362722873688
2185 0.7399699687957764 0.025345364585518837
2186 0.727845311164856 0.03814531862735748
2187 0.7487256526947021 0.059308528900146484
2188 0.7547307014465332 0.16374602913856506
2189 0.7874588966369629 0.1757449209690094
2190 0.7344459295272827 0.9303858280181885
2191 0.7695251703262329 0.915854275226593
2192 0.7407800555229187 0.025345362722873688
2193 0.7076336145401001 0.02534535899758339
2194 0.7212175130844116 0.7197086215019226
2195 0.7238541841506958 0.6987208127975464
2196 0.7334421873092651 0.6999825835227966
2197 0.7341864109039307 0.7122281193733215
2198 0.7411798238754272 0.6862815022468567
2199 0.729611337184906 0.6745123863220215
2200 0.7208982110023499 0.7664675712585449
2201 0.720883309841156 0.7415642738342285
2202 0.738431990146637 0.7343152165412903
2203 0.7420297861099243 0.7577187418937683
2204 0.7738292813301086 0.6077989339828491
2205 0.7630188465118408 0.6378724575042725
2206 0.7491506934165955 0.6255279779434204
2207 0.7571914792060852 0.5924814343452454
2208 0.7511743903160095 0.6633061766624451
2209 0.7388842105865479 0.6543866395950317
2210 0.7634689807891846 0.8780689239501953
2211 0.7317419052124023 0.8919918537139893
2212 0.7463608980178833 0.7880517244338989
2213 0.7233641147613525 0.7964968681335449
2214 0.7283486127853394 0.8595783710479736
2215 0.7555359601974487 0.8469260931015015
2216 0.7245587110519409 0.8258384466171265
2217 0.7514723539352417 0.8161886930465698
2218 0.7715002298355103 0.4932561218738556
2219 0.7903537750244141 0.5054222345352173
2220 0.7710632085800171 0.4299934506416321
2221 0.774111270904541 0.3959484100341797
2222 0.7936925888061523 0.3982679843902588
2223 0.7937828898429871 0.43621277809143066
2224 0.7930241823196411 0.4701308608055115
2225 0.7731926441192627 0.4624670743942261
2226 0.7362251281738281 0.025345362722873688
2227 0.7351109385490417 0.025345362722873688
2228 0.7518168687820435 0.025345370173454285
2229 0.7519664764404297 0.025345370173454285
2230 0.7450554966926575 0.025345368310809135
2231 0.7282278537750244 0.02534535899758339
2232 0.7466644048690796 0.025345366448163986
2233 0.7305442094802856 0.02534536086022854
2234 0.7333345413208008 0.02534536086022854
2235 0.7485730648040771 0.025345370173454285
2236 0.7506797313690186 0.025345370173454285
2237 0.7358084917068481 0.025345362722873688
2238 0.7686540484428406 0.354970246553421
2239 0.7934998869895935 0.36082348227500916
2240 0.763339102268219 0.025345373898744583
2241 0.8050233125686646 0.02534538507461548
2242 0.786736249923706 0.02534538321197033
2243 0.8714342713356018 0.025345386937260628
2244 0.9177952408790588 0.02534538134932518
2245 0.8361911773681641 0.02534538507461548
2246 0.7637200951576233 0.025345373898744583
2247 0.786851704120636 0.02534538507461548
2248 0.7871894836425781 0.02534538507461548
2249 0.8039034008979797 0.02534538507461548
2250 0.8170470595359802 0.02534538507461548
2251 0.8454837203025818 0.02534538507461548
2252 0.8692419528961182 0.02534538321197033
2253 0.9186602234840393 0.02534537948668003
2254 0.8105436563491821 0.5183013081550598
2255 0.8150054216384888 0.4455609619617462
2256 0.816771388053894 0.2708650827407837
2257 0.8148554563522339 0.2210029661655426
2258 0.8155778646469116 0.3213861584663391
2259 0.7904204726219177 0.6230813264846802
2260 0.8057975172996521 0.5540555715560913
2261 0.8862761855125427 0.22895684838294983
2262 0.8845383524894714 0.29136842489242554
2263 0.9255635738372803 0.3012845814228058
2264 0.9261298179626465 0.23316717147827148
2265 0.8369205594062805 0.45543503761291504
2266 0.8310612440109253 0.5310235023498535
2267 0.8157956600189209 0.3671637773513794
2268 0.8394560217857361 0.37451690435409546
2269 0.8407177329063416 0.32658976316452026
2270 0.8400197625160217 0.22538545727729797
2271 0.8413341641426086 0.2761610448360443
2272 0.8245691061019897 0.568755567073822
2273 0.8817541599273682 0.3920026421546936
2274 0.8800250887870789 0.4732644557952881
2275 0.9295194149017334 0.4852815866470337
2276 0.9275261163711548 0.40202227234840393
2277 0.8833000659942627 0.33887895941734314
2278 0.8737059831619263 0.5533195734024048
2279 0.8667864203453064 0.5960338115692139
2280 0.9178050756454468 0.626097559928894
2281 0.8993655443191528 0.7153964042663574
2282 0.8067916631698608 0.6392219066619873
2283 0.84978187084198 0.677672266960144
2284 0.9269871711730957 0.3451843857765198
2285 0.9252955913543701 0.5748041868209839
2286 0.8857033252716064 0.14073148369789124
2287 0.9301852583885193 0.14402273297309875
2288 0.9330728650093079 0.10256943851709366
2289 0.8615272045135498 0.10031085461378098
2290 0.8090106248855591 0.136591374874115
2291 0.8330938816070557 0.1398618221282959
2292 0.8287146091461182 0.10639360547065735
2293 0.8038700222969055 0.10615578293800354
2294 0.7620831727981567 0.025345373898744583
2295 0.8103940486907959 0.02534538507461548
2296 0.7965309619903564 0.02534538507461548
2297 0.7627135515213013 0.025345373898744583
2298 0.8219087719917297 0.02534538507461548
2299 0.8355771899223328 0.02534538507461548
2300 0.764104962348938 0.03696584701538086
2301 0.8212069869041443 0.039611976593732834
2302 0.8577712774276733 0.03235577419400215
2303 0.8286756277084351 0.07444843649864197
2304 0.861727774143219 0.06869692355394363
2305 0.7994235157966614 0.08311118930578232
2306 0.9343980550765991 0.06201634928584099
2307 0.8864021301269531 0.18034502863883972
2308 0.928137481212616 0.1868230700492859
2309 0.837234377861023 0.1821625679731369
2310 0.8119103908538818 0.1795136034488678
2311 0.9371230006217957 0.025345370173454285
2312 0.9080511927604675 0.02534538507461548
2313 0.880484938621521 0.02534538507461548
2314 0.9046326875686646 0.02534538507461548
2315 0.7775511741638184 0.6538867950439453
2316 0.7924189567565918 0.673239529132843
2317 0.888411819934845 0.7564826011657715
2318 0.8408313989639282 0.7175723314285278
2319 0.8299969434738159 0.8671888113021851
2320 0.8018343448638916 0.8960745930671692
2321 0.7820621728897095 0.8305400609970093
2322 0.7484123706817627 0.6985942721366882
2323 0.7632465958595276 0.678451657295227
2324 0.7631537318229675 0.7451090216636658
2325 0.9135762453079224 0.02534538134932518
2326 0.8708950281143188 0.02534538507461548
2327 0.8821720480918884 0.02534538507461548
2328 0.8542907238006592 0.02534538507461548
2329 0.7565926313400269 0.7204590439796448
2330 0.8551560640335083 0.8299093246459961
2331 0.9030790328979492 0.23156993091106415
2332 0.9029584527015686 0.2967663109302521
2333 0.9034428000450134 0.39608973264694214
2334 0.9022307395935059 0.4786529541015625
2335 0.8963874578475952 0.5629651546478271
2336 0.9028787016868591 0.34280240535736084
2337 0.8907461762428284 0.6068820953369141
2338 0.8749943971633911 0.6915580630302429
2339 0.9080869555473328 0.10256218910217285
2340 0.9067978858947754 0.14313195645809174
2341 0.9086545705795288 0.06183687597513199
2342 0.9045048952102661 0.18357311189174652
2343 0.791305422782898 0.8588560819625854
2344 0.8645815253257751 0.733634889125824
2345 0.8149203658103943 0.8337714076042175
2346 0.835679292678833 0.8025639057159424
2347 0.8846072554588318 0.10048878192901611
2348 0.8823854923248291 0.06196628510951996
2349 0.861454963684082 0.2841144800186157
2350 0.8631442189216614 0.22746345400810242
2351 0.8612098097801208 0.3328517973423004
2352 0.8596618175506592 0.3833867907524109
2353 0.8570608496665955 0.46472907066345215
2354 0.8502919673919678 0.5415825247764587
2355 0.8445378541946411 0.5802323222160339
2356 0.8271669745445251 0.6587747931480408
2357 0.8117703795433044 0.7036617398262024
2358 0.8629184365272522 0.14012154936790466
2359 0.8632048964500427 0.18102170526981354
2360 0.7687056660652161 0.7722955942153931
2361 0.7749067544937134 0.8007577657699585
2362 0.8033316135406494 0.8085156679153442
2363 0.794413685798645 0.7854399085044861
2364 0.820281982421875 0.7830139398574829
2365 0.8093125224113464 0.7703721523284912
2366 0.7746790051460266 0.7003331184387207
2367 0.7843594551086426 0.7259896993637085
2368 0.8742855787277222 0.7899209260940552
2369 0.8507241010665894 0.768686056137085
2370 0.8318142294883728 0.7512913346290588
2371 0.8104827404022217 0.746379017829895
2372 0.7898848056793213 0.7567816972732544
2373 0.813103199005127 0.4811912178993225
2374 0.8768682479858398 0.5149044394493103
2375 0.8543263673782349 0.503179669380188
2376 0.8337371349334717 0.49386581778526306
2377 0.9276413917541504 0.5329544544219971
2378 0.8996114134788513 0.5219478011131287
2379 0.8289549946784973 0.02534538507461548
2380 0.8497088551521301 0.02534538507461548
2381 0.8497088551521301 0.02534538507461548
2382 0.8285987377166748 0.02534538507461548
2383 0.8711783289909363 0.02534538507461548
2384 0.8707554340362549 0.02534538507461548
2385 0.9018465280532837 0.02534538507461548
2386 0.9011971950531006 0.02534538507461548
2387 0.9172770380973816 0.02534537948668003
2388 0.9174147844314575 0.02534538134932518
2389 0.9526734352111816 0.025345362722873688
2390 0.951775848865509 0.025345362722873688
2391 0.8053270578384399 0.02534538507461548
2392 0.7871894836425781 0.02534538507461548
2393 0.7871894836425781 0.02534538507461548
2394 0.8059466481208801 0.02534538507461548
2395 0.7702015042304993 0.02534537762403488
2396 0.7705774307250977 0.02534537762403488
2397 0.7871894836425781 0.02534538507461548
2398 0.7871894836425781 0.02534538507461548
2399 0.7871894836425781 0.02534538507461548
2400 0.7871894836425781 0.02534538507461548
2401 0.7871894836425781 0.02534538507461548
2402 0.7871894836425781 0.02534538507461548
2403 0.7871894836425781 0.02534538507461548
2404 0.7871894836425781 0.02534538507461548
2405 0.7871894836425781 0.02534538507461548
2406 0.7871894836425781 0.02534538507461548
2407 0.7871894836425781 0.02534538507461548
2408 0.7871894836425781 0.02534538507461548
2409 0.8251054286956787 0.02534538507461548
2410 0.8497088551521301 0.02534538507461548
2411 0.8700002431869507 0.02534538507461548
2412 0.9007558226585388 0.02534538507461548
2413 0.9181777238845825 0.02534538134932518
2414 0.9512567520141602 0.025345362722873688
2415 0.7871894836425781 0.02534538507461548
2416 0.7868247628211975 0.02534538507461548
2417 0.7646043300628662 0.025345375761389732
2418 0.8012086153030396 0.025345386937260628
2419 0.7926410436630249 0.02534538507461548
2420 0.7871894836425781 0.02534538507461548
2421 0.7871894836425781 0.02534538507461548
2422 0.7871894836425781 0.02534538507461548
2423 0.765846848487854 0.02534537762403488
2424 0.7871894836425781 0.02534538507461548
2425 0.7871894836425781 0.02534538507461548
2426 0.7871894836425781 0.02534538507461548
2427 0.7871894836425781 0.02534538507461548
2428 0.7871894836425781 0.02534538507461548
2429 0.7671654224395752 0.02534537762403488
2430 0.7871894836425781 0.02534538507461548
2431 0.7871894836425781 0.02534538507461548
2432 0.7871894836425781 0.02534538507461548
2433 0.7871894836425781 0.02534538507461548
2434 0.7871894836425781 0.02534538507461548
2435 0.7871894836425781 0.02534538507461548
2436 0.7871894836425781 0.02534538507461548
2437 0.7871894836425781 0.02534538507461548
2438 0.7687309980392456 0.02534537762403488
2439 0.912409782409668 0.6667966842651367
2440 0.8849017024040222 0.6489730477333069
2441 0.8609306812286377 0.6345048546791077
2442 0.8379566073417664 0.6191375255584717
2443 0.8177271485328674 0.6046407222747803
2444 0.7999223470687866 0.590549647808075
2445 0.8151391744613647 0.4072050154209137
2446 0.8372316360473633 0.41694071888923645
2447 0.858901858329773 0.42481279373168945
2448 0.8808029890060425 0.4333783984184265
2449 0.9030527472496033 0.43853726983070374
2450 0.9292260408401489 0.4442019462585449
2451 0.691375195980072 0.025345366448163986
2452 0.674286425113678 0.025345370173454285
2453 0.6521539092063904 0.02534538134932518
2454 0.6627565622329712 0.02534537762403488
2455 0.6664557456970215 0.025345373898744583
2456 0.6770703792572021 0.025345370173454285
2457 0.6870254278182983 0.025345366448163986
2458 0.6998361945152283 0.025345362722873688
2459 0.6557687520980835 0.1880904883146286
2460 0.6791260838508606 0.2227775752544403
2461 0.7538704872131348 0.425821989774704
2462 0.752550482749939 0.48291894793510437
2463 0.6193259358406067 0.1384538859128952
2464 0.5707089304924011 0.11478038132190704
2465 0.7321417331695557 0.15760494768619537
2466 0.7398748397827148 0.20376715064048767
2467 0.6820817589759827 0.14837464690208435
2468 0.6951390504837036 0.18074971437454224
2469 0.703310489654541 0.06996048986911774
2470 0.7240410447120667 0.11203591525554657
2471 0.6670497059822083 0.0602075532078743
2472 0.6099307537078857 0.06281638145446777
2473 0.6149227619171143 0.09062431752681732
2474 0.6732788681983948 0.10035336017608643
2475 0.5701572299003601 0.061483729630708694
2476 0.5713546276092529 0.08228857070207596
2477 0.5319604277610779 0.07446678727865219
2478 0.531513512134552 0.058467134833335876
2479 0.6762463450431824 0.025345370173454285
2480 0.6872289776802063 0.025345366448163986
2481 0.6524151563644409 0.02534538134932518
2482 0.659420371055603 0.02534537762403488
2483 0.695055365562439 0.025345362722873688
2484 0.6087253093719482 0.02534538507461548
2485 0.5689448118209839 0.02534538507461548
2486 0.5529568195343018 0.02534538507461548
2487 0.5326509475708008 0.10007479041814804
2488 0.6029576063156128 0.02534538507461548
2489 0.5540850162506104 0.02534538507461548
2490 0.5682835578918457 0.02534538507461548
2491 0.6218746900558472 0.02534538507461548
2492 0.563936173915863 0.02534538507461548
2493 0.5786871314048767 0.02534538507461548
2494 0.5248213410377502 0.025345373898744583
2495 0.7482667565345764 0.3601546585559845
2496 0.7446393370628357 0.31065604090690613
2497 0.7053647041320801 0.7198878526687622
2498 0.7005210518836975 0.7710635662078857
2499 0.6885077953338623 0.7159292697906494
2500 0.6784783601760864 0.7654886245727539
2501 0.6997027397155762 0.7993004322052002
2502 0.6757755279541016 0.7926356792449951
2503 0.6947363615036011 0.9299949407577515
2504 0.6582217216491699 0.9241673946380615
2505 0.6965322494506836 0.8588526248931885
2506 0.6983140110969543 0.8917844891548157
2507 0.6672520041465759 0.8531058430671692
2508 0.6630645990371704 0.8854913711547852
2509 0.7092181444168091 0.6924153566360474
2510 0.6948273181915283 0.689165472984314
2511 0.703727126121521 0.6646624803543091
2512 0.7164492011070251 0.6680198311805725
2513 0.7251830697059631 0.6461132764816284
2514 0.7118725180625916 0.6399921178817749
2515 0.7155395150184631 0.2315358817577362
2516 0.7477868795394897 0.2513577938079834
2517 0.7329050302505493 0.6151972413063049
2518 0.7498549222946167 0.511785626411438
2519 0.7364494204521179 0.5743199586868286
2520 0.6979545950889587 0.6340457201004028
2521 0.6889110803604126 0.6558444499969482
2522 0.6801527142524719 0.6830869913101196
2523 0.6722561120986938 0.7083022594451904
2524 0.6578125953674316 0.7568585276603699
2525 0.6518958806991577 0.7817809581756592
2526 0.636333167552948 0.8346021175384521
2527 0.6301241517066956 0.8656394481658936
2528 0.6186069250106812 0.8978828191757202
2529 0.7186868190765381 0.6114699244499207
2530 0.6934942007064819 0.2688731849193573
2531 0.7144067287445068 0.2754113972187042
2532 0.6836117506027222 0.025345368310809135
2533 0.5863298177719116 0.8699491620063782
2534 0.5987707376480103 0.8389484882354736
2535 0.6748872399330139 0.6478549838066101
2536 0.6647331714630127 0.672208309173584
2537 0.6843357086181641 0.6257320642471313
2538 0.7049320936203003 0.6067695021629333
2539 0.6925332546234131 0.6012099981307983
2540 0.7201612591743469 0.579768717288971
2541 0.7079051733016968 0.5803219676017761
2542 0.6972168684005737 0.5772013664245605
2543 0.6105929613113403 0.813505232334137
2544 0.6301348209381104 0.7644679546356201
2545 0.6558167934417725 0.6973384618759155
2546 0.6383931040763855 0.7422617673873901
2547 0.5202677845954895 0.025345370173454285
2548 0.5713078379631042 0.02534538507461548
2549 0.5556089282035828 0.02534538507461548
2550 0.6049262881278992 0.02534538507461548
2551 0.6454256176948547 0.02534538507461548
2552 0.6604999899864197 0.02534537948668003
2553 0.5943176746368408 0.02534538507461548
2554 0.6357775926589966 0.02534538507461548
2555 0.5667685270309448 0.02534538507461548
2556 0.5494396090507507 0.02534538507461548
2557 0.515913724899292 0.025345368310809135
2558 0.5640681385993958 0.02534538507461548
2559 0.5329717397689819 0.02534537948668003
2560 0.5128137469291687 0.025345366448163986
2561 0.5863088369369507 0.025345386937260628
2562 0.647872269153595 0.02534538321197033
2563 0.6414452791213989 0.02534538507461548
2564 0.6286284923553467 0.02534538507461548
2565 0.702151894569397 0.7418577671051025
2566 0.6831509470939636 0.7383339405059814
2567 0.6650588512420654 0.731813907623291
2568 0.6468136310577393 0.7180706858634949
2569 0.6979851126670837 0.8278403282165527
2570 0.6703839302062988 0.8210182189941406
2571 0.6437326669692993 0.8078572154045105
2572 0.6200892925262451 0.7881369590759277
2573 0.7072929739952087 0.5541936755180359
2574 0.6996402740478516 0.5545532703399658
2575 0.7379468083381653 0.47321128845214844
2576 0.7338287830352783 0.4953842759132385
2577 0.7256067991256714 0.5389488339424133
2578 0.7164896726608276 0.5498262047767639
2579 0.7536068558692932 0.4550815522670746
2580 0.7289417386054993 0.37633123993873596
2581 0.7387313842773438 0.42434170842170715
2582 0.7057573795318604 0.31343892216682434
2583 0.6951287388801575 0.3044642210006714
2584 0.6900612115859985 0.025345366448163986
2585 0.6807103157043457 0.025345370173454285
2586 0.6947853565216064 0.025345364585518837
2587 0.7021442651748657 0.02534536086022854
2588 0.7087287306785583 0.02534535899758339
2589 0.7139960527420044 0.02534535713493824
2590 0.7240532040596008 0.02534535899758339
2591 0.7210468649864197 0.02534535527229309
2592 0.6984987258911133 0.025345362722873688
2593 0.7077431678771973 0.02534535899758339
2594 0.7113152742385864 0.02534535899758339
2595 0.7221840620040894 0.02534535527229309
2596 0.7266823649406433 0.02534536086022854
2597 0.7458056211471558 0.5399395823478699
2598 0.7309343218803406 0.5206815004348755
2599 0.7381548285484314 0.4485924243927002
2600 0.7351669669151306 0.4009302258491516
2601 0.7526934742927551 0.3966800570487976
2602 0.7190444469451904 0.35259753465652466
2603 0.6079003214836121 0.02534538507461548
2604 0.6149917244911194 0.02534538507461548
2605 0.6246771216392517 0.02534538507461548
2606 0.6530613899230957 0.02534537948668003
2607 0.6684085130691528 0.025345375761389732
2608 0.6765497326850891 0.025345370173454285
2609 0.6846334338188171 0.06653086841106415
2610 0.6924466490745544 0.10382668673992157
2611 0.7018436193466187 0.15051104128360748
2612 0.7212722897529602 0.19382989406585693
2613 0.7301567196846008 0.23770275712013245
2614 0.7246530652046204 0.2904084026813507
2615 0.7128427624702454 0.32727861404418945
2616 0.7005921006202698 0.30568280816078186
2617 0.7010827660560608 0.26957887411117554
2618 0.6897867918014526 0.22355115413665771
2619 0.6781084537506104 0.1766681969165802
2620 0.6610357761383057 0.14457271993160248
2621 0.6534126996994019 0.09825000166893005
2622 0.6315214037895203 0.06286054849624634
2623 0.6261163353919983 0.02534538507461548
2624 0.6187156438827515 0.02534538507461548
2625 0.6048809289932251 0.02534538507461548
2626 0.5877216458320618 0.02534538507461548
2627 0.5849022269248962 0.02534538507461548
2628 0.583191454410553 0.02534538507461548
2629 0.9501469135284424 0.025345364585518837
2630 0.9477653503417969 0.025345364585518837
2631 0.9434541463851929 0.025345366448163986
2632 0.9385006427764893 0.025345370173454285
2633 0.9007014632225037 0.02534538507461548
2634 0.9000028967857361 0.02534538507461548
2635 0.9001495838165283 0.02534538507461548
2636 0.2720518112182617 0.42244136333465576
2637 0.2705177068710327 0.4340800642967224
2638 0.2745768427848816 0.410314679145813
2639 0.2702353000640869 0.44670483469963074
2640 0.2704342305660248 0.4599255919456482
2641 0.27177655696868896 0.4786270260810852
2642 0.2755240797996521 0.48815199732780457
2643 0.28766724467277527 0.4952334463596344
2644 0.29999566078186035 0.4651774764060974
2645 0.2819875478744507 0.39332398772239685
2646 0.27865245938301086 0.4007268249988556
2647 0.28707361221313477 0.38726845383644104
2648 0.28881245851516724 0.39190852642059326
2649 0.3412902355194092 0.28475242853164673
2650 0.3610079288482666 0.2563939392566681
2651 0.3658847212791443 0.29236361384391785
2652 0.34837108850479126 0.3165343701839447
2653 0.3348274827003479 0.2547844350337982
2654 0.3743950128555298 0.20648863911628723
2655 0.39676952362060547 0.6028675436973572
2656 0.38599061965942383 0.5883364081382751
2657 0.3935471177101135 0.578280508518219
2658 0.4035601019859314 0.5918793082237244
2659 0.3892260491847992 0.6145926713943481
2660 0.3776998519897461 0.5986132621765137
2661 0.37655019760131836 0.5731921195983887
2662 0.3847574293613434 0.5647688508033752
2663 0.36709123849868774 0.5816647410392761
2664 0.3714506924152374 0.32739490270614624
2665 0.35703223943710327 0.347464919090271
2666 0.40020617842674255 0.5699028968811035
2667 0.40933769941329956 0.5816895365715027
2668 0.39245516061782837 0.5564296841621399
2669 0.3851901590824127 0.5415390729904175
2670 0.37830662727355957 0.526012659072876
2671 0.490290105342865 0.6086645722389221
2672 0.4880000948905945 0.6698421835899353
2673 0.48959439992904663 0.6471664309501648
2674 0.3744039535522461 0.39612096548080444
2675 0.3874957263469696 0.378776490688324
2676 0.37846294045448303 0.35523930191993713
2677 0.3651065230369568 0.3746384084224701
2678 0.4783022701740265 0.6458525061607361
2679 0.47991251945495605 0.62687748670578
2680 0.4902026951313019 0.6266533136367798
2681 0.3765740692615509 0.5487182140350342
2682 0.36718520522117615 0.5558627843856812
2683 0.3570203185081482 0.5635856986045837
2684 0.47587135434150696 0.6680702567100525
2685 0.4808407425880432 0.6101494431495667
2686 0.48239412903785706 0.744619607925415
2687 0.48461154103279114 0.7007321119308472
2688 0.47006645798683167 0.6954665184020996
2689 0.38030797243118286 0.6275098323822021
2690 0.3680539131164551 0.6096498966217041
2691 0.3569778800010681 0.5913978815078735
2692 0.3285180926322937 0.432209312915802
2693 0.326813280582428 0.42085927724838257
2694 0.3303699195384979 0.41153794527053833
2695 0.33290988206863403 0.4255291521549225
2696 0.4379911422729492 0.14598025381565094
2697 0.409877210855484 0.17124958336353302
2698 0.4689343273639679 0.13266974687576294
2699 0.36035671830177307 0.42121511697769165
2700 0.35161882638931274 0.395632803440094
2701 0.3435189723968506 0.4331449270248413
2702 0.3400084674358368 0.4136059880256653
2703 0.36841145157814026 0.5321791172027588
2704 0.35815104842185974 0.5383201837539673
2705 0.34744030237197876 0.5450876355171204
2706 0.34633931517601013 0.5720163583755493
2707 0.33694055676460266 0.5525433421134949
2708 0.29057902097702026 0.37500911951065063
2709 0.46466273069381714 0.7337964773178101
2710 0.3581635355949402 0.621494710445404
2711 0.34675464034080505 0.6016955375671387
2712 0.32357653975486755 0.2948361039161682
2713 0.33109113574028015 0.3159763216972351
2714 0.29336437582969666 0.49827462434768677
2715 0.4195304811000824 0.5921720266342163
2716 0.4140216112136841 0.6030862927436829
2717 0.3705921769142151 0.6412081718444824
2718 0.40781503915786743 0.6154001355171204
2719 0.43052056431770325 0.5993068814277649
2720 0.4254334568977356 0.6120885610580444
2721 0.4407041668891907 0.6039182543754578
2722 0.43680283427238464 0.6176869869232178
2723 0.41979214549064636 0.6253595948219299
2724 0.43192774057388306 0.633255660533905
2725 0.4589959979057312 0.6251038908958435
2726 0.469257652759552 0.6261517405509949
2727 0.4670504927635193 0.6443356871604919
2728 0.4558308720588684 0.6417558789253235
2729 0.46331125497817993 0.6657297611236572
2730 0.45139166712760925 0.6612715125083923
2731 0.46100836992263794 0.6094812154769897
2732 0.470887154340744 0.6101616621017456
2733 0.4437865614891052 0.6379736065864563
2734 0.43876051902770996 0.6570120453834534
2735 0.42601847648620605 0.6496623754501343
2736 0.4476274251937866 0.6217461228370667
2737 0.45086973905563354 0.6073250770568848
2738 0.367154061794281 0.49087202548980713
2739 0.36120373010635376 0.450106680393219
2740 0.35187387466430664 0.47485285997390747
2741 0.3475758731365204 0.45387542247772217
2742 0.36359089612960815 0.4715762734413147
2743 0.3558364808559418 0.49485287070274353
2744 0.34634464979171753 0.4987529516220093
2745 0.33837682008743286 0.5021020174026489
2746 0.3427746295928955 0.479030966758728
2747 0.33519113063812256 0.4411467909812927
2748 0.3389175236225128 0.4589245915412903
2749 0.3365926742553711 0.482739120721817
2750 0.3295305371284485 0.44609734416007996
2751 0.32655495405197144 0.4534904360771179
2752 0.33066776394844055 0.46643877029418945
2753 0.33291178941726685 0.4636736810207367
2754 0.3304498493671417 0.48184463381767273
2755 0.34523022174835205 0.372988224029541
2756 0.33857300877571106 0.3458394408226013
2757 0.3364138603210449 0.3943265676498413
2758 0.3058043122291565 0.3637213706970215
2759 0.44371652603149414 0.8339006900787354
2760 0.4658099114894867 0.7903356552124023
2761 0.4270140528678894 0.8116425275802612
2762 0.4491385817527771 0.7707767486572266
2763 0.32473063468933105 0.6213642358779907
2764 0.33623677492141724 0.6118570566177368
2765 0.34749823808670044 0.6323070526123047
2766 0.3353833854198456 0.643013060092926
2767 0.3595450520515442 0.6537055969238281
2768 0.34657514095306396 0.6665761470794678
2769 0.3360149562358856 0.5813896656036377
2770 0.32709139585494995 0.560775637626648
2771 0.3293730914592743 0.5042986869812012
2772 0.3177366256713867 0.5060408115386963
2773 0.325819194316864 0.5901842713356018
2774 0.31514719128608704 0.5985736846923828
2775 0.3179403841495514 0.568946361541748
2776 0.3119502365589142 0.5126053094863892
2777 0.2972804307937622 0.4981336295604706
2778 0.3089050352573395 0.5756011009216309
2779 0.307726114988327 0.51638263463974
2780 0.30101466178894043 0.4950993061065674
2781 0.30309662222862244 0.49449411034584045
2782 0.4311245381832123 0.6779721975326538
2783 0.41828450560569763 0.6688417196273804
2784 0.4571567177772522 0.6927164793014526
2785 0.44472819566726685 0.6870235204696655
2786 0.44805416464805603 0.7224425077438354
2787 0.43475571274757385 0.7114973068237305
2788 0.4325173497200012 0.75696861743927
2789 0.4197429120540619 0.7401499152183533
2790 0.42108315229415894 0.7010490298271179
2791 0.40669259428977966 0.7244515419006348
2792 0.41273653507232666 0.7888338565826416
2793 0.4015449285507202 0.7678443789482117
2794 0.4134385585784912 0.6405625939369202
2795 0.40097320079803467 0.6289063692092896
2796 0.3927537500858307 0.6437264680862427
2797 0.38291922211647034 0.6590325832366943
2798 0.4080732464790344 0.6886933445930481
2799 0.3957327604293823 0.6745770573616028
2800 0.4056549668312073 0.6575906276702881
2801 0.37114834785461426 0.6739284992218018
2802 0.3945785164833069 0.7093130350112915
2803 0.38303762674331665 0.6910260319709778
2804 0.3893778324127197 0.7491427659988403
2805 0.35739994049072266 0.6883711814880371
2806 0.37879258394241333 0.7289929986000061
2807 0.3684811592102051 0.7089290618896484
2808 0.3720345199108124 0.509213924407959
2809 0.3506389856338501 0.5193070769309998
2810 0.36125850677490234 0.5142996311187744
2811 0.3410470485687256 0.5244173407554626
2812 0.3317860960960388 0.5306307077407837
2813 0.32254642248153687 0.5392297506332397
2814 0.31427672505378723 0.5472245812416077
2815 0.30647578835487366 0.5528203248977661
2816 0.3270065486431122 0.3998488783836365
2817 0.3312896490097046 0.374892920255661
2818 0.32618051767349243 0.3469507098197937
2819 0.32457464933395386 0.41254857182502747
2820 0.31903189420700073 0.32747697830200195
2821 0.3008240759372711 0.3659364581108093
2822 0.3136674761772156 0.31789055466651917
2823 0.3152286410331726 0.28167498111724854
2824 0.32791125774383545 0.22883310914039612
2825 0.35488972067832947 0.19337302446365356
2826 0.39689427614212036 0.16382911801338196
2827 0.43318721652030945 0.13686631619930267
2828 0.46642622351646423 0.11681035906076431
2829 0.3000051975250244 0.4181731343269348
2830 0.3050857186317444 0.4116061329841614
2831 0.3063323497772217 0.41609230637550354
2832 0.30661121010780334 0.40740713477134705
2833 0.30824747681617737 0.4123242497444153
2834 0.31471559405326843 0.4344249665737152
2835 0.3117377758026123 0.4367170035839081
2836 0.30274441838264465 0.42923006415367126
2837 0.30810704827308655 0.398873895406723
2838 0.3097340762615204 0.4037463963031769
2839 0.3058989644050598 0.40280675888061523
2840 0.31880852580070496 0.46673113107681274
2841 0.3181498050689697 0.4593474268913269
2842 0.31851938366889954 0.45955878496170044
2843 0.31895846128463745 0.46668416261672974
2844 0.3071792423725128 0.47840195894241333
2845 0.31041353940963745 0.4762027859687805
2846 0.3110879063606262 0.44639450311660767
2847 0.31291714310646057 0.4546051025390625
2848 0.30097904801368713 0.4568830132484436
2849 0.2983371615409851 0.43485790491104126
2850 0.30877816677093506 0.41424456238746643
2851 0.3038784861564636 0.47813016176223755
2852 0.3029141426086426 0.4075462818145752
2853 0.2963789999485016 0.4338023066520691
2854 0.2943458557128906 0.43282392621040344
2855 0.29788729548454285 0.4176092743873596
2856 0.29733261466026306 0.40278366208076477
2857 0.2974422574043274 0.40216580033302307
2858 0.301861435174942 0.39542651176452637
2859 0.3022652268409729 0.3951173424720764
2860 0.29489633440971375 0.45265763998031616
2861 0.29264599084854126 0.4518105685710907
2862 0.3005085587501526 0.47627192735671997
2863 0.297772616147995 0.4744763970375061
2864 0.29315757751464844 0.4636354446411133
2865 0.29546278715133667 0.472313791513443
2866 0.2920663058757782 0.4775283634662628
2867 0.3066309988498688 0.4823648929595947
2868 0.30960988998413086 0.4789424240589142
2869 0.3172866106033325 0.4729462265968323
2870 0.31715303659439087 0.47212445735931396
2871 0.3024589419364929 0.4793993830680847
2872 0.292590856552124 0.41729965806007385
2873 0.2896536588668823 0.430915504693985
2874 0.2936629056930542 0.4172360301017761
2875 0.29134640097618103 0.43132632970809937
2876 0.2876475155353546 0.4505768418312073
2877 0.2902817726135254 0.4506685733795166
2878 0.29882171750068665 0.477787584066391
2879 0.2980572283267975 0.4781205952167511
2880 0.30188488960266113 0.4809267818927765
2881 0.2963971197605133 0.474892795085907
2882 0.29594147205352783 0.4759977459907532
2883 0.28991398215293884 0.46430736780166626
2884 0.29139772057533264 0.463685005903244
2885 0.29356950521469116 0.4729795455932617
2886 0.2945750951766968 0.4718674421310425
2887 0.2951275110244751 0.4858402907848358
2888 0.31873175501823425 0.4607808589935303
2889 0.32507628202438354 0.4426485598087311
2890 0.32514891028404236 0.43477439880371094
2891 0.32516640424728394 0.4659197926521301
2892 0.3231404423713684 0.46407026052474976
2893 0.32388976216316223 0.45577773451805115
2894 0.32018157839775085 0.4407200515270233
2895 0.31617334485054016 0.4013168215751648
2896 0.3196256160736084 0.4069819450378418
2897 0.3168860375881195 0.40768566727638245
2898 0.306083619594574 0.3905763030052185
2899 0.3141317069530487 0.39105820655822754
2900 0.31723761558532715 0.3863533139228821
2901 0.31822556257247925 0.3913615942001343
2902 0.31507861614227295 0.3959236145019531
2903 0.310077428817749 0.3789132833480835
2904 0.31609851121902466 0.3802347481250763
2905 0.31176817417144775 0.38152527809143066
2906 0.31127968430519104 0.39520326256752014
2907 0.3179553747177124 0.4537246823310852
2908 0.31882959604263306 0.4127357602119446
2909 0.32120561599731445 0.42486268281936646
2910 0.3197040557861328 0.42653799057006836
2911 0.3156621754169464 0.4418784976005554
2912 0.31710436940193176 0.45296722650527954
2913 0.3151915967464447 0.45231133699417114
2914 0.3137471079826355 0.4430331587791443
2915 0.3175268769264221 0.45339685678482056
2916 0.3191647231578827 0.44136813282966614
2917 0.3182331621646881 0.4416962265968323
2918 0.31791022419929504 0.44184422492980957
2919 0.31658467650413513 0.46612548828125
2920 0.3154430091381073 0.4608965814113617
2921 0.31359705328941345 0.4721565544605255
2922 0.31434690952301025 0.45408201217651367
2923 0.3142359256744385 0.47688376903533936
2924 0.316316157579422 0.4693916440010071
2925 0.32007530331611633 0.43605783581733704
2926 0.3203984498977661 0.4323098063468933
2927 0.32374340295791626 0.42642679810523987
2928 0.32098451256752014 0.4282914102077484
2929 0.317504346370697 0.41617974638938904
2930 0.3196938633918762 0.4308556318283081
2931 0.3197004199028015 0.4359115958213806
2932 0.3201301097869873 0.4320337474346161
2933 0.31829842925071716 0.43571898341178894
2934 0.3183492422103882 0.43657761812210083
2935 0.3195804953575134 0.432523250579834
2936 0.3237451910972595 0.4730623662471771
2937 0.3252972662448883 0.48094385862350464
2938 0.3201676309108734 0.48496419191360474
2939 0.3065756857395172 0.4843969941139221
2940 0.3102668523788452 0.4826797544956207
2941 0.31429630517959595 0.47809910774230957
2942 0.31678107380867004 0.501163899898529
2943 0.3106881380081177 0.49875128269195557
2944 0.3098611533641815 0.4963200092315674
2945 0.31524741649627686 0.4952975809574127
2946 0.30562207102775574 0.49535122513771057
2947 0.30496978759765625 0.49239781498908997
2948 0.29795125126838684 0.48926088213920593
2949 0.2998009920120239 0.4917186498641968
2950 0.30252310633659363 0.49285757541656494
2951 0.301658034324646 0.4902802109718323
2952 0.3120279014110565 0.44730231165885925
2953 0.312052845954895 0.41131001710891724
2954 0.3146829605102539 0.4101536273956299
2955 0.3124944567680359 0.4002091884613037
2956 0.3137702941894531 0.4050958454608917
2957 0.31111568212509155 0.4086594581604004
2958 0.2937474846839905 0.4382011294364929
2959 0.2956436574459076 0.43903276324272156
2960 0.29830530285835266 0.4405854344367981
2961 0.31095173954963684 0.44217079877853394
2962 0.31241294741630554 0.44532912969589233
2963 0.314589262008667 0.4530547857284546
2964 0.3173547089099884 0.45963573455810547
2965 0.3181551694869995 0.46639180183410645
2966 0.3178512156009674 0.4722555875778198
2967 0.3152008056640625 0.4765374958515167
2968 0.3098759949207306 0.47803524136543274
2969 0.3070417642593384 0.47954124212265015
2970 0.30320072174072266 0.4789178669452667
2971 0.2996208965778351 0.47671255469322205
2972 0.2966602146625519 0.474375456571579
2973 0.2949329912662506 0.4717305600643158
2974 0.2920161485671997 0.4639173150062561
2975 0.2914932370185852 0.4512195587158203
2976 0.288579523563385 0.43719416856765747
2977 0.2908940315246582 0.43763792514801025
2978 0.29950013756752014 0.4059363007545471
2979 0.30406925082206726 0.39852669835090637
2980 0.29590553045272827 0.41723138093948364
2981 0.3132398724555969 0.3865642547607422
2982 0.3099311292171478 0.38991454243659973
2983 0.3065834641456604 0.39380064606666565
2984 0.2929295301437378 0.4321919083595276
2985 0.2923522889614105 0.43785732984542847
2986 0.3226967453956604 0.4192163050174713
2987 0.3204016089439392 0.42797088623046875
2988 0.3184819221496582 0.4308604896068573
2989 0.3216477930545807 0.4249121844768524
2990 0.324820339679718 0.4473676085472107
2991 0.317895770072937 0.44809263944625854
2992 0.3196563124656677 0.44682079553604126
2993 0.3188313841819763 0.4476633667945862
2994 0.31132495403289795 0.37220674753189087
2995 0.3143213391304016 0.3755355775356293
2996 0.31560057401657104 0.4884072244167328
2997 0.30968308448791504 0.49284595251083374
2998 0.31930381059646606 0.4769587516784668
2999 0.3216540217399597 0.4701862931251526
3000 0.30105724930763245 0.48656949400901794
3001 0.29469627141952515 0.48079177737236023
3002 0.2969285845756531 0.48463723063468933
3003 0.3060685992240906 0.49028128385543823
3004 0.31367990374565125 0.457680881023407
3005 0.3050602674484253 0.4450305700302124
3006 0.30302178859710693 0.4370095133781433
3007 0.3101087808609009 0.4569222927093506
3008 0.31306979060173035 0.4632076025009155
3009 0.30086538195610046 0.4362534284591675
3010 0.3028395473957062 0.4468781650066376
3011 0.3103175759315491 0.45900869369506836
3012 0.31473350524902344 0.4668656587600708
3013 0.3165891766548157 0.4122375249862671
3014 0.31619957089424133 0.4152922034263611
3015 0.31463223695755005 0.4127002954483032
3016 0.31436866521835327 0.4153715670108795
3017 0.3115053176879883 0.41489821672439575
3018 0.3120938539505005 0.417364239692688
3019 0.3095974028110504 0.4159928262233734
3020 0.31125184893608093 0.41821688413619995
3021 0.30818670988082886 0.4177224040031433
3022 0.308929443359375 0.4198932349681854
3023 0.3063274025917053 0.4172007739543915
3024 0.30719631910324097 0.42115461826324463
3025 0.3010171055793762 0.4266652464866638
3026 0.30279475450515747 0.42349565029144287
3027 0.30361974239349365 0.42475074529647827
3028 0.28852877020835876 0.4743463695049286
3029 0.29174908995628357 0.4691500961780548
3030 0.29287418723106384 0.46855658292770386
3031 0.29341959953308105 0.46837320923805237
3032 0.2938733398914337 0.4687289595603943
3033 0.28843408823013306 0.45784103870391846
3034 0.29069921374320984 0.45748797059059143
3035 0.29192209243774414 0.45775726437568665
3036 0.29305940866470337 0.45809879899024963
3037 0.2950395941734314 0.4582260251045227
3038 0.29922133684158325 0.46201997995376587
3039 0.28769153356552124 0.4436481297016144
3040 0.2905735373497009 0.44397372007369995
3041 0.2918494641780853 0.44437676668167114
3042 0.2932271957397461 0.44485312700271606
3043 0.295254647731781 0.44596588611602783
3044 0.2979452908039093 0.4480850398540497
3045 0.2971727252006531 0.4268995523452759
3046 0.2954104244709015 0.425634503364563
3047 0.29397380352020264 0.4253186583518982
3048 0.2920978367328644 0.4245727062225342
3049 0.29131776094436646 0.4242745637893677
3050 0.30181318521499634 0.4739958345890045
3051 0.2995029091835022 0.4725572466850281
3052 0.30462366342544556 0.4716576039791107
3053 0.3034708499908447 0.46826812624931335
3054 0.3059562146663666 0.4662000834941864
3055 0.30696791410446167 0.4708887040615082
3056 0.30883145332336426 0.46995311975479126
3057 0.30952319502830505 0.4661978781223297
3058 0.3097286820411682 0.47287845611572266
3059 0.3119320571422577 0.46927762031555176
3060 0.2950476408004761 0.4896402657032013
3061 0.28763502836227417 0.48235824704170227
3062 0.29177916049957275 0.48598483204841614
3063 0.29180675745010376 0.4823528528213501
3064 0.28702160716056824 0.47869160771369934
3065 0.29490968585014343 0.4100523591041565
3066 0.29533758759498596 0.4105595648288727
3067 0.29766416549682617 0.4128066301345825
3068 0.29992952942848206 0.41511666774749756
3069 0.3021247088909149 0.4172185957431793
3070 0.3200266361236572 0.3855270743370056
3071 0.3193095028400421 0.38084110617637634
3072 0.3175359070301056 0.3741624355316162
3073 0.3084491193294525 0.3864542841911316
3074 0.307442843914032 0.38392144441604614
3075 0.30505049228668213 0.3891955018043518
3076 0.2924157977104187 0.49457845091819763
3077 0.29803985357284546 0.49813365936279297
3078 0.3020917773246765 0.49595797061920166
3079 0.30428701639175415 0.49559134244918823
3080 0.3072597086429596 0.4970913827419281
3081 0.31156831979751587 0.5072999596595764
3082 0.31549209356307983 0.5041985511779785
3083 0.317118376493454 0.44794392585754395
3084 0.31734707951545715 0.4533148407936096
3085 0.3186987638473511 0.4600449204444885
3086 0.3200839161872864 0.4680843651294708
3087 0.3180451989173889 0.4745519459247589
3088 0.3150326609611511 0.48139894008636475
3089 0.31052717566490173 0.486113965511322
3090 0.3065400719642639 0.48750177025794983
3091 0.30119970440864563 0.48356544971466064
3092 0.2975611090660095 0.4811505377292633
3093 0.29470956325531006 0.478990375995636
3094 0.2920316457748413 0.4756444990634918
3095 0.29018712043762207 0.4715496003627777
3096 0.28829166293144226 0.46553200483322144
3097 0.28637707233428955 0.4584583640098572
3098 0.2859131395816803 0.45073556900024414
3099 0.2856716811656952 0.4431300461292267
3100 0.2863737940788269 0.4366130530834198
3101 0.2874183654785156 0.43000560998916626
3102 0.28876638412475586 0.42292916774749756
3103 0.2905443608760834 0.41588467359542847
3104 0.2934422492980957 0.4081208109855652
3105 0.29687952995300293 0.40047794580459595
3106 0.300594687461853 0.39370620250701904
3107 0.3035273849964142 0.38760846853256226
3108 0.305321604013443 0.38257190585136414
3109 0.30679965019226074 0.37683892250061035
3110 0.30737602710723877 0.3703690767288208
3111 0.30437782406806946 0.47492659091949463
3112 0.30713894963264465 0.4746788740158081
3113 0.3013967275619507 0.4702596366405487
3114 0.3027520179748535 0.4718376398086548
3115 0.3083609342575073 0.36498337984085083
3116 0.3057265281677246 0.3671700358390808
3117 0.3116125464439392 0.36624911427497864
3118 0.31445154547691345 0.3682476282119751
3119 0.3022042512893677 0.37187108397483826
3120 0.2931765019893646 0.38475149869918823
3121 0.3216744363307953 0.38412973284721375
3122 0.32054439187049866 0.3732393980026245
3123 0.31709563732147217 0.3631667196750641
3124 0.31129780411720276 0.3559240400791168
3125 0.3087875247001648 0.3586631417274475
3126 0.313964307308197 0.3573233485221863
3127 0.3005408048629761 0.4275146424770355
3128 0.3046303689479828 0.4202224016189575
3129 0.3052295446395874 0.4221624433994293
3130 0.3026949465274811 0.4236735701560974
3131 0.3041275441646576 0.4172144830226898
3132 0.3148501515388489 0.4215135872364044
3133 0.3157705068588257 0.4178686738014221
3134 0.31293073296546936 0.4287041425704956
3135 0.3107650578022003 0.4305363595485687
3136 0.3103823661804199 0.42291828989982605
3137 0.3122335374355316 0.42113205790519714
3138 0.30847737193107605 0.42516112327575684
3139 0.30638548731803894 0.4246843755245209
3140 0.30583664774894714 0.42746156454086304
3141 0.30548179149627686 0.43287092447280884
3142 0.30585750937461853 0.43855923414230347
3143 0.30675965547561646 0.44511765241622925
3144 0.3102898597717285 0.45590853691101074
3145 0.3125494420528412 0.4592779874801636
3146 0.31673040986061096 0.4300965964794159
3147 0.3142951428890228 0.42504802346229553
3148 0.308407187461853 0.4298005700111389
3149 0.3088218867778778 0.43458300828933716
3150 0.30873435735702515 0.4400785267353058
3151 0.3092471957206726 0.4456545114517212
3152 0.31132766604423523 0.45516401529312134
3153 0.31256788969039917 0.4576931893825531
3154 0.3065711259841919 0.45419642329216003
3155 0.30747100710868835 0.45162463188171387
3156 0.3083072304725647 0.45115727186203003
3157 0.31011369824409485 0.4509715735912323
3158 0.3116980195045471 0.4505625367164612
3159 0.31293633580207825 0.4500080347061157
3160 0.3135553002357483 0.4490339756011963
3161 0.31458237767219543 0.4477471709251404
3162 0.316240519285202 0.4472748935222626
3163 0.297648161649704 0.4701480269432068
3164 0.29607319831848145 0.46707266569137573
3165 0.2951211929321289 0.4629751443862915
3166 0.30208826065063477 0.451710045337677
3167 0.30574584007263184 0.4569418430328369
3168 0.2979070246219635 0.46492308378219604
3169 0.31659337878227234 0.4379730820655823
3170 0.31655153632164 0.44026827812194824
3171 0.3170260787010193 0.4358829855918884
3172 0.31665509939193726 0.434584379196167
3173 0.3175569772720337 0.4412417411804199
3174 0.31763315200805664 0.4377105236053467
3175 0.31637758016586304 0.44452160596847534
3176 0.31682226061820984 0.4452243745326996
3177 0.31650179624557495 0.442026823759079
3178 0.31311744451522827 0.41932424902915955
3179 0.3139309585094452 0.4181458652019501
3180 0.27558794617652893 0.4231424331665039
3181 0.30047929286956787 0.4586453139781952
3182 0.27491524815559387 0.4530244767665863
3183 0.2744654715061188 0.4326036870479584
3184 0.29976627230644226 0.456046998500824
3185 0.27349767088890076 0.445095419883728
3186 0.2790989577770233 0.4122732877731323
3187 0.3001367747783661 0.4586462676525116
3188 0.29922330379486084 0.4549516439437866
3189 0.27706530690193176 0.45149537920951843
3190 0.27638834714889526 0.44213199615478516
3191 0.2769775986671448 0.43305128812789917
3192 0.27758288383483887 0.4237235188484192
3193 0.2797467112541199 0.4134380519390106
3194 0.28322499990463257 0.39866384863853455
3195 0.2842550277709961 0.3984731137752533
3196 0.2812953591346741 0.404411256313324
3197 0.2819785475730896 0.40526288747787476
3198 0.296653151512146 0.45603588223457336
3199 0.27800071239471436 0.4502963423728943
3200 0.27799317240715027 0.4418722987174988
3201 0.2792862057685852 0.4324531853199005
3202 0.2797045409679413 0.42434877157211304
3203 0.28218144178390503 0.4145759344100952
3204 0.2984544336795807 0.45963722467422485
3205 0.285180002450943 0.39856624603271484
3206 0.2838922441005707 0.40611082315444946
3207 0.2851654589176178 0.4283808469772339
3208 0.2836475670337677 0.4505707025527954
3209 0.2895055413246155 0.4143317639827728
3210 0.29429787397384644 0.3951663374900818
3211 0.2960534393787384 0.3982698619365692
3212 0.2993299067020416 0.39204874634742737
3213 0.2862306237220764 0.46666890382766724
3214 0.2999863922595978 0.39215391874313354
3215 0.28471294045448303 0.4349520206451416
3216 0.3043341338634491 0.3988470435142517
3217 0.28394922614097595 0.46012580394744873
3218 0.28344857692718506 0.443298876285553
3219 0.2876121401786804 0.4211452007293701
3220 0.28341227769851685 0.4676430821418762
3221 0.2816048860549927 0.46076518297195435
3222 0.28132909536361694 0.4501463770866394
3223 0.2814904749393463 0.4430442154407501
3224 0.2830450236797333 0.4334734082221985
3225 0.28336912393569946 0.427029550075531
3226 0.28597477078437805 0.41817885637283325
3227 0.2875731587409973 0.41144564747810364
3228 0.29016175866127014 0.4033452868461609
3229 0.2925303280353546 0.40617746114730835
3230 0.30455124378204346 0.3724989891052246
3231 0.30487412214279175 0.37856853008270264
3232 0.30419641733169556 0.3819950819015503
3233 0.30126452445983887 0.3784095346927643
3234 0.3022052049636841 0.3830251693725586
3235 0.30201271176338196 0.3859501779079437
3236 0.28197982907295227 0.46853211522102356
3237 0.2797888219356537 0.45988157391548157
3238 0.2796606421470642 0.44958335161209106
3239 0.2800104022026062 0.4422547519207001
3240 0.28142815828323364 0.43222129344940186
3241 0.28180813789367676 0.4260386824607849
3242 0.28436216711997986 0.4159162640571594
3243 0.30091848969459534 0.40484124422073364
3244 0.28782397508621216 0.40136435627937317
3245 0.28591132164001465 0.4089924693107605
3246 0.3238186240196228 0.3957228660583496
3247 0.3239508271217346 0.3809105157852173
3248 0.3223508596420288 0.3634833097457886
3249 0.3181869387626648 0.34945663809776306
3250 0.31321242451667786 0.34218406677246094
3251 0.3098556399345398 0.3404582440853119
3252 0.3059569299221039 0.3426966667175293
3253 0.30213260650634766 0.3491753041744232
3254 0.2976950407028198 0.35958993434906006
3255 0.2910621762275696 0.3709547221660614
3256 0.28547215461730957 0.37723493576049805
3257 0.2782711088657379 0.38581037521362305
3258 0.27367424964904785 0.3985816538333893
3259 0.27079707384109497 0.4090169668197632
3260 0.2677725553512573 0.42331692576408386
3261 0.26659905910491943 0.43775036931037903
3262 0.2666482925415039 0.4507077634334564
3263 0.26849400997161865 0.4651848375797272
3264 0.2724893093109131 0.4800121784210205
3265 0.2765668034553528 0.48969221115112305
3266 0.28536683320999146 0.4946483373641968
3267 0.2852078676223755 0.5169264078140259
3268 0.2898455262184143 0.5275328159332275
3269 0.2951824367046356 0.5335444808006287
3270 0.3010827898979187 0.5347483158111572
3271 0.307102769613266 0.5326898097991943
3272 0.31307438015937805 0.5277569890022278
3273 0.32067257165908813 0.5189021229743958
3274 0.32200539112091064 0.4931723177433014
3275 0.2975212335586548 0.4542107582092285
3276 0.29717057943344116 0.4594517648220062
3277 0.2995550036430359 0.46764135360717773
3278 0.30157899856567383 0.4653305113315582
3279 0.3036518096923828 0.46256279945373535
3280 0.29665249586105347 0.4624927043914795
3281 0.31971436738967896 0.3964126408100128
3282 0.3221621811389923 0.40803319215774536
3283 0.3204103708267212 0.4141846299171448
3284 0.32201987504959106 0.42237693071365356
3285 0.3209848999977112 0.4255138039588928
3286 0.31983184814453125 0.4274958074092865
3287 0.44713518023490906 0.5805604457855225
3288 0.45547229051589966 0.5814861059188843
3289 0.4534534513950348 0.5939920544624329
3290 0.44422152638435364 0.5910288691520691
3291 0.38695186376571655 0.520465075969696
3292 0.3928384482860565 0.534654974937439
3293 0.3940236568450928 0.5162068605422974
3294 0.3984352946281433 0.5296523571014404
3295 0.49035313725471497 0.5937930345535278
3296 0.39492833614349365 0.39696168899536133
3297 0.3856743574142456 0.41306984424591064
3298 0.40538230538368225 0.5627869963645935
3299 0.41415518522262573 0.5736312866210938
3300 0.39849063754081726 0.5495725870132446
3301 0.39560896158218384 0.42603790760040283
3302 0.39035290479660034 0.4420832395553589
3303 0.37888702750205994 0.432282418012619
3304 0.4097881019115448 0.5565361976623535
3305 0.41848090291023254 0.566287636756897
3306 0.4032682776451111 0.5440492630004883
3307 0.40312373638153076 0.41217952966690063
3308 0.49029603600502014 0.5799976587295532
3309 0.481123149394989 0.5949259400367737
3310 0.4815328121185303 0.5815371870994568
3311 0.48525169491767883 0.32509464025497437
3312 0.4840710461139679 0.31986358761787415
3313 0.48695075511932373 0.3175073266029358
3314 0.4884829521179199 0.32241111993789673
3315 0.48227837681770325 0.3306804299354553
3316 0.4810897707939148 0.32449549436569214
3317 0.49389392137527466 0.31997597217559814
3318 0.4932136535644531 0.31557589769363403
3319 0.4966256618499756 0.3157747685909271
3320 0.49720513820648193 0.3203289806842804
3321 0.49143344163894653 0.3204755187034607
3322 0.49053674936294556 0.31592312455177307
3323 0.48256510496139526 0.3126847445964813
3324 0.4854557514190674 0.30946117639541626
3325 0.4792589545249939 0.31709396839141846
3326 0.3855507969856262 0.2817385494709015
3327 0.3872721791267395 0.2454657107591629
3328 0.40032029151916504 0.21017295122146606
3329 0.4770124852657318 0.3439509868621826
3330 0.47552505135536194 0.34679317474365234
3331 0.4733734130859375 0.34602075815200806
3332 0.47487562894821167 0.343619704246521
3333 0.47906506061553955 0.33653756976127625
3334 0.47850239276885986 0.33303380012512207
3335 0.4740999937057495 0.30658790469169617
3336 0.47644132375717163 0.3267631530761719
3337 0.47062981128692627 0.31693148612976074
3338 0.47470781207084656 0.33551666140556335
3339 0.4673122763633728 0.32437193393707275
3340 0.4706888198852539 0.34444037079811096
3341 0.47275835275650024 0.3486092686653137
3342 0.4698161482810974 0.34807202219963074
3343 0.47671598196029663 0.33937808871269226
3344 0.3872363567352295 0.3138152062892914
3345 0.44060900807380676 0.36452656984329224
3346 0.433549165725708 0.37160199880599976
3347 0.4304227828979492 0.35265251994132996
3348 0.4382045567035675 0.34657585620880127
3349 0.47735118865966797 0.2987617254257202
3350 0.4115256369113922 0.40004563331604004
3351 0.4054725766181946 0.382367342710495
3352 0.39833226799964905 0.3639516532421112
3353 0.4189947843551636 0.3896932005882263
3354 0.4144226312637329 0.37053531408309937
3355 0.47739914059638977 0.34093570709228516
3356 0.4727380871772766 0.3410160541534424
3357 0.39198029041290283 0.3412723243236542
3358 0.4636596143245697 0.339667409658432
3359 0.46341702342033386 0.3469078540802002
3360 0.46561285853385925 0.33285439014434814
3361 0.4748508930206299 0.34894660115242004
3362 0.40843984484672546 0.24574612081050873
3363 0.40320101380348206 0.275460422039032
3364 0.42104142904281616 0.21730510890483856
3365 0.46530139446258545 0.30968648195266724
3366 0.4619901776313782 0.3187709450721741
3367 0.4690864682197571 0.2992309033870697
3368 0.40245360136032104 0.30471742153167725
3369 0.4054376482963562 0.3303113281726837
3370 0.455875039100647 0.18454402685165405
3371 0.4461507797241211 0.1564251184463501
3372 0.4717273712158203 0.14425967633724213
3373 0.4771963655948639 0.17636743187904358
3374 0.4270423948764801 0.2966184616088867
3375 0.43735644221305847 0.29613935947418213
3376 0.43626999855041504 0.3136287331581116
3377 0.426857590675354 0.31598055362701416
3378 0.4308462142944336 0.27433228492736816
3379 0.4411052465438843 0.27834397554397583
3380 0.46074777841567993 0.32875052094459534
3381 0.45992252230644226 0.33824622631073
3382 0.40947669744491577 0.35123950242996216
3383 0.42845821380615234 0.33341726660728455
3384 0.4367181956768036 0.3300268054008484
3385 0.455713152885437 0.3269469141960144
3386 0.4508383572101593 0.3262295126914978
3387 0.45187175273895264 0.3132539689540863
3388 0.4573518633842468 0.31488150358200073
3389 0.45441803336143494 0.29994821548461914
3390 0.45922258496284485 0.30277225375175476
3391 0.45834019780158997 0.2868870198726654
3392 0.4638024568557739 0.29269087314605713
3393 0.45531347393989563 0.3380771279335022
3394 0.4504847526550293 0.3384648561477661
3395 0.4600309133529663 0.3481268286705017
3396 0.45634597539901733 0.34875375032424927
3397 0.4518844783306122 0.35118934512138367
3398 0.4240410029888153 0.178096204996109
3399 0.43919920921325684 0.19901393353939056
3400 0.48725464940071106 0.28704550862312317
3401 0.49176210165023804 0.29018792510032654
3402 0.491550087928772 0.29690611362457275
3403 0.48703908920288086 0.29529115557670593
3404 0.49249953031539917 0.3085891008377075
3405 0.49561238288879395 0.29824700951576233
3406 0.49601292610168457 0.3086429238319397
3407 0.48903554677963257 0.3087995946407318
3408 0.4915594458580017 0.25308963656425476
3409 0.49386757612228394 0.26248103380203247
3410 0.48765087127685547 0.264941543340683
3411 0.4842297434806824 0.2565847933292389
3412 0.4957163333892822 0.2922714352607727
3413 0.49333709478378296 0.2821310758590698
3414 0.4960189461708069 0.2825116813182831
3415 0.495800256729126 0.2865743637084961
3416 0.49236828088760376 0.28519001603126526
3417 0.45512014627456665 0.25059112906455994
3418 0.44579219818115234 0.23979508876800537
3419 0.4561990201473236 0.23036222159862518
3420 0.46484699845314026 0.24239517748355865
3421 0.47386959195137024 0.29041436314582825
3422 0.4809447228908539 0.2839663028717041
3423 0.4818147122859955 0.29477065801620483
3424 0.49553269147872925 0.2771971523761749
3425 0.4919508099555969 0.27832597494125366
3426 0.44668611884117126 0.2614121437072754
3427 0.4367576837539673 0.2532241940498352
3428 0.48917025327682495 0.2816968262195587
3429 0.46383553743362427 0.2756504416465759
3430 0.4695936441421509 0.2833964228630066
3431 0.4815865159034729 0.2689070701599121
3432 0.47751450538635254 0.2612912058830261
3433 0.47496214509010315 0.23471789062023163
3434 0.4699206054210663 0.2213924378156662
3435 0.4826265573501587 0.2142811119556427
3436 0.4867110550403595 0.23021194338798523
3437 0.47605007886886597 0.2749912440776825
3438 0.4702240228652954 0.2666906714439392
3439 0.44577112793922424 0.35643020272254944
3440 0.4453704357147217 0.3413134217262268
3441 0.44445398449897766 0.3275241255760193
3442 0.4447699189186096 0.3132472038269043
3443 0.44673216342926025 0.29766157269477844
3444 0.4504404067993164 0.28227731585502625
3445 0.4562666416168213 0.2692109942436218
3446 0.4638998806476593 0.2599007785320282
3447 0.47156238555908203 0.25389590859413147
3448 0.4804089367389679 0.24753069877624512
3449 0.4898456931114197 0.2430405169725418
3450 0.49011746048927307 0.2721688151359558
3451 0.49484339356422424 0.2706493139266968
3452 0.4857206344604492 0.27599841356277466
3453 0.4137369692325592 0.5499674081802368
3454 0.4224054515361786 0.5593397617340088
3455 0.4074084758758545 0.5388247966766357
3456 0.4731936752796173 0.3526367247104645
3457 0.4705227017402649 0.3538321852684021
3458 0.45747268199920654 0.5692589282989502
3459 0.4661697745323181 0.570268452167511
3460 0.4643906354904175 0.5820035934448242
3461 0.41791558265686035 0.4141941964626312
3462 0.41127100586891174 0.4245814085006714
3463 0.43868350982666016 0.5692026615142822
3464 0.4485241770744324 0.5703611373901367
3465 0.43659737706184387 0.5779135823249817
3466 0.39960813522338867 0.5128974318504333
3467 0.4029099941253662 0.5254267454147339
3468 0.4731898903846741 0.5828415155410767
3469 0.473895788192749 0.5705826282501221
3470 0.4821334481239319 0.5691030621528625
3471 0.49036937952041626 0.5670205354690552
3472 0.47529083490371704 0.35150060057640076
3473 0.4647894501686096 0.35516437888145447
3474 0.4604610502719879 0.3578189015388489
3475 0.4034668803215027 0.43732011318206787
3476 0.4245673418045044 0.40469855070114136
3477 0.39865708351135254 0.4503119885921478
3478 0.458139032125473 0.36166495084762573
3479 0.45404747128486633 0.3653186559677124
3480 0.4480210840702057 0.3714350461959839
3481 0.4422016739845276 0.3790324032306671
3482 0.43607932329177856 0.38728126883506775
3483 0.4668613076210022 0.559490978717804
3484 0.4744749367237091 0.5599127411842346
3485 0.4826688766479492 0.5577592849731445
3486 0.47628942131996155 0.35543256998062134
3487 0.47464993596076965 0.3564983010292053
3488 0.47242817282676697 0.35783740878105164
3489 0.46648359298706055 0.36446523666381836
3490 0.4620448052883148 0.3682836592197418
3491 0.45886147022247314 0.3726986050605774
3492 0.4558091163635254 0.3783421516418457
3493 0.4508632719516754 0.3857276737689972
3494 0.44570183753967285 0.3939909338951111
3495 0.4403795897960663 0.40144824981689453
3496 0.42935091257095337 0.4176161289215088
3497 0.4232584238052368 0.426450252532959
3498 0.4176894724369049 0.4376443326473236
3499 0.41153377294540405 0.44886085391044617
3500 0.4069885015487671 0.4592556655406952
3501 0.404327929019928 0.5107816457748413
3502 0.40690577030181885 0.5216326117515564
3503 0.4109439551830292 0.5331443548202515
3504 0.41672593355178833 0.543597936630249
3505 0.42457884550094604 0.5514330863952637
3506 0.44230085611343384 0.5599163174629211
3507 0.4506279528141022 0.5595399141311646
3508 0.4587528705596924 0.5592348575592041
3509 0.4903392195701599 0.5546879768371582
3510 0.4303974509239197 0.5651429891586304
3511 0.42723768949508667 0.573503851890564
3512 0.4331888258457184 0.5564447045326233
3513 0.4448009133338928 0.5501078367233276
3514 0.45209482312202454 0.5520065426826477
3515 0.4957197904586792 0.3913816809654236
3516 0.4918769896030426 0.39027220010757446
3517 0.49256789684295654 0.37718018889427185
3518 0.4961351156234741 0.37827175855636597
3519 0.4968729615211487 0.42116302251815796
3520 0.4972749650478363 0.41753047704696655
3521 0.49812304973602295 0.4174926280975342
3522 0.49806565046310425 0.4210953414440155
3523 0.4958958029747009 0.42080268263816833
3524 0.4963608384132385 0.4177343249320984
3525 0.49193525314331055 0.39880895614624023
3526 0.49187445640563965 0.3945081830024719
3527 0.49561989307403564 0.3954198956489563
3528 0.49584197998046875 0.4055502116680145
3529 0.48042625188827515 0.40823695063591003
3530 0.4791432023048401 0.41903218626976013
3531 0.4771360754966736 0.41213247179985046
3532 0.47984492778778076 0.4016725420951843
3533 0.48766499757766724 0.4022190272808075
3534 0.48375195264816284 0.40541213750839233
3535 0.4833598732948303 0.3986009657382965
3536 0.48763859272003174 0.3956470489501953
3537 0.4811721444129944 0.4119781255722046
3538 0.483187735080719 0.4091408848762512
3539 0.4833044409751892 0.4129409193992615
3540 0.48173779249191284 0.41517290472984314
3541 0.4903417229652405 0.4272427558898926
3542 0.4898669719696045 0.4308221936225891
3543 0.48821768164634705 0.4277764558792114
3544 0.4888317584991455 0.42471328377723694
3545 0.4686131179332733 0.37436920404434204
3546 0.4746525287628174 0.3625138998031616
3547 0.4776779115200043 0.3691825866699219
3548 0.46986836194992065 0.3838224709033966
3549 0.478979229927063 0.38522201776504517
3550 0.4719468951225281 0.39439457654953003
3551 0.46934258937835693 0.3993823528289795
3552 0.4666682481765747 0.38869184255599976
3553 0.4641484022140503 0.3788970410823822
3554 0.4789378046989441 0.35901886224746704
3555 0.47733762860298157 0.36153197288513184
3556 0.45946770906448364 0.5519336462020874
3557 0.47376230359077454 0.4047568738460541
3558 0.471545547246933 0.4094146490097046
3559 0.47959867119789124 0.3937043845653534
3560 0.4850030541419983 0.3710080683231354
3561 0.4890071153640747 0.3744572401046753
3562 0.4877539575099945 0.39047521352767944
3563 0.48349058628082275 0.39179354906082153
3564 0.4733959436416626 0.41712313890457153
3565 0.47879526019096375 0.42444348335266113
3566 0.49471515417099 0.4191635251045227
3567 0.4952670931816101 0.4178048074245453
3568 0.495810866355896 0.4179251194000244
3569 0.4952484667301178 0.4201136827468872
3570 0.4953158497810364 0.4116753339767456
3571 0.49451887607574463 0.41262394189834595
3572 0.4934968948364258 0.4101981520652771
3573 0.4939059019088745 0.40856149792671204
3574 0.4801206588745117 0.4205090403556824
3575 0.4808166027069092 0.4211524724960327
3576 0.49723178148269653 0.4448774456977844
3577 0.4974510073661804 0.4354216456413269
3578 0.40827491879463196 0.5096098184585571
3579 0.4106990694999695 0.5188087821006775
3580 0.4855062961578369 0.42219844460487366
3581 0.485632061958313 0.42177021503448486
3582 0.4195026159286499 0.5372219085693359
3583 0.4261685609817505 0.543144166469574
3584 0.46896398067474365 0.4401344656944275
3585 0.4659021496772766 0.43370795249938965
3586 0.46917057037353516 0.4289838671684265
3587 0.47140681743621826 0.43332332372665405
3588 0.41429048776626587 0.5283863544464111
3589 0.4667927622795105 0.5489678978919983
3590 0.4752950370311737 0.5431085824966431
3591 0.47988080978393555 0.5327439904212952
3592 0.48559650778770447 0.5341732501983643
3593 0.4834798276424408 0.5452671051025391
3594 0.4920670986175537 0.5334217548370361
3595 0.49110424518585205 0.5437725782394409
3596 0.48769664764404297 0.5250086188316345
3597 0.48294776678085327 0.5258902311325073
3598 0.49258750677108765 0.4985610842704773
3599 0.48900288343429565 0.5001241564750671
3600 0.49113911390304565 0.41902247071266174
3601 0.49242448806762695 0.4201030135154724
3602 0.4920341968536377 0.4213668704032898
3603 0.4899885058403015 0.42085060477256775
3604 0.4892101287841797 0.4179173707962036
3605 0.4975917935371399 0.41053634881973267
3606 0.49634867906570435 0.41089943051338196
3607 0.4947247803211212 0.4071129858493805
3608 0.49006909132003784 0.5152314305305481
3609 0.48499560356140137 0.5167200565338135
3610 0.48497551679611206 0.41089189052581787
3611 0.4856458306312561 0.4069284200668335
3612 0.4848274886608124 0.4150288701057434
3613 0.48416250944137573 0.41692250967025757
3614 0.48433470726013184 0.4205501079559326
3615 0.4851953983306885 0.4185091257095337
3616 0.4861079156398773 0.42090997099876404
3617 0.48904240131378174 0.4237546920776367
3618 0.4910251498222351 0.4249982535839081
3619 0.4575473964214325 0.3886580467224121
3620 0.45259779691696167 0.39643460512161255
3621 0.4593808948993683 0.4182368516921997
3622 0.4640009105205536 0.41040611267089844
3623 0.4666847884654999 0.420510470867157
3624 0.4626353979110718 0.4263228178024292
3625 0.4559917747974396 0.40774005651474
3626 0.4609987735748291 0.39945852756500244
3627 0.46413159370422363 0.39370211958885193
3628 0.46114927530288696 0.38389265537261963
3629 0.44590261578559875 0.5399291515350342
3630 0.4522913098335266 0.543034553527832
3631 0.4234137535095215 0.5315872430801392
3632 0.42956864833831787 0.5355494618415833
3633 0.47532275319099426 0.5296611785888672
3634 0.4783596396446228 0.5241097807884216
3635 0.4652606248855591 0.5409864783287048
3636 0.46953433752059937 0.5350260734558105
3637 0.4590749740600586 0.5434345006942749
3638 0.41468191146850586 0.5161147713661194
3639 0.41820579767227173 0.5243752598762512
3640 0.41259264945983887 0.507799506187439
3641 0.4820297360420227 0.5158238410949707
3642 0.42754143476486206 0.45345747470855713
3643 0.4230867028236389 0.4459341764450073
3644 0.42830705642700195 0.4378258287906647
3645 0.43287885189056396 0.4466794729232788
3646 0.4186547100543976 0.4548761248588562
3647 0.4339759349822998 0.42960113286972046
3648 0.42304983735084534 0.46122071146965027
3649 0.41744816303253174 0.47137078642845154
3650 0.4126877188682556 0.4652436077594757
3651 0.4783817529678345 0.42883601784706116
3652 0.4716363549232483 0.42271751165390015
3653 0.4694785475730896 0.4144478738307953
3654 0.46707943081855774 0.40433186292648315
3655 0.45349958539009094 0.49414458870887756
3656 0.4547874927520752 0.4767547845840454
3657 0.4579486846923828 0.4765164852142334
3658 0.4564344584941864 0.4901132583618164
3659 0.45273876190185547 0.4988192915916443
3660 0.4529644846916199 0.4983479380607605
3661 0.4547698497772217 0.49864357709884644
3662 0.45442840456962585 0.4994027018547058
3663 0.4636528789997101 0.45170873403549194
3664 0.4602627754211426 0.44581639766693115
3665 0.4628539979457855 0.4399665296077728
3666 0.46611344814300537 0.4463671147823334
3667 0.45645904541015625 0.4391281008720398
3668 0.45228227972984314 0.4315769672393799
3669 0.4557611346244812 0.4255482256412506
3670 0.45943424105644226 0.43247854709625244
3671 0.4483256936073303 0.4043140411376953
3672 0.44409966468811035 0.4127189815044403
3673 0.4366358518600464 0.45575955510139465
3674 0.4309793710708618 0.46090167760849
3675 0.42705151438713074 0.4689420461654663
3676 0.4234602153301239 0.4780977666378021
3677 0.4520394802093506 0.4155734181404114
3678 0.44806697964668274 0.4237059950828552
3679 0.4808003902435303 0.3659664988517761
3680 0.4833345413208008 0.36160334944725037
3681 0.486214280128479 0.3664676547050476
3682 0.4896988570690155 0.37080836296081543
3683 0.48992496728897095 0.4215407371520996
3684 0.4916202425956726 0.4227217733860016
3685 0.49496549367904663 0.5053664445877075
3686 0.4959099292755127 0.4966597259044647
3687 0.4388412833213806 0.4397348165512085
3688 0.445180743932724 0.45049944519996643
3689 0.49320337176322937 0.4909880459308624
3690 0.49638932943344116 0.48863810300827026
3691 0.4895675480365753 0.49247869849205017
3692 0.45185989141464233 0.455366849899292
3693 0.4979343116283417 0.42404043674468994
3694 0.4965132474899292 0.42389410734176636
3695 0.460116982460022 0.4624376595020294
3696 0.4563838541507721 0.45903265476226807
3697 0.49395114183425903 0.4139055907726288
3698 0.49536919593811035 0.41545045375823975
3699 0.495103120803833 0.4157935380935669
3700 0.4961056709289551 0.4146536886692047
3701 0.4971413016319275 0.41419658064842224
3702 0.4979702830314636 0.41400107741355896
3703 0.482952356338501 0.5081119537353516
3704 0.49421101808547974 0.514735758304596
3705 0.4554925560951233 0.46756821870803833
3706 0.4589736759662628 0.4690430164337158
3707 0.48560449481010437 0.413564532995224
3708 0.48603111505508423 0.4102511405944824
3709 0.48720788955688477 0.406803160905838
3710 0.4933234751224518 0.37305977940559387
3711 0.45087432861328125 0.4679427742958069
3712 0.4458121061325073 0.4675765633583069
3713 0.4510768949985504 0.4774833619594574
3714 0.4470158517360687 0.47783195972442627
3715 0.44779181480407715 0.4948270916938782
3716 0.45057591795921326 0.4955565333366394
3717 0.4373209774494171 0.4817257523536682
3718 0.4401314854621887 0.49705952405929565
3719 0.437462717294693 0.498403936624527
3720 0.4333703815937042 0.48579275608062744
3721 0.4343293011188507 0.47211548686027527
3722 0.44041797518730164 0.4695250391960144
3723 0.4419568181037903 0.4788050055503845
3724 0.43044453859329224 0.4775962233543396
3725 0.4290589988231659 0.489737868309021
3726 0.4267027676105499 0.48457103967666626
3727 0.4338862895965576 0.5004251003265381
3728 0.44356122612953186 0.4952832758426666
3729 0.43513551354408264 0.5467033386230469
3730 0.43775975704193115 0.5373207926750183
3731 0.4541891813278198 0.5160683393478394
3732 0.45069485902786255 0.5131362080574036
3733 0.4506246745586395 0.5115160942077637
3734 0.4535791277885437 0.5120676755905151
3735 0.4642929434776306 0.5063678622245789
3736 0.46400630474090576 0.5052295923233032
3737 0.46452194452285767 0.5030103921890259
3738 0.4621652662754059 0.5133461952209473
3739 0.4615609645843506 0.5106414556503296
3740 0.4631918668746948 0.5079538822174072
3741 0.46342960000038147 0.5093556642532349
3742 0.4600524604320526 0.516240119934082
3743 0.45840388536453247 0.5106230974197388
3744 0.4565126299858093 0.5151195526123047
3745 0.456020712852478 0.5122045874595642
3746 0.4477182626724243 0.5123077630996704
3747 0.448001503944397 0.5103394985198975
3748 0.44484061002731323 0.5117021799087524
3749 0.4454292953014374 0.5101428627967834
3750 0.43810051679611206 0.5116792321205139
3751 0.4342900514602661 0.5096349716186523
3752 0.4362490475177765 0.5083189010620117
3753 0.4405866861343384 0.5090419054031372
3754 0.43204498291015625 0.5070366263389587
3755 0.4337342381477356 0.5068185329437256
3756 0.45060330629348755 0.4979613125324249
3757 0.45039522647857666 0.5007163882255554
3758 0.4479369521141052 0.5009007453918457
3759 0.447826087474823 0.4982942044734955
3760 0.43898358941078186 0.5021488070487976
3761 0.44170114398002625 0.5004084706306458
3762 0.44265419244766235 0.5018146634101868
3763 0.4415319561958313 0.504265308380127
3764 0.44141116738319397 0.5122877359390259
3765 0.4426185190677643 0.5098749399185181
3766 0.43520933389663696 0.5026887655258179
3767 0.4392712712287903 0.5051551461219788
3768 0.4445628523826599 0.4993223249912262
3769 0.44519734382629395 0.5003693699836731
3770 0.463081419467926 0.5017801523208618
3771 0.4626235365867615 0.5026650428771973
3772 0.4624031186103821 0.5025481581687927
3773 0.44541066884994507 0.5100364685058594
3774 0.44820883870124817 0.5103283524513245
3775 0.44340333342552185 0.5094019770622253
3776 0.46209150552749634 0.5051798224449158
3777 0.4619905948638916 0.5030992031097412
3778 0.45842236280441284 0.5091320276260376
3779 0.455450177192688 0.5096414685249329
3780 0.44092705845832825 0.5048519372940063
3781 0.4398716390132904 0.5069770812988281
3782 0.45323410630226135 0.5102508664131165
3783 0.46003085374832153 0.49952369928359985
3784 0.4621497094631195 0.49884459376335144
3785 0.4538227915763855 0.5026379227638245
3786 0.4522802233695984 0.5024983882904053
3787 0.46091708540916443 0.5074089169502258
3788 0.4417840540409088 0.5086862444877625
3789 0.4410700798034668 0.5079420208930969
3790 0.45065435767173767 0.5101966261863708
3791 0.443767249584198 0.5037460923194885
3792 0.4421372711658478 0.5044382214546204
3793 0.4503226578235626 0.5023213624954224
3794 0.44801008701324463 0.5024068355560303
3795 0.4457823634147644 0.5030670166015625
3796 0.44001615047454834 0.5068357586860657
3797 0.4412260949611664 0.5076979994773865
3798 0.44517093896865845 0.5091219544410706
3799 0.44725167751312256 0.5092247128486633
3800 0.45447778701782227 0.4941948652267456
3801 0.4525032937526703 0.4924582242965698
3802 0.4417916536331177 0.5081219673156738
3803 0.44327715039253235 0.5086292624473572
3804 0.45935654640197754 0.5117398500442505
3805 0.45686936378479004 0.5156797766685486
3806 0.44976097345352173 0.5168231725692749
3807 0.44382303953170776 0.5042396783828735
3808 0.44228386878967285 0.5047169327735901
3809 0.4412364959716797 0.5049948692321777
3810 0.44953683018684387 0.4926959276199341
3811 0.4463147521018982 0.4948037564754486
3812 0.4536082446575165 0.5175386667251587
3813 0.46122387051582336 0.5074080228805542
3814 0.4459095597267151 0.5036097764968872
3815 0.46169623732566833 0.5052508115768433
3816 0.4931929111480713 0.5237818360328674
3817 0.49779272079467773 0.4276089668273926
3818 0.49765005707740784 0.4313817620277405
3819 0.4962913393974304 0.4807504713535309
3820 0.4962327778339386 0.37393784523010254
3821 0.4931780695915222 0.4190584719181061
3822 0.494259774684906 0.4174050986766815
3823 0.4941025972366333 0.42009103298187256
3824 0.4921461343765259 0.4170330762863159
3825 0.4931424856185913 0.4150039553642273
3826 0.49096232652664185 0.4159238934516907
3827 0.49338874220848083 0.420520544052124
3828 0.489338755607605 0.40430569648742676
3829 0.4879773259162903 0.4078522324562073
3830 0.48962125182151794 0.405905544757843
3831 0.48711931705474854 0.4100787341594696
3832 0.49165111780166626 0.402870237827301
3833 0.4912424087524414 0.4055505692958832
3834 0.4898603856563568 0.40734755992889404
3835 0.4881258010864258 0.4087567627429962
3836 0.49216294288635254 0.40817922353744507
3837 0.49300676584243774 0.4111167788505554
3838 0.4922303855419159 0.4132007956504822
3839 0.4872485399246216 0.411876380443573
3840 0.455279141664505 0.5032591223716736
3841 0.48665350675582886 0.4123397767543793
3842 0.4881952404975891 0.41641560196876526
3843 0.48896145820617676 0.41467157006263733
3844 0.48720988631248474 0.4408363997936249
3845 0.486502468585968 0.4341474175453186
3846 0.4848041236400604 0.4298242926597595
3847 0.4841715395450592 0.4335305690765381
3848 0.4828101694583893 0.4187093675136566
3849 0.481720507144928 0.4246804714202881
3850 0.48421791195869446 0.4205293655395508
3851 0.4824516475200653 0.4309800863265991
3852 0.48322010040283203 0.4274965226650238
3853 0.4958675503730774 0.4313247501850128
3854 0.49612799286842346 0.42758211493492126
3855 0.49320054054260254 0.4234877824783325
3856 0.49264997243881226 0.4260641932487488
3857 0.49333953857421875 0.4213571548461914
3858 0.49595963954925537 0.4355958104133606
3859 0.4954245388507843 0.44570738077163696
3860 0.4950372278690338 0.42337557673454285
3861 0.49451732635498047 0.42115914821624756
3862 0.4922028183937073 0.42905670404434204
3863 0.4917362928390503 0.4335094690322876
3864 0.48677948117256165 0.4479803144931793
3865 0.49001210927963257 0.45075032114982605
3866 0.4890301525592804 0.45577168464660645
3867 0.48595163226127625 0.4538953900337219
3868 0.4939013719558716 0.43496543169021606
3869 0.4935222864151001 0.44613975286483765
3870 0.4940553605556488 0.4305315613746643
3871 0.4944198727607727 0.42689982056617737
3872 0.49024850130081177 0.44372355937957764
3873 0.47797954082489014 0.46989449858665466
3874 0.472632497549057 0.46565017104148865
3875 0.47387975454330444 0.4636436104774475
3876 0.4804430603981018 0.4673013985157013
3877 0.4689561426639557 0.4523904323577881
3878 0.46689897775650024 0.4571232497692108
3879 0.4786827266216278 0.4326268434524536
3880 0.47262999415397644 0.4424620568752289
3881 0.4562528133392334 0.49888643622398376
3882 0.45579293370246887 0.5006057024002075
3883 0.4608571231365204 0.4770786166191101
3884 0.45794281363487244 0.4905951917171478
3885 0.4835185110569 0.4623076617717743
3886 0.47964179515838623 0.45910167694091797
3887 0.4818738102912903 0.45429301261901855
3888 0.48493263125419617 0.4582449793815613
3889 0.4714229702949524 0.4472920596599579
3890 0.4701586961746216 0.47731807827949524
3891 0.46831515431404114 0.4732232391834259
3892 0.4633496105670929 0.4659639000892639
3893 0.4620943069458008 0.4710535407066345
3894 0.45938438177108765 0.4982650876045227
3895 0.4632399082183838 0.4986696243286133
3896 0.45726412534713745 0.49959537386894226
3897 0.455356240272522 0.5030145049095154
3898 0.45762819051742554 0.5017645955085754
3899 0.4579574465751648 0.5016587376594543
3900 0.4592599868774414 0.5009498596191406
3901 0.4660324454307556 0.4693783223628998
3902 0.4668175280094147 0.4770161807537079
3903 0.46466687321662903 0.4734259843826294
3904 0.469704270362854 0.46191123127937317
3905 0.47145500779151917 0.4581802189350128
3906 0.47379547357559204 0.4537452757358551
3907 0.4791395664215088 0.44934552907943726
3908 0.48106294870376587 0.4267745316028595
3909 0.46284371614456177 0.47877851128578186
3910 0.45928478240966797 0.4911506175994873
3911 0.45748370885849 0.4984856843948364
3912 0.4961792230606079 0.46409860253334045
3913 0.49587300419807434 0.471449613571167
3914 0.4971841275691986 0.45046618580818176
3915 0.49678224325180054 0.4572145342826843
3916 0.4947189688682556 0.45106205344200134
3917 0.4943721890449524 0.4577348828315735
3918 0.49257323145866394 0.4574856162071228
3919 0.4932152330875397 0.45143264532089233
3920 0.48048388957977295 0.47401663661003113
3921 0.46857598423957825 0.4810444712638855
3922 0.48332488536834717 0.471160352230072
3923 0.48769611120224 0.46089184284210205
3924 0.4592971205711365 0.49785804748535156
3925 0.464747816324234 0.48183608055114746
3926 0.4607972502708435 0.4928624629974365
3927 0.4940580129623413 0.4647395610809326
3928 0.485887736082077 0.46586865186691284
3929 0.49149712920188904 0.4635011553764343
3930 0.48962152004241943 0.4695362448692322
3931 0.48656848073005676 0.47428280115127563
3932 0.48268914222717285 0.478209912776947
3933 0.4643683433532715 0.4998866617679596
3934 0.46468955278396606 0.4999147057533264
3935 0.4895009994506836 0.48576027154922485
3936 0.49340754747390747 0.48330605030059814
3937 0.463933527469635 0.5005549788475037
3938 0.46292948722839355 0.5010521411895752
3939 0.4630327522754669 0.5001670718193054
3940 0.4639814496040344 0.4993952214717865
3941 0.462192565202713 0.5013326406478882
3942 0.46423161029815674 0.49925994873046875
3943 0.4885459840297699 0.4790251851081848
3944 0.48448601365089417 0.48272350430488586
3945 0.4635143280029297 0.49839895963668823
3946 0.4685796797275543 0.4905141592025757
3947 0.4646468758583069 0.49655836820602417
3948 0.4936598837375641 0.47381243109703064
3949 0.4690723121166229 0.49270713329315186
3950 0.46475401520729065 0.49893462657928467
3951 0.46126478910446167 0.5015754699707031
3952 0.4826710522174835 0.4504610300064087
3953 0.4802601933479309 0.4429672360420227
3954 0.480406254529953 0.4287174940109253
3955 0.47938066720962524 0.43185925483703613
3956 0.4835670292377472 0.44442248344421387
3957 0.48083072900772095 0.43869632482528687
3958 0.4836779534816742 0.43894603848457336
3959 0.48172569274902344 0.43330708146095276
3960 0.4622575044631958 0.5147736072540283
3961 0.4639493227005005 0.5109320878982544
3962 0.46519041061401367 0.5142432451248169
3963 0.4634651243686676 0.5183733701705933
3964 0.46146923303604126 0.5218954682350159
3965 0.4602375626564026 0.5178322792053223
3966 0.46486160159111023 0.5073553919792175
3967 0.46638625860214233 0.5098410844802856
3968 0.45895445346832275 0.5246032476425171
3969 0.4579797089099884 0.5198540687561035
3970 0.4554940164089203 0.5254507064819336
3971 0.4549218416213989 0.5212843418121338
3972 0.4513688087463379 0.524969220161438
3973 0.45120319724082947 0.5213372111320496
3974 0.4273025393486023 0.5267320275306702
3975 0.43298035860061646 0.5286807417869568
3976 0.43961596488952637 0.5300697088241577
3977 0.45232611894607544 0.5366935729980469
3978 0.4466877579689026 0.5329632759094238
3979 0.4577878713607788 0.5380803942680359
3980 0.4624451994895935 0.536810040473938
3981 0.4668337404727936 0.5323331356048584
3982 0.4703691601753235 0.5270354151725769
3983 0.472700834274292 0.5216607451438904
3984 0.4567875862121582 0.5331869125366211
3985 0.4520762264728546 0.5313926339149475
3986 0.46081316471099854 0.5322247743606567
3987 0.4639487862586975 0.5290927886962891
3988 0.4671558439731598 0.5243223905563354
3989 0.4698917865753174 0.5186165571212769
3990 0.4470115900039673 0.5277011394500732
3991 0.4403909146785736 0.5264852046966553
3992 0.43468528985977173 0.5252792239189148
3993 0.42949751019477844 0.5227393507957458
3994 0.4217613935470581 0.5214455127716064
3995 0.42442506551742554 0.5187612175941467
3996 0.4321327805519104 0.5109854936599731
3997 0.4277447462081909 0.5149121284484863
3998 0.42392420768737793 0.5094255208969116
3999 0.42977747321128845 0.5073314309120178
4000 0.4358869194984436 0.5138681530952454
4001 0.4321126937866211 0.5182790756225586
4002 0.44715115427970886 0.5223763585090637
4003 0.4422346353530884 0.5197947025299072
4004 0.4437728524208069 0.5155228972434998
4005 0.44736260175704956 0.5166215300559998
4006 0.43748021125793457 0.5188183784484863
4007 0.4397461414337158 0.5157550573348999
4008 0.4832349419593811 0.5026187300682068
4009 0.46520912647247314 0.5042305588722229
4010 0.48547160625457764 0.4945829510688782
4011 0.48508554697036743 0.48775291442871094
4012 0.4710111618041992 0.5146583318710327
4013 0.4761713147163391 0.5171363949775696
4014 0.48001548647880554 0.5023391246795654
4015 0.47678637504577637 0.497450053691864
4016 0.4753940999507904 0.504668116569519
4017 0.46515554189682007 0.4998644292354584
4018 0.4699437618255615 0.49660176038742065
4019 0.4723869860172272 0.5953451991081238
4020 0.42380407452583313 0.5822954773902893
4021 0.43411147594451904 0.587393045425415
4022 0.46269217133522034 0.5947273969650269
4023 0.38731202483177185 0.45839178562164307
4024 0.37604257464408875 0.45293718576431274
4025 0.38793259859085083 0.48855987191200256
4026 0.378254234790802 0.48868027329444885
4027 0.3762366771697998 0.47174274921417236
4028 0.3864794075489044 0.4739561676979065
4029 0.39541497826576233 0.46360543370246887
4030 0.39535900950431824 0.477297306060791
4031 0.3957919478416443 0.48868805170059204
4032 0.40377819538116455 0.46964770555496216
4033 0.40220218896865845 0.4800238013267517
4034 0.4017603397369385 0.4896978735923767
4035 0.40626388788223267 0.4917104244232178
4036 0.40950506925582886 0.47427821159362793
4037 0.4117580056190491 0.49671730399131775
4038 0.40707963705062866 0.48169320821762085
4039 0.4136551022529602 0.47687965631484985
4040 0.41106849908828735 0.4859088063240051
4041 0.41996777057647705 0.4863205850124359
4042 0.4227616488933563 0.49193498492240906
4043 0.42517590522766113 0.4951391816139221
4044 0.42189303040504456 0.5023085474967957
4045 0.4179631173610687 0.514029324054718
4046 0.4203193187713623 0.5124818086624146
4047 0.4166642427444458 0.4939000904560089
4048 0.41529324650764465 0.5072285532951355
4049 0.41739875078201294 0.5062172412872314
4050 0.4142273962497711 0.49741148948669434
4051 0.4188833236694336 0.49620521068573
4052 0.41666221618652344 0.5005693435668945
4053 0.49730271100997925 0.3240305781364441
4054 0.4944040775299072 0.32380351424217224
4055 0.49195170402526855 0.3243609368801117
4056 0.48524975776672363 0.33727073669433594
4057 0.48819321393966675 0.3344593942165375
4058 0.48854485154151917 0.336432546377182
4059 0.4858761131763458 0.33845284581184387
4060 0.49036598205566406 0.33275461196899414
4061 0.49091240763664246 0.3358338475227356
4062 0.4888845682144165 0.34294989705085754
4063 0.4888845682144165 0.34294989705085754
4064 0.4888845682144165 0.34294989705085754
4065 0.4888845682144165 0.34294989705085754
4066 0.4888845682144165 0.34294989705085754
4067 0.4888845682144165 0.34294989705085754
4068 0.4888845682144165 0.34294989705085754
4069 0.4888845682144165 0.34294989705085754
4070 0.4888845682144165 0.34294989705085754
4071 0.4888845682144165 0.34294989705085754
4072 0.4888845682144165 0.34294989705085754
4073 0.4888845682144165 0.34294989705085754
4074 0.4888845682144165 0.34294989705085754
4075 0.4888845682144165 0.34294989705085754
4076 0.4888845682144165 0.34294989705085754
4077 0.4888845682144165 0.34294992685317993
4078 0.4944278299808502 0.3122895061969757
4079 0.4932960271835327 0.34294989705085754
4080 0.4888845384120941 0.34294989705085754
4081 0.4905332922935486 0.34294989705085754
4082 0.4875060021877289 0.3157685101032257
4083 0.4888845682144165 0.34294992685317993
4084 0.4888845980167389 0.34294989705085754
4085 0.4888845384120941 0.34294989705085754
4086 0.4888845682144165 0.34294989705085754
4087 0.4888845682144165 0.34294986724853516
4088 0.4901942014694214 0.34294986724853516
4089 0.4888845682144165 0.34294989705085754
4090 0.49550604820251465 0.3401343524456024
4091 0.4975336790084839 0.3395049273967743
4092 0.4973696172237396 0.34250539541244507
4093 0.4950507581233978 0.3429501950740814
4094 0.49315905570983887 0.3406279385089874
4095 0.4926050901412964 0.34294989705085754
4096 0.480008989572525 0.3384263217449188
4097 0.48347991704940796 0.33382314443588257
4098 0.4780959486961365 0.3441072702407837
4099 0.47726839780807495 0.3460601568222046
4100 0.48812100291252136 0.34221190214157104
4101 0.48811161518096924 0.34211301803588867
4102 0.4888845682144165 0.34294989705085754
4103 0.4888845682144165 0.34294989705085754
4104 0.4887928366661072 0.3414381146430969
4105 0.4887617230415344 0.34092622995376587
4106 0.4921348989009857 0.34294989705085754
4107 0.4962003529071808 0.3429511785507202
4108 0.49685871601104736 0.34295177459716797
4109 0.49372076988220215 0.34294986724853516
4110 0.489624947309494 0.34294989705085754
4111 0.49116694927215576 0.34294989705085754
4112 0.4887562096118927 0.3408339023590088
4113 0.4907318353652954 0.3407944142818451
4114 0.4888845682144165 0.34294989705085754
4115 0.4888845682144165 0.34294989705085754
4116 0.4888845682144165 0.34294989705085754
4117 0.4888845682144165 0.34294989705085754
4118 0.48778194189071655 0.3421275019645691
4119 0.4888845682144165 0.34294989705085754
4120 0.49740585684776306 0.3332282304763794
4121 0.4953644275665283 0.3339390158653259
4122 0.49502086639404297 0.3301284909248352
4123 0.4972568154335022 0.32969123125076294
4124 0.4928881525993347 0.3314903974533081
4125 0.4934384226799011 0.3348701596260071
4126 0.48634323477745056 0.3290051817893982
4127 0.489065557718277 0.3264404833316803
4128 0.48286357522010803 0.3411136865615845
4129 0.4818582832813263 0.3421041965484619
4130 0.4804869592189789 0.34221386909484863
4131 0.48242926597595215 0.3401537835597992
4132 0.47939303517341614 0.3471931517124176
4133 0.4792616069316864 0.3471066951751709
4134 0.48124411702156067 0.34603503346443176
4135 0.48124590516090393 0.3462461829185486
4136 0.4278095066547394 0.2673075795173645
4137 0.44502028822898865 0.31124943494796753
4138 0.4501931667327881 0.31508198380470276
4139 0.44626015424728394 0.2863713502883911
4140 0.4441533088684082 0.3225812017917633
4141 0.44955962896347046 0.3246679902076721
4142 0.3951207399368286 0.2775358557701111
4143 0.4888845682144165 0.34294989705085754
4144 0.4888845682144165 0.34294989705085754
4145 0.4888845682144165 0.34294989705085754
4146 0.4888845682144165 0.34294989705085754
4147 0.4885982871055603 0.34173983335494995
4148 0.4798409938812256 0.3468623459339142
4149 0.4816284477710724 0.34591439366340637
4150 0.4212832450866699 0.19750869274139404
4151 0.4433135688304901 0.24447675049304962
4152 0.3702728748321533 0.25693193078041077
4153 0.47888654470443726 0.3415173888206482
4154 0.4770656228065491 0.3487031161785126
4155 0.4888845682144165 0.34294989705085754
4156 0.4788862466812134 0.3470391631126404
4157 0.4783811867237091 0.3478897213935852
4158 0.4785950183868408 0.3447723388671875
4159 0.4800103008747101 0.34189045429229736
4160 0.48079100251197815 0.3394780158996582
4161 0.484636127948761 0.33539408445358276
4162 0.4873700737953186 0.33163750171661377
4163 0.48952043056488037 0.32939988374710083
4164 0.49225181341171265 0.3276625871658325
4165 0.49470919370651245 0.32724323868751526
4166 0.49728578329086304 0.32701408863067627
4167 0.4841781258583069 0.34392955899238586
4168 0.4839484393596649 0.3444215953350067
4169 0.4842069745063782 0.34412679076194763
4170 0.48491019010543823 0.3444206118583679
4171 0.485235333442688 0.34138223528862
4172 0.48602232336997986 0.34025838971138
4173 0.48875918984413147 0.3384578227996826
4174 0.4909404516220093 0.33802181482315063
4175 0.4955909848213196 0.3370938003063202
4176 0.49342063069343567 0.33769071102142334
4177 0.4974810481071472 0.3366071581840515
4178 0.4597158432006836 0.2988238036632538
4179 0.46916431188583374 0.3071877956390381
4180 0.4726087152957916 0.3071734309196472
4181 0.46543368697166443 0.30720338225364685
4182 0.4888845682144165 0.34294989705085754
4183 0.4587254822254181 0.2863801121711731
4184 0.48226943612098694 0.3090072274208069
4185 0.4856998920440674 0.3105720579624176
4186 0.49435222148895264 0.31230026483535767
4187 0.46259599924087524 0.30721524357795715
4188 0.4888845682144165 0.34294989705085754
4189 0.4888845682144165 0.34294989705085754
4190 0.4888845682144165 0.34294989705085754
4191 0.4888845682144165 0.34294989705085754
4192 0.4888845682144165 0.34294989705085754
4193 0.4608951210975647 0.31102120876312256
4194 0.4888845682144165 0.34294989705085754
4195 0.4888845682144165 0.34294989705085754
4196 0.4888845682144165 0.34294989705085754
4197 0.454836368560791 0.31907376646995544
4198 0.4888845682144165 0.34294989705085754
4199 0.47668489813804626 0.350454717874527
4200 0.4888845682144165 0.34294989705085754
4201 0.4875960946083069 0.3418634533882141
4202 0.4888845682144165 0.34294989705085754
4203 0.4888845682144165 0.34294989705085754
4204 0.4888845682144165 0.34294989705085754
4205 0.4888845682144165 0.34294989705085754
4206 0.48138922452926636 0.34672921895980835
4207 0.4798519015312195 0.347762793302536
4208 0.4888845682144165 0.34294989705085754
4209 0.4888845682144165 0.34294989705085754
4210 0.4888845980167389 0.34294989705085754
4211 0.4888845682144165 0.34294989705085754
4212 0.48887425661087036 0.34277981519699097
4213 0.4857249855995178 0.3435174822807312
4214 0.481751024723053 0.3480313718318939
4215 0.4804372191429138 0.35029587149620056
4216 0.4778115153312683 0.35386472940444946
4217 0.4783238470554352 0.34915730357170105
4218 0.47873231768608093 0.3520980477333069
4219 0.48409709334373474 0.34498393535614014
4220 0.4844856262207031 0.3459819555282593
4221 0.4888845682144165 0.34294989705085754
4222 0.4888845682144165 0.34294989705085754
4223 0.4888845682144165 0.34294989705085754
4224 0.4888845682144165 0.34294989705085754
4225 0.4888845682144165 0.34294989705085754
4226 0.4888845682144165 0.34294989705085754
4227 0.4888845682144165 0.34294989705085754
4228 0.4888845682144165 0.34294989705085754
4229 0.4888845682144165 0.34294989705085754
4230 0.4877201318740845 0.34349727630615234
4231 0.4874464273452759 0.34294992685317993
4232 0.4888845682144165 0.34294989705085754
4233 0.4888845682144165 0.34294989705085754
4234 0.4893253743648529 0.3445536494255066
4235 0.4888845682144165 0.34294989705085754
4236 0.4888845682144165 0.34294989705085754
4237 0.4888845682144165 0.34294989705085754
4238 0.4888845682144165 0.34294989705085754
4239 0.49113231897354126 0.34294989705085754
4240 0.4917846918106079 0.343814492225647
4241 0.489108681678772 0.34294989705085754
4242 0.4901095926761627 0.34294992685317993
4243 0.49619078636169434 0.3429511785507202
4244 0.496639609336853 0.34295159578323364
4245 0.49408307671546936 0.34294989705085754
4246 0.4934500753879547 0.34294989705085754
4247 0.4927806258201599 0.34294989705085754
4248 0.49210503697395325 0.34294989705085754
4249 0.4953344166278839 0.3429504632949829
4250 0.4957585334777832 0.34295082092285156
4251 0.4883619248867035 0.35767367482185364
4252 0.48868775367736816 0.35418546199798584
4253 0.4914929270744324 0.3546867370605469
4254 0.49125486612319946 0.3594052195549011
4255 0.4853036105632782 0.35514673590660095
4256 0.48605382442474365 0.35241925716400146
4257 0.4821270704269409 0.3528915047645569
4258 0.4835137128829956 0.35037755966186523
4259 0.4805804193019867 0.3571564555168152
4260 0.49420323967933655 0.35886603593826294
4261 0.4943726658821106 0.35318246483802795
4262 0.4970843195915222 0.3507136404514313
4263 0.4969373941421509 0.3586062490940094
4264 0.48652565479278564 0.3449785113334656
4265 0.4876427948474884 0.34659022092819214
4266 0.48948127031326294 0.3470821976661682
4267 0.49202319979667664 0.34578800201416016
4268 0.49488207697868347 0.34383541345596313
4269 0.4970962405204773 0.3429519832134247
4270 0.42740267515182495 0.3480736017227173
4271 0.4217691719532013 0.35555481910705566
4272 0.4510611593723297 0.374287873506546
4273 0.44971245527267456 0.36423471570014954
4274 0.4453355669975281 0.33371657133102417
4275 0.4888845682144165 0.34294989705085754
4276 0.4888845682144165 0.34294989705085754
4277 0.4947814643383026 0.3429499864578247
4278 0.4914684593677521 0.34294989705085754
4279 0.483638197183609 0.3607984483242035
4280 0.4870986044406891 0.3638499081134796
4281 0.49061405658721924 0.3674490451812744
4282 0.49681249260902405 0.36441195011138916
4283 0.4941259026527405 0.3644433915615082
4284 0.4908844232559204 0.3630269765853882
4285 0.48765993118286133 0.3611478805541992
4286 0.4844650328159332 0.3580084443092346
4287 0.4813636541366577 0.35496753454208374
4288 0.49464285373687744 0.3482701778411865
4289 0.49728402495384216 0.34516727924346924
4290 0.48931536078453064 0.3506737947463989
4291 0.49207350611686707 0.3499748706817627
4292 0.48657435178756714 0.34949973225593567
4293 0.48496270179748535 0.3477758765220642
4294 0.4888845682144165 0.34294989705085754
4295 0.4888845682144165 0.34294989705085754
4296 0.46342921257019043 0.36984217166900635
4297 0.4673305153846741 0.36910539865493774
4298 0.4714411199092865 0.369016170501709
4299 0.4771800637245178 0.3724002242088318
4300 0.49422991275787354 0.34294989705085754
4301 0.47316494584083557 0.3889320194721222
4302 0.49392274022102356 0.36931923031806946
4303 0.49665573239326477 0.36954620480537415
4304 0.4921696186065674 0.4095103144645691
4305 0.4914705753326416 0.4098570942878723
4306 0.4883425235748291 0.4100082814693451
4307 0.4867735803127289 0.42480945587158203
4308 0.4871552586555481 0.42310672998428345
4309 0.4886055290699005 0.4196259379386902
4310 0.48740488290786743 0.42277753353118896
4311 0.4882804751396179 0.4203384220600128
4312 0.4858633279800415 0.43108686804771423
4313 0.48703157901763916 0.41862720251083374
4314 0.48754698038101196 0.4179873466491699
4315 0.4862250089645386 0.41668522357940674
4316 0.48691871762275696 0.4161061644554138
4317 0.4875641465187073 0.4148547947406769
4318 0.3397443890571594 0.27568304538726807
4319 0.43773338198661804 0.1829269826412201
4320 0.4633162021636963 0.1812947690486908
4321 0.48248493671417236 0.21440958976745605
4322 0.47178104519844055 0.4007141590118408
4323 0.43001556396484375 0.35893499851226807
4324 0.4798440635204315 0.3948822617530823
4325 0.4607894718647003 0.28135544061660767
4326 0.4485868811607361 0.2052243947982788
4327 0.42722994089126587 0.19193235039710999
4328 0.3419192135334015 0.27139946818351746
4329 0.4243296682834625 0.3577684164047241
4330 0.46272194385528564 0.394203245639801
4331 0.4671310484409332 0.3785388767719269
4332 0.4473918378353119 0.2968543469905853
4333 0.4371584951877594 0.2934613823890686
4334 0.4200149178504944 0.30251795053482056
4335 0.45820873975753784 0.3072335422039032
4336 0.4355587363243103 0.34135499596595764
4337 0.4505392909049988 0.35331112146377563
4338 0.4888845682144165 0.34294989705085754
4339 0.4481915533542633 0.3066534101963043
4340 0.44208961725234985 0.30557143688201904
4341 0.4352542757987976 0.3159070611000061
4342 0.4569615423679352 0.30723872780799866
4343 0.44189178943634033 0.33671820163726807
4344 0.4481714963912964 0.3411307632923126
4345 0.4888845682144165 0.34294989705085754
4346 0.4888845682144165 0.34294989705085754
4347 0.44989898800849915 0.31974607706069946
4348 0.4436380863189697 0.3146091103553772
4349 0.4372496008872986 0.3083621561527252
4350 0.4251424968242645 0.2869231700897217
4351 0.4079486131668091 0.24113419651985168
4352 0.39706486463546753 0.21367931365966797
4353 0.3929346799850464 0.21457034349441528
4354 0.42487454414367676 0.193951815366745
4355 0.4888845682144165 0.34294989705085754
4356 0.4888845682144165 0.34294989705085754
4357 0.44439589977264404 0.32892510294914246
4358 0.4378795623779297 0.32903969287872314
4359 0.42687997221946716 0.32733893394470215
4360 0.40453898906707764 0.3242630958557129
4361 0.37639081478118896 0.3343305289745331
4362 0.34536731243133545 0.30903130769729614
4363 0.33629828691482544 0.30881181359291077
4364 0.47348088026046753 0.30618730187416077
4365 0.4830803871154785 0.30937713384628296
4366 0.4938909709453583 0.31098002195358276
4367 0.4714006781578064 0.30717846751213074
4368 0.4678211808204651 0.305444598197937
4369 0.4687453806400299 0.30099672079086304
4370 0.47204238176345825 0.2989882528781891
4371 0.4828004837036133 0.2963804602622986
4372 0.48779594898223877 0.4104407727718353
4373 0.48781368136405945 0.41131213307380676
4374 0.4400761127471924 0.5065650343894958
4375 0.44353270530700684 0.5188284516334534
4376 0.4408368468284607 0.5167383551597595
4377 0.4515681862831116 0.4821339249610901
4378 0.4551506042480469 0.4855004847049713
4379 0.4428432583808899 0.5078261494636536
4380 0.4608248472213745 0.5127319097518921
4381 0.4577820301055908 0.5175871253013611
4382 0.4491268992424011 0.5190224647521973
4383 0.4437037706375122 0.5048676133155823
4384 0.442609965801239 0.5049687027931213
4385 0.4431024193763733 0.48604393005371094
4386 0.4477015733718872 0.4829252064228058
4387 0.453932523727417 0.5207421183586121
4388 0.4613870680332184 0.506460428237915
4389 0.440746545791626 0.49239951372146606
4390 0.46150392293930054 0.5052777528762817
4391 0.4587690234184265 0.49402159452438354
4392 0.45842641592025757 0.5014539957046509
4393 0.45906969904899597 0.5010790824890137
4394 0.4398595988750458 0.5060263276100159
4395 0.4448394477367401 0.5053424835205078
4396 0.4429236054420471 0.5062285661697388
4397 0.44901561737060547 0.4778876304626465
4398 0.4549417793750763 0.48418498039245605
4399 0.4419563114643097 0.5068539977073669
4400 0.462523490190506 0.510220468044281
4401 0.4599584937095642 0.5150306224822998
4402 0.4471353590488434 0.5053424835205078
4403 0.4434785842895508 0.5053424835205078
4404 0.44271790981292725 0.5051357746124268
4405 0.43681058287620544 0.4828079640865326
4406 0.44085878133773804 0.47669485211372375
4407 0.45187756419181824 0.5053424835205078
4408 0.4614359736442566 0.5053156018257141
4409 0.43569111824035645 0.48816078901290894
4410 0.46145695447921753 0.504386842250824
4411 0.45984572172164917 0.4946270287036896
4412 0.4591386914253235 0.5011018514633179
4413 0.45961329340934753 0.5007987022399902
4414 0.44151657819747925 0.5076062679290771
4415 0.4418012499809265 0.5070816278457642
4416 0.447780042886734 0.5053424835205078
4417 0.44426897168159485 0.5053424835205078
4418 0.44273555278778076 0.5053424835205078
4419 0.4414864480495453 0.5055107474327087
4420 0.4918833076953888 0.5064666271209717
4421 0.48668819665908813 0.5085113644599915
4422 0.47932761907577515 0.5062374472618103
4423 0.46719029545783997 0.5066550374031067
4424 0.46483471989631653 0.5035707950592041
4425 0.4626551568508148 0.5019705891609192
4426 0.4621298909187317 0.5023146271705627
4427 0.4606695771217346 0.5021823644638062
4428 0.45966652035713196 0.5014564990997314
4429 0.45512717962265015 0.5053424835205078
4430 0.44951575994491577 0.5053424835205078
4431 0.46160995960235596 0.5038936734199524
4432 0.4615054130554199 0.5027588605880737
4433 0.46248504519462585 0.5001429319381714
4434 0.4616074860095978 0.5003257989883423
4435 0.4607570469379425 0.5005609393119812
4436 0.4618734121322632 0.4994221329689026
4437 0.460967481136322 0.4995337128639221
4438 0.46009472012519836 0.5005172491073608
4439 0.46084579825401306 0.5019310116767883
4440 0.4602535367012024 0.5004649758338928
4441 0.4599979519844055 0.500651478767395
4442 0.45844563841819763 0.501917839050293
4443 0.45488283038139343 0.5053424835205078
4444 0.45040377974510193 0.5053424835205078
4445 0.44723939895629883 0.5053424835205078
4446 0.44434359669685364 0.5053424835205078
4447 0.44305408000946045 0.5053424835205078
4448 0.4426911473274231 0.5053424835205078
4449 0.4411545395851135 0.5054217576980591
4450 0.4415985941886902 0.5051029324531555
4451 0.4415326714515686 0.5072685480117798
4452 0.44190743565559387 0.5067232847213745
4453 0.4424939453601837 0.5059027671813965
4454 0.4429180324077606 0.5053425431251526
4455 0.4435786306858063 0.5053424835205078
4456 0.4464511573314667 0.5053424835205078
4457 0.4510535001754761 0.5053424835205078
4458 0.45550233125686646 0.505342423915863
4459 0.46014904975891113 0.5034920573234558
4460 0.46119606494903564 0.5037626028060913
4461 0.4611738920211792 0.5032305121421814
4462 0.4307176470756531 0.3956752419471741
4463 0.4352418780326843 0.4090538024902344
4464 0.4394911825656891 0.42088615894317627
4465 0.4440145790576935 0.4313341975212097
4466 0.44879186153411865 0.43998995423316956
4467 0.4537178874015808 0.44642287492752075
4468 0.4579334259033203 0.4519575536251068
4469 0.46162348985671997 0.4569653272628784
4470 0.4646593928337097 0.46156787872314453
4471 0.46818968653678894 0.4647383689880371
4472 0.47079968452453613 0.468969464302063
4473 0.47310715913772583 0.47305038571357727
4474 0.4801865220069885 0.49761366844177246
4475 0.48028212785720825 0.4921957850456238
4476 0.4801069498062134 0.48588764667510986
4477 0.47693580389022827 0.47767874598503113
4478 0.47876113653182983 0.4816834330558777
4479 0.4649943709373474 0.5018008351325989
4480 0.46534132957458496 0.5021013021469116
4481 0.46838176250457764 0.5015767812728882
4482 0.47612667083740234 0.5012044310569763
4483 0.4649588465690613 0.5006372928619385
4484 0.4692619740962982 0.49872931838035583
4485 0.4653358459472656 0.5008038282394409
4486 0.4726581275463104 0.4804862439632416
4487 0.4739992320537567 0.4842918813228607
4488 0.4759281277656555 0.49021193385124207
4489 0.4768056273460388 0.49380552768707275
4490 0.44273293018341064 0.5185979008674622
4491 0.44723379611968994 0.5207241773605347
4492 0.4512495994567871 0.5232067108154297
4493 0.45517435669898987 0.5231099128723145
4494 0.4584680497646332 0.5220926403999329
4495 0.46070432662963867 0.5198638439178467
4496 0.4627244770526886 0.5164313316345215
4497 0.46439871191978455 0.5124562978744507
4498 0.46543359756469727 0.5082055926322937
4499 0.46579310297966003 0.5051237940788269
4500 0.4658956825733185 0.5024381279945374
4501 0.46764618158340454 0.5002758502960205
4502 0.4679965674877167 0.498569130897522
4503 0.46692293882369995 0.49482765793800354
4504 0.4665036201477051 0.4930480122566223
4505 0.4627785384654999 0.48590534925460815
4506 0.4612036943435669 0.48375797271728516
4507 0.4593912363052368 0.48331281542778015
4508 0.4574145972728729 0.4831468164920807
4509 0.4544486999511719 0.48486441373825073
4510 0.451275110244751 0.48575273156166077
4511 0.44741129875183105 0.48613297939300537
4512 0.44296541810035706 0.48754632472991943
4513 0.43888843059539795 0.4899575710296631
4514 0.43527951836586 0.49269771575927734
4515 0.43143558502197266 0.49546942114830017
4516 0.427865207195282 0.4992031157016754
4517 0.4263317883014679 0.5086849331855774
4518 0.42926886677742004 0.5137548446655273
4519 0.43361860513687134 0.516325056552887
4520 0.43830931186676025 0.5181382894515991
4521 0.42538702487945557 0.5038206577301025
4522 0.4620995819568634 0.49744516611099243
4523 0.4634833335876465 0.49619394540786743
4524 0.46360358595848083 0.49608370661735535
4525 0.4657856225967407 0.49090316891670227
4526 0.46762263774871826 0.48816192150115967
4527 0.4609091281890869 0.4977450370788574
4528 0.4663819670677185 0.4852505922317505
4529 0.46476948261260986 0.4881640076637268
4530 0.46231573820114136 0.49484604597091675
4531 0.46099555492401123 0.49727022647857666
4532 0.4668891727924347 0.5165029764175415
4533 0.4646504819393158 0.5213329195976257
4534 0.46840426325798035 0.5121722221374512
4535 0.4692957103252411 0.50868821144104
4536 0.4713307321071625 0.5008893013000488
4537 0.47255367040634155 0.4915030002593994
4538 0.47249269485473633 0.4940984845161438
4539 0.47226595878601074 0.49738141894340515
4540 0.4710777997970581 0.4875091016292572
4541 0.46987223625183105 0.4849768280982971
4542 0.4624045491218567 0.524969220161438
4543 0.45967426896095276 0.5277754664421082
4544 0.4560123682022095 0.5286873579025269
4545 0.45169132947921753 0.5274784564971924
4546 0.4470895826816559 0.5245063900947571
4547 0.44175976514816284 0.5217034816741943
4548 0.4360017478466034 0.5224473476409912
4549 0.43106091022491455 0.520179271697998
4550 0.42630526423454285 0.5166381597518921
4551 0.4221615791320801 0.510733962059021
4552 0.4190126359462738 0.5052261352539062
4553 0.4369094967842102 0.5061007738113403
4554 0.43238863348960876 0.5039302110671997
4555 0.43936029076576233 0.5054899454116821
4556 0.43111422657966614 0.5034308433532715
4557 0.4392198622226715 0.5056955814361572
4558 0.4396197497844696 0.505711555480957
4559 0.43886798620224 0.5064271092414856
4560 0.43253540992736816 0.5060977935791016
4561 0.4292362928390503 0.5060644149780273
4562 0.43137800693511963 0.5063853859901428
4563 0.4805394411087036 0.19457478821277618
4564 0.4633573591709137 0.20300254225730896
4565 0.4481079876422882 0.21435479819774628
4566 0.4352739453315735 0.22563225030899048
4567 0.4238961935043335 0.2478742152452469
4568 0.41880080103874207 0.276109904050827
4569 0.4151855707168579 0.29981422424316406
4570 0.4166993796825409 0.32291173934936523
4571 0.4189279079437256 0.34067580103874207
4572 0.422486811876297 0.3607882559299469
4573 0.42635011672973633 0.3800225257873535
4574 0.4155949056148529 0.5034958124160767
4575 0.41376766562461853 0.5027346611022949
4576 0.4111156463623047 0.501829206943512
4577 0.40770289301872253 0.5003612041473389
4578 0.4026147723197937 0.5003237724304199
4579 0.3973965346813202 0.5008473992347717
4580 0.3904635012149811 0.502190887928009
4581 0.3820105493068695 0.5050894021987915
4582 0.46459394693374634 0.5004914402961731
4583 0.4647703170776367 0.5017334818840027
4584 0.46149107813835144 0.49846410751342773
4585 0.46090182662010193 0.49876245856285095
4586 0.4642232656478882 0.5007367134094238
4587 0.4643750786781311 0.5013797283172607
4588 0.49738019704818726 0.4396298825740814
4589 0.4958975911140442 0.44018206000328064
4590 0.4936896562576294 0.4396445155143738
4591 0.4911603033542633 0.43837234377861023
4592 0.48906606435775757 0.43563342094421387
4593 0.487510621547699 0.4309805631637573
4594 0.4863595962524414 0.42821574211120605
4595 0.48513492941856384 0.4258247911930084
4596 0.48407799005508423 0.4234626293182373
4597 0.48232603073120117 0.4211721420288086
4598 0.4807835817337036 0.41773736476898193
4599 0.4797261655330658 0.41519907116889954
4600 0.47870808839797974 0.41242849826812744
4601 0.4771549105644226 0.4062516987323761
4602 0.47627168893814087 0.39927271008491516
4603 0.47513794898986816 0.3881298899650574
4604 0.47260385751724243 0.3747284412384033
4605 0.4708285629749298 0.3660852313041687
4606 0.4695369303226471 0.3611822724342346
4607 0.4683052897453308 0.3543940782546997
4608 0.4671802520751953 0.3474099636077881
4609 0.46796029806137085 0.3421397805213928
4610 0.46988844871520996 0.3374048173427582
4611 0.47181791067123413 0.3302195072174072
4612 0.4744134545326233 0.3213711380958557
4613 0.47719091176986694 0.3119969069957733
4614 0.4803387522697449 0.30536624789237976
4615 0.48371848464012146 0.30317434668540955
4616 0.48782217502593994 0.3026561737060547
4617 0.4918593466281891 0.3030225932598114
4618 0.4957369267940521 0.303722620010376
4619 0.4841229319572449 0.37729042768478394
4620 0.488227903842926 0.3795532286167145
4621 0.49213799834251404 0.3813503682613373
4622 0.49581822752952576 0.3825274109840393
4623 0.48356518149375916 0.3846682012081146
4624 0.4879370927810669 0.38488179445266724
4625 0.4918879270553589 0.3856917917728424
4626 0.49567312002182007 0.38708266615867615
4627 0.45931777358055115 0.49915003776550293
4628 0.45730605721473694 0.5012878775596619
4629 0.4553830921649933 0.5028128623962402
4630 0.453890323638916 0.5022083520889282
4631 0.4523400664329529 0.5016950964927673
4632 0.4503993093967438 0.5023282766342163
4633 0.4479791522026062 0.502298891544342
4634 0.44548600912094116 0.5023394823074341
4635 0.44350868463516235 0.5036429762840271
4636 0.4418465495109558 0.5043561458587646
4637 0.4401858448982239 0.504969596862793
4638 0.4379877746105194 0.5057830810546875
4639 0.43659543991088867 0.5062661170959473
4640 0.4373311400413513 0.5067667365074158
4641 0.43949487805366516 0.5079245567321777
4642 0.4411661922931671 0.5089931488037109
4643 0.44298255443573 0.5097522139549255
4644 0.4454801380634308 0.5101504325866699
4645 0.44811293482780457 0.5103335380554199
4646 0.4507299065589905 0.5101925730705261
4647 0.45329877734184265 0.5107337236404419
4648 0.4558478891849518 0.5112210512161255
4649 0.4583524465560913 0.5094478726387024
4650 0.4610006809234619 0.5083984732627869
4651 0.4627695381641388 0.5066317319869995
4652 0.46375733613967896 0.5041656494140625
4653 0.4641866683959961 0.5023033618927002
4654 0.4645555019378662 0.5015631914138794
4655 0.46438080072402954 0.5005985498428345
4656 0.4641556739807129 0.5000625848770142
4657 0.463766485452652 0.499604731798172
4658 0.46289217472076416 0.49878019094467163
4659 0.46180886030197144 0.4979528486728668
4660 0.4608526825904846 0.498292475938797
4661 0.2751947045326233 0.02534535899758339
4662 0.2740101218223572 0.02534535899758339
4663 0.25574085116386414 0.025345366448163986
4664 0.25689131021499634 0.025345366448163986
4665 0.22698809206485748 0.2582930028438568
4666 0.23415295779705048 0.21072840690612793
4667 0.2055576741695404 0.21613284945487976
4668 0.20396269857883453 0.2663196325302124
4669 0.22883868217468262 0.30824676156044006
4670 0.20529860258102417 0.31469130516052246
4671 0.21120941638946533 0.5426568984985352
4672 0.2156732678413391 0.5775976181030273
4673 0.2344190776348114 0.5603840351104736
4674 0.23021678626537323 0.5276583433151245
4675 0.25249025225639343 0.12300790846347809
4676 0.2610331177711487 0.0824737697839737
4677 0.23759371042251587 0.09109147638082504
4678 0.22965693473815918 0.13022789359092712
4679 0.28971701860427856 0.02534535713493824
4680 0.29350823163986206 0.02534536086022854
4681 0.25879278779029846 0.025345364585518837
4682 0.2581281065940857 0.025345366448163986
4683 0.2697644829750061 0.04063185676932335
4684 0.24869269132614136 0.06111980229616165
4685 0.24178317189216614 0.1653955578804016
4686 0.20913781225681305 0.17608582973480225
4687 0.26366370916366577 0.9347459077835083
4688 0.2278648018836975 0.9181300401687622
4689 0.2580772936344147 0.025345364585518837
4690 0.2911028265953064 0.02534535713493824
4691 0.2762501835823059 0.7227371335029602
4692 0.2735931873321533 0.701897144317627
4693 0.26399916410446167 0.7029969692230225
4694 0.2627488374710083 0.715368926525116
4695 0.2574123740196228 0.6877676844596863
4696 0.2670897841453552 0.6806255578994751
4697 0.27657485008239746 0.7702317237854004
4698 0.276842325925827 0.7450985908508301
4699 0.2586633265018463 0.7372410893440247
4700 0.2554037570953369 0.7607948184013367
4701 0.22316092252731323 0.6103260517120361
4702 0.23380184173583984 0.6405885219573975
4703 0.24818937480449677 0.6281276345252991
4704 0.24031497538089752 0.5946558117866516
4705 0.2459574043750763 0.6661988496780396
4706 0.25838756561279297 0.6564664840698242
4707 0.2341805100440979 0.8799635171890259
4708 0.2660294473171234 0.8960042595863342
4709 0.2509945333003998 0.7901321649551392
4710 0.27378547191619873 0.8004928827285767
4711 0.2689647972583771 0.8640611171722412
4712 0.24145787954330444 0.8492878675460815
4713 0.2724687457084656 0.830704927444458
4714 0.24587970972061157 0.818945586681366
4715 0.22630679607391357 0.4937889575958252
4716 0.20743264257907867 0.5069887042045593
4717 0.2237614095211029 0.4294041395187378
4718 0.22452224791049957 0.3960755467414856
4719 0.20463597774505615 0.39951300621032715
4720 0.20425575971603394 0.4376051425933838
4721 0.20498502254486084 0.47143101692199707
4722 0.22493037581443787 0.46271762251853943
4723 0.2646629810333252 0.025345362722873688
4724 0.2660171389579773 0.025345362722873688
4725 0.2494053840637207 0.025345370173454285
4726 0.24900640547275543 0.025345370173454285
4727 0.25484681129455566 0.025345366448163986
4728 0.2719457745552063 0.02534535899758339
4729 0.2536258399486542 0.025345366448163986
4730 0.26987579464912415 0.02534536086022854
4731 0.26725518703460693 0.02534536086022854
4732 0.2519804537296295 0.025345368310809135
4733 0.25008976459503174 0.025345370173454285
4734 0.26491689682006836 0.025345362722873688
4735 0.22577905654907227 0.3564590811729431
4736 0.20430608093738556 0.3622187077999115
4737 0.23573771119117737 0.025345375761389732
4738 0.1950918585062027 0.02534538507461548
4739 0.2126104235649109 0.02534538507461548
4740 0.13052240014076233 0.02534538507461548
4741 0.08468877524137497 0.02534538134932518
4742 0.16441869735717773 0.02534538507461548
4743 0.23569394648075104 0.025345375761389732
4744 0.2126104235649109 0.02534538507461548
4745 0.2126104235649109 0.02534538507461548
4746 0.19695651531219482 0.02534538507461548
4747 0.1843133270740509 0.02534538507461548
4748 0.155726820230484 0.02534538507461548
4749 0.13304734230041504 0.02534538507461548
4750 0.08412550389766693 0.02534538134932518
4751 0.18732254207134247 0.5204272866249084
4752 0.1830822378396988 0.4476481080055237
4753 0.17995640635490417 0.2733217775821686
4754 0.18165463209152222 0.22160649299621582
4755 0.18159013986587524 0.3239215910434723
4756 0.2067648470401764 0.6254739165306091
4757 0.1917935013771057 0.5565550923347473
4758 0.1126396507024765 0.22811825573444366
4759 0.11435799300670624 0.29371047019958496
4760 0.07463973760604858 0.30178210139274597
4761 0.07441437244415283 0.23208165168762207
4762 0.16101953387260437 0.4580804705619812
4763 0.16677333414554596 0.5334457159042358
4764 0.18219482898712158 0.36937379837036133
4765 0.15844306349754333 0.3771880567073822
4766 0.15625105798244476 0.32885435223579407
4767 0.15665894746780396 0.22551347315311432
4768 0.15557268261909485 0.2784497141838074
4769 0.1730574667453766 0.5713225603103638
4770 0.11750714480876923 0.39560168981552124
4771 0.1191190555691719 0.4763847589492798
4772 0.0710153728723526 0.48624950647354126
4773 0.0727403536438942 0.4033445715904236
4774 0.11555901169776917 0.3413246273994446
4775 0.12536868453025818 0.5552543997764587
4776 0.13214710354804993 0.597833514213562
4777 0.08280419558286667 0.6253510117530823
4778 0.100804403424263 0.7135112285614014
4779 0.1905868649482727 0.6411108374595642
4780 0.14886200428009033 0.6781868934631348
4781 0.07309944927692413 0.34573036432266235
4782 0.07539671659469604 0.574577808380127
4783 0.11399590969085693 0.1394883394241333
4784 0.07084813714027405 0.14427736401557922
4785 0.06817183643579483 0.10351628065109253
4786 0.13808442652225494 0.09941177070140839
4787 0.18814611434936523 0.1363852322101593
4788 0.16421553492546082 0.13915586471557617
4789 0.1688399314880371 0.10624369233846664
4790 0.19354134798049927 0.10599673539400101
4791 0.23610837757587433 0.025345375761389732
4792 0.1888612061738968 0.02534538507461548
4793 0.2030528336763382 0.02534538507461548
4794 0.2359432876110077 0.025345375761389732
4795 0.1778436005115509 0.02534538507461548
4796 0.16383197903633118 0.02534538507461548
4797 0.23344795405864716 0.038372769951820374
4798 0.17769742012023926 0.03883102536201477
4799 0.1428617686033249 0.030995333567261696
4800 0.16985538601875305 0.07316740602254868
4801 0.1385871171951294 0.06683367490768433
4802 0.1982712596654892 0.08239389955997467
4803 0.06690999865531921 0.06133970990777016
4804 0.11263490468263626 0.1778506338596344
4805 0.07243312895298004 0.18431775271892548
4806 0.15986399352550507 0.18129459023475647
4807 0.18477407097816467 0.17918097972869873
4808 0.06443960964679718 0.025345370173454285
4809 0.09310227632522583 0.02534538507461548
4810 0.12047608196735382 0.02534538507461548
4811 0.09681808203458786 0.025345388799905777
4812 0.21954984962940216 0.6563154458999634
4813 0.20488415658473969 0.6756293177604675
4814 0.11139155924320221 0.7545071840286255
4815 0.15757212042808533 0.7179041504859924
4816 0.1679917275905609 0.8662109971046448
4817 0.19614365696907043 0.8967755436897278
4818 0.21556687355041504 0.8317636847496033
4819 0.24857854843139648 0.7014560699462891
4820 0.23379643261432648 0.6810516119003296
4821 0.23379623889923096 0.7472673654556274
4822 0.08857585489749908 0.02534538321197033
4823 0.1302613914012909 0.02534538507461548
4824 0.11947914958000183 0.02534538507461548
4825 0.14708039164543152 0.02534538507461548
4826 0.24053847789764404 0.7230675220489502
4827 0.14360788464546204 0.8283007740974426
4828 0.09734316915273666 0.23037311434745789
4829 0.09720931947231293 0.2988850176334381
4830 0.09662915766239166 0.3994383215904236
4831 0.09803058952093124 0.4812180995941162
4832 0.10367712378501892 0.564086377620697
4833 0.09729858487844467 0.34492677450180054
4834 0.10924962162971497 0.6079229116439819
4835 0.12470391392707825 0.69061279296875
4836 0.09296362102031708 0.10200731456279755
4837 0.09405843168497086 0.14191603660583496
4838 0.09262954443693161 0.06071627512574196
4839 0.09615179896354675 0.18164807558059692
4840 0.20627455413341522 0.8594297766685486
4841 0.13446809351444244 0.732897937297821
4842 0.1830097883939743 0.8334518671035767
4843 0.16271360218524933 0.8011581301689148
4844 0.11530252546072006 0.099430151283741
4845 0.11775650084018707 0.06094853952527046
4846 0.13714665174484253 0.2867946922779083
4847 0.13553984463214874 0.22721029818058014
4848 0.1373632550239563 0.3355451226234436
4849 0.13896818459033966 0.3867619037628174
4850 0.14149110019207 0.467814564704895
4851 0.14840856194496155 0.5439903736114502
4852 0.15466395020484924 0.5823609232902527
4853 0.17054571211338043 0.660422682762146
4854 0.1856149435043335 0.7043758630752563
4855 0.13606327772140503 0.13842907547950745
4856 0.13558179140090942 0.17912456393241882
4857 0.22850444912910461 0.7737859487533569
4858 0.22204874455928802 0.802789032459259
4859 0.19402456283569336 0.8082889318466187
4860 0.20275479555130005 0.7855455279350281
4861 0.17768171429634094 0.7829672694206238
4862 0.18850986659526825 0.7708203196525574
4863 0.2224733680486679 0.702660083770752
4864 0.21278265118598938 0.7274030447006226
4865 0.12489147484302521 0.7875990867614746
4866 0.14804469048976898 0.7667253613471985
4867 0.16618236899375916 0.7508277893066406
4868 0.1872282773256302 0.7464725971221924
4869 0.20745424926280975 0.7583141922950745
4870 0.18483874201774597 0.4834466576576233
4871 0.12205923348665237 0.5177712440490723
4872 0.14425209164619446 0.5064535737037659
4873 0.16408589482307434 0.49664807319641113
4874 0.07291673123836517 0.5334472060203552
4875 0.10054564476013184 0.5244985818862915
4876 0.17351439595222473 0.02534538507461548
4877 0.15024346113204956 0.02534538507461548
4878 0.15024346113204956 0.02534538507461548
4879 0.17352944612503052 0.02534538507461548
4880 0.1317785531282425 0.02534538507461548
4881 0.13200783729553223 0.02534538507461548
4882 0.10125608742237091 0.02534538507461548
4883 0.10172155499458313 0.02534538507461548
4884 0.08595636487007141 0.02534538321197033
4885 0.08570916950702667 0.02534538134932518
4886 0.05062418431043625 0.025345364585518837
4887 0.05141878128051758 0.025345362722873688
4888 0.19683614373207092 0.02534538507461548
4889 0.2126104235649109 0.02534538507461548
4890 0.2126104235649109 0.02534538507461548
4891 0.1965453028678894 0.02534538507461548
4892 0.23091551661491394 0.02534537762403488
4893 0.23081070184707642 0.02534537762403488
4894 0.2126104235649109 0.02534538507461548
4895 0.2126104235649109 0.02534538507461548
4896 0.2126104235649109 0.02534538507461548
4897 0.2126104235649109 0.02534538507461548
4898 0.2126104235649109 0.02534538507461548
4899 0.2126104235649109 0.02534538507461548
4900 0.2126104235649109 0.02534538507461548
4901 0.2126104235649109 0.02534538507461548
4902 0.2126104235649109 0.02534538507461548
4903 0.2126104235649109 0.02534538507461548
4904 0.2126104235649109 0.02534538507461548
4905 0.2126104235649109 0.02534538507461548
4906 0.17665794491767883 0.02534538507461548
4907 0.15076376497745514 0.02534538507461548
4908 0.13256485760211945 0.02534538507461548
4909 0.10197339206933975 0.02534538507461548
4910 0.08481919765472412 0.02534538134932518
4911 0.05180318281054497 0.025345364585518837
4912 0.2126104235649109 0.02534538507461548
4913 0.21293646097183228 0.02534538507461548
4914 0.23521745204925537 0.025345373898744583
4915 0.2006472498178482 0.02534538507461548
4916 0.2088780254125595 0.02534538507461548
4917 0.2126104235649109 0.02534538507461548
4918 0.2126104235649109 0.02534538507461548
4919 0.2126104235649109 0.02534538507461548
4920 0.2343633472919464 0.02534537762403488
4921 0.21286216378211975 0.02534538507461548
4922 0.2126104235649109 0.02534538507461548
4923 0.2126104235649109 0.02534538507461548
4924 0.2126104235649109 0.02534538507461548
4925 0.2126104235649109 0.02534538507461548
4926 0.2333821952342987 0.02534537762403488
4927 0.2126104235649109 0.02534538507461548
4928 0.2126104235649109 0.02534538507461548
4929 0.2126104235649109 0.02534538507461548
4930 0.2126104235649109 0.02534538507461548
4931 0.2126104235649109 0.02534538507461548
4932 0.2126104235649109 0.02534538507461548
4933 0.2126104235649109 0.02534538507461548
4934 0.2126104235649109 0.02534538507461548
4935 0.23210974037647247 0.025345375761389732
4936 0.087986059486866 0.664954662322998
4937 0.11488745361566544 0.6481013298034668
4938 0.13783283531665802 0.6348998546600342
4939 0.15992704033851624 0.6207785606384277
4940 0.17979776859283447 0.606499195098877
4941 0.19745850563049316 0.5930616855621338
4942 0.18288999795913696 0.4094090461730957
4943 0.16056373715400696 0.41985881328582764
4944 0.13959859311580658 0.42860978841781616
4945 0.11801204085350037 0.4369448721408844
4946 0.09707784652709961 0.4421476125717163
4947 0.07104913890361786 0.4453928470611572
4948 0.30804139375686646 0.025345366448163986
4949 0.32521411776542664 0.025345372036099434
4950 0.34748566150665283 0.02534538134932518
4951 0.3368329107761383 0.02534537762403488
4952 0.3332521319389343 0.025345373898744583
4953 0.3225593566894531 0.025345370173454285
4954 0.31258681416511536 0.025345368310809135
4955 0.2997814416885376 0.025345362722873688
4956 0.34218311309814453 0.18977603316307068
4957 0.3188062310218811 0.2226009964942932
4958 0.2443588525056839 0.42556053400039673
4959 0.2455936223268509 0.48291289806365967
4960 0.3793926239013672 0.1385422945022583
4961 0.42892149090766907 0.1162487268447876
4962 0.26455581188201904 0.1596750020980835
4963 0.2565080225467682 0.20562170445919037
4964 0.3158641457557678 0.1503603309392929
4965 0.3023461103439331 0.18116292357444763
4966 0.2948516011238098 0.07206118106842041
4967 0.2733682096004486 0.11502111703157425
4968 0.33157455921173096 0.06227461248636246
4969 0.3892892599105835 0.0644916296005249
4970 0.38407450914382935 0.09217580407857895
4971 0.3249041438102722 0.10221032798290253
4972 0.4298045337200165 0.06303073465824127
4973 0.4283030033111572 0.08359880745410919
4974 0.46829235553741455 0.0753166526556015
4975 0.46862339973449707 0.05858176201581955
4976 0.3225436806678772 0.025345370173454285
4977 0.31132468581199646 0.025345366448163986
4978 0.3462524712085724 0.02534537948668003
4979 0.3392029106616974 0.02534537762403488
4980 0.3032466173171997 0.025345364585518837
4981 0.3903983235359192 0.02534538507461548
4982 0.4308939278125763 0.02534538321197033
4983 0.4470982849597931 0.02534538507461548
4984 0.4673466682434082 0.10099397599697113
4985 0.3960884213447571 0.02534538507461548
4986 0.4457499086856842 0.02534538507461548
4987 0.4313858151435852 0.02534538507461548
4988 0.376880407333374 0.02534538321197033
4989 0.43550246953964233 0.02534538507461548
4990 0.42059826850891113 0.02534538507461548
4991 0.47462722659111023 0.025345373898744583
4992 0.25286373496055603 0.3629154860973358
4993 0.2592736780643463 0.3195543885231018
4994 0.2921261787414551 0.723077118396759
4995 0.29712721705436707 0.7760239839553833
4996 0.30898910760879517 0.7192608714103699
4997 0.3192354738712311 0.7706563472747803
4998 0.2978438436985016 0.8028637170791626
4999 0.3230225741863251 0.7979651689529419
5000 0.3031585216522217 0.9360506534576416
5001 0.34101977944374084 0.9311730861663818
5002 0.3008168935775757 0.8643203973770142
5003 0.3005717694759369 0.8978853225708008
5004 0.33112505078315735 0.8592320680618286
5005 0.3359067142009735 0.8928887844085693
5006 0.28739678859710693 0.6990299224853516
5007 0.3031967282295227 0.6921696662902832
5008 0.2940189242362976 0.668346643447876
5009 0.2809094488620758 0.6720021963119507
5010 0.2720789909362793 0.6489657163619995
5011 0.2856951653957367 0.6427403688430786
5012 0.28091463446617126 0.2324402928352356
5013 0.24854549765586853 0.25267452001571655
5014 0.26413479447364807 0.6181455850601196
5015 0.24812407791614532 0.5121074318885803
5016 0.2610049843788147 0.5762528777122498
5017 0.2995201349258423 0.636936366558075
5018 0.30881577730178833 0.6599361300468445
5019 0.31763768196105957 0.6867735385894775
5020 0.3256530165672302 0.7117705941200256
5021 0.3404187262058258 0.7613639831542969
5022 0.34694361686706543 0.7871725559234619
5023 0.3621041178703308 0.8408179879188538
5024 0.37018540501594543 0.8720375895500183
5025 0.3818868398666382 0.904238224029541
5026 0.27891555428504944 0.6140445470809937
5027 0.307716429233551 0.2760270833969116
5028 0.2865859270095825 0.2821274995803833
5029 0.3155176043510437 0.025345366448163986
5030 0.41429343819618225 0.8762471675872803
5031 0.4021088480949402 0.8447480201721191
5032 0.32276350259780884 0.6520614624023438
5033 0.3330533504486084 0.6762773394584656
5034 0.31260359287261963 0.6297991275787354
5035 0.2921532094478607 0.6106345653533936
5036 0.30454713106155396 0.6046042442321777
5037 0.277451753616333 0.5811229944229126
5038 0.2895231246948242 0.5818964838981628
5039 0.29992419481277466 0.5795086622238159
5040 0.3888969421386719 0.8187628984451294
5041 0.3694402277469635 0.7692869305610657
5042 0.3420630991458893 0.7009466886520386
5043 0.3600815236568451 0.74711012840271
5044 0.4788215160369873 0.025345370173454285
5045 0.42783355712890625 0.02534538507461548
5046 0.4435594975948334 0.02534538507461548
5047 0.39389681816101074 0.02534538507461548
5048 0.35360339283943176 0.02534538321197033
5049 0.33878278732299805 0.02534537762403488
5050 0.40436822175979614 0.02534538507461548
5051 0.36341592669487 0.02534538321197033
5052 0.4321160912513733 0.02534538507461548
5053 0.4494420289993286 0.02534538507461548
5054 0.4828089475631714 0.025345368310809135
5055 0.43464165925979614 0.02534538507461548
5056 0.45354849100112915 0.02534538507461548
5057 0.485611230134964 0.025345366448163986
5058 0.4123223125934601 0.02534538507461548
5059 0.3515680730342865 0.02534538134932518
5060 0.35796666145324707 0.02534538507461548
5061 0.37062525749206543 0.02534538507461548
5062 0.29581448435783386 0.7467302083969116
5063 0.3149484395980835 0.7429396510124207
5064 0.3332676589488983 0.7369171977043152
5065 0.35174328088760376 0.7225053906440735
5066 0.30017322301864624 0.8328936100006104
5067 0.3277328908443451 0.827452540397644
5068 0.35529783368110657 0.8130698204040527
5069 0.3791690468788147 0.7938237190246582
5070 0.29063236713409424 0.5555062294006348
5071 0.2987412214279175 0.5557007789611816
5072 0.26031172275543213 0.47258347272872925
5073 0.26446518301963806 0.4953785538673401
5074 0.2726150155067444 0.5399132966995239
5075 0.28147903084754944 0.5511812567710876
5076 0.24460819363594055 0.45482027530670166
5077 0.2721925377845764 0.3794296979904175
5078 0.2600213885307312 0.42389604449272156
5079 0.29657167196273804 0.3228381276130676
5080 0.3076670169830322 0.31370437145233154
5081 0.30966195464134216 0.025345366448163986
5082 0.31914815306663513 0.025345370173454285
5083 0.3053164780139923 0.025345364585518837
5084 0.2977949380874634 0.02534536086022854
5085 0.29158684611320496 0.02534535899758339
5086 0.28615570068359375 0.02534535527229309
5087 0.2768169641494751 0.02534535713493824
5088 0.2800421714782715 0.02534535527229309
5089 0.30122360587120056 0.025345362722873688
5090 0.29204267263412476 0.02534536086022854
5091 0.28856903314590454 0.02534535899758339
5092 0.2784445583820343 0.02534535713493824
5093 0.2740640640258789 0.02534536086022854
5094 0.25190630555152893 0.5410704612731934
5095 0.26727354526519775 0.5206806659698486
5096 0.26018404960632324 0.4479064643383026
5097 0.26530319452285767 0.4016914963722229
5098 0.24689409136772156 0.39697349071502686
5099 0.2831633687019348 0.359689861536026
5100 0.3910256028175354 0.02534538507461548
5101 0.38390272855758667 0.02534538507461548
5102 0.3742554485797882 0.02534538507461548
5103 0.3456893563270569 0.02534538134932518
5104 0.3302476704120636 0.025345373898744583
5105 0.3219544291496277 0.025345370173454285
5106 0.3137437701225281 0.06889519840478897
5107 0.30568528175354004 0.10568755865097046
5108 0.2851053476333618 0.15526065230369568
5109 0.2751040458679199 0.1955793797969818
5110 0.26661157608032227 0.23938003182411194
5111 0.2765101194381714 0.29698872566223145
5112 0.289363294839859 0.3359164297580719
5113 0.30198055505752563 0.3153448700904846
5114 0.29993486404418945 0.2768791615962982
5115 0.2926059663295746 0.22755219042301178
5116 0.31921812891960144 0.17702189087867737
5117 0.3367232382297516 0.14648544788360596
5118 0.3447911739349365 0.1000654324889183
5119 0.36776959896087646 0.06498943269252777
5120 0.37297773361206055 0.02534538507461548
5121 0.3801881670951843 0.02534538507461548
5122 0.39395013451576233 0.02534538507461548
5123 0.41108712553977966 0.02534538507461548
5124 0.41403648257255554 0.02534538321197033
5125 0.4155595600605011 0.02534538507461548
5126 0.052701421082019806 0.025345366448163986
5127 0.05476636439561844 0.025345366448163986
5128 0.05871465057134628 0.025345368310809135
5129 0.06332792341709137 0.025345370173454285
5130 0.1011955589056015 0.02534538507461548
5131 0.10215935111045837 0.02534538507461548
5132 0.10232476890087128 0.02534538507461548
5133 0.6559944152832031 0.2988296449184418
5134 0.6438180804252625 0.3045886754989624
5135 0.6351733803749084 0.2762041389942169
5136 0.6499763131141663 0.2698189318180084
5137 0.6606607437133789 0.26741304993629456
5138 0.6346812844276428 0.23535968363285065
5139 0.6515559554100037 0.23274944722652435
5140 0.5981319546699524 0.594264566898346
5141 0.5999112725257874 0.581388533115387
5142 0.6083574891090393 0.5793481469154358
5143 0.6069616675376892 0.5925107598304749
5144 0.6052131056785583 0.6055915355682373
5145 0.6162548065185547 0.589841365814209
5146 0.61464923620224 0.6029160618782043
5147 0.608802080154419 0.5688171982765198
5148 0.6170439124107361 0.5648559927940369
5149 0.6165603995323181 0.5771495699882507
5150 0.6254410147666931 0.573313295841217
5151 0.6251929402351379 0.5867348313331604
5152 0.6477516293525696 0.3303890526294708
5153 0.6347135901451111 0.3352648913860321
5154 0.6296446323394775 0.3112710416316986
5155 0.5920236110687256 0.5829643607139587
5156 0.5939874053001404 0.5730523467063904
5157 0.6013959050178528 0.5709385871887207
5158 0.6023955941200256 0.5603126883506775
5159 0.6092467308044434 0.557117223739624
5160 0.5062926411628723 0.6703099608421326
5161 0.5002194046974182 0.6586698889732361
5162 0.5051303505897522 0.6471186280250549
5163 0.5112708210945129 0.6573534607887268
5164 0.6383060812950134 0.3581354320049286
5165 0.6267241835594177 0.3633148670196533
5166 0.6236271262168884 0.3406466245651245
5167 0.6154703497886658 0.36652567982673645
5168 0.6287450790405273 0.3837575316429138
5169 0.6170172095298767 0.38518840074539185
5170 0.5097535252571106 0.6360931992530823
5171 0.514211893081665 0.6261088848114014
5172 0.5205816626548767 0.6348194479942322
5173 0.5160327553749084 0.6457831263542175
5174 0.5090682506561279 0.6163529753684998
5175 0.5047137141227722 0.6261290907859802
5176 0.5000045895576477 0.6165336966514587
5177 0.5042898654937744 0.6075602173805237
5178 0.5000981688499451 0.636300265789032
5179 0.6256585121154785 0.5487864017486572
5180 0.6256826519966125 0.5607296824455261
5181 0.6172327399253845 0.5530691146850586
5182 0.6352725625038147 0.5560851693153381
5183 0.6354763507843018 0.5691235065460205
5184 0.6169371604919434 0.5417484641075134
5185 0.6092614531517029 0.5457273125648499
5186 0.5183185935020447 0.6681994795799255
5187 0.5229501128196716 0.6554820537567139
5188 0.5132654309272766 0.6073629260063171
5189 0.5186286568641663 0.6164204478263855
5190 0.5084670186042786 0.7038149833679199
5191 0.5172181129455566 0.7201409339904785
5192 0.5104637145996094 0.7483300566673279
5193 0.5006999373435974 0.7307706475257874
5194 0.5237905979156494 0.6955180764198303
5195 0.5144734382629395 0.6822696328163147
5196 0.527120053768158 0.6798831224441528
5197 0.5006471276283264 0.6885310411453247
5198 0.6248891353607178 0.600027322769165
5199 0.623795747756958 0.6148366928100586
5200 0.6132660508155823 0.6172316670417786
5201 0.6354445815086365 0.5827102065086365
5202 0.6349648833274841 0.5975642800331116
5203 0.6433572769165039 0.4034436047077179
5204 0.6297950148582458 0.4049367308616638
5205 0.6408242583274841 0.3814833164215088
5206 0.6476832032203674 0.42334502935409546
5207 0.6538400650024414 0.39901474118232727
5208 0.6571321487426758 0.4169932007789612
5209 0.6457195281982422 0.5644283890724182
5210 0.645902693271637 0.5782174468040466
5211 0.5339901447296143 0.709770143032074
5212 0.5277356505393982 0.7366845607757568
5213 0.6346296668052673 0.6116300225257874
5214 0.6456096768379211 0.5932214260101318
5215 0.6451005339622498 0.6087052822113037
5216 0.5895839333534241 0.594977617263794
5217 0.5816366076469421 0.594681441783905
5218 0.5843751430511475 0.5839113593101501
5219 0.6225619912147522 0.6306698322296143
5220 0.6337080001831055 0.6278314590454102
5221 0.5961049199104309 0.6063830256462097
5222 0.5874524712562561 0.6062163710594177
5223 0.5792129635810852 0.6044609546661377
5224 0.5710289478302002 0.6027250289916992
5225 0.5740345120429993 0.5930469036102295
5226 0.5681028962135315 0.6124973893165588
5227 0.5603485703468323 0.6077398657798767
5228 0.5636157393455505 0.598623514175415
5229 0.5763089656829834 0.6153935790061951
5230 0.5852338671684265 0.6173138618469238
5231 0.5648739337921143 0.6227592825889587
5232 0.5731737613677979 0.6265395283699036
5233 0.5419579148292542 0.6309833526611328
5234 0.5380721688270569 0.6417522430419922
5235 0.5312404632568359 0.6332049369812012
5236 0.5350189805030823 0.6233640313148499
5237 0.5250396728515625 0.6248335242271423
5238 0.5275013446807861 0.6439957618713379
5239 0.5460228323936462 0.6490523815155029
5240 0.5423839092254639 0.6611626148223877
5241 0.5343244075775146 0.6533299088478088
5242 0.5305640697479248 0.665887176990509
5243 0.5387718081474304 0.6138830780982971
5244 0.5286686420440674 0.6152963638305664
5245 0.532271146774292 0.6060169339179993
5246 0.5699829459190369 0.6382796764373779
5247 0.5671071410179138 0.6505220532417297
5248 0.5583526492118835 0.6444258093833923
5249 0.5616950988769531 0.6333579421043396
5250 0.5227640271186829 0.6072257161140442
5251 0.5538278222084045 0.6271743774414062
5252 0.5571227669715881 0.6172609329223633
5253 0.5495610237121582 0.6112857460975647
5254 0.5528808236122131 0.6021841168403625
5255 0.5425242781639099 0.6047306060791016
5256 0.5458880066871643 0.6209202408790588
5257 0.5498706698417664 0.6377933621406555
5258 0.5546683669090271 0.6562394499778748
5259 0.6408360004425049 0.47061893343925476
5260 0.6355990767478943 0.4592823386192322
5261 0.6438232064247131 0.44857221841812134
5262 0.6494223475456238 0.46147018671035767
5263 0.6372995376586914 0.4352613091468811
5264 0.6533880829811096 0.43915319442749023
5265 0.6615529656410217 0.43183544278144836
5266 0.662083089351654 0.4147062301635742
5267 0.6661462187767029 0.4280402362346649
5268 0.65401291847229 0.47420957684516907
5269 0.6582593321800232 0.45194241404533386
5270 0.6613759994506836 0.4655466377735138
5271 0.6647328734397888 0.4446423053741455
5272 0.6630592942237854 0.4788057506084442
5273 0.6664785742759705 0.4571962356567383
5274 0.6675414443016052 0.47176769375801086
5275 0.6508118510246277 0.35361260175704956
5276 0.6527280807495117 0.3787608742713928
5277 0.5499515533447266 0.8424750566482544
5278 0.5296723246574402 0.8360148072242737
5279 0.5273876190185547 0.7972152233123779
5280 0.5455558896064758 0.8132172226905823
5281 0.5658257603645325 0.8183398842811584
5282 0.5436446070671082 0.7758073210716248
5283 0.5620552897453308 0.7912665605545044
5284 0.5262934565544128 0.7609896659851074
5285 0.5104093551635742 0.78074049949646
5286 0.5441566109657288 0.7490209937095642
5287 0.6674746870994568 0.6297207474708557
5288 0.6561941504478455 0.6337661743164062
5289 0.6555624008178711 0.6193438172340393
5290 0.6668199896812439 0.6135815978050232
5291 0.6553811430931091 0.6027545928955078
5292 0.644782304763794 0.6230806708335876
5293 0.6569544672966003 0.6512035727500916
5294 0.644765317440033 0.6564421057701111
5295 0.6442997455596924 0.6389127373695374
5296 0.632423460483551 0.6430530548095703
5297 0.6562952399253845 0.5733974575996399
5298 0.6561846137046814 0.5883941054344177
5299 0.6660338044166565 0.5822011828422546
5300 0.6662654280662537 0.5972538590431213
5301 0.6766944527626038 0.5909785628318787
5302 0.6777835488319397 0.6069002151489258
5303 0.5645809173583984 0.6640663146972656
5304 0.5768246054649353 0.6559624671936035
5305 0.5749120116233826 0.6704205870628357
5306 0.5393996834754944 0.6765017509460449
5307 0.5370211601257324 0.69296795129776
5308 0.5516273975372314 0.6710105538368225
5309 0.549051821231842 0.6875682473182678
5310 0.5469022393226624 0.7057797908782959
5311 0.5452185273170471 0.7258927822113037
5312 0.561972439289093 0.6794378757476807
5313 0.559953510761261 0.6965153217315674
5314 0.558417797088623 0.7139133810997009
5315 0.5592864155769348 0.7358155846595764
5316 0.5612602233886719 0.7617577910423279
5317 0.5722465515136719 0.7208213806152344
5318 0.5738335251808167 0.7444919943809509
5319 0.5734843611717224 0.686066746711731
5320 0.5718033313751221 0.702765941619873
5321 0.5855445265769958 0.7088056206703186
5322 0.5866236686706543 0.7272209525108337
5323 0.5763409733772278 0.7706455588340759
5324 0.581748902797699 0.7956132292747498
5325 0.5939741134643555 0.6191015839576721
5326 0.5918058753013611 0.6316105723381042
5327 0.5823215842247009 0.6293441653251648
5328 0.6032028198242188 0.6185417175292969
5329 0.6013655066490173 0.6329506039619446
5330 0.61179119348526 0.63236403465271
5331 0.6215248107910156 0.6469340920448303
5332 0.6103436946868896 0.6480510234832764
5333 0.5857177376747131 0.6760693192481995
5334 0.5871412754058838 0.6604653000831604
5335 0.5980444550514221 0.662677526473999
5336 0.5971150398254395 0.6788206100463867
5337 0.5793077349662781 0.6420605778694153
5338 0.589354932308197 0.6457421183586121
5339 0.5997157096862793 0.6470732092857361
5340 0.6325998306274414 0.660233736038208
5341 0.6208149790763855 0.6628408432006836
5342 0.6091353297233582 0.6789618730545044
5343 0.6099572777748108 0.6960399150848389
5344 0.5972626805305481 0.6946173310279846
5345 0.5850014686584473 0.6918387413024902
5346 0.5988588929176331 0.7139906287193298
5347 0.6097188591957092 0.6633657813072205
5348 0.6216705441474915 0.6782527565956116
5349 0.6460348963737488 0.6740278601646423
5350 0.633695125579834 0.6776705384254456
5351 0.6119981408119202 0.7157955169677734
5352 0.6151006817817688 0.7351030707359314
5353 0.6012186408042908 0.732847273349762
5354 0.6228464245796204 0.6959081292152405
5355 0.6249458193778992 0.7148585319519043
5356 0.6358705163002014 0.6940876245498657
5357 0.5887646079063416 0.7520571351051331
5358 0.5922273993492126 0.7730591297149658
5359 0.6041357517242432 0.7539949417114258
5360 0.6243461966514587 0.5260363221168518
5361 0.6253290176391602 0.537259042263031
5362 0.6163988709449768 0.5306772589683533
5363 0.6344457268714905 0.5324167609214783
5364 0.6349855065345764 0.5439359545707703
5365 0.6446825861930847 0.5385922789573669
5366 0.6453742384910583 0.5512295365333557
5367 0.6555129885673523 0.545691728591919
5368 0.6560344099998474 0.5594339370727539
5369 0.6420526504516602 0.5143460631370544
5370 0.6436707973480225 0.5264386534690857
5371 0.6333920955657959 0.5211352705955505
5372 0.6311174035072327 0.5090083479881287
5373 0.6228851675987244 0.5148844718933105
5374 0.6532968878746033 0.5191701054573059
5375 0.6546692252159119 0.5321797728538513
5376 0.6571112275123596 0.4867401123046875
5377 0.6487171053886414 0.4945945143699646
5378 0.6451519131660461 0.482723206281662
5379 0.6365196704864502 0.4901480972766876
5380 0.6326622366905212 0.47910982370376587
5381 0.6645320057868958 0.4907779395580292
5382 0.6592169404029846 0.4989047646522522
5383 0.6657662391662598 0.553797721862793
5384 0.6663807034492493 0.5682353973388672
5385 0.6634001135826111 0.5251941084861755
5386 0.6650208830833435 0.5393783450126648
5387 0.672279953956604 0.533420979976654
5388 0.6743517518043518 0.5478106141090393
5389 0.6750369668006897 0.5621560215950012
5390 0.6757084131240845 0.5762940049171448
5391 0.6803770065307617 0.5421388745307922
5392 0.6826858520507812 0.5557438731193542
5393 0.6840115785598755 0.5697515606880188
5394 0.685696005821228 0.583630383014679
5395 0.6880757808685303 0.5491137504577637
5396 0.6909299492835999 0.5618916153907776
5397 0.6396746635437012 0.5021142959594727
5398 0.6283627152442932 0.4973633289337158
5399 0.6513223052024841 0.5067549347877502
5400 0.6615027785301208 0.5115051865577698
5401 0.6669002771377563 0.5031208395957947
5402 0.6698011755943298 0.5180800557136536
5403 0.6746086478233337 0.514397382736206
5404 0.6776258945465088 0.5286770462989807
5405 0.6818308234214783 0.5254895687103271
5406 0.6789756417274475 0.5137268900871277
5407 0.6827272772789001 0.5125332474708557
5408 0.6852415800094604 0.5219070911407471
5409 0.6878165602684021 0.531995952129364
5410 0.6875576376914978 0.5179412961006165
5411 0.6900344491004944 0.5262079834938049
5412 0.6936652660369873 0.535325288772583
5413 0.6915530562400818 0.5205872058868408
5414 0.6948285102844238 0.5274827480316162
5415 0.6996252536773682 0.5360519886016846
5416 0.6967096924781799 0.49452894926071167
5417 0.6994757652282715 0.5260328650474548
5418 0.6593512892723083 0.3776226043701172
5419 0.659985363483429 0.3976020812988281
5420 0.6703495979309082 0.42327195405960083
5421 0.6682430505752563 0.42477938532829285
5422 0.6657168865203857 0.41388559341430664
5423 0.6683248281478882 0.4137045741081238
5424 0.6638607382774353 0.3983190357685089
5425 0.664566695690155 0.37883302569389343
5426 0.6678160429000854 0.38520529866218567
5427 0.6671140193939209 0.4002487361431122
5428 0.6693810820579529 0.4027695655822754
5429 0.6705657243728638 0.4138062000274658
5430 0.6687389612197876 0.48183292150497437
5431 0.6699469089508057 0.4629843533039093
5432 0.6704578399658203 0.4727754294872284
5433 0.6703997254371643 0.49250978231430054
5434 0.6681990623474121 0.4384656250476837
5435 0.6708840727806091 0.4335429072380066
5436 0.6695803999900818 0.4505045413970947
5437 0.6717256903648376 0.4469398856163025
5438 0.6724959015846252 0.4570329487323761
5439 0.6605734825134277 0.352799654006958
5440 0.6594228744506836 0.32448455691337585
5441 0.6728377938270569 0.2714202404022217
5442 0.6749433875083923 0.29837897419929504
5443 0.6663089394569397 0.29505813121795654
5444 0.668400228023529 0.3226298987865448
5445 0.6733874678611755 0.35170650482177734
5446 0.6675450801849365 0.3531419038772583
5447 0.6753687262535095 0.32286515831947327
5448 0.6818751692771912 0.3045702278614044
5449 0.6810742020606995 0.3259946405887604
5450 0.696804940700531 0.3495784401893616
5451 0.7015317678451538 0.3453525900840759
5452 0.7006940245628357 0.3599884510040283
5453 0.6968207955360413 0.3605537712574005
5454 0.7057198882102966 0.3696911633014679
5455 0.7120131254196167 0.3712592124938965
5456 0.7143905162811279 0.3783581256866455
5457 0.7112502455711365 0.37530258297920227
5458 0.7319174408912659 0.4314282238483429
5459 0.7299953103065491 0.4362902343273163
5460 0.7273163199424744 0.4283588230609894
5461 0.7292066216468811 0.422527551651001
5462 0.7308602929115295 0.4147944152355194
5463 0.7265443801879883 0.4149584174156189
5464 0.72757488489151 0.40870529413223267
5465 0.7282178401947021 0.4409494400024414
5466 0.7319451570510864 0.44485801458358765
5467 0.7294919490814209 0.44875791668891907
5468 0.7053685784339905 0.5328290462493896
5469 0.698390007019043 0.49533364176750183
5470 0.7019380927085876 0.49535077810287476
5471 0.710016131401062 0.5245463252067566
5472 0.7017654180526733 0.499176025390625
5473 0.7047513723373413 0.4972439408302307
5474 0.7168530821800232 0.49428054690361023
5475 0.709965169429779 0.496625691652298
5476 0.7134203910827637 0.4957182705402374
5477 0.718733549118042 0.4948735535144806
5478 0.7285436391830444 0.47583624720573425
5479 0.7263312935829163 0.48166128993034363
5480 0.7266506552696228 0.4688754677772522
5481 0.7290066480636597 0.4637465178966522
5482 0.7076122760772705 0.4939282238483429
5483 0.7067041993141174 0.49898597598075867
5484 0.7239024639129639 0.48567748069763184
5485 0.7243637442588806 0.485826313495636
5486 0.7269599437713623 0.4524242579936981
5487 0.7311405539512634 0.45876890420913696
5488 0.7244002819061279 0.39160221815109253
5489 0.7253383994102478 0.3972700238227844
5490 0.7213073372840881 0.3934216797351837
5491 0.7209020853042603 0.3856944739818573
5492 0.7177348136901855 0.38050344586372375
5493 0.7168750762939453 0.38583874702453613
5494 0.7282237410545349 0.4026443660259247
5495 0.7247341871261597 0.40370866656303406
5496 0.7058228850364685 0.3582841157913208
5497 0.7013917565345764 0.36775386333465576
5498 0.6888213157653809 0.2931954562664032
5499 0.6862061023712158 0.31288763880729675
5500 0.682734489440918 0.28079232573509216
5501 0.6805920004844666 0.25491607189178467
5502 0.6664101481437683 0.23690959811210632
5503 0.6580362319946289 0.21562780439853668
5504 0.6356034278869629 0.19903236627578735
5505 0.5930989384651184 0.1682141125202179
5506 0.618441641330719 0.18049347400665283
5507 0.6091392040252686 0.1838778853416443
5508 0.580869734287262 0.1478966474533081
5509 0.5750551223754883 0.15569937229156494
5510 0.5636644959449768 0.141723170876503
5511 0.5526918768882751 0.12516629695892334
5512 0.5484532713890076 0.13590623438358307
5513 0.5318127274513245 0.12551285326480865
5514 0.5202993750572205 0.11316782981157303
5515 0.5173468589782715 0.13218604028224945
5516 0.5061397552490234 0.12428354471921921
5517 0.6915016770362854 0.4083668887615204
5518 0.6925997734069824 0.4131607413291931
5519 0.69014573097229 0.4136553406715393
5520 0.6887487173080444 0.4087061285972595
5521 0.7028518319129944 0.460975706577301
5522 0.7019867897033691 0.46406862139701843
5523 0.700480580329895 0.46361973881721497
5524 0.7014450430870056 0.46023231744766235
5525 0.6913329362869263 0.4832701086997986
5526 0.6889081597328186 0.483558714389801
5527 0.6908209323883057 0.48442986607551575
5528 0.6927101612091064 0.48280543088912964
5529 0.694697380065918 0.48186448216438293
5530 0.6941676735877991 0.48262718319892883
5531 0.6961319446563721 0.48085761070251465
5532 0.6980801224708557 0.47971346974372864
5533 0.6975297331809998 0.4799899458885193
5534 0.6993747353553772 0.4791110157966614
5535 0.7005103826522827 0.47869250178337097
5536 0.7019744515419006 0.47701066732406616
5537 0.7010891437530518 0.47847917675971985
5538 0.7072963714599609 0.46837636828422546
5539 0.7061882615089417 0.47020915150642395
5540 0.7068973183631897 0.4687604606151581
5541 0.7078562378883362 0.4661581814289093
5542 0.7063078284263611 0.4688442349433899
5543 0.707327127456665 0.46637675166130066
5544 0.7057576775550842 0.4707936942577362
5545 0.7029737830162048 0.4755260944366455
5546 0.7027844786643982 0.4755914509296417
5547 0.7038789987564087 0.4740287959575653
5548 0.6858039498329163 0.48316019773483276
5549 0.6868358254432678 0.4825799763202667
5550 0.683982789516449 0.4811280369758606
5551 0.689920961856842 0.44865041971206665
5552 0.6885527968406677 0.4506950080394745
5553 0.6887279748916626 0.4484410285949707
5554 0.6896766424179077 0.44674164056777954
5555 0.6820922493934631 0.4775516986846924
5556 0.6827559471130371 0.4778099060058594
5557 0.6815629005432129 0.47480538487434387
5558 0.681636393070221 0.47140902280807495
5559 0.6813693642616272 0.4688854515552521
5560 0.6814558506011963 0.4715609550476074
5561 0.6854862570762634 0.45351317524909973
5562 0.6809572577476501 0.4589185118675232
5563 0.6795252561569214 0.46233314275741577
5564 0.6797198057174683 0.4583894908428192
5565 0.6882264614105225 0.4468810558319092
5566 0.6867490410804749 0.4483645260334015
5567 0.6869855523109436 0.444957435131073
5568 0.6885982155799866 0.44374558329582214
5569 0.6908331513404846 0.43976348638534546
5570 0.6898775696754456 0.4434194266796112
5571 0.6890057921409607 0.44023486971855164
5572 0.6788211464881897 0.3952537775039673
5573 0.6821510791778564 0.39541932940483093
5574 0.6828784942626953 0.39965322613716125
5575 0.6808676719665527 0.4011726975440979
5576 0.6844654083251953 0.39887574315071106
5577 0.6853079199790955 0.4044061303138733
5578 0.683529257774353 0.40458205342292786
5579 0.6863462924957275 0.409101277589798
5580 0.6874776482582092 0.4038100242614746
5581 0.677362859249115 0.40143200755119324
5582 0.6823615431785583 0.40583017468452454
5583 0.6809638738632202 0.4075937569141388
5584 0.6843495965003967 0.409589558839798
5585 0.6880527138710022 0.41223376989364624
5586 0.6861960887908936 0.4114113450050354
5587 0.6832077503204346 0.41008779406547546
5588 0.687184751033783 0.4972240626811981
5589 0.6893662810325623 0.4969711899757385
5590 0.687682569026947 0.497721403837204
5591 0.6869138479232788 0.49854496121406555
5592 0.6907259225845337 0.49653345346450806
5593 0.691711962223053 0.4954230487346649
5594 0.6924352049827576 0.49559634923934937
5595 0.6941290497779846 0.49379637837409973
5596 0.6949490904808044 0.49451351165771484
5597 0.6931858658790588 0.49552780389785767
5598 0.6907577514648438 0.44417282938957214
5599 0.6891546845436096 0.4461708068847656
5600 0.6877598166465759 0.4498441815376282
5601 0.6859512329101562 0.4545750021934509
5602 0.6859873533248901 0.4581000506877899
5603 0.6824693083763123 0.46441128849983215
5604 0.6818498373031616 0.47384384274482727
5605 0.6819314360618591 0.46909186244010925
5606 0.6829037666320801 0.4698752760887146
5607 0.6826162934303284 0.4753129184246063
5608 0.6829781532287598 0.4816000163555145
5609 0.684995174407959 0.48323267698287964
5610 0.6878844499588013 0.48452016711235046
5611 0.6906447410583496 0.4858240783214569
5612 0.6922482848167419 0.48451167345046997
5613 0.6938162446022034 0.4842226803302765
5614 0.6956018805503845 0.48229625821113586
5615 0.6970342993736267 0.4819135069847107
5616 0.6988577246665955 0.4793911278247833
5617 0.7000634670257568 0.4795401692390442
5618 0.7017330527305603 0.4772343933582306
5619 0.7025670409202576 0.4765608608722687
5620 0.7035800218582153 0.4743337333202362
5621 0.7058298587799072 0.4694299101829529
5622 0.7068467140197754 0.4668221175670624
5623 0.7052985429763794 0.4710354804992676
5624 0.7055320143699646 0.43894246220588684
5625 0.7046390175819397 0.4428982436656952
5626 0.7033053040504456 0.4407324492931366
5627 0.7041665315628052 0.4368892014026642
5628 0.7033762335777283 0.44847843050956726
5629 0.7059435248374939 0.4460398554801941
5630 0.7048079967498779 0.4504881203174591
5631 0.6892241835594177 0.3986670970916748
5632 0.6904850006103516 0.4035434424877167
5633 0.6867827773094177 0.39890438318252563
5634 0.6928668022155762 0.4034319221973419
5635 0.6936498284339905 0.40836241841316223
5636 0.6995202302932739 0.39859649538993835
5637 0.6969189047813416 0.39565181732177734
5638 0.6953182816505432 0.39228928089141846
5639 0.6979767084121704 0.39444291591644287
5640 0.6946645379066467 0.3994036912918091
5641 0.6940200328826904 0.39423778653144836
5642 0.6979318261146545 0.4007027745246887
5643 0.7032594680786133 0.40765830874443054
5644 0.7013221383094788 0.40436649322509766
5645 0.7018506526947021 0.4025511145591736
5646 0.6993938088417053 0.4073917865753174
5647 0.7016384601593018 0.41015195846557617
5648 0.6806442737579346 0.3887925446033478
5649 0.6831915378570557 0.3886803388595581
5650 0.6841592192649841 0.3937912583351135
5651 0.6859521865844727 0.3936445415019989
5652 0.6911844611167908 0.39387795329093933
5653 0.6905269026756287 0.38996461033821106
5654 0.6927284002304077 0.39048150181770325
5655 0.6973662972450256 0.4104609191417694
5656 0.6977072358131409 0.41576215624809265
5657 0.6953316926956177 0.41442063450813293
5658 0.704620897769928 0.4333285689353943
5659 0.7043702602386475 0.4284511208534241
5660 0.7058619856834412 0.4314281642436981
5661 0.7059873938560486 0.43549469113349915
5662 0.7071409225463867 0.4379408657550812
5663 0.7067277431488037 0.44136860966682434
5664 0.7051683068275452 0.45915648341178894
5665 0.706657886505127 0.45527222752571106
5666 0.7073181867599487 0.4581751227378845
5667 0.7063989043235779 0.46164458990097046
5668 0.7096208333969116 0.4571208357810974
5669 0.7086358070373535 0.4612184166908264
5670 0.7084457874298096 0.4575900733470917
5671 0.7093191146850586 0.45389601588249207
5672 0.7077073454856873 0.4444093704223633
5673 0.7070775628089905 0.44865792989730835
5674 0.7079322338104248 0.4617597758769989
5675 0.7082852721214294 0.4545666575431824
5676 0.7068542838096619 0.4303513169288635
5677 0.7067895531654358 0.42619794607162476
5678 0.7082858681678772 0.4294353127479553
5679 0.7082642912864685 0.4336566925048828
5680 0.7100577354431152 0.44342848658561707
5681 0.7095851302146912 0.4472491443157196
5682 0.7088782787322998 0.4437752366065979
5683 0.709176778793335 0.4402009844779968
5684 0.7083202600479126 0.43719810247421265
5685 0.7101253867149353 0.43648025393486023
5686 0.7085581421852112 0.44787243008613586
5687 0.7080633640289307 0.4406309127807617
5688 0.7071289420127869 0.4344150424003601
5689 0.7054265737533569 0.42722848057746887
5690 0.6996322274208069 0.41273263096809387
5691 0.6956952810287476 0.4043125808238983
5692 0.6923768520355225 0.39867451786994934
5693 0.6885820031166077 0.3936598002910614
5694 0.6876955032348633 0.3892809748649597
5695 0.6852570176124573 0.38869211077690125
5696 0.7103720307350159 0.43269020318984985
5697 0.7086744904518127 0.42489075660705566
5698 0.710597038269043 0.4282270073890686
5699 0.7108094692230225 0.43963125348091125
5700 0.7115959525108337 0.44288134574890137
5701 0.7105249762535095 0.44663211703300476
5702 0.7098259329795837 0.45714423060417175
5703 0.7093101739883423 0.46039697527885437
5704 0.7099846601486206 0.45346662402153015
5705 0.7116642594337463 0.4355790615081787
5706 0.6800296306610107 0.38360878825187683
5707 0.6784091591835022 0.3886520564556122
5708 0.6780925393104553 0.3831773102283478
5709 0.6778028011322021 0.43210548162460327
5710 0.6775984168052673 0.42980027198791504
5711 0.6775754690170288 0.4295416474342346
5712 0.6778028011322021 0.43210548162460327
5713 0.674220085144043 0.42864418029785156
5714 0.6758823990821838 0.42919039726257324
5715 0.6769189238548279 0.4317393898963928
5716 0.6758190393447876 0.43279844522476196
5717 0.6744293570518494 0.41689279675483704
5718 0.6758790016174316 0.4185123145580292
5719 0.6766073703765869 0.42226722836494446
5720 0.675597608089447 0.42191842198371887
5721 0.6773291230201721 0.4310702979564667
5722 0.6760327816009521 0.42684105038642883
5723 0.6768427491188049 0.4259417653083801
5724 0.6744447350502014 0.4222472012042999
5725 0.6772611141204834 0.42599841952323914
5726 0.6776161193847656 0.43000051379203796
5727 0.6770122051239014 0.42319175601005554
5728 0.6773104667663574 0.4265541732311249
5729 0.6742749214172363 0.4348173141479492
5730 0.6780170202255249 0.43599656224250793
5731 0.6756568551063538 0.4381689429283142
5732 0.6873927712440491 0.44184616208076477
5733 0.6870296001434326 0.4390367865562439
5734 0.6887930631637573 0.43644097447395325
5735 0.6776586174964905 0.4304799437522888
5736 0.6773573160171509 0.4270833134651184
5737 0.677605152130127 0.42987748980522156
5738 0.6735162138938904 0.46528884768486023
5739 0.6741576194763184 0.4525158107280731
5740 0.6750690937042236 0.45948001742362976
5741 0.6747032403945923 0.4433465600013733
5742 0.6739831566810608 0.4411611557006836
5743 0.6777544617652893 0.4410567879676819
5744 0.6824891567230225 0.3833918571472168
5745 0.6842377185821533 0.3839226961135864
5746 0.6817742586135864 0.3773753345012665
5747 0.6823582649230957 0.3702208697795868
5748 0.6847565174102783 0.371764212846756
5749 0.6839562058448792 0.37829679250717163
5750 0.6797072887420654 0.3766127824783325
5751 0.6858863830566406 0.360591858625412
5752 0.6883187890052795 0.36745575070381165
5753 0.6868447661399841 0.37316060066223145
5754 0.6777988076210022 0.43215250968933105
5755 0.6776511669158936 0.43390920758247375
5756 0.6777827739715576 0.4323432445526123
5757 0.677671492099762 0.43410375714302063
5758 0.6777634024620056 0.43257397413253784
5759 0.6778028011322021 0.43210548162460327
5760 0.6780904531478882 0.434059202671051
5761 0.6790328621864319 0.44628027081489563
5762 0.6787283420562744 0.4428717792034149
5763 0.6791553497314453 0.4408676326274872
5764 0.678968071937561 0.4429629147052765
5765 0.6779393553733826 0.43620869517326355
5766 0.6779321432113647 0.43845123052597046
5767 0.6783066391944885 0.4364981949329376
5768 0.6779428124427795 0.43889614939689636
5769 0.6766586303710938 0.44470125436782837
5770 0.6780286431312561 0.44193121790885925
5771 0.6782518029212952 0.4456128478050232
5772 0.6783055663108826 0.4371757507324219
5773 0.6812548041343689 0.46871525049209595
5774 0.6817591190338135 0.4750487506389618
5775 0.6810761094093323 0.47218939661979675
5776 0.6787285208702087 0.4579157829284668
5777 0.6803619861602783 0.4544965922832489
5778 0.6789737343788147 0.46152883768081665
5779 0.6785697937011719 0.45359155535697937
5780 0.6785378456115723 0.4577775299549103
5781 0.6790034770965576 0.46178367733955383
5782 0.6785454154014587 0.4578421413898468
5783 0.6778254508972168 0.4632549583911896
5784 0.6772267818450928 0.45873281359672546
5785 0.6780075430870056 0.4532144069671631
5786 0.6763033866882324 0.45391252636909485
5787 0.6759722232818604 0.46488115191459656
5788 0.6849040985107422 0.44692379236221313
5789 0.684932291507721 0.4438689053058624
5790 0.6784460544586182 0.4758353531360626
5791 0.6792259812355042 0.4707517623901367
5792 0.6799585819244385 0.47370436787605286
5793 0.6798827648162842 0.47839921712875366
5794 0.6966705322265625 0.4925242066383362
5795 0.697380006313324 0.4935179054737091
5796 0.6954934597015381 0.49506208300590515
5797 0.7012424468994141 0.4787914454936981
5798 0.69997239112854 0.4789430797100067
5799 0.7020161151885986 0.4771101176738739
5800 0.703468382358551 0.4760432541370392
5801 0.7040671706199646 0.47371774911880493
5802 0.705223023891449 0.4798988997936249
5803 0.7041306495666504 0.48152419924736023
5804 0.7049874663352966 0.47858116030693054
5805 0.7067112326622009 0.47768494486808777
5806 0.6847733855247498 0.4942617118358612
5807 0.6869216561317444 0.49368852376937866
5808 0.6899313926696777 0.4947223663330078
5809 0.6792645454406738 0.484618604183197
5810 0.6818115711212158 0.48357370495796204
5811 0.6844072341918945 0.48888689279556274
5812 0.6821150779724121 0.48940378427505493
5813 0.6845643520355225 0.4813184142112732
5814 0.6825128197669983 0.47894686460494995
5815 0.6845274567604065 0.48447757959365845
5816 0.6820831298828125 0.4811563193798065
5817 0.7027175426483154 0.48362618684768677
5818 0.701631486415863 0.4842486083507538
5819 0.7022160887718201 0.48160049319267273
5820 0.7037023901939392 0.48402002453804016
5821 0.7022996544837952 0.4886758327484131
5822 0.701059103012085 0.48755213618278503
5823 0.6989109516143799 0.48148414492607117
5824 0.6967001557350159 0.48144102096557617
5825 0.691536545753479 0.48413556814193726
5826 0.689757764339447 0.48377376794815063
5827 0.6931176781654358 0.4830074608325958
5828 0.687225878238678 0.4833943247795105
5829 0.6870726943016052 0.4878549873828888
5830 0.6896928548812866 0.49124854803085327
5831 0.6915015578269958 0.48918840289115906
5832 0.6896776556968689 0.48773667216300964
5833 0.6914849877357483 0.48634129762649536
5834 0.6935245990753174 0.48774248361587524
5835 0.691433846950531 0.49232834577560425
5836 0.693059504032135 0.4931367039680481
5837 0.6872656345367432 0.4852125644683838
5838 0.6951366662979126 0.48312684893608093
5839 0.6946234107017517 0.4907396137714386
5840 0.6957383155822754 0.491665780544281
5841 0.6995800733566284 0.4860124886035919
5842 0.6978248953819275 0.486366331577301
5843 0.6997323036193848 0.4839482009410858
5844 0.6981344819068909 0.4896382987499237
5845 0.6989352703094482 0.4905736446380615
5846 0.6970610022544861 0.48862940073013306
5847 0.6933413147926331 0.48976510763168335
5848 0.6955041885375977 0.4876806437969208
5849 0.6955813765525818 0.48584413528442383
5850 0.6872376203536987 0.45795732736587524
5851 0.6861552596092224 0.46166539192199707
5852 0.6870107054710388 0.4555467963218689
5853 0.6932488679885864 0.4429650604724884
5854 0.6914652585983276 0.44589799642562866
5855 0.6922779679298401 0.44087743759155273
5856 0.6920294761657715 0.4489572048187256
5857 0.6902080178260803 0.4514298141002655
5858 0.6887491941452026 0.45630934834480286
5859 0.6888145804405212 0.4584467113018036
5860 0.6876007318496704 0.4595496654510498
5861 0.6864296197891235 0.46381595730781555
5862 0.6880306601524353 0.4604470729827881
5863 0.6934452652931213 0.4379807114601135
5864 0.6918501853942871 0.43648120760917664
5865 0.7007250189781189 0.44226911664009094
5866 0.6977783441543579 0.4480164349079132
5867 0.6982412338256836 0.44274070858955383
5868 0.7002754807472229 0.43890950083732605
5869 0.6962209343910217 0.45247289538383484
5870 0.6937988996505737 0.4542284309864044
5871 0.6955196857452393 0.4506065547466278
5872 0.6885117292404175 0.4607376456260681
5873 0.6901593804359436 0.45932504534721375
5874 0.688141405582428 0.466298371553421
5875 0.6869898438453674 0.4664880931377411
5876 0.6840959191322327 0.4675416648387909
5877 0.6844581961631775 0.469952791929245
5878 0.7016855478286743 0.4465638995170593
5879 0.7021751403808594 0.43829864263534546
5880 0.6794288158416748 0.41183996200561523
5881 0.6811313033103943 0.41105061769485474
5882 0.680934488773346 0.41202110052108765
5883 0.6792519092559814 0.41192197799682617
5884 0.6828851103782654 0.41176265478134155
5885 0.6818260550498962 0.41072848439216614
5886 0.6831424236297607 0.4108791947364807
5887 0.6838746666908264 0.4103831946849823
5888 0.6853160262107849 0.41255706548690796
5889 0.6844047904014587 0.41263654828071594
5890 0.6864134073257446 0.41260141134262085
5891 0.6879534721374512 0.4164602756500244
5892 0.687423825263977 0.4164486229419708
5893 0.6893702149391174 0.4182824492454529
5894 0.6896091103553772 0.41669392585754395
5895 0.6902875900268555 0.41870883107185364
5896 0.7013121247291565 0.4354662597179413
5897 0.6994257569313049 0.43579721450805664
5898 0.6999855637550354 0.431686669588089
5899 0.6932563781738281 0.4231622517108917
5900 0.6922064423561096 0.4204351603984833
5901 0.693491518497467 0.4196620583534241
5902 0.69464111328125 0.4228892922401428
5903 0.69805908203125 0.4301914572715759
5904 0.6975155472755432 0.4263639450073242
5905 0.6991057991981506 0.42870375514030457
5906 0.7073459029197693 0.4745134711265564
5907 0.7089180946350098 0.4734099209308624
5908 0.7077449560165405 0.47614720463752747
5909 0.7057061791419983 0.4723300635814667
5910 0.7049939632415771 0.4721846878528595
5911 0.7046886682510376 0.4725283980369568
5912 0.7042120695114136 0.4731428921222687
5913 0.7086979150772095 0.4631183445453644
5914 0.7083257436752319 0.46363550424575806
5915 0.707692563533783 0.4640970826148987
5916 0.7072217464447021 0.46463197469711304
5917 0.7100720405578613 0.45020192861557007
5918 0.7107401490211487 0.4499489963054657
5919 0.7089954614639282 0.4508090317249298
5920 0.7078624367713928 0.45148447155952454
5921 0.7057331800460815 0.4526650905609131
5922 0.7024998068809509 0.4258233904838562
5923 0.701587438583374 0.4220126271247864
5924 0.7037115693092346 0.42437559366226196
5925 0.7050376534461975 0.42305701971054077
5926 0.7030358910560608 0.4202542304992676
5927 0.7042948007583618 0.4179052710533142
5928 0.7065706849098206 0.4218295216560364
5929 0.7059684991836548 0.417194664478302
5930 0.708409309387207 0.42030006647109985
5931 0.6981490850448608 0.4813794493675232
5932 0.6985058188438416 0.47659116983413696
5933 0.7004418969154358 0.4766816794872284
5934 0.6969547271728516 0.4724598526954651
5935 0.6970503330230713 0.47465088963508606
5936 0.6959011554718018 0.47542569041252136
5937 0.6952715516090393 0.4735829532146454
5938 0.6930808424949646 0.47200727462768555
5939 0.6950382590293884 0.4702949523925781
5940 0.6938055753707886 0.47475266456604004
5941 0.6916775107383728 0.4732148349285126
5942 0.6908285617828369 0.4708261787891388
5943 0.692356526851654 0.46886035799980164
5944 0.6903323531150818 0.4738903343677521
5945 0.6882371306419373 0.47363990545272827
5946 0.6891024112701416 0.46979856491088867
5947 0.6890461444854736 0.4774961769580841
5948 0.6869601607322693 0.47255584597587585
5949 0.6869745850563049 0.469440758228302
5950 0.6899281144142151 0.46576905250549316
5951 0.703048825263977 0.4889259934425354
5952 0.6995453238487244 0.4915878474712372
5953 0.6998865604400635 0.49278882145881653
5954 0.6974406838417053 0.4956079125404358
5955 0.7073317170143127 0.4856715798377991
5956 0.7001720666885376 0.4681749641895294
5957 0.6973046660423279 0.4703388512134552
5958 0.7060800194740295 0.4916594624519348
5959 0.7039785981178284 0.48952215909957886
5960 0.7037815451622009 0.4975419342517853
5961 0.7045101523399353 0.48502686619758606
5962 0.7054428458213806 0.48555904626846313
5963 0.7075140476226807 0.4816332459449768
5964 0.7095800042152405 0.48192718625068665
5965 0.7060956954956055 0.4805915653705597
5966 0.7094278335571289 0.4771883487701416
5967 0.7039591073989868 0.4136026203632355
5968 0.7049373984336853 0.4117138385772705
5969 0.7020565271377563 0.4158366024494171
5970 0.70023512840271 0.41785547137260437
5971 0.6984444260597229 0.4182918071746826
5972 0.676663339138031 0.38178378343582153
5973 0.6768456101417542 0.37574946880340576
5974 0.6780035495758057 0.3761412799358368
5975 0.679531991481781 0.3676728904247284
5976 0.6804662942886353 0.3687378168106079
5977 0.6863866448402405 0.37916067242622375
5978 0.6867650747299194 0.38329532742500305
5979 0.6893177032470703 0.37419506907463074
5980 0.6888563632965088 0.3799145519733429
5981 0.6895741820335388 0.3842141330242157
5982 0.6920403838157654 0.3803509473800659
5983 0.6920608282089233 0.3855609893798828
5984 0.6945708990097046 0.3871593177318573
5985 0.6972545385360718 0.4674358069896698
5986 0.7048985958099365 0.49874716997146606
5987 0.6987233757972717 0.4973921775817871
5988 0.6965184807777405 0.49534350633621216
5989 0.694671094417572 0.4948740303516388
5990 0.6922886371612549 0.49535131454467773
5991 0.6859357357025146 0.5118220448493958
5992 0.6816472411155701 0.5065481662750244
5993 0.6740351915359497 0.5000009536743164
5994 0.6781570911407471 0.5040506720542908
5995 0.6791029572486877 0.45401713252067566
5996 0.6789618134498596 0.4614258408546448
5997 0.680662214756012 0.4691600501537323
5998 0.6810389757156372 0.4764094352722168
5999 0.6846294403076172 0.4825119376182556
6000 0.6898536682128906 0.485199898481369
6001 0.6933063864707947 0.48489540815353394
6002 0.6974635720252991 0.4837135970592499
6003 0.701177179813385 0.48123833537101746
6004 0.7028775811195374 0.4786851704120636
6005 0.7054105401039124 0.47542840242385864
6006 0.7075107097625732 0.471115380525589
6007 0.708763837814331 0.4664292335510254
6008 0.7087332010269165 0.4701390266418457
6009 0.7105605602264404 0.46404626965522766
6010 0.7103724479675293 0.46043652296066284
6011 0.7115373015403748 0.4575614631175995
6012 0.7111988663673401 0.4535839855670929
6013 0.7123585343360901 0.4463462829589844
6014 0.7127847671508789 0.44997304677963257
6015 0.7129955887794495 0.4423384964466095
6016 0.7125806212425232 0.4389479458332062
6017 0.7130302786827087 0.4345834255218506
6018 0.7122137546539307 0.43157103657722473
6019 0.710601806640625 0.4234502613544464
6020 0.7123657464981079 0.42651134729385376
6021 0.7081465721130371 0.4154336154460907
6022 0.7103376388549805 0.41828685998916626
6023 0.7074207663536072 0.40931013226509094
6024 0.7039757370948792 0.40559011697769165
6025 0.7031612396240234 0.3994957208633423
6026 0.7005344033241272 0.3972955048084259
6027 0.7001553177833557 0.391223669052124
6028 0.6975047588348389 0.38902705907821655
6029 0.6964859366416931 0.3840971291065216
6030 0.6942358613014221 0.3822770118713379
6031 0.6916391849517822 0.37538671493530273
6032 0.693583607673645 0.3773779571056366
6033 0.6920291185379028 0.37151476740837097
6034 0.6903935074806213 0.36876556277275085
6035 0.6891036033630371 0.35996749997138977
6036 0.6905581951141357 0.365095853805542
6037 0.6934882402420044 0.4786309599876404
6038 0.6952385902404785 0.4831254482269287
6039 0.6922846436500549 0.48481419682502747
6040 0.6907678246498108 0.4773704707622528
6041 0.6961804032325745 0.47835713624954224
6042 0.6986002922058105 0.4745102524757385
6043 0.6969050765037537 0.4764156937599182
6044 0.6923703551292419 0.4760775864124298
6045 0.6947740316390991 0.47687846422195435
6046 0.68964684009552 0.35728442668914795
6047 0.6906338930130005 0.36004936695098877
6048 0.6880072355270386 0.3580629527568817
6049 0.6872050762176514 0.3566601574420929
6050 0.6845036149024963 0.36038434505462646
6051 0.6833301186561584 0.3622594475746155
6052 0.675926148891449 0.3777441680431366
6053 0.6768561601638794 0.3709392547607422
6054 0.6788662672042847 0.3680034875869751
6055 0.6749797463417053 0.3755645751953125
6056 0.6756159067153931 0.36566638946533203
6057 0.6790139675140381 0.36246946454048157
6058 0.6814584732055664 0.3592839539051056
6059 0.6825013160705566 0.361956387758255
6060 0.6820104122161865 0.3479330539703369
6061 0.6840024590492249 0.3482476472854614
6062 0.6886465549468994 0.3469352424144745
6063 0.6875938773155212 0.34246060252189636
6064 0.690363883972168 0.331532746553421
6065 0.6909488439559937 0.3404276371002197
6066 0.6977981925010681 0.33646440505981445
6067 0.6934928297996521 0.35265424847602844
6068 0.6939331293106079 0.34312331676483154
6069 0.7037012577056885 0.3687875270843506
6070 0.711437463760376 0.3847801983356476
6071 0.7093627452850342 0.3814256191253662
6072 0.7001551985740662 0.3682199716567993
6073 0.6980389952659607 0.3662533164024353
6074 0.6956446170806885 0.36518141627311707
6075 0.6938300132751465 0.36128562688827515
6076 0.6942106485366821 0.3315523862838745
6077 0.6908522844314575 0.34849193692207336
6078 0.6921353340148926 0.361176997423172
6079 0.6912655830383301 0.35534146428108215
6080 0.6855698227882385 0.3509802520275116
6081 0.6861438751220703 0.33659791946411133
6082 0.6865096688270569 0.3542039394378662
6083 0.6889760494232178 0.3527340590953827
6084 0.702793538570404 0.4348244071006775
6085 0.7029470801353455 0.4303724467754364
6086 0.7006415724754333 0.4314499497413635
6087 0.6955699324607849 0.42578452825546265
6088 0.6961805820465088 0.4234723448753357
6089 0.6995826363563538 0.4285230338573456
6090 0.6976306438446045 0.4260654151439667
6091 0.698859453201294 0.42434024810791016
6092 0.6947203278541565 0.42086103558540344
6093 0.6963505744934082 0.42272233963012695
6094 0.6958562135696411 0.4178324043750763
6095 0.6935047507286072 0.41782018542289734
6096 0.6920778751373291 0.4166794419288635
6097 0.690492570400238 0.4151920676231384
6098 0.6773781776428223 0.4253992438316345
6099 0.6775730848312378 0.42752009630203247
6100 0.6772103905677795 0.4254264235496521
6101 0.6770376563072205 0.4234777092933655
6102 0.6869417428970337 0.424333781003952
6103 0.6878051161766052 0.43044379353523254
6104 0.6851662993431091 0.43353843688964844
6105 0.6783204674720764 0.43090084195137024
6106 0.6901383399963379 0.4289800822734833
6107 0.6907839179039001 0.43378353118896484
6108 0.692394495010376 0.4317927956581116
6109 0.693482518196106 0.43287280201911926
6110 0.6902474761009216 0.42075103521347046
6111 0.6889628767967224 0.42020872235298157
6112 0.6876893639564514 0.4180719554424286
6113 0.6933817863464355 0.4262996017932892
6114 0.6921449303627014 0.423812597990036
6115 0.6941805481910706 0.4255971610546112
6116 0.6977466344833374 0.4334230422973633
6117 0.6959254741668701 0.43264177441596985
6118 0.6961041688919067 0.4291906952857971
6119 0.6977994441986084 0.4394069314002991
6120 0.6964229941368103 0.43683692812919617
6121 0.6964082717895508 0.44612985849380493
6122 0.696111798286438 0.4423651397228241
6123 0.6936008930206299 0.45299771428108215
6124 0.6944103837013245 0.4494383633136749
6125 0.6891775131225586 0.45941489934921265
6126 0.6904974579811096 0.45780062675476074
6127 0.6874599456787109 0.46404412388801575
6128 0.6833609938621521 0.4669416546821594
6129 0.6812910437583923 0.46709200739860535
6130 0.6804049015045166 0.4674549698829651
6131 0.6801666617393494 0.4671017825603485
6132 0.6798786520957947 0.4666745364665985
6133 0.6781998872756958 0.4670896828174591
6134 0.6774434447288513 0.47285178303718567
6135 0.6766271591186523 0.4692521095275879
6136 0.6753119826316833 0.48092320561408997
6137 0.6743572950363159 0.47186946868896484
6138 0.672996997833252 0.4830920994281769
6139 0.6856890320777893 0.4202365577220917
6140 0.677688717842102 0.42982959747314453
6141 0.6872201561927795 0.4204697906970978
6142 0.6895546317100525 0.4237830936908722
6143 0.6945632696151733 0.42806118726730347
6144 0.6948872208595276 0.43483301997184753
6145 0.6943442821502686 0.43106701970100403
6146 0.6950467824935913 0.43948644399642944
6147 0.6941320896148682 0.44570061564445496
6148 0.6923840045928955 0.4523141086101532
6149 0.6902380585670471 0.4571942687034607
6150 0.6930566430091858 0.4287356734275818
6151 0.6911426186561584 0.42386394739151
6152 0.6912689805030823 0.42115968465805054
6153 0.690877377986908 0.41794297099113464
6154 0.688273012638092 0.41450950503349304
6155 0.684817910194397 0.410800963640213
6156 0.6827687621116638 0.4102914035320282
6157 0.6799869537353516 0.40977293252944946
6158 0.6761494278907776 0.40431398153305054
6159 0.6753659248352051 0.4080210030078888
6160 0.6725940108299255 0.41533252596855164
6161 0.671825647354126 0.40679094195365906
6162 0.6736293435096741 0.4096145033836365
6163 0.6725723743438721 0.4224989414215088
6164 0.6726185083389282 0.43010494112968445
6165 0.672429084777832 0.43928617238998413
6166 0.6734449863433838 0.4454839825630188
6167 0.6754078269004822 0.44836142659187317
6168 0.6771722435951233 0.4490838348865509
6169 0.6785463690757751 0.4496099650859833
6170 0.6792526841163635 0.4501047432422638
6171 0.6917186379432678 0.4278363883495331
6172 0.6920389533042908 0.45836693048477173
6173 0.692023515701294 0.4560161232948303
6174 0.6918759942054749 0.45533233880996704
6175 0.6904534697532654 0.4545741677284241
6176 0.688477098941803 0.4535570740699768
6177 0.6872187256813049 0.45258215069770813
6178 0.6864953637123108 0.45154517889022827
6179 0.6852710247039795 0.45036888122558594
6180 0.6807694435119629 0.45061561465263367
6181 0.7007522583007812 0.47442108392715454
6182 0.7030009627342224 0.4747372269630432
6183 0.7026205658912659 0.47183483839035034
6184 0.7046667337417603 0.47140979766845703
6185 0.704225480556488 0.4685654938220978
6186 0.7061550617218018 0.4673304855823517
6187 0.7051425576210022 0.46433764696121216
6188 0.6988286972045898 0.4516761004924774
6189 0.7018084526062012 0.4530804753303528
6190 0.6970710754394531 0.4570176303386688
6191 0.6944556832313538 0.45752981305122375
6192 0.7002119421958923 0.45764538645744324
6193 0.6983425617218018 0.4635453522205353
6194 0.695988118648529 0.4637003540992737
6195 0.6931636333465576 0.4641105830669403
6196 0.6995325684547424 0.4668411612510681
6197 0.6975875496864319 0.46705368161201477
6198 0.7026881575584412 0.4669732451438904
6199 0.7039010524749756 0.46621161699295044
6200 0.7025645971298218 0.4693599343299866
6201 0.6990475058555603 0.4697398841381073
6202 0.7012857794761658 0.46695542335510254
6203 0.7009017467498779 0.46953344345092773
6204 0.7007451057434082 0.47202008962631226
6205 0.6836842894554138 0.4366758465766907
6206 0.682924211025238 0.4395885169506073
6207 0.6809362173080444 0.4387478828430176
6208 0.680049479007721 0.4354667663574219
6209 0.6803399324417114 0.4407861530780792
6210 0.6795029640197754 0.43938592076301575
6211 0.6788391470909119 0.4364979565143585
6212 0.679590106010437 0.4425146281719208
6213 0.6818794012069702 0.44217321276664734
6214 0.6807428002357483 0.44397643208503723
6215 0.6843404173851013 0.4401305019855499
6216 0.683395504951477 0.4424223303794861
6217 0.6796335577964783 0.44475170969963074
6218 0.6792120337486267 0.4409799575805664
6219 0.6782650947570801 0.435848206281662
6220 0.6822370886802673 0.44504353404045105
6221 0.6803964972496033 0.4478587508201599
6222 0.685148298740387 0.44140005111694336
6223 0.6783666014671326 0.4338221549987793
6224 0.6779589056968689 0.43209078907966614
6225 0.6799935698509216 0.43319347500801086
6226 0.6854374408721924 0.43713948130607605
6227 0.6774348616600037 0.42795684933662415
6228 0.6845952272415161 0.41573235392570496
6229 0.6869153380393982 0.41792771220207214
6230 0.6853718161582947 0.4143086075782776
6231 0.683268129825592 0.41344740986824036
6232 0.6842844486236572 0.41397592425346375
6233 0.6836538910865784 0.412793904542923
6234 0.6824631690979004 0.41280266642570496
6235 0.676909863948822 0.4220365881919861
6236 0.6993485689163208 0.4573533236980438
6237 0.7000734806060791 0.45440179109573364
6238 0.6999931931495667 0.4518931210041046
6239 0.6995290517807007 0.45529845356941223
6240 0.700530469417572 0.44597646594047546
6241 0.7227281332015991 0.4387969970703125
6242 0.7224256992340088 0.434080570936203
6243 0.7239236235618591 0.4388006329536438
6244 0.7222446799278259 0.4239144027233124
6245 0.7204685807228088 0.4171428978443146
6246 0.7195656299591064 0.4121701717376709
6247 0.722903847694397 0.4159160256385803
6248 0.7221051454544067 0.42908042669296265
6249 0.7238607406616211 0.4287065863609314
6250 0.7255092263221741 0.42297178506851196
6251 0.7256810665130615 0.43355196714401245
6252 0.7239174246788025 0.40976473689079285
6253 0.7261295914649963 0.44730639457702637
6254 0.7243799567222595 0.4555957317352295
6255 0.6991171836853027 0.45866626501083374
6256 0.6986480355262756 0.4593760371208191
6257 0.6982017159461975 0.46053364872932434
6258 0.6999959945678711 0.44955068826675415
6259 0.7005285620689392 0.4485216438770294
6260 0.7008824944496155 0.4577818214893341
6261 0.7023586630821228 0.45496609807014465
6262 0.7014212012290955 0.4515637755393982
6263 0.701714277267456 0.4452189803123474
6264 0.7026939988136292 0.4484069049358368
6265 0.7221440672874451 0.43393898010253906
6266 0.7211005687713623 0.4386715292930603
6267 0.7217913866043091 0.42418617010116577
6268 0.7205401659011841 0.4288327395915985
6269 0.7193393707275391 0.4129932224750519
6270 0.7196873426437378 0.41840025782585144
6271 0.6982235908508301 0.4604511857032776
6272 0.6993264555931091 0.45923787355422974
6273 0.6995558738708496 0.46173954010009766
6274 0.7012572288513184 0.4599282443523407
6275 0.6977586150169373 0.4637300968170166
6276 0.6998072862625122 0.46498891711235046
6277 0.7187328338623047 0.39773818850517273
6278 0.7181416153907776 0.39243027567863464
6279 0.7207326889038086 0.3998050391674042
6280 0.7181430459022522 0.40291160345077515
6281 0.7159692049026489 0.3995160758495331
6282 0.7163485884666443 0.39468881487846375
6283 0.7141203284263611 0.3897738456726074
6284 0.7143981456756592 0.39516371488571167
6285 0.7122178673744202 0.3916740417480469
6286 0.7200862169265747 0.40607160329818726
6287 0.7180948853492737 0.40842053294181824
6288 0.7169275879859924 0.4041306674480438
6289 0.7154096961021423 0.40047508478164673
6290 0.7177785634994507 0.4087338447570801
6291 0.7029904127120972 0.39346420764923096
6292 0.6991214752197266 0.38570430874824524
6293 0.7024803757667542 0.386888325214386
6294 0.7062844038009644 0.40204140543937683
6295 0.7058276534080505 0.39508914947509766
6296 0.7121963500976562 0.42087578773498535
6297 0.7143620848655701 0.4240429103374481
6298 0.7141050100326538 0.4296378791332245
6299 0.7119250893592834 0.46163296699523926
6300 0.7129860520362854 0.453691691160202
6301 0.7140581607818604 0.45739835500717163
6302 0.7150258421897888 0.43254777789115906
6303 0.7138596177101135 0.43751880526542664
6304 0.7150620818138123 0.44019055366516113
6305 0.7143594026565552 0.44621941447257996
6306 0.7055665254592896 0.3842919170856476
6307 0.7057675719261169 0.38930705189704895
6308 0.7015982270240784 0.3814091682434082
6309 0.7105270028114319 0.4679858386516571
6310 0.710011899471283 0.4715273678302765
6311 0.7119821906089783 0.4654068350791931
6312 0.7150311470031738 0.44971489906311035
6313 0.7104130983352661 0.4124477505683899
6314 0.7123299241065979 0.4150979518890381
6315 0.7125348448753357 0.4692261517047882
6316 0.7128994464874268 0.4739892780780792
6317 0.7148848176002502 0.4633480906486511
6318 0.715895414352417 0.45316749811172485
6319 0.7167558073997498 0.4577469229698181
6320 0.7168799042701721 0.4458320140838623
6321 0.7174375057220459 0.44915226101875305
6322 0.7159861922264099 0.4353097081184387
6323 0.7173784971237183 0.4396665394306183
6324 0.7161226868629456 0.4277940094470978
6325 0.7168557643890381 0.4308927357196808
6326 0.7140297293663025 0.41751933097839355
6327 0.7161610126495361 0.42200997471809387
6328 0.7124468088150024 0.409444123506546
6329 0.7139899730682373 0.41221147775650024
6330 0.7149010300636292 0.4668636620044708
6331 0.7097936868667603 0.40588852763175964
6332 0.7088994979858398 0.3992185592651367
6333 0.7085346579551697 0.39342018961906433
6334 0.711990475654602 0.40348103642463684
6335 0.6921619772911072 0.36305785179138184
6336 0.6937995553016663 0.36663103103637695
6337 0.6924175024032593 0.36831074953079224
6338 0.6939807534217834 0.3739793598651886
6339 0.6943061351776123 0.3715794086456299
6340 0.6973509192466736 0.37185338139533997
6341 0.6992748975753784 0.37364041805267334
6342 0.7017476558685303 0.37854549288749695
6343 0.6997166275978088 0.37582752108573914
6344 0.6987338662147522 0.3800967037677765
6345 0.6976536512374878 0.3752286732196808
6346 0.6958024501800537 0.37507379055023193
6347 0.6957951188087463 0.37904369831085205
6348 0.7018622756004333 0.4630872905254364
6349 0.7037802338600159 0.46085602045059204
6350 0.7030658721923828 0.4584822356700897
6351 0.7047138810157776 0.4561377167701721
6352 0.7037133574485779 0.4520852565765381
6353 0.7038878798484802 0.4452067017555237
6354 0.7049859762191772 0.44874829053878784
6355 0.7195380926132202 0.4337000250816345
6356 0.7188782095909119 0.438977986574173
6357 0.7196804285049438 0.42504337430000305
6358 0.7186000347137451 0.42932674288749695
6359 0.7175440192222595 0.4141041934490204
6360 0.7176083922386169 0.4202112853527069
6361 0.7150583267211914 0.46985575556755066
6362 0.7171836495399475 0.4646187126636505
6363 0.7181167006492615 0.4522864818572998
6364 0.7187211513519287 0.4449160397052765
6365 0.7176769971847534 0.4338562786579132
6366 0.7178658843040466 0.42648595571517944
6367 0.7156142592430115 0.4155905544757843
6368 0.7022790312767029 0.46646302938461304
6369 0.6955850124359131 0.3707919418811798
6370 0.6958068609237671 0.36690765619277954
6371 0.7065514922142029 0.3855237364768982
6372 0.7082128524780273 0.3886427581310272
6373 0.7107072472572327 0.392743855714798
6374 0.7113581299781799 0.3975876569747925
6375 0.6936596632003784 0.36429309844970703
6376 0.6975482702255249 0.3678586483001709
6377 0.7015072107315063 0.3754288852214813
6378 0.709345281124115 0.38932231068611145
6379 0.7156567573547363 0.4097325801849365
6380 0.715877890586853 0.4045566916465759
6381 0.7139226198196411 0.40161779522895813
6382 0.7131057381629944 0.3966872990131378
6383 0.7141503691673279 0.4069816768169403
6384 0.6721581816673279 0.3824939429759979
6385 0.6701457500457764 0.39207932353019714
6386 0.6719157695770264 0.3713862895965576
6387 0.6784878373146057 0.34888216853141785
6388 0.6835466623306274 0.3315989673137665
6389 0.6887522339820862 0.3226030170917511
6390 0.6847677230834961 0.5367746949195862
6391 0.6916248798370361 0.5421190857887268
6392 0.7031435370445251 0.45467421412467957
6393 0.7041102051734924 0.4564189612865448
6394 0.704155683517456 0.4622357189655304
6395 0.6988014578819275 0.4722318947315216
6396 0.697144091129303 0.46998879313468933
6397 0.6952744126319885 0.4672491252422333
6398 0.7032098770141602 0.46477362513542175
6399 0.6762642860412598 0.38768094778060913
6400 0.674647331237793 0.3831668198108673
6401 0.673136293888092 0.39036110043525696
6402 0.6766946315765381 0.395449697971344
6403 0.6748971343040466 0.39828842878341675
6404 0.6774997711181641 0.4127344489097595
6405 0.6739907264709473 0.4042537808418274
6406 0.6767537593841553 0.42027753591537476
6407 0.6771058440208435 0.42424681782722473
6408 0.6719785332679749 0.3980574905872345
6409 0.6798987984657288 0.49859070777893066
6410 0.6752189993858337 0.4890483021736145
6411 0.6770047545433044 0.48434993624687195
6412 0.6778449416160583 0.49193909764289856
6413 0.5521355271339417 0.5811343789100647
6414 0.5490066409111023 0.5885779857635498
6415 0.5429897904396057 0.5820046067237854
6416 0.5462518334388733 0.5753273963928223
6417 0.6076632142066956 0.515380322933197
6418 0.6085135340690613 0.5248321890830994
6419 0.602616548538208 0.5290517807006836
6420 0.6023350358009338 0.5202261805534363
6421 0.5083970427513123 0.599370539188385
6422 0.49945682287216187 0.600121259689331
6423 0.5036796927452087 0.5920438170433044
6424 0.6069137454032898 0.38680094480514526
6425 0.6175425052642822 0.40380769968032837
6426 0.6078634262084961 0.40343764424324036
6427 0.5868699550628662 0.5745902061462402
6428 0.5890598893165588 0.5657105445861816
6429 0.5957475304603577 0.5632743239402771
6430 0.5968404412269592 0.5541811585426331
6431 0.6027483940124512 0.5497932434082031
6432 0.6070308089256287 0.4179883301258087
6433 0.6161320209503174 0.4201813340187073
6434 0.6127081513404846 0.43497732281684875
6435 0.6051507592201233 0.4316094219684601
6436 0.5909444689750671 0.5568609833717346
6437 0.582273006439209 0.5671678185462952
6438 0.5844736695289612 0.5588006377220154
6439 0.6026363968849182 0.5387424826622009
6440 0.597510576248169 0.5438981056213379
6441 0.5974750518798828 0.5337420105934143
6442 0.5990273952484131 0.4033202528953552
6443 0.5988031029701233 0.41701820492744446
6444 0.6089090704917908 0.5347936153411865
6445 0.592162549495697 0.5481633543968201
6446 0.499070942401886 0.585491955280304
6447 0.5032375454902649 0.5779469013214111
6448 0.5076566338539124 0.584315299987793
6449 0.5123817920684814 0.5914224982261658
6450 0.5115452408790588 0.5769606232643127
6451 0.5162935256958008 0.583975076675415
6452 0.5173571109771729 0.5991494655609131
6453 0.512053906917572 0.32336875796318054
6454 0.5108197331428528 0.3201826512813568
6455 0.5135643482208252 0.31908297538757324
6456 0.514680802822113 0.32265225052833557
6457 0.5176296830177307 0.3229341506958008
6458 0.518394947052002 0.32829806208610535
6459 0.5159191489219666 0.32699331641197205
6460 0.5027031302452087 0.32067039608955383
6461 0.501497209072113 0.3184187710285187
6462 0.503415048122406 0.31605175137519836
6463 0.5047220587730408 0.3183286488056183
6464 0.5067511200904846 0.31614950299263
6465 0.5076012015342712 0.31840184330940247
6466 0.5060767531394958 0.32049134373664856
6467 0.5124873518943787 0.3149993419647217
6468 0.5152016282081604 0.31282997131347656
6469 0.5162166953086853 0.3176591694355011
6470 0.5192810893058777 0.31656208634376526
6471 0.5204642415046692 0.3223561942577362
6472 0.6127891540527344 0.2646225690841675
6473 0.6242744326591492 0.25043031573295593
6474 0.6225747466087341 0.28748610615730286
6475 0.6047815680503845 0.22782109677791595
6476 0.6101639866828918 0.20800746977329254
6477 0.5234180092811584 0.3416007161140442
6478 0.5247212052345276 0.3424310088157654
6479 0.52432781457901 0.3446609675884247
6480 0.5223978161811829 0.3432287871837616
6481 0.5190053582191467 0.3328873813152313
6482 0.5202938914299011 0.32895156741142273
6483 0.5204042792320251 0.33395975828170776
6484 0.5289431214332581 0.30868789553642273
6485 0.5286064147949219 0.3164917230606079
6486 0.5253475308418274 0.316283255815506
6487 0.5251421332359314 0.30860745906829834
6488 0.5274757742881775 0.32368457317352295
6489 0.5316196084022522 0.3176499307155609
6490 0.5300856232643127 0.3250006139278412
6491 0.5285329818725586 0.3443183898925781
6492 0.5272190570831299 0.3470034599304199
6493 0.5259961485862732 0.34523719549179077
6494 0.5266196131706238 0.34303566813468933
6495 0.5228847861289978 0.322297602891922
6496 0.5224828124046326 0.329012393951416
6497 0.5243726372718811 0.3295039236545563
6498 0.5239219665527344 0.33449867367744446
6499 0.5221707820892334 0.334046870470047
6500 0.6191052794456482 0.3188171088695526
6501 0.6128594875335693 0.29822590947151184
6502 0.5212387442588806 0.30983638763427734
6503 0.519848644733429 0.30400383472442627
6504 0.5239417552947998 0.30321094393730164
6505 0.5904927253723145 0.38997840881347656
6506 0.5984354615211487 0.3879142105579376
6507 0.5910593867301941 0.4040068984031677
6508 0.5964921116828918 0.3717028498649597
6509 0.6052985787391663 0.36952951550483704
6510 0.5220704078674316 0.33835843205451965
6511 0.5209483504295349 0.33784347772598267
6512 0.5251538157463074 0.33929353952407837
6513 0.5272393822669983 0.34011387825012207
6514 0.6091019511222839 0.32656562328338623
6515 0.6132063269615173 0.34684693813323975
6516 0.5354486107826233 0.34151291847229004
6517 0.5333070158958435 0.34577399492263794
6518 0.5316008925437927 0.34262755513191223
6519 0.5330700874328613 0.3386382758617401
6520 0.5346121788024902 0.33398306369781494
6521 0.5305081009864807 0.3370097875595093
6522 0.5314441323280334 0.33244892954826355
6523 0.5287674069404602 0.3311186134815216
6524 0.5328159928321838 0.3267257511615753
6525 0.5236052870750427 0.3385360538959503
6526 0.5256088376045227 0.3354971408843994
6527 0.5225242972373962 0.3408646285533905
6528 0.5235192775726318 0.34598425030708313
6529 0.5247486233711243 0.34750640392303467
6530 0.5359134078025818 0.3122715950012207
6531 0.5345539450645447 0.31985679268836975
6532 0.5325643420219421 0.3099963665008545
6533 0.5323825478553772 0.3037571907043457
6534 0.5281143188476562 0.30288469791412354
6535 0.5573902726173401 0.147806778550148
6536 0.5398969054222107 0.14668764173984528
6537 0.5288641452789307 0.13947011530399323
6538 0.5383310317993164 0.33219197392463684
6539 0.5368201732635498 0.3372192680835724
6540 0.5358104705810547 0.3289821147918701
6541 0.5374221205711365 0.3228534460067749
6542 0.54129558801651 0.32043150067329407
6543 0.5429614186286926 0.3135559856891632
6544 0.5468907356262207 0.31887003779411316
6545 0.5445576310157776 0.3257615268230438
6546 0.5388827323913574 0.31604936718940735
6547 0.5397992730140686 0.32682082056999207
6548 0.6033176779747009 0.35244420170783997
6549 0.5454847812652588 0.30600008368492126
6550 0.5400629639625549 0.30870744585990906
6551 0.5412978529930115 0.3013935387134552
6552 0.5423327088356018 0.293035626411438
6553 0.5369120240211487 0.2981049716472626
6554 0.5373762249946594 0.29061758518218994
6555 0.5475795269012451 0.3315194845199585
6556 0.544943630695343 0.3373435139656067
6557 0.5425955653190613 0.33177438378334045
6558 0.5383186936378479 0.3418712019920349
6559 0.5367918610572815 0.3461664021015167
6560 0.5401090979576111 0.337091326713562
6561 0.5425038933753967 0.3427829444408417
6562 0.5400924682617188 0.3477318584918976
6563 0.5469427108764648 0.3440835773944855
6564 0.5438693165779114 0.34862568974494934
6565 0.5835737586021423 0.17194758355617523
6566 0.5645366311073303 0.1607155203819275
6567 0.5890192985534668 0.19398987293243408
6568 0.5114078521728516 0.29335394501686096
6569 0.5087226033210754 0.2976166903972626
6570 0.5067915916442871 0.29486826062202454
6571 0.5085721611976624 0.29033586382865906
6572 0.5044841170310974 0.30420753359794617
6573 0.5029048323631287 0.301685094833374
6574 0.5048213601112366 0.2986014187335968
6575 0.5066859722137451 0.30130448937416077
6576 0.5109406113624573 0.30080461502075195
6577 0.5082254409790039 0.3041205406188965
6578 0.5054255127906799 0.3137928247451782
6579 0.5075194835662842 0.30980658531188965
6580 0.5084910988807678 0.3138202726840973
6581 0.5021105408668518 0.3136574327945709
6582 0.5041150450706482 0.3092080056667328
6583 0.5109465718269348 0.25373780727386475
6584 0.5129552483558655 0.26095449924468994
6585 0.5081931948661804 0.26381465792655945
6586 0.5063939690589905 0.2587117850780487
6587 0.5028778910636902 0.2956099212169647
6588 0.5047976970672607 0.2921852171421051
6589 0.505743682384491 0.2841072380542755
6590 0.5046276450157166 0.2864806652069092
6591 0.5027737021446228 0.2851865589618683
6592 0.5042853355407715 0.2828463315963745
6593 0.5274856686592102 0.29595044255256653
6594 0.5222092270851135 0.29637083411216736
6595 0.5213625431060791 0.2885797321796417
6596 0.5186595916748047 0.29806533455848694
6597 0.5170796513557434 0.29252198338508606
6598 0.5051456093788147 0.27822649478912354
6599 0.5059530735015869 0.28143635392189026
6600 0.5029518604278564 0.28049537539482117
6601 0.5010862946510315 0.2991509735584259
6602 0.49947333335876465 0.2963552176952362
6603 0.5010818839073181 0.29342034459114075
6604 0.5003333687782288 0.3159198462963104
6605 0.49958130717277527 0.3134489059448242
6606 0.5008626580238342 0.3090575933456421
6607 0.5065338611602783 0.2883398234844208
6608 0.5077810287475586 0.28458836674690247
6609 0.5102339386940002 0.2853409945964813
6610 0.5029063820838928 0.2900485694408417
6611 0.5378496646881104 0.2809126377105713
6612 0.5320641994476318 0.2887963056564331
6613 0.5321664214134216 0.280252605676651
6614 0.5179964900016785 0.25722432136535645
6615 0.5194709897041321 0.2642904818058014
6616 0.5142014026641846 0.2667851746082306
6617 0.5081458687782288 0.2806946039199829
6618 0.5202898979187012 0.2803250551223755
6619 0.5262188911437988 0.2802821397781372
6620 0.5267603397369385 0.2880454957485199
6621 0.5199084281921387 0.27179720997810364
6622 0.5251008868217468 0.2616313695907593
6623 0.5259788036346436 0.27138781547546387
6624 0.5321927070617676 0.2702174186706543
6625 0.5167971253395081 0.30615389347076416
6626 0.5155038237571716 0.3010435402393341
6627 0.5496084690093994 0.33867186307907104
6628 0.552067756652832 0.3483312129974365
6629 0.5496804714202881 0.35190412402153015
6630 0.5500257015228271 0.3256013095378876
6631 0.5532636046409607 0.33322736620903015
6632 0.5536628365516663 0.31917569041252136
6633 0.5494595170021057 0.3121032416820526
6634 0.5530345439910889 0.30415043234825134
6635 0.5476046204566956 0.2976226806640625
6636 0.543657124042511 0.2835376560688019
6637 0.5501635074615479 0.28870442509651184
6638 0.5382369160652161 0.2708452045917511
6639 0.5452861189842224 0.27423548698425293
6640 0.531744658946991 0.2602302134037018
6641 0.5386736392974854 0.259492963552475
6642 0.5308539867401123 0.25175192952156067
6643 0.5238044857978821 0.2540156841278076
6644 0.5163163542747498 0.2505640685558319
6645 0.5222877860069275 0.2466425746679306
6646 0.5084624290466309 0.2483527809381485
6647 0.5136317610740662 0.2444828450679779
6648 0.4996221363544464 0.2465486228466034
6649 0.5042340159416199 0.242282897233963
6650 0.5040339827537537 0.2526467740535736
6651 0.49947378039360046 0.2907942831516266
6652 0.5011332631111145 0.2876909077167511
6653 0.5363950133323669 0.3054192364215851
6654 0.5324448943138123 0.29602929949760437
6655 0.5064384937286377 0.2718433141708374
6656 0.5045488476753235 0.26706579327583313
6657 0.5096457004547119 0.2692515552043915
6658 0.5105881094932556 0.2748516798019409
6659 0.515044629573822 0.2732381522655487
6660 0.5151849389076233 0.27995777130126953
6661 0.5098521709442139 0.23661504685878754
6662 0.5176325440406799 0.23003040254116058
6663 0.5205099582672119 0.23828254640102386
6664 0.5288078188896179 0.23443113267421722
6665 0.5298143029212952 0.24252083897590637
6666 0.5378456711769104 0.23991823196411133
6667 0.5383526682853699 0.24994149804115295
6668 0.5470952391624451 0.2520838677883148
6669 0.5466506481170654 0.2628965377807617
6670 0.5543679594993591 0.26791930198669434
6671 0.5523218512535095 0.2795267403125763
6672 0.559212863445282 0.28659582138061523
6673 0.5562670230865479 0.2954573929309845
6674 0.5620121359825134 0.30346551537513733
6675 0.5576176047325134 0.31197383999824524
6676 0.5619223713874817 0.3207590579986572
6677 0.5575090050697327 0.3272571563720703
6678 0.5609592795372009 0.3361089527606964
6679 0.5563040375709534 0.34157875180244446
6680 0.5590915083885193 0.3537622094154358
6681 0.5544869899749756 0.35934895277023315
6682 0.4993479251861572 0.2343340963125229
6683 0.5044769644737244 0.22909340262413025
6684 0.5097143650054932 0.31690239906311035
6685 0.5085768699645996 0.32131698727607727
6686 0.5112289786338806 0.31057116389274597
6687 0.5139766335487366 0.2868857681751251
6688 0.513796329498291 0.29682108759880066
6689 0.5125030875205994 0.3044107258319855
6690 0.5108320713043213 0.2803449332714081
6691 0.5076196193695068 0.27634620666503906
6692 0.5037541389465332 0.2744835913181305
6693 0.5013976693153381 0.2773531377315521
6694 0.4995727837085724 0.27375948429107666
6695 0.5018844604492188 0.270626038312912
6696 0.5150611400604248 0.1424872726202011
6697 0.4934523403644562 0.13420820236206055
6698 0.4994506537914276 0.2853013575077057
6699 0.5011076927185059 0.2828681170940399
6700 0.49966245889663696 0.26643335819244385
6701 0.5024155974388123 0.26260673999786377
6702 0.5003011226654053 0.32044288516044617
6703 0.4995753765106201 0.31826579570770264
6704 0.5010338425636292 0.30423787236213684
6705 0.499342679977417 0.3017474412918091
6706 0.49956223368644714 0.280119925737381
6707 0.4998485743999481 0.2564264237880707
6708 0.5777914524078369 0.5594866275787354
6709 0.5799693465232849 0.5519182682037354
6710 0.5864471793174744 0.5504564642906189
6711 0.5879501700401306 0.5420278906822205
6712 0.5928959250450134 0.5387292504310608
6713 0.525397539138794 0.34975549578666687
6714 0.5284602642059326 0.34978798031806946
6715 0.5264749526977539 0.35286712646484375
6716 0.5402421951293945 0.56882244348526
6717 0.5371212959289551 0.5754228234291077
6718 0.5313475131988525 0.5696637630462646
6719 0.5350555777549744 0.5631458759307861
6720 0.5909038186073303 0.4167766273021698
6721 0.5841717720031738 0.4176214039325714
6722 0.5839707851409912 0.4056811034679413
6723 0.5602931976318359 0.5688984990119934
6724 0.556020975112915 0.5748580098152161
6725 0.5498096942901611 0.5696088671684265
6726 0.5537181496620178 0.565480649471283
6727 0.5436728000640869 0.5628027319908142
6728 0.6015698909759521 0.5120425224304199
6729 0.5976542830467224 0.5248178839683533
6730 0.5973076224327087 0.5168857574462891
6731 0.5232394337654114 0.5704198479652405
6732 0.526621401309967 0.5637624859809875
6733 0.5279800295829773 0.576730489730835
6734 0.5151789784431458 0.5701852440834045
6735 0.5187230706214905 0.5642222762107849
6736 0.5199180245399475 0.5771794319152832
6737 0.5072092413902283 0.5704349875450134
6738 0.4987809360027313 0.5715744495391846
6739 0.50286465883255 0.5643646121025085
6740 0.5231814384460449 0.34964850544929504
6741 0.524250328540802 0.3516867160797119
6742 0.5344021320343018 0.3504192531108856
6743 0.5376088619232178 0.35170885920524597
6744 0.5354520678520203 0.35487958788871765
6745 0.5981255173683167 0.42951008677482605
6746 0.5914357304573059 0.4288792312145233
6747 0.53180330991745 0.35420453548431396
6748 0.5309970378875732 0.35012173652648926
6749 0.6029532551765442 0.4438352584838867
6750 0.5969767570495605 0.4413273334503174
6751 0.5452814698219299 0.3571288287639618
6752 0.5419582724571228 0.3622553050518036
6753 0.5410904288291931 0.35395434498786926
6754 0.5515110492706299 0.3624281883239746
6755 0.5466766953468323 0.3661350607872009
6756 0.529714822769165 0.5582501888275146
6757 0.52219557762146 0.558623731136322
6758 0.5255699753761292 0.5539965033531189
6759 0.5146470069885254 0.5584158301353455
6760 0.5181605815887451 0.5533767342567444
6761 0.5232253670692444 0.35297295451164246
6762 0.5252671837806702 0.35454657673835754
6763 0.5238034129142761 0.35578176379203796
6764 0.5273060202598572 0.3555135130882263
6765 0.5256187319755554 0.35756781697273254
6766 0.5298493504524231 0.35716989636421204
6767 0.5328915119171143 0.3589731454849243
6768 0.5301461815834045 0.3630535900592804
6769 0.5372242331504822 0.36170291900634766
6770 0.5336647629737854 0.36467358469963074
6771 0.5427546501159668 0.37136200070381165
6772 0.5410389304161072 0.3742263615131378
6773 0.5403376221656799 0.3658768832683563
6774 0.5489140152931213 0.3773595094680786
6775 0.5438475012779236 0.3808478116989136
6776 0.5779241919517517 0.41884589195251465
6777 0.5840397477149963 0.4287552237510681
6778 0.5783995985984802 0.4292594790458679
6779 0.5913602709770203 0.43997520208358765
6780 0.5835909247398376 0.4401492476463318
6781 0.5947709083557129 0.45289891958236694
6782 0.5891789793968201 0.4511862099170685
6783 0.5933012366294861 0.5209052562713623
6784 0.5927252173423767 0.5137448906898499
6785 0.5963210463523865 0.5093535780906677
6786 0.5932037830352783 0.5292298793792725
6787 0.5887987613677979 0.5330929756164551
6788 0.5893041491508484 0.5246405005455017
6789 0.5826184749603271 0.5438452363014221
6790 0.5745129585266113 0.5518765449523926
6791 0.5772829651832581 0.544590175151825
6792 0.5470739006996155 0.5575408935546875
6793 0.5506828427314758 0.5556496977806091
6794 0.5570278167724609 0.5594329237937927
6795 0.5379970073699951 0.5587513446807861
6796 0.5415689945220947 0.5542477965354919
6797 0.5334183573722839 0.5551139712333679
6798 0.4985990822315216 0.558776319026947
6799 0.5027527213096619 0.552212655544281
6800 0.5065591931343079 0.5578727126121521
6801 0.5390209555625916 0.35830438137054443
6802 0.5377064347267151 0.36921048164367676
6803 0.5577307343482971 0.36945343017578125
6804 0.5532329082489014 0.37365978956222534
6805 0.5547009110450745 0.3850415050983429
6806 0.550102174282074 0.38918232917785645
6807 0.584246814250946 0.5354309678077698
6808 0.5756248831748962 0.567324161529541
6809 0.5695253014564514 0.5658212304115295
6810 0.5719776153564453 0.5589089393615723
6811 0.5659194588661194 0.5565345883369446
6812 0.5689677596092224 0.5499406456947327
6813 0.566711962223053 0.5723610520362854
6814 0.563542902469635 0.5627649426460266
6815 0.5599239468574524 0.553688108921051
6816 0.5112462043762207 0.5640738606452942
6817 0.5106979012489319 0.5520336031913757
6818 0.5445752143859863 0.5501182079315186
6819 0.5481163859367371 0.5456543564796448
6820 0.5530483722686768 0.5498951077461243
6821 0.5029991269111633 0.38020089268684387
6822 0.5046772956848145 0.3776184320449829
6823 0.5063806176185608 0.37895795702934265
6824 0.504875123500824 0.38178104162216187
6825 0.5015507340431213 0.42135313153266907
6826 0.5008297562599182 0.4194064736366272
6827 0.5012836456298828 0.41771772503852844
6828 0.5018701553344727 0.41939741373062134
6829 0.502787172794342 0.4214532971382141
6830 0.5021836757659912 0.41787269711494446
6831 0.5028823018074036 0.4199058711528778
6832 0.504305899143219 0.4030187427997589
6833 0.5030273795127869 0.4044182598590851
6834 0.5049543380737305 0.3948657810688019
6835 0.5063502788543701 0.396921843290329
6836 0.510694682598114 0.3980243504047394
6837 0.5127706527709961 0.39612695574760437
6838 0.5153917670249939 0.3995318114757538
6839 0.513188898563385 0.40463119745254517
6840 0.5164813995361328 0.41479235887527466
6841 0.5152804255485535 0.4157257080078125
6842 0.5144875049591064 0.4123799502849579
6843 0.5157099366188049 0.41147375106811523
6844 0.516846239566803 0.4111502170562744
6845 0.5143256783485413 0.4081730842590332
6846 0.5156301856040955 0.4075813591480255
6847 0.5294622778892517 0.3767009377479553
6848 0.5271931290626526 0.3783579170703888
6849 0.527265727519989 0.3672907054424286
6850 0.5290511250495911 0.3691232204437256
6851 0.5269014239311218 0.3872082829475403
6852 0.5246734619140625 0.3911614418029785
6853 0.5239875316619873 0.3833326995372772
6854 0.5294713377952576 0.3848196864128113
6855 0.5298996567726135 0.3937010169029236
6856 0.5273218750953674 0.3967190384864807
6857 0.5313183665275574 0.3753935992717743
6858 0.5327281355857849 0.38361862301826477
6859 0.5220354199409485 0.3568919897079468
6860 0.5235276222229004 0.358938992023468
6861 0.5210533738136292 0.35929906368255615
6862 0.540257453918457 0.5450720191001892
6863 0.5368926525115967 0.5497291088104248
6864 0.5272674560546875 0.4034328758716583
6865 0.5251135230064392 0.40527698397636414
6866 0.5249337553977966 0.39858677983283997
6867 0.5222914814949036 0.39349842071533203
6868 0.5228564143180847 0.40008634328842163
6869 0.5146017670631409 0.3735309839248657
6870 0.5126404762268066 0.37816470861434937
6871 0.5102769732475281 0.37662380933761597
6872 0.5121045708656311 0.37244489789009094
6873 0.5200676918029785 0.42066648602485657
6874 0.5195990204811096 0.42307424545288086
6875 0.5198459029197693 0.4151287376880646
6876 0.5204052329063416 0.41451093554496765
6877 0.5041128993034363 0.42040085792541504
6878 0.503470242023468 0.4197992980480194
6879 0.5035151839256287 0.4186672568321228
6880 0.503993570804596 0.4193684458732605
6881 0.5179023742675781 0.41727545857429504
6882 0.5184885859489441 0.41835710406303406
6883 0.5182747840881348 0.42336395382881165
6884 0.5177977681159973 0.4220251441001892
6885 0.4994979500770569 0.4412839114665985
6886 0.5004540085792542 0.4394269287586212
6887 0.501454770565033 0.4418761730194092
6888 0.5004758238792419 0.4445396065711975
6889 0.5891387462615967 0.51756352186203
6890 0.5887947678565979 0.5118281841278076
6891 0.5919213891029358 0.5075967907905579
6892 0.5796322822570801 0.5373150706291199
6893 0.5720896124839783 0.5435320734977722
6894 0.5747542381286621 0.5376560091972351
6895 0.5286142230033875 0.43784958124160767
6896 0.5274270176887512 0.4303949177265167
6897 0.5298519730567932 0.42910236120224
6898 0.5307033658027649 0.43642497062683105
6899 0.5851213932037354 0.5277370810508728
6900 0.5854439735412598 0.5209334492683411
6901 0.5291130542755127 0.5495245456695557
6902 0.5340952277183533 0.543389081954956
6903 0.5211748480796814 0.5485260486602783
6904 0.5257091522216797 0.5424985885620117
6905 0.5170480608940125 0.5411607623100281
6906 0.5122086405754089 0.5359559059143066
6907 0.5143972039222717 0.5302117466926575
6908 0.5181863903999329 0.533766508102417
6909 0.5081066489219666 0.5314447283744812
6910 0.5097188353538513 0.5409842133522034
6911 0.5057809352874756 0.536264181137085
6912 0.5124158263206482 0.5221824049949646
6913 0.514093816280365 0.525095522403717
6914 0.5102794766426086 0.5267632007598877
6915 0.5076587200164795 0.498317688703537
6916 0.5097079873085022 0.5022776126861572
6917 0.5081520676612854 0.5052791237831116
6918 0.5064263939857483 0.5015802383422852
6919 0.5014089941978455 0.40881821513175964
6920 0.5033417344093323 0.40630486607551575
6921 0.5028772950172424 0.40920132398605347
6922 0.5016553997993469 0.4106364846229553
6923 0.5039048790931702 0.41008761525154114
6924 0.502860963344574 0.411332368850708
6925 0.5042240619659424 0.4081345200538635
6926 0.5099650025367737 0.5130224823951721
6927 0.5139924883842468 0.5178027153015137
6928 0.5083034038543701 0.5172672867774963
6929 0.5138978362083435 0.5474572777748108
6930 0.5065198540687561 0.5461981892585754
6931 0.5187117457389832 0.40219783782958984
6932 0.5169028639793396 0.3981952965259552
6933 0.5134890675544739 0.4107227623462677
6934 0.5139164924621582 0.4089505970478058
6935 0.5143371224403381 0.41369298100471497
6936 0.5129492282867432 0.40594127774238586
6937 0.5256100296974182 0.35971730947494507
6938 0.523149311542511 0.3617905378341675
6939 0.5307714343070984 0.36876893043518066
6940 0.5351362824440002 0.3725435733795166
6941 0.5464944243431091 0.39074423909187317
6942 0.5424923300743103 0.39082562923431396
6943 0.5418528914451599 0.38321244716644287
6944 0.5373833179473877 0.42262887954711914
6945 0.5330857634544373 0.4227096736431122
6946 0.5326948165893555 0.4146423637866974
6947 0.536118745803833 0.413263738155365
6948 0.540669858455658 0.41258504986763
6949 0.5356369018554688 0.40462273359298706
6950 0.5391945242881775 0.4023323655128479
6951 0.5354562401771545 0.3878435790538788
6952 0.5386051535606384 0.38605955243110657
6953 0.5388602614402771 0.3936915695667267
6954 0.5354630947113037 0.3961646258831024
6955 0.5440168976783752 0.4014766812324524
6956 0.5435143113136292 0.5406246781349182
6957 0.5472964644432068 0.5369676947593689
6958 0.5513588786125183 0.5409502387046814
6959 0.5692949295043945 0.5365874767303467
6960 0.5707207322120667 0.5318694114685059
6961 0.5754778385162354 0.5313889980316162
6962 0.5151658654212952 0.5204506516456604
6963 0.5197209715843201 0.5247268080711365
6964 0.51877361536026 0.528038740158081
6965 0.5224599242210388 0.5357746481895447
6966 0.5296768546104431 0.5333890318870544
6967 0.5313861966133118 0.538180410861969
6968 0.5225123763084412 0.5298060774803162
6969 0.5365714430809021 0.541400134563446
6970 0.5402863621711731 0.5374233722686768
6971 0.5852188467979431 0.5152435898780823
6972 0.5812119841575623 0.5239161849021912
6973 0.5815625190734863 0.5184900760650635
6974 0.5848856568336487 0.5103607177734375
6975 0.5877804160118103 0.5065388679504395
6976 0.5141368508338928 0.5138113498687744
6977 0.5162039399147034 0.5161597728729248
6978 0.5342862606048584 0.5369457602500916
6979 0.568657636642456 0.44765952229499817
6980 0.5680871605873108 0.4403039813041687
6981 0.5731887221336365 0.4398023784160614
6982 0.5733799338340759 0.4475165009498596
6983 0.578300416469574 0.4397202134132385
6984 0.5730981826782227 0.4300784468650818
6985 0.5828049778938293 0.44886451959609985
6986 0.5780777931213379 0.447909414768219
6987 0.5737049579620361 0.4548850357532501
6988 0.5779053568840027 0.45562082529067993
6989 0.5013136863708496 0.38274574279785156
6990 0.4995632767677307 0.38095736503601074
6991 0.5012034773826599 0.37825238704681396
6992 0.5287442803382874 0.3623030185699463
6993 0.5821190476417542 0.4568169414997101
6994 0.5831684470176697 0.4655608534812927
6995 0.5777067542076111 0.46323081851005554
6996 0.5881966948509216 0.45941397547721863
6997 0.5210437178611755 0.42639678716659546
6998 0.527355432510376 0.4255313575267792
6999 0.5216007232666016 0.432175874710083
7000 0.5380669236183167 0.37745049595832825
7001 0.5294668674468994 0.4081933796405792
7002 0.532383918762207 0.4066820442676544
7003 0.5295323729515076 0.41564467549324036
7004 0.5324161052703857 0.398801326751709
7005 0.5425657629966736 0.49164003133773804
7006 0.540956437587738 0.48599904775619507
7007 0.5424095988273621 0.48231154680252075
7008 0.5436897277832031 0.487840861082077
7009 0.5441059470176697 0.5032527446746826
7010 0.5425770282745361 0.5010201334953308
7011 0.543727457523346 0.5006458163261414
7012 0.5448852181434631 0.5029788613319397
7013 0.569519579410553 0.4547280967235565
7014 0.5652046799659729 0.45589393377304077
7015 0.5638859272003174 0.44892191886901855
7016 0.5739613175392151 0.4626343548297882
7017 0.5701962113380432 0.4624403119087219
7018 0.5771742463111877 0.4718450903892517
7019 0.5738205313682556 0.47130653262138367
7020 0.5204164981842041 0.3634536564350128
7021 0.5230965614318848 0.36505869030952454
7022 0.5197857022285461 0.3667795956134796
7023 0.5178840756416321 0.3646535873413086
7024 0.5185316205024719 0.3600037097930908
7025 0.514509916305542 0.36340272426605225
7026 0.5165323615074158 0.3675258457660675
7027 0.51409912109375 0.36852791905403137
7028 0.5097866654396057 0.3721334636211395
7029 0.5115794539451599 0.36827942728996277
7030 0.5029540657997131 0.41850852966308594
7031 0.5035688877105713 0.420987069606781
7032 0.501067578792572 0.5050396919250488
7033 0.4994067847728729 0.5004181861877441
7034 0.5008025169372559 0.4958982467651367
7035 0.5029661655426025 0.5005465149879456
7036 0.5002480149269104 0.4211549162864685
7037 0.49947667121887207 0.41907432675361633
7038 0.5002477765083313 0.41751599311828613
7039 0.5204446315765381 0.41877368092536926
7040 0.5203327536582947 0.428497850894928
7041 0.5297348499298096 0.40138575434684753
7042 0.5269355177879333 0.4097117781639099
7043 0.5325643420219421 0.39068078994750977
7044 0.5353193879127502 0.38053184747695923
7045 0.5310871005058289 0.4431101679801941
7046 0.5338788628578186 0.43633323907852173
7047 0.5337340831756592 0.44262364506721497
7048 0.5373592376708984 0.4284491240978241
7049 0.5408577919006348 0.4211899936199188
7050 0.5407431721687317 0.42757198214530945
7051 0.5444242358207703 0.4107699990272522
7052 0.5445191860198975 0.41982072591781616
7053 0.5506982207298279 0.39893415570259094
7054 0.5479310154914856 0.3992888629436493
7055 0.5483582019805908 0.40905383229255676
7056 0.5024959444999695 0.49230286478996277
7057 0.5042919516563416 0.4895069897174835
7058 0.5059228539466858 0.4940381348133087
7059 0.5045723915100098 0.4970929026603699
7060 0.5072093605995178 0.49136996269226074
7061 0.5091888904571533 0.49538281559944153
7062 0.5024576783180237 0.422513484954834
7063 0.5018851161003113 0.4239880442619324
7064 0.5010494589805603 0.4225206971168518
7065 0.5042018294334412 0.4151957631111145
7066 0.5035852789878845 0.4162624478340149
7067 0.5037487149238586 0.41400986909866333
7068 0.5045072436332703 0.4130629897117615
7069 0.5028930306434631 0.41314005851745605
7070 0.5037693381309509 0.4120798707008362
7071 0.502999484539032 0.4151391386985779
7072 0.5021741390228271 0.41455575823783875
7073 0.5019843578338623 0.41262954473495483
7074 0.5009526610374451 0.412476509809494
7075 0.5012754797935486 0.41420361399650574
7076 0.5134804248809814 0.5067446827888489
7077 0.5156201720237732 0.5092222094535828
7078 0.5117030143737793 0.5098261833190918
7079 0.506811797618866 0.5087931752204895
7080 0.499089777469635 0.50943922996521
7081 0.5033867955207825 0.5089125633239746
7082 0.5010947585105896 0.513903796672821
7083 0.5134438872337341 0.41228345036506653
7084 0.5126261115074158 0.40993207693099976
7085 0.5127382874488831 0.4079250693321228
7086 0.5083973407745361 0.4013858139514923
7087 0.5084693431854248 0.3950190544128418
7088 0.5080929398536682 0.3755948543548584
7089 0.5083791613578796 0.3802483081817627
7090 0.5060948729515076 0.3750569820404053
7091 0.5076093077659607 0.3718705475330353
7092 0.5036919713020325 0.41771695017814636
7093 0.5031152367591858 0.4171479344367981
7094 0.5025506615638733 0.41655635833740234
7095 0.5015783309936523 0.4161534607410431
7096 0.5008134841918945 0.41594070196151733
7097 0.5415286421775818 0.46693184971809387
7098 0.5438447594642639 0.47095102071762085
7099 0.5423378944396973 0.47449368238449097
7100 0.5403360724449158 0.47104981541633606
7101 0.5525510907173157 0.47135642170906067
7102 0.5498456358909607 0.4761276841163635
7103 0.5478305816650391 0.4710657596588135
7104 0.5503723621368408 0.46569326519966125
7105 0.5496912002563477 0.495940238237381
7106 0.547454297542572 0.4903545677661896
7107 0.5492698550224304 0.4857723116874695
7108 0.5514023303985596 0.489481657743454
7109 0.5619092583656311 0.49153608083724976
7110 0.5626291632652283 0.4958387017250061
7111 0.5598158240318298 0.4983721375465393
7112 0.558931827545166 0.4943808913230896
7113 0.5625690817832947 0.47731631994247437
7114 0.5594759583473206 0.4796432852745056
7115 0.5577288269996643 0.47309133410453796
7116 0.5622081756591797 0.4684906601905823
7117 0.5607221126556396 0.46025756001472473
7118 0.5661588311195374 0.46483463048934937
7119 0.5555614829063416 0.46620413661003113
7120 0.5541676878929138 0.4769696593284607
7121 0.5532745718955994 0.4861910045146942
7122 0.5556458830833435 0.4906928539276123
7123 0.5531945824623108 0.49515727162361145
7124 0.5577790141105652 0.4888339340686798
7125 0.5568295121192932 0.4966573417186737
7126 0.5806755423545837 0.5298109650611877
7127 0.5766968727111816 0.5260366797447205
7128 0.5631301403045654 0.5477085709571838
7129 0.566795289516449 0.5420701503753662
7130 0.56052565574646 0.5401672720909119
7131 0.5637547373771667 0.5359759330749512
7132 0.5570153594017029 0.5445852875709534
7133 0.555116593837738 0.5367626547813416
7134 0.5430876612663269 0.5118653774261475
7135 0.5449190735816956 0.5113987326622009
7136 0.5467894673347473 0.5124698281288147
7137 0.5445522665977478 0.5127162337303162
7138 0.5357717871665955 0.5072395205497742
7139 0.5357139110565186 0.5060345530509949
7140 0.5362920761108398 0.506380021572113
7141 0.5364493727684021 0.5075638294219971
7142 0.5371406078338623 0.508103609085083
7143 0.5378288626670837 0.5096592307090759
7144 0.5368050932884216 0.5089477896690369
7145 0.5349998474121094 0.5054101943969727
7146 0.5347142815589905 0.5046105980873108
7147 0.535417377948761 0.5049843192100525
7148 0.5394055843353271 0.5092248916625977
7149 0.5405516028404236 0.5104451179504395
7150 0.5385432839393616 0.5116801857948303
7151 0.5420405268669128 0.5108558535575867
7152 0.5417714715003967 0.5118363499641418
7153 0.5482563972473145 0.5157017111778259
7154 0.5484793782234192 0.512156069278717
7155 0.5497623085975647 0.5126116275787354
7156 0.5512166023254395 0.5135572552680969
7157 0.5508906245231628 0.5118998885154724
7158 0.5523696541786194 0.5126121044158936
7159 0.5603224635124207 0.5137466788291931
7160 0.560584306716919 0.5123195052146912
7161 0.5633382201194763 0.5114009380340576
7162 0.562241792678833 0.5140877366065979
7163 0.549738883972168 0.4996945858001709
7164 0.5512956976890564 0.5000033974647522
7165 0.549614667892456 0.5020866990089417
7166 0.5479454398155212 0.5019256472587585
7167 0.5590949654579163 0.5028215050697327
7168 0.5571034550666809 0.5029277801513672
7169 0.5563285946846008 0.5017974376678467
7170 0.5579691529273987 0.5015497207641602
7171 0.5550245642662048 0.5147367119789124
7172 0.5541788935661316 0.5119648575782776
7173 0.5560691356658936 0.5121446251869202
7174 0.5541120171546936 0.5002232193946838
7175 0.5526533722877502 0.5003543496131897
7176 0.5530002117156982 0.4987313151359558
7177 0.5549892783164978 0.5014033913612366
7178 0.555743396282196 0.5000380873680115
7179 0.5592544674873352 0.515015184879303
7180 0.5577767491340637 0.5114372372627258
7181 0.5505965352058411 0.5105469226837158
7182 0.5494124293327332 0.5103070735931396
7183 0.5505118370056152 0.5103674530982971
7184 0.5517656803131104 0.5103948712348938
7185 0.5442529320716858 0.5034623742103577
7186 0.5451069474220276 0.5034494400024414
7187 0.5443761944770813 0.503641664981842
7188 0.5432198643684387 0.5029604434967041
7189 0.5595079064369202 0.5105332732200623
7190 0.5578951835632324 0.5089122653007507
7191 0.5585904717445374 0.5090932846069336
7192 0.559660017490387 0.5090270638465881
7193 0.5450953841209412 0.5102148056030273
7194 0.5435027480125427 0.5099822878837585
7195 0.5452392101287842 0.510077714920044
7196 0.5468378663063049 0.5102158188819885
7197 0.5395243167877197 0.5088741779327393
7198 0.5386108756065369 0.506741464138031
7199 0.5397167205810547 0.5073907375335693
7200 0.5406768321990967 0.5090436935424805
7201 0.5566611289978027 0.5038685202598572
7202 0.5572780966758728 0.5042279362678528
7203 0.5564558506011963 0.5039379000663757
7204 0.5555800795555115 0.5035624504089355
7205 0.5370044112205505 0.5054452419281006
7206 0.5373997688293457 0.5040242671966553
7207 0.5379104614257812 0.5043581128120422
7208 0.5378842353820801 0.5055364966392517
7209 0.5376700758934021 0.5073389410972595
7210 0.5382139086723328 0.5059499144554138
7211 0.5369537472724915 0.5037369728088379
7212 0.5370166301727295 0.5027685165405273
7213 0.5382344126701355 0.5032802224159241
7214 0.5495697855949402 0.502297580242157
7215 0.5512223839759827 0.5023810267448425
7216 0.5496459603309631 0.502440869808197
7217 0.5481002926826477 0.5026673674583435
7218 0.5422337651252747 0.5098543763160706
7219 0.5422001481056213 0.509345531463623
7220 0.548342764377594 0.5107421278953552
7221 0.5483521819114685 0.5102487206459045
7222 0.5538244843482971 0.5107001662254333
7223 0.553178608417511 0.5097065567970276
7224 0.5544929504394531 0.5093408226966858
7225 0.5546949505805969 0.5030971169471741
7226 0.5545482635498047 0.5033068060874939
7227 0.5536256432533264 0.5029842853546143
7228 0.5524244904518127 0.5022854804992676
7229 0.5524203181266785 0.5026936531066895
7230 0.5503739714622498 0.5136043429374695
7231 0.5531215071678162 0.5158953666687012
7232 0.5523566603660583 0.5094996094703674
7233 0.5436194539070129 0.5033685564994812
7234 0.545552670955658 0.5038627982139587
7235 0.5449314713478088 0.5039982199668884
7236 0.5543274283409119 0.5083975791931152
7237 0.554974377155304 0.5084331035614014
7238 0.5384464859962463 0.5099847316741943
7239 0.5401341915130615 0.5107675194740295
7240 0.5383878350257874 0.5066799521446228
7241 0.5473516583442688 0.5145797729492188
7242 0.5500007271766663 0.5178603529930115
7243 0.5572816729545593 0.504453718662262
7244 0.5565534234046936 0.5043978095054626
7245 0.5555588603019714 0.5038349628448486
7246 0.5512023568153381 0.5026889443397522
7247 0.5506810545921326 0.49407052993774414
7248 0.5484928488731384 0.5031365752220154
7249 0.5457468628883362 0.5177461504936218
7250 0.5434094071388245 0.513322114944458
7251 0.5411142706871033 0.5146427750587463
7252 0.5378644466400146 0.5060830116271973
7253 0.5388851165771484 0.5040439963340759
7254 0.5535088181495667 0.503294050693512
7255 0.5522581934928894 0.5032804012298584
7256 0.5545644164085388 0.5038223266601562
7257 0.5572988986968994 0.5105187892913818
7258 0.5562967658042908 0.5085877776145935
7259 0.5025084018707275 0.541781485080719
7260 0.4986891746520996 0.5371270775794983
7261 0.5018699169158936 0.5318426489830017
7262 0.501531183719635 0.5226736068725586
7263 0.4988318085670471 0.5185456871986389
7264 0.5039353370666504 0.5180297493934631
7265 0.5012285709381104 0.425811231136322
7266 0.5004167556762695 0.42775577306747437
7267 0.49950259923934937 0.4258584976196289
7268 0.500325620174408 0.4240606427192688
7269 0.4986639618873596 0.5276870727539062
7270 0.5046895146369934 0.526664674282074
7271 0.5010771155357361 0.40711909532546997
7272 0.5003309845924377 0.4109644293785095
7273 0.49947214126586914 0.4098873436450958
7274 0.4985475242137909 0.547329843044281
7275 0.5005011558532715 0.4314177334308624
7276 0.49954482913017273 0.42948538064956665
7277 0.501332700252533 0.4295022487640381
7278 0.5007350444793701 0.43534114956855774
7279 0.4995422065258026 0.43365052342414856
7280 0.5014691948890686 0.4332881569862366
7281 0.5009324550628662 0.39646145701408386
7282 0.49956604838371277 0.40408939123153687
7283 0.5006614327430725 0.4878973364830017
7284 0.49942994117736816 0.4911346435546875
7285 0.4994702637195587 0.42269569635391235
7286 0.5001688599586487 0.4141102433204651
7287 0.49945834279060364 0.4123440384864807
7288 0.49944114685058594 0.48261526226997375
7289 0.5007784366607666 0.4799625873565674
7290 0.5022673010826111 0.4847278296947479
7291 0.49948495626449585 0.4156892001628876
7292 0.5012380480766296 0.37368714809417725
7293 0.5028894543647766 0.3757152259349823
7294 0.49956104159355164 0.37620532512664795
7295 0.5057420134544373 0.4205186665058136
7296 0.5048131942749023 0.4205160140991211
7297 0.5046653747558594 0.4194914996623993
7298 0.5055546164512634 0.4192560017108917
7299 0.5058221817016602 0.4212665557861328
7300 0.5067715644836426 0.42067140340805054
7301 0.5065661072731018 0.4215300381183624
7302 0.5042941570281982 0.4173578917980194
7303 0.5065180659294128 0.5217912197113037
7304 0.5052523016929626 0.5050236582756042
7305 0.5061399340629578 0.5136085152626038
7306 0.5097317695617676 0.40480783581733704
7307 0.5095692276954651 0.4033631682395935
7308 0.5079217553138733 0.4034901261329651
7309 0.5065740942955017 0.4017924666404724
7310 0.5048858523368835 0.4053504467010498
7311 0.5061883330345154 0.4055885672569275
7312 0.5055751800537109 0.40767547488212585
7313 0.5083490014076233 0.40512803196907043
7314 0.5089059472084045 0.40473029017448425
7315 0.5044767260551453 0.3735778331756592
7316 0.6266785264015198 0.4248843193054199
7317 0.5158579349517822 0.4188224971294403
7318 0.5151035189628601 0.420286625623703
7319 0.514775276184082 0.41715288162231445
7320 0.517000675201416 0.4225356876850128
7321 0.517796516418457 0.42573878169059753
7322 0.5169743895530701 0.42637747526168823
7323 0.5143790245056152 0.42099902033805847
7324 0.5147971510887146 0.42248183488845825
7325 0.5140502452850342 0.4225124716758728
7326 0.5157954096794128 0.4263785183429718
7327 0.5171659588813782 0.43031832575798035
7328 0.5160030722618103 0.43064621090888977
7329 0.5022464394569397 0.4274595379829407
7330 0.5033392906188965 0.4292469024658203
7331 0.5023811459541321 0.4312286078929901
7332 0.5030727982521057 0.4256455898284912
7333 0.5079762935638428 0.42606428265571594
7334 0.5068559646606445 0.42533355951309204
7335 0.5072740912437439 0.42424699664115906
7336 0.5083892345428467 0.4252009689807892
7337 0.5068933963775635 0.42250770330429077
7338 0.5078005790710449 0.4231930077075958
7339 0.5063486695289612 0.4232807457447052
7340 0.5073874592781067 0.4220653176307678
7341 0.5061793327331543 0.42189764976501465
7342 0.503265917301178 0.4427335560321808
7343 0.5027456283569336 0.4449624717235565
7344 0.5026247501373291 0.4397439956665039
7345 0.5033788681030273 0.43283289670944214
7346 0.502269983291626 0.43554189801216125
7347 0.5050763487815857 0.42536860704421997
7348 0.5042603611946106 0.4268379509449005
7349 0.5036265850067139 0.42380568385124207
7350 0.5036354064941406 0.42244693636894226
7351 0.504789412021637 0.4227394759654999
7352 0.504274845123291 0.42136138677597046
7353 0.5051088333129883 0.42146822810173035
7354 0.5089372992515564 0.42702746391296387
7355 0.5083218216896057 0.4291972815990448
7356 0.5073699951171875 0.42783042788505554
7357 0.5091866850852966 0.43049314618110657
7358 0.5085267424583435 0.43368834257125854
7359 0.5074743628501892 0.4314393401145935
7360 0.5125932693481445 0.45148223638534546
7361 0.51155024766922 0.4546300768852234
7362 0.5093465447425842 0.45285993814468384
7363 0.5107173919677734 0.4500286877155304
7364 0.5054984092712402 0.4419305622577667
7365 0.5040280222892761 0.445863276720047
7366 0.5040666460990906 0.4399077892303467
7367 0.505486249923706 0.43227332830429077
7368 0.5041294693946838 0.43498703837394714
7369 0.5044369101524353 0.43071672320365906
7370 0.5054438710212708 0.4284297823905945
7371 0.5057122707366943 0.42405053973197937
7372 0.5055815577507019 0.42232030630111694
7373 0.5106630325317383 0.44115397334098816
7374 0.5100001692771912 0.4444541335105896
7375 0.5080632567405701 0.44182565808296204
7376 0.508991539478302 0.4388890862464905
7377 0.5119187831878662 0.44666773080825806
7378 0.5087727904319763 0.4480893611907959
7379 0.5062567591667175 0.4264850318431854
7380 0.5064845681190491 0.42983105778694153
7381 0.5066874623298645 0.43457648158073425
7382 0.5065345168113708 0.43945857882499695
7383 0.507280170917511 0.4445190131664276
7384 0.5259982943534851 0.4384215474128723
7385 0.5208582282066345 0.439025342464447
7386 0.5207887291908264 0.43206077814102173
7387 0.5414378046989441 0.4978179335594177
7388 0.5418341159820557 0.5005831122398376
7389 0.5407857298851013 0.4985823333263397
7390 0.5409366488456726 0.49048900604248047
7391 0.5394726395606995 0.4853064715862274
7392 0.5398570895195007 0.4819945991039276
7393 0.5145420432090759 0.46001142263412476
7394 0.5154003500938416 0.4560566544532776
7395 0.51735919713974 0.4557810127735138
7396 0.516660749912262 0.4598669409751892
7397 0.528224527835846 0.44380810856819153
7398 0.5263457894325256 0.44536617398262024
7399 0.5160645842552185 0.46393245458602905
7400 0.5198693871498108 0.4606836140155792
7401 0.5195484161376953 0.46491217613220215
7402 0.5308213233947754 0.4488341510295868
7403 0.5278534889221191 0.4489686191082001
7404 0.5393747687339783 0.47477012872695923
7405 0.5374424457550049 0.4726467728614807
7406 0.5382640361785889 0.4687395393848419
7407 0.5423876643180847 0.5024251937866211
7408 0.5424438118934631 0.5025545954704285
7409 0.5416083335876465 0.5020413994789124
7410 0.5430665612220764 0.5030665993690491
7411 0.5418093800544739 0.502298891544342
7412 0.5409020781517029 0.5016855597496033
7413 0.5409374833106995 0.5018215179443359
7414 0.5401347279548645 0.5012984275817871
7415 0.5401651859283447 0.5012373328208923
7416 0.5409030318260193 0.5015773177146912
7417 0.5254991054534912 0.45517686009407043
7418 0.5250845551490784 0.45985129475593567
7419 0.5202999711036682 0.45638373494148254
7420 0.5198968052864075 0.4508567452430725
7421 0.5182159543037415 0.4516330361366272
7422 0.5178753733634949 0.4290001094341278
7423 0.5184043049812317 0.42658472061157227
7424 0.5172021389007568 0.43380114436149597
7425 0.5182023644447327 0.4327797591686249
7426 0.520334780216217 0.4437679946422577
7427 0.5259342789649963 0.450314998626709
7428 0.5282159447669983 0.45477813482284546
7429 0.5351221561431885 0.475694477558136
7430 0.5354424118995667 0.4713628888130188
7431 0.5370861887931824 0.4767630696296692
7432 0.5377148985862732 0.4862987697124481
7433 0.5382845997810364 0.4821668267250061
7434 0.538757860660553 0.48904943466186523
7435 0.5392410159111023 0.4979119896888733
7436 0.5400855541229248 0.497347891330719
7437 0.5402106642723083 0.49884313344955444
7438 0.5028631687164307 0.4676342308521271
7439 0.5009222030639648 0.47072499990463257
7440 0.49946263432502747 0.4658198356628418
7441 0.5008617043495178 0.46350499987602234
7442 0.5017662644386292 0.4475052058696747
7443 0.5003249645233154 0.450208455324173
7444 0.4994862675666809 0.4474826455116272
7445 0.4994698166847229 0.4600079357624054
7446 0.5007403492927551 0.45669296383857727
7447 0.5023038387298584 0.4604877829551697
7448 0.5017853379249573 0.4537213444709778
7449 0.49947911500930786 0.4524974524974823
7450 0.4994507133960724 0.4753876030445099
7451 0.5027560591697693 0.4763682186603546
7452 0.504482090473175 0.4542114734649658
7453 0.5034746527671814 0.45729783177375793
7454 0.5030505657196045 0.45051974058151245
7455 0.503929853439331 0.44814613461494446
7456 0.5043887495994568 0.4512881636619568
7457 0.506196916103363 0.4538891613483429
7458 0.50469571352005 0.4576077163219452
7459 0.5056001543998718 0.44856569170951843
7460 0.5073018670082092 0.45087435841560364
7461 0.5082599520683289 0.4561764895915985
7462 0.5133758187294006 0.4558437466621399
7463 0.5127916932106018 0.45937198400497437
7464 0.5104812979698181 0.45804980397224426
7465 0.5048425793647766 0.4609370529651642
7466 0.5042054057121277 0.46437838673591614
7467 0.5138495564460754 0.4640946686267853
7468 0.5119824409484863 0.46317604184150696
7469 0.5167389512062073 0.4689099192619324
7470 0.5139102935791016 0.46788933873176575
7471 0.5068745613098145 0.4602202773094177
7472 0.5096620917320251 0.4617663025856018
7473 0.5055355429649353 0.4641985595226288
7474 0.5082107186317444 0.46640151739120483
7475 0.5110266208648682 0.4677119851112366
7476 0.5105538964271545 0.4719212055206299
7477 0.5134892463684082 0.4719667136669159
7478 0.5090814232826233 0.4888341426849365
7479 0.5057430863380432 0.4870636761188507
7480 0.5070908069610596 0.4844667911529541
7481 0.504547655582428 0.4818422496318817
7482 0.505533754825592 0.4789385497570038
7483 0.5080931782722473 0.4766598343849182
7484 0.5095396637916565 0.4821624159812927
7485 0.5051762461662292 0.4685005843639374
7486 0.5049772262573242 0.47233152389526367
7487 0.5110941529273987 0.47629639506340027
7488 0.5074072480201721 0.471132755279541
7489 0.5145331025123596 0.4521622061729431
7490 0.5164423584938049 0.45218849182128906
7491 0.5188207030296326 0.4454149603843689
7492 0.5173067450523376 0.44657114148139954
7493 0.5190436840057373 0.4272143542766571
7494 0.5198232531547546 0.43019556999206543
7495 0.5195464491844177 0.43206095695495605
7496 0.5187216401100159 0.43058255314826965
7497 0.5188848376274109 0.4212927222251892
7498 0.5137487053871155 0.44729048013687134
7499 0.5156074166297913 0.447292298078537
7500 0.5203959941864014 0.43568775057792664
7501 0.5182263851165771 0.44286781549453735
7502 0.5167512893676758 0.44386768341064453
7503 0.5136050581932068 0.443683385848999
7504 0.5151679515838623 0.4442918598651886
7505 0.5192493796348572 0.43805408477783203
7506 0.5179007649421692 0.44014284014701843
7507 0.5187658667564392 0.43405506014823914
7508 0.5153685212135315 0.44122928380966187
7509 0.5167019367218018 0.43786001205444336
7510 0.5177865624427795 0.4372301399707794
7511 0.5166072249412537 0.4411448836326599
7512 0.5196152329444885 0.44102075695991516
7513 0.5353942513465881 0.5098273754119873
7514 0.5342087745666504 0.509657621383667
7515 0.5344739556312561 0.5077660083770752
7516 0.5351941585540771 0.508324384689331
7517 0.5362820625305176 0.5101656317710876
7518 0.5364766716957092 0.5132835507392883
7519 0.5353343486785889 0.5126190185546875
7520 0.5344337821006775 0.5062021613121033
7521 0.5334146618843079 0.5070715546607971
7522 0.533662736415863 0.505503237247467
7523 0.5380015969276428 0.5128303170204163
7524 0.5382190346717834 0.516381025314331
7525 0.5368943214416504 0.5156942009925842
7526 0.5397986769676208 0.5173868536949158
7527 0.5410352349281311 0.5195688605308533
7528 0.5391445755958557 0.5188314318656921
7529 0.5438539385795593 0.5168278217315674
7530 0.5456947684288025 0.521908700466156
7531 0.5430660843849182 0.5213779807090759
7532 0.5718875527381897 0.5274782180786133
7533 0.5659509301185608 0.5317934155464172
7534 0.5677266716957092 0.5279616713523865
7535 0.558560848236084 0.533629834651947
7536 0.5614981055259705 0.5304980278015137
7537 0.5471629500389099 0.5308289527893066
7538 0.5506706237792969 0.5335025191307068
7539 0.5436874032020569 0.5342166423797607
7540 0.5408682823181152 0.5318573117256165
7541 0.5377838611602783 0.534451425075531
7542 0.5361025929450989 0.5314106345176697
7543 0.532367467880249 0.5332458019256592
7544 0.531453549861908 0.5295286774635315
7545 0.5281562209129333 0.5304165482521057
7546 0.5229857563972473 0.5259858965873718
7547 0.5280762314796448 0.5262572765350342
7548 0.5207393169403076 0.5212684273719788
7549 0.5238573551177979 0.5222788453102112
7550 0.5682503581047058 0.5137317180633545
7551 0.5672426223754883 0.5168841481208801
7552 0.5638789534568787 0.518092691898346
7553 0.5652630925178528 0.5155549049377441
7554 0.549652636051178 0.5214852690696716
7555 0.5515086650848389 0.5202913284301758
7556 0.5537934899330139 0.5198447108268738
7557 0.5518786907196045 0.5211527347564697
7558 0.5478792786598206 0.5213460326194763
7559 0.5478916764259338 0.522334635257721
7560 0.5573899745941162 0.5210273861885071
7561 0.5558744072914124 0.516990602016449
7562 0.5594358444213867 0.5205650925636292
7563 0.5609303116798401 0.518071711063385
7564 0.5626750588417053 0.5205535888671875
7565 0.573230504989624 0.5231043696403503
7566 0.5775060057640076 0.5211883187294006
7567 0.5539001822471619 0.5303077101707458
7568 0.5220221877098083 0.5179662108421326
7569 0.5171617865562439 0.5095390677452087
7570 0.5245275497436523 0.5840132832527161
7571 0.5212430357933044 0.5914646983146667
7572 0.5798017382621765 0.5753731727600098
7573 0.573066771030426 0.574852466583252
7574 0.5630584359169006 0.5787783265113831
7575 0.5594529509544373 0.5854693055152893
7576 0.5769731402397156 0.5842689871788025
7577 0.5667662620544434 0.5900340676307678
7578 0.5700898766517639 0.5819509029388428
7579 0.5559825897216797 0.5928552150726318
7580 0.5397911071777344 0.5891799926757812
7581 0.5333852171897888 0.5825172066688538
7582 0.5359688401222229 0.5968465209007263
7583 0.5262100696563721 0.5982072353363037
7584 0.5297333598136902 0.5901899933815002
7585 0.5458605885505676 0.5962159633636475
7586 0.6206406950950623 0.4402506649494171
7587 0.615570604801178 0.45320552587509155
7588 0.6092609763145447 0.44777894020080566
7589 0.616114616394043 0.4702816605567932
7590 0.6112709045410156 0.46382811665534973
7591 0.6217556595802307 0.4601762294769287
7592 0.6072148680686951 0.473234623670578
7593 0.6027432084083557 0.46828919649124146
7594 0.6061310172080994 0.4585333466529846
7595 0.6001152396202087 0.5045908093452454
7596 0.6043026447296143 0.49912598729133606
7597 0.6064426302909851 0.5067840218544006
7598 0.6009874939918518 0.4544267952442169
7599 0.5979346632957458 0.46427300572395325
7600 0.5930190086364746 0.46149829030036926
7601 0.5994516015052795 0.4755666255950928
7602 0.5955905318260193 0.4718782603740692
7603 0.5950998663902283 0.5030843615531921
7604 0.5983462333679199 0.4980394244194031
7605 0.5906068682670593 0.5023388266563416
7606 0.5937469005584717 0.4978713393211365
7607 0.5915128588676453 0.46888089179992676
7608 0.5873722434043884 0.46694138646125793
7609 0.5894421935081482 0.4990525543689728
7610 0.5871031284332275 0.5027385354042053
7611 0.5892594456672668 0.4814109802246094
7612 0.5862484574317932 0.47951605916023254
7613 0.5864431858062744 0.4742315113544464
7614 0.5900905728340149 0.4760579764842987
7615 0.5827436447143555 0.4731755554676056
7616 0.5935078263282776 0.47849538922309875
7617 0.5807937979698181 0.4810795783996582
7618 0.5773946642875671 0.4802709221839905
7619 0.6286947727203369 0.44847866892814636
7620 0.6279483437538147 0.46930986642837524
7621 0.6113702654838562 0.4789336323738098
7622 0.6064339280128479 0.4855789840221405
7623 0.6031422019004822 0.48012757301330566
7624 0.5994600653648376 0.48662135004997253
7625 0.5965872406959534 0.48189777135849
7626 0.5944165587425232 0.48794299364089966
7627 0.5920161604881287 0.48418477177619934
7628 0.5904093384742737 0.49046140909194946
7629 0.588322103023529 0.48791980743408203
7630 0.5782542824745178 0.5165757536888123
7631 0.5817332863807678 0.5135646462440491
7632 0.5846605896949768 0.506327211856842
7633 0.5820079445838928 0.5095057487487793
7634 0.5470423102378845 0.492768794298172
7635 0.5464012026786804 0.5032039284706116
7636 0.5462934374809265 0.5029880404472351
7637 0.5462097525596619 0.5008195042610168
7638 0.5462172627449036 0.5027628540992737
7639 0.5458023548126221 0.49501773715019226
7640 0.5456681251525879 0.4850165843963623
7641 0.545823872089386 0.47519800066947937
7642 0.5453314185142517 0.46548229455947876
7643 0.5326343178749084 0.42762821912765503
7644 0.5372925400733948 0.4354180693626404
7645 0.5297626852989197 0.4243333041667938
7646 0.5268242359161377 0.4175400733947754
7647 0.5216287970542908 0.41254308819770813
7648 0.5235047340393066 0.40649721026420593
7649 0.5212238430976868 0.40107032656669617
7650 0.5213213562965393 0.4107770323753357
7651 0.5165247321128845 0.3922674357891083
7652 0.5184123516082764 0.3970392346382141
7653 0.5146335959434509 0.39434534311294556
7654 0.5125167369842529 0.39083102345466614
7655 0.5105614066123962 0.3929993808269501
7656 0.5064368844032288 0.3924536406993866
7657 0.5085462927818298 0.38996484875679016
7658 0.5028511881828308 0.3934459984302521
7659 0.5048322081565857 0.39061620831489563
7660 0.4993912875652313 0.3952138125896454
7661 0.5013513565063477 0.39232319593429565
7662 0.5476670861244202 0.49815914034843445
7663 0.5445094704627991 0.4974651336669922
7664 0.5512199401855469 0.4978838562965393
7665 0.5549268126487732 0.49838680028915405
7666 0.5574120879173279 0.4998619854450226
7667 0.5603603720664978 0.5003705024719238
7668 0.5618622303009033 0.5161645412445068
7669 0.5658277869224548 0.5122580528259277
7670 0.5575637221336365 0.5157378315925598
7671 0.5529038310050964 0.5157864689826965
7672 0.5495747923851013 0.5206890106201172
7673 0.5459371209144592 0.5206227898597717
7674 0.5425552725791931 0.5149927735328674
7675 0.5393770337104797 0.5137171745300293
7676 0.5373961925506592 0.5107664465904236
7677 0.5359711647033691 0.5085856914520264
7678 0.5351309180259705 0.5068044662475586
7679 0.5343225002288818 0.50480717420578
7680 0.5385432839393616 0.49403125047683716
7681 0.5402293801307678 0.49378302693367004
7682 0.5421736240386963 0.4961457848548889
7683 0.5143640637397766 0.337110698223114
7684 0.5122194886207581 0.3364386558532715
7685 0.510915219783783 0.33409804105758667
7686 0.5126996636390686 0.3340465724468231
7687 0.5094303488731384 0.33487340807914734
7688 0.5085448622703552 0.3329634666442871
7689 0.5100546479225159 0.3321340084075928
7690 0.510191023349762 0.34294989705085754
7691 0.510191023349762 0.34294986724853516
7692 0.510191023349762 0.34294989705085754
7693 0.510191023349762 0.34294989705085754
7694 0.510191023349762 0.34294989705085754
7695 0.510191023349762 0.34294989705085754
7696 0.510191023349762 0.34294989705085754
7697 0.510191023349762 0.34294989705085754
7698 0.510191023349762 0.34294989705085754
7699 0.510191023349762 0.34294989705085754
7700 0.510191023349762 0.34294989705085754
7701 0.510191023349762 0.34294989705085754
7702 0.510191023349762 0.34294989705085754
7703 0.510191023349762 0.34294989705085754
7704 0.510191023349762 0.34294989705085754
7705 0.510191023349762 0.34294989705085754
7706 0.510191023349762 0.34294989705085754
7707 0.510191023349762 0.34294989705085754
7708 0.510191023349762 0.34294989705085754
7709 0.5102362036705017 0.342241108417511
7710 0.510191023349762 0.34294989705085754
7711 0.510191023349762 0.34294986724853516
7712 0.510191023349762 0.34294989705085754
7713 0.510191023349762 0.34294986724853516
7714 0.510191023349762 0.34294989705085754
7715 0.510191023349762 0.34294989705085754
7716 0.510191023349762 0.34294989705085754
7717 0.5092335343360901 0.34294989705085754
7718 0.5099718570709229 0.3416692912578583
7719 0.5040784478187561 0.34054163098335266
7720 0.5031571984291077 0.3419853448867798
7721 0.5017613768577576 0.3410285711288452
7722 0.502769947052002 0.3395040035247803
7723 0.5063309669494629 0.33974015712738037
7724 0.5054554343223572 0.3412991762161255
7725 0.5050084590911865 0.33891770243644714
7726 0.510191023349762 0.34294989705085754
7727 0.510191023349762 0.34294989705085754
7728 0.510191023349762 0.34294986724853516
7729 0.5114414691925049 0.3423301875591278
7730 0.5102500915527344 0.34202149510383606
7731 0.5102978348731995 0.34127113223075867
7732 0.5114116668701172 0.3409850597381592
7733 0.5079373717308044 0.34294989705085754
7734 0.5074243545532227 0.34294989705085754
7735 0.505299985408783 0.34294989705085754
7736 0.5057389140129089 0.34294989705085754
7737 0.5045831799507141 0.34294989705085754
7738 0.5037617683410645 0.34295037388801575
7739 0.5022387504577637 0.3429517447948456
7740 0.510191023349762 0.34294989705085754
7741 0.5100511908531189 0.34294989705085754
7742 0.5083141922950745 0.34294989705085754
7743 0.506917417049408 0.34252703189849854
7744 0.5063786506652832 0.34294989705085754
7745 0.510344922542572 0.3405317962169647
7746 0.5113112330436707 0.34012535214424133
7747 0.5086014866828918 0.3398813009262085
7748 0.5095253586769104 0.33874770998954773
7749 0.510191023349762 0.34294989705085754
7750 0.510191023349762 0.34294989705085754
7751 0.510191023349762 0.34294989705085754
7752 0.510191023349762 0.34294989705085754
7753 0.5101923942565918 0.3429289162158966
7754 0.510191023349762 0.34294989705085754
7755 0.5114664435386658 0.34231996536254883
7756 0.5015121102333069 0.3315284252166748
7757 0.5028427243232727 0.3296845257282257
7758 0.5038109421730042 0.3319571316242218
7759 0.5026476979255676 0.33328330516815186
7760 0.5060839653015137 0.33270201086997986
7761 0.5048137307167053 0.33377429842948914
7762 0.5051343441009521 0.3301181495189667
7763 0.5167761445045471 0.34022724628448486
7764 0.5183528065681458 0.3410298824310303
7765 0.5185762047767639 0.342115193605423
7766 0.5176148414611816 0.34170645475387573
7767 0.5152618288993835 0.339274138212204
7768 0.5165215134620667 0.33823567628860474
7769 0.5187053084373474 0.34251639246940613
7770 0.5177339911460876 0.34253808856010437
7771 0.5188904404640198 0.3426055610179901
7772 0.519793689250946 0.3426397442817688
7773 0.5004097819328308 0.33295559883117676
7774 0.4995581805706024 0.3315896987915039
7775 0.5004187226295471 0.3295857906341553
7776 0.5023056864738464 0.3429517149925232
7777 0.5006203055381775 0.3429531753063202
7778 0.5018715262413025 0.34295204281806946
7779 0.510191023349762 0.34294989705085754
7780 0.510191023349762 0.34294986724853516
7781 0.510191023349762 0.34294986724853516
7782 0.510191023349762 0.34294989705085754
7783 0.510191023349762 0.34294989705085754
7784 0.510191023349762 0.34294989705085754
7785 0.5114467144012451 0.3416554927825928
7786 0.5101981163024902 0.34283941984176636
7787 0.5172140598297119 0.345353364944458
7788 0.5187674164772034 0.34253767132759094
7789 0.5196855664253235 0.34265562891960144
7790 0.5013532638549805 0.3429524898529053
7791 0.4999218285083771 0.34295371174812317
7792 0.5008167624473572 0.3427199721336365
7793 0.510191023349762 0.34294989705085754
7794 0.510191023349762 0.34294986724853516
7795 0.510191023349762 0.34294989705085754
7796 0.510191023349762 0.34294989705085754
7797 0.5193142294883728 0.3424432575702667
7798 0.5177140235900879 0.3423585593700409
7799 0.511486291885376 0.34210312366485596
7800 0.510191023349762 0.34294989705085754
7801 0.510191023349762 0.34294989705085754
7802 0.5205584168434143 0.3447558581829071
7803 0.5198083519935608 0.3469903767108917
7804 0.5200609564781189 0.34272244572639465
7805 0.5198639035224915 0.34259963035583496
7806 0.5201983451843262 0.34274792671203613
7807 0.5193392634391785 0.3416270613670349
7808 0.5200174450874329 0.34212082624435425
7809 0.518330991268158 0.33939000964164734
7810 0.5199111104011536 0.3406369686126709
7811 0.5149174332618713 0.3352271318435669
7812 0.517284095287323 0.3368564248085022
7813 0.5116505026817322 0.33152011036872864
7814 0.5135529637336731 0.33200570940971375
7815 0.5092305541038513 0.33021366596221924
7816 0.5108008980751038 0.329429030418396
7817 0.5064103007316589 0.3286081850528717
7818 0.5041251182556152 0.32784363627433777
7819 0.5053488612174988 0.32734349370002747
7820 0.5016055107116699 0.3276296854019165
7821 0.5027932524681091 0.32710838317871094
7822 0.5159423351287842 0.3447478115558624
7823 0.5147128701210022 0.34364932775497437
7824 0.5160794258117676 0.344577819108963
7825 0.5147262215614319 0.34356439113616943
7826 0.5160232186317444 0.3447406589984894
7827 0.5164871215820312 0.3421192169189453
7828 0.5146250128746033 0.3441333770751953
7829 0.5162867903709412 0.34128597378730774
7830 0.5150551199913025 0.34182143211364746
7831 0.5149662494659424 0.3406063914299011
7832 0.5136685967445374 0.3384706377983093
7833 0.5120378136634827 0.3380415737628937
7834 0.5106232762336731 0.33623334765434265
7835 0.5094799995422363 0.3365772068500519
7836 0.5082225203514099 0.3354731798171997
7837 0.5058655738830566 0.33521726727485657
7838 0.5046968460083008 0.33661821484565735
7839 0.5037540793418884 0.33515211939811707
7840 0.5015369057655334 0.33496472239494324
7841 0.5026288628578186 0.3365428149700165
7842 0.5131974816322327 0.3423507511615753
7843 0.5130502581596375 0.34245431423187256
7844 0.513087809085846 0.34236085414886475
7845 0.5130443572998047 0.3420118987560272
7846 0.5132140517234802 0.34146827459335327
7847 0.513603150844574 0.340459942817688
7848 0.5105738043785095 0.3378639817237854
7849 0.508354663848877 0.33734914660453796
7850 0.5060210824012756 0.33747050166130066
7851 0.5038056969642639 0.3376854658126831
7852 0.5015997886657715 0.33824074268341064
7853 0.510191023349762 0.34294989705085754
7854 0.510191023349762 0.34294989705085754
7855 0.510191023349762 0.34294989705085754
7856 0.510191023349762 0.34294989705085754
7857 0.510191023349762 0.34294989705085754
7858 0.510191023349762 0.34294989705085754
7859 0.510191023349762 0.34294989705085754
7860 0.510191023349762 0.34294989705085754
7861 0.510191023349762 0.34294989705085754
7862 0.510191023349762 0.34294989705085754
7863 0.510191023349762 0.34294989705085754
7864 0.510191023349762 0.34294989705085754
7865 0.49962085485458374 0.34165215492248535
7866 0.5005927681922913 0.33992308378219604
7867 0.49956372380256653 0.3276383876800537
7868 0.5004286170005798 0.3268907964229584
7869 0.5005121827125549 0.33658912777900696
7870 0.49948543310165405 0.33495619893074036
7871 0.49948954582214355 0.3386967182159424
7872 0.5075833201408386 0.3312792479991913
7873 0.5079140663146973 0.32792529463768005
7874 0.510191023349762 0.34294989705085754
7875 0.510191023349762 0.34294986724853516
7876 0.510191023349762 0.34294989705085754
7877 0.510191023349762 0.34294989705085754
7878 0.5070345997810364 0.336504727602005
7879 0.5072492957115173 0.33846545219421387
7880 0.5077924132347107 0.34114620089530945
7881 0.5088815093040466 0.34294989705085754
7882 0.5069922804832458 0.33423149585723877
7883 0.5003373622894287 0.3429534137248993
7884 0.5028855800628662 0.3429511785507202
7885 0.5060412287712097 0.34294989705085754
7886 0.5085747241973877 0.34294989705085754
7887 0.510191023349762 0.34294989705085754
7888 0.510191023349762 0.34294989705085754
7889 0.510191023349762 0.34294989705085754
7890 0.510191023349762 0.34294989705085754
7891 0.510191023349762 0.34294989705085754
7892 0.510191023349762 0.34294989705085754
7893 0.510191023349762 0.34294989705085754
7894 0.510191023349762 0.34294989705085754
7895 0.5215263366699219 0.3451072871685028
7896 0.5209583640098572 0.3460320234298706
7897 0.5208773016929626 0.34398844838142395
7898 0.5205397605895996 0.34241825342178345
7899 0.5209936499595642 0.3432193398475647
7900 0.5206591486930847 0.34125566482543945
7901 0.5213403105735779 0.3417244553565979
7902 0.518946647644043 0.3382570445537567
7903 0.5205302238464355 0.339633584022522
7904 0.5157933235168457 0.3336946368217468
7905 0.5181875228881836 0.3356271982192993
7906 0.5146374106407166 0.33011987805366516
7907 0.5124728679656982 0.3292493522167206
7908 0.5095414519309998 0.3276870548725128
7909 0.5111569762229919 0.3268645107746124
7910 0.5080599188804626 0.3250732719898224
7911 0.506507158279419 0.3260223865509033
7912 0.5056660175323486 0.32407906651496887
7913 0.5040012001991272 0.3261110484600067
7914 0.5015277862548828 0.32584866881370544
7915 0.5026809573173523 0.3244342803955078
7916 0.5003312230110168 0.3240509331226349
7917 0.49956658482551575 0.3254220187664032
7918 0.5115057826042175 0.3421352207660675
7919 0.5102134346961975 0.3425978422164917
7920 0.510191023349762 0.34294989705085754
7921 0.510191023349762 0.34294989705085754
7922 0.510191023349762 0.34294989705085754
7923 0.510191023349762 0.34294989705085754
7924 0.510191023349762 0.34294989705085754
7925 0.510191023349762 0.34294989705085754
7926 0.510191023349762 0.34294989705085754
7927 0.510191023349762 0.34294989705085754
7928 0.5188817381858826 0.3467599153518677
7929 0.5176883339881897 0.3464216887950897
7930 0.5168004035949707 0.345551460981369
7931 0.510191023349762 0.34294989705085754
7932 0.510191023349762 0.34294989705085754
7933 0.510191023349762 0.34294989705085754
7934 0.510191023349762 0.34294989705085754
7935 0.510191023349762 0.34294989705085754
7936 0.510191023349762 0.34294989705085754
7937 0.510191023349762 0.34294986724853516
7938 0.510191023349762 0.34294989705085754
7939 0.510719358921051 0.3417298197746277
7940 0.5102244019508362 0.3424264192581177
7941 0.5161678791046143 0.34598514437675476
7942 0.5184934139251709 0.3474287986755371
7943 0.5175683498382568 0.34768199920654297
7944 0.5200467705726624 0.34930041432380676
7945 0.5191883444786072 0.3499605059623718
7946 0.5194529891014099 0.3474588096141815
7947 0.5200314521789551 0.34732386469841003
7948 0.5146897435188293 0.34570008516311646
7949 0.514066755771637 0.34422972798347473
7950 0.5153468251228333 0.34493187069892883
7951 0.5145044922828674 0.3439728915691376
7952 0.5115752816200256 0.3415490388870239
7953 0.5126657485961914 0.34206464886665344
7954 0.510191023349762 0.34294989705085754
7955 0.510191023349762 0.34294989705085754
7956 0.5208693146705627 0.34886038303375244
7957 0.5219808220863342 0.35132691264152527
7958 0.5211243033409119 0.3519916534423828
7959 0.5214588046073914 0.34849122166633606
7960 0.510191023349762 0.34294989705085754
7961 0.510191023349762 0.34294989705085754
7962 0.510191023349762 0.34294986724853516
7963 0.510191023349762 0.34294989705085754
7964 0.5101911425590515 0.34294989705085754
7965 0.510191023349762 0.34294989705085754
7966 0.510993242263794 0.34294992685317993
7967 0.510191023349762 0.34294989705085754
7968 0.510191023349762 0.34294989705085754
7969 0.5108770728111267 0.3433864414691925
7970 0.5102639198303223 0.34294989705085754
7971 0.5101911425590515 0.34294989705085754
7972 0.5101911425590515 0.34294989705085754
7973 0.5101911425590515 0.34294986724853516
7974 0.510191023349762 0.34294989705085754
7975 0.510191023349762 0.34294989705085754
7976 0.5101911425590515 0.34294986724853516
7977 0.5095787644386292 0.34294989705085754
7978 0.5088319778442383 0.34411710500717163
7979 0.5078263282775879 0.3430326282978058
7980 0.510191023349762 0.34294989705085754
7981 0.5098418593406677 0.34294989705085754
7982 0.510191023349762 0.34294989705085754
7983 0.505106508731842 0.34294989705085754
7984 0.505768358707428 0.34294989705085754
7985 0.5040178298950195 0.34295016527175903
7986 0.5031003952026367 0.3429510295391083
7987 0.5055126547813416 0.34294989705085754
7988 0.5039043426513672 0.34295031428337097
7989 0.5058143138885498 0.34294989705085754
7990 0.5070496201515198 0.34294986724853516
7991 0.5098581314086914 0.3585682213306427
7992 0.5082259774208069 0.35648319125175476
7993 0.5094732642173767 0.3551536798477173
7994 0.5110679268836975 0.3568032383918762
7995 0.5128386616706848 0.3572480082511902
7996 0.5122477412223816 0.3543180227279663
7997 0.5143402218818665 0.35468441247940063
7998 0.5150327682495117 0.3515551686286926
7999 0.5166512131690979 0.3514542877674103
8000 0.5162954926490784 0.3546123802661896
8001 0.504054605960846 0.35827943682670593
8002 0.5024363398551941 0.3545062243938446
8003 0.5037489533424377 0.35091879963874817
8004 0.505385160446167 0.3550116717815399
8005 0.510191023349762 0.34294989705085754
8006 0.5103006958961487 0.3412269353866577
8007 0.512122392654419 0.34294992685317993
8008 0.5108914971351624 0.34681540727615356
8009 0.5098430514335632 0.3454146683216095
8010 0.5114900469779968 0.34403401613235474
8011 0.5121249556541443 0.3447823226451874
8012 0.508695662021637 0.34688520431518555
8013 0.50747150182724 0.3447730243206024
8014 0.5035274028778076 0.34295061230659485
8015 0.502679169178009 0.34295132756233215
8016 0.5051501393318176 0.34294989705085754
8017 0.510191023349762 0.34294989705085754
8018 0.510191023349762 0.34294989705085754
8019 0.510191023349762 0.34294989705085754
8020 0.510191023349762 0.34294989705085754
8021 0.502220094203949 0.34295177459716797
8022 0.5008226037025452 0.3429529368877411
8023 0.502464771270752 0.34295153617858887
8024 0.51661616563797 0.3480645418167114
8025 0.5180866718292236 0.3508479595184326
8026 0.5009990334510803 0.34295275807380676
8027 0.5028429627418518 0.342951238155365
8028 0.5043379664421082 0.34294989705085754
8029 0.5061526894569397 0.34294989705085754
8030 0.5075907111167908 0.34294989705085754
8031 0.501650869846344 0.34295225143432617
8032 0.5005630850791931 0.3429532051086426
8033 0.5019670128822327 0.3429519832134247
8034 0.5054485201835632 0.36166030168533325
8035 0.504081666469574 0.36454251408576965
8036 0.5026347041130066 0.36179351806640625
8037 0.5116963386535645 0.3596194088459015
8038 0.5105004906654358 0.3619632124900818
8039 0.5086691975593567 0.36072635650634766
8040 0.5150763988494873 0.3576343357563019
8041 0.5135335326194763 0.35985445976257324
8042 0.5172285437583923 0.3572627902030945
8043 0.5181027054786682 0.3540451228618622
8044 0.5199026465415955 0.3530287444591522
8045 0.5023847222328186 0.34742021560668945
8046 0.5034556984901428 0.3458459675312042
8047 0.5049862265586853 0.34959661960601807
8048 0.5077459812164307 0.3524470031261444
8049 0.5089966654777527 0.3517138361930847
8050 0.5106375813484192 0.35344552993774414
8051 0.5116034150123596 0.35073697566986084
8052 0.5133610367774963 0.3513832688331604
8053 0.5135021805763245 0.34816408157348633
8054 0.5153036117553711 0.3482802212238312
8055 0.5133596062660217 0.3454577624797821
8056 0.5048997402191162 0.34531140327453613
8057 0.5022163987159729 0.34295177459716797
8058 0.50996333360672 0.3489490747451782
8059 0.5074408054351807 0.3480720520019531
8060 0.511677086353302 0.34754082560539246
8061 0.5127783417701721 0.3452567458152771
8062 0.5013031363487244 0.34295251965522766
8063 0.5003480315208435 0.3429534137248993
8064 0.5069615840911865 0.35850363969802856
8065 0.5070829391479492 0.363852322101593
8066 0.5066590309143066 0.35323548316955566
8067 0.505980908870697 0.34831202030181885
8068 0.5061878561973572 0.3447842597961426
8069 0.5063402652740479 0.34294989705085754
8070 0.5071335434913635 0.34294989705085754
8071 0.507985532283783 0.34294989705085754
8072 0.5088479518890381 0.34294989705085754
8073 0.5011101365089417 0.36430567502975464
8074 0.4996996521949768 0.3612038791179657
8075 0.5010459423065186 0.3583166301250458
8076 0.5011752247810364 0.3499058485031128
8077 0.4997623562812805 0.34532734751701355
8078 0.5010402798652649 0.3438539206981659
8079 0.5000438690185547 0.3429536521434784
8080 0.4998832046985626 0.3544568717479706
8081 0.510191023349762 0.34294989705085754
8082 0.5101911425590515 0.34294989705085754
8083 0.510191023349762 0.34294989705085754
8084 0.5088014006614685 0.34294986724853516
8085 0.5063987374305725 0.34294989705085754
8086 0.5035157203674316 0.34295061230659485
8087 0.5006987452507019 0.342953085899353
8088 0.5010783672332764 0.36919620633125305
8089 0.4996187388896942 0.3670828342437744
8090 0.5025004744529724 0.36724260449409485
8091 0.5050897002220154 0.3668838143348694
8092 0.5040092468261719 0.36949947476387024
8093 0.5088012218475342 0.364824503660202
8094 0.5071334838867188 0.36862075328826904
8095 0.512420117855072 0.36241552233695984
8096 0.5108162760734558 0.3651306629180908
8097 0.5160225033760071 0.3600459694862366
8098 0.5141749978065491 0.36232951283454895
8099 0.5190014243125916 0.35661840438842773
8100 0.517916202545166 0.3587818443775177
8101 0.5206277966499329 0.35503438115119934
8102 0.5014676451683044 0.3224981129169464
8103 0.5042405128479004 0.3223516643047333
8104 0.5068244338035583 0.3224198520183563
8105 0.5170078277587891 0.33167728781700134
8106 0.5197340846061707 0.3368675410747528
8107 0.5218486189842224 0.34218060970306396
8108 0.521913468837738 0.3445420563220978
8109 0.5098621845245361 0.32422804832458496
8110 0.5133123993873596 0.3263828754425049
8111 0.49957042932510376 0.32227036356925964
8112 0.5215322971343994 0.3403303027153015
8113 0.5224258899688721 0.3466782569885254
8114 0.5226640105247498 0.3504340648651123
8115 0.5220065116882324 0.35394901037216187
8116 0.5200504660606384 0.3579854369163513
8117 0.516413152217865 0.36123764514923096
8118 0.5126326084136963 0.36388230323791504
8119 0.5087438225746155 0.36759400367736816
8120 0.5054798126220703 0.37070900201797485
8121 0.5027622580528259 0.3714735209941864
8122 0.4996185004711151 0.371717631816864
8123 0.5049833655357361 0.4093995690345764
8124 0.5047501921653748 0.4111841022968292
8125 0.5064451694488525 0.4075562655925751
8126 0.5058434009552002 0.4091312289237976
8127 0.5055103302001953 0.4106578230857849
8128 0.5054121017456055 0.41238921880722046
8129 0.5064854621887207 0.40910953283309937
8130 0.506144106388092 0.41031521558761597
8131 0.5097281336784363 0.42815354466438293
8132 0.5106657147407532 0.4296650290489197
8133 0.510185182094574 0.43219321966171265
8134 0.5119032263755798 0.427775114774704
8135 0.5122484564781189 0.4246695041656494
8136 0.513028085231781 0.4253547489643097
8137 0.5126972198486328 0.4286896586418152
8138 0.5077536702156067 0.4212647080421448
8139 0.5090513229370117 0.4214930832386017
8140 0.5082430243492126 0.4221360981464386
8141 0.5101511478424072 0.4256623387336731
8142 0.5093254446983337 0.4254186153411865
8143 0.5093474388122559 0.42253535985946655
8144 0.5087729096412659 0.4237403869628906
8145 0.5100691318511963 0.424761027097702
8146 0.5125296711921692 0.4377135634422302
8147 0.5127094388008118 0.4412565231323242
8148 0.5107467770576477 0.43727371096611023
8149 0.5134260654449463 0.4355762004852295
8150 0.5131903290748596 0.43280690908432007
8151 0.514739453792572 0.4336390495300293
8152 0.5146343111991882 0.43612807989120483
8153 0.5157498717308044 0.437590628862381
8154 0.5144005417823792 0.43993905186653137
8155 0.5139606595039368 0.4380369484424591
8156 0.5138082504272461 0.4258217513561249
8157 0.5132046341896057 0.4221148192882538
8158 0.5160812735557556 0.4340744614601135
8159 0.5145335793495178 0.4299240708351135
8160 0.5120611190795898 0.4350009262561798
8161 0.5116143226623535 0.43021899461746216
8162 0.5111318230628967 0.4265894889831543
8163 0.511350691318512 0.4240277111530304
8164 0.5106747150421143 0.4242386519908905
8165 0.5112718939781189 0.42371633648872375
8166 0.5104421973228455 0.4231068789958954
8167 0.5107131600379944 0.4216098189353943
8168 0.5097594857215881 0.42127755284309387
8169 0.5093864798545837 0.42017003893852234
8170 0.5101719498634338 0.4200904071331024
8171 0.5143735408782959 0.41880008578300476
8172 0.5138685703277588 0.41536208987236023
8173 0.5132970213890076 0.4166319668292999
8174 0.5134915709495544 0.4136367440223694
8175 0.5137028098106384 0.4215903580188751
8176 0.5136849284172058 0.41954734921455383
8177 0.5130072236061096 0.41985490918159485
8178 0.5126121640205383 0.4171901345252991
8179 0.5125334858894348 0.42261308431625366
8180 0.5130627155303955 0.4221501350402832
8181 0.5118946433067322 0.423171728849411
8182 0.5115851759910583 0.4220767617225647
8183 0.5123517513275146 0.4223962426185608
8184 0.5123618245124817 0.4200144112110138
8185 0.5170178413391113 0.3902732729911804
8186 0.5037569999694824 0.34295040369033813
8187 0.5026035904884338 0.3429514169692993
8188 0.5171800255775452 0.39676955342292786
8189 0.5047116875648499 0.34294989705085754
8190 0.5014503002166748 0.3429524600505829
8191 0.5008130669593811 0.3137270510196686
8192 0.506755530834198 0.34294989705085754
8193 0.5031528472900391 0.3120742738246918
8194 0.5137895941734314 0.3171491324901581
8195 0.5094670653343201 0.34294989705085754
8196 0.510371744632721 0.3146180808544159
8197 0.5708847641944885 0.19102942943572998
8198 0.5699425339698792 0.19022071361541748
8199 0.5563674569129944 0.17856964468955994
8200 0.5580883026123047 0.18004654347896576
8201 0.5568308234214783 0.17896722257137299
8202 0.5346384048461914 0.17164963483810425
8203 0.5319545269012451 0.17768189311027527
8204 0.5390691161155701 0.4103672206401825
8205 0.5378279685974121 0.407659113407135
8206 0.5252195000648499 0.40286824107170105
8207 0.5288498401641846 0.41211435198783875
8208 0.644634485244751 0.23049785196781158
8209 0.6686873435974121 0.2938865125179291
8210 0.6644048094749451 0.3091561496257782
8211 0.6670207977294922 0.2905978262424469
8212 0.5188161730766296 0.37615063786506653
8213 0.5083217024803162 0.34294989705085754
8214 0.5235609412193298 0.39471977949142456
8215 0.5166907906532288 0.39720356464385986
8216 0.5646213889122009 0.19287420809268951
8217 0.5700398087501526 0.19030417501926422
8218 0.5489402413368225 0.19996823370456696
8219 0.5821168422698975 0.2006695419549942
8220 0.584359347820282 0.20259419083595276
8221 0.6613728404045105 0.29706600308418274
8222 0.6582608819007874 0.3092895746231079
8223 0.6592857837677002 0.27533388137817383
8224 0.555936336517334 0.23923276364803314
8225 0.5676796436309814 0.23421861231327057
8226 0.5780511498451233 0.19718009233474731
8227 0.5880846381187439 0.20579147338867188
8228 0.6073441505432129 0.2149306684732437
8229 0.6368892788887024 0.25446251034736633
8230 0.6283465027809143 0.28532159328460693
8231 0.6308168768882751 0.33810800313949585
8232 0.510191023349762 0.34294989705085754
8233 0.5101911425590515 0.34294989705085754
8234 0.510191023349762 0.34294989705085754
8235 0.510191023349762 0.34294989705085754
8236 0.5096225738525391 0.34294989705085754
8237 0.5269919037818909 0.36466315388679504
8238 0.5261867046356201 0.3673706352710724
8239 0.5232804417610168 0.391357958316803
8240 0.5239946842193604 0.38776829838752747
8241 0.5309895873069763 0.3788325786590576
8242 0.5307726860046387 0.3831315040588379
8243 0.5735759139060974 0.35986530780792236
8244 0.5521058440208435 0.3796417713165283
8245 0.5333828330039978 0.3972332179546356
8246 0.5308002829551697 0.39037105441093445
8247 0.5462436079978943 0.37801453471183777
8248 0.5776124596595764 0.3579862415790558
8249 0.5663400292396545 0.36231711506843567
8250 0.5377874374389648 0.38009998202323914
8251 0.510191023349762 0.34294989705085754
8252 0.510191023349762 0.34294989705085754
8253 0.510191023349762 0.34294989705085754
8254 0.5776199698448181 0.23645928502082825
8255 0.5566101670265198 0.273107647895813
8256 0.5636582970619202 0.27289149165153503
8257 0.5837826132774353 0.2437574565410614
8258 0.5981121063232422 0.23035715520381927
8259 0.6044355034828186 0.30807259678840637
8260 0.6106976866722107 0.32503601908683777
8261 0.6176979541778564 0.269787073135376
8262 0.510191023349762 0.34294989705085754
8263 0.510191023349762 0.34294989705085754
8264 0.5294315218925476 0.3703000545501709
8265 0.5636286735534668 0.35433027148246765
8266 0.5497246384620667 0.36990854144096375
8267 0.5758842825889587 0.35322192311286926
8268 0.5346078276634216 0.3744378089904785
8269 0.5462203025817871 0.3668234944343567
8270 0.5336613655090332 0.36910316348075867
8271 0.5539178252220154 0.3063359260559082
8272 0.5593206286430359 0.3000541031360626
8273 0.556874692440033 0.29529544711112976
8274 0.5510531067848206 0.3021335303783417
8275 0.5598286986351013 0.3069052994251251
8276 0.5664682984352112 0.3039352595806122
8277 0.5695391297340393 0.28577014803886414
8278 0.534721314907074 0.31072568893432617
8279 0.510191023349762 0.34294989705085754
8280 0.537288248538971 0.309558242559433
8281 0.5458220839500427 0.31239089369773865
8282 0.5469310879707336 0.2999730110168457
8283 0.5414249300956726 0.3073216378688812
8284 0.5381979942321777 0.3073020279407501
8285 0.5397786498069763 0.30966880917549133
8286 0.5368237495422363 0.36521241068840027
8287 0.510191023349762 0.34294989705085754
8288 0.5491042733192444 0.35890981554985046
8289 0.5462243556976318 0.3562362492084503
8290 0.5583711266517639 0.3438510596752167
8291 0.5680776238441467 0.34407350420951843
8292 0.5749318599700928 0.3196866512298584
8293 0.5810547471046448 0.3316759765148163
8294 0.5891997814178467 0.2942759096622467
8295 0.5843088030815125 0.2736203968524933
8296 0.5677733421325684 0.27728986740112305
8297 0.552245557308197 0.29229167103767395
8298 0.5640256404876709 0.3216550052165985
8299 0.5679125189781189 0.32693538069725037
8300 0.5695119500160217 0.31318399310112
8301 0.554320752620697 0.33984872698783875
8302 0.5518977642059326 0.3446939289569855
8303 0.5603428483009338 0.3397780656814575
8304 0.510191023349762 0.34294989705085754
8305 0.510191023349762 0.34294989705085754
8306 0.510191023349762 0.34294989705085754
8307 0.510191023349762 0.34294989705085754
8308 0.510191023349762 0.34294989705085754
8309 0.510191023349762 0.34294989705085754
8310 0.510191023349762 0.34294989705085754
8311 0.563559353351593 0.3121848404407501
8312 0.5781074166297913 0.2930690050125122
8313 0.6014623641967773 0.26654961705207825
8314 0.6243286728858948 0.24993610382080078
8315 0.6358017921447754 0.2314617931842804
8316 0.6406074166297913 0.21998248994350433
8317 0.5680723786354065 0.188615620136261
8318 0.5552079677581787 0.33541983366012573
8319 0.5519761443138123 0.33507415652275085
8320 0.510191023349762 0.34294989705085754
8321 0.510191023349762 0.34294989705085754
8322 0.510191023349762 0.34294989705085754
8323 0.5599011778831482 0.3337686061859131
8324 0.5704615116119385 0.3349883556365967
8325 0.5823583006858826 0.3418070077896118
8326 0.6083385348320007 0.35953032970428467
8327 0.6138973832130432 0.364686518907547
8328 0.6147951483726501 0.368068665266037
8329 0.580200731754303 0.3415868282318115
8330 0.510191023349762 0.34294989705085754
8331 0.510191023349762 0.34294989705085754
8332 0.510191023349762 0.34294989705085754
8333 0.510191023349762 0.34294989705085754
8334 0.510191023349762 0.34294989705085754
8335 0.510191023349762 0.34294989705085754
8336 0.510191023349762 0.34294989705085754
8337 0.510191023349762 0.34294989705085754
8338 0.510191023349762 0.34294989705085754
8339 0.510191023349762 0.34294989705085754
8340 0.510191023349762 0.34294989705085754
8341 0.5543078780174255 0.33229708671569824
8342 0.5519893169403076 0.3299303352832794
8343 0.5579092502593994 0.3292863070964813
8344 0.510191023349762 0.34294989705085754
8345 0.5551179051399231 0.3097269535064697
8346 0.554606020450592 0.3132307529449463
8347 0.5584871172904968 0.31254899501800537
8348 0.510191023349762 0.34294989705085754
8349 0.5447215437889099 0.3174281418323517
8350 0.5446169376373291 0.31790676712989807
8351 0.5488887429237366 0.3129580318927765
8352 0.5509083271026611 0.3149425685405731
8353 0.5461259484291077 0.3188112676143646
8354 0.5514259338378906 0.3191838264465332
8355 0.510191023349762 0.34294989705085754
8356 0.5437297224998474 0.32196804881095886
8357 0.510191023349762 0.34294989705085754
8358 0.510191023349762 0.34294989705085754
8359 0.5598874092102051 0.31892216205596924
8360 0.5550513863563538 0.32628679275512695
8361 0.5547091364860535 0.32021573185920715
8362 0.510191023349762 0.34294989705085754
8363 0.5465827584266663 0.3234846293926239
8364 0.5442016124725342 0.3224923312664032
8365 0.5468740463256836 0.32866716384887695
8366 0.5519969463348389 0.32424402236938477
8367 0.510191023349762 0.34294989705085754
8368 0.512705385684967 0.3122485876083374
8369 0.5163066387176514 0.3126690089702606
8370 0.5155995488166809 0.30962565541267395
8371 0.5053424835205078 0.3123922646045685
8372 0.5118008255958557 0.31134772300720215
8373 0.500945508480072 0.3117537200450897
8374 0.5031805634498596 0.3120783269405365
8375 0.532264769077301 0.3083801567554474
8376 0.5351077914237976 0.3072831928730011
8377 0.5232333540916443 0.3151337802410126
8378 0.5291227698326111 0.3086061477661133
8379 0.5282450318336487 0.3072414696216583
8380 0.5249905586242676 0.3072216808795929
8381 0.5242905616760254 0.30721744894981384
8382 0.5181179642677307 0.3084839880466461
8383 0.5150229334831238 0.3098870515823364
8384 0.5143371224403381 0.3089550733566284
8385 0.5056162476539612 0.31243208050727844
8386 0.5313649773597717 0.20380398631095886
8387 0.512441873550415 0.20170725882053375
8388 0.5137361884117126 0.21382392942905426
8389 0.5035704970359802 0.3105745017528534
8390 0.5009555816650391 0.31175515055656433
8391 0.5460612773895264 0.24587440490722656
8392 0.5370399355888367 0.2805286645889282
8393 0.539530336856842 0.28405630588531494
8394 0.5460472106933594 0.282494455575943
8395 0.5291091799736023 0.306934118270874
8396 0.5272528529167175 0.3072354793548584
8397 0.530714213848114 0.3072564899921417
8398 0.5318073630332947 0.30726316571235657
8399 0.5340686440467834 0.30478334426879883
8400 0.5352123379707336 0.307283878326416
8401 0.5461964011192322 0.2912083566188812
8402 0.5407930016517639 0.2912158966064453
8403 0.5269399285316467 0.3072335720062256
8404 0.5397064089775085 0.30698052048683167
8405 0.5311523079872131 0.3031923472881317
8406 0.5277543663978577 0.30359649658203125
8407 0.5290911197662354 0.2997753322124481
8408 0.519429624080658 0.2995338439941406
8409 0.5192803740501404 0.2955110967159271
8410 0.5150465965270996 0.29800179600715637
8411 0.5146145224571228 0.2975609302520752
8412 0.5012244582176208 0.30868276953697205
8413 0.534938395023346 0.2939717471599579
8414 0.5322263836860657 0.2902662456035614
8415 0.5194081664085388 0.29441502690315247
8416 0.5065140128135681 0.22395624220371246
8417 0.5068283081054688 0.4192781150341034
8418 0.5054849982261658 0.4168567955493927
8419 0.5064815878868103 0.4168962836265564
8420 0.5052550435066223 0.41422039270401
8421 0.5080001950263977 0.41965559124946594
8422 0.5070178508758545 0.40786051750183105
8423 0.5091699957847595 0.40629148483276367
8424 0.512107789516449 0.417784184217453
8425 0.512406587600708 0.4172937870025635
8426 0.512788712978363 0.41670939326286316
8427 0.5108866095542908 0.42005330324172974
8428 0.5116258263587952 0.41992613673210144
8429 0.5116155743598938 0.4182836711406708
8430 0.509612500667572 0.40562036633491516
8431 0.5116481184959412 0.40814879536628723
8432 0.5125617384910583 0.4115922749042511
8433 0.5118609070777893 0.4101857542991638
8434 0.5124619007110596 0.41297557950019836
8435 0.5063623785972595 0.4143264591693878
8436 0.5062612891197205 0.4120768904685974
8437 0.5076436996459961 0.4154832363128662
8438 0.5080178380012512 0.4175940155982971
8439 0.5096539855003357 0.4184565246105194
8440 0.511147677898407 0.4092729389667511
8441 0.5097513794898987 0.4070005714893341
8442 0.5119931101799011 0.4116341769695282
8443 0.5113573670387268 0.41093897819519043
8444 0.5119596123695374 0.41764113306999207
8445 0.511627197265625 0.4160540699958801
8446 0.5119137167930603 0.41578370332717896
8447 0.5106310248374939 0.41901421546936035
8448 0.5111722350120544 0.4188386797904968
8449 0.5113675594329834 0.41754743456840515
8450 0.5068294405937195 0.4098725914955139
8451 0.506968080997467 0.41219809651374817
8452 0.508882462978363 0.40781429409980774
8453 0.5108162760734558 0.4109017848968506
8454 0.5112889409065247 0.41044214367866516
8455 0.5106549263000488 0.4170377552509308
8456 0.5109338164329529 0.41541147232055664
8457 0.5111892819404602 0.41571861505508423
8458 0.5099539160728455 0.4147622585296631
8459 0.5097647309303284 0.4163227379322052
8460 0.5115595459938049 0.4125449061393738
8461 0.5118957161903381 0.4129508137702942
8462 0.5114774107933044 0.41189268231391907
8463 0.5374834537506104 0.502960741519928
8464 0.5384156107902527 0.5033617615699768
8465 0.538555383682251 0.5034247040748596
8466 0.5529553294181824 0.5189273953437805
8467 0.5580138564109802 0.5191683173179626
8468 0.5573413968086243 0.5172310471534729
8469 0.5461714267730713 0.48877662420272827
8470 0.5455014705657959 0.4828363060951233
8471 0.5430007576942444 0.4919073283672333
8472 0.5378172993659973 0.5073910355567932
8473 0.5368614792823792 0.5110619068145752
8474 0.5390174388885498 0.5133516788482666
8475 0.5489954948425293 0.5190320611000061
8476 0.5529016852378845 0.5190925002098083
8477 0.5569913387298584 0.5046959519386292
8478 0.556469202041626 0.504852294921875
8479 0.555696427822113 0.5044078230857849
8480 0.5539235472679138 0.4915223717689514
8481 0.5540109276771545 0.4852333664894104
8482 0.5499114394187927 0.4886185824871063
8483 0.5434092879295349 0.5185932517051697
8484 0.5472497344017029 0.5193018317222595
8485 0.540456235408783 0.5167304873466492
8486 0.5390811562538147 0.503727912902832
8487 0.5376026630401611 0.5055944919586182
8488 0.5567221641540527 0.495423287153244
8489 0.5570836663246155 0.49177640676498413
8490 0.5595555305480957 0.4948417842388153
8491 0.5395656228065491 0.4893674850463867
8492 0.5421777367591858 0.5025419592857361
8493 0.5408432483673096 0.5018024444580078
8494 0.5399714112281799 0.5012546181678772
8495 0.5498152375221252 0.4810909926891327
8496 0.5577661395072937 0.5083689093589783
8497 0.560577392578125 0.5108452439308167
8498 0.558612048625946 0.5090882778167725
8499 0.5572337508201599 0.5080193877220154
8500 0.5612816214561462 0.5143399834632874
8501 0.5611801743507385 0.5121064186096191
8502 0.5599612593650818 0.5140562057495117
8503 0.5605998039245605 0.5175953507423401
8504 0.5444445013999939 0.48395392298698425
8505 0.5496887564659119 0.47840970754623413
8506 0.5477065443992615 0.48050522804260254
8507 0.5375828742980957 0.5133426785469055
8508 0.5365545749664307 0.5071001648902893
8509 0.5352442860603333 0.510098397731781
8510 0.5518072247505188 0.5188872218132019
8511 0.5535920262336731 0.5053424835205078
8512 0.5591063499450684 0.5194559097290039
8513 0.5590525269508362 0.4838213324546814
8514 0.560398519039154 0.4793427288532257
8515 0.5552716851234436 0.4767055809497833
8516 0.5469021797180176 0.5053877830505371
8517 0.5500048995018005 0.505342423915863
8518 0.5456399917602539 0.5053424835205078
8519 0.5613029599189758 0.4896673560142517
8520 0.5632367730140686 0.4866885840892792
8521 0.539074718952179 0.49477696418762207
8522 0.5388955473899841 0.4885573089122772
8523 0.5536208152770996 0.4742526710033417
8524 0.5461849570274353 0.5053424835205078
8525 0.549131453037262 0.5053424835205078
8526 0.545432984828949 0.5053424835205078
8527 0.5427278876304626 0.5052480697631836
8528 0.5402765870094299 0.5024570822715759
8529 0.5398740172386169 0.5040187835693359
8530 0.5392633080482483 0.503519594669342
8531 0.5394246578216553 0.5015268325805664
8532 0.5371150374412537 0.4958750903606415
8533 0.5432648062705994 0.5053424835205078
8534 0.5469961762428284 0.5053424835205078
8535 0.5491027235984802 0.5053424835205078
8536 0.5495448112487793 0.5053424835205078
8537 0.5519719123840332 0.5053424835205078
8538 0.550171434879303 0.5053424835205078
8539 0.5520716309547424 0.5053424835205078
8540 0.5500081181526184 0.5053424835205078
8541 0.5648696422576904 0.5221608281135559
8542 0.5616453289985657 0.5189685225486755
8543 0.5539348125457764 0.5053424835205078
8544 0.5555095076560974 0.5053424835205078
8545 0.5544813275337219 0.5053424835205078
8546 0.5552114844322205 0.5053424835205078
8547 0.5666014552116394 0.4865160286426544
8548 0.5645846724510193 0.5171981453895569
8549 0.5620542168617249 0.5167971253395081
8550 0.5559296607971191 0.5050877928733826
8551 0.55678391456604 0.5049264430999756
8552 0.5564709305763245 0.5050715804100037
8553 0.5635783672332764 0.49370262026786804
8554 0.5576117634773254 0.5055251121520996
8555 0.5566003918647766 0.5053603649139404
8556 0.5564903616905212 0.5053424835205078
8557 0.5564489960670471 0.505342423915863
8558 0.5634961724281311 0.5136465430259705
8559 0.5628886222839355 0.5136370062828064
8560 0.5561956763267517 0.5053424835205078
8561 0.5712290406227112 0.49043723940849304
8562 0.5719745755195618 0.5124686360359192
8563 0.5564903616905212 0.5053424835205078
8564 0.5600581765174866 0.5059235692024231
8565 0.5650578141212463 0.508357584476471
8566 0.5659253597259521 0.5109924674034119
8567 0.5598506927490234 0.5058898329734802
8568 0.568568766117096 0.5118973851203918
8569 0.5585882067680359 0.5056796669960022
8570 0.5603991150856018 0.505979061126709
8571 0.5387623906135559 0.5034659504890442
8572 0.5389864444732666 0.5035087466239929
8573 0.5390648245811462 0.5035355091094971
8574 0.5390715599060059 0.5035378336906433
8575 0.5387392640113831 0.5035076141357422
8576 0.5388782024383545 0.5035701394081116
8577 0.5401646494865417 0.5014469623565674
8578 0.539681613445282 0.5011293292045593
8579 0.5385696887969971 0.5034312605857849
8580 0.538761556148529 0.5034224987030029
8581 0.5389135479927063 0.5035862326622009
8582 0.5394744873046875 0.502296507358551
8583 0.5391375422477722 0.5036869645118713
8584 0.5392076969146729 0.5037186741828918
8585 0.5393199324607849 0.5024589896202087
8586 0.5393925309181213 0.5014918446540833
8587 0.5385966897010803 0.5028859972953796
8588 0.5388326644897461 0.5026149153709412
8589 0.5389764308929443 0.5031751990318298
8590 0.5389642715454102 0.5035428404808044
8591 0.5390279293060303 0.5035262107849121
8592 0.5389938354492188 0.50362229347229
8593 0.5390246510505676 0.5035958886146545
8594 0.5390910506248474 0.5036323070526123
8595 0.5393824577331543 0.5009315013885498
8596 0.5396106243133545 0.5010276436805725
8597 0.5395751595497131 0.5010426044464111
8598 0.5391111969947815 0.5009891986846924
8599 0.5393524765968323 0.5010058283805847
8600 0.5391146540641785 0.5012080669403076
8601 0.5391091704368591 0.5025368332862854
8602 0.5391882061958313 0.5020943284034729
8603 0.5391839146614075 0.503093957901001
8604 0.5394116044044495 0.5012118816375732
8605 0.5391367077827454 0.5036866664886475
8606 0.5390898585319519 0.5034356713294983
8607 0.5390808582305908 0.5028588771820068
8608 0.5390112400054932 0.5036301612854004
8609 0.5386119484901428 0.5020919442176819
8610 0.5388491153717041 0.5018243789672852
8611 0.5390286445617676 0.5023417472839355
8612 0.5390710234642029 0.5020305514335632
8613 0.5390968918800354 0.501667320728302
8614 0.5390214323997498 0.5015496611595154
8615 0.5393897891044617 0.5015027523040771
8616 0.5375592708587646 0.4956260025501251
8617 0.5455036759376526 0.5049991011619568
8618 0.5507197380065918 0.47731971740722656
8619 0.5605261325836182 0.4794904589653015
8620 0.5652126669883728 0.4849100708961487
8621 0.5663270950317383 0.48891016840934753
8622 0.5562501549720764 0.5052645206451416
8623 0.5574939250946045 0.5051674842834473
8624 0.5621311068534851 0.511996328830719
8625 0.5618022084236145 0.5106601119041443
8626 0.5639539361000061 0.5107546448707581
8627 0.5644533634185791 0.512600839138031
8628 0.5657441020011902 0.5138666033744812
8629 0.5680379867553711 0.5166001915931702
8630 0.5560755133628845 0.5053424835205078
8631 0.5526389479637146 0.5053424835205078
8632 0.5477566123008728 0.5053424835205078
8633 0.5422837734222412 0.5046365261077881
8634 0.5390374660491943 0.5035262107849121
8635 0.5391314029693604 0.5036690831184387
8636 0.5390601754188538 0.5036521553993225
8637 0.5671153664588928 0.42166778445243835
8638 0.5723463892936707 0.4202975630760193
8639 0.5676756501197815 0.43167978525161743
8640 0.5334538817405701 0.44839218258857727
8641 0.5369499325752258 0.4422226548194885
8642 0.5364866852760315 0.44818979501724243
8643 0.5406116843223572 0.4349360764026642
8644 0.5444602370262146 0.4266662299633026
8645 0.5441178679466248 0.43459320068359375
8646 0.5524175763130188 0.4071488380432129
8647 0.552708089351654 0.4169301688671112
8648 0.5485002994537354 0.4186079800128937
8649 0.5623485445976257 0.4328324496746063
8650 0.5627409815788269 0.4414578080177307
8651 0.548384428024292 0.4261133372783661
8652 0.5587713122367859 0.4518507122993469
8653 0.5566573739051819 0.4428253769874573
8654 0.5570670962333679 0.42466235160827637
8655 0.5619757175445557 0.4233253598213196
8656 0.5568589568138123 0.4339931309223175
8657 0.552494466304779 0.43449729681015015
8658 0.5517467856407166 0.44313672184944153
8659 0.5474876761436462 0.44248083233833313
8660 0.549869954586029 0.45181986689567566
8661 0.5461664199829102 0.44934943318367004
8662 0.5387561917304993 0.45391374826431274
8663 0.541657030582428 0.4542226195335388
8664 0.5403943657875061 0.45969754457473755
8665 0.537809431552887 0.45874983072280884
8666 0.5392306447029114 0.46452194452285767
8667 0.5428890585899353 0.46199870109558105
8668 0.5473909378051758 0.4595184922218323
8669 0.5535874366760254 0.4589380621910095
8670 0.5330430865287781 0.45381900668144226
8671 0.5305081009864807 0.45419880747795105
8672 0.5353555679321289 0.4588641822338104
8673 0.5369089245796204 0.46335145831108093
8674 0.5346507430076599 0.46300390362739563
8675 0.5360258221626282 0.4674378037452698
8676 0.5279224514961243 0.4597998261451721
8677 0.5275208353996277 0.4640962779521942
8678 0.5255520939826965 0.46518757939338684
8679 0.530178964138031 0.4591248333454132
8680 0.5316224694252014 0.46204233169555664
8681 0.5339102149009705 0.46698591113090515
8682 0.5320339798927307 0.4669685661792755
8683 0.5334433913230896 0.47101515531539917
8684 0.5444909930229187 0.4559773802757263
8685 0.5428470969200134 0.44848036766052246
8686 0.5402121543884277 0.4416969418525696
8687 0.5193760991096497 0.46881604194641113
8688 0.5246477127075195 0.4675607979297638
8689 0.5193008780479431 0.4716491103172302
8690 0.5166944861412048 0.47185707092285156
8691 0.5139481425285339 0.47616979479789734
8692 0.5169776082038879 0.47580674290657043
8693 0.5122588276863098 0.4807731807231903
8694 0.5150852799415588 0.4801497459411621
8695 0.5137026906013489 0.48477721214294434
8696 0.5112547278404236 0.48658350110054016
8697 0.5289998650550842 0.4664487838745117
8698 0.5268123745918274 0.46700212359428406
8699 0.5293864607810974 0.462435245513916
8700 0.5324244499206543 0.45850175619125366
8701 0.5358949303627014 0.45359665155410767
8702 0.5394787192344666 0.44802090525627136
8703 0.5436036586761475 0.4417422115802765
8704 0.5480741858482361 0.43419742584228516
8705 0.5526002049446106 0.42552119493484497
8706 0.5564332008361816 0.4159069061279297
8707 0.5328400135040283 0.5047978758811951
8708 0.5328808426856995 0.5036187171936035
8709 0.5335827469825745 0.504248857498169
8710 0.5168865323066711 0.5062844157218933
8711 0.5189084410667419 0.5069828629493713
8712 0.515205442905426 0.5037980675697327
8713 0.5113381743431091 0.4994361996650696
8714 0.5144298672676086 0.4984388053417206
8715 0.5109519362449646 0.4925563335418701
8716 0.5130033493041992 0.49035078287124634
8717 0.518422544002533 0.5036413073539734
8718 0.5165929198265076 0.5012765526771545
8719 0.5182414650917053 0.49931004643440247
8720 0.5162124037742615 0.4960048496723175
8721 0.5287852883338928 0.47049614787101746
8722 0.5315945148468018 0.4711320698261261
8723 0.517585277557373 0.47949665784835815
8724 0.5190629363059998 0.4838666617870331
8725 0.5161709785461426 0.4838411808013916
8726 0.5195608735084534 0.47540539503097534
8727 0.5208008885383606 0.4798300564289093
8728 0.5244566798210144 0.4712360203266144
8729 0.5245204567909241 0.47512286901474
8730 0.526664674282074 0.4708547592163086
8731 0.5180539488792419 0.48788756132125854
8732 0.515312135219574 0.48843806982040405
8733 0.518052875995636 0.49413901567459106
8734 0.531846284866333 0.4999244213104248
8735 0.5310778021812439 0.49861741065979004
8736 0.5317766666412354 0.49886077642440796
8737 0.5327466130256653 0.4999313950538635
8738 0.5363860726356506 0.47986242175102234
8739 0.5388121008872986 0.4786387085914612
8740 0.5410240292549133 0.477924644947052
8741 0.5440874099731445 0.47899678349494934
8742 0.5478028655052185 0.4810461401939392
8743 0.5514326691627502 0.48157998919487
8744 0.5560136437416077 0.48302072286605835
8745 0.5607261061668396 0.4859829246997833
8746 0.5332275032997131 0.49916988611221313
8747 0.5339648723602295 0.4992949962615967
8748 0.5340809226036072 0.4997212886810303
8749 0.5333480834960938 0.4998188614845276
8750 0.5268320441246033 0.4750082790851593
8751 0.5297489762306213 0.4758729636669159
8752 0.5310774445533752 0.49736887216567993
8753 0.5330061316490173 0.49726295471191406
8754 0.5364657044410706 0.48463723063468933
8755 0.5371878147125244 0.49066421389579773
8756 0.5360546708106995 0.4892551600933075
8757 0.5334932804107666 0.4970695972442627
8758 0.5349984169006348 0.49831825494766235
8759 0.5347660183906555 0.4993276596069336
8760 0.5332470536231995 0.4754893183708191
8761 0.535005509853363 0.48042944073677063
8762 0.5334563255310059 0.4809246361255646
8763 0.5314483642578125 0.4756088852882385
8764 0.5321159362792969 0.49454957246780396
8765 0.5336074829101562 0.49551528692245483
8766 0.5346302390098572 0.48444148898124695
8767 0.5346314907073975 0.49273160099983215
8768 0.5346508026123047 0.4965166747570038
8769 0.5330352783203125 0.4919271767139435
8770 0.5343074202537537 0.4881729781627655
8771 0.5359582304954529 0.4942753314971924
8772 0.5278401374816895 0.5155649185180664
8773 0.5269150733947754 0.5186305642127991
8774 0.5235098004341125 0.5148837566375732
8775 0.5229812264442444 0.5054242014884949
8776 0.5207529664039612 0.5047087073326111
8777 0.5293523669242859 0.5092722773551941
8778 0.5286491513252258 0.5123444199562073
8779 0.5265489220619202 0.5031300187110901
8780 0.5276528000831604 0.5022091865539551
8781 0.522593080997467 0.5026134848594666
8782 0.5242316126823425 0.5007023215293884
8783 0.5202333927154541 0.501408040523529
8784 0.5217635631561279 0.49596932530403137
8785 0.5201148390769958 0.4978659451007843
8786 0.5202250480651855 0.49320176243782043
8787 0.5266638398170471 0.4937536120414734
8788 0.5238228440284729 0.4944134056568146
8789 0.5224602818489075 0.492875337600708
8790 0.5242730975151062 0.49123620986938477
8791 0.5218533873558044 0.49939244985580444
8792 0.5266522765159607 0.4993134140968323
8793 0.5237488150596619 0.49756473302841187
8794 0.5264325737953186 0.4964103400707245
8795 0.5206122398376465 0.48751285672187805
8796 0.5311989784240723 0.5065143704414368
8797 0.5317272543907166 0.5045046806335449
8798 0.532503068447113 0.5065343976020813
8799 0.5303153395652771 0.502636730670929
8800 0.5309762358665466 0.5018470883369446
8801 0.5321803689002991 0.5029688477516174
8802 0.5295949578285217 0.5005845427513123
8803 0.5305046439170837 0.500086784362793
8804 0.531521737575531 0.5013348460197449
8805 0.531221330165863 0.4999576210975647
8806 0.5293278098106384 0.49852436780929565
8807 0.5302982926368713 0.4985527992248535
8808 0.5302534699440002 0.497040718793869
8809 0.5292282104492188 0.4967746138572693
8810 0.5267999172210693 0.4917502999305725
8811 0.5232290625572205 0.48740315437316895
8812 0.526751697063446 0.48676565289497375
8813 0.5218710899353027 0.48359590768814087
8814 0.5310816168785095 0.4943211078643799
8815 0.5293236374855042 0.49503058195114136
8816 0.5301490426063538 0.4848756492137909
8817 0.5283430218696594 0.484550416469574
8818 0.5281357765197754 0.4804220199584961
8819 0.5298468470573425 0.4803321957588196
8820 0.5314147472381592 0.480240136384964
8821 0.5287285447120667 0.4878402352333069
8822 0.5267267227172852 0.4845850169658661
8823 0.5249782204627991 0.4792594909667969
8824 0.5319502353668213 0.4919850826263428
8825 0.530719518661499 0.4917612671852112
8826 0.5331416726112366 0.48874637484550476
8827 0.5318822264671326 0.488845556974411
8828 0.5332748889923096 0.48495128750801086
8829 0.5318025946617126 0.4851488471031189
8830 0.5304224491119385 0.4886060059070587
8831 0.529320240020752 0.4910903573036194
8832 0.52801114320755 0.49445250630378723
8833 0.5279908180236816 0.4964449107646942
8834 0.5280358791351318 0.498822420835495
8835 0.5287017226219177 0.5013414025306702
8836 0.5301231741905212 0.5064055919647217
8837 0.5306331515312195 0.5089365839958191
8838 0.5416088700294495 0.5278230309486389
8839 0.5441955924034119 0.5293063521385193
8840 0.5387925505638123 0.5294368267059326
8841 0.5371057987213135 0.5265838503837585
8842 0.5344832539558411 0.5284019112586975
8843 0.5335104465484619 0.524931013584137
8844 0.5309653878211975 0.5258722305297852
8845 0.5502675175666809 0.5282964706420898
8846 0.5531258583068848 0.5261790752410889
8847 0.5571329593658447 0.5285828709602356
8848 0.5639955997467041 0.5278832316398621
8849 0.5660130381584167 0.5251041054725647
8850 0.5691499710083008 0.5245913863182068
8851 0.5710569024085999 0.5210532546043396
8852 0.5746135115623474 0.5191364288330078
8853 0.5475144386291504 0.5273069739341736
8854 0.5602564215660095 0.5269074440002441
8855 0.5351343750953674 0.5205021500587463
8856 0.5358264446258545 0.5236691832542419
8857 0.5330192446708679 0.5214505195617676
8858 0.537871778011322 0.5228127837181091
8859 0.5394787192344666 0.5255144238471985
8860 0.5421791076660156 0.5247506499290466
8861 0.5446538329124451 0.5261834263801575
8862 0.5476942658424377 0.5249199271202087
8863 0.5501134991645813 0.5255072712898254
8864 0.5525209307670593 0.5235742926597595
8865 0.5559425950050354 0.5250683426856995
8866 0.5590267181396484 0.5246257781982422
8867 0.5626177787780762 0.5250920653343201
8868 0.5648431777954102 0.5231104493141174
8869 0.5675247311592102 0.5226542949676514
8870 0.5695388317108154 0.5194793343544006
8871 0.572674572467804 0.5175588130950928
8872 0.5759163498878479 0.5151352286338806
8873 0.5790691375732422 0.5123634338378906
8874 0.5498122572898865 0.5226016640663147
8875 0.5545413494110107 0.5211873054504395
8876 0.5521891117095947 0.522129476070404
8877 0.5455325245857239 0.5229347348213196
8878 0.547831118106842 0.5235890746116638
8879 0.5426702499389648 0.5227911472320557
8880 0.5405446887016296 0.5211389660835266
8881 0.5385937094688416 0.5205894112586975
8882 0.5375227928161621 0.518252432346344
8883 0.5360119342803955 0.5176251530647278
8884 0.5355871319770813 0.5151588320732117
8885 0.5700287222862244 0.5149983763694763
8886 0.5684542655944824 0.5180999636650085
8887 0.5655885338783264 0.5195232033729553
8888 0.563911497592926 0.5217133164405823
8889 0.5605216026306152 0.5222057700157166
8890 0.5581223964691162 0.522736132144928
8891 0.5308678150177002 0.5221789479255676
8892 0.528360903263092 0.5225231647491455
8893 0.5285014510154724 0.5184054374694824
8894 0.5311018824577332 0.5144832730293274
8895 0.5309614539146423 0.5183915495872498
8896 0.5292837023735046 0.5150375962257385
8897 0.5329374670982361 0.5177798867225647
8898 0.5299780368804932 0.5119009017944336
8899 0.5343579649925232 0.5146661400794983
8900 0.5341640114784241 0.5117754340171814
8901 0.5330762267112732 0.511492908000946
8902 0.5332565903663635 0.5090554356575012
8903 0.5319961905479431 0.5089107155799866
8904 0.531589925289154 0.5114651322364807
8905 0.5326810479164124 0.5140976309776306
8906 0.5347020030021667 0.517423152923584
8907 0.5367567539215088 0.5202284455299377
8908 0.540073812007904 0.5228502750396729
8909 0.5451745390892029 0.5240870118141174
8910 0.5499496459960938 0.5237998366355896
8911 0.5550857186317444 0.5225782990455627
8912 0.561462938785553 0.5233621001243591
8913 0.5663965344429016 0.5210011601448059
8914 0.5712830424308777 0.516096830368042
8915 0.5611432194709778 0.506340503692627
8916 0.5604175925254822 0.5058718323707581
8917 0.559204638004303 0.5053737163543701
8918 0.5606237053871155 0.505756139755249
8919 0.5575635433197021 0.5049426555633545
8920 0.557692289352417 0.5047073364257812
8921 0.5637345314025879 0.5092494487762451
8922 0.5607079863548279 0.5071356296539307
8923 0.560100793838501 0.5081253051757812
8924 0.5606949329376221 0.5060272216796875
8925 0.5592835545539856 0.505605161190033
8926 0.5608312487602234 0.5065577030181885
8927 0.5581160187721252 0.5045915246009827
8928 0.5585689544677734 0.5046562552452087
8929 0.5594534277915955 0.5050831437110901
8930 0.5592636466026306 0.505155086517334
8931 0.5609938502311707 0.5068230032920837
8932 0.5611582398414612 0.5063807368278503
8933 0.5741857886314392 0.5136266350746155
8934 0.5770921111106873 0.5109499096870422
8935 0.5658430457115173 0.49362581968307495
8936 0.566735565662384 0.4976498782634735
8937 0.5635853409767151 0.498903751373291
8938 0.5618839859962463 0.5021118521690369
8939 0.5629536509513855 0.5039122104644775
8940 0.5609376430511475 0.503613293170929
8941 0.5646945834159851 0.5012306571006775
8942 0.5706450939178467 0.47962686419487
8943 0.5712687373161316 0.48682159185409546
8944 0.5678426623344421 0.48795148730278015
8945 0.5674915909767151 0.4813615679740906
8946 0.5704312920570374 0.4715447425842285
8947 0.5737513899803162 0.47915536165237427
8948 0.564053475856781 0.4835694134235382
8949 0.566866934299469 0.473481684923172
8950 0.5744336247444153 0.48697134852409363
8951 0.5776330828666687 0.4875977337360382
8952 0.5650628209114075 0.4891207814216614
8953 0.569080650806427 0.4925481677055359
8954 0.5752343535423279 0.49225518107414246
8955 0.5722509026527405 0.49178123474121094
8956 0.5838362574577332 0.489175021648407
8957 0.5807960033416748 0.4884479343891144
8958 0.5862630009651184 0.5003612637519836
8959 0.5844419598579407 0.5036292672157288
8960 0.5857599377632141 0.49550724029541016
8961 0.5835275053977966 0.49457237124443054
8962 0.5782098770141602 0.4936056137084961
8963 0.5809927582740784 0.49437665939331055
8964 0.5833523869514465 0.49740055203437805
8965 0.5812134146690369 0.49741145968437195
8966 0.5797997117042542 0.5083979964256287
8967 0.5822481513023376 0.505901038646698
8968 0.583899736404419 0.5015787482261658
8969 0.5824646353721619 0.5036574006080627
8970 0.5781897902488708 0.5069429874420166
8971 0.5804882645606995 0.505305826663971
8972 0.5809085369110107 0.5015771985054016
8973 0.5827707648277283 0.5008873343467712
8974 0.5616578459739685 0.5084084868431091
8975 0.559842586517334 0.5083869099617004
8976 0.5613685250282288 0.5075578093528748
8977 0.5602869987487793 0.5054603219032288
8978 0.5609182715415955 0.5055922865867615
8979 0.5614202618598938 0.5058435797691345
8980 0.5605649352073669 0.5075299143791199
8981 0.5610470771789551 0.5068326592445374
8982 0.5628702044487 0.5065707564353943
8983 0.5619897842407227 0.5067415833473206
8984 0.5608606338500977 0.5067517757415771
8985 0.5610188841819763 0.5067554116249084
8986 0.56107497215271 0.5071085095405579
8987 0.5639625191688538 0.5093311667442322
8988 0.5658555030822754 0.5078862309455872
8989 0.5660151839256287 0.5095982551574707
8990 0.5680424571037292 0.5098971724510193
8991 0.5704969763755798 0.5077086091041565
8992 0.5710578560829163 0.5117900967597961
8993 0.5681480765342712 0.5080533623695374
8994 0.573701798915863 0.5089178681373596
8995 0.5727536082267761 0.512391984462738
8996 0.5754900574684143 0.5093557238578796
8997 0.5654427409172058 0.5055336952209473
8998 0.563990592956543 0.504753589630127
8999 0.5653701424598694 0.5033559799194336
9000 0.5697484612464905 0.49725914001464844
9001 0.5700850486755371 0.5007705092430115
9002 0.5667724609375 0.5019611716270447
9003 0.5728909373283386 0.5012107491493225
9004 0.5711033940315247 0.5061410069465637
9005 0.569157600402832 0.5050957798957825
9006 0.567476749420166 0.5037441849708557
9007 0.5686039924621582 0.5065338015556335
9008 0.5669972896575928 0.5062331557273865
9009 0.5668930411338806 0.5065943598747253
9010 0.5629881024360657 0.5064006447792053
9011 0.5726168155670166 0.5063514113426208
9012 0.5698837637901306 0.5064842104911804
9013 0.5726311802864075 0.49719640612602234
9014 0.5751509666442871 0.5026516914367676
9015 0.5761956572532654 0.5057020783424377
9016 0.5757368206977844 0.4978693127632141
9017 0.5786256194114685 0.5031089186668396
9018 0.578664243221283 0.49795034527778625
9019 0.5674066543579102 0.5067138671875
9020 0.5656794905662537 0.5069682598114014
9021 0.5630674958229065 0.506802499294281
9022 0.5387272238731384 0.49756354093551636
9023 0.5370049476623535 0.4954485297203064
9024 0.5352997183799744 0.49622222781181335
9025 0.5360097885131836 0.49779993295669556
9026 0.5372361540794373 0.4970510005950928
9027 0.6041260361671448 0.27729371190071106
9028 0.5935836434364319 0.26022017002105713
9029 0.5991153120994568 0.2448442280292511
9030 0.5829322338104248 0.23449835181236267
9031 0.586172878742218 0.21603462100028992
9032 0.5997094511985779 0.33372119069099426
9033 0.5951576828956604 0.3171357810497284
9034 0.6037511825561523 0.30806612968444824
9035 0.5965395569801331 0.2900533974170685
9036 0.5319791436195374 0.1812828630208969
9037 0.5234277248382568 0.154158353805542
9038 0.5478737354278564 0.15537773072719574
9039 0.5719549059867859 0.3050527274608612
9040 0.5668079257011414 0.31283995509147644
9041 0.5659396052360535 0.2950378358364105
9042 0.561715304851532 0.2752859890460968
9043 0.5692800879478455 0.2846921980381012
9044 0.5709753632545471 0.3228328227996826
9045 0.5656709671020508 0.33044567704200745
9046 0.5499165058135986 0.19133323431015015
9047 0.5642017722129822 0.19429124891757965
9048 0.5093509554862976 0.16398131847381592
9049 0.49611926078796387 0.1518438309431076
9050 0.5679798722267151 0.20963896811008453
9051 0.5367843508720398 0.2298150360584259
9052 0.5470547676086426 0.22849610447883606
9053 0.5470127463340759 0.2416297346353531
9054 0.5563874840736389 0.24469278752803802
9055 0.5561268925666809 0.25592684745788574
9056 0.5644943714141846 0.262569397687912
9057 0.5129473209381104 0.22228935360908508
9058 0.5217404365539551 0.21431609988212585
9059 0.5255144238471985 0.22462913393974304
9060 0.49874210357666016 0.22056688368320465
9061 0.5071091651916504 0.21358369290828705
9062 0.5349767208099365 0.2201564610004425
9063 0.507469654083252 0.19333359599113464
9064 0.4988861382007599 0.17788229882717133
9065 0.5177924036979675 0.18581414222717285
9066 0.5260931849479675 0.1979667991399765
9067 0.5385027527809143 0.1932547241449356
9068 0.5433109402656555 0.20509757101535797
9069 0.5545011162757874 0.20566143095493317
9070 0.5566704273223877 0.21705052256584167
9071 0.568046510219574 0.22266052663326263
9072 0.5677556991577148 0.23637250065803528
9073 0.5813073515892029 0.24803470075130463
9074 0.5777714252471924 0.26130378246307373
9075 0.5877365469932556 0.2746998071670532
9076 0.5824220180511475 0.2867317199707031
9077 0.5898539423942566 0.3013542890548706
9078 0.58304363489151 0.3109402656555176
9079 0.5875992178916931 0.3258267641067505
9080 0.5559070706367493 0.4063434600830078
9081 0.5555222630500793 0.39641401171684265
9082 0.5613322854042053 0.4137473404407501
9083 0.5663828253746033 0.4116646945476532
9084 0.5610360503196716 0.40384599566459656
9085 0.5769463181495667 0.3175356090068817
9086 0.5774161219596863 0.296873539686203
9087 0.5735666751861572 0.2736978530883789
9088 0.5668993592262268 0.2503073513507843
9089 0.5566589832305908 0.2304861694574356
9090 0.5458226203918457 0.21792694926261902
9091 0.5308986306190491 0.21045170724391937
9092 0.5163101553916931 0.2058716118335724
9093 0.4984596073627472 0.2014918029308319
9094 0.5887322425842285 0.37462085485458374
9095 0.5869783759117126 0.35946372151374817
9096 0.5944778919219971 0.35570046305656433
9097 0.5693568587303162 0.3408803641796112
9098 0.5641067624092102 0.34744927287101746
9099 0.591432511806488 0.34025904536247253
9100 0.5811020731925964 0.3304886817932129
9101 0.584592342376709 0.34452587366104126
9102 0.5779476165771484 0.34923556447029114
9103 0.5802450180053711 0.36365842819213867
9104 0.566709578037262 0.3598175346851349
9105 0.5614009499549866 0.3659484088420868
9106 0.5820505619049072 0.3785859942436218
9107 0.5836192965507507 0.3932603597640991
9108 0.5743137001991272 0.3685576915740967
9109 0.568706750869751 0.3734666109085083
9110 0.5722216963768005 0.3543088138103485
9111 0.5774731040000916 0.4076649844646454
9112 0.5770307183265686 0.395755797624588
9113 0.5632590651512146 0.3784916400909424
9114 0.5594163537025452 0.38140586018562317
9115 0.5605382323265076 0.393466979265213
9116 0.5717505812644958 0.4095448851585388
9117 0.5709695219993591 0.39859557151794434
9118 0.5702338814735413 0.38701796531677246
9119 0.5759720206260681 0.3827582597732544
9120 0.5657435059547424 0.4009518325328827
9121 0.5654332637786865 0.3900506794452667
9122 0.5749986171722412 0.33515313267707825
9123 0.5850545763969421 0.4983592629432678
9124 0.5876378417015076 0.49721547961235046
9125 0.5923098921775818 0.4935280978679657
9126 0.5965571403503418 0.49233195185661316
9127 0.6020469069480896 0.49232104420661926
9128 0.6093394756317139 0.49289849400520325
9129 0.6153083443641663 0.5201194882392883
9130 0.6119986176490784 0.5010053515434265
9131 0.6139320731163025 0.5100619196891785
9132 0.6207168698310852 0.5042018890380859
9133 0.6250620484352112 0.4870913326740265
9134 0.6206114888191223 0.47789472341537476
9135 0.6148806214332581 0.48609215021133423
9136 0.6182923913002014 0.49403050541877747
9137 0.534749448299408 0.4997870624065399
9138 0.5348055362701416 0.5000497698783875
9139 0.5342589020729065 0.5000188946723938
9140 0.5356526970863342 0.4992956519126892
9141 0.5357961654663086 0.5002458095550537
9142 0.5335478782653809 0.5002742409706116
9143 0.5330643057823181 0.500423014163971
9144 0.5323454737663269 0.5021663308143616
9145 0.5329804420471191 0.5027095675468445
9146 0.5321448445320129 0.50114506483078
9147 0.5326772332191467 0.5016193985939026
9148 0.5326245427131653 0.5007236003875732
9149 0.5335701107978821 0.5032234787940979
9150 0.5341241955757141 0.5039187073707581
9151 0.5331566333770752 0.5020424723625183
9152 0.5336194634437561 0.502495527267456
9153 0.5330414772033691 0.501162052154541
9154 0.5333670973777771 0.5015535354614258
9155 0.5333995223045349 0.5008466839790344
9156 0.5344014763832092 0.5002467632293701
9157 0.5337477326393127 0.5005907416343689
9158 0.5340844988822937 0.5029358863830566
9159 0.5345820784568787 0.503501832485199
9160 0.5360140204429626 0.5005854964256287
9161 0.5369123816490173 0.5004320740699768
9162 0.5368346571922302 0.5008100867271423
9163 0.53597491979599 0.5009353160858154
9164 0.5388383865356445 0.49844619631767273
9165 0.5380752086639404 0.4977748394012451
9166 0.5371713042259216 0.49787524342536926
9167 0.5364317893981934 0.49907323718070984
9168 0.5379404425621033 0.49850228428840637
9169 0.5367535948753357 0.5002041459083557
9170 0.5375133156776428 0.5001711249351501
9171 0.5377026200294495 0.5002607703208923
9172 0.5385313630104065 0.5009656548500061
9173 0.5386695861816406 0.5013599395751953
9174 0.5384089350700378 0.5015661716461182
9175 0.5375308990478516 0.5010950565338135
9176 0.5388665795326233 0.501103401184082
9177 0.5367212295532227 0.5012312531471252
9178 0.5377164483070374 0.500737726688385
9179 0.5393106937408447 0.4998171031475067
9180 0.5395367741584778 0.5009264349937439
9181 0.5390381217002869 0.500613272190094
9182 0.5391073226928711 0.5007511973381042
9183 0.5386936068534851 0.5007420182228088
9184 0.5384140014648438 0.4996553063392639
9185 0.5384557247161865 0.5003318190574646
9186 0.5382056832313538 0.4999992549419403
9187 0.5374111533164978 0.4997352957725525
9188 0.5382066369056702 0.5001983046531677
9189 0.5384636521339417 0.5004852414131165
9190 0.5336418151855469 0.5020036697387695
9191 0.5340757966041565 0.5024362206459045
9192 0.5338570475578308 0.5009070038795471
9193 0.5335843563079834 0.5012118220329285
9194 0.5337420105934143 0.5015959143638611
9195 0.5340433716773987 0.501625120639801
9196 0.5341697335243225 0.5014228820800781
9197 0.5343405604362488 0.5017338395118713
9198 0.5343329906463623 0.5019665360450745
9199 0.5348656177520752 0.500466525554657
9200 0.5361580848693848 0.5011611580848694
9201 0.5348172187805176 0.500805139541626
9202 0.5374526381492615 0.5029149651527405
9203 0.5383908152580261 0.5030898451805115
9204 0.5371499061584473 0.50227952003479
9205 0.5372957587242126 0.5023006796836853
9206 0.5368818640708923 0.5017818808555603
9207 0.5370063781738281 0.5027642846107483
9208 0.5369637608528137 0.5024885535240173
9209 0.5362982153892517 0.5018953680992126
9210 0.5346636772155762 0.5021442770957947
9211 0.5343952775001526 0.5014946460723877
9212 0.5365875363349915 0.5016903281211853
9213 0.5364213585853577 0.5025234818458557
9214 0.5363645553588867 0.5024614930152893
9215 0.534440279006958 0.5023514628410339
9216 0.534102737903595 0.5011008381843567
9217 0.499519407749176 0.4375755786895752
9218 0.501692533493042 0.4374237060546875
9219 0.5031028389930725 0.43780142068862915
9220 0.5053028464317322 0.43730905652046204
9221 0.5078299045562744 0.43672895431518555
9222 0.5096067786216736 0.435851126909256
9223 0.5111456513404846 0.4338405132293701
9224 0.5124055743217468 0.4315936863422394
9225 0.5135160088539124 0.4294011890888214
9226 0.5145712494850159 0.4261227250099182
9227 0.5158209204673767 0.42260807752609253
9228 0.5169944167137146 0.41776278614997864
9229 0.5175526142120361 0.41451436281204224
9230 0.5179927945137024 0.4113752841949463
9231 0.5185804963111877 0.4148997664451599
9232 0.5199369788169861 0.40175989270210266
9233 0.5200674533843994 0.4106425642967224
9234 0.520152747631073 0.3955371677875519
9235 0.5212099552154541 0.3862071633338928
9236 0.5200468897819519 0.3799068331718445
9237 0.5240440368652344 0.36850979924201965
9238 0.5260499119758606 0.36254456639289856
9239 0.5277950763702393 0.35767486691474915
9240 0.5291520953178406 0.3538177013397217
9241 0.529938280582428 0.3465178310871124
9242 0.5295096039772034 0.3410622775554657
9243 0.5279325842857361 0.3361596465110779
9244 0.526278555393219 0.33054229617118835
9245 0.5251366496086121 0.32289040088653564
9246 0.5224132537841797 0.3160535991191864
9247 0.5178780555725098 0.3108205795288086
9248 0.5139688849449158 0.3082609474658966
9249 0.5097858905792236 0.3073273003101349
9250 0.5060698390007019 0.3069680631160736
9251 0.5026245713233948 0.3067609369754791
9252 0.49933862686157227 0.30664995312690735
9253 0.5149269104003906 0.3808758854866028
9254 0.5125526785850525 0.38433724641799927
9255 0.5104456543922424 0.3819616138935089
9256 0.5065358281135559 0.3833417296409607
9257 0.5084756016731262 0.3850521445274353
9258 0.5031194686889648 0.3847472369670868
9259 0.5049300789833069 0.38645699620246887
9260 0.5013245940208435 0.3875308334827423
9261 0.4995415210723877 0.38545167446136475
9262 0.5175523161888123 0.37361982464790344
9263 0.5145851969718933 0.38794395327568054
9264 0.5104612708091736 0.3875279426574707
9265 0.5064945220947266 0.38793203234672546
9266 0.5031175017356873 0.38938096165657043
9267 0.49951767921447754 0.39027124643325806
9268 0.5170836448669434 0.3842284381389618
9269 0.5186758041381836 0.3894048035144806
9270 0.5194240212440491 0.41559475660324097
9271 0.5397703647613525 0.4994688630104065
9272 0.5386192798614502 0.49912288784980774
9273 0.5411420464515686 0.5006462931632996
9274 0.5431773066520691 0.5028452277183533
9275 0.5449676513671875 0.5032759308815002
9276 0.5480120182037354 0.5024756789207458
9277 0.5511760115623474 0.5020410418510437
9278 0.5538105964660645 0.5018370151519775
9279 0.5558292269706726 0.5032673478126526
9280 0.5575528740882874 0.5042057037353516
9281 0.5599736571311951 0.5051856637001038
9282 0.5623959898948669 0.5061303973197937
9283 0.5634202361106873 0.5064710974693298
9284 0.5640353560447693 0.5076404213905334
9285 0.5606567859649658 0.5099759101867676
9286 0.5590362548828125 0.5110259652137756
9287 0.5555326342582703 0.5107268691062927
9288 0.5520296692848206 0.5110207200050354
9289 0.5495495200157166 0.5111565589904785
9290 0.5469393730163574 0.5114406943321228
9291 0.5432711243629456 0.5108203291893005
9292 0.5406665802001953 0.5096891522407532
9293 0.5382273197174072 0.508357584476471
9294 0.5369991660118103 0.5066536068916321
9295 0.5361559391021729 0.5052804350852966
9296 0.5351563096046448 0.5040056705474854
9297 0.5345261096954346 0.5027186274528503
9298 0.5340108275413513 0.5020239353179932
9299 0.5338971018791199 0.5012826323509216
9300 0.5341284275054932 0.5007400512695312
9301 0.5348828434944153 0.5002553462982178
9302 0.5358973145484924 0.5002588629722595
9303 0.5366002917289734 0.49992865324020386
9304 0.5378256440162659 0.4991040825843811
9305 0.7331615090370178 0.02534535899758339
9306 0.7250080704689026 0.02534535713493824
9307 0.7348341941833496 0.02534535899758339
9308 0.7431192994117737 0.025345368310809135
9309 0.76553875207901 0.23434865474700928
9310 0.7732290625572205 0.21141722798347473
9311 0.7921709418296814 0.23917673528194427
9312 0.7812842726707458 0.2593993842601776
9313 0.7695541977882385 0.28183743357658386
9314 0.792089581489563 0.28810036182403564
9315 0.7813845872879028 0.3089247941970825
9316 0.7766716480255127 0.5338723659515381
9317 0.7840352058410645 0.5581504702568054
9318 0.772157609462738 0.5672311782836914
9319 0.765434205532074 0.5422539114952087
9320 0.7398831844329834 0.09956247359514236
9321 0.7476962804794312 0.08498947322368622
9322 0.7628245949745178 0.10772568732500076
9323 0.7557526230812073 0.12496085464954376
9324 0.7294731736183167 0.02534535899758339
9325 0.7064179182052612 0.02534535713493824
9326 0.7290939688682556 0.02534535899758339
9327 0.739619791507721 0.025345366448163986
9328 0.7376194596290588 0.0503389872610569
9329 0.711612343788147 0.02534535713493824
9330 0.7437387108802795 0.04038378596305847
9331 0.7326268553733826 0.05816444009542465
9332 0.7551853656768799 0.07225335389375687
9333 0.7586736083030701 0.18610405921936035
9334 0.7648529410362244 0.16940289735794067
9335 0.7889146208763123 0.1923752874135971
9336 0.7492237687110901 0.14337211847305298
9337 0.7711067795753479 0.1508612483739853
9338 0.7356898784637451 0.9501572847366333
9339 0.7511448860168457 0.9237545728683472
9340 0.7743983864784241 0.9349375367164612
9341 0.7588324546813965 0.9618653655052185
9342 0.7403544783592224 0.025345368310809135
9343 0.7060112357139587 0.02534535713493824
9344 0.7307900786399841 0.02534535713493824
9345 0.7416666746139526 0.025345368310809135
9346 0.7100929617881775 0.02534535713493824
9347 0.7221046090126038 0.7090664505958557
9348 0.7295281887054443 0.6994842886924744
9349 0.734250009059906 0.7056787014007568
9350 0.7286063432693481 0.7176339626312256
9351 0.7361616492271423 0.6813406348228455
9352 0.7366628646850586 0.694575846195221
9353 0.726646363735199 0.6882197856903076
9354 0.7206281423568726 0.7535289525985718
9355 0.7296928763389587 0.7389205694198608
9356 0.7406136989593506 0.7452231049537659
9357 0.7316413521766663 0.7624210119247437
9358 0.7360963225364685 0.7220491766929626
9359 0.7208529114723206 0.7307595014572144
9360 0.7688778638839722 0.6231914162635803
9361 0.7561463713645935 0.6311830878257751
9362 0.7534589171409607 0.6093716025352478
9363 0.7649646401405334 0.5999455451965332
9364 0.7569016814231873 0.651911199092865
9365 0.7453882694244385 0.6583178043365479
9366 0.744239866733551 0.6406168341636658
9367 0.746327817440033 0.6759378910064697
9368 0.7341404557228088 0.6633421778678894
9369 0.7479338645935059 0.885380208492279
9370 0.7657188773155212 0.8966723084449768
9371 0.7331557869911194 0.9107718467712402
9372 0.744082510471344 0.7730727195739746
9373 0.7352272272109985 0.7928733229637146
9374 0.7217934131622314 0.7815912961959839
9375 0.7297683358192444 0.8761148452758789
9376 0.7422136664390564 0.8539862036705017
9377 0.7594128251075745 0.8623814582824707
9378 0.7245169281959534 0.8103085160255432
9379 0.7486439347267151 0.8014522790908813
9380 0.7388551235198975 0.8229511976242065
9381 0.7264782190322876 0.8426427841186523
9382 0.7533484101295471 0.8315105438232422
9383 0.7696918249130249 0.5093117356300354
9384 0.7807435393333435 0.49881693720817566
9385 0.7884666919708252 0.5234705805778503
9386 0.7741180658340454 0.41295215487480164
9387 0.7839493155479431 0.3968346118927002
9388 0.7936902642250061 0.4172268211841583
9389 0.7836564779281616 0.4315853714942932
9390 0.7936115860939026 0.4544675350189209
9391 0.7829613089561462 0.46621137857437134
9392 0.7713356018066406 0.4467592239379883
9393 0.7358760833740234 0.02534535899758339
9394 0.743168830871582 0.025345366448163986
9395 0.7521363496780396 0.025345370173454285
9396 0.7436835765838623 0.025345368310809135
9397 0.7443551421165466 0.025345368310809135
9398 0.7268919348716736 0.02534535713493824
9399 0.7362840175628662 0.02534535899758339
9400 0.7382259964942932 0.02534535899758339
9401 0.7458298206329346 0.025345368310809135
9402 0.7294401526451111 0.02534535713493824
9403 0.7318605184555054 0.02534535899758339
9404 0.7404579520225525 0.025345368310809135
9405 0.747562050819397 0.025345368310809135
9406 0.7514791488647461 0.025345370173454285
9407 0.742699384689331 0.025345368310809135
9408 0.7362325191497803 0.02534535899758339
9409 0.7496432662010193 0.025345368310809135
9410 0.7347736358642578 0.02534535899758339
9411 0.778191328048706 0.5918266177177429
9412 0.7604584097862244 0.5757141709327698
9413 0.7724276781082153 0.4778463542461395
9414 0.7918112277984619 0.48775821924209595
9415 0.7734764814376831 0.377900093793869
9416 0.7825949192047119 0.3578524589538574
9417 0.7940106391906738 0.3799746334552765
9418 0.7924924492835999 0.3370012938976288
9419 0.7682176232337952 0.3316873013973236
9420 0.7523642778396606 0.025345370173454285
9421 0.7531028389930725 0.025345370173454285
9422 0.7636052370071411 0.025345372036099434
9423 0.7747192978858948 0.02534538134932518
9424 0.7749662399291992 0.02534538134932518
9425 0.7869072556495667 0.02534538507461548
9426 0.7919110655784607 0.02534538507461548
9427 0.7871894836425781 0.02534538507461548
9428 0.7943798303604126 0.025345386937260628
9429 0.8182325959205627 0.02534538507461548
9430 0.8192410469055176 0.02534538507461548
9431 0.7942065000534058 0.02534538507461548
9432 0.8416991829872131 0.02534538507461548
9433 0.8114975690841675 0.02534538507461548
9434 0.8308973908424377 0.02534538507461548
9435 0.8695945143699646 0.02534538507461548
9436 0.8543909788131714 0.02534538507461548
9437 0.8526940941810608 0.025345386937260628
9438 0.9086133241653442 0.02534538507461548
9439 0.8999539613723755 0.02534538507461548
9440 0.9086133241653442 0.02534538507461548
9441 0.9185084104537964 0.02534538321197033
9442 0.932528018951416 0.025345372036099434
9443 0.9343628287315369 0.025345372036099434
9444 0.9491663575172424 0.02534535899758339
9445 0.8028478622436523 0.2176654040813446
9446 0.816388726234436 0.24443396925926208
9447 0.8045573830604553 0.26750627160072327
9448 0.8159929513931274 0.2963390648365021
9449 0.8036980032920837 0.31687068939208984
9450 0.796135425567627 0.5476571917533875
9451 0.803339421749115 0.5722731947898865
9452 0.7908396124839783 0.5832030177116394
9453 0.7711368799209595 0.0943915843963623
9454 0.8064392805099487 0.11579025536775589
9455 0.7961437702178955 0.1362409144639969
9456 0.7625517845153809 0.025345372036099434
9457 0.7742326259613037 0.02534538134932518
9458 0.8038080930709839 0.02534538321197033
9459 0.7733008861541748 0.02534538134932518
9460 0.8291875123977661 0.02534538507461548
9461 0.8224506974220276 0.02534538507461548
9462 0.8085241317749023 0.02534538507461548
9463 0.7618794441223145 0.025345372036099434
9464 0.7513339519500732 0.028878092765808105
9465 0.7506522536277771 0.025345370173454285
9466 0.8163508176803589 0.02534538507461548
9467 0.8101086020469666 0.04325230419635773
9468 0.7680053114891052 0.05575289577245712
9469 0.7601544857025146 0.06650059670209885
9470 0.8017874360084534 0.0972079336643219
9471 0.7996268272399902 0.17747187614440918
9472 0.8132911324501038 0.19784115254878998
9473 0.8102807402610779 0.1589045375585556
9474 0.7515448927879333 0.025345370173454285
9475 0.9163965582847595 0.02534538321197033
9476 0.9084919691085815 0.02534538507461548
9477 0.9003005027770996 0.02534538507461548
9478 0.7631807923316956 0.025345372036099434
9479 0.78874671459198 0.02534538321197033
9480 0.8140500783920288 0.02534538507461548
9481 0.8440280556678772 0.02534538507461548
9482 0.8361071348190308 0.02534538507461548
9483 0.8631986975669861 0.02534538507461548
9484 0.8578166961669922 0.025345386937260628
9485 0.8755372762680054 0.02534538507461548
9486 0.8685299158096313 0.02534538507461548
9487 0.9280486106872559 0.025345373898744583
9488 0.9458351731300354 0.025345368310809135
9489 0.7441476583480835 0.6907038688659668
9490 0.7413181662559509 0.7063618302345276
9491 0.782412052154541 0.6153757572174072
9492 0.7843012809753418 0.6389079689979553
9493 0.770340085029602 0.6455402970314026
9494 0.7703980207443237 0.667769193649292
9495 0.7573146820068359 0.670142650604248
9496 0.7557268142700195 0.6893724799156189
9497 0.9150930047035217 0.6481752395629883
9498 0.93282550573349 0.6321699619293213
9499 0.05743029713630676 0.6598525643348694
9500 0.9264253377914429 0.675899088382721
9501 0.9252699613571167 0.279570072889328
9502 0.9378033876419067 0.2348763644695282
9503 0.05338824540376663 0.2818206250667572
9504 0.9374734163284302 0.3032982051372528
9505 0.05180477350950241 0.324555367231369
9506 0.9390774369239807 0.3455944359302521
9507 0.926732063293457 0.3220885097980499
9508 0.9317067861557007 0.12388776987791061
9509 0.9458923935890198 0.103183314204216
9510 0.04463619366288185 0.12899361550807953
9511 0.9434833526611328 0.14691458642482758
9512 0.9341697096824646 0.08392974734306335
9513 0.9492172598838806 0.06440392881631851
9514 0.04047605022788048 0.08776399493217468
9515 0.05156045779585838 0.2119167000055313
9516 0.9269648194313049 0.21168507635593414
9517 0.9400969743728638 0.18835431337356567
9518 0.9520048499107361 0.02534535899758339
9519 0.9645193815231323 0.04474947229027748
9520 0.9360446333885193 0.04021812975406647
9521 0.92153400182724 0.02534538134932518
9522 0.9374303221702576 0.025345370173454285
9523 0.9221134781837463 0.02534538134932518
9524 0.9067797064781189 0.02534538507461548
9525 0.04814111441373825 0.16775262355804443
9526 0.9295035004615784 0.16641592979431152
9527 0.9086719155311584 0.025345386937260628
9528 0.940796434879303 0.025345370173454285
9529 0.8913093209266663 0.02534538507461548
9530 0.8934736847877502 0.02534538507461548
9531 0.8857089281082153 0.02534538507461548
9532 0.9028773903846741 0.2733919620513916
9533 0.914370596408844 0.23239396512508392
9534 0.9145417809486389 0.2984573543071747
9535 0.9029774069786072 0.31973981857299805
9536 0.9148474335670471 0.3442287743091583
9537 0.8879057168960571 0.6289944648742676
9538 0.9038981795310974 0.6166042685508728
9539 0.8981776237487793 0.6579758524894714
9540 0.8410519361495972 0.02534538507461548
9541 0.8329848051071167 0.036175865679979324
9542 0.8765116333961487 0.02534538507461548
9543 0.8686178922653198 0.026652289554476738
9544 0.8839539885520935 0.08193417638540268
9545 0.8961821794509888 0.06169947609305382
9546 0.908406674861908 0.08243284374475479
9547 0.8973301649093628 0.10126475989818573
9548 0.9085808992385864 0.040286436676979065
9549 0.9212389588356018 0.06140461936593056
9550 0.8936724662780762 0.02534538507461548
9551 0.8821450471878052 0.042687028646469116
9552 0.9203778505325317 0.1023242324590683
9553 0.9076051115989685 0.12294773757457733
9554 0.9181661009788513 0.14337433874607086
9555 0.9057836532592773 0.16306962072849274
9556 0.9163809418678284 0.18561583757400513
9557 0.9041811227798462 0.20910122990608215
9558 0.8414183259010315 0.24884867668151855
9559 0.829032838344574 0.27371254563331604
9560 0.8274721503257751 0.22319482266902924
9561 0.8410892486572266 0.30131152272224426
9562 0.8278789520263672 0.3246783912181854
9563 0.8162552118301392 0.10627435147762299
9564 0.8309043645858765 0.11909608542919159
9565 0.8210473656654358 0.13829614222049713
9566 0.8254647850990295 0.057290464639663696
9567 0.8123995065689087 0.08159932494163513
9568 0.8273915648460388 0.09564511477947235
9569 0.8244968056678772 0.18120598793029785
9570 0.8384495973587036 0.2022407352924347
9571 0.8352285623550415 0.16130436956882477
9572 0.8966793417930603 0.2940954864025116
9573 0.8853145241737366 0.26755309104919434
9574 0.898191511631012 0.23023714125156403
9575 0.862390398979187 0.2596572935581207
9576 0.851264476776123 0.27969637513160706
9577 0.8521252274513245 0.22664310038089752
9578 0.8615631461143494 0.3085143268108368
9579 0.8508281111717224 0.32912158966064453
9580 0.895573616027832 0.3405894935131073
9581 0.883723795413971 0.31506025791168213
9582 0.8735485672950745 0.6419525742530823
9583 0.8640795350074768 0.6162417531013489
9584 0.8793522119522095 0.60214763879776
9585 0.8975929617881775 0.14247356355190277
9586 0.8852248787879944 0.12068414688110352
9587 0.8512507677078247 0.10040957480669022
9588 0.8627757430076599 0.1188083216547966
9589 0.8518236875534058 0.14074398577213287
9590 0.8603028059005737 0.05076407641172409
9591 0.8398885726928711 0.0724867582321167
9592 0.8618427515029907 0.08539070188999176
9593 0.8861528038978577 0.20651958882808685
9594 0.8971139192581177 0.1833394467830658
9595 0.863213062286377 0.2043168544769287
9596 0.8522356748580933 0.18196898698806763
9597 0.8631986975669861 0.16075147688388824
9598 0.8858247399330139 0.1612229347229004
9599 0.8726702928543091 0.10021132975816727
9600 0.8744072318077087 0.13955499231815338
9601 0.8715757727622986 0.06507188826799393
9602 0.8746138215065002 0.18029652535915375
9603 0.8744706511497498 0.2282562404870987
9604 0.8727464079856873 0.28793835639953613
9605 0.8720234632492065 0.3361079692840576
9606 0.7875617742538452 0.907898485660553
9607 0.8070945143699646 0.9155415296554565
9608 0.7973226308822632 0.9467902779579163
9609 0.7779204845428467 0.8702598810195923
9610 0.7965809106826782 0.8768948912620544
9611 0.7699794769287109 0.839292585849762
9612 0.7859712839126587 0.8453544974327087
9613 0.8032346367835999 0.8463708162307739
9614 0.8213281035423279 0.8511300683021545
9615 0.814493715763092 0.8834252953529358
9616 0.8384789228439331 0.8839043378829956
9617 0.830629289150238 0.9169111251831055
9618 0.7924442887306213 0.8205772042274475
9619 0.8089514374732971 0.820279061794281
9620 0.8152374029159546 0.5616742968559265
9621 0.8213158845901489 0.5872249007225037
9622 0.8086220026016235 0.5979721546173096
9623 0.8345056176185608 0.5748668313026428
9624 0.8415111899375916 0.6004490852355957
9625 0.8275631666183472 0.6118789315223694
9626 0.8550519347190857 0.588127076625824
9627 0.8484762907028198 0.6268734335899353
9628 0.7475000023841858 0.728163480758667
9629 0.7525181174278259 0.7080305814743042
9630 0.7977533340454102 0.6306621432304382
9631 0.8000251054763794 0.6567258238792419
9632 0.7849454283714294 0.6629481911659241
9633 0.7655580043792725 0.7113104462623596
9634 0.769020140171051 0.6880934238433838
9635 0.7837027311325073 0.6876212358474731
9636 0.7527695298194885 0.7523226141929626
9637 0.7601014375686646 0.7325539588928223
9638 0.8937615156173706 0.7363561987876892
9639 0.9131137132644653 0.7239891290664673
9640 0.08077540993690491 0.7530380487442017
9641 0.9002804160118103 0.7691283226013184
9642 0.8852138519287109 0.8035966157913208
9643 0.8839446306228638 0.8420505523681641
9644 0.8643251061439514 0.8470196723937988
9645 0.8655720949172974 0.8077545166015625
9646 0.8699688911437988 0.7127995491027832
9647 0.8862709403038025 0.7029999494552612
9648 0.8760930299758911 0.7441152930259705
9649 0.8624925017356873 0.7786366939544678
9650 0.8458075523376465 0.8137807250022888
9651 0.8434867262840271 0.7857630252838135
9652 0.8449629545211792 0.6976635456085205
9653 0.8627061247825623 0.6850537061691284
9654 0.852908194065094 0.7256985306739807
9655 0.8621688485145569 0.8853367567062378
9656 0.8448814749717712 0.8513346910476685
9657 0.8264889121055603 0.820846438407898
9658 0.7638154625892639 0.8088060021400452
9659 0.7785974740982056 0.815803050994873
9660 0.8128333687782288 0.7970351576805115
9661 0.8274416327476501 0.792354166507721
9662 0.8416122198104858 0.7594807147979736
9663 0.8264015913009644 0.7682161927223206
9664 0.8278799653053284 0.7098785042762756
9665 0.8206148743629456 0.6797708868980408
9666 0.8376460075378418 0.6676091551780701
9667 0.7575077414512634 0.7800796031951904
9668 0.7715100646018982 0.7862911820411682
9669 0.7849510908126831 0.7934089303016663
9670 0.7984529137611389 0.7970395684242249
9671 0.8211807608604431 0.7469524145126343
9672 0.8138909339904785 0.7751861810684204
9673 0.8102275133132935 0.7600427269935608
9674 0.8036569952964783 0.7765586376190186
9675 0.7793235182762146 0.7649726271629333
9676 0.7920193076133728 0.7722649574279785
9677 0.8167296051979065 0.648747444152832
9678 0.8012967705726624 0.6866263747215271
9679 0.7662357687950134 0.7591008543968201
9680 0.7999576330184937 0.7504720091819763
9681 0.7793459296226501 0.7123391628265381
9682 0.7733210921287537 0.736074686050415
9683 0.7964907288551331 0.7156434655189514
9684 0.787811279296875 0.7418396472930908
9685 0.8106288313865662 0.7286787033081055
9686 0.8363104462623596 0.7344189286231995
9687 0.8583003282546997 0.7511873841285706
9688 0.8827295899391174 0.7726907730102539
9689 0.09488385170698166 0.7968494892120361
9690 0.8002267479896545 0.5117342472076416
9691 0.8082560300827026 0.5361588597297668
9692 0.8152727484703064 0.4261173605918884
9693 0.8043392896652222 0.44191884994506836
9694 0.8040257096290588 0.4024510681629181
9695 0.8207793831825256 0.524918794631958
9696 0.8278688788414001 0.5500293374061584
9697 0.8373375535011292 0.43637827038764954
9698 0.8258958458900452 0.45076483488082886
9699 0.8260079622268677 0.4124755561351776
9700 0.8413280248641968 0.5364790558815002
9701 0.8470854163169861 0.560659646987915
9702 0.8140548467636108 0.46338537335395813
9703 0.8028417229652405 0.47547218203544617
9704 0.8233393430709839 0.4877903163433075
9705 0.8354459404945374 0.4743254482746124
9706 0.9433013200759888 0.48668143153190613
9707 0.9298132658004761 0.46611711382865906
9708 0.941538393497467 0.4463632106781006
9709 0.04500875622034073 0.46729162335395813
9710 0.9400004148483276 0.579376757144928
9711 0.050741881132125854 0.6071763038635254
9712 0.9216127395629883 0.6006417870521545
9713 0.9156703352928162 0.482938289642334
9714 0.9028593301773071 0.4602237045764923
9715 0.9161853790283203 0.44169047474861145
9716 0.8936119079589844 0.5845723152160645
9717 0.910598874092102 0.5699331760406494
9718 0.8922863006591797 0.43711310625076294
9719 0.892425537109375 0.47649243474006653
9720 0.8809260725975037 0.4539034068584442
9721 0.8702077865600586 0.5746813416481018
9722 0.8860516548156738 0.5585758090019226
9723 0.8584622144699097 0.4450804889202118
9724 0.8695688247680664 0.42951491475105286
9725 0.8681898713111877 0.4693727493286133
9726 0.8615351319313049 0.5477995872497559
9727 0.8480187058448792 0.45951372385025024
9728 0.8493508100509644 0.4196374714374542
9729 0.8558611273765564 0.48354580998420715
9730 0.8450417518615723 0.49843117594718933
9731 0.8783497214317322 0.4941156208515167
9732 0.865272045135498 0.5092629790306091
9733 0.889152467250824 0.5192923545837402
9734 0.9009381532669067 0.500032365322113
9735 0.9135757684707642 0.5278739333152771
9736 0.9283891916275024 0.5097971558570862
9737 0.9418192505836487 0.535866916179657
9738 0.04523108899593353 0.5103867053985596
9739 0.8290809988975525 0.02534538507461548
9740 0.8405585885047913 0.02534538507461548
9741 0.8497089147567749 0.02534538507461548
9742 0.8405556678771973 0.02534538507461548
9743 0.8561999797821045 0.02534538507461548
9744 0.8709736466407776 0.02534538321197033
9745 0.8557296395301819 0.02534538507461548
9746 0.886284589767456 0.02534538507461548
9747 0.9014434218406677 0.02534538507461548
9748 0.8858737349510193 0.02534538507461548
9749 0.9086134433746338 0.02534538507461548
9750 0.9172173738479614 0.02534538321197033
9751 0.9086133241653442 0.02534538507461548
9752 0.9347314834594727 0.025345370173454285
9753 0.9521278738975525 0.02534535899758339
9754 0.9344101548194885 0.025345372036099434
9755 0.033413320779800415 0.02534535527229309
9756 0.033413320779800415 0.02534535527229309
9757 0.033413320779800415 0.02534535527229309
9758 0.7943224310874939 0.02534538507461548
9759 0.7871894836425781 0.02534538507461548
9760 0.7950049638748169 0.02534538507461548
9761 0.806037425994873 0.02534538507461548
9762 0.8173801898956299 0.02534538507461548
9763 0.816798746585846 0.02534538507461548
9764 0.7608079314231873 0.025345372036099434
9765 0.7609508633613586 0.025345373898744583
9766 0.7705161571502686 0.02534538134932518
9767 0.7803157567977905 0.02534538134932518
9768 0.7871894836425781 0.02534538507461548
9769 0.7798647284507751 0.02534538321197033
9770 0.7871894836425781 0.02534538507461548
9771 0.7871894836425781 0.02534538507461548
9772 0.7871894836425781 0.02534538507461548
9773 0.7871894836425781 0.02534538507461548
9774 0.7871894836425781 0.02534538507461548
9775 0.7871894836425781 0.02534538507461548
9776 0.7871894836425781 0.02534538507461548
9777 0.7871894836425781 0.02534538507461548
9778 0.7871894836425781 0.02534538507461548
9779 0.7871894836425781 0.02534538507461548
9780 0.7871894836425781 0.02534538507461548
9781 0.7871894836425781 0.02534538507461548
9782 0.7871894836425781 0.02534538507461548
9783 0.7871894836425781 0.02534538507461548
9784 0.7871894836425781 0.02534538507461548
9785 0.7871894836425781 0.02534538507461548
9786 0.7871894836425781 0.02534538507461548
9787 0.8486904501914978 0.02534538507461548
9788 0.8217635750770569 0.02534538507461548
9789 0.8378815650939941 0.02534538507461548
9790 0.8497089147567749 0.02534538507461548
9791 0.8273669481277466 0.02534538507461548
9792 0.8695063591003418 0.02534538507461548
9793 0.8544307351112366 0.02534538507461548
9794 0.8704656958580017 0.02534538507461548
9795 0.8854098320007324 0.02534538507461548
9796 0.9004706740379333 0.02534538507461548
9797 0.8849478960037231 0.02534538507461548
9798 0.9010213613510132 0.02534538507461548
9799 0.9185189604759216 0.02534538134932518
9800 0.9086133241653442 0.02534538507461548
9801 0.9177907705307007 0.02534538321197033
9802 0.9508169889450073 0.02534535899758339
9803 0.9346347451210022 0.025345370173454285
9804 0.9515748620033264 0.02534535899758339
9805 0.033413320779800415 0.02534535527229309
9806 0.033413320779800415 0.02534535527229309
9807 0.7871894836425781 0.02534538507461548
9808 0.7867497205734253 0.02534538507461548
9809 0.7871894836425781 0.02534538507461548
9810 0.7640664577484131 0.025345372036099434
9811 0.7754016518592834 0.02534538321197033
9812 0.7543630003929138 0.025345370173454285
9813 0.7871894836425781 0.02534538507461548
9814 0.791130006313324 0.02534538507461548
9815 0.7871894836425781 0.02534538507461548
9816 0.804349422454834 0.02534538507461548
9817 0.7871894836425781 0.02534538507461548
9818 0.7871894836425781 0.02534538507461548
9819 0.7871894836425781 0.02534538507461548
9820 0.7558369040489197 0.025345372036099434
9821 0.7652053236961365 0.025345373898744583
9822 0.7763558030128479 0.02534538134932518
9823 0.7870240807533264 0.02534538507461548
9824 0.7871894836425781 0.02534538507461548
9825 0.7871894836425781 0.02534538507461548
9826 0.7871894836425781 0.02534538507461548
9827 0.7871894836425781 0.02534538507461548
9828 0.7902368307113647 0.025345386937260628
9829 0.797609806060791 0.02534538507461548
9830 0.8038158416748047 0.02534538507461548
9831 0.7871894836425781 0.02534538507461548
9832 0.8128384351730347 0.02534538507461548
9833 0.7871894836425781 0.02534538507461548
9834 0.7871894836425781 0.02534538507461548
9835 0.7871894836425781 0.02534538507461548
9836 0.7871894836425781 0.02534538507461548
9837 0.7871894836425781 0.02534538507461548
9838 0.7774114012718201 0.02534538321197033
9839 0.7664787769317627 0.025345373898744583
9840 0.7871894836425781 0.02534538507461548
9841 0.7871894836425781 0.02534538507461548
9842 0.7871894836425781 0.02534538507461548
9843 0.7871894836425781 0.02534538507461548
9844 0.7574390172958374 0.025345372036099434
9845 0.7593516707420349 0.025345372036099434
9846 0.7679150104522705 0.02534538134932518
9847 0.7696362137794495 0.02534538134932518
9848 0.7871894836425781 0.02534538507461548
9849 0.7786832451820374 0.02534538321197033
9850 0.7871894836425781 0.02534538507461548
9851 0.7871894836425781 0.02534538507461548
9852 0.7871894836425781 0.02534538507461548
9853 0.7871894836425781 0.02534538507461548
9854 0.7871894836425781 0.02534538507461548
9855 0.7871894836425781 0.02534538507461548
9856 0.7871894836425781 0.02534538507461548
9857 0.7871894836425781 0.02534538507461548
9858 0.7871894836425781 0.02534538507461548
9859 0.7871894836425781 0.02534538507461548
9860 0.7871894836425781 0.02534538507461548
9861 0.7871894836425781 0.02534538507461548
9862 0.7871894836425781 0.02534538507461548
9863 0.7871894836425781 0.02534538507461548
9864 0.9060139656066895 0.6909204125404358
9865 0.06736394762992859 0.7054699659347534
9866 0.8800157904624939 0.6699747443199158
9867 0.8553256988525391 0.6562058329582214
9868 0.8329988121986389 0.6385946273803711
9869 0.8126515746116638 0.6216334700584412
9870 0.7957176566123962 0.606989324092865
9871 0.04611798748373985 0.5606491565704346
9872 0.9268898367881775 0.5556884407997131
9873 0.8983139991760254 0.5440660119056702
9874 0.8757601380348206 0.5351253151893616
9875 0.8527003526687622 0.5230873227119446
9876 0.8327040672302246 0.5130279064178467
9877 0.8119636178016663 0.49966317415237427
9878 0.8151655793190002 0.38762667775154114
9879 0.8043570518493652 0.36295655369758606
9880 0.8384476900100708 0.39580610394477844
9881 0.8275889754295349 0.37114760279655457
9882 0.8593721985816956 0.4041094481945038
9883 0.8497844338417053 0.3780338764190674
9884 0.8700271248817444 0.38860130310058594
9885 0.8806086182594299 0.41362112760543823
9886 0.8940143585205078 0.39415407180786133
9887 0.9033008217811584 0.41751188039779663
9888 0.915796160697937 0.39921000599861145
9889 0.9287047982215881 0.4231583774089813
9890 0.9400733709335327 0.4023517966270447
9891 0.04731812700629234 0.4230043590068817
9892 0.9270811080932617 0.3804504871368408
9893 0.04958634078502655 0.37950631976127625
9894 0.9034867286682129 0.3752484619617462
9895 0.8828850388526917 0.37065935134887695
9896 0.8606649041175842 0.36221909523010254
9897 0.8402857184410095 0.3518678843975067
9898 0.8161860704421997 0.34457632899284363
9899 0.6573380827903748 0.02534538134932518
9900 0.6593753099441528 0.02534537762403488
9901 0.6717839241027832 0.025345372036099434
9902 0.6700007915496826 0.025345372036099434
9903 0.6682409048080444 0.025345372036099434
9904 0.6819072365760803 0.025345370173454285
9905 0.6807959079742432 0.025345370173454285
9906 0.6817885637283325 0.025345370173454285
9907 0.6927185654640198 0.025345366448163986
9908 0.6955466270446777 0.025345366448163986
9909 0.7017122507095337 0.02534535899758339
9910 0.7079269886016846 0.02534535713493824
9911 0.668274462223053 0.2068246304988861
9912 0.674497663974762 0.22377552092075348
9913 0.6486764550209045 0.19172130525112152
9914 0.6123874187469482 0.14524231851100922
9915 0.5686716437339783 0.12617434561252594
9916 0.5996177792549133 0.12460238486528397
9917 0.7508674263954163 0.20659075677394867
9918 0.7363248467445374 0.17965103685855865
9919 0.7432699799537659 0.1606067270040512
9920 0.6884937882423401 0.1639251559972763
9921 0.6865681409835815 0.17837700247764587
9922 0.6697145104408264 0.15649329125881195
9923 0.6717367768287659 0.14637649059295654
9924 0.7333741784095764 0.11796534806489944
9925 0.7079287767410278 0.09078764915466309
9926 0.7250618934631348 0.07627344876527786
9927 0.6691464185714722 0.08243375271558762
9928 0.6637852191925049 0.09862463176250458
9929 0.633514404296875 0.0802665650844574
9930 0.6580920815467834 0.058594319969415665
9931 0.6762052178382874 0.06208629161119461
9932 0.6882733106613159 0.08565665036439896
9933 0.6827805042266846 0.10213439911603928
9934 0.6121446490287781 0.0763678029179573
9935 0.6025558114051819 0.08445213735103607
9936 0.5704309940338135 0.07120641320943832
9937 0.5998271107673645 0.06021621823310852
9938 0.5315023064613342 0.06986420601606369
9939 0.5600581765174866 0.05763541907072067
9940 0.5593438744544983 0.07557182759046555
9941 0.6975045204162598 0.02534535899758339
9942 0.6838904023170471 0.025345370173454285
9943 0.6926187872886658 0.025345368310809135
9944 0.6600496768951416 0.02534538134932518
9945 0.6724668145179749 0.025345372036099434
9946 0.6676914691925049 0.025345372036099434
9947 0.656165599822998 0.02534538134932518
9948 0.7049817442893982 0.02534535713493824
9949 0.6909947395324707 0.025345368310809135
9950 0.699174165725708 0.04592977464199066
9951 0.680658757686615 0.04100540652871132
9952 0.6631823182106018 0.03899189457297325
9953 0.5703545212745667 0.040434982627630234
9954 0.6004207730293274 0.02534538507461548
9955 0.6107892990112305 0.03738964721560478
9956 0.5609320998191833 0.02534538507461548
9957 0.5305299162864685 0.043600209057331085
9958 0.6516337394714355 0.02534538321197033
9959 0.6291873455047607 0.03948347270488739
9960 0.532532274723053 0.11046849191188812
9961 0.5569536089897156 0.10546635836362839
9962 0.6924252510070801 0.149385467171669
9963 0.7159401178359985 0.17376507818698883
9964 0.7132548689842224 0.189174622297287
9965 0.6432152390480042 0.16367949545383453
9966 0.508621871471405 0.10314621031284332
9967 0.5203484892845154 0.0957186296582222
9968 0.5213900208473206 0.055755797773599625
9969 0.5203061699867249 0.07080327719449997
9970 0.5093541741371155 0.06927090138196945
9971 0.5119978785514832 0.04169666767120361
9972 0.5206143856048584 0.027763906866312027
9973 0.6269776821136475 0.02534538507461548
9974 0.622677743434906 0.02534538507461548
9975 0.511383593082428 0.025345366448163986
9976 0.5194170475006104 0.025345370173454285
9977 0.5537552237510681 0.02534538507461548
9978 0.5687780380249023 0.02534538507461548
9979 0.5609874129295349 0.02534538507461548
9980 0.606121838092804 0.02534538507461548
9981 0.575580358505249 0.02534538507461548
9982 0.6301985383033752 0.02534538507461548
9983 0.6318438053131104 0.02534538507461548
9984 0.6634297370910645 0.02534538134932518
9985 0.5713619589805603 0.02534538507461548
9986 0.5982261300086975 0.02534538507461548
9987 0.5667650103569031 0.02534538507461548
9988 0.5532145500183105 0.02534538507461548
9989 0.5568692684173584 0.02534538507461548
9990 0.5096817016601562 0.02534535899758339
9991 0.5168672204017639 0.025345368310809135
9992 0.6133351922035217 0.02534538507461548
9993 0.6129624843597412 0.02534538507461548
9994 0.5325236916542053 0.08794121444225311
9995 0.508999764919281 0.08202281594276428
9996 0.5719719529151917 0.0988435447216034
9997 0.6155283451080322 0.116794653236866
9998 0.6777180433273315 0.12456315755844116
9999 0.6565439701080322 0.12158595770597458
10000 0.6969184875488281 0.1272113174200058
10001 0.7281681299209595 0.134430393576622
10002 0.6957836747169495 0.9497413039207458
10003 0.7155041098594666 0.9321693778038025
10004 0.7177145481109619 0.9720987677574158
10005 0.6748180985450745 0.9664231538772583
10006 0.6557990908622742 0.9436063170433044
10007 0.6762568950653076 0.927921712398529
10008 0.7150458693504333 0.893060564994812
10009 0.6962847113609314 0.9107292890548706
10010 0.6809128522872925 0.8901615738868713
10011 0.6606226563453674 0.904721736907959
10012 0.709381103515625 0.6651827692985535
10013 0.7125687003135681 0.6803030967712402
10014 0.7017686367034912 0.6904078722000122
10015 0.6996597647666931 0.6778764724731445
10016 0.7076257467269897 0.6518639922142029
10017 0.7177242040634155 0.6421181559562683
10018 0.720802903175354 0.6556071639060974
10019 0.7106676697731018 0.20943954586982727
10020 0.7092891931533813 0.22890880703926086
10021 0.6807456016540527 0.20991405844688416
10022 0.7256002426147461 0.21850267052650452
10023 0.722409188747406 0.23442326486110687
10024 0.7581654787063599 0.255232572555542
10025 0.7444277405738831 0.2279287576675415
10026 0.7232576012611389 0.6710675954818726
10027 0.717267632484436 0.6974813938140869
10028 0.7321510314941406 0.6499373912811279
10029 0.7297210693359375 0.6320272088050842
10030 0.741356372833252 0.6201682686805725
10031 0.6961547136306763 0.6595521569252014
10032 0.6932804584503174 0.6467387080192566
10033 0.7048547267913818 0.637125551700592
10034 0.6841902732849121 0.6685057282447815
10035 0.688010573387146 0.6872999668121338
10036 0.6243814826011658 0.8816209435462952
10037 0.6464982628822327 0.8756003379821777
10038 0.6376826167106628 0.91055828332901
10039 0.61470627784729 0.9158764481544495
10040 0.6325737833976746 0.9489526748657227
10041 0.7246460318565369 0.612220823764801
10042 0.7157810926437378 0.6262477040290833
10043 0.6800813674926758 0.025345370173454285
10044 0.6962026357650757 0.025345366448163986
10045 0.5923618674278259 0.9209575057029724
10046 0.5803918242454529 0.8862461447715759
10047 0.6024656891822815 0.8874903321266174
10048 0.6142969131469727 0.8558005094528198
10049 0.5922667980194092 0.8537768125534058
10050 0.6817885041236877 0.6520099639892578
10051 0.6723774671554565 0.6784769296646118
10052 0.6697363257408142 0.6600719094276428
10053 0.6796994805335999 0.6387481093406677
10054 0.6912360787391663 0.6305816173553467
10055 0.678888738155365 0.6226717829704285
10056 0.6690061092376709 0.6447736620903015
10057 0.6583263874053955 0.6686554551124573
10058 0.5864711403846741 0.823270320892334
10059 0.5711997151374817 0.8488296866416931
10060 0.5594529509544373 0.8807220458984375
10061 0.7117952108383179 0.609820544719696
10062 0.7021327018737793 0.6210880279541016
10063 0.6985633373260498 0.6042415499687195
10064 0.688887357711792 0.6135686039924622
10065 0.6878095865249634 0.5990803241729736
10066 0.5227156281471252 0.025345372036099434
10067 0.5059929490089417 0.02534535899758339
10068 0.5121457576751709 0.025345366448163986
10069 0.5748939514160156 0.02534538507461548
10070 0.5597109794616699 0.02534538507461548
10071 0.5633648037910461 0.02534538507461548
10072 0.528494656085968 0.025345373898744583
10073 0.5956847667694092 0.02534538507461548
10074 0.5961117148399353 0.02534538507461548
10075 0.6128801703453064 0.02534538507461548
10076 0.6334426999092102 0.02534538507461548
10077 0.6143693923950195 0.02534538507461548
10078 0.6582298874855042 0.02534538134932518
10079 0.6532769799232483 0.02534538321197033
10080 0.6709082126617432 0.025345372036099434
10081 0.6045527458190918 0.02534538507461548
10082 0.6188896298408508 0.02534538507461548
10083 0.5989861488342285 0.02534538507461548
10084 0.585814893245697 0.02534538507461548
10085 0.585814893245697 0.02534538507461548
10086 0.5579572319984436 0.02534538507461548
10087 0.5686957836151123 0.02534538507461548
10088 0.552227795124054 0.02534538507461548
10089 0.5249790549278259 0.025345372036099434
10090 0.5178592205047607 0.025345370173454285
10091 0.5069425702095032 0.02534535899758339
10092 0.4980762302875519 0.02534535527229309
10093 0.5652318596839905 0.02534538507461548
10094 0.5470204949378967 0.02534538507461548
10095 0.5546225309371948 0.02534538507461548
10096 0.5142136216163635 0.025345368310809135
10097 0.5229296684265137 0.025345372036099434
10098 0.499455988407135 0.02534535527229309
10099 0.5030407905578613 0.02534535713493824
10100 0.5899937152862549 0.02534538507461548
10101 0.5839602947235107 0.02534538507461548
10102 0.5858148336410522 0.02534538507461548
10103 0.6534857153892517 0.02534538321197033
10104 0.655388355255127 0.02534538321197033
10105 0.6675434112548828 0.025345372036099434
10106 0.6401302218437195 0.02534538507461548
10107 0.6414452195167542 0.02534538507461548
10108 0.6426615118980408 0.02534538507461548
10109 0.6450112462043762 0.02534538321197033
10110 0.6319568753242493 0.02534538507461548
10111 0.6382596492767334 0.02534538507461548
10112 0.611248254776001 0.02534538507461548
10113 0.5971906185150146 0.02534538507461548
10114 0.68747478723526 0.025345368310809135
10115 0.6926165223121643 0.7404457330703735
10116 0.7010589241981506 0.7562756538391113
10117 0.6895177364349365 0.7690123915672302
10118 0.6803586483001709 0.7512097358703613
10119 0.7074264883995056 0.7078290581703186
10120 0.6969309449195862 0.7183638215065002
10121 0.6908084154129028 0.7009772658348083
10122 0.6807170510292053 0.712799608707428
10123 0.6761007308959961 0.6958414316177368
10124 0.6738525032997131 0.7354491949081421
10125 0.6676691770553589 0.7607121467590332
10126 0.6616358160972595 0.745354175567627
10127 0.663945198059082 0.7030829787254333
10128 0.6602039933204651 0.6854946613311768
10129 0.6478845477104187 0.6912022233009338
10130 0.6556462645530701 0.7243757247924805
10131 0.6482886672019958 0.7507409453392029
10132 0.6423530578613281 0.7298316359519958
10133 0.6382550597190857 0.7114863991737366
10134 0.6288008689880371 0.7334275245666504
10135 0.6516557335853577 0.7067213654518127
10136 0.6688488721847534 0.7181438207626343
10137 0.6863353252410889 0.7255450487136841
10138 0.7039556503295898 0.7308675050735474
10139 0.6564199924468994 0.8142200112342834
10140 0.6688247323036194 0.8369941711425781
10141 0.6516953110694885 0.8442144393920898
10142 0.639800488948822 0.8209148049354553
10143 0.6340338587760925 0.8499632477760315
10144 0.6656902432441711 0.8692318201065063
10145 0.6058425903320312 0.8260878920555115
10146 0.6229857802391052 0.8266134262084961
10147 0.5985562205314636 0.799008846282959
10148 0.6319997310638428 0.8014830350875854
10149 0.6153978705406189 0.8008694052696228
10150 0.6084719300270081 0.7743992805480957
10151 0.6880770325660706 0.7969096899032593
10152 0.6772010326385498 0.779930591583252
10153 0.6997484564781189 0.7849636077880859
10154 0.711405336856842 0.7986435890197754
10155 0.7102422118186951 0.7695541381835938
10156 0.6636466979980469 0.7874933481216431
10157 0.6547724604606628 0.7695704102516174
10158 0.6407501101493835 0.7748312950134277
10159 0.634541928768158 0.7544975280761719
10160 0.6200011372566223 0.7545759677886963
10161 0.6246928572654724 0.7753814458847046
10162 0.6477582454681396 0.7948212623596191
10163 0.6726065278053284 0.8062463402748108
10164 0.7114521265029907 0.7421694397926331
10165 0.7135432958602905 0.7204074263572693
10166 0.6847134232521057 0.8277631402015686
10167 0.6969662308692932 0.8431935906410217
10168 0.6818594336509705 0.8581500053405762
10169 0.6976637244224548 0.8756352066993713
10170 0.6990662813186646 0.8126130700111389
10171 0.7108989953994751 0.8272828459739685
10172 0.7122859954833984 0.8597126603126526
10173 0.6932668089866638 0.5756866335868835
10174 0.6952534914016724 0.5888999104499817
10175 0.735287606716156 0.5967697501182556
10176 0.7475705146789551 0.5837144255638123
10177 0.7273989319801331 0.5777378678321838
10178 0.7204015254974365 0.5959578156471252
10179 0.7137728333473206 0.5805273652076721
10180 0.7068485617637634 0.5931383967399597
10181 0.7024925947189331 0.5792592167854309
10182 0.7214164733886719 0.5458031296730042
10183 0.7297263741493225 0.5535182952880859
10184 0.7191538214683533 0.5643592476844788
10185 0.695676863193512 0.5533722043037415
10186 0.6990074515342712 0.5653840899467468
10187 0.7028674483299255 0.5546117424964905
10188 0.7085041999816895 0.5670756697654724
10189 0.7118383049964905 0.5525972843170166
10190 0.747701108455658 0.27819374203681946
10191 0.7582669854164124 0.3082495927810669
10192 0.7306193709373474 0.26180270314216614
10193 0.719135046005249 0.2821084260940552
10194 0.7188339829444885 0.24670657515525818
10195 0.7099972367286682 0.27048251032829285
10196 0.6977753043174744 0.2481180727481842
10197 0.712844967842102 0.29585692286491394
10198 0.7031378149986267 0.30880987644195557
10199 0.7015669345855713 0.29019686579704285
10200 0.6886470317840576 0.2478795051574707
10201 0.6898612976074219 0.271077424287796
10202 0.7215635776519775 0.30826660990715027
10203 0.7085652947425842 0.31965935230255127
10204 0.6951390504837036 0.2891753017902374
10205 0.6922360062599182 0.30538806319236755
10206 0.7544459700584412 0.5498111248016357
10207 0.7482490539550781 0.5254652500152588
10208 0.7584803104400635 0.5188617706298828
10209 0.7327625751495361 0.5096790194511414
10210 0.7418787479400635 0.5040273666381836
10211 0.7380125522613525 0.5296878218650818
10212 0.7622881531715393 0.4276430308818817
10213 0.7533435225486755 0.41161105036735535
10214 0.7610034942626953 0.3960705101490021
10215 0.751255452632904 0.4977269172668457
10216 0.7607944011688232 0.4880232810974121
10217 0.7366728186607361 0.48461344838142395
10218 0.745116114616394 0.4776919186115265
10219 0.7621197700500488 0.4582553505897522
10220 0.7540730834007263 0.4408166706562042
10221 0.7393413186073303 0.43632742762565613
10222 0.7452458739280701 0.4254283308982849
10223 0.7454910278320312 0.4514308571815491
10224 0.7381139397621155 0.4128170311450958
10225 0.7429996728897095 0.3991782069206238
10226 0.6838193535804749 0.025345368310809135
10227 0.6737750768661499 0.025345373898744583
10228 0.685310423374176 0.025345368310809135
10229 0.6877017021179199 0.025345366448163986
10230 0.6982902884483337 0.02534535899758339
10231 0.6961266994476318 0.025345366448163986
10232 0.7018716335296631 0.02534536086022854
10233 0.7113338112831116 0.02534535713493824
10234 0.7081122398376465 0.02534535713493824
10235 0.719302237033844 0.02534535527229309
10236 0.7159597873687744 0.02534535527229309
10237 0.7225566506385803 0.02534535713493824
10238 0.7296569347381592 0.02534535713493824
10239 0.727692723274231 0.02534535899758339
10240 0.6929345726966858 0.025345368310809135
10241 0.694399893283844 0.02534535899758339
10242 0.7062902450561523 0.02534535899758339
10243 0.7038888335227966 0.02534535899758339
10244 0.7040418982505798 0.02534535899758339
10245 0.7023877501487732 0.02534535899758339
10246 0.7207947373390198 0.02534535527229309
10247 0.710462212562561 0.02534535713493824
10248 0.7232909202575684 0.02534535713493824
10249 0.7193489074707031 0.02534535713493824
10250 0.7271950244903564 0.02534535713493824
10251 0.7182177901268005 0.02534535527229309
10252 0.7247278690338135 0.02534535713493824
10253 0.7254672646522522 0.02534535713493824
10254 0.7301763296127319 0.02534535899758339
10255 0.7425153255462646 0.555694580078125
10256 0.7291017770767212 0.5307249426841736
10257 0.753085732460022 0.4692210555076599
10258 0.7384687066078186 0.46183401346206665
10259 0.7331159114837646 0.3875744342803955
10260 0.739664614200592 0.36654460430145264
10261 0.7503713965415955 0.37886902689933777
10262 0.7573114037513733 0.35874345898628235
10263 0.7464611530303955 0.3401314914226532
10264 0.7245894074440002 0.3647959232330322
10265 0.7312898635864258 0.33196473121643066
10266 0.6254425048828125 0.02534538507461548
10267 0.6183711886405945 0.02534538507461548
10268 0.6356173157691956 0.02534538507461548
10269 0.6631872653961182 0.02534538134932518
10270 0.6774942874908447 0.025345372036099434
10271 0.68563312292099 0.025345368310809135
10272 0.693821370601654 0.06802710145711899
10273 0.7023354768753052 0.10565400123596191
10274 0.721477746963501 0.1551060527563095
10275 0.7299267053604126 0.19919715821743011
10276 0.7383108735084534 0.24515512585639954
10277 0.7315001487731934 0.30055686831474304
10278 0.7162432074546814 0.3371577560901642
10279 0.6978635191917419 0.304133802652359
10280 0.6971564888954163 0.26846179366111755
10281 0.6841788291931152 0.22314420342445374
10282 0.6638125777244568 0.18698817491531372
10283 0.6492610573768616 0.14298729598522186
10284 0.6264784336090088 0.09513037651777267
10285 0.6198887228965759 0.06525970250368118
10286 0.6172914505004883 0.02534538507461548
10287 0.6106590628623962 0.02534538507461548
10288 0.5973349213600159 0.02534538507461548
10289 0.5794782638549805 0.02534538507461548
10290 0.5757076144218445 0.02534538507461548
10291 0.5736187696456909 0.02534538507461548
10292 0.6936212182044983 0.3191419541835785
10293 0.6982578635215759 0.3210304081439972
10294 0.7024447917938232 0.3286806046962738
10295 0.707346498966217 0.3414657413959503
10296 0.713593065738678 0.35828229784965515
10297 0.7163639664649963 0.3668878376483917
10298 0.7235932350158691 0.3820767402648926
10299 0.7283177971839905 0.3987236022949219
10300 0.7308564782142639 0.4076118469238281
10301 0.7337770462036133 0.42457276582717896
10302 0.7342767715454102 0.4416986107826233
10303 0.733461856842041 0.45169180631637573
10304 0.7324818968772888 0.4694593548774719
10305 0.7295234203338623 0.48543456196784973
10306 0.7266515493392944 0.4940519630908966
10307 0.724118173122406 0.5114631056785583
10308 0.7189069390296936 0.527918815612793
10309 0.7121590971946716 0.5379529595375061
10310 0.7047863602638245 0.542855978012085
10311 0.698574423789978 0.5441645979881287
10312 0.9658392667770386 0.02534535713493824
10313 0.033413320779800415 0.02534535527229309
10314 0.9630970358848572 0.02534535713493824
10315 0.033413320779800415 0.02534535527229309
10316 0.9590300917625427 0.02534535713493824
10317 0.033413320779800415 0.02534535527229309
10318 0.9547395706176758 0.02534535899758339
10319 0.033413320779800415 0.02534535527229309
10320 0.033413320779800415 0.02534535527229309
10321 0.8864169716835022 0.02534538507461548
10322 0.3482992351055145 0.27013298869132996
10323 0.36325308680534363 0.27486416697502136
10324 0.35498473048210144 0.30550679564476013
10325 0.3445320427417755 0.30225029587745667
10326 0.3467218279838562 0.2320288121700287
10327 0.3635874092578888 0.2345544993877411
10328 0.33892008662223816 0.26976147294044495
10329 0.39136624336242676 0.5957736372947693
10330 0.38982585072517395 0.5827875733375549
10331 0.3984241783618927 0.5846760272979736
10332 0.4002430737018585 0.5972256064414978
10333 0.383409321308136 0.6067124009132385
10334 0.3819863498210907 0.5936112999916077
10335 0.3931832015514374 0.6088056564331055
10336 0.38111400604248047 0.5809473395347595
10337 0.3807322680950165 0.569214403629303
10338 0.3889451324939728 0.5715844035148621
10339 0.3724074065685272 0.590674102306366
10340 0.372076153755188 0.5771813988685608
10341 0.36845123767852783 0.31256142258644104
10342 0.36432865262031555 0.3368409276008606
10343 0.3534015417098999 0.33340132236480713
10344 0.397107869386673 0.5739219784736633
10345 0.40471360087394714 0.5760502815246582
10346 0.40662816166877747 0.586791455745697
10347 0.3887177109718323 0.5604261755943298
10348 0.39619967341423035 0.5635016560554504
10349 0.4888722598552704 0.6579330563545227
10350 0.49480384588241577 0.6473506093025208
10351 0.4940336048603058 0.6707239747047424
10352 0.37482529878616333 0.34152406454086304
10353 0.37151864171028137 0.3649504482746124
10354 0.36105602979660034 0.3609655201435089
10355 0.3811272978782654 0.38674184679985046
10356 0.36924150586128235 0.3855247497558594
10357 0.3829324543476105 0.36796262860298157
10358 0.483985960483551 0.6465267539024353
10359 0.4792485535144806 0.6358292102813721
10360 0.48540326952934265 0.6270717978477478
10361 0.4900514781475067 0.6365094780921936
10362 0.4949031472206116 0.6082196831703186
10363 0.4949527382850647 0.6263552308082581
10364 0.4902794063091278 0.6172289848327637
10365 0.3805570900440216 0.5567841529846191
10366 0.3718397319316864 0.5644935965538025
10367 0.3719320297241211 0.5522713661193848
10368 0.3619963526725769 0.5727219581604004
10369 0.36226189136505127 0.5595521330833435
10370 0.3888254463672638 0.5489868521690369
10371 0.3809497356414795 0.5451309680938721
10372 0.4771856665611267 0.6564589142799377
10373 0.48196500539779663 0.669014036655426
10374 0.4804597496986389 0.6182940006256104
10375 0.4856188893318176 0.6093430519104004
10376 0.49112412333488464 0.7503520250320435
10377 0.4841170310974121 0.7222352623939514
10378 0.4926564395427704 0.7054543495178223
10379 0.4731765389442444 0.6811352968215942
10380 0.4858989417552948 0.6830599308013916
10381 0.47670772671699524 0.6965510845184326
10382 0.3848925232887268 0.6208376288414001
10383 0.37421223521232605 0.6186638474464417
10384 0.37301909923553467 0.6040403842926025
10385 0.3626364469528198 0.6010825634002686
10386 0.3620799779891968 0.5865007042884827
10387 0.35874220728874207 0.38485080003738403
10388 0.368000328540802 0.4071093201637268
10389 0.35478493571281433 0.4069896340370178
10390 0.34194451570510864 0.4232487082481384
10391 0.34554100036621094 0.40551039576530457
10392 0.3499695956707001 0.4275658428668976
10393 0.3515758216381073 0.5818071961402893
10394 0.35173532366752625 0.5677337646484375
10395 0.4735412001609802 0.7391090393066406
10396 0.46722838282585144 0.7124767899513245
10397 0.35252878069877625 0.6119723916053772
10398 0.3519411087036133 0.596560001373291
10399 0.36327266693115234 0.615483820438385
10400 0.41439682245254517 0.58742755651474
10401 0.4169754683971405 0.5974230170249939
10402 0.4088854491710663 0.5978491902351379
10403 0.36439335346221924 0.6315617561340332
10404 0.3756387531757355 0.6343140006065369
10405 0.410999596118927 0.6090722680091858
10406 0.4023301601409912 0.6093919277191162
10407 0.4250359535217285 0.5961844325065613
10408 0.4281144142150879 0.6057325005531311
10409 0.4197342097759247 0.6077913641929626
10410 0.4355506896972656 0.6017322540283203
10411 0.4388572573661804 0.6105747222900391
10412 0.4313201606273651 0.6151995062828064
10413 0.4137887954711914 0.6206561923027039
10414 0.4227047562599182 0.6185214519500732
10415 0.4259223937988281 0.6294867992401123
10416 0.4345860481262207 0.6252681612968445
10417 0.4642045497894287 0.6256808638572693
10418 0.4683068096637726 0.6347322463989258
10419 0.4616381525993347 0.6434640884399414
10420 0.4575638175010681 0.6330790519714355
10421 0.4725339412689209 0.6451494097709656
10422 0.47436168789863586 0.6265680193901062
10423 0.46551892161369324 0.6546883583068848
10424 0.4574427306652069 0.6634945273399353
10425 0.4538118839263916 0.6510249972343445
10426 0.46961045265197754 0.6676644682884216
10427 0.46601247787475586 0.6099128723144531
10428 0.470107764005661 0.6180040836334229
10429 0.46007591485977173 0.6171093583106995
10430 0.4378071129322052 0.6357069611549377
10431 0.441508948802948 0.6468388438224792
10432 0.4321102499961853 0.6533675789833069
10433 0.4291934669017792 0.6410470008850098
10434 0.4756495952606201 0.6102264523506165
10435 0.4421720802783966 0.6197607517242432
10436 0.4458491802215576 0.6295633316040039
10437 0.44579654932022095 0.6057050824165344
10438 0.4492560029029846 0.6143004298210144
10439 0.45338085293769836 0.6235657334327698
10440 0.45599743723869324 0.6088138222694397
10441 0.4498937427997589 0.6399573683738708
10442 0.44515591859817505 0.6591387391090393
10443 0.3498377501964569 0.4643852710723877
10444 0.3537871837615967 0.45147964358329773
10445 0.36229488253593445 0.4612386226654053
10446 0.357488751411438 0.472930908203125
10447 0.3453619182109833 0.4433946907520294
10448 0.36043450236320496 0.4375224709510803
10449 0.3338601589202881 0.4333662986755371
10450 0.33635613322257996 0.42048028111457825
10451 0.33867475390434265 0.43767040967941284
10452 0.34111377596855164 0.46910360455513
10453 0.34258338809013367 0.45640188455581665
10454 0.34685423970222473 0.47663334012031555
10455 0.3367815315723419 0.44990256428718567
10456 0.33510449528694153 0.4739544093608856
10457 0.33563655614852905 0.46084854006767273
10458 0.33961769938468933 0.4810778796672821
10459 0.34820321202278137 0.3844131827354431
10460 0.3508760631084442 0.35990455746650696
10461 0.4555547833442688 0.8170576691627502
10462 0.4739825427532196 0.8007144331932068
10463 0.4505898654460907 0.8478832840919495
10464 0.43888360261917114 0.7955851554870605
10465 0.4575745761394501 0.7801470756530762
10466 0.43537575006484985 0.8226794004440308
10467 0.4752490222454071 0.763951301574707
10468 0.4571678936481476 0.7517629265785217
10469 0.3306315243244171 0.6167986392974854
10470 0.34190014004707336 0.6226811408996582
10471 0.3416045904159546 0.6377849578857422
10472 0.3300776183605194 0.632826566696167
10473 0.35318881273269653 0.6266694068908691
10474 0.3418426811695099 0.6064032912254333
10475 0.3535449206829071 0.6429529190063477
10476 0.3532266318798065 0.6602950096130371
10477 0.3409779369831085 0.6550724506378174
10478 0.36550453305244446 0.6470456719398499
10479 0.3413531184196472 0.5915653109550476
10480 0.3411669433116913 0.5767425894737244
10481 0.3309420049190521 0.6007866859436035
10482 0.331118106842041 0.5857459902763367
10483 0.31966760754585266 0.6100113987922668
10484 0.3204672038555145 0.5947192311286926
10485 0.4244112968444824 0.673332154750824
10486 0.42239096760749817 0.6590368747711182
10487 0.4352458119392395 0.6673422455787659
10488 0.46340420842170715 0.6944703459739685
10489 0.46051594614982605 0.6785857677459717
10490 0.4509737193584442 0.6899862885475159
10491 0.4482908248901367 0.673651933670044
10492 0.4557725787162781 0.7287249565124512
10493 0.45322656631469727 0.707949697971344
10494 0.43796783685684204 0.6825538873672485
10495 0.4414822459220886 0.7169246673583984
10496 0.44010379910469055 0.6994266510009766
10497 0.43995434045791626 0.7647899389266968
10498 0.44066712260246277 0.7394692897796631
10499 0.4261421859264374 0.7485864162445068
10500 0.4276740252971649 0.7241349816322327
10501 0.42797398567199707 0.7062197327613831
10502 0.4265000522136688 0.6894559264183044
10503 0.4133038818836212 0.7315911054611206
10504 0.41422945261001587 0.7125239372253418
10505 0.4186672866344452 0.8008961081504822
10506 0.42358872294425964 0.7746867537498474
10507 0.4167723059654236 0.6325080990791321
10508 0.40720492601394653 0.6352872252464294
10509 0.4045723080635071 0.6220346093177795
10510 0.39508092403411865 0.6219155788421631
10511 0.38652703166007996 0.6358547210693359
10512 0.3970523476600647 0.6362181305885315
10513 0.38808462023735046 0.6513288617134094
10514 0.3768038749694824 0.6503660082817078
10515 0.4020066261291504 0.6818534135818481
10516 0.400932252407074 0.6662116646766663
10517 0.4120517373085022 0.663780689239502
10518 0.4135870635509491 0.6791797876358032
10519 0.4097369313240051 0.6492257714271545
10520 0.41980841755867004 0.6453281044960022
10521 0.39915087819099426 0.6507996916770935
10522 0.3773433566093445 0.6665357947349548
10523 0.3654627501964569 0.6640425324440002
10524 0.40166276693344116 0.6986908316612244
10525 0.38889384269714355 0.7003499269485474
10526 0.38962772488594055 0.6829034090042114
10527 0.41417551040649414 0.6958250403404236
10528 0.40016987919807434 0.7179173827171326
10529 0.3891946077346802 0.6671000123023987
10530 0.3770139515399933 0.6823791861534119
10531 0.36449524760246277 0.6812592148780823
10532 0.352077454328537 0.6776866912841797
10533 0.3986101448535919 0.737888753414154
10534 0.38347649574279785 0.7397341132164001
10535 0.3869640529155731 0.7199201583862305
10536 0.37370944023132324 0.7190439701080322
10537 0.37593817710876465 0.7003934383392334
10538 0.3628421127796173 0.6987426280975342
10539 0.40757179260253906 0.7772513628005981
10540 0.41119545698165894 0.75650954246521
10541 0.3954777717590332 0.7584896087646484
10542 0.38159558176994324 0.5338263511657715
10543 0.3723702132701874 0.540435254573822
10544 0.3734647035598755 0.5290001034736633
10545 0.3626234233379364 0.5471162796020508
10546 0.3632931709289551 0.5352588295936584
10547 0.3521575927734375 0.5544276833534241
10548 0.35287240147590637 0.541607141494751
10549 0.34138965606689453 0.5625737309455872
10550 0.3421144485473633 0.5487486720085144
10551 0.36448219418525696 0.5237430930137634
10552 0.3541254699230194 0.5290502905845642
10553 0.3558962941169739 0.5168161988258362
10554 0.3749966025352478 0.5177298188209534
10555 0.3667256534099579 0.5116742253303528
10556 0.34360381960868835 0.5350318551063538
10557 0.34563538432121277 0.521737813949585
10558 0.3539004623889923 0.48488545417785645
10559 0.3508498966693878 0.4968269169330597
10560 0.3444117307662964 0.4885968565940857
10561 0.3651556968688965 0.4814296364784241
10562 0.36129605770111084 0.49271872639656067
10563 0.3422791361808777 0.5006186962127686
10564 0.33764001727104187 0.4919118583202362
10565 0.3311786949634552 0.5712146162986755
10566 0.3319859206676483 0.5566961765289307
10567 0.33388546109199524 0.5420010685920715
10568 0.33649742603302 0.5273022651672363
10569 0.3243182599544525 0.550062358379364
10570 0.32715603709220886 0.5348620414733887
10571 0.32150694727897644 0.5796083807945251
10572 0.3224625885486603 0.5650859475135803
10573 0.3155992925167084 0.5580156445503235
10574 0.3182962238788605 0.5435643196105957
10575 0.31154942512512207 0.5871071815490723
10576 0.3134765625 0.5725026726722717
10577 0.3071880638599396 0.56405109167099
10578 0.31031477451324463 0.5504381656646729
10579 0.3694505989551544 0.5000908970832825
10580 0.35825878381729126 0.5046326518058777
10581 0.3481588065624237 0.5091311931610107
10582 0.3393995761871338 0.5132809281349182
10583 0.330426424741745 0.5184598565101624
10584 0.334335595369339 0.5032155513763428
10585 0.3214068114757538 0.5286495089530945
10586 0.32479146122932434 0.5128416419029236
10587 0.31247925758361816 0.5194202065467834
10588 0.3147170841693878 0.5097486972808838
10589 0.3193223178386688 0.5108320713043213
10590 0.3164076507091522 0.5239585041999817
10591 0.30749890208244324 0.5238737463951111
10592 0.3097972571849823 0.5147585272789001
10593 0.31012997031211853 0.5306314826011658
10594 0.3026156723499298 0.5250797867774963
10595 0.30436384677886963 0.49443677067756653
10596 0.3041546642780304 0.5340985655784607
10597 0.29795190691947937 0.5234692692756653
10598 0.30199387669563293 0.4946541488170624
10599 0.2981400489807129 0.5346342921257019
10600 0.33795326948165894 0.4038223624229431
10601 0.3408336341381073 0.38435885310173035
10602 0.32868692278862 0.4168722331523895
10603 0.3320007026195526 0.4181305766105652
10604 0.33064886927604675 0.4292401969432831
10605 0.3279382288455963 0.42644017934799194
10606 0.3330342471599579 0.4036756157875061
10607 0.3285893499851227 0.4050278663635254
10608 0.3291509449481964 0.3901538550853729
10609 0.33454394340515137 0.3852880299091339
10610 0.3257730305194855 0.41625621914863586
10611 0.3256613314151764 0.40744441747665405
10612 0.33073151111602783 0.4738931953907013
10613 0.33103227615356445 0.4654023349285126
10614 0.3335012197494507 0.48264384269714355
10615 0.3304857015609741 0.49153417348861694
10616 0.32915636897087097 0.43859556317329407
10617 0.33199748396873474 0.4443663954734802
10618 0.331406831741333 0.4548279941082001
10619 0.32763469219207764 0.4589657187461853
10620 0.327942818403244 0.4509582221508026
10621 0.3432672321796417 0.3292792737483978
10622 0.3427281081676483 0.3601216971874237
10623 0.3353305160999298 0.3007392883300781
10624 0.3269243538379669 0.30443036556243896
10625 0.32809337973594666 0.27555420994758606
10626 0.3349623382091522 0.33041271567344666
10627 0.3282824456691742 0.33200475573539734
10628 0.33561646938323975 0.3601020574569702
10629 0.3293423354625702 0.35866764187812805
10630 0.3225952386856079 0.33594274520874023
10631 0.32135236263275146 0.31267300248146057
10632 0.30345916748046875 0.36476442217826843
10633 0.29986169934272766 0.3663645088672638
10634 0.30010342597961426 0.35415273904800415
10635 0.3043093979358673 0.35785409808158875
10636 0.28897595405578613 0.38061535358428955
10637 0.28612020611763 0.38089632987976074
10638 0.28836944699287415 0.3739798367023468
10639 0.29394733905792236 0.36899542808532715
10640 0.2701418697834015 0.4222733974456787
10641 0.27147814631462097 0.42760589718818665
10642 0.2685590982437134 0.435604989528656
10643 0.267015665769577 0.4309549927711487
10644 0.27280619740486145 0.40971970558166504
10645 0.27311041951179504 0.41570499539375305
10646 0.2687903940677643 0.41607242822647095
10647 0.268706351518631 0.44757556915283203
10648 0.2665381133556366 0.4438519775867462
10649 0.2699908912181854 0.4400835335254669
10650 0.2967539131641388 0.4961044490337372
10651 0.29935362935066223 0.4962441623210907
10652 0.2923608124256134 0.5312450528144836
10653 0.29346659779548645 0.49648478627204895
10654 0.2951529324054718 0.4986467957496643
10655 0.2877456843852997 0.5225785374641418
10656 0.27597853541374207 0.49005892872810364
10657 0.28291237354278564 0.4949598014354706
10658 0.2868850529193878 0.495783269405365
10659 0.2805502414703369 0.4939902126789093
10660 0.2693351209163666 0.46252161264419556
10661 0.27117621898651123 0.4659755229949951
10662 0.2719156742095947 0.4799768924713135
10663 0.26996734738349915 0.4745393395423889
10664 0.2915191352367401 0.4976406693458557
10665 0.28319597244262695 0.5101142525672913
10666 0.27367112040519714 0.48344942927360535
10667 0.2745199203491211 0.48467257618904114
10668 0.2674272358417511 0.45773962140083313
10669 0.26967906951904297 0.4539293646812439
10670 0.28051745891571045 0.38974159955978394
10671 0.27982866764068604 0.39684242010116577
10672 0.2758478820323944 0.399187833070755
10673 0.2751404941082001 0.3923529386520386
10674 0.2845190763473511 0.3904418647289276
10675 0.2820022404193878 0.3811332881450653
10676 0.2760736644268036 0.4052267074584961
10677 0.27243325114250183 0.4037723243236542
10678 0.29806220531463623 0.3674543499946594
10679 0.2952859699726105 0.3657067120075226
10680 0.3193525969982147 0.2872213125228882
10681 0.3168318569660187 0.3223797082901001
10682 0.3137499988079071 0.3011057674884796
10683 0.3321169316768646 0.23677955567836761
10684 0.31915879249572754 0.25903961062431335
10685 0.3623669445514679 0.19990414381027222
10686 0.3398711383342743 0.2164904922246933
10687 0.3896952271461487 0.18349295854568481
10688 0.3806263208389282 0.18154317140579224
10689 0.4065403640270233 0.17030328512191772
10690 0.43578529357910156 0.14333151280879974
10691 0.4243635833263397 0.15733249485492706
10692 0.41872432827949524 0.14978764951229095
10693 0.46791747212409973 0.12592355906963348
10694 0.45554661750793457 0.13808830082416534
10695 0.44676539301872253 0.1263943463563919
10696 0.4820730984210968 0.1311231106519699
10697 0.4797654151916504 0.11367178708314896
10698 0.30743348598480225 0.4098694324493408
10699 0.30704304575920105 0.4141726791858673
10700 0.3061172664165497 0.41376441717147827
10701 0.30635955929756165 0.40946632623672485
10702 0.29882851243019104 0.4554026126861572
10703 0.3001919686794281 0.46038028597831726
10704 0.29819753766059875 0.4606366753578186
10705 0.2974315583705902 0.4568292796611786
10706 0.3067474663257599 0.48214104771614075
10707 0.3085579574108124 0.4794207215309143
10708 0.30974236130714417 0.47849100828170776
10709 0.30829235911369324 0.48001235723495483
10710 0.30278491973876953 0.47928670048713684
10711 0.305116206407547 0.4817715287208557
10712 0.30467310547828674 0.4813196659088135
10713 0.29920312762260437 0.4771370589733124
10714 0.3011780083179474 0.4779350757598877
10715 0.3003566265106201 0.4785446524620056
10716 0.29738548398017883 0.4760919213294983
10717 0.2964944839477539 0.47452399134635925
10718 0.29781344532966614 0.47538429498672485
10719 0.2908570468425751 0.4637412428855896
10720 0.2921085059642792 0.4662622809410095
10721 0.2925608158111572 0.46853262186050415
10722 0.2909720838069916 0.46697431802749634
10723 0.29316818714141846 0.4683528244495392
10724 0.29174354672431946 0.46373888850212097
10725 0.2926868200302124 0.4662940502166748
10726 0.29471051692962646 0.47183874249458313
10727 0.295777291059494 0.4731283485889435
10728 0.2954791486263275 0.4733686149120331
10729 0.3145394027233124 0.47658082842826843
10730 0.31208840012550354 0.4783697724342346
10731 0.313124418258667 0.47809648513793945
10732 0.31157609820365906 0.44693782925605774
10733 0.31239333748817444 0.4484102725982666
10734 0.3124108612537384 0.4502849280834198
10735 0.3112030029296875 0.44854071736335754
10736 0.317658394575119 0.47240594029426575
10737 0.3157491385936737 0.47455716133117676
10738 0.3167916536331177 0.4746239483356476
10739 0.31838861107826233 0.46960633993148804
10740 0.31859317421913147 0.466596782207489
10741 0.3180282413959503 0.469308078289032
10742 0.3173079192638397 0.4559829533100128
10743 0.31781527400016785 0.45946067571640015
10744 0.31653210520744324 0.45607784390449524
10745 0.31482425332069397 0.4526551365852356
10746 0.3129441738128662 0.4440860152244568
10747 0.3141824007034302 0.44546106457710266
10748 0.3139980733394623 0.44840025901794434
10749 0.3130013942718506 0.44712206721305847
10750 0.3130033314228058 0.44016242027282715
10751 0.3117791712284088 0.44362756609916687
10752 0.311160683631897 0.4397737979888916
10753 0.3148616850376129 0.40318161249160767
10754 0.31309041380882263 0.4027256667613983
10755 0.31382879614830017 0.39809563755989075
10756 0.3156072795391083 0.3984372913837433
10757 0.31247588992118835 0.4068450927734375
10758 0.31044456362724304 0.4062127470970154
10759 0.31124603748321533 0.4019148647785187
10760 0.3081030547618866 0.4056057333946228
10761 0.3095725476741791 0.41053348779678345
10762 0.3157517910003662 0.4087672829627991
10763 0.31424906849861145 0.4076445400714874
10764 0.31659767031669617 0.40453511476516724
10765 0.3099442422389984 0.4128379821777344
10766 0.30883845686912537 0.4141717553138733
10767 0.3117898404598236 0.41109010577201843
10768 0.31341230869293213 0.41071227192878723
10769 0.31612566113471985 0.5029435157775879
10770 0.3138391673564911 0.506073534488678
10771 0.31084033846855164 0.49920034408569336
10772 0.3146807849407196 0.5046208500862122
10773 0.3067214787006378 0.4966725707054138
10774 0.30792558193206787 0.49705198407173157
10775 0.3087787628173828 0.497927725315094
10776 0.3057081699371338 0.4962316155433655
10777 0.30346742272377014 0.49479514360427856
10778 0.3038151264190674 0.4936167597770691
10779 0.3121304214000702 0.44646409153938293
10780 0.31097468733787537 0.44428351521492004
10781 0.3132001459598541 0.44956469535827637
10782 0.3166196644306183 0.46047618985176086
10783 0.3148195743560791 0.4567566215991974
10784 0.3145029842853546 0.4534650146961212
10785 0.3167383670806885 0.46770980954170227
10786 0.31749746203422546 0.46646997332572937
10787 0.317411869764328 0.4713282585144043
10788 0.315439909696579 0.4755544662475586
10789 0.31521156430244446 0.47084110975265503
10790 0.31010663509368896 0.4772491157054901
10791 0.3116944134235382 0.47391295433044434
10792 0.3071204423904419 0.47917503118515015
10793 0.3086297810077667 0.4777403175830841
10794 0.30342960357666016 0.4807125926017761
10795 0.30562660098075867 0.4784236252307892
10796 0.3000028431415558 0.47643420100212097
10797 0.302049845457077 0.4773131012916565
10798 0.2970586121082306 0.4745023548603058
10799 0.2990572154521942 0.47539955377578735
10800 0.29517892003059387 0.4719124138355255
10801 0.296655535697937 0.4733627438545227
10802 0.2936291992664337 0.46854469180107117
10803 0.29253026843070984 0.46374601125717163
10804 0.29317066073417664 0.4668425917625427
10805 0.29729369282722473 0.4340488612651825
10806 0.29836389422416687 0.43767380714416504
10807 0.2969309985637665 0.43972113728523254
10808 0.29590269923210144 0.43613433837890625
10809 0.29650548100471497 0.44695138931274414
10810 0.2954225242137909 0.4422007203102112
10811 0.29816845059394836 0.4451809227466583
10812 0.3089855909347534 0.40124744176864624
10813 0.3064567744731903 0.40504926443099976
10814 0.3065061867237091 0.40065670013427734
10815 0.3040052652359009 0.40949732065200806
10816 0.3043682277202606 0.40509846806526184
10817 0.29984328150749207 0.39799773693084717
10818 0.30212831497192383 0.395280122756958
10819 0.3003181219100952 0.39754027128219604
10820 0.2973571717739105 0.40243059396743774
10821 0.2983413636684418 0.40433448553085327
10822 0.30298280715942383 0.39638492465019226
10823 0.30246925354003906 0.4012487232685089
10824 0.29620710015296936 0.40601181983947754
10825 0.29625388979911804 0.40652015805244446
10826 0.29488837718963623 0.41011860966682434
10827 0.29648473858833313 0.4116675555706024
10828 0.29853108525276184 0.40930870175361633
10829 0.3119032680988312 0.3977252244949341
10830 0.3127328157424927 0.39304667711257935
10831 0.31459879875183105 0.39350032806396484
10832 0.30998513102531433 0.39707493782043457
10833 0.30428850650787354 0.39271122217178345
10834 0.30655086040496826 0.3915754556655884
10835 0.30585601925849915 0.3961426019668579
10836 0.3030533492565155 0.4155893623828888
10837 0.30104348063468933 0.4165601432323456
10838 0.30078771710395813 0.4120767414569855
10839 0.2952685058116913 0.4332680106163025
10840 0.294830322265625 0.42895179986953735
10841 0.2962486743927002 0.4261924922466278
10842 0.2967086136341095 0.4299772381782532
10843 0.29457831382751465 0.4384959042072296
10844 0.2940253019332886 0.435528963804245
10845 0.29394128918647766 0.45815542340278625
10846 0.29276779294013977 0.4550189673900604
10847 0.293655663728714 0.45215392112731934
10848 0.2949085533618927 0.45569488406181335
10849 0.2909308969974518 0.4509153962135315
10850 0.2916307747364044 0.45448750257492065
10851 0.29134872555732727 0.45756083726882935
10852 0.29041874408721924 0.45406126976013184
10853 0.2941127121448517 0.4452376663684845
10854 0.29341939091682434 0.4413442015647888
10855 0.2920069694519043 0.45151808857917786
10856 0.29245951771736145 0.4580082297325134
10857 0.2921592891216278 0.43160173296928406
10858 0.29172995686531067 0.4278962314128876
10859 0.29304563999176025 0.42495110630989075
10860 0.2934439480304718 0.4281863570213318
10861 0.29164430499076843 0.4377475380897522
10862 0.29207420349121094 0.4408685863018036
10863 0.2912287414073944 0.4441568851470947
10864 0.2906625270843506 0.440705806016922
10865 0.29096463322639465 0.4346213936805725
10866 0.2924927771091461 0.43502238392829895
10867 0.2930185794830322 0.4379875659942627
10868 0.29248642921447754 0.44460272789001465
10869 0.2936197519302368 0.43247440457344055
10870 0.29481422901153564 0.4256870746612549
10871 0.30064475536346436 0.4075729548931122
10872 0.2988334894180298 0.4139096736907959
10873 0.30502912402153015 0.4006804823875427
10874 0.30733048915863037 0.39635589718818665
10875 0.3106100857257843 0.39251944422721863
10876 0.3082636594772339 0.39222508668899536
10877 0.2905350625514984 0.4276394546031952
10878 0.29132044315338135 0.42426007986068726
10879 0.29057392477989197 0.4311613440513611
10880 0.28986242413520813 0.44379922747612
10881 0.288038969039917 0.44031164050102234
10882 0.29014337062835693 0.43749791383743286
10883 0.288680762052536 0.45052915811538696
10884 0.28998708724975586 0.4575240910053253
10885 0.2880355417728424 0.45420077443122864
10886 0.2889721691608429 0.43401244282722473
10887 0.31771817803382874 0.38921067118644714
10888 0.31647852063179016 0.3943689167499542
10889 0.3155560791492462 0.38920000195503235
10890 0.3195831775665283 0.43178871273994446
10891 0.32043758034706116 0.42941567301750183
10892 0.32054391503334045 0.430001437664032
10893 0.319899320602417 0.43222948908805847
10894 0.3201759159564972 0.43599456548690796
10895 0.32034018635749817 0.43379494547843933
10896 0.3231411278247833 0.43027180433273315
10897 0.3247756063938141 0.43088775873184204
10898 0.3221435546875 0.42244526743888855
10899 0.3218589127063751 0.42338722944259644
10900 0.3224029242992401 0.4198911786079407
10901 0.3226108253002167 0.4179735779762268
10902 0.32239723205566406 0.42662638425827026
10903 0.3203272521495819 0.4321305751800537
10904 0.3232748210430145 0.4222393333911896
10905 0.3214345872402191 0.4265572726726532
10906 0.32004567980766296 0.4294710159301758
10907 0.32112905383110046 0.42647629976272583
10908 0.32076719403266907 0.42665860056877136
10909 0.3215784728527069 0.4243437647819519
10910 0.32063737511634827 0.44039106369018555
10911 0.320003479719162 0.4382975399494171
10912 0.3204924762248993 0.43877583742141724
10913 0.31323757767677307 0.4354519844055176
10914 0.315288782119751 0.43879434466362
10915 0.31470200419425964 0.442318856716156
10916 0.3193446397781372 0.42866775393486023
10917 0.32039764523506165 0.4267612099647522
10918 0.3195964992046356 0.42945078015327454
10919 0.32452937960624695 0.46053260564804077
10920 0.32519081234931946 0.4550809860229492
10921 0.3285660445690155 0.4667113125324249
10922 0.32009661197662354 0.4440431296825409
10923 0.3250146210193634 0.4451906383037567
10924 0.32394102215766907 0.44765332341194153
10925 0.31163930892944336 0.3887341618537903
10926 0.3136323392391205 0.3884783089160919
10927 0.31282544136047363 0.383649080991745
10928 0.31305527687072754 0.37920278310775757
10929 0.3152296245098114 0.3784056007862091
10930 0.314766526222229 0.38348886370658875
10931 0.3165836036205292 0.38333332538604736
10932 0.3108847439289093 0.3803193271160126
10933 0.31063637137413025 0.3750254511833191
10934 0.31259217858314514 0.37322333455085754
10935 0.31989386677742004 0.43604227900505066
10936 0.3199712038040161 0.4338538646697998
10937 0.3188317120075226 0.43666696548461914
10938 0.3193831145763397 0.4338245987892151
10939 0.3191017210483551 0.4324719309806824
10940 0.3186759054660797 0.4333815276622772
10941 0.3180980384349823 0.43630626797676086
10942 0.31767165660858154 0.4448871910572052
10943 0.3179909884929657 0.44176575541496277
10944 0.3181200325489044 0.4447799026966095
10945 0.3175034821033478 0.4482223689556122
10946 0.31972241401672363 0.44109395146369934
10947 0.3188954293727875 0.43892669677734375
10948 0.3186866044998169 0.44162967801094055
10949 0.3178474009037018 0.43907761573791504
10950 0.3190958797931671 0.44443896412849426
10951 0.3192722499370575 0.4473242163658142
10952 0.31836602091789246 0.44799190759658813
10953 0.3177001476287842 0.4390520751476288
10954 0.3183722496032715 0.470041960477829
10955 0.3170926868915558 0.47238874435424805
10956 0.31890860199928284 0.46675798296928406
10957 0.31836965680122375 0.45941564440727234
10958 0.3168089687824249 0.4528079032897949
10959 0.3177413046360016 0.4562091827392578
10960 0.3179958164691925 0.4569151997566223
10961 0.3187340795993805 0.46042588353157043
10962 0.3179272413253784 0.4565427601337433
10963 0.3174305260181427 0.45335882902145386
10964 0.3177342116832733 0.45356485247612
10965 0.3182523250579834 0.45737507939338684
10966 0.3221626579761505 0.4630739092826843
10967 0.3243463933467865 0.4652707576751709
10968 0.31861355900764465 0.4537763297557831
10969 0.3163644075393677 0.4447772204875946
10970 0.3156047761440277 0.4474697709083557
10971 0.31858161091804504 0.475658118724823
10972 0.31934618949890137 0.4716312289237976
10973 0.32083359360694885 0.46909597516059875
10974 0.3207165002822876 0.47389835119247437
10975 0.3032050132751465 0.4955372214317322
10976 0.30088305473327637 0.4944670498371124
10977 0.301262229681015 0.4921744167804718
10978 0.2964043617248535 0.4749460816383362
10979 0.29843592643737793 0.4778294265270233
10980 0.2971884310245514 0.47719165682792664
10981 0.2942452132701874 0.4720742404460907
10982 0.29470717906951904 0.4745832085609436
10983 0.29195550084114075 0.4759652316570282
10984 0.29326072335243225 0.47751733660697937
10985 0.2945387065410614 0.47982364892959595
10986 0.2933891713619232 0.47904354333877563
10987 0.3102864921092987 0.4976499676704407
10988 0.3125458061695099 0.498218297958374
10989 0.31714513897895813 0.4996633529663086
10990 0.31760334968566895 0.4897002875804901
10991 0.31538936495780945 0.4920649230480194
10992 0.3176209628582001 0.48150473833084106
10993 0.3199934661388397 0.4797663688659668
10994 0.3158135712146759 0.4755673408508301
10995 0.31412196159362793 0.4773764908313751
10996 0.31666409969329834 0.4774792194366455
10997 0.3152213394641876 0.4830777943134308
10998 0.2961236536502838 0.48021262884140015
10999 0.2971203625202179 0.4827764630317688
11000 0.29587337374687195 0.4826817214488983
11001 0.29700276255607605 0.4870285391807556
11002 0.2962060272693634 0.48760098218917847
11003 0.29484841227531433 0.48336929082870483
11004 0.30214163661003113 0.4799146354198456
11005 0.2997158467769623 0.4791352450847626
11006 0.30654820799827576 0.48306888341903687
11007 0.3094744384288788 0.47940418124198914
11008 0.3081681728363037 0.48463839292526245
11009 0.31221291422843933 0.4797777533531189
11010 0.3094137907028198 0.4949328303337097
11011 0.31308719515800476 0.49218371510505676
11012 0.30631422996520996 0.4891478717327118
11013 0.30848705768585205 0.48808997869491577
11014 0.3097105324268341 0.49102067947387695
11015 0.308121919631958 0.4921453595161438
11016 0.30486854910850525 0.493595153093338
11017 0.3069339096546173 0.4942789375782013
11018 0.31261777877807617 0.48371002078056335
11019 0.304319828748703 0.4829971492290497
11020 0.3021988570690155 0.4916244149208069
11021 0.3033914864063263 0.491222620010376
11022 0.2989064157009125 0.48200246691703796
11023 0.30105307698249817 0.4848862290382385
11024 0.29877546429634094 0.48581117391586304
11025 0.29903891682624817 0.4903910458087921
11026 0.299844354391098 0.48948976397514343
11027 0.30109092593193054 0.48855870962142944
11028 0.3036334812641144 0.4884019196033478
11029 0.3056199848651886 0.49130159616470337
11030 0.30394646525382996 0.4856739044189453
11031 0.31390380859375 0.4544070065021515
11032 0.314255952835083 0.4585410952568054
11033 0.31356313824653625 0.45648425817489624
11034 0.3099943697452545 0.4410099387168884
11035 0.31032776832580566 0.4459579288959503
11036 0.3089663088321686 0.442959725856781
11037 0.31113317608833313 0.45071226358413696
11038 0.3096310794353485 0.44844600558280945
11039 0.3131757080554962 0.4578082263469696
11040 0.31187185645103455 0.4567115604877472
11041 0.31201890110969543 0.4548974335193634
11042 0.31254827976226807 0.458424836397171
11043 0.3138439655303955 0.46130234003067017
11044 0.3103639781475067 0.4355463683605194
11045 0.3087804317474365 0.4372740387916565
11046 0.3019859790802002 0.4366433620452881
11047 0.30408284068107605 0.44138696789741516
11048 0.30425623059272766 0.4456171989440918
11049 0.30138370394706726 0.4393826127052307
11050 0.30620071291923523 0.448454886674881
11051 0.3070814311504364 0.45258229970932007
11052 0.3047376871109009 0.45099183917045593
11053 0.31502750515937805 0.465456485748291
11054 0.31177815794944763 0.46469375491142273
11055 0.3101005256175995 0.45807284116744995
11056 0.3122093677520752 0.45920422673225403
11057 0.3155135214328766 0.46817833185195923
11058 0.31573930382728577 0.46520692110061646
11059 0.2996327579021454 0.4356398582458496
11060 0.3007654845714569 0.444916695356369
11061 0.3181147575378418 0.41455337405204773
11062 0.3169645071029663 0.41559988260269165
11063 0.31645944714546204 0.41393375396728516
11064 0.31776297092437744 0.4123487174510956
11065 0.31447041034698486 0.41416144371032715
11066 0.3157079517841339 0.41236400604248047
11067 0.3153229057788849 0.41518694162368774
11068 0.3128688335418701 0.4169144630432129
11069 0.3117694556713104 0.4162525534629822
11070 0.313446968793869 0.4130308926105499
11071 0.31168797612190247 0.4177839159965515
11072 0.31003546714782715 0.4170856773853302
11073 0.31126758456230164 0.4152035117149353
11074 0.30846521258354187 0.4186656177043915
11075 0.3087453842163086 0.41692352294921875
11076 0.30973342061042786 0.41901570558547974
11077 0.3017747402191162 0.4277501404285431
11078 0.3026407063007355 0.4340379536151886
11079 0.30078184604644775 0.429291695356369
11080 0.3046519458293915 0.42080140113830566
11081 0.30549952387809753 0.4186725914478302
11082 0.30672648549079895 0.41925865411758423
11083 0.3061901032924652 0.42157071828842163
11084 0.30188342928886414 0.42512062191963196
11085 0.30282410979270935 0.4234432876110077
11086 0.3030090034008026 0.42676299810409546
11087 0.2902323007583618 0.47574642300605774
11088 0.2898353636264801 0.47226908802986145
11089 0.2909059226512909 0.473560631275177
11090 0.29366227984428406 0.4703517556190491
11091 0.2925824820995331 0.4711196720600128
11092 0.2941488027572632 0.47011545300483704
11093 0.2946572005748749 0.4706742465496063
11094 0.29082754254341125 0.460923433303833
11095 0.2891784906387329 0.46118050813674927
11096 0.2919165790081024 0.4609536826610565
11097 0.29296374320983887 0.46085527539253235
11098 0.28757670521736145 0.44720715284347534
11099 0.2903250455856323 0.4474611282348633
11100 0.29155203700065613 0.4478922188282013
11101 0.2928607761859894 0.4482381045818329
11102 0.2950909435749054 0.44922059774398804
11103 0.2962651252746582 0.4230981171131134
11104 0.298938512802124 0.41783908009529114
11105 0.29784631729125977 0.4238385558128357
11106 0.29691997170448303 0.4173000156879425
11107 0.29454395174980164 0.4221344292163849
11108 0.2925747334957123 0.42119741439819336
11109 0.2947981059551239 0.4172336757183075
11110 0.29194414615631104 0.42084282636642456
11111 0.2925666570663452 0.41743233799934387
11112 0.2985217273235321 0.4736308455467224
11113 0.30072739720344543 0.47346800565719604
11114 0.3011274039745331 0.47535401582717896
11115 0.30415382981300354 0.46963781118392944
11116 0.3035469353199005 0.47178173065185547
11117 0.30218493938446045 0.4712176024913788
11118 0.30237877368927 0.46924570202827454
11119 0.30579277873039246 0.47135594487190247
11120 0.30466222763061523 0.46723461151123047
11121 0.30682703852653503 0.4690713584423065
11122 0.3073650300502777 0.465256005525589
11123 0.3091445863246918 0.4685496985912323
11124 0.30804988741874695 0.47032734751701355
11125 0.31082165241241455 0.46805739402770996
11126 0.31098127365112305 0.47116756439208984
11127 0.30925214290618896 0.4711167514324188
11128 0.31288942694664 0.4707377254962921
11129 0.3103186786174774 0.474727600812912
11130 0.313628226518631 0.4680942893028259
11131 0.31057143211364746 0.4645407497882843
11132 0.2963496446609497 0.4915209412574768
11133 0.2954099476337433 0.48781678080558777
11134 0.3001282513141632 0.49689605832099915
11135 0.29501983523368835 0.494197815656662
11136 0.2917487323284149 0.4905950725078583
11137 0.3011859655380249 0.46785447001457214
11138 0.29898056387901306 0.4656362533569336
11139 0.28982165455818176 0.48419925570487976
11140 0.29409685730934143 0.49614572525024414
11141 0.29353928565979004 0.4878408908843994
11142 0.2918717563152313 0.4841112792491913
11143 0.29387250542640686 0.4842880368232727
11144 0.28716298937797546 0.48077481985092163
11145 0.28950920701026917 0.4805288016796112
11146 0.29215380549430847 0.48009657859802246
11147 0.28724122047424316 0.47612282633781433
11148 0.2936071455478668 0.4141083061695099
11149 0.2943863570690155 0.41475364565849304
11150 0.296735018491745 0.41657254099845886
11151 0.29887473583221436 0.41722533106803894
11152 0.30108192563056946 0.4172207713127136
11153 0.3184663951396942 0.38340938091278076
11154 0.3197518587112427 0.3834998607635498
11155 0.31943103671073914 0.38868406414985657
11156 0.3170599043369293 0.378115177154541
11157 0.31894347071647644 0.37738296389579773
11158 0.30933523178100586 0.3892839252948761
11159 0.3101556599140167 0.3839206397533417
11160 0.3076289892196655 0.3849766254425049
11161 0.3085985481739044 0.38168472051620483
11162 0.3067418336868286 0.3890886604785919
11163 0.3059068024158478 0.3905582129955292
11164 0.30636903643608093 0.38640567660331726
11165 0.303597092628479 0.39212533831596375
11166 0.29301437735557556 0.49759143590927124
11167 0.3013346195220947 0.464964359998703
11168 0.29826799035072327 0.49875500798225403
11169 0.3020963966846466 0.496000736951828
11170 0.30412009358406067 0.49542000889778137
11171 0.30669105052948 0.4960620105266571
11172 0.3117504119873047 0.5092284679412842
11173 0.3162672221660614 0.5041520595550537
11174 0.3202979266643524 0.5011504292488098
11175 0.32549068331718445 0.4975990653038025
11176 0.318632572889328 0.45978307723999023
11177 0.31726109981536865 0.4532570242881775
11178 0.3175945580005646 0.4736657440662384
11179 0.31939756870269775 0.46725648641586304
11180 0.3146922290325165 0.4790467917919159
11181 0.3103361129760742 0.48423078656196594
11182 0.30662503838539124 0.4860951602458954
11183 0.301467627286911 0.4822390377521515
11184 0.29795631766319275 0.4795193076133728
11185 0.29535195231437683 0.4772922694683075
11186 0.29278460144996643 0.4742278456687927
11187 0.2910768687725067 0.4703635573387146
11188 0.28904974460601807 0.46875303983688354
11189 0.2889500856399536 0.46488282084465027
11190 0.2873067855834961 0.4582514464855194
11191 0.28729745745658875 0.46221739053726196
11192 0.2865159809589386 0.4506813883781433
11193 0.28623250126838684 0.4545106589794159
11194 0.28549471497535706 0.44721078872680664
11195 0.28659629821777344 0.443621426820755
11196 0.28743264079093933 0.43694832921028137
11197 0.2860352098941803 0.43977734446525574
11198 0.2884848415851593 0.43051835894584656
11199 0.2866319417953491 0.4333391487598419
11200 0.288032203912735 0.426573783159256
11201 0.2898280620574951 0.4235706627368927
11202 0.2895013988018036 0.4194171726703644
11203 0.29206332564353943 0.41681453585624695
11204 0.29447123408317566 0.4091460108757019
11205 0.2915210425853729 0.41282919049263
11206 0.29754459857940674 0.40184709429740906
11207 0.29522135853767395 0.4037656784057617
11208 0.30103805661201477 0.3942703604698181
11209 0.2989477217197418 0.3970348536968231
11210 0.30419203639030457 0.38818642497062683
11211 0.302240252494812 0.3904796838760376
11212 0.30446359515190125 0.3849358558654785
11213 0.30645978450775146 0.38323137164115906
11214 0.30759739875793457 0.37681126594543457
11215 0.306148886680603 0.3796047866344452
11216 0.30729687213897705 0.37424084544181824
11217 0.31046462059020996 0.3717266917228699
11218 0.30715715885162354 0.4767456650733948
11219 0.3041565418243408 0.47667810320854187
11220 0.3057716190814972 0.4749412536621094
11221 0.308489590883255 0.4739677309989929
11222 0.3030139207839966 0.47461795806884766
11223 0.30240532755851746 0.47271159291267395
11224 0.30046477913856506 0.47133854031562805
11225 0.3070683777332306 0.47270771861076355
11226 0.30458807945251465 0.4732472598552704
11227 0.31166478991508484 0.36882951855659485
11228 0.30794623494148254 0.3673524558544159
11229 0.3107020854949951 0.3656129240989685
11230 0.3143317401409149 0.3714788258075714
11231 0.31273701786994934 0.3668358325958252
11232 0.31573572754859924 0.37064772844314575
11233 0.3200719356536865 0.3768758475780487
11234 0.3214397728443146 0.3784298598766327
11235 0.3206413686275482 0.3851153552532196
11236 0.32055366039276123 0.36916592717170715
11237 0.32390424609184265 0.3716747760772705
11238 0.3228301703929901 0.3829035460948944
11239 0.317198783159256 0.3688802719116211
11240 0.3185698986053467 0.36830374598503113
11241 0.3175353705883026 0.35721826553344727
11242 0.3203832805156708 0.3555139899253845
11243 0.31068119406700134 0.34891125559806824
11244 0.31187787652015686 0.34104636311531067
11245 0.3138904571533203 0.35058334469795227
11246 0.3126225471496582 0.35608017444610596
11247 0.3075528144836426 0.35133886337280273
11248 0.30754491686820984 0.3616037964820862
11249 0.3040633201599121 0.3453090786933899
11250 0.29095420241355896 0.3883960247039795
11251 0.28770890831947327 0.38997429609298706
11252 0.2917170822620392 0.38035252690315247
11253 0.30225780606269836 0.36943385004997253
11254 0.2999243438243866 0.37491416931152344
11255 0.30633771419525146 0.3654997646808624
11256 0.30404791235923767 0.36941051483154297
11257 0.31008994579315186 0.3568871021270752
11258 0.3078920543193817 0.341013640165329
11259 0.30903342366218567 0.36275631189346313
11260 0.30709123611450195 0.36575841903686523
11261 0.3155793845653534 0.3459361791610718
11262 0.3154613673686981 0.35971924662590027
11263 0.3139735460281372 0.3623664379119873
11264 0.31151631474494934 0.3612093925476074
11265 0.300202339887619 0.4281182587146759
11266 0.2995499074459076 0.42928165197372437
11267 0.30083486437797546 0.42699024081230164
11268 0.3037557899951935 0.4217818081378937
11269 0.3043893575668335 0.42322105169296265
11270 0.3027522563934326 0.4235713481903076
11271 0.30161020159721375 0.42560774087905884
11272 0.3018372058868408 0.42289310693740845
11273 0.30372655391693115 0.42168208956718445
11274 0.3047344982624054 0.4200367331504822
11275 0.303165465593338 0.4172165095806122
11276 0.30512943863868713 0.41721242666244507
11277 0.3063197433948517 0.4172099232673645
11278 0.30758026242256165 0.41568949818611145
11279 0.3164995610713959 0.41854220628738403
11280 0.32060548663139343 0.4254266619682312
11281 0.3157975375652313 0.42275378108024597
11282 0.31505200266838074 0.4200635552406311
11283 0.3156524896621704 0.42782777547836304
11284 0.31565746665000916 0.43184855580329895
11285 0.31377366185188293 0.4317164421081543
11286 0.31372180581092834 0.4269924461841583
11287 0.3112073838710785 0.43288248777389526
11288 0.3119064271450043 0.42999035120010376
11289 0.3086722791194916 0.4323453903198242
11290 0.30962851643562317 0.43067270517349243
11291 0.3116796016693115 0.419569730758667
11292 0.31154799461364746 0.421989381313324
11293 0.30954113602638245 0.4212534427642822
11294 0.3058815002441406 0.423583447933197
11295 0.3078155815601349 0.4229728877544403
11296 0.30716368556022644 0.42480066418647766
11297 0.3046315908432007 0.42616939544677734
11298 0.3056105077266693 0.4297542870044708
11299 0.30391189455986023 0.43090134859085083
11300 0.3055877983570099 0.43543386459350586
11301 0.3042900860309601 0.43761348724365234
11302 0.30622848868370056 0.4418720602989197
11303 0.30574801564216614 0.44496822357177734
11304 0.30742791295051575 0.4483199417591095
11305 0.3078632652759552 0.45114997029304504
11306 0.3128732144832611 0.46202754974365234
11307 0.310177206993103 0.4562223255634308
11308 0.31135475635528564 0.4577191174030304
11309 0.3160417973995209 0.4640378952026367
11310 0.31779900193214417 0.4633036255836487
11311 0.318985253572464 0.46297332644462585
11312 0.3193266689777374 0.463212251663208
11313 0.3195035755634308 0.4639182686805725
11314 0.32164624333381653 0.4663229286670685
11315 0.32344570755958557 0.46901270747184753
11316 0.32261160016059875 0.4715786278247833
11317 0.32563158869743347 0.47205978631973267
11318 0.32399868965148926 0.4801516532897949
11319 0.3290707767009735 0.48072317242622375
11320 0.31850990653038025 0.42792943120002747
11321 0.3146466016769409 0.4232206642627716
11322 0.3116362392902374 0.42539116740226746
11323 0.3130667209625244 0.4230370819568634
11324 0.3061666786670685 0.4257616698741913
11325 0.3071352243423462 0.42870163917541504
11326 0.3071964979171753 0.4337615370750427
11327 0.307301789522171 0.43926408886909485
11328 0.3079427480697632 0.44532421231269836
11329 0.3090711832046509 0.45114806294441223
11330 0.31066080927848816 0.45549747347831726
11331 0.3082859516143799 0.4274616241455078
11332 0.30801281332969666 0.42070963978767395
11333 0.30950939655303955 0.42405250668525696
11334 0.3075132369995117 0.4175446033477783
11335 0.3090705871582031 0.4148276150226593
11336 0.31214216351509094 0.4118143916130066
11337 0.314679354429245 0.410829097032547
11338 0.31696441769599915 0.4103558659553528
11339 0.3194843530654907 0.4103381335735321
11340 0.31826671957969666 0.40712735056877136
11341 0.32161805033683777 0.4123372733592987
11342 0.32336708903312683 0.4098694324493408
11343 0.32357898354530334 0.4164133071899414
11344 0.3252164423465729 0.42386627197265625
11345 0.3267490863800049 0.4338006377220154
11346 0.32707855105400085 0.44320276379585266
11347 0.32559287548065186 0.4496443569660187
11348 0.3234013617038727 0.45166870951652527
11349 0.3184584677219391 0.45067882537841797
11350 0.31758835911750793 0.4508972764015198
11351 0.31715312600135803 0.45064735412597656
11352 0.30973196029663086 0.4275822043418884
11353 0.3088061809539795 0.45444661378860474
11354 0.30849531292915344 0.4566679298877716
11355 0.30927589535713196 0.4536997973918915
11356 0.3106870651245117 0.4532462954521179
11357 0.31234195828437805 0.45262688398361206
11358 0.31357720494270325 0.4517957866191864
11359 0.314037561416626 0.4509568214416504
11360 0.3149404525756836 0.4500730037689209
11361 0.3164641857147217 0.44997256994247437
11362 0.296588659286499 0.47125887870788574
11363 0.29854270815849304 0.4713793098926544
11364 0.2950150668621063 0.46786946058273315
11365 0.2968144118785858 0.4686884880065918
11366 0.29408106207847595 0.463333398103714
11367 0.2955268621444702 0.4651734530925751
11368 0.29499146342277527 0.46066048741340637
11369 0.3003241717815399 0.4495254158973694
11370 0.30264005064964294 0.4491625428199768
11371 0.3064594566822052 0.45497557520866394
11372 0.3039252460002899 0.4542217552661896
11373 0.30475568771362305 0.4610951244831085
11374 0.3023528754711151 0.4606480896472931
11375 0.3015616238117218 0.45431971549987793
11376 0.30745384097099304 0.4619190990924835
11377 0.3025999963283539 0.46398216485977173
11378 0.3005180060863495 0.4636628329753876
11379 0.2970537841320038 0.4660530686378479
11380 0.29602786898612976 0.46268415451049805
11381 0.2971552312374115 0.463554322719574
11382 0.298694372177124 0.4662784934043884
11383 0.2985774278640747 0.4635941982269287
11384 0.30058249831199646 0.4664955139160156
11385 0.2986237108707428 0.46885591745376587
11386 0.316648006439209 0.43497413396835327
11387 0.3165924847126007 0.43802163004875183
11388 0.3165704011917114 0.4392342269420624
11389 0.31663063168525696 0.435927152633667
11390 0.3174763023853302 0.43687036633491516
11391 0.3174862563610077 0.43922945857048035
11392 0.31696954369544983 0.44075968861579895
11393 0.31635674834251404 0.4449400305747986
11394 0.3164496123790741 0.4430747330188751
11395 0.3172481060028076 0.44394451379776
11396 0.3164422810077667 0.4432213306427002
11397 0.3165544271469116 0.4401107430458069
11398 0.31785035133361816 0.4415275752544403
11399 0.3170047104358673 0.4464028477668762
11400 0.3179243803024292 0.43706318736076355
11401 0.3165094554424286 0.4483955502510071
11402 0.31631889939308167 0.44570010900497437
11403 0.31650233268737793 0.4420158267021179
11404 0.3178710639476776 0.4337923526763916
11405 0.31668639183044434 0.43287041783332825
11406 0.317691832780838 0.43027549982070923
11407 0.3164115250110626 0.4365721344947815
11408 0.319716215133667 0.4271135628223419
11409 0.31258678436279297 0.42023712396621704
11410 0.31394436955451965 0.42039063572883606
11411 0.31251347064971924 0.4183599650859833
11412 0.3135877847671509 0.41858339309692383
11413 0.3149903118610382 0.41742655634880066
11414 0.3143971264362335 0.41645023226737976
11415 0.3159897029399872 0.4164958596229553
11416 0.3172333538532257 0.4175295829772949
11417 0.2756185829639435 0.4568016529083252
11418 0.27664947509765625 0.45209115743637085
11419 0.298702210187912 0.4522913098335266
11420 0.2996990978717804 0.45530053973197937
11421 0.2736661434173584 0.43791359663009644
11422 0.27627289295196533 0.43295997381210327
11423 0.276678204536438 0.43766525387763977
11424 0.2754267454147339 0.442687451839447
11425 0.2768138647079468 0.4167926609516144
11426 0.27980315685272217 0.41323116421699524
11427 0.2785785496234894 0.41771674156188965
11428 0.2773139178752899 0.4236779808998108
11429 0.27502790093421936 0.4279497265815735
11430 0.27727749943733215 0.4284297823905945
11431 0.2722848653793335 0.4329040050506592
11432 0.2738408148288727 0.422706663608551
11433 0.2763400375843048 0.4109644293785095
11434 0.2717752754688263 0.44587084650993347
11435 0.27351924777030945 0.46892601251602173
11436 0.27175042033195496 0.45731812715530396
11437 0.2750568091869354 0.48498010635375977
11438 0.30005624890327454 0.4583735167980194
11439 0.2742014229297638 0.44915062189102173
11440 0.276659220457077 0.44762441515922546
11441 0.27703598141670227 0.4512161612510681
11442 0.2781010568141937 0.45490261912345886
11443 0.2980782985687256 0.4551413655281067
11444 0.27768751978874207 0.4460037052631378
11445 0.27663111686706543 0.4420778751373291
11446 0.278659850358963 0.4371914267539978
11447 0.27781879901885986 0.43277692794799805
11448 0.2797587215900421 0.42777153849601746
11449 0.2786351442337036 0.4234248995780945
11450 0.28090885281562805 0.4192526638507843
11451 0.28084060549736023 0.4139557480812073
11452 0.29990890622138977 0.45763349533081055
11453 0.30053064227104187 0.45865586400032043
11454 0.29757454991340637 0.4583888649940491
11455 0.29967594146728516 0.4591425061225891
11456 0.30098310112953186 0.46131187677383423
11457 0.2993614673614502 0.46239349246025085
11458 0.28002405166625977 0.40262478590011597
11459 0.2828482389450073 0.3963194191455841
11460 0.2821764647960663 0.40112635493278503
11461 0.2838948965072632 0.39838525652885437
11462 0.28296294808387756 0.4016570746898651
11463 0.28197816014289856 0.40526431798934937
11464 0.2852509319782257 0.39364272356033325
11465 0.2868671119213104 0.39509889483451843
11466 0.28476524353027344 0.39854592084884644
11467 0.2802787125110626 0.40833327174186707
11468 0.28087544441223145 0.4093034565448761
11469 0.2840878665447235 0.40289121866226196
11470 0.2824520766735077 0.40545371174812317
11471 0.2831130921840668 0.4102298617362976
11472 0.29761984944343567 0.3950995206832886
11473 0.2997295558452606 0.39262980222702026
11474 0.2962326109409332 0.3990585505962372
11475 0.2942971885204315 0.4023010730743408
11476 0.2927268445491791 0.4073343873023987
11477 0.2860449552536011 0.4291956126689911
11478 0.28638461232185364 0.4243510067462921
11479 0.28856658935546875 0.42260029911994934
11480 0.28377893567085266 0.4543271064758301
11481 0.2849036753177643 0.4506874680519104
11482 0.28524789214134216 0.4590861201286316
11483 0.2856390178203583 0.43586090207099915
11484 0.28495264053344727 0.4317246079444885
11485 0.2846401631832123 0.443119078874588
11486 0.2843492329120636 0.43824076652526855
11487 0.2994120419025421 0.39181989431381226
11488 0.29628774523735046 0.3979296386241913
11489 0.29842236638069153 0.3952624499797821
11490 0.28741776943206787 0.4698662757873535
11491 0.2876203954219818 0.46604493260383606
11492 0.28486087918281555 0.4634407162666321
11493 0.28336000442504883 0.4470990002155304
11494 0.2885403335094452 0.4178211987018585
11495 0.2903018295764923 0.41553953289985657
11496 0.28478720784187317 0.47266343235969543
11497 0.2847958505153656 0.4671728312969208
11498 0.2814352512359619 0.4548354148864746
11499 0.28238046169281006 0.4503834545612335
11500 0.28265833854675293 0.4607555866241455
11501 0.2812593877315521 0.44675400853157043
11502 0.28236281871795654 0.4432528018951416
11503 0.28225740790367126 0.437550812959671
11504 0.28381606936454773 0.4341333508491516
11505 0.2833044230937958 0.43040940165519714
11506 0.28424665331840515 0.4276440739631653
11507 0.28464511036872864 0.42241382598876953
11508 0.28673040866851807 0.41962525248527527
11509 0.28684866428375244 0.41498640179634094
11510 0.2885113060474396 0.41284698247909546
11511 0.28239917755126953 0.46457773447036743
11512 0.29054057598114014 0.4105176329612732
11513 0.29176411032676697 0.39891836047172546
11514 0.2914012670516968 0.4044298827648163
11515 0.28835412859916687 0.4079339802265167
11516 0.3059103786945343 0.3773781955242157
11517 0.304716557264328 0.3760962188243866
11518 0.3060905635356903 0.3711380660533905
11519 0.30448856949806213 0.38046810030937195
11520 0.3046890199184418 0.38212987780570984
11521 0.30057117342948914 0.3858407735824585
11522 0.30044984817504883 0.39225462079048157
11523 0.29935386776924133 0.38117387890815735
11524 0.3016340732574463 0.38062822818756104
11525 0.3020009696483612 0.3844296634197235
11526 0.3007872402667999 0.38893866539001465
11527 0.3026220500469208 0.38684871792793274
11528 0.3033349812030792 0.38355910778045654
11529 0.27906444668769836 0.4593520164489746
11530 0.28047168254852295 0.46553319692611694
11531 0.29713258147239685 0.46010449528694153
11532 0.2789175510406494 0.44977813959121704
11533 0.279802531003952 0.454738587141037
11534 0.2796713411808014 0.4463123679161072
11535 0.27916237711906433 0.4419722557067871
11536 0.2808479070663452 0.43722081184387207
11537 0.28050854802131653 0.43230730295181274
11538 0.2816464602947235 0.4290449321269989
11539 0.28081214427948 0.4252321124076843
11540 0.28313586115837097 0.42085033655166626
11541 0.28331926465034485 0.4152175784111023
11542 0.28067100048065186 0.460454523563385
11543 0.2824793756008148 0.4683813452720642
11544 0.2804751396179199 0.4498145580291748
11545 0.2806898057460785 0.44267699122428894
11546 0.28224626183509827 0.43276146054267883
11547 0.2826164960861206 0.42657944560050964
11548 0.2852981388568878 0.41688162088394165
11549 0.28322723507881165 0.47355467081069946
11550 0.3026275932788849 0.3744232952594757
11551 0.3036285638809204 0.3805401027202606
11552 0.2997418940067291 0.4034309983253479
11553 0.3027184009552002 0.4018816649913788
11554 0.28894665837287903 0.4024016559123993
11555 0.2891518175601959 0.3969722092151642
11556 0.30515024065971375 0.3695542514324188
11557 0.30121275782585144 0.3734726905822754
11558 0.307485431432724 0.40011268854141235
11559 0.2889676094055176 0.39165401458740234
11560 0.28495505452156067 0.40761372447013855
11561 0.2852228879928589 0.41215869784355164
11562 0.28653308749198914 0.4000200629234314
11563 0.28638529777526855 0.4057607352733612
11564 0.28675833344459534 0.410230815410614
11565 0.3272467851638794 0.3778936564922333
11566 0.3254159688949585 0.397064745426178
11567 0.3242906630039215 0.38858678936958313
11568 0.3242909610271454 0.3558659553527832
11569 0.3183501660823822 0.340452641248703
11570 0.3138931095600128 0.33208897709846497
11571 0.3065696060657501 0.542271077632904
11572 0.31363630294799805 0.5369074940681458
11573 0.2962181270122528 0.4532565474510193
11574 0.29771050810813904 0.4511409103870392
11575 0.29615068435668945 0.45856574177742004
11576 0.300508052110672 0.4690244197845459
11577 0.3025854825973511 0.46683600544929504
11578 0.3049229085445404 0.46442702412605286
11579 0.2968491017818451 0.4612257182598114
11580 0.32135510444641113 0.3900415301322937
11581 0.31901815533638 0.3932779133319855
11582 0.3221302330493927 0.395387202501297
11583 0.317766398191452 0.3999827206134796
11584 0.31964799761772156 0.4030313491821289
11585 0.32091259956359863 0.407439649105072
11586 0.31971582770347595 0.4133155345916748
11587 0.32217153906822205 0.42190077900886536
11588 0.3211168348789215 0.4251636862754822
11589 0.3225688636302948 0.4032614231109619
11590 0.318954199552536 0.49735450744628906
11591 0.32449400424957275 0.4867761731147766
11592 0.32266488671302795 0.48247867822647095
11593 0.32104551792144775 0.4889626204967499
11594 0.45120328664779663 0.5812390446662903
11595 0.4544677436351776 0.5876603722572327
11596 0.4491603970527649 0.5925877094268799
11597 0.4457750618457794 0.5856537222862244
11598 0.3961348235607147 0.523012101650238
11599 0.3958292007446289 0.5319328904151917
11600 0.38982513546943665 0.5277695655822754
11601 0.3907496929168701 0.5182057023048401
11602 0.4948410987854004 0.5931476950645447
11603 0.4903215765953064 0.6010765433311462
11604 0.390159010887146 0.40496107935905457
11605 0.38032543659210205 0.4053764045238495
11606 0.3911101818084717 0.3882054090499878
11607 0.4029819667339325 0.5661593079566956
11608 0.40962597727775574 0.5684065818786621
11609 0.41185763478279114 0.5774948596954346
11610 0.3957177996635437 0.5526909232139587
11611 0.40170639753341675 0.5567306876182556
11612 0.3927159011363983 0.4339609742164612
11613 0.3851163387298584 0.43741247057914734
11614 0.3818056285381317 0.42232054471969604
11615 0.39078330993652344 0.4197487533092499
11616 0.4139242172241211 0.5614332556724548
11617 0.4163418412208557 0.5699309706687927
11618 0.4076428711414337 0.5596058368682861
11619 0.4009280204772949 0.5365664958953857
11620 0.40097400546073914 0.5467193126678467
11621 0.3957921862602234 0.5417110919952393
11622 0.3992162048816681 0.4188966155052185
11623 0.39914172887802124 0.4051056504249573
11624 0.38927972316741943 0.5379495620727539
11625 0.4061245620250702 0.5505605340003967
11626 0.49039074778556824 0.5867597460746765
11627 0.49457165598869324 0.5792794227600098
11628 0.4812803566455841 0.5880324840545654
11629 0.48597314953804016 0.5806450247764587
11630 0.4858076572418213 0.5943956971168518
11631 0.48094791173934937 0.6021109223365784
11632 0.4846668541431427 0.32257863879203796
11633 0.4854867160320282 0.3185502588748932
11634 0.48767542839050293 0.3199518024921417
11635 0.4867105782032013 0.3234492540359497
11636 0.4839451014995575 0.327311635017395
11637 0.48168161511421204 0.3278086483478546
11638 0.4826154112815857 0.3216504752635956
11639 0.49358251690864563 0.31784579157829285
11640 0.4949241280555725 0.315632700920105
11641 0.49692392349243164 0.31802570819854736
11642 0.4955300986766815 0.3199809491634369
11643 0.49226948618888855 0.3201124370098114
11644 0.49100157618522644 0.31830093264579773
11645 0.491517573595047 0.31569650769233704
11646 0.4833652675151825 0.31621038913726807
11647 0.4839384853839874 0.3114151656627655
11648 0.4861429035663605 0.31401559710502625
11649 0.4800918698310852 0.3205917775630951
11650 0.4810238182544708 0.31446409225463867
11651 0.37584349513053894 0.28661462664604187
11652 0.3739781081676483 0.24985383450984955
11653 0.3855390250682831 0.2641918361186981
11654 0.38852980732917786 0.20809423923492432
11655 0.3936159312725067 0.22618594765663147
11656 0.4762422740459442 0.3455629348754883
11657 0.47444432973861694 0.3466373682022095
11658 0.4741501808166504 0.34494921565055847
11659 0.4760008156299591 0.34381115436553955
11660 0.47879645228385925 0.33499976992607117
11661 0.4796755313873291 0.3290354311466217
11662 0.4805014133453369 0.33346885442733765
11663 0.47594091296195984 0.3101836144924164
11664 0.47574594616889954 0.3167371451854706
11665 0.47292110323905945 0.3192636966705322
11666 0.47279092669487 0.31302428245544434
11667 0.4700450599193573 0.3274810314178467
11668 0.4692078232765198 0.32051658630371094
11669 0.4730754494667053 0.3257704973220825
11670 0.47205451130867004 0.3452276885509491
11671 0.47278404235839844 0.3470928966999054
11672 0.4712753891944885 0.348246306180954
11673 0.4700782895088196 0.34613776206970215
11674 0.4774613082408905 0.32991763949394226
11675 0.47764211893081665 0.3214787244796753
11676 0.47756215929985046 0.33659255504608154
11677 0.47587820887565613 0.3377280831336975
11678 0.475504606962204 0.3314868211746216
11679 0.38573840260505676 0.2981533110141754
11680 0.37946459650993347 0.31945908069610596
11681 0.4756722152233124 0.30233076214790344
11682 0.47889256477355957 0.3021428883075714
11683 0.4786558449268341 0.30820345878601074
11684 0.40781551599502563 0.40561845898628235
11685 0.3997192680835724 0.38948655128479004
11686 0.4084379971027374 0.3916871249675751
11687 0.3930690586566925 0.37099769711494446
11688 0.40121835470199585 0.3735361695289612
11689 0.47813159227371216 0.339130163192749
11690 0.47697681188583374 0.34023571014404297
11691 0.4715242087841034 0.34280064702033997
11692 0.47396329045295715 0.342390239238739
11693 0.3853659927845001 0.3480755090713501
11694 0.3895259201526642 0.3272550106048584
11695 0.4660263657569885 0.34088656306266785
11696 0.4674355685710907 0.344509482383728
11697 0.46531441807746887 0.3469688892364502
11698 0.46329954266548157 0.3430901765823364
11699 0.4680662751197815 0.33525586128234863
11700 0.4687524437904358 0.3397742509841919
11701 0.46449044346809387 0.33624374866485596
11702 0.4667501151561737 0.3288404643535614
11703 0.470843106508255 0.33417031168937683
11704 0.4738679528236389 0.33836790919303894
11705 0.4758787453174591 0.3413551151752472
11706 0.4773278832435608 0.3419826626777649
11707 0.47386839985847473 0.34871912002563477
11708 0.4748554825782776 0.3479474186897278
11709 0.46828269958496094 0.31349876523017883
11710 0.46496817469596863 0.32182618975639343
11711 0.4634227454662323 0.3139667809009552
11712 0.4716992974281311 0.30317437648773193
11713 0.4671078324317932 0.3040216863155365
11714 0.47018641233444214 0.13874293863773346
11715 0.45914003252983093 0.14845363795757294
11716 0.4417840838432312 0.1513044834136963
11717 0.46335241198539734 0.33075210452079773
11718 0.46195024251937866 0.3388877511024475
11719 0.4601745009422302 0.33346986770629883
11720 0.4614190459251404 0.3235769271850586
11721 0.4531893730163574 0.32637718319892883
11722 0.45124489068984985 0.31972476840019226
11723 0.45498207211494446 0.3138962686061859
11724 0.4568524658679962 0.3209179937839508
11725 0.45834943652153015 0.32737061381340027
11726 0.4593525230884552 0.31659719347953796
11727 0.3956637680530548 0.3540046811103821
11728 0.45688870549201965 0.3014791011810303
11729 0.4579271972179413 0.30906298756599426
11730 0.45271727442741394 0.3065777122974396
11731 0.4612433910369873 0.2902545630931854
11732 0.46135735511779785 0.29785001277923584
11733 0.45618465542793274 0.2932407557964325
11734 0.455340176820755 0.33249303698539734
11735 0.4530038833618164 0.3381240665912628
11736 0.4506099224090576 0.3324258327484131
11737 0.46216610074043274 0.3474242687225342
11738 0.459537535905838 0.34311702847480774
11739 0.4582304358482361 0.3486555814743042
11740 0.45565080642700195 0.34370505809783936
11741 0.4574437439441681 0.3381503224372864
11742 0.4542315602302551 0.34987780451774597
11743 0.4510870575904846 0.34508588910102844
11744 0.4347795844078064 0.16578984260559082
11745 0.41598957777023315 0.17319954931735992
11746 0.41065195202827454 0.19411073625087738
11747 0.48974084854125977 0.2888028919696808
11748 0.4916026294231415 0.2935929596424103
11749 0.4895257353782654 0.29618239402770996
11750 0.4869714379310608 0.2912445068359375
11751 0.4915893077850342 0.30011987686157227
11752 0.4936465620994568 0.29766204953193665
11753 0.495589941740036 0.30106404423713684
11754 0.4938805401325226 0.30332013964653015
11755 0.4899263083934784 0.3028184473514557
11756 0.4872923493385315 0.29909205436706543
11757 0.48964381217956543 0.3115660846233368
11758 0.4906868636608124 0.3086349666118622
11759 0.49265459179878235 0.3107941448688507
11760 0.49426883459091187 0.3084575831890106
11761 0.4963558316230774 0.31350377202033997
11762 0.4927222430706024 0.2575438916683197
11763 0.4906458854675293 0.2634369134902954
11764 0.48588329553604126 0.26108303666114807
11765 0.48795560002326965 0.2539375126361847
11766 0.4937267601490021 0.29127463698387146
11767 0.4957379698753357 0.29512906074523926
11768 0.49443477392196655 0.28229090571403503
11769 0.495961457490921 0.28480860590934753
11770 0.49402591586112976 0.2862265110015869
11771 0.49288421869277954 0.28339073061943054
11772 0.47576552629470825 0.29479825496673584
11773 0.47114843130111694 0.2944696247577667
11774 0.48119214177131653 0.2899477779865265
11775 0.47935253381729126 0.29624244570732117
11776 0.47710055112838745 0.2871445119380951
11777 0.4958699345588684 0.2800734043121338
11778 0.49269717931747437 0.28062936663627625
11779 0.4936647117137909 0.277528315782547
11780 0.4976244568824768 0.2929604947566986
11781 0.4976065158843994 0.29847612977027893
11782 0.4976746439933777 0.30875325202941895
11783 0.49834445118904114 0.31591150164604187
11784 0.4881698787212372 0.28418275713920593
11785 0.49069660902023315 0.28371283411979675
11786 0.49193233251571655 0.2871115505695343
11787 0.49574464559555054 0.2894022464752197
11788 0.4669044017791748 0.279917448759079
11789 0.46657583117485046 0.2878812849521637
11790 0.46091485023498535 0.2810088098049164
11791 0.48455220460891724 0.2668522596359253
11792 0.47941261529922485 0.2653418481349945
11793 0.48083093762397766 0.2590820789337158
11794 0.4904310703277588 0.27971795201301575
11795 0.47202467918395996 0.28673169016838074
11796 0.4727656841278076 0.2792084217071533
11797 0.47833162546157837 0.27908623218536377
11798 0.473312109708786 0.2712189257144928
11799 0.47377899289131165 0.264270156621933
11800 0.47887539863586426 0.27091196179389954
11801 0.46695801615715027 0.27101588249206543
11802 0.48267486691474915 0.2993546426296234
11803 0.4819769561290741 0.303955078125
11804 0.448503702878952 0.35358861088752747
11805 0.44609832763671875 0.3500629663467407
11806 0.4483793079853058 0.3397715389728546
11807 0.44478610157966614 0.33455970883369446
11808 0.44782930612564087 0.32670357823371887
11809 0.4484921097755432 0.3131292164325714
11810 0.4443678557872772 0.32037124037742615
11811 0.4508340060710907 0.2985595464706421
11812 0.44528862833976746 0.3052162826061249
11813 0.4482378661632538 0.2897367775440216
11814 0.4547570049762726 0.28417208790779114
11815 0.4530906081199646 0.27531465888023376
11816 0.460517942905426 0.2718104422092438
11817 0.46001553535461426 0.2636643648147583
11818 0.4670838713645935 0.26350197196006775
11819 0.47475486993789673 0.25756528973579407
11820 0.46757107973098755 0.25702011585235596
11821 0.4760560393333435 0.25046589970588684
11822 0.4824996292591095 0.2518809735774994
11823 0.4849355220794678 0.24512888491153717
11824 0.49054476618766785 0.24818669259548187
11825 0.4953605532646179 0.2522772550582886
11826 0.4946942627429962 0.24208855628967285
11827 0.4975906014442444 0.2873210906982422
11828 0.46210697293281555 0.3053242266178131
11829 0.466367244720459 0.29569053649902344
11830 0.48899561166763306 0.26880791783332825
11831 0.4944921135902405 0.2667076885700226
11832 0.49242135882377625 0.27135539054870605
11833 0.4836890399456024 0.2722429037094116
11834 0.48808524012565613 0.2739373743534088
11835 0.4835157096385956 0.27875491976737976
11836 0.47782567143440247 0.24131473898887634
11837 0.48042482137680054 0.23142698407173157
11838 0.4883468747138977 0.2367522418498993
11839 0.4682784676551819 0.24860070645809174
11840 0.46931764483451843 0.23922990262508392
11841 0.45990633964538574 0.25501224398612976
11842 0.4597960114479065 0.24628649652004242
11843 0.4515390694141388 0.2655045986175537
11844 0.4506860375404358 0.25523725152015686
11845 0.4458150565624237 0.28062471747398376
11846 0.4437117278575897 0.26925721764564514
11847 0.4422285854816437 0.29677310585975647
11848 0.43892836570739746 0.2876245677471161
11849 0.4406130611896515 0.3132176399230957
11850 0.4363524615764618 0.30469492077827454
11851 0.44068339467048645 0.32864663004875183
11852 0.4364723563194275 0.3222848176956177
11853 0.4418577551841736 0.3439009189605713
11854 0.4373937249183655 0.33761298656463623
11855 0.44394439458847046 0.36123430728912354
11856 0.43932509422302246 0.3557378947734833
11857 0.4934062361717224 0.22912810742855072
11858 0.49003809690475464 0.3213047683238983
11859 0.48859354853630066 0.3165881335735321
11860 0.4870968461036682 0.3091421127319336
11861 0.48449012637138367 0.2945882976055145
11862 0.4846171736717224 0.28564926981925964
11863 0.4856552481651306 0.30273059010505676
11864 0.48772570490837097 0.2792265713214874
11865 0.4910641312599182 0.2754807770252228
11866 0.495209664106369 0.2739226818084717
11867 0.49723106622695923 0.27025702595710754
11868 0.49752873182296753 0.2770839035511017
11869 0.48377782106399536 0.14271444082260132
11870 0.497695654630661 0.2826598882675171
11871 0.4967823326587677 0.26241442561149597
11872 0.49842002987861633 0.32042232155799866
11873 0.4975370764732361 0.30389925837516785
11874 0.4118637442588806 0.5532403588294983
11875 0.4180481731891632 0.5545914173126221
11876 0.42072194814682007 0.562685489654541
11877 0.405422180891037 0.5415310263633728
11878 0.4102220833301544 0.5447972416877747
11879 0.4719380736351013 0.35321253538131714
11880 0.46995383501052856 0.3505759537220001
11881 0.47308969497680664 0.35051143169403076
11882 0.46120983362197876 0.56993168592453
11883 0.4652690589427948 0.5760031342506409
11884 0.45949193835258484 0.5817350745201111
11885 0.4564670920372009 0.5753633975982666
11886 0.4147964119911194 0.40738242864608765
11887 0.4145755171775818 0.4192578196525574
11888 0.40781399607658386 0.418388307094574
11889 0.4441685974597931 0.5708818435668945
11890 0.4477075934410095 0.5756618976593018
11891 0.4419211745262146 0.5794322490692139
11892 0.43764835596084595 0.5734305381774902
11893 0.45311740040779114 0.5694723725318909
11894 0.4011056423187256 0.5193108916282654
11895 0.40074771642684937 0.527590811252594
11896 0.3969380855560303 0.5144786238670349
11897 0.46911054849624634 0.582456111907959
11898 0.4698560833930969 0.5706719756126404
11899 0.47356656193733215 0.5764837861061096
11900 0.47711727023124695 0.5825247168540955
11901 0.4778210520744324 0.5701102614402771
11902 0.48181554675102234 0.5750684142112732
11903 0.4944818317890167 0.565830647945404
11904 0.4902101159095764 0.5732197165489197
11905 0.4742962718009949 0.35207295417785645
11906 0.4750805199146271 0.35042354464530945
11907 0.4621422290802002 0.35634276270866394
11908 0.4607754051685333 0.35290420055389404
11909 0.4640762507915497 0.35120245814323425
11910 0.4065091907978058 0.43091487884521484
11911 0.3998318910598755 0.43187710642814636
11912 0.4674537479877472 0.3507888913154602
11913 0.4666292369365692 0.3547064960002899
11914 0.4008856415748596 0.44379088282585144
11915 0.3948505222797394 0.4463488757610321
11916 0.4571187496185303 0.35518649220466614
11917 0.456214964389801 0.36341026425361633
11918 0.4528677761554718 0.3583782911300659
11919 0.45062848925590515 0.3680753707885742
11920 0.4468057453632355 0.36410218477249146
11921 0.47066283226013184 0.5593730807304382
11922 0.47426483035087585 0.5650131702423096
11923 0.46649622917175293 0.5648777484893799
11924 0.47866103053092957 0.5592003464698792
11925 0.4824222922325134 0.563499927520752
11926 0.4752953350543976 0.35625216364860535
11927 0.47350117564201355 0.3549037575721741
11928 0.4756576716899872 0.35341382026672363
11929 0.4735851287841797 0.357680082321167
11930 0.471562922000885 0.3557893633842468
11931 0.46845370531082153 0.36363500356674194
11932 0.4655255973339081 0.3596395254135132
11933 0.46903255581855774 0.358490914106369
11934 0.463694304227829 0.3663352131843567
11935 0.461151659488678 0.36294668912887573
11936 0.4581863582134247 0.3672599494457245
11937 0.4570956826210022 0.3752334415912628
11938 0.45542076230049133 0.37234753370285034
11939 0.45441383123397827 0.38171684741973877
11940 0.449383944272995 0.3787030875682831
11941 0.42022135853767395 0.4310555160045624
11942 0.41463473439216614 0.43053916096687317
11943 0.420810729265213 0.42060330510139465
11944 0.4152870774269104 0.44218942523002625
11945 0.4080982804298401 0.44458824396133423
11946 0.4090938866138458 0.45409107208251953
11947 0.40343716740608215 0.45592448115348816
11948 0.40204930305480957 0.5117061138153076
11949 0.40547794103622437 0.5162680149078369
11950 0.4049387574195862 0.5233253836631775
11951 0.4087400734424591 0.527094304561615
11952 0.4092514216899872 0.5360273718833923
11953 0.4050605297088623 0.5317866802215576
11954 0.42066675424575806 0.5478415489196777
11955 0.4235885441303253 0.5554883480072021
11956 0.4153611958026886 0.5467587113380432
11957 0.4406423568725586 0.5645134449005127
11958 0.446370393037796 0.5602226257324219
11959 0.4496290981769562 0.5646129250526428
11960 0.4547913372516632 0.5590798854827881
11961 0.45826247334480286 0.5635975003242493
11962 0.46264559030532837 0.5596380829811096
11963 0.49016639590263367 0.5605950951576233
11964 0.4943518042564392 0.5537283420562744
11965 0.4597535729408264 0.35995346307754517
11966 0.460494726896286 0.3703797161579132
11967 0.4451766014099121 0.3750760555267334
11968 0.440749853849411 0.3712292015552521
11969 0.4483051598072052 0.39034584164619446
11970 0.4437549412250519 0.38652679324150085
11971 0.4135916531085968 0.5386243462562561
11972 0.4262237548828125 0.5623955726623535
11973 0.4288563132286072 0.5692219138145447
11974 0.42297178506851196 0.5702564120292664
11975 0.4287871718406677 0.5539981722831726
11976 0.4319272041320801 0.5608643889427185
11977 0.434433251619339 0.5671610832214355
11978 0.43183228373527527 0.5759257674217224
11979 0.43727201223373413 0.5583840012550354
11980 0.48606106638908386 0.5682093501091003
11981 0.486346960067749 0.5562388896942139
11982 0.44387558102607727 0.5550765991210938
11983 0.44796252250671387 0.5512165427207947
11984 0.45146292448043823 0.5563593506813049
11985 0.4939546287059784 0.3820631504058838
11986 0.4923306107521057 0.3792416751384735
11987 0.4943089187145233 0.37792328000068665
11988 0.4959771931171417 0.3804342448711395
11989 0.4970734417438507 0.41919833421707153
11990 0.49765586853027344 0.4175143539905548
11991 0.4981224834918976 0.41920536756515503
11992 0.49744299054145813 0.4211612343788147
11993 0.49618175625801086 0.4193877577781677
11994 0.49672314524650574 0.4176129698753357
11995 0.4963344931602478 0.42103952169418335
11996 0.49190276861190796 0.3967266082763672
11997 0.49353647232055664 0.3948359191417694
11998 0.49557778239250183 0.4040314853191376
11999 0.4944446384906769 0.4021828770637512
12000 0.48557206988334656 0.40368491411209106
12001 0.48322343826293945 0.40123897790908813
12002 0.4855946898460388 0.39677807688713074
12003 0.4877495765686035 0.39827507734298706
12004 0.4820859134197235 0.4105289578437805
12005 0.48312973976135254 0.4109911322593689
12006 0.48247474431991577 0.4140341281890869
12007 0.48139455914497375 0.4135130047798157
12008 0.48178619146347046 0.4066474735736847
12009 0.48342278599739075 0.4072885513305664
12010 0.48100417852401733 0.4105086624622345
12011 0.46966081857681274 0.3706895112991333
12012 0.4714999794960022 0.36871272325515747
12013 0.47110122442245483 0.37908509373664856
12014 0.4690494239330292 0.3787027597427368
12015 0.47423750162124634 0.38352441787719727
12016 0.4733097553253174 0.39159324765205383
12017 0.47078582644462585 0.38894203305244446
12018 0.4705546200275421 0.39696383476257324
12019 0.4680459797382355 0.39392906427383423
12020 0.46802037954330444 0.3863895535469055
12021 0.4652721881866455 0.3841431736946106
12022 0.46575024724006653 0.3766167461872101
12023 0.478492796421051 0.35973453521728516
12024 0.47571900486946106 0.35962751507759094
12025 0.4774795174598694 0.3573319911956787
12026 0.459134578704834 0.5559439659118652
12027 0.45542073249816895 0.5523524880409241
12028 0.47288867831230164 0.39984801411628723
12029 0.47263792157173157 0.4068903625011444
12030 0.4705677628517151 0.40447115898132324
12031 0.47498512268066406 0.4020218849182129
12032 0.4756106734275818 0.3942265510559082
12033 0.48705190420150757 0.3728415369987488
12034 0.4885649085044861 0.3769397735595703
12035 0.486158162355423 0.3784783184528351
12036 0.48447391390800476 0.3739452660083771
12037 0.47710156440734863 0.4143810272216797
12038 0.4780128002166748 0.41505834460258484
12039 0.47898104786872864 0.4217713177204132
12040 0.4777062237262726 0.42028042674064636
12041 0.49506309628486633 0.41844627261161804
12042 0.4954984486103058 0.4178869128227234
12043 0.4956229031085968 0.41909027099609375
12044 0.4949597716331482 0.4197368025779724
12045 0.4807901084423065 0.4196286201477051
12046 0.48051759600639343 0.42091038823127747
12047 0.4798130989074707 0.4174239933490753
12048 0.48019224405288696 0.41638538241386414
12049 0.49843358993530273 0.44466668367385864
12050 0.49746328592300415 0.4420289993286133
12051 0.49855586886405945 0.43953660130500793
12052 0.40641406178474426 0.5101247429847717
12053 0.4093642830848694 0.5142004489898682
12054 0.40886595845222473 0.5201407074928284
12055 0.4224872291088104 0.540755569934845
12056 0.4254607856273651 0.5473256707191467
12057 0.4179692566394806 0.5403541922569275
12058 0.46776482462882996 0.4365449547767639
12059 0.46831580996513367 0.4291589558124542
12060 0.47063061594963074 0.4298650920391083
12061 0.4697476029396057 0.4373317062854767
12062 0.41232821345329285 0.5235438942909241
12063 0.41258665919303894 0.5305251479148865
12064 0.46327659487724304 0.5503115653991699
12065 0.4668582081794739 0.5538432598114014
12066 0.4703685939311981 0.5465965270996094
12067 0.47434476017951965 0.5534234642982483
12068 0.47776439785957336 0.5375282764434814
12069 0.4826309382915497 0.5336472392082214
12070 0.4844173789024353 0.5393762588500977
12071 0.4794701933860779 0.5455277562141418
12072 0.4915631115436554 0.5384870171546936
12073 0.4873916804790497 0.5446060299873352
12074 0.4888763129711151 0.5338965058326721
12075 0.48685455322265625 0.5292949676513672
12076 0.48164957761764526 0.5286316275596619
12077 0.4852756857872009 0.5246770977973938
12078 0.4921720325946808 0.5025915503501892
12079 0.4891323447227478 0.5083379149436951
12080 0.48730379343032837 0.5053417682647705
12081 0.49091342091560364 0.49932458996772766
12082 0.49694129824638367 0.41063135862350464
12083 0.4957583546638489 0.4090018570423126
12084 0.4952583312988281 0.40601593255996704
12085 0.49720948934555054 0.40855222940444946
12086 0.4942958652973175 0.40790626406669617
12087 0.49582430720329285 0.41126734018325806
12088 0.4946975111961365 0.4100339710712433
12089 0.48833921551704407 0.521136462688446
12090 0.48480987548828125 0.5203198790550232
12091 0.4876541793346405 0.5155088305473328
12092 0.4830484390258789 0.5521416068077087
12093 0.4906468093395233 0.549125611782074
12094 0.48149803280830383 0.4001102149486542
12095 0.4798578917980194 0.40433481335639954
12096 0.48432400822639465 0.4119291305541992
12097 0.4845154583454132 0.40781667828559875
12098 0.4852466881275177 0.40890735387802124
12099 0.4862341582775116 0.4048483073711395
12100 0.47610828280448914 0.3620431423187256
12101 0.47348710894584656 0.36009928584098816
12102 0.46302297711372375 0.37346574664115906
12103 0.4675021469593048 0.3692318797111511
12104 0.45621877908706665 0.38399842381477356
12105 0.4556734263896942 0.3915795683860779
12106 0.4520873427391052 0.39207082986831665
12107 0.4621632695198059 0.41370731592178345
12108 0.4653775691986084 0.41567185521125793
12109 0.4650082290172577 0.42380136251449585
12110 0.4609930217266083 0.42316535115242004
12111 0.4590272307395935 0.4028959572315216
12112 0.4625541567802429 0.4050407111644745
12113 0.4577355682849884 0.41313451528549194
12114 0.462722510099411 0.39641812443733215
12115 0.45938780903816223 0.39389675855636597
12116 0.45940738916397095 0.38660386204719543
12117 0.46257421374320984 0.38835522532463074
12118 0.45428967475891113 0.4022515118122101
12119 0.44538256525993347 0.545620858669281
12120 0.44905564188957214 0.5416497588157654
12121 0.45212486386299133 0.5478296279907227
12122 0.42147332429885864 0.5342864990234375
12123 0.42623093724250793 0.5340223908424377
12124 0.42757847905158997 0.5392255187034607
12125 0.47744277119636536 0.5313258767127991
12126 0.4770752787590027 0.5262566208839417
12127 0.4805970788002014 0.5251076221466064
12128 0.4660164713859558 0.5444042682647705
12129 0.46739956736564636 0.5381794571876526
12130 0.4727155864238739 0.5394368767738342
12131 0.47261354327201843 0.5333481431007385
12132 0.45551034808158875 0.5440452694892883
12133 0.4592685103416443 0.5482421517372131
12134 0.41625329852104187 0.5202748775482178
12135 0.41625335812568665 0.5261411666870117
12136 0.4128907024860382 0.5171316266059875
12137 0.4107331931591034 0.5084893703460693
12138 0.41338372230529785 0.5121837258338928
12139 0.47952765226364136 0.5216376781463623
12140 0.48387786746025085 0.5163663029670715
12141 0.46187397837638855 0.542702853679657
12142 0.4254562556743622 0.44984909892082214
12143 0.42559319734573364 0.4420413672924042
12144 0.4306802749633789 0.44235652685165405
12145 0.4301585555076599 0.44985195994377136
12146 0.42582839727401733 0.4330173134803772
12147 0.420443058013916 0.4421057105064392
12148 0.42076587677001953 0.45037510991096497
12149 0.41605302691459656 0.45142561197280884
12150 0.42096614837646484 0.4580536484718323
12151 0.4251563549041748 0.45716598629951477
12152 0.4978659451007843 0.37846946716308594
12153 0.4977305233478546 0.3828890025615692
12154 0.4701533913612366 0.3636074364185333
12155 0.4212386906147003 0.4654412865638733
12156 0.41515398025512695 0.46823734045028687
12157 0.41481733322143555 0.4609179198741913
12158 0.4100329577922821 0.46233507990837097
12159 0.4725326895713806 0.4307763874530792
12160 0.47046953439712524 0.425904244184494
12161 0.47227340936660767 0.4266771674156189
12162 0.45999741554260254 0.37832900881767273
12163 0.46820858120918274 0.41733887791633606
12164 0.46567508578300476 0.4072638154029846
12165 0.46828678250312805 0.40973588824272156
12166 0.4656500518321991 0.399129182100296
12167 0.4544472098350525 0.487307071685791
12168 0.45607900619506836 0.48334580659866333
12169 0.4569740295410156 0.48743751645088196
12170 0.45523256063461304 0.490216463804245
12171 0.4528901278972626 0.4983358085155487
12172 0.45389243960380554 0.49849990010261536
12173 0.45465850830078125 0.49862533807754517
12174 0.45363616943359375 0.49885818362236023
12175 0.4349403381347656 0.4505786597728729
12176 0.43367692828178406 0.4581509232521057
12177 0.42933017015457153 0.45690321922302246
12178 0.4287441074848175 0.4642227292060852
12179 0.4250032603740692 0.46458882093429565
12180 0.4254310429096222 0.4732123017311096
12181 0.42148178815841675 0.47480660676956177
12182 0.47937655448913574 0.36699560284614563
12183 0.47591280937194824 0.3652198612689972
12184 0.47902339696884155 0.36380255222320557
12185 0.48112601041793823 0.3603051006793976
12186 0.48173001408576965 0.36506783962249756
12187 0.48540613055229187 0.36886027455329895
12188 0.48289942741394043 0.368202805519104
12189 0.4848911762237549 0.3639752268791199
12190 0.48773983120918274 0.3691132068634033
12191 0.48942163586616516 0.3722255825996399
12192 0.49553966522216797 0.42049118876457214
12193 0.49605539441108704 0.41795042157173157
12194 0.4954867959022522 0.5009515881538391
12195 0.4978122115135193 0.4957786202430725
12196 0.497113972902298 0.5052643418312073
12197 0.4986627399921417 0.41736677289009094
12198 0.4987267851829529 0.42104479670524597
12199 0.4781472980976105 0.42707064747810364
12200 0.472584992647171 0.4197864532470703
12201 0.4705379009246826 0.4118172824382782
12202 0.46823880076408386 0.40184494853019714
12203 0.4654431641101837 0.39107033610343933
12204 0.46270468831062317 0.3812659978866577
12205 0.4646742641925812 0.44330909848213196
12206 0.46425554156303406 0.4370889365673065
12207 0.4673006534576416 0.4436461627483368
12208 0.4577019512653351 0.4284558594226837
12209 0.4575726389884949 0.4218447208404541
12210 0.46102815866470337 0.42921802401542664
12211 0.45394617319107056 0.42068934440612793
12212 0.45401543378829956 0.41154390573501587
12213 0.450486421585083 0.4002985954284668
12214 0.44773104786872864 0.40007635951042175
12215 0.4501364529132843 0.41010358929634094
12216 0.4939851760864258 0.49762699007987976
12217 0.4930419921875 0.4945080280303955
12218 0.49444887042045593 0.4896698296070099
12219 0.4962027072906494 0.49242788553237915
12220 0.4893328845500946 0.4963111877441406
12221 0.49150586128234863 0.4917287230491638
12222 0.4979870319366455 0.4224867522716522
12223 0.49724870920181274 0.42396968603134155
12224 0.4967353940010071 0.4224824905395508
12225 0.49422046542167664 0.413290798664093
12226 0.49499204754829407 0.4140189290046692
12227 0.4951815903186798 0.41582006216049194
12228 0.4945261478424072 0.41463997960090637
12229 0.4956485629081726 0.4150000214576721
12230 0.4948149025440216 0.41211265325546265
12231 0.4957609176635742 0.41312339901924133
12232 0.4967711269855499 0.4125630557537079
12233 0.4966094195842743 0.41441863775253296
12234 0.4975549876689911 0.41405820846557617
12235 0.49780628085136414 0.41230303049087524
12236 0.4860441982746124 0.5117989182472229
12237 0.4828698933124542 0.5100298523902893
12238 0.48430007696151733 0.5086337924003601
12239 0.4908449947834015 0.5112013220787048
12240 0.49668267369270325 0.5144074559211731
12241 0.4946448802947998 0.5096471309661865
12242 0.4864925742149353 0.4066113829612732
12243 0.4866122603416443 0.40849998593330383
12244 0.48557424545288086 0.4104533791542053
12245 0.4898129105567932 0.3949786424636841
12246 0.4899713695049286 0.40143299102783203
12247 0.49022048711776733 0.38051512837409973
12248 0.49078652262687683 0.37595275044441223
12249 0.49150350689888 0.37215349078178406
12250 0.4928508400917053 0.37514275312423706
12251 0.4957261383533478 0.4167775511741638
12252 0.4952061176300049 0.4170210361480713
12253 0.4962708652019501 0.4162714183330536
12254 0.4972858726978302 0.4159422218799591
12255 0.4980621039867401 0.4157934784889221
12256 0.45824167132377625 0.47327855229377747
12257 0.456424742937088 0.4765529930591583
12258 0.4549170136451721 0.47279971837997437
12259 0.45729562640190125 0.4683069884777069
12260 0.4484389126300812 0.46760085225105286
12261 0.45097023248672485 0.47285768389701843
12262 0.4489617943763733 0.4778108298778534
12263 0.44632238149642944 0.4730786979198456
12264 0.44747012853622437 0.4896307587623596
12265 0.44943001866340637 0.4857422709465027
12266 0.45090100169181824 0.48949694633483887
12267 0.44913604855537415 0.49547675251960754
12268 0.4394623935222626 0.49398067593574524
12269 0.4387238025665283 0.49802711606025696
12270 0.43637752532958984 0.4959268867969513
12271 0.43700021505355835 0.4913976788520813
12272 0.4378209412097931 0.47138193249702454
12273 0.4412150979042053 0.47449761629104614
12274 0.439516544342041 0.4800894260406494
12275 0.4365794360637665 0.47816136479377747
12276 0.4327871799468994 0.46663546562194824
12277 0.43816110491752625 0.46244171261787415
12278 0.4446735680103302 0.47812339663505554
12279 0.4433925449848175 0.46819064021110535
12280 0.44561222195625305 0.4947755038738251
12281 0.44287756085395813 0.4902503788471222
12282 0.44518226385116577 0.48623746633529663
12283 0.4417908191680908 0.49598413705825806
12284 0.44078537821769714 0.4886417090892792
12285 0.4166092574596405 0.5327633023262024
12286 0.42051053047180176 0.5282015800476074
12287 0.43027475476264954 0.5449475646018982
12288 0.43414953351020813 0.5518350601196289
12289 0.43341678380966187 0.5367780327796936
12290 0.4362395107746124 0.5423945784568787
12291 0.4396691918373108 0.5479335784912109
12292 0.44188690185546875 0.5381515622138977
12293 0.4525344669818878 0.5163135528564453
12294 0.4505488872528076 0.5123593807220459
12295 0.4519605338573456 0.5118119716644287
12296 0.45377853512763977 0.5128142237663269
12297 0.46165230870246887 0.5113773345947266
12298 0.46254926919937134 0.5092070698738098
12299 0.4633135497570038 0.5086815357208252
12300 0.4626748561859131 0.5106874108314514
12301 0.4611833095550537 0.5149393677711487
12302 0.4593603312969208 0.51393723487854
12303 0.46048110723495483 0.5120869278907776
12304 0.4636102318763733 0.5067212581634521
12305 0.4641558825969696 0.5058397650718689
12306 0.4640006422996521 0.5080215930938721
12307 0.4577362537384033 0.5146207213401794
12308 0.4561304748058319 0.5128294825553894
12309 0.4571034908294678 0.5116546750068665
12310 0.4556334316730499 0.5155611634254456
12311 0.45492786169052124 0.5121397376060486
12312 0.44788768887519836 0.511116087436676
12313 0.44928666949272156 0.5109530091285706
12314 0.4490411579608917 0.5130415558815002
12315 0.44507476687431335 0.5107223391532898
12316 0.4469546973705292 0.5103718638420105
12317 0.4466499984264374 0.5120348930358887
12318 0.4359470009803772 0.5108466148376465
12319 0.43529456853866577 0.5091153979301453
12320 0.43775293231010437 0.5092034339904785
12321 0.4389960467815399 0.5107181072235107
12322 0.45038554072380066 0.49972793459892273
12323 0.44927671551704407 0.5010189414024353
12324 0.4478967785835266 0.4998187720775604
12325 0.449137419462204 0.49869203567504883
12326 0.44059446454048157 0.5010389685630798
12327 0.4422108829021454 0.501194417476654
12328 0.4422594904899597 0.5039436221122742
12329 0.4414155185222626 0.5042169094085693
12330 0.4418943226337433 0.5109698176383972
12331 0.44396764039993286 0.5100899338722229
12332 0.44308754801750183 0.5118685364723206
12333 0.44610315561294556 0.4986458122730255
12334 0.4464986026287079 0.5002285838127136
12335 0.4448533058166504 0.49978044629096985
12336 0.4430396258831024 0.4997706413269043
12337 0.44380900263786316 0.5009040236473083
12338 0.4412316679954529 0.5099658966064453
12339 0.43989041447639465 0.5122084021568298
12340 0.4454726576805115 0.5101492404937744
12341 0.44669631123542786 0.5103330612182617
12342 0.44817689061164856 0.5103301405906677
12343 0.44690635800361633 0.5103645920753479
12344 0.45384886860847473 0.5026403069496155
12345 0.45305556058883667 0.5025685429573059
12346 0.4523157477378845 0.5023255348205566
12347 0.453117311000824 0.5018338561058044
12348 0.4407345950603485 0.5080123543739319
12349 0.440812885761261 0.5083858966827393
12350 0.4415050148963928 0.5088813900947571
12351 0.4402287006378174 0.5085105895996094
12352 0.4506988823413849 0.5101942420005798
12353 0.45180743932724 0.5101346373558044
12354 0.4533054530620575 0.5102382302284241
12355 0.4519701302051544 0.5102110505104065
12356 0.45583483576774597 0.5109028220176697
12357 0.4569716155529022 0.5100033283233643
12358 0.4583573043346405 0.5091505646705627
12359 0.45689845085144043 0.5104240775108337
12360 0.44365593791007996 0.5036780834197998
12361 0.4428723454475403 0.5040931105613708
12362 0.4420311748981476 0.5043765902519226
12363 0.4425930678844452 0.5040138363838196
12364 0.46108463406562805 0.5082315802574158
12365 0.46182698011398315 0.5067028999328613
12366 0.46248242259025574 0.5059542059898376
12367 0.46232321858406067 0.5079365372657776
12368 0.45981067419052124 0.5087370276451111
12369 0.4596085548400879 0.5087947249412537
12370 0.4624182879924774 0.503781259059906
12371 0.4636390507221222 0.5036717057228088
12372 0.4632242023944855 0.5053121447563171
12373 0.4503752887248993 0.5023260712623596
12374 0.4492817521095276 0.502227246761322
12375 0.4479684829711914 0.5023182034492493
12376 0.44934824109077454 0.5022332072257996
12377 0.4543149769306183 0.5105159878730774
12378 0.4544718563556671 0.5107952952384949
12379 0.4493263065814972 0.5102682113647461
12380 0.44933515787124634 0.5102677345275879
12381 0.44319987297058105 0.5096421837806702
12382 0.44425326585769653 0.5099572539329529
12383 0.4442296624183655 0.5099626183509827
12384 0.44570279121398926 0.5029902458190918
12385 0.44473716616630554 0.5033805966377258
12386 0.44451290369033813 0.5032677054405212
12387 0.44691604375839233 0.5026934742927551
12388 0.44675275683403015 0.5021030306816101
12389 0.44537216424942017 0.5095870494842529
12390 0.4463560879230499 0.5092001557350159
12391 0.44779396057128906 0.5098721385002136
12392 0.45357656478881836 0.4932122826576233
12393 0.4520687460899353 0.49988654255867004
12394 0.45378348231315613 0.5030656456947327
12395 0.4434111416339874 0.5090101361274719
12396 0.44415760040283203 0.5088745951652527
12397 0.4588213264942169 0.510314404964447
12398 0.4563243091106415 0.5131410956382751
12399 0.4580935835838318 0.5138642191886902
12400 0.448275625705719 0.5151877999305725
12401 0.45003440976142883 0.5126791596412659
12402 0.4437854588031769 0.503979504108429
12403 0.4429113566875458 0.5045509338378906
12404 0.44211888313293457 0.5045924782752991
12405 0.45000314712524414 0.4998778700828552
12406 0.44836145639419556 0.49333593249320984
12407 0.44803184270858765 0.5028049945831299
12408 0.45337337255477905 0.5135104656219482
12409 0.4517292380332947 0.5175901055335999
12410 0.45522934198379517 0.5167806148529053
12411 0.4610744118690491 0.507417619228363
12412 0.4605596661567688 0.5095654129981995
12413 0.44696253538131714 0.5033278465270996
12414 0.44581225514411926 0.5033271312713623
12415 0.4448191821575165 0.5039333701133728
12416 0.4424707889556885 0.5091518759727478
12417 0.44191738963127136 0.5094541907310486
12418 0.49529770016670227 0.5329276919364929
12419 0.4946461319923401 0.543010950088501
12420 0.4936826527118683 0.5192267894744873
12421 0.49591490626335144 0.5234770178794861
12422 0.49867889285087585 0.42404431104660034
12423 0.498615026473999 0.42773154377937317
12424 0.49785539507865906 0.42580273747444153
12425 0.49259617924690247 0.5285633206367493
12426 0.49845999479293823 0.4107532799243927
12427 0.497657835483551 0.40688756108283997
12428 0.49772781133651733 0.4295269846916199
12429 0.49854400753974915 0.4314377009868622
12430 0.4975745379924774 0.4333486557006836
12431 0.49832960963249207 0.4354274272918701
12432 0.49787765741348267 0.3963296115398407
12433 0.49813273549079895 0.4879100024700165
12434 0.4986310303211212 0.41393712162971497
12435 0.4965195059776306 0.4847593605518341
12436 0.49800944328308105 0.48000073432922363
12437 0.4961977005004883 0.37609612941741943
12438 0.49789687991142273 0.3740071952342987
12439 0.4935297966003418 0.4181132912635803
12440 0.49452632665634155 0.4184463322162628
12441 0.49437814950942993 0.419810950756073
12442 0.4937228560447693 0.4195528030395508
12443 0.49297475814819336 0.4203681945800781
12444 0.4927206337451935 0.4196026623249054
12445 0.49369144439697266 0.420356810092926
12446 0.4947369396686554 0.4165371060371399
12447 0.4903908371925354 0.5249596238136292
12448 0.49303939938545227 0.5059804320335388
12449 0.49228861927986145 0.5149847865104675
12450 0.4887891113758087 0.40329045057296753
12451 0.48864486813545227 0.4047316908836365
12452 0.4919714331626892 0.402467280626297
12453 0.49059489369392395 0.403896301984787
12454 0.4936266243457794 0.40508177876472473
12455 0.49290773272514343 0.4074902832508087
12456 0.4914274215698242 0.40411049127578735
12457 0.48970267176628113 0.4052925407886505
12458 0.490295946598053 0.4057827293872833
12459 0.49460625648498535 0.3738100230693817
12460 0.3709256947040558 0.42711883783340454
12461 0.4836377501487732 0.4149501621723175
12462 0.48345181345939636 0.4178328812122345
12463 0.4822087287902832 0.41691118478775024
12464 0.48203736543655396 0.42328017950057983
12465 0.4812333583831787 0.4227939248085022
12466 0.4815227687358856 0.4193730652332306
12467 0.4842348098754883 0.42054417729377747
12468 0.4837265610694885 0.42003917694091797
12469 0.48414090275764465 0.41881826519966125
12470 0.48364976048469543 0.42546218633651733
12471 0.48240306973457336 0.4260897934436798
12472 0.48316672444343567 0.42252546548843384
12473 0.49675849080085754 0.43134504556655884
12474 0.4959757626056671 0.4296405017375946
12475 0.4969412684440613 0.42768457531929016
12476 0.4962801933288574 0.4256764054298401
12477 0.49133560061454773 0.4238312542438507
12478 0.49239614605903625 0.4231610894203186
12479 0.49297472834587097 0.42473357915878296
12480 0.49181076884269714 0.4254550635814667
12481 0.49325302243232727 0.42218974232673645
12482 0.4918208420276642 0.4221525490283966
12483 0.4927041828632355 0.4213986098766327
12484 0.4933798611164093 0.4207773804664612
12485 0.4922158420085907 0.4206991493701935
12486 0.496351033449173 0.43984127044677734
12487 0.4961349666118622 0.44519713521003723
12488 0.4957813620567322 0.44299957156181335
12489 0.4968113601207733 0.4357278048992157
12490 0.4958708584308624 0.4333054721355438
12491 0.49581438302993774 0.42368125915527344
12492 0.49530237913131714 0.42722588777542114
12493 0.4946858584880829 0.4251377284526825
12494 0.49562981724739075 0.42193669080734253
12495 0.49491173028945923 0.4207572638988495
12496 0.49468904733657837 0.4219493865966797
12497 0.4943469166755676 0.4205724895000458
12498 0.49239662289619446 0.4274730384349823
12499 0.4912605583667755 0.42816489934921265
12500 0.49062031507492065 0.42591577768325806
12501 0.49199753999710083 0.4310753643512726
12502 0.4907877743244171 0.43222925066947937
12503 0.49016353487968445 0.42893117666244507
12504 0.48772525787353516 0.44852709770202637
12505 0.4895624816417694 0.4531204402446747
12506 0.4873240292072296 0.45493245124816895
12507 0.4863417148590088 0.45153024792671204
12508 0.49489399790763855 0.4399645924568176
12509 0.49496766924858093 0.4461669623851776
12510 0.49340492486953735 0.44171375036239624
12511 0.4949643611907959 0.43115827441215515
12512 0.4950757324695587 0.4353678226470947
12513 0.4938632845878601 0.4327264130115509
12514 0.4942111372947693 0.42867133021354675
12515 0.4939984679222107 0.4213530719280243
12516 0.49404552578926086 0.42366498708724976
12517 0.4899671673774719 0.43739134073257446
12518 0.49085739254951477 0.4407283663749695
12519 0.48882362246513367 0.4428708851337433
12520 0.48842117190361023 0.4380255341529846
12521 0.4897136986255646 0.4465208351612091
12522 0.4870290756225586 0.4450209140777588
12523 0.4935188293457031 0.4265125095844269
12524 0.49312135577201843 0.42984336614608765
12525 0.4926409125328064 0.43445345759391785
12526 0.49157482385635376 0.4442003071308136
12527 0.49245044589042664 0.439127653837204
12528 0.4781684875488281 0.43202802538871765
12529 0.4778604507446289 0.43717485666275024
12530 0.47227078676223755 0.43711310625076294
12531 0.4560958743095398 0.4991705119609833
12532 0.45516589283943176 0.499789297580719
12533 0.45557016134262085 0.49877458810806274
12534 0.45862534642219543 0.4832516312599182
12535 0.45868945121765137 0.4863303005695343
12536 0.4574775695800781 0.4902608394622803
12537 0.4820704460144043 0.4601673483848572
12538 0.4813532531261444 0.45610281825065613
12539 0.48337313532829285 0.45635801553726196
12540 0.4842860996723175 0.46030929684638977
12541 0.47208234667778015 0.4449540972709656
12542 0.4702437222003937 0.443763792514801
12543 0.47898033261299133 0.465286523103714
12544 0.47862839698791504 0.461119145154953
12545 0.4817076325416565 0.46525928378105164
12546 0.4699978232383728 0.45002081990242004
12547 0.4675588011741638 0.4494318664073944
12548 0.4604969620704651 0.46996089816093445
12549 0.4614935517311096 0.47380465269088745
12550 0.4593696892261505 0.47673681378364563
12551 0.4553402066230774 0.5029547810554504
12552 0.45458364486694336 0.5027856230735779
12553 0.45462754368782043 0.5024623274803162
12554 0.45536014437675476 0.5031242370605469
12555 0.4544639587402344 0.5035277009010315
12556 0.45777177810668945 0.5017294883728027
12557 0.456697016954422 0.5024109482765198
12558 0.45642781257629395 0.5024101734161377
12559 0.45624592900276184 0.5022297501564026
12560 0.45746591687202454 0.5018129348754883
12561 0.47817400097846985 0.45687273144721985
12562 0.4726828932762146 0.46098846197128296
12563 0.47303077578544617 0.4554296135902405
12564 0.48045092821121216 0.45192644000053406
12565 0.4745040535926819 0.45205920934677124
12566 0.4806517958641052 0.42391231656074524
12567 0.4813985228538513 0.42584091424942017
12568 0.48172882199287415 0.4290447533130646
12569 0.48286172747612 0.42928940057754517
12570 0.4725942015647888 0.4505715072154999
12571 0.47378233075141907 0.4464183449745178
12572 0.47022199630737305 0.45526647567749023
12573 0.46174120903015137 0.4777255356311798
12574 0.4634261727333069 0.47205686569213867
12575 0.4639337658882141 0.4757809340953827
12576 0.4584682285785675 0.4907524585723877
12577 0.4603298008441925 0.4833034873008728
12578 0.46044403314590454 0.4868312478065491
12579 0.4563623070716858 0.500343382358551
12580 0.4565863311290741 0.4987962543964386
12581 0.45768123865127563 0.49841731786727905
12582 0.49793916940689087 0.4635436534881592
12583 0.4978359043598175 0.4707565903663635
12584 0.4958581328392029 0.4676504135131836
12585 0.498585969209671 0.4503675103187561
12586 0.4971255660057068 0.4476845860481262
12587 0.4964912235736847 0.46059730648994446
12588 0.49817875027656555 0.45691853761672974
12589 0.49706223607063293 0.45392706990242004
12590 0.49605631828308105 0.47640493512153625
12591 0.49583765864372253 0.4506930708885193
12592 0.495343953371048 0.4574825167655945
12593 0.49451786279678345 0.4544863700866699
12594 0.4950624108314514 0.44845491647720337
12595 0.49436450004577637 0.45790693163871765
12596 0.4927613437175751 0.4541640877723694
12597 0.4946470260620117 0.45160797238349915
12598 0.49338534474372864 0.4488847255706787
12599 0.4916705787181854 0.4511720836162567
12600 0.49067097902297974 0.4564487934112549
12601 0.48842480778694153 0.45836737751960754
12602 0.48606136441230774 0.45969417691230774
12603 0.4854860007762909 0.456116646528244
12604 0.49459144473075867 0.46448662877082825
12605 0.4942185580730438 0.4611601233482361
12606 0.4868629276752472 0.4634077250957489
12607 0.4850006401538849 0.46434181928634644
12608 0.4851284623146057 0.46819281578063965
12609 0.4818797707557678 0.4692237675189972
12610 0.48926475644111633 0.4619869887828827
12611 0.49209970235824585 0.4604808986186981
12612 0.4933488070964813 0.46439504623413086
12613 0.4878070056438446 0.4679317772388458
12614 0.4906637966632843 0.466616690158844
12615 0.48528072237968445 0.47226211428642273
12616 0.48828789591789246 0.4721391201019287
12617 0.49166467785835266 0.48453783988952637
12618 0.4933032691478729 0.4872290790081024
12619 0.4895901083946228 0.4891798496246338
12620 0.4943532645702362 0.48185375332832336
12621 0.48917725682258606 0.48229268193244934
12622 0.490736186504364 0.4767177104949951
12623 0.49352166056632996 0.4790134131908417
12624 0.49392634630203247 0.47240424156188965
12625 0.49388009309768677 0.4687047302722931
12626 0.4914655387401581 0.4713030159473419
12627 0.4876928925514221 0.47646909952163696
12628 0.4823170006275177 0.45240095257759094
12629 0.4842986762523651 0.45229578018188477
12630 0.4814297556877136 0.44610098004341125
12631 0.47985216975212097 0.4449023902416229
12632 0.48009249567985535 0.4298873543739319
12633 0.479253351688385 0.42865297198295593
12634 0.4799611270427704 0.4249177575111389
12635 0.47968050837516785 0.4198928475379944
12636 0.48073694109916687 0.42764943838119507
12637 0.4832434058189392 0.4467676281929016
12638 0.4851553738117218 0.44633033871650696
12639 0.47908633947372437 0.4319002628326416
12640 0.4821028411388397 0.4417274296283722
12641 0.48062896728515625 0.44086453318595886
12642 0.4837019443511963 0.44181495904922485
12643 0.48527759313583374 0.4401867389678955
12644 0.48077821731567383 0.43166473507881165
12645 0.48093679547309875 0.4363992512226105
12646 0.480011522769928 0.43334606289863586
12647 0.4822387397289276 0.43675705790519714
12648 0.4821212589740753 0.43201443552970886
12649 0.4831990599632263 0.4323294460773468
12650 0.48395276069641113 0.4352441430091858
12651 0.4791657626628876 0.4389953315258026
12652 0.46314337849617004 0.5129849910736084
12653 0.46416348218917847 0.5116013884544373
12654 0.4635891318321228 0.514570951461792
12655 0.4624481797218323 0.5155670642852783
12656 0.4617249369621277 0.5182628035545349
12657 0.46043989062309265 0.5188165307044983
12658 0.4613167941570282 0.5165330767631531
12659 0.46515679359436035 0.5076735019683838
12660 0.4649951159954071 0.5102526545524597
12661 0.4641727805137634 0.508894681930542
12662 0.45969411730766296 0.5211536288261414
12663 0.4582085609436035 0.5208374857902527
12664 0.45912906527519226 0.5189194679260254
12665 0.45694759488105774 0.5226013660430908
12666 0.4550256133079529 0.5220862030982971
12667 0.4565146267414093 0.5204152464866638
12668 0.4532499611377716 0.5233114361763
12669 0.45120716094970703 0.522132933139801
12670 0.45316070318222046 0.5218936800956726
12671 0.42992785573005676 0.5276955962181091
12672 0.43154263496398926 0.5317949652671814
12673 0.4253697097301483 0.5290586948394775
12674 0.43616458773612976 0.5294013023376465
12675 0.4388280212879181 0.5333771705627441
12676 0.45238640904426575 0.5397332310676575
12677 0.4463612735271454 0.5362002849578857
12678 0.44948190450668335 0.5348713397979736
12679 0.45838791131973267 0.5406544208526611
12680 0.4551902115345001 0.5374308228492737
12681 0.4637441039085388 0.5388104319572449
12682 0.4602758586406708 0.5378822684288025
12683 0.4685048758983612 0.5339534878730774
12684 0.464741975069046 0.5348041653633118
12685 0.4686899483203888 0.5296787619590759
12686 0.4719500243663788 0.5282178521156311
12687 0.4718575179576874 0.5243704915046692
12688 0.47623637318611145 0.5230688452720642
12689 0.43357664346694946 0.5129695534706116
12690 0.43470528721809387 0.5151810646057129
12691 0.4310968220233917 0.5156155228614807
12692 0.43068844079971313 0.5123043656349182
12693 0.44496649503707886 0.5190228819847107
12694 0.44332313537597656 0.5171646475791931
12695 0.4458470642566681 0.515764057636261
12696 0.4473162293434143 0.5201409459114075
12697 0.44920089840888977 0.5223292708396912
12698 0.4492560029029846 0.5209673047065735
12699 0.439129114151001 0.5168376564979553
12700 0.44166234135627747 0.5156049132347107
12701 0.4403156638145447 0.5184802412986755
12702 0.4361479580402374 0.517859697341919
12703 0.43793103098869324 0.5154834389686584
12704 0.4200708568096161 0.5228442549705505
12705 0.42438623309135437 0.5240344405174255
12706 0.4430830180644989 0.5310458540916443
12707 0.480215847492218 0.5151798725128174
12708 0.4751729667186737 0.5194454789161682
12709 0.4766998887062073 0.5955770015716553
12710 0.47310325503349304 0.5889285206794739
12711 0.42565178871154785 0.5778143405914307
12712 0.41890934109687805 0.5781368613243103
12713 0.4391608238220215 0.5892755389213562
12714 0.43553370237350464 0.5825108885765076
12715 0.42897695302963257 0.5850855708122253
12716 0.4324340224266052 0.5932338833808899
12717 0.4217853248119354 0.5869640707969666
12718 0.44245144724845886 0.5975002646446228
12719 0.46355777978897095 0.5882459282875061
12720 0.45771080255508423 0.594472348690033
12721 0.46762987971305847 0.5950213074684143
12722 0.4716660976409912 0.6025132536888123
12723 0.46184903383255005 0.601391077041626
12724 0.45253869891166687 0.5999780297279358
12725 0.3885321617126465 0.4503023326396942
12726 0.3822121322154999 0.4556238353252411
12727 0.3768918216228485 0.44267770648002625
12728 0.37586525082588196 0.4625554382801056
12729 0.38665345311164856 0.4663007855415344
12730 0.3817899823188782 0.4727032780647278
12731 0.39168331027030945 0.4610602557659149
12732 0.3956378102302551 0.47133588790893555
12733 0.3913128077983856 0.47617262601852417
12734 0.3920292854309082 0.5092970728874207
12735 0.39420393109321594 0.5014166831970215
12736 0.3983854055404663 0.5068392157554626
12737 0.39676836133003235 0.45699620246887207
12738 0.405161589384079 0.46453091502189636
12739 0.4003276228904724 0.46736475825309753
12740 0.4027676284313202 0.474917471408844
12741 0.39900442957878113 0.47861582040786743
12742 0.40018871426582336 0.5004772543907166
12743 0.40333792567253113 0.5056347846984863
12744 0.40481066703796387 0.5004085898399353
12745 0.4073738753795624 0.5051991939544678
12746 0.410889208316803 0.4697968363761902
12747 0.40675878524780273 0.4718470871448517
12748 0.411788672208786 0.5041059851646423
12749 0.4094986319541931 0.5011335015296936
12750 0.40821367502212524 0.4782615303993225
12751 0.41185262799263 0.476136177778244
12752 0.41224056482315063 0.4814762473106384
12753 0.40921637415885925 0.48373129963874817
12754 0.4154059588909149 0.474060595035553
12755 0.40470340847969055 0.48031190037727356
12756 0.42170268297195435 0.4822062849998474
12757 0.41825416684150696 0.4833621382713318
12758 0.36888548731803894 0.4507370591163635
12759 0.3699619770050049 0.4714033901691437
12760 0.39542558789253235 0.4831022620201111
12761 0.39210736751556396 0.488417387008667
12762 0.386644572019577 0.4813581109046936
12763 0.4017309844493866 0.48415252566337585
12764 0.399032324552536 0.4891195297241211
12765 0.40648892521858215 0.4867534041404724
12766 0.4041455388069153 0.49065467715263367
12767 0.4124879240989685 0.4931339919567108
12768 0.40820080041885376 0.49288174510002136
12769 0.4163205921649933 0.5152081847190857
12770 0.41977402567863464 0.5176911354064941
12771 0.41648632287979126 0.5105834007263184
12772 0.41402819752693176 0.507544755935669
12773 0.45136499404907227 0.502415657043457
12774 0.4510727524757385 0.49257877469062805
12775 0.45142248272895813 0.501836359500885
12776 0.45160698890686035 0.498993843793869
12777 0.4518269896507263 0.4981617331504822
12778 0.4529566168785095 0.4853120446205139
12779 0.4518849849700928 0.49536222219467163
12780 0.45308953523635864 0.4682573974132538
12781 0.4529819190502167 0.47707292437553406
12782 0.461128294467926 0.43624347448349
12783 0.4641419053077698 0.43013545870780945
12784 0.4680902659893036 0.4253673851490021
12785 0.4707529842853546 0.41899436712265015
12786 0.4724116921424866 0.41314414143562317
12787 0.4744601547718048 0.40836599469184875
12788 0.47666263580322266 0.4109559655189514
12789 0.47681304812431335 0.4031949043273926
12790 0.48352453112602234 0.39514869451522827
12791 0.4796752333641052 0.3984229266643524
12792 0.4814574420452118 0.3926889896392822
12793 0.4876728653907776 0.3931233584880829
12794 0.48564720153808594 0.3910301923751831
12795 0.4897572994232178 0.39012977480888367
12796 0.4918668568134308 0.39239346981048584
12797 0.49353310465812683 0.39062216877937317
12798 0.4956631362438202 0.39338967204093933
12799 0.49753832817077637 0.3923124670982361
12800 0.45305007696151733 0.4979834258556366
12801 0.4506402611732483 0.4979674220085144
12802 0.4477527141571045 0.497489869594574
12803 0.4438030421733856 0.49798494577407837
12804 0.4409298300743103 0.49916911125183105
12805 0.43829530477523804 0.5004172921180725
12806 0.43300315737724304 0.5106965899467468
12807 0.4368312358856201 0.5129992961883545
12808 0.44049519300460815 0.51410311460495
12809 0.4441351294517517 0.5145140290260315
12810 0.4475279152393341 0.5152096152305603
12811 0.45117780566215515 0.5207979679107666
12812 0.4548470973968506 0.5207834839820862
12813 0.4567604660987854 0.5162177681922913
12814 0.46012234687805176 0.5169611573219299
12815 0.4622250199317932 0.5140998363494873
12816 0.46355727314949036 0.5100165009498596
12817 0.46445703506469727 0.506845235824585
12818 0.4567719101905823 0.4966721832752228
12819 0.4576272666454315 0.4968544840812683
12820 0.45507553219795227 0.4968934655189514
12821 0.4869489371776581 0.3354490101337433
12822 0.48847123980522156 0.3357151746749878
12823 0.48729875683784485 0.33719366788864136
12824 0.4856787323951721 0.337693452835083
12825 0.4892192482948303 0.3334946930408478
12826 0.4907802939414978 0.3344726264476776
12827 0.489642858505249 0.3361828029155731
12828 0.48888450860977173 0.34294989705085754
12829 0.48888450860977173 0.34294989705085754
12830 0.48888450860977173 0.34294989705085754
12831 0.48888450860977173 0.34294989705085754
12832 0.48888450860977173 0.34294989705085754
12833 0.48888450860977173 0.34294989705085754
12834 0.48888450860977173 0.34294989705085754
12835 0.48888450860977173 0.34294989705085754
12836 0.48888450860977173 0.34294989705085754
12837 0.48888450860977173 0.34294986724853516
12838 0.48888450860977173 0.34294989705085754
12839 0.48888450860977173 0.34294989705085754
12840 0.48888450860977173 0.34294989705085754
12841 0.48888450860977173 0.34294989705085754
12842 0.48888450860977173 0.34294989705085754
12843 0.48888450860977173 0.34294989705085754
12844 0.48888450860977173 0.34294989705085754
12845 0.48888450860977173 0.34294989705085754
12846 0.48888450860977173 0.34294986724853516
12847 0.48888450860977173 0.34294989705085754
12848 0.48888450860977173 0.34294989705085754
12849 0.48888450860977173 0.34294989705085754
12850 0.48888450860977173 0.34294989705085754
12851 0.48888450860977173 0.34294989705085754
12852 0.48888450860977173 0.34294989705085754
12853 0.48888450860977173 0.34294989705085754
12854 0.4892272353172302 0.34294989705085754
12855 0.489565908908844 0.34294989705085754
12856 0.48888450860977173 0.34294989705085754
12857 0.4965812563896179 0.3397595286369324
12858 0.49753665924072266 0.34103748202323914
12859 0.4962310194969177 0.3427114188671112
12860 0.4953143894672394 0.34170156717300415
12861 0.49435955286026 0.3407253921031952
12862 0.4938049018383026 0.34294989705085754
12863 0.49290555715560913 0.34191659092903137
12864 0.4881206154823303 0.3421876132488251
12865 0.48888450860977173 0.34294986724853516
12866 0.48888450860977173 0.34294989705085754
12867 0.48888450860977173 0.34294989705085754
12868 0.4887804687023163 0.34123432636260986
12869 0.48883911967277527 0.3421996831893921
12870 0.48886916041374207 0.3426957428455353
12871 0.493450403213501 0.34294989705085754
12872 0.49588534235954285 0.3429509401321411
12873 0.49187663197517395 0.34294989705085754
12874 0.49133914709091187 0.34294989705085754
12875 0.49713951349258423 0.34295201301574707
12876 0.4956093430519104 0.342950701713562
12877 0.4943821132183075 0.34294986724853516
12878 0.4908783733844757 0.34294989705085754
12879 0.4892730116844177 0.34294989705085754
12880 0.48888450860977173 0.34294989705085754
12881 0.4924757778644562 0.34294989705085754
12882 0.49193355441093445 0.34294986724853516
12883 0.48875051736831665 0.340741366147995
12884 0.48882561922073364 0.34197932481765747
12885 0.48967835307121277 0.34076499938964844
12886 0.490601122379303 0.342161625623703
12887 0.48888450860977173 0.34294989705085754
12888 0.48888450860977173 0.34294989705085754
12889 0.48888450860977173 0.34294989705085754
12890 0.48888450860977173 0.34294989705085754
12891 0.48798230290412903 0.3421860933303833
12892 0.48888450860977173 0.34294989705085754
12893 0.4888785183429718 0.3428504168987274
12894 0.49638837575912476 0.33348986506462097
12895 0.49527832865715027 0.33249184489250183
12896 0.4961271584033966 0.32968929409980774
12897 0.49735307693481445 0.331752747297287
12898 0.4940030872821808 0.3306918144226074
12899 0.4943690896034241 0.33447152376174927
12900 0.4932177662849426 0.3332524001598358
12901 0.4822557270526886 0.34182000160217285
12902 0.48085543513298035 0.34215185046195984
12903 0.4811766743659973 0.3415486514568329
12904 0.48264554142951965 0.3406079411506653
12905 0.4835539162158966 0.33859097957611084
12906 0.48436635732650757 0.3397330641746521
12907 0.4792671203613281 0.3471548855304718
12908 0.48002150654792786 0.3467710614204407
12909 0.4812019169330597 0.3461415767669678
12910 0.4801017642021179 0.3468972444534302
12911 0.4984225928783417 0.32954275608062744
12912 0.4984314739704132 0.33298274874687195
12913 0.4976251721382141 0.3429524600505829
12914 0.49720096588134766 0.34295204281806946
12915 0.48888450860977173 0.34294986724853516
12916 0.48888450860977173 0.34294989705085754
12917 0.48888450860977173 0.34294989705085754
12918 0.48888450860977173 0.34294989705085754
12919 0.48888450860977173 0.34294989705085754
12920 0.48888450860977173 0.34294989705085754
12921 0.48888450860977173 0.34294989705085754
12922 0.4888005554676056 0.341565877199173
12923 0.4794657528400421 0.346993625164032
12924 0.48053786158561707 0.3465641736984253
12925 0.4813539683818817 0.3459670841693878
12926 0.49848440289497375 0.3427729904651642
12927 0.49807387590408325 0.34295275807380676
12928 0.48888450860977173 0.34294989705085754
12929 0.48888450860977173 0.34294989705085754
12930 0.48888450860977173 0.34294989705085754
12931 0.48888450860977173 0.34294989705085754
12932 0.4820278286933899 0.34591513872146606
12933 0.47993701696395874 0.34239935874938965
12934 0.48832035064697266 0.3419572114944458
12935 0.48888450860977173 0.34294989705085754
12936 0.48888450860977173 0.34294989705085754
12937 0.4790492355823517 0.34708869457244873
12938 0.4789870083332062 0.34751254320144653
12939 0.47855451703071594 0.347504585981369
12940 0.4785972237586975 0.3455705940723419
12941 0.4793846905231476 0.34699946641921997
12942 0.47960802912712097 0.34247738122940063
12943 0.4802379310131073 0.34207746386528015
12944 0.4802895188331604 0.34115880727767944
12945 0.48163720965385437 0.3398239314556122
12946 0.4826161563396454 0.33745887875556946
12947 0.4850101172924042 0.33630993962287903
12948 0.48622390627861023 0.3332306146621704
12949 0.487819641828537 0.3331206142902374
12950 0.48829180002212524 0.3303942382335663
12951 0.48985856771469116 0.33105340600013733
12952 0.49361565709114075 0.3271961510181427
12953 0.4947648346424103 0.3279901444911957
12954 0.49254661798477173 0.3292674720287323
12955 0.49602675437927246 0.32712605595588684
12956 0.49727290868759155 0.3275834619998932
12957 0.4825904369354248 0.34511157870292664
12958 0.4840589165687561 0.34413230419158936
12959 0.48246023058891296 0.34548836946487427
12960 0.4827992916107178 0.34513938426971436
12961 0.48414087295532227 0.3439861536026001
12962 0.48450082540512085 0.34425684809684753
12963 0.483671635389328 0.3453045189380646
12964 0.4851824939250946 0.34489914774894714
12965 0.4836347699165344 0.3413870334625244
12966 0.48599740862846375 0.33933520317077637
12967 0.48546406626701355 0.3408621549606323
12968 0.48868438601493835 0.33743831515312195
12969 0.4874468445777893 0.3392274081707001
12970 0.4908909499645233 0.3369321823120117
12971 0.4897536635398865 0.33810508251190186
12972 0.4954926371574402 0.33561867475509644
12973 0.49465182423591614 0.3376307487487793
12974 0.49350494146347046 0.3363990783691406
12975 0.49654123187065125 0.33676856756210327
12976 0.49744632840156555 0.3350169360637665
12977 0.4851224720478058 0.3429499864578247
12978 0.48473861813545227 0.34314489364624023
12979 0.485014408826828 0.3429499864578247
12980 0.48515743017196655 0.3432554602622986
12981 0.48732683062553406 0.34125828742980957
12982 0.48778122663497925 0.3403882384300232
12983 0.48876816034317017 0.3395846486091614
12984 0.4908888339996338 0.339237242937088
12985 0.49562838673591614 0.33860528469085693
12986 0.4933549761772156 0.3390405476093292
12987 0.4975070357322693 0.3379099369049072
12988 0.48888450860977173 0.34294989705085754
12989 0.48888450860977173 0.34294986724853516
12990 0.48888450860977173 0.34294989705085754
12991 0.48888450860977173 0.34294989705085754
12992 0.48888450860977173 0.34294989705085754
12993 0.48888450860977173 0.34294989705085754
12994 0.48888450860977173 0.34294989705085754
12995 0.48888450860977173 0.34294989705085754
12996 0.48888450860977173 0.34294989705085754
12997 0.48888450860977173 0.34294989705085754
12998 0.48888450860977173 0.34294989705085754
12999 0.48888450860977173 0.34294989705085754
13000 0.4985191822052002 0.3397082984447479
13001 0.49847936630249023 0.3269079029560089
13002 0.4984281063079834 0.33656027913093567
13003 0.4909036457538605 0.3281343877315521
13004 0.4915933310985565 0.33203747868537903
13005 0.48888450860977173 0.34294989705085754
13006 0.48888450860977173 0.34294989705085754
13007 0.48888450860977173 0.34294989705085754
13008 0.48888450860977173 0.34294989705085754
13009 0.4919407367706299 0.3407471776008606
13010 0.4922179579734802 0.3378601372241974
13011 0.491354763507843 0.34294989705085754
13012 0.4899735152721405 0.34294989705085754
13013 0.49221473932266235 0.33535340428352356
13014 0.4965358078479767 0.3429515063762665
13015 0.4929332137107849 0.34294989705085754
13016 0.4904249310493469 0.34294989705085754
13017 0.48888450860977173 0.34294989705085754
13018 0.48888450860977173 0.34294989705085754
13019 0.48888450860977173 0.34294989705085754
13020 0.48888450860977173 0.34294989705085754
13021 0.48888450860977173 0.34294989705085754
13022 0.48888450860977173 0.34294989705085754
13023 0.48888450860977173 0.34294989705085754
13024 0.48888450860977173 0.34294989705085754
13025 0.4779052734375 0.34608933329582214
13026 0.47777700424194336 0.3482666313648224
13027 0.47690489888191223 0.3468744456768036
13028 0.47762447595596313 0.34531310200691223
13029 0.47859424352645874 0.34447649121284485
13030 0.47890704870224 0.3422568142414093
13031 0.4795655906200409 0.3417447805404663
13032 0.4787437617778778 0.3405872583389282
13033 0.4804370403289795 0.33898231387138367
13034 0.4816135764122009 0.33611300587654114
13035 0.4841341972351074 0.33459731936454773
13036 0.48688605427742004 0.3302666246891022
13037 0.48498794436454773 0.3312411606311798
13038 0.4876435101032257 0.32761505246162415
13039 0.4892752766609192 0.3283107578754425
13040 0.4921104907989502 0.32626405358314514
13041 0.4906018078327179 0.3252693712711334
13042 0.4947175681591034 0.32584020495414734
13043 0.4929538071155548 0.3237769603729248
13044 0.4960117042064667 0.3240940272808075
13045 0.4973149299621582 0.32567766308784485
13046 0.4985072910785675 0.3240187466144562
13047 0.48888450860977173 0.34294989705085754
13048 0.48883864283561707 0.3421925902366638
13049 0.487557590007782 0.34202197194099426
13050 0.48888450860977173 0.34294989705085754
13051 0.48888450860977173 0.34294989705085754
13052 0.48888450860977173 0.34294989705085754
13053 0.48888450860977173 0.34294989705085754
13054 0.48888450860977173 0.34294989705085754
13055 0.48888450860977173 0.34294989705085754
13056 0.48888450860977173 0.34294989705085754
13057 0.4813024699687958 0.3464452922344208
13058 0.4802207946777344 0.3473905324935913
13059 0.47962644696235657 0.347278356552124
13060 0.48888450860977173 0.34294989705085754
13061 0.48888450860977173 0.34294989705085754
13062 0.48888450860977173 0.34294989705085754
13063 0.48888450860977173 0.34294989705085754
13064 0.48888450860977173 0.34294989705085754
13065 0.48888450860977173 0.34294989705085754
13066 0.48888450860977173 0.34294989705085754
13067 0.48888450860977173 0.34294989705085754
13068 0.48880454897880554 0.341631144285202
13069 0.48775938153266907 0.34164878726005554
13070 0.4813060164451599 0.34910205006599426
13071 0.48019951581954956 0.34874799847602844
13072 0.48149731755256653 0.34723642468452454
13073 0.4791039824485779 0.34851887822151184
13074 0.4794637858867645 0.3513927757740021
13075 0.4784570336341858 0.3505365252494812
13076 0.4783124327659607 0.3483996093273163
13077 0.4826640486717224 0.34595346450805664
13078 0.48432642221450806 0.34533995389938354
13079 0.48293325304985046 0.3471081554889679
13080 0.4838828444480896 0.34477636218070984
13081 0.48498255014419556 0.34389254450798035
13082 0.48551058769226074 0.34476062655448914
13083 0.48888450860977173 0.34294989705085754
13084 0.48888450860977173 0.34294986724853516
13085 0.478115975856781 0.35317137837409973
13086 0.47704046964645386 0.3521680533885956
13087 0.4775159955024719 0.34981298446655273
13088 0.4768387973308563 0.3493991196155548
13089 0.48888450860977173 0.34294989705085754
13090 0.48888450860977173 0.34294989705085754
13091 0.48888450860977173 0.34294989705085754
13092 0.48888450860977173 0.34294989705085754
13093 0.4884187877178192 0.34294989705085754
13094 0.4872110188007355 0.34294989705085754
13095 0.4888586699962616 0.34294989705085754
13096 0.48888450860977173 0.34294989705085754
13097 0.4891607463359833 0.3434353172779083
13098 0.48831817507743835 0.34432485699653625
13099 0.48888450860977173 0.34294989705085754
13100 0.48888450860977173 0.34294986724853516
13101 0.48888450860977173 0.34294989705085754
13102 0.48888450860977173 0.34294989705085754
13103 0.48888450860977173 0.34294989705085754
13104 0.48888450860977173 0.34294989705085754
13105 0.4888846278190613 0.34294989705085754
13106 0.4915578067302704 0.3431136906147003
13107 0.4904943108558655 0.34436410665512085
13108 0.48990175127983093 0.34294989705085754
13109 0.48888450860977173 0.34294986724853516
13110 0.4895966351032257 0.34294989705085754
13111 0.48888450860977173 0.34294989705085754
13112 0.4964179992675781 0.34295135736465454
13113 0.49553176760673523 0.34295061230659485
13114 0.4937717616558075 0.34294989705085754
13115 0.49492958188056946 0.34295013546943665
13116 0.4924396872520447 0.34294989705085754
13117 0.4936203360557556 0.34294986724853516
13118 0.49555084109306335 0.34295061230659485
13119 0.49402689933776855 0.34294989705085754
13120 0.48854780197143555 0.35596907138824463
13121 0.49005863070487976 0.35464441776275635
13122 0.49138376116752625 0.3570752441883087
13123 0.4897922873497009 0.35884615778923035
13124 0.4857444763183594 0.3538980185985565
13125 0.4875378906726837 0.35326120257377625
13126 0.4869825839996338 0.3562925457954407
13127 0.4836234450340271 0.3540187180042267
13128 0.4832426905632019 0.3512440025806427
13129 0.48466747999191284 0.3514748811721802
13130 0.4943137764930725 0.3558800220489502
13131 0.49576085805892944 0.35183975100517273
13132 0.49709266424179077 0.3548279106616974
13133 0.49547165632247925 0.3586623966693878
13134 0.48665088415145874 0.34343913197517395
13135 0.4860818088054657 0.34417155385017395
13136 0.48767900466918945 0.34294989705085754
13137 0.4876877963542938 0.3450731933116913
13138 0.489451140165329 0.3457547426223755
13139 0.4883255660533905 0.34725186228752136
13140 0.4870512783527374 0.34581658244132996
13141 0.49196121096611023 0.344649076461792
13142 0.4906949996948242 0.34660667181015015
13143 0.49442192912101746 0.34294989705085754
13144 0.4968571662902832 0.34295177459716797
13145 0.4960453510284424 0.34295105934143066
13146 0.48888450860977173 0.34294989705085754
13147 0.48888450860977173 0.34294989705085754
13148 0.48888450860977173 0.34294989705085754
13149 0.48888450860977173 0.34294989705085754
13150 0.49696093797683716 0.34295180439949036
13151 0.4972214102745056 0.34295204281806946
13152 0.4811098873615265 0.35168397426605225
13153 0.4824993312358856 0.3492109775543213
13154 0.49508997797966003 0.3429502248764038
13155 0.49661925435066223 0.34295153617858887
13156 0.4918089210987091 0.34294989705085754
13157 0.49321791529655457 0.34294989705085754
13158 0.49750739336013794 0.34295228123664856
13159 0.49783045053482056 0.3429526090621948
13160 0.4967758059501648 0.36184194684028625
13161 0.49527716636657715 0.3646109700202942
13162 0.49409621953964233 0.3619091212749481
13163 0.4910030663013458 0.361470490694046
13164 0.4891776442527771 0.3625974953174591
13165 0.48803094029426575 0.35943472385406494
13166 0.48634982109069824 0.35939735174179077
13167 0.484953373670578 0.3565726578235626
13168 0.48176997900009155 0.35374143719673157
13169 0.4826867878437042 0.35673749446868896
13170 0.47970816493034363 0.3536383807659149
13171 0.49456721544265747 0.3505980670452118
13172 0.4960183799266815 0.34677985310554504
13173 0.49717405438423157 0.34763363003730774
13174 0.48901912569999695 0.35244086384773254
13175 0.49058201909065247 0.35098007321357727
13176 0.4917294681072235 0.3525224030017853
13177 0.48633962869644165 0.3509870171546936
13178 0.4880504608154297 0.35009539127349854
13179 0.48386648297309875 0.34905532002449036
13180 0.4855368435382843 0.3487023115158081
13181 0.4846701920032501 0.34681904315948486
13182 0.49733757972717285 0.3429522216320038
13183 0.4946496784687042 0.3460954427719116
13184 0.4920775592327118 0.347859263420105
13185 0.4894430339336395 0.3485063910484314
13186 0.4875623881816864 0.34803879261016846
13187 0.4863746464252472 0.3463446795940399
13188 0.49820658564567566 0.3429529368877411
13189 0.4924635589122772 0.36408165097236633
13190 0.4927516281604767 0.359296053647995
13191 0.49294525384902954 0.35416504740715027
13192 0.49346452951431274 0.34905555844306946
13193 0.4932572841644287 0.34527647495269775
13194 0.49308541417121887 0.34304511547088623
13195 0.49233245849609375 0.34294989705085754
13196 0.4905839264392853 0.34294989705085754
13197 0.49146217107772827 0.34294986724853516
13198 0.49848800897598267 0.3581843674182892
13199 0.49820560216903687 0.3642739951610565
13200 0.49859359860420227 0.34335339069366455
13201 0.49844953417778015 0.3494594395160675
13202 0.48888450860977173 0.34294989705085754
13203 0.48888450860977173 0.34294989705085754
13204 0.48888450860977173 0.34294989705085754
13205 0.49063748121261597 0.34294989705085754
13206 0.49312517046928406 0.34294989705085754
13207 0.49597597122192383 0.3429510295391083
13208 0.49678418040275574 0.3672080338001251
13209 0.498115599155426 0.3692505955696106
13210 0.4951905906200409 0.3695699870586395
13211 0.49397972226142883 0.3670003116130829
13212 0.492174357175827 0.3688626289367676
13213 0.4907946288585663 0.36527684330940247
13214 0.4888269603252411 0.36573526263237
13215 0.4872775077819824 0.3626854717731476
13216 0.48549577593803406 0.36264368891716003
13217 0.4839761257171631 0.3594510853290558
13218 0.48197847604751587 0.35882166028022766
13219 0.48087602853775024 0.35626718401908875
13220 0.47902920842170715 0.3554592430591583
13221 0.494167298078537 0.3219433128833771
13222 0.4972662329673767 0.3222813308238983
13223 0.4917595684528351 0.3224615156650543
13224 0.4795065224170685 0.33778107166290283
13225 0.4828188717365265 0.3329591453075409
13226 0.47663068771362305 0.3464517295360565
13227 0.4777970612049103 0.34404614567756653
13228 0.4858240783214569 0.32728374004364014
13229 0.48882198333740234 0.32451048493385315
13230 0.47805359959602356 0.3412943184375763
13231 0.47585824131965637 0.34830209612846375
13232 0.47593623399734497 0.35104429721832275
13233 0.477096825838089 0.35468167066574097
13234 0.4798572361469269 0.35803940892219543
13235 0.48342567682266235 0.36142870783805847
13236 0.4870464503765106 0.3644402325153351
13237 0.4906289279460907 0.36795133352279663
13238 0.4936370253562927 0.3708765208721161
13239 0.4963584244251251 0.37162983417510986
13240 0.49397987127304077 0.4112812876701355
13241 0.493668794631958 0.4093344211578369
13242 0.49279874563217163 0.4090750515460968
13243 0.49215003848075867 0.4074239432811737
13244 0.4934353530406952 0.4123840630054474
13245 0.49326038360595703 0.410675585269928
13246 0.49261167645454407 0.4102458357810974
13247 0.4921521544456482 0.4089333713054657
13248 0.4890172779560089 0.4294562041759491
13249 0.4885506331920624 0.42595604062080383
13250 0.4896549582481384 0.4260390102863312
13251 0.4861016571521759 0.42357948422431946
13252 0.4855995774269104 0.4217417240142822
13253 0.48639151453971863 0.4224366545677185
13254 0.48709556460380554 0.42330294847488403
13255 0.4913623631000519 0.42116671800613403
13256 0.490867555141449 0.41989070177078247
13257 0.4918086528778076 0.41973641514778137
13258 0.4901864230632782 0.4243125915527344
13259 0.4888836741447449 0.4246232807636261
13260 0.4908645451068878 0.42220351099967957
13261 0.48993533849716187 0.4213409721851349
13262 0.4895467460155487 0.42255181074142456
13263 0.4882383942604065 0.43325144052505493
13264 0.4866950809955597 0.4362468123435974
13265 0.4870431125164032 0.43300625681877136
13266 0.48543861508369446 0.4306911826133728
13267 0.484967976808548 0.42786189913749695
13268 0.48575711250305176 0.4269583523273468
13269 0.4861040711402893 0.4300164580345154
13270 0.48609212040901184 0.432399719953537
13271 0.4854181408882141 0.43400782346725464
13272 0.48439332842826843 0.4319162666797638
13273 0.4849276840686798 0.42115214467048645
13274 0.48485755920410156 0.42122289538383484
13275 0.48404163122177124 0.42867106199264526
13276 0.4845178723335266 0.42466050386428833
13277 0.48693299293518066 0.42958542704582214
13278 0.4879559874534607 0.423809289932251
13279 0.48746705055236816 0.42616647481918335
13280 0.488169401884079 0.42337730526924133
13281 0.4872211813926697 0.4231645464897156
13282 0.48905012011528015 0.42098310589790344
13283 0.48780113458633423 0.42143720388412476
13284 0.4894087016582489 0.42005082964897156
13285 0.48860764503479004 0.41967493295669556
13286 0.48906731605529785 0.4185960590839386
13287 0.4905455410480499 0.4185049831867218
13288 0.4848387539386749 0.41294071078300476
13289 0.4844505488872528 0.4158670902252197
13290 0.48566463589668274 0.4118655323982239
13291 0.48536303639411926 0.41431424021720886
13292 0.48491764068603516 0.41693809628486633
13293 0.48472970724105835 0.41959092020988464
13294 0.4857921898365021 0.41614222526550293
13295 0.48569056391716003 0.41746658086776733
13296 0.48557955026626587 0.4197745621204376
13297 0.4857292175292969 0.42185547947883606
13298 0.4867120385169983 0.4219236671924591
13299 0.48651695251464844 0.41978925466537476
13300 0.4875890612602234 0.419540137052536
13301 0.48657944798469543 0.41759997606277466
13302 0.48294350504875183 0.39764338731765747
13303 0.4958384335041046 0.34295085072517395
13304 0.48279911279678345 0.39081212878227234
13305 0.49468132853507996 0.34294989705085754
13306 0.49662062525749207 0.3119775056838989
13307 0.4946051239967346 0.3137499988079071
13308 0.4898216724395752 0.34294989705085754
13309 0.4858068823814392 0.31664106249809265
13310 0.49231794476509094 0.31258973479270935
13311 0.4443928599357605 0.17721734941005707
13312 0.4326677918434143 0.18727006018161774
13313 0.4315184950828552 0.18825553357601166
13314 0.47030261158943176 0.1749996542930603
13315 0.44492894411087036 0.17675769329071045
13316 0.4751104712486267 0.4037649631500244
13317 0.4633800685405731 0.4082340598106384
13318 0.4607837498188019 0.41294175386428833
13319 0.33461594581604004 0.3087711036205292
13320 0.3309086859226227 0.29308632016181946
13321 0.3558920621871948 0.22776183485984802
13322 0.49103689193725586 0.34294989705085754
13323 0.4816017150878906 0.3846776485443115
13324 0.4768510162830353 0.39481380581855774
13325 0.4513194262981415 0.19579745829105377
13326 0.4319034218788147 0.18792535364627838
13327 0.43590569496154785 0.18840374052524567
13328 0.4180763065814972 0.1997804045677185
13329 0.4201276898384094 0.19802163541316986
13330 0.34030312299728394 0.2745826542377472
13331 0.3400615453720093 0.30890294909477234
13332 0.3370837867259979 0.29422998428344727
13333 0.4237141013145447 0.1949467658996582
13334 0.43204525113105774 0.23117485642433167
13335 0.4435279667377472 0.23643752932548523
13336 0.3939397931098938 0.21435345709323883
13337 0.41396498680114746 0.20330527424812317
13338 0.3684423267841339 0.3366503417491913
13339 0.37125924229621887 0.28182247281074524
13340 0.3631604313850403 0.2541288137435913
13341 0.48888450860977173 0.34294989705085754
13342 0.48888450860977173 0.34294989705085754
13343 0.48888450860977173 0.34294989705085754
13344 0.48888444900512695 0.34294989705085754
13345 0.4897316098213196 0.34294989705085754
13346 0.4734068512916565 0.3678879141807556
13347 0.4722246527671814 0.3649532198905945
13348 0.4756467342376709 0.3882741630077362
13349 0.4765837788581848 0.39197778701782227
13350 0.4696657359600067 0.3858146369457245
13351 0.46931007504463196 0.3776433765888214
13352 0.46718883514404297 0.39768922328948975
13353 0.44823312759399414 0.3794262409210205
13354 0.4268357455730438 0.3586280643939972
13355 0.4692539572715759 0.3907626271247864
13356 0.43312764167785645 0.3616380989551544
13357 0.42236632108688354 0.3569979965686798
13358 0.4585023522377014 0.3905978798866272
13359 0.4617936611175537 0.3802003562450409
13360 0.48888450860977173 0.34294989705085754
13361 0.48888450860977173 0.34294989705085754
13362 0.48888450860977173 0.34294989705085754
13363 0.4356286823749542 0.27165117859840393
13364 0.44254422187805176 0.27181705832481384
13365 0.4223363697528839 0.23320890963077545
13366 0.40172556042671204 0.22594605386257172
13367 0.4162725806236267 0.24054503440856934
13368 0.38187840580940247 0.26661416888237
13369 0.3889586925506592 0.32327330112457275
13370 0.3952830135822296 0.3065318763256073
13371 0.48888450860977173 0.34294989705085754
13372 0.48888450860977173 0.34294989705085754
13373 0.4698942005634308 0.3700118362903595
13374 0.423801451921463 0.3523969352245331
13375 0.4497973620891571 0.369615375995636
13376 0.4357290267944336 0.3535108268260956
13377 0.45293664932250977 0.36652088165283203
13378 0.4648566246032715 0.37441274523735046
13379 0.46554991602897644 0.36939704418182373
13380 0.44787856936454773 0.3014335334300995
13381 0.44232994318008423 0.29469534754753113
13382 0.43993762135505676 0.29945066571235657
13383 0.4450359344482422 0.30571046471595764
13384 0.4299430251121521 0.28465017676353455
13385 0.43303826451301575 0.30345985293388367
13386 0.43937990069389343 0.30635449290275574
13387 0.46161001920700073 0.30871498584747314
13388 0.48888450860977173 0.34294989705085754
13389 0.4642618000507355 0.3099701404571533
13390 0.45746442675590515 0.3072366714477539
13391 0.45191022753715515 0.29924294352531433
13392 0.45323917269706726 0.31173038482666016
13393 0.45905786752700806 0.30883100628852844
13394 0.46069929003715515 0.3072231113910675
13395 0.48888450860977173 0.34294989705085754
13396 0.48888450860977173 0.34294989705085754
13397 0.45294904708862305 0.3558732271194458
13398 0.45039084553718567 0.3584604561328888
13399 0.4314989447593689 0.3432477116584778
13400 0.44093888998031616 0.34296613931655884
13401 0.4108310341835022 0.2929070293903351
13402 0.4190366566181183 0.3308835029602051
13403 0.42505955696105957 0.31897953152656555
13404 0.43160921335220337 0.27606579661369324
13405 0.41535621881484985 0.2717351019382477
13406 0.44687438011169434 0.29163920879364014
13407 0.4301562011241913 0.3127281367778778
13408 0.4316850006580353 0.32637670636177063
13409 0.43543076515197754 0.321091890335083
13410 0.4390454590320587 0.3392851650714874
13411 0.44714853167533875 0.34453919529914856
13412 0.444855272769928 0.3393068313598633
13413 0.48888450860977173 0.34294989705085754
13414 0.48888450860977173 0.34294989705085754
13415 0.48888450860977173 0.34294989705085754
13416 0.48888450860977173 0.34294989705085754
13417 0.48888450860977173 0.34294989705085754
13418 0.48888450860977173 0.34294989705085754
13419 0.48888450860977173 0.34294989705085754
13420 0.42165490984916687 0.2919028103351593
13421 0.4358428120613098 0.31166526675224304
13422 0.4005231559276581 0.26410987973213196
13423 0.3755805194377899 0.2467939555644989
13424 0.36409151554107666 0.2283564805984497
13425 0.35965725779533386 0.21970640122890472
13426 0.48888450860977173 0.34294989705085754
13427 0.44710132479667664 0.3345153033733368
13428 0.44400426745414734 0.3348892033100128
13429 0.48888450860977173 0.34294989705085754
13430 0.48888450860977173 0.34294989705085754
13431 0.429137259721756 0.334408700466156
13432 0.43950480222702026 0.33329465985298157
13433 0.4176037907600403 0.34144216775894165
13434 0.390879362821579 0.35897958278656006
13435 0.38550713658332825 0.3639187812805176
13436 0.38502904772758484 0.3672504127025604
13437 0.48888450860977173 0.34294989705085754
13438 0.48888450860977173 0.34294989705085754
13439 0.48888450860977173 0.34294989705085754
13440 0.48888450860977173 0.34294989705085754
13441 0.48888450860977173 0.34294989705085754
13442 0.48888450860977173 0.34294989705085754
13443 0.48888450860977173 0.34294989705085754
13444 0.48888450860977173 0.34294989705085754
13445 0.48888450860977173 0.34294989705085754
13446 0.48888450860977173 0.34294989705085754
13447 0.4470639228820801 0.32938241958618164
13448 0.44485995173454285 0.33176299929618835
13449 0.48888450860977173 0.34294989705085754
13450 0.4414198398590088 0.32880899310112
13451 0.48888450860977173 0.34294989705085754
13452 0.4406800866127014 0.31196141242980957
13453 0.44435998797416687 0.31257036328315735
13454 0.44388318061828613 0.30908873677253723
13455 0.4543202221393585 0.3167007267475128
13456 0.48888450860977173 0.34294989705085754
13457 0.44994300603866577 0.31240561604499817
13458 0.45443278551101685 0.31721827387809753
13459 0.44673851132392883 0.31201601028442383
13460 0.4475209414958954 0.31865188479423523
13461 0.4501066207885742 0.3174540102481842
13462 0.45531660318374634 0.3212817907333374
13463 0.48888450860977173 0.34294989705085754
13464 0.48888450860977173 0.34294989705085754
13465 0.48888450860977173 0.34294989705085754
13466 0.44412660598754883 0.32577618956565857
13467 0.439380407333374 0.3183318078517914
13468 0.4444129168987274 0.3197225034236908
13469 0.4546847939491272 0.3218834698200226
13470 0.44968312978744507 0.32215651869773865
13471 0.48888450860977173 0.34294989705085754
13472 0.44701820611953735 0.3237032890319824
13473 0.4494781792163849 0.3273380696773529
13474 0.48888450860977173 0.34294989705085754
13475 0.48389819264411926 0.30975019931793213
13476 0.48324015736579895 0.3121391534805298
13477 0.48685306310653687 0.31170305609703064
13478 0.48772647976875305 0.3114965260028839
13479 0.49442076683044434 0.3122905194759369
13480 0.49666446447372437 0.3119712173938751
13481 0.46387341618537903 0.30720987915992737
13482 0.4667772948741913 0.30761587619781494
13483 0.47095468640327454 0.30718037486076355
13484 0.4700325131416321 0.30787375569343567
13485 0.4761667549610138 0.31475162506103516
13486 0.4742841124534607 0.3071664571762085
13487 0.48445984721183777 0.31000638008117676
13488 0.4813549816608429 0.3085900843143463
13489 0.4811705946922302 0.30850598216056824
13490 0.4942001700401306 0.3123219311237335
13491 0.4852140247821808 0.3090521991252899
13492 0.48723676800727844 0.21288493275642395
13493 0.4692504107952118 0.20090554654598236
13494 0.4964295029640198 0.31057223677635193
13495 0.4622640311717987 0.2800024449825287
13496 0.45339134335517883 0.24382008612155914
13497 0.45313385128974915 0.28186726570129395
13498 0.4596395790576935 0.28341731429100037
13499 0.4683799147605896 0.3071911036968231
13500 0.47194555401802063 0.3071761429309845
13501 0.47002533078193665 0.30667123198509216
13502 0.4672691822052002 0.3071956932544708
13503 0.46375563740730286 0.30721041560173035
13504 0.4649582505226135 0.30444833636283875
13505 0.4582488238811493 0.2904002368450165
13506 0.45280763506889343 0.2904985249042511
13507 0.47224095463752747 0.3069870173931122
13508 0.45923349261283875 0.3066255748271942
13509 0.47142618894577026 0.3034268915653229
13510 0.46796438097953796 0.3029591739177704
13511 0.4800415635108948 0.29934003949165344
13512 0.47016313672065735 0.2997208833694458
13513 0.48468872904777527 0.2978539764881134
13514 0.4803342819213867 0.29539549350738525
13515 0.49410679936408997 0.3029725253582001
13516 0.464216947555542 0.29357555508613586
13517 0.4670591354370117 0.28998538851737976
13518 0.48047205805778503 0.29484522342681885
13519 0.4925558567047119 0.41632553935050964
13520 0.4936228394508362 0.41613060235977173
13521 0.492752343416214 0.41773131489753723
13522 0.4936646819114685 0.41409996151924133
13523 0.4915304183959961 0.41805604100227356
13524 0.4896271526813507 0.40681058168411255
13525 0.4906556308269501 0.40721458196640015
13526 0.48609375953674316 0.4128412902355194
13527 0.4865395724773407 0.4136088192462921
13528 0.48636624217033386 0.41686248779296875
13529 0.4873957633972168 0.4181542992591858
13530 0.4880228638648987 0.4188409149646759
13531 0.48716646432876587 0.4170674681663513
13532 0.4876609146595001 0.40723901987075806
13533 0.48904988169670105 0.4061429500579834
13534 0.48754262924194336 0.40901875495910645
13535 0.48673537373542786 0.4101044833660126
13536 0.48686620593070984 0.4111640453338623
13537 0.4926173686981201 0.41196587681770325
13538 0.4926641583442688 0.4139130413532257
13539 0.49151942133903503 0.41644400358200073
13540 0.49171972274780273 0.4146093726158142
13541 0.48972252011299133 0.41692396998405457
13542 0.48924899101257324 0.40741923451423645
13543 0.48806434869766235 0.40831226110458374
13544 0.4879152774810791 0.40949416160583496
13545 0.48749735951423645 0.4101552963256836
13546 0.487108051776886 0.41193193197250366
13547 0.48731258511543274 0.41243094205856323
13548 0.4874274432659149 0.41528746485710144
13549 0.48805326223373413 0.41701170802116394
13550 0.48867279291152954 0.41714146733283997
13551 0.48784640431404114 0.41555291414260864
13552 0.49192526936531067 0.4117743670940399
13553 0.4918510615825653 0.40956804156303406
13554 0.49013134837150574 0.40808698534965515
13555 0.48824718594551086 0.4094284176826477
13556 0.48865845799446106 0.41007617115974426
13557 0.48756811022758484 0.4122476875782013
13558 0.4880373775959015 0.4121498465538025
13559 0.4884974956512451 0.4155249297618866
13560 0.4896560311317444 0.41529396176338196
13561 0.4893222451210022 0.4138365387916565
13562 0.48752015829086304 0.4112158417701721
13563 0.4877595603466034 0.41072985529899597
13564 0.48810866475105286 0.41058751940727234
13565 0.46202489733695984 0.5039580464363098
13566 0.4621693789958954 0.5026441216468811
13567 0.46246716380119324 0.5025217533111572
13568 0.4449130892753601 0.508553683757782
13569 0.44215255975723267 0.5173707604408264
13570 0.4452058970928192 0.5168962478637695
13571 0.4546647369861603 0.49113965034484863
13572 0.4534442126750946 0.48322445154190063
13573 0.45220473408699036 0.4887436032295227
13574 0.45747095346450806 0.5179409980773926
13575 0.45945385098457336 0.5156235098838806
13576 0.46000558137893677 0.5125685334205627
13577 0.4467873275279999 0.518795907497406
13578 0.44966942071914673 0.5187010169029236
13579 0.44381099939346313 0.5045334696769714
13580 0.4430067241191864 0.5050075054168701
13581 0.44245031476020813 0.5048418641090393
13582 0.4491052031517029 0.48874756693840027
13583 0.44515079259872437 0.485490620136261
13584 0.4453274607658386 0.4913838505744934
13585 0.45162105560302734 0.5204533934593201
13586 0.4538154602050781 0.519562304019928
13587 0.45595359802246094 0.5192568898200989
13588 0.4615738093852997 0.5091590285301208
13589 0.46128368377685547 0.50700443983078
13590 0.4423207938671112 0.49157997965812683
13591 0.4424648880958557 0.49434545636177063
13592 0.444741427898407 0.5046363472938538
13593 0.4552087187767029 0.5033687949180603
13594 0.45598772168159485 0.4909765422344208
13595 0.458175390958786 0.5015676021575928
13596 0.4569494128227234 0.5023765563964844
13597 0.4495871067047119 0.4819827377796173
13598 0.4411279559135437 0.5078421235084534
13599 0.4411759674549103 0.5078992247581482
13600 0.44187238812446594 0.5083787441253662
13601 0.44251319766044617 0.5083709359169006
13602 0.44309520721435547 0.5082528591156006
13603 0.44167381525039673 0.5078687071800232
13604 0.4421575367450714 0.5077386498451233
13605 0.4436020255088806 0.5078724026679993
13606 0.45205849409103394 0.48112112283706665
13607 0.44995540380477905 0.4788861870765686
13608 0.45473381876945496 0.4839639663696289
13609 0.46184471249580383 0.5128150582313538
13610 0.4617249667644501 0.5119411945343018
13611 0.4585877060890198 0.5166406631469727
13612 0.4412393867969513 0.5188246369361877
13613 0.4462103247642517 0.5053424835205078
13614 0.4480695426464081 0.5056820511817932
13615 0.44390633702278137 0.4776068329811096
13616 0.4383757710456848 0.47955793142318726
13617 0.44026777148246765 0.48417067527770996
13618 0.44941186904907227 0.5053424835205078
13619 0.45395445823669434 0.5189905166625977
13620 0.452773779630661 0.5053424835205078
13621 0.43633487820625305 0.48730039596557617
13622 0.43898671865463257 0.4923100173473358
13623 0.4599347412586212 0.4896274209022522
13624 0.45914530754089355 0.4942333400249481
13625 0.44604137539863586 0.47472715377807617
13626 0.45558592677116394 0.5053424835205078
13627 0.45317912101745605 0.5053424835205078
13628 0.4499213993549347 0.5053424835205078
13629 0.4525735080242157 0.5053424835205078
13630 0.45998385548591614 0.502962589263916
13631 0.4584750831127167 0.5042068958282471
13632 0.4578304588794708 0.5034709572792053
13633 0.4551966190338135 0.5053424835205078
13634 0.4566428065299988 0.5036718249320984
13635 0.4592166244983673 0.5019323229789734
13636 0.44979169964790344 0.5053424835205078
13637 0.4527495205402374 0.505342423915863
13638 0.44896718859672546 0.5053424835205078
13639 0.44754818081855774 0.5053424835205078
13640 0.44951578974723816 0.5053424835205078
13641 0.44932273030281067 0.5053424835205078
13642 0.4476177394390106 0.5053424835205078
13643 0.43914419412612915 0.5170502066612244
13644 0.44396260380744934 0.5055809617042542
13645 0.4448053240776062 0.5053424835205078
13646 0.4440133571624756 0.5053424835205078
13647 0.4457109570503235 0.5053424835205078
13648 0.44553229212760925 0.5053424835205078
13649 0.44441574811935425 0.5053424835205078
13650 0.4424006938934326 0.507388174533844
13651 0.4423174262046814 0.5066033005714417
13652 0.4430048167705536 0.5052170157432556
13653 0.44268491864204407 0.5050697326660156
13654 0.4434550106525421 0.5052377581596375
13655 0.44365760684013367 0.5053424835205078
13656 0.44274041056632996 0.5053424835205078
13657 0.4429163336753845 0.5053424835205078
13658 0.44257599115371704 0.5053424835205078
13659 0.44240468740463257 0.5053689479827881
13660 0.44163039326667786 0.5073323845863342
13661 0.4418513774871826 0.5070080757141113
13662 0.443527489900589 0.5053424835205078
13663 0.4433533847332001 0.5053424835205078
13664 0.44263410568237305 0.5053424835205078
13665 0.4429366886615753 0.5053424835205078
13666 0.44255656003952026 0.5055749416351318
13667 0.44214919209480286 0.5063820481300354
13668 0.4406800866127014 0.5065536499023438
13669 0.44016000628471375 0.5057156085968018
13670 0.4429044723510742 0.5053425431251526
13671 0.43988466262817383 0.5057582259178162
13672 0.44217735528945923 0.5052875876426697
13673 0.4615001380443573 0.5061964392662048
13674 0.4618389308452606 0.5052120089530945
13675 0.46173280477523804 0.5065950751304626
13676 0.4614429175853729 0.5059536099433899
13677 0.4617810845375061 0.5045304894447327
13678 0.46176621317863464 0.5035638809204102
13679 0.45876410603523254 0.5012875199317932
13680 0.45789363980293274 0.5019198060035706
13681 0.4614568054676056 0.5031543374061584
13682 0.46181732416152954 0.5025395750999451
13683 0.46202540397644043 0.5027033686637878
13684 0.46087053418159485 0.5031834244728088
13685 0.46060681343078613 0.5032586455345154
13686 0.4601483941078186 0.5011948943138123
13687 0.4595180153846741 0.5010626912117004
13688 0.4604758620262146 0.5013732314109802
13689 0.46150773763656616 0.5022264122962952
13690 0.4617343246936798 0.5014455318450928
13691 0.4622195065021515 0.5018355846405029
13692 0.4614458382129669 0.5057291388511658
13693 0.4615952968597412 0.5052805542945862
13694 0.46150466799736023 0.5049037337303162
13695 0.46156981587409973 0.504093587398529
13696 0.461396187543869 0.5047633051872253
13697 0.45885151624679565 0.5012028217315674
13698 0.4586634039878845 0.5012655258178711
13699 0.45914241671562195 0.5010311603546143
13700 0.4598439037799835 0.5006651282310486
13701 0.45930051803588867 0.5009594559669495
13702 0.4597175121307373 0.5007122159004211
13703 0.460772305727005 0.5021181106567383
13704 0.4600968062877655 0.5005669593811035
13705 0.4607316851615906 0.5013654828071594
13706 0.45940086245536804 0.5009307265281677
13707 0.4609659016132355 0.5026050209999084
13708 0.4611143469810486 0.5034859776496887
13709 0.46126919984817505 0.5030140280723572
13710 0.46088334918022156 0.5017542243003845
13711 0.4608556926250458 0.5010517239570618
13712 0.4611070156097412 0.5004100203514099
13713 0.4619636833667755 0.5008063912391663
13714 0.46068447828292847 0.5007254481315613
13715 0.4604351818561554 0.5003432631492615
13716 0.4599438011646271 0.5006255507469177
13717 0.4595651626586914 0.5008788704872131
13718 0.4572622776031494 0.502465009689331
13719 0.45375755429267883 0.5048754811286926
13720 0.45105648040771484 0.5053424835205078
13721 0.43783432245254517 0.4801822006702423
13722 0.4336079955101013 0.4851164221763611
13723 0.43343454599380493 0.48909813165664673
13724 0.4430854320526123 0.5053424835205078
13725 0.44246265292167664 0.5051121115684509
13726 0.44137006998062134 0.5074994564056396
13727 0.441490113735199 0.507453441619873
13728 0.44185206294059753 0.5069345831871033
13729 0.4417039752006531 0.5070186257362366
13730 0.44231823086738586 0.5063228011131287
13731 0.44298604130744934 0.5053424835205078
13732 0.44307997822761536 0.5053424835205078
13733 0.4471009373664856 0.5053424835205078
13734 0.4514961242675781 0.5053424835205078
13735 0.45486781001091003 0.505363404750824
13736 0.46187490224838257 0.5060884356498718
13737 0.46137338876724243 0.5046082139015198
13738 0.46134641766548157 0.5038342475891113
13739 0.431123286485672 0.43368765711784363
13740 0.4262980818748474 0.4219699501991272
13741 0.43163424730300903 0.4234480559825897
13742 0.46199125051498413 0.44884631037712097
13743 0.4615171253681183 0.4429115653038025
13744 0.4649549126625061 0.44907066226005554
13745 0.45447203516960144 0.4355601668357849
13746 0.45403552055358887 0.42774078249931335
13747 0.45789840817451477 0.4358005225658417
13748 0.4500563442707062 0.4196792244911194
13749 0.4459357261657715 0.4182298481464386
13750 0.44614365696907043 0.40842491388320923
13751 0.43587416410446167 0.4432825744152069
13752 0.43637943267822266 0.43467119336128235
13753 0.4501941502094269 0.42736440896987915
13754 0.44132378697395325 0.44474130868911743
13755 0.4400091767311096 0.4532478451728821
13756 0.4420618414878845 0.43559879064559937
13757 0.4366931617259979 0.4248958230018616
13758 0.44175171852111816 0.4263410270214081
13759 0.4471032917499542 0.4444408416748047
13760 0.4463209807872772 0.4358653724193573
13761 0.452633798122406 0.45038267970085144
13762 0.4490024745464325 0.4531465172767639
13763 0.45132917165756226 0.44341015815734863
13764 0.460815966129303 0.45951348543167114
13765 0.4583442211151123 0.460785835981369
13766 0.4570625126361847 0.4551432430744171
13767 0.45987969636917114 0.4545707702636719
13768 0.455876886844635 0.4633081257343292
13769 0.45951420068740845 0.46570515632629395
13770 0.44525569677352905 0.46088477969169617
13771 0.45144084095954895 0.4609322249889374
13772 0.46791940927505493 0.4547707438468933
13773 0.46540287137031555 0.4544770121574402
13774 0.46399760246276855 0.46373531222343445
13775 0.46172571182250977 0.46421486139297485
13776 0.46325916051864624 0.45947450399398804
13777 0.4627239406108856 0.46842053532600403
13778 0.4729748070240021 0.4655137360095978
13779 0.47125813364982605 0.46369093656539917
13780 0.4705214500427246 0.4602648615837097
13781 0.46825626492500305 0.4596731960773468
13782 0.4666455388069153 0.46750256419181824
13783 0.4647655785083771 0.46766233444213867
13784 0.4660220742225647 0.46359750628471375
13785 0.46538597345352173 0.4713132381439209
13786 0.45429378747940063 0.4571671783924103
13787 0.45586150884628296 0.4492565989494324
13788 0.45833152532577515 0.44248029589653015
13789 0.4739113450050354 0.4677960276603699
13790 0.47916799783706665 0.4691616892814636
13791 0.4819662272930145 0.472135066986084
13792 0.4792782962322235 0.4719817340373993
13793 0.48165345191955566 0.4760873317718506
13794 0.4847697913646698 0.4764466881752014
13795 0.4835430979728699 0.4803943634033203
13796 0.4864249527454376 0.481000155210495
13797 0.48735737800598145 0.48691755533218384
13798 0.484870970249176 0.48514509201049805
13799 0.46907952427864075 0.4629242420196533
13800 0.47171837091445923 0.4672863185405731
13801 0.46952059864997864 0.466885507106781
13802 0.4662773311138153 0.45846134424209595
13803 0.46248263120651245 0.4546218514442444
13804 0.4590606987476349 0.44877010583877563
13805 0.4550667107105255 0.44254469871520996
13806 0.4505307376384735 0.4355137050151825
13807 0.44609376788139343 0.42697644233703613
13808 0.442128449678421 0.4171755611896515
13809 0.4650128483772278 0.5055517554283142
13810 0.46548816561698914 0.5047152638435364
13811 0.46550682187080383 0.5062341094017029
13812 0.47904297709465027 0.5080786347389221
13813 0.4813571274280548 0.5070664882659912
13814 0.4854280650615692 0.5024318695068359
13815 0.4828677773475647 0.5057256817817688
13816 0.48759225010871887 0.4932252764701843
13817 0.48356345295906067 0.4996028244495392
13818 0.4854829013347626 0.4909682869911194
13819 0.48148319125175476 0.502950131893158
13820 0.4796612560749054 0.504301130771637
13821 0.482039213180542 0.4970998167991638
13822 0.4799187183380127 0.5005597472190857
13823 0.4672243595123291 0.47124916315078735
13824 0.46989017724990845 0.4705963432788849
13825 0.48235994577407837 0.4841833710670471
13826 0.47955745458602905 0.4837935268878937
13827 0.4809987246990204 0.47975537180900574
13828 0.4778885543346405 0.47965410351753235
13829 0.4790169894695282 0.4756944477558136
13830 0.4742116630077362 0.4750809371471405
13831 0.47412389516830444 0.47152355313301086
13832 0.47196102142333984 0.47100168466567993
13833 0.4828917682170868 0.48893070220947266
13834 0.4804494082927704 0.4880082905292511
13835 0.4803204834461212 0.49475809931755066
13836 0.4651646614074707 0.4995918273925781
13837 0.4654009938240051 0.4969014823436737
13838 0.4680974781513214 0.49776458740234375
13839 0.4654802978038788 0.4996979236602783
13840 0.460110604763031 0.48024895787239075
13841 0.4623003602027893 0.4802539646625519
13842 0.45767712593078613 0.47989773750305176
13843 0.4546794891357422 0.4806618094444275
13844 0.4511427581310272 0.4820716083049774
13845 0.44738057255744934 0.4823620021343231
13846 0.44260480999946594 0.48325300216674805
13847 0.4382326304912567 0.4857664704322815
13848 0.4644741714000702 0.4991545081138611
13849 0.4639289081096649 0.4988599121570587
13850 0.464569628238678 0.496595561504364
13851 0.4650344252586365 0.4967346489429474
13852 0.46925967931747437 0.47528597712516785
13853 0.47202396392822266 0.47464826703071594
13854 0.4646138548851013 0.49654334783554077
13855 0.46674320101737976 0.49396899342536926
13856 0.46194741129875183 0.4888398349285126
13857 0.46003633737564087 0.4919026494026184
13858 0.4620371162891388 0.484635591506958
13859 0.46385642886161804 0.49646085500717163
13860 0.463702917098999 0.49612897634506226
13861 0.46416810154914856 0.4963405132293701
13862 0.46552568674087524 0.4803493320941925
13863 0.4638374149799347 0.4801669418811798
13864 0.46579787135124207 0.4751504063606262
13865 0.46757957339286804 0.47505834698677063
13866 0.46427175402641296 0.49382516741752625
13867 0.46619850397109985 0.4920225441455841
13868 0.464041531085968 0.4833144545555115
13869 0.4653165936470032 0.4896206557750702
13870 0.4629679322242737 0.49573707580566406
13871 0.46324723958969116 0.4915584921836853
13872 0.461564838886261 0.4938826262950897
13873 0.46344703435897827 0.4874548316001892
13874 0.4724774658679962 0.515687882900238
13875 0.47155115008354187 0.5200853943824768
13876 0.47069594264030457 0.5166321396827698
13877 0.4773242473602295 0.5054433345794678
13878 0.4715576171875 0.5125069618225098
13879 0.47065168619155884 0.509586751461029
13880 0.4698472321033478 0.5133996605873108
13881 0.46904850006103516 0.5104426741600037
13882 0.4729876220226288 0.5003815293312073
13883 0.4756753742694855 0.502963125705719
13884 0.47063547372817993 0.5026364922523499
13885 0.4779641330242157 0.5017490983009338
13886 0.47832104563713074 0.4932512938976288
13887 0.47855547070503235 0.4978782832622528
13888 0.47686344385147095 0.49553972482681274
13889 0.47478431463241577 0.490267276763916
13890 0.4762689769268036 0.4922983944416046
13891 0.47503143548965454 0.4936697483062744
13892 0.47240716218948364 0.492612361907959
13893 0.47658735513687134 0.49937206506729126
13894 0.47492527961730957 0.4971578121185303
13895 0.4719390869140625 0.4991159737110138
13896 0.47242024540901184 0.49568960070610046
13897 0.4780774712562561 0.48716968297958374
13898 0.4658031463623047 0.5088596940040588
13899 0.4659130871295929 0.5053040385246277
13900 0.46681541204452515 0.5081023573875427
13901 0.46578162908554077 0.5035929083824158
13902 0.4677683711051941 0.5020081996917725
13903 0.46758076548576355 0.5054712295532227
13904 0.4660417437553406 0.5015915036201477
13905 0.468445360660553 0.49974390864372253
13906 0.4688892960548401 0.500087320804596
13907 0.4688335061073303 0.4977303147315979
13908 0.4697379469871521 0.4976844787597656
13909 0.46783947944641113 0.4994153380393982
13910 0.47003453969955444 0.49553248286247253
13911 0.46788617968559265 0.4938497841358185
13912 0.47232574224472046 0.4860100746154785
13913 0.47568342089653015 0.4865899384021759
13914 0.47151920199394226 0.4887241721153259
13915 0.47694772481918335 0.4830467402935028
13916 0.4688980281352997 0.49158090353012085
13917 0.4674876034259796 0.4918350577354431
13918 0.4693789780139923 0.4791223704814911
13919 0.470992773771286 0.47939401865005493
13920 0.4708877205848694 0.48322030901908875
13921 0.4691014289855957 0.4835047125816345
13922 0.46774548292160034 0.479021817445755
13923 0.473378449678421 0.4824165999889374
13924 0.47053101658821106 0.48629051446914673
13925 0.4739442467689514 0.4786849319934845
13926 0.468147337436676 0.4893973469734192
13927 0.46665045619010925 0.4895555377006531
13928 0.46703290939331055 0.48677828907966614
13929 0.465530127286911 0.4867745041847229
13930 0.4673001766204834 0.4836414158344269
13931 0.4656185507774353 0.4835776686668396
13932 0.46871164441108704 0.4866155982017517
13933 0.46978113055229187 0.4890531897544861
13934 0.4713299870491028 0.4930543303489685
13935 0.47095754742622375 0.4951348900794983
13936 0.47067907452583313 0.4980635941028595
13937 0.4696846306324005 0.5012941360473633
13938 0.46817776560783386 0.5076406598091125
13939 0.4671725928783417 0.5109186768531799
13940 0.45726993680000305 0.5355944037437439
13941 0.4522869884967804 0.5336422324180603
13942 0.4544816315174103 0.5325713753700256
13943 0.4615630507469177 0.5345564484596252
13944 0.45897677540779114 0.5330817699432373
13945 0.4654281437397003 0.5308563709259033
13946 0.4624278247356415 0.5308351516723633
13947 0.4400715231895447 0.5276526808738708
13948 0.4432942867279053 0.5273252129554749
13949 0.44678208231925964 0.5303937792778015
13950 0.4285115599632263 0.5243276953697205
13951 0.43198782205581665 0.5244708061218262
13952 0.4339015781879425 0.526925802230835
13953 0.4232848286628723 0.5199161171913147
13954 0.4268219769001007 0.5210113525390625
13955 0.44954702258110046 0.5297073721885681
13956 0.43730786442756653 0.5258724093437195
13957 0.463120698928833 0.5270586609840393
13958 0.4601798355579376 0.5299453139305115
13959 0.4611251652240753 0.5265015959739685
13960 0.456373929977417 0.5308923125267029
13961 0.45799562335014343 0.5285506844520569
13962 0.45189836621284485 0.5293102860450745
13963 0.4539344012737274 0.5283179879188538
13964 0.44699904322624207 0.5258374214172363
13965 0.44930601119995117 0.5261746048927307
13966 0.44140297174453735 0.5231120586395264
13967 0.44429734349250793 0.5223641991615295
13968 0.4353988468647003 0.5237836241722107
13969 0.4390011429786682 0.5211287140846252
13970 0.43034595251083374 0.5214064121246338
13971 0.4334714412689209 0.5218034386634827
13972 0.4254341721534729 0.5176648497581482
13973 0.42857474088668823 0.518679678440094
13974 0.4192337393760681 0.5132685303688049
13975 0.42223456501960754 0.5158728957176208
13976 0.44457653164863586 0.5204334259033203
13977 0.4424437880516052 0.519165575504303
13978 0.44718337059020996 0.5215545296669006
13979 0.4491656422615051 0.5242452025413513
13980 0.45128485560417175 0.5241230130195618
13981 0.45532605051994324 0.5243019461631775
13982 0.45351749658584595 0.5253655314445496
13983 0.4586940407752991 0.5233485698699951
13984 0.4573545753955841 0.5251660346984863
13985 0.4611015319824219 0.5208434462547302
13986 0.4603273272514343 0.5232977271080017
13987 0.43264439702033997 0.5174534320831299
13988 0.42985862493515015 0.516843855381012
13989 0.42850998044013977 0.5141605734825134
13990 0.4377388656139374 0.5188187956809998
13991 0.4351041615009308 0.5188143849372864
13992 0.4396824836730957 0.5192216038703918
13993 0.46865299344062805 0.5256368517875671
13994 0.4657762348651886 0.5269045233726501
13995 0.46843835711479187 0.5216206908226013
13996 0.4681360423564911 0.5176935791969299
13997 0.46590656042099 0.5230026245117188
13998 0.4658830165863037 0.5191794037818909
13999 0.46359702944755554 0.5232066512107849
14000 0.4677598178386688 0.5140835642814636
14001 0.4630703628063202 0.5173386931419373
14002 0.46250003576278687 0.5202636122703552
14003 0.4647464156150818 0.5132492184638977
14004 0.46432119607925415 0.5165346264839172
14005 0.46587422490119934 0.5118560194969177
14006 0.4658510982990265 0.51539546251297
14007 0.46397966146469116 0.5196971893310547
14008 0.46186181902885437 0.5232868790626526
14009 0.4592738449573517 0.5260131359100342
14010 0.45572394132614136 0.5269607901573181
14011 0.4514954686164856 0.5259886384010315
14012 0.447116881608963 0.5233228802680969
14013 0.44202378392219543 0.5206203460693359
14014 0.43714433908462524 0.5194033980369568
14015 0.4316442012786865 0.5191240310668945
14016 0.42704418301582336 0.51570063829422
14017 0.44011643528938293 0.5053935647010803
14018 0.44147592782974243 0.505038321018219
14019 0.4404923915863037 0.5054507851600647
14020 0.4393523037433624 0.5057199597358704
14021 0.4420144259929657 0.5047368407249451
14022 0.442277193069458 0.5049429535865784
14023 0.44073015451431274 0.5072826743125916
14024 0.44002366065979004 0.5067258477210999
14025 0.4408125579357147 0.5070231556892395
14026 0.4415321946144104 0.5052151083946228
14027 0.44000619649887085 0.5056679844856262
14028 0.43998101353645325 0.5063478946685791
14029 0.44059088826179504 0.5048956274986267
14030 0.44109272956848145 0.5045848488807678
14031 0.4416978359222412 0.5045341849327087
14032 0.4410748779773712 0.5049154162406921
14033 0.43950963020324707 0.5061726570129395
14034 0.43945762515068054 0.5064713954925537
14035 0.4212794899940491 0.5116451382637024
14036 0.42416098713874817 0.5139617323875427
14037 0.43551093339920044 0.49920815229415894
14038 0.43263864517211914 0.4979361891746521
14039 0.43354231119155884 0.493996798992157
14040 0.4404754340648651 0.5046520829200745
14041 0.4360418915748596 0.5039503574371338
14042 0.4369167983531952 0.5024449229240417
14043 0.4344976246356964 0.5015320181846619
14044 0.43280717730522156 0.48327183723449707
14045 0.43154376745224 0.48794931173324585
14046 0.428049772977829 0.4878228008747101
14047 0.42872852087020874 0.4807562530040741
14048 0.42516613006591797 0.48132485151290894
14049 0.42880484461784363 0.4730740189552307
14050 0.43226009607315063 0.47460514307022095
14051 0.43525177240371704 0.48366808891296387
14052 0.42139962315559387 0.489179402589798
14053 0.4247874915599823 0.48824164271354675
14054 0.4343366324901581 0.4890947937965393
14055 0.43039458990097046 0.49294334650039673
14056 0.42708975076675415 0.4922811686992645
14057 0.42378851771354675 0.49257367849349976
14058 0.4182409644126892 0.4904146194458008
14059 0.41519349813461304 0.49161025881767273
14060 0.4144113063812256 0.5042296051979065
14061 0.41254904866218567 0.5022986531257629
14062 0.415312796831131 0.4958694279193878
14063 0.4130554795265198 0.4968816936016083
14064 0.41776061058044434 0.49477189779281616
14065 0.420555055141449 0.49351879954338074
14066 0.417632520198822 0.4985697567462921
14067 0.4154970943927765 0.4988846778869629
14068 0.4163993000984192 0.5068366527557373
14069 0.41871386766433716 0.5091676712036133
14070 0.41631343960762024 0.5040650963783264
14071 0.41481736302375793 0.5031461119651794
14072 0.41828590631484985 0.5051865577697754
14073 0.42050981521606445 0.5071281790733337
14074 0.4159528911113739 0.5022735595703125
14075 0.417790949344635 0.5026816725730896
14076 0.4388294816017151 0.5069285035133362
14077 0.44053128361701965 0.5074343681335449
14078 0.4383034408092499 0.5072929263114929
14079 0.4388241469860077 0.5055906772613525
14080 0.43912550806999207 0.5053778290748596
14081 0.44004034996032715 0.5052040219306946
14082 0.4399408996105194 0.5069355964660645
14083 0.4376315772533417 0.5063156485557556
14084 0.436767578125 0.5062165856361389
14085 0.4387851357460022 0.5057163238525391
14086 0.4393198788166046 0.5055847764015198
14087 0.43903881311416626 0.5066209435462952
14088 0.4391346275806427 0.5063892006874084
14089 0.43301650881767273 0.5081775784492493
14090 0.4328870475292206 0.5070319771766663
14091 0.4348583519458771 0.5074552893638611
14092 0.4276666045188904 0.511405885219574
14093 0.4284539818763733 0.5073996186256409
14094 0.43087050318717957 0.5090356469154358
14095 0.4309737980365753 0.5071133971214294
14096 0.4257829189300537 0.5123874545097351
14097 0.4250195026397705 0.5091862082481384
14098 0.4230699837207794 0.5098233819007874
14099 0.43358877301216125 0.5032398700714111
14100 0.43801456689834595 0.5056746006011963
14101 0.4336821734905243 0.5053954124450684
14102 0.43243688344955444 0.5019538402557373
14103 0.42929840087890625 0.5009870529174805
14104 0.4295763373374939 0.4972842037677765
14105 0.42994019389152527 0.5048732161521912
14106 0.4279267489910126 0.5061118006706238
14107 0.42628124356269836 0.5015719532966614
14108 0.4316853880882263 0.5035135746002197
14109 0.4319770038127899 0.5058579444885254
14110 0.4303571581840515 0.5063574910163879
14111 0.43306735157966614 0.505772054195404
14112 0.4321241080760956 0.5063495635986328
14113 0.42908138036727905 0.5063208937644958
14114 0.426268607378006 0.5061522126197815
14115 0.4267173111438751 0.4976884722709656
14116 0.4224098324775696 0.5057704448699951
14117 0.4237792491912842 0.5030249953269958
14118 0.4233166575431824 0.4984419345855713
14119 0.42008107900619507 0.5038769245147705
14120 0.4202170968055725 0.4987454116344452
14121 0.4314571022987366 0.5064488053321838
14122 0.4328606426715851 0.5065065026283264
14123 0.43633177876472473 0.5063273906707764
14124 0.4604921042919159 0.49466797709465027
14125 0.45840269327163696 0.49816757440567017
14126 0.46175047755241394 0.4970089793205261
14127 0.46225976943969727 0.4954722225666046
14128 0.46021386981010437 0.49754074215888977
14129 0.3993363082408905 0.2434673309326172
14130 0.405090868473053 0.2605995833873749
14131 0.39455950260162354 0.2774474620819092
14132 0.4114735424518585 0.21396997570991516
14133 0.4141490161418915 0.23208488523960114
14134 0.39490649104118347 0.3087063729763031
14135 0.4037051796913147 0.3178391456604004
14136 0.3989582359790802 0.33456990122795105
14137 0.4022223949432373 0.29022857546806335
14138 0.4509603679180145 0.1614317148923874
14139 0.4745320975780487 0.15346366167068481
14140 0.46607834100723267 0.1806461215019226
14141 0.43230345845222473 0.2960379421710968
14142 0.43176600337028503 0.314408540725708
14143 0.4267115592956543 0.3066048324108124
14144 0.4286673367023468 0.28554439544677734
14145 0.43613746762275696 0.2759667932987213
14146 0.4328000247478485 0.33198416233062744
14147 0.427367240190506 0.32483431696891785
14148 0.4339236617088318 0.1927497535943985
14149 0.4473235607147217 0.19103170931339264
14150 0.4880504012107849 0.1642608791589737
14151 0.42991873621940613 0.20725716650485992
14152 0.4505278766155243 0.24593761563301086
14153 0.4504902958869934 0.23473966121673584
14154 0.46076494455337524 0.23707856237888336
14155 0.4416714310646057 0.2574523389339447
14156 0.44118043780326843 0.24588999152183533
14157 0.4335002601146698 0.2633877098560333
14158 0.4723820090293884 0.22820666432380676
14159 0.47623583674430847 0.215250626206398
14160 0.4845468997955322 0.22241105139255524
14161 0.4899308383464813 0.2137770801782608
14162 0.46275922656059265 0.2242637723684311
14163 0.4792475402355194 0.18536588549613953
14164 0.48960286378860474 0.19315966963768005
14165 0.4596726894378662 0.1935821920633316
14166 0.4715213477611542 0.19854015111923218
14167 0.4437267482280731 0.2064453512430191
14168 0.45487111806869507 0.2086879163980484
14169 0.4287868142127991 0.2216271311044693
14170 0.44095537066459656 0.21944716572761536
14171 0.416502982378006 0.24682117998600006
14172 0.4294211268424988 0.2354879230260849
14173 0.411467969417572 0.27585265040397644
14174 0.42056038975715637 0.2621077597141266
14175 0.4089464545249939 0.3019867241382599
14176 0.416411817073822 0.2877950370311737
14177 0.4112524390220642 0.32673195004463196
14178 0.4157218337059021 0.3120507001876831
14179 0.4430396854877472 0.3977055251598358
14180 0.44254711270332336 0.4076696038246155
14181 0.4323239028453827 0.41335225105285645
14182 0.437395840883255 0.4152422249317169
14183 0.4376768469810486 0.40520578622817993
14184 0.4212205708026886 0.2979970872402191
14185 0.4217972159385681 0.3192876875400543
14186 0.42502281069755554 0.27501651644706726
14187 0.4306754767894745 0.24965642392635345
14188 0.4407288730144501 0.2324836552143097
14189 0.45189279317855835 0.223068505525589
14190 0.4669368863105774 0.21269658207893372
14191 0.4808538258075714 0.2057974636554718
14192 0.4046321511268616 0.35709378123283386
14193 0.41185861825942993 0.36113810539245605
14194 0.410077303647995 0.37615373730659485
14195 0.4343762695789337 0.3494689464569092
14196 0.4292312264442444 0.3428177833557129
14197 0.4075274169445038 0.3412766754627228
14198 0.41417911648750305 0.34572145342826843
14199 0.4177590012550354 0.3318634331226349
14200 0.41850802302360535 0.365459680557251
14201 0.42078375816345215 0.3509502112865448
14202 0.43712687492370605 0.3679856061935425
14203 0.4319193661212921 0.36226728558540344
14204 0.4151861369609833 0.3947550654411316
14205 0.4167012870311737 0.38033759593963623
14206 0.4264574646949768 0.3564395606517792
14207 0.42995068430900574 0.3755822479724884
14208 0.42438000440597534 0.37061432003974915
14209 0.42170852422714233 0.3974516987800598
14210 0.4212457835674286 0.4093322157859802
14211 0.43914657831192017 0.38312146067619324
14212 0.43532493710517883 0.380385160446167
14213 0.4381992518901825 0.39485102891921997
14214 0.4269856810569763 0.41126561164855957
14215 0.4227192997932434 0.3846564292907715
14216 0.42842864990234375 0.3889332115650177
14217 0.42778444290161133 0.4002433121204376
14218 0.433014839887619 0.4025722146034241
14219 0.4337005317211151 0.3914620280265808
14220 0.4236922562122345 0.33659714460372925
14221 0.41379764676094055 0.5000889301300049
14222 0.41108566522598267 0.4982648491859436
14223 0.40632864832878113 0.4962317943572998
14224 0.4020295739173889 0.49502748250961304
14225 0.39649420976638794 0.49475428462028503
14226 0.38903048634529114 0.4952430725097656
14227 0.38278740644454956 0.5230985283851624
14228 0.3843002915382385 0.5128247141838074
14229 0.38632437586784363 0.5034684538841248
14230 0.3772132396697998 0.5070068836212158
14231 0.37700411677360535 0.4803287982940674
14232 0.37282922863960266 0.4895336925983429
14233 0.383025199174881 0.48853322863578796
14234 0.3798637092113495 0.49704498052597046
14235 0.4640851318836212 0.49933332204818726
14236 0.4636644721031189 0.4990556538105011
14237 0.46339982748031616 0.4985647201538086
14238 0.4627600312232971 0.4977879524230957
14239 0.4622507095336914 0.49713897705078125
14240 0.46497562527656555 0.4999370872974396
14241 0.46451619267463684 0.49969905614852905
14242 0.46524837613105774 0.5030084252357483
14243 0.4656078517436981 0.5022560954093933
14244 0.46538564562797546 0.5014428496360779
14245 0.46563392877578735 0.500868022441864
14246 0.46523359417915344 0.5002890229225159
14247 0.464626282453537 0.5047569870948792
14248 0.4650072753429413 0.5039113163948059
14249 0.4648909866809845 0.5025200843811035
14250 0.4651429355144501 0.5019263625144958
14251 0.465008944272995 0.5011416077613831
14252 0.4651355743408203 0.5007054805755615
14253 0.4648222327232361 0.5001958012580872
14254 0.4644980728626251 0.49988099932670593
14255 0.4642401337623596 0.4997325539588928
14256 0.4643755555152893 0.5041037201881409
14257 0.46468302607536316 0.5032932758331299
14258 0.463195264339447 0.5001741051673889
14259 0.46266958117485046 0.4996125400066376
14260 0.46265843510627747 0.4987867474555969
14261 0.4633778929710388 0.4992222189903259
14262 0.45949262380599976 0.4978199303150177
14263 0.45840951800346375 0.49873775243759155
14264 0.46152618527412415 0.4975314140319824
14265 0.46104246377944946 0.49736690521240234
14266 0.46020957827568054 0.4979862868785858
14267 0.46164295077323914 0.4984759986400604
14268 0.46166545152664185 0.4981989860534668
14269 0.4623832106590271 0.4984341263771057
14270 0.4621412456035614 0.49981504678726196
14271 0.4620819091796875 0.5002288222312927
14272 0.46126219630241394 0.49982303380966187
14273 0.461507111787796 0.4993114769458771
14274 0.46059200167655945 0.49983903765678406
14275 0.46195918321609497 0.4992234408855438
14276 0.4627733528614044 0.500155508518219
14277 0.4594936668872833 0.49944087862968445
14278 0.45867109298706055 0.500842809677124
14279 0.45830971002578735 0.500031054019928
14280 0.4597513973712921 0.4998541474342346
14281 0.4607119858264923 0.4994315505027771
14282 0.46082833409309387 0.49862295389175415
14283 0.46060487627983093 0.49902528524398804
14284 0.46012547612190247 0.4987349510192871
14285 0.4612169563770294 0.49860718846321106
14286 0.46136409044265747 0.4980609714984894
14287 0.46120351552963257 0.49891161918640137
14288 0.4646437466144562 0.5022719502449036
14289 0.4648759067058563 0.5017666816711426
14290 0.4648367762565613 0.5006020665168762
14291 0.4644870460033417 0.5001301169395447
14292 0.46479034423828125 0.5011357665061951
14293 0.4644598364830017 0.5014628767967224
14294 0.4642035663127899 0.5009498596191406
14295 0.46428346633911133 0.5006527900695801
14296 0.46459653973579407 0.5011021494865417
14297 0.4640565514564514 0.5002219080924988
14298 0.46343329548835754 0.5003309845924377
14299 0.46402615308761597 0.4999208450317383
14300 0.46242815256118774 0.5021138787269592
14301 0.46253326535224915 0.5023967623710632
14302 0.46266958117485046 0.5012379288673401
14303 0.462812602519989 0.5014752745628357
14304 0.46285301446914673 0.5005998611450195
14305 0.4628767967224121 0.5018643736839294
14306 0.46281930804252625 0.502368152141571
14307 0.46413519978523254 0.5006585717201233
14308 0.4642772674560547 0.5015320777893066
14309 0.46330350637435913 0.5012183785438538
14310 0.46317073702812195 0.5008262991905212
14311 0.4640381336212158 0.5021091103553772
14312 0.46402356028556824 0.5031256079673767
14313 0.4644186794757843 0.5019585490226746
14314 0.4642980098724365 0.500316321849823
14315 0.49731209874153137 0.4375452697277069
14316 0.4959743320941925 0.4379892647266388
14317 0.4938673675060272 0.4373655617237091
14318 0.49137240648269653 0.43609383702278137
14319 0.4895200729370117 0.43322473764419556
14320 0.48792076110839844 0.42953330278396606
14321 0.48657679557800293 0.42646414041519165
14322 0.48528388142585754 0.4240160286426544
14323 0.48412296175956726 0.42182618379592896
14324 0.4826381206512451 0.41907650232315063
14325 0.4810838997364044 0.41633087396621704
14326 0.4803479015827179 0.4135245680809021
14327 0.47936922311782837 0.41408804059028625
14328 0.47938209772109985 0.41014930605888367
14329 0.47805410623550415 0.41050222516059875
14330 0.4783940315246582 0.40376922488212585
14331 0.4777021110057831 0.39661282300949097
14332 0.4744138717651367 0.37117016315460205
14333 0.4784982204437256 0.3807280659675598
14334 0.47690656781196594 0.38639238476753235
14335 0.4728350341320038 0.36275601387023926
14336 0.4710554778575897 0.35792872309684753
14337 0.46964263916015625 0.3537669777870178
14338 0.4687914550304413 0.34786075353622437
14339 0.46958112716674805 0.34355878829956055
14340 0.47123029828071594 0.33934685587882996
14341 0.47321179509162903 0.3328589200973511
14342 0.4755067527294159 0.3236945867538452
14343 0.478328675031662 0.31430721282958984
14344 0.481551855802536 0.30801525712013245
14345 0.4846300482749939 0.30627962946891785
14346 0.48842260241508484 0.3058328330516815
14347 0.4921727478504181 0.30586063861846924
14348 0.49585583806037903 0.30620166659355164
14349 0.4880700409412384 0.38222238421440125
14350 0.48578909039497375 0.38463351130485535
14351 0.48359447717666626 0.3810123801231384
14352 0.4899366497993469 0.38519832491874695
14353 0.4919927418231964 0.3835282027721405
14354 0.4937252700328827 0.3863869905471802
14355 0.49571090936660767 0.3847672641277313
14356 0.497615784406662 0.38748809695243835
14357 0.481249064207077 0.37376731634140015
14358 0.4878266155719757 0.38769105076789856
14359 0.483524352312088 0.3882612884044647
14360 0.49187520146369934 0.3880250155925751
14361 0.49562665820121765 0.389421671628952
14362 0.4811756908893585 0.3847195506095886
14363 0.47933438420295715 0.3896174132823944
14364 0.4787915349006653 0.414719820022583
14365 0.4592704176902771 0.4987907111644745
14366 0.45725110173225403 0.5005936026573181
14367 0.45553186535835266 0.5019574761390686
14368 0.4541507363319397 0.5005024075508118
14369 0.45250219106674194 0.49981755018234253
14370 0.4503970146179199 0.5015950798988342
14371 0.44797685742378235 0.5018501281738281
14372 0.4453539252281189 0.5014209747314453
14373 0.44333580136299133 0.5036125779151917
14374 0.44165655970573425 0.5043196678161621
14375 0.4397471249103546 0.5050559639930725
14376 0.4373311698436737 0.50595623254776
14377 0.43630120158195496 0.5063115954399109
14378 0.43602269887924194 0.5065920948982239
14379 0.4383593201637268 0.5078081488609314
14380 0.4408549964427948 0.5090442299842834
14381 0.44283321499824524 0.5097529292106628
14382 0.4454607665538788 0.5101475119590759
14383 0.4480580985546112 0.5103364586830139
14384 0.4507081210613251 0.5106181502342224
14385 0.4533690810203552 0.5113591551780701
14386 0.45592692494392395 0.5116711258888245
14387 0.45838189125061035 0.5099964737892151
14388 0.4614362120628357 0.5097452998161316
14389 0.46301060914993286 0.5072612762451172
14390 0.46389010548591614 0.5048139691352844
14391 0.46435219049453735 0.502667248249054
14392 0.46466827392578125 0.5016666054725647
14393 0.4644947052001953 0.5005611777305603
14394 0.4642433822154999 0.49993541836738586
14395 0.46387362480163574 0.4994916617870331
14396 0.4630962014198303 0.4987547695636749
14397 0.461946964263916 0.49770423769950867
14398 0.4608476459980011 0.4980465769767761
14399 0.2561817467212677 0.025345368310809135
14400 0.2647702991962433 0.02534535899758339
14401 0.27455374598503113 0.02534535713493824
14402 0.2660292387008667 0.02534535899758339
14403 0.21514366567134857 0.2619553804397583
14404 0.2041940540075302 0.24064791202545166
14405 0.21684131026268005 0.21301327645778656
14406 0.23051905632019043 0.23590470850467682
14407 0.21573972702026367 0.3108794391155243
14408 0.20481109619140625 0.2907348871231079
14409 0.2273184210062027 0.28282782435417175
14410 0.23208416998386383 0.5437707304954529
14411 0.22509072721004486 0.5692910552024841
14412 0.21331211924552917 0.5601367354393005
14413 0.2208862453699112 0.5353309512138367
14414 0.241058349609375 0.12643103301525116
14415 0.23401868343353271 0.10897618532180786
14416 0.24941585958003998 0.08667278289794922
14417 0.257173091173172 0.10138237476348877
14418 0.2586483061313629 0.025345368310809135
14419 0.26952144503593445 0.02534535899758339
14420 0.2919975221157074 0.02534535899758339
14421 0.2687431275844574 0.02534535899758339
14422 0.25379350781440735 0.04228642210364342
14423 0.2774408757686615 0.02612239308655262
14424 0.25995898246765137 0.052859749644994736
14425 0.24235330522060394 0.07481484860181808
14426 0.26473167538642883 0.06024143099784851
14427 0.20756292343139648 0.19351114332675934
14428 0.23168328404426575 0.17086829245090485
14429 0.23760689795017242 0.18669378757476807
14430 0.21090449392795563 0.15517044067382812
14431 0.2475963681936264 0.14509151875972748
14432 0.22327138483524323 0.9371548295021057
14433 0.2470216602087021 0.9271993637084961
14434 0.26258981227874756 0.9545159935951233
14435 0.26813051104545593 0.02534535899758339
14436 0.29261767864227295 0.02534535713493824
14437 0.25833797454833984 0.025345368310809135
14438 0.288772851228714 0.02534535713493824
14439 0.25737264752388 0.025345368310809135
14440 0.2696874439716339 0.7195253372192383
14441 0.2643055021762848 0.7071793079376221
14442 0.2679143249988556 0.7025910019874573
14443 0.27535438537597656 0.7121819853782654
14444 0.27077677845954895 0.6914495229721069
14445 0.2613374888896942 0.6968656182289124
14446 0.26124104857444763 0.6844989061355591
14447 0.26581597328186035 0.7658533453941345
14448 0.256756067276001 0.7481951713562012
14449 0.26732102036476135 0.7411460280418396
14450 0.2768174111843109 0.7573996186256409
14451 0.27663615345954895 0.7336891889572144
14452 0.2606186866760254 0.726077139377594
14453 0.23202775418758392 0.6024681925773621
14454 0.2439498007297516 0.611788809299469
14455 0.24145638942718506 0.633726179599762
14456 0.22801028192043304 0.6258388161659241
14457 0.2530663013458252 0.6432846188545227
14458 0.2518872916698456 0.6601548194885254
14459 0.23998714983463287 0.6547331213951111
14460 0.2632339298725128 0.6670279502868652
14461 0.2519121468067169 0.6776537299156189
14462 0.2647897005081177 0.9152312278747559
14463 0.23229143023490906 0.8994272947311401
14464 0.24985744059085846 0.8880549669265747
14465 0.2752929925918579 0.7857704162597656
14466 0.26190927624702454 0.7965035438537598
14467 0.25297096371650696 0.7765817642211914
14468 0.23774875700473785 0.8646125793457031
14469 0.2553536593914032 0.8570051789283752
14470 0.2678973972797394 0.879705548286438
14471 0.25850942730903625 0.8262620568275452
14472 0.24815991520881653 0.8044599890708923
14473 0.2734390199184418 0.8147463798522949
14474 0.2441004514694214 0.8341397047042847
14475 0.2706856429576874 0.8473485708236694
14476 0.2091822475194931 0.5249701142311096
14477 0.21712757647037506 0.5000147819519043
14478 0.22816452383995056 0.5110816359519958
14479 0.21450971066951752 0.43262335658073425
14480 0.20441362261772156 0.4186367392539978
14481 0.21453414857387543 0.3972049057483673
14482 0.22421731054782867 0.413189172744751
14483 0.22441719472408295 0.4478311538696289
14484 0.21505318582057953 0.4667242169380188
14485 0.20440223813056946 0.455169141292572
14486 0.2572523355484009 0.025345368310809135
14487 0.24895192682743073 0.025345370173454285
14488 0.2580038905143738 0.025345366448163986
14489 0.265121191740036 0.02534535899758339
14490 0.26376888155937195 0.02534535899758339
14491 0.273100346326828 0.02534535713493824
14492 0.2553296387195587 0.025345368310809135
14493 0.2708732783794403 0.02534535899758339
14494 0.25428807735443115 0.025345368310809135
14495 0.2621553838253021 0.025345366448163986
14496 0.25287625193595886 0.025345368310809135
14497 0.26013001799583435 0.025345366448163986
14498 0.26865625381469727 0.02534535899758339
14499 0.26457658410072327 0.02534535899758339
14500 0.25805675983428955 0.025345368310809135
14501 0.2493957281112671 0.025345370173454285
14502 0.2658824622631073 0.02534535899758339
14503 0.25101685523986816 0.025345368310809135
14504 0.23698851466178894 0.5776819586753845
14505 0.21891233325004578 0.5941632390022278
14506 0.20609889924526215 0.4891672134399414
14507 0.22555218636989594 0.47820112109184265
14508 0.20425888895988464 0.38062334060668945
14509 0.21525217592716217 0.3590180277824402
14510 0.22484996914863586 0.37853720784187317
14511 0.22956189513206482 0.33243775367736816
14512 0.20500198006629944 0.3387092351913452
14513 0.235658198595047 0.025345373898744583
14514 0.24633122980594635 0.025345370173454285
14515 0.24677494168281555 0.025345370173454285
14516 0.21261045336723328 0.02534538507461548
14517 0.22443142533302307 0.02534538321197033
14518 0.22426584362983704 0.02534538134932518
14519 0.205895334482193 0.02534538507461548
14520 0.21261045336723328 0.02534538507461548
14521 0.20803500711917877 0.02534538507461548
14522 0.20640936493873596 0.02534538507461548
14523 0.1810457855463028 0.02534538507461548
14524 0.18250644207000732 0.02534538507461548
14525 0.17037104070186615 0.02534538507461548
14526 0.18961118161678314 0.02534538507461548
14527 0.15924090147018433 0.02534538507461548
14528 0.1494920402765274 0.02534538507461548
14529 0.14742185175418854 0.02534538507461548
14530 0.1325201392173767 0.02534538507461548
14531 0.0841202586889267 0.02534538321197033
14532 0.09148168563842773 0.02534538507461548
14533 0.10235454142093658 0.02534538507461548
14534 0.09148168563842773 0.02534538507461548
14535 0.05352294445037842 0.025345368310809135
14536 0.06845021992921829 0.025345372036099434
14537 0.06996753811836243 0.025345372036099434
14538 0.19206832349300385 0.2700079381465912
14539 0.18018829822540283 0.24545466899871826
14540 0.19367140531539917 0.21890820562839508
14541 0.19343256950378418 0.3192939758300781
14542 0.18082000315189362 0.2986951172351837
14543 0.20630109310150146 0.5855435729026794
14544 0.19441184401512146 0.5747055411338806
14545 0.20127081871032715 0.5496153831481934
14546 0.20072123408317566 0.1363132745027542
14547 0.19085131585597992 0.11572457104921341
14548 0.20554092526435852 0.10587675124406815
14549 0.22476039826869965 0.02534538134932518
14550 0.19562329351902008 0.02534538507461548
14551 0.22427424788475037 0.02534538134932518
14552 0.23588183522224426 0.025345372036099434
14553 0.19109155237674713 0.02534538507461548
14554 0.1768580824136734 0.02534538507461548
14555 0.17039717733860016 0.02534538507461548
14556 0.24768425524234772 0.025345370173454285
14557 0.24627074599266052 0.030625952407717705
14558 0.23612166941165924 0.025345372036099434
14559 0.18867696821689606 0.042812079191207886
14560 0.18274451792240143 0.02534538507461548
14561 0.23720356822013855 0.06801217049360275
14562 0.22941863536834717 0.05701884627342224
14563 0.19573833048343658 0.09633772820234299
14564 0.18330524861812592 0.19844287633895874
14565 0.19697651267051697 0.17746621370315552
14566 0.18652546405792236 0.1585891842842102
14567 0.24724602699279785 0.025345370173454285
14568 0.10169584304094315 0.02534538507461548
14569 0.09339714050292969 0.02534538507461548
14570 0.08591412752866745 0.02534538321197033
14571 0.2357165515422821 0.025345373898744583
14572 0.21101294457912445 0.02534538507461548
14573 0.18587614595890045 0.02534538507461548
14574 0.16375893354415894 0.02534538507461548
14575 0.15626312792301178 0.02534538507461548
14576 0.14322131872177124 0.02534538507461548
14577 0.1380634754896164 0.02534538507461548
14578 0.13294528424739838 0.02534538507461548
14579 0.12623904645442963 0.02534538507461548
14580 0.05651327595114708 0.025345368310809135
14581 0.07409364730119705 0.02534538134932518
14582 0.2556493580341339 0.7093501687049866
14583 0.2528165280818939 0.6937671899795532
14584 0.22671355307102203 0.6481592059135437
14585 0.21284177899360657 0.6413174271583557
14586 0.21459412574768066 0.6179594397544861
14587 0.2396993488073349 0.6729990243911743
14588 0.22640468180179596 0.6687592267990112
14589 0.24129316210746765 0.6920942664146423
14590 0.07408910989761353 0.6736140847206116
14591 0.06791012734174728 0.630885124206543
14592 0.08545679599046707 0.6473949551582336
14593 0.06279692053794861 0.303060382604599
14594 0.0627586767077446 0.2334161102771759
14595 0.07508491724729538 0.28012633323669434
14596 0.07335101813077927 0.3226529359817505
14597 0.06095481663942337 0.3453350067138672
14598 0.057516999542713165 0.14683550596237183
14599 0.055440548807382584 0.10493933409452438
14600 0.06944506615400314 0.12450940907001495
14601 0.05217123404145241 0.06479134410619736
14602 0.06710769981145859 0.08420389145612717
14603 0.06047197803854942 0.18534933030605316
14604 0.0735873281955719 0.20977994799613953
14605 0.06536637991666794 0.03948941454291344
14606 0.04956211894750595 0.02534535899758339
14607 0.09449093788862228 0.02534538507461548
14608 0.0794174000620842 0.02534538134932518
14609 0.06425774097442627 0.025345370173454285
14610 0.08025884628295898 0.02534538134932518
14611 0.07129189372062683 0.16536353528499603
14612 0.06119395047426224 0.025345370173454285
14613 0.09148168563842773 0.02534538507461548
14614 0.10830552130937576 0.02534538507461548
14615 0.11023019999265671 0.02534538507461548
14616 0.11553984135389328 0.02534538507461548
14617 0.08555866032838821 0.29981979727745056
14618 0.08609306067228317 0.23125852644443512
14619 0.09732513129711151 0.27551352977752686
14620 0.08525833487510681 0.3455908000469208
14621 0.09719142317771912 0.32188060879707336
14622 0.10208696126937866 0.6566010117530823
14623 0.0966029241681099 0.6167981624603271
14624 0.11205404251813889 0.6299841403961182
14625 0.16599400341510773 0.03513459488749504
14626 0.15820781886577606 0.02534538507461548
14627 0.13211406767368317 0.02534538507461548
14628 0.12455637007951736 0.02534538507461548
14629 0.10270024091005325 0.10015260428190231
14630 0.09281378984451294 0.08127147704362869
14631 0.1040683388710022 0.06061475723981857
14632 0.11608386039733887 0.08087842911481857
14633 0.08004537224769592 0.06045672670006752
14634 0.0924222394824028 0.039195116609334946
14635 0.10735912621021271 0.02534538507461548
14636 0.118529312312603 0.04066437855362892
14637 0.08075643330812454 0.10247426480054855
14638 0.08276352286338806 0.14286546409130096
14639 0.09336858987808228 0.1220843717455864
14640 0.08416864275932312 0.1835785061120987
14641 0.0949907898902893 0.1614995151758194
14642 0.09632260352373123 0.20783878862857819
14643 0.16909098625183105 0.22355720400810242
14644 0.16775262355804443 0.27610257267951965
14645 0.15507811307907104 0.24854137003421783
14646 0.16905762255191803 0.32692596316337585
14647 0.15581846237182617 0.30361810326576233
14648 0.17615610361099243 0.13782547414302826
14649 0.1665383130311966 0.11850422620773315
14650 0.18121123313903809 0.10611999779939651
14651 0.18536534905433655 0.08057603240013123
14652 0.17326651513576508 0.056231386959552765
14653 0.17025330662727356 0.0941607877612114
14654 0.15831123292446136 0.20237518846988678
14655 0.17223232984542847 0.18056915700435638
14656 0.16197897493839264 0.16050176322460175
14657 0.10081643611192703 0.22912809252738953
14658 0.113632932305336 0.26988351345062256
14659 0.10231281816959381 0.29628491401672363
14660 0.14637644588947296 0.2265993356704712
14661 0.14716023206710815 0.28248998522758484
14662 0.13628995418548584 0.2622640132904053
14663 0.14755211770534515 0.33193814754486084
14664 0.1370217353105545 0.31121310591697693
14665 0.11517047137022018 0.3174518048763275
14666 0.10342837125062943 0.34281685948371887
14667 0.11979014426469803 0.6037268042564392
14668 0.13481469452381134 0.6180089116096497
14669 0.12535487115383148 0.6419438719749451
14670 0.11459845304489136 0.11976100504398346
14671 0.10222149640321732 0.14112406969070435
14672 0.1469881683588028 0.13934148848056793
14673 0.1367483288049698 0.11809287965297699
14674 0.14818023145198822 0.09960543364286423
14675 0.15872631967067719 0.07095109671354294
14676 0.14017947018146515 0.0491313673555851
14677 0.13790635764598846 0.08443816006183624
14678 0.10247097909450531 0.18135417997837067
14679 0.1128501370549202 0.20559561252593994
14680 0.14638347923755646 0.180368572473526
14681 0.13552772998809814 0.2039324939250946
14682 0.13569776713848114 0.15894101560115814
14683 0.11377937346696854 0.1596536487340927
14684 0.1251363903284073 0.1384071260690689
14685 0.12708036601543427 0.0992184579372406
14686 0.12884467840194702 0.06301391869783401
14687 0.12428797036409378 0.17810572683811188
14688 0.12432844191789627 0.2277853637933731
14689 0.12599486112594604 0.2904491424560547
14690 0.1266724020242691 0.33870360255241394
14691 0.19071602821350098 0.9157532453536987
14692 0.21000447869300842 0.9093170762062073
14693 0.20123538374900818 0.8777666687965393
14694 0.21950677037239075 0.8716549277305603
14695 0.2113039344549179 0.8459330201148987
14696 0.22707536816596985 0.8410038352012634
14697 0.18327735364437103 0.8829737305641174
14698 0.176399365067482 0.8502236604690552
14699 0.19460219144821167 0.8466604948043823
14700 0.15976275503635406 0.8829522728919983
14701 0.18855725228786469 0.8199139833450317
14702 0.20486174523830414 0.8207707405090332
14703 0.18871809542179108 0.5996857285499573
14704 0.17623768746852875 0.5898022055625916
14705 0.1823514848947525 0.5642579197883606
14706 0.17007197439670563 0.6134818196296692
14707 0.15731008350849152 0.6024355292320251
14708 0.16323508322238922 0.5772894024848938
14709 0.1501397043466568 0.6276988387107849
14710 0.14371030032634735 0.5902609825134277
14711 0.24416781961917877 0.7121299505233765
14712 0.24962055683135986 0.7309199571609497
14713 0.21220017969608307 0.6651933789253235
14714 0.19724200665950775 0.6587013602256775
14715 0.1995018869638443 0.6328144669532776
14716 0.2277371734380722 0.691467821598053
14717 0.23158620297908783 0.7137765884399414
14718 0.21383728086948395 0.689028799533844
14719 0.23705197870731354 0.7349624633789062
14720 0.2446456104516983 0.7549943327903748
14721 0.09962351620197296 0.7666983008384705
14722 0.08716890215873718 0.7216761112213135
14723 0.10622298717498779 0.7342886328697205
14724 0.1334356814622879 0.8057231307029724
14725 0.1345682293176651 0.8452850580215454
14726 0.11413703858852386 0.801091730594635
14727 0.12359200417995453 0.7426428198814392
14728 0.11371629685163498 0.7013968825340271
14729 0.12961004674434662 0.7118594646453857
14730 0.15513992309570312 0.7840585708618164
14731 0.15281127393245697 0.8123950958251953
14732 0.13648147881031036 0.776491105556488
14733 0.14568744599819183 0.7257629632949829
14734 0.13601993024349213 0.6850159168243408
14735 0.15359032154083252 0.6981818675994873
14736 0.15366877615451813 0.8501309156417847
14737 0.17120374739170074 0.8194336295127869
14738 0.21895922720432281 0.8172387480735779
14739 0.23314127326011658 0.811116099357605
14740 0.1706368774175644 0.79201740026474
14741 0.18479835987091064 0.7967597246170044
14742 0.1716489940881729 0.768009603023529
14743 0.15660907328128815 0.7587780356407166
14744 0.1608489751815796 0.668599009513855
14745 0.17701607942581177 0.681415319442749
14746 0.17010344564914703 0.7096477150917053
14747 0.22539068758487701 0.7884679436683655
14748 0.23967120051383972 0.7819890379905701
14749 0.19879259169101715 0.7970108985900879
14750 0.21265065670013428 0.794486939907074
14751 0.18757449090480804 0.7604647874832153
14752 0.18398739397525787 0.7754458785057068
14753 0.176676407456398 0.7466906905174255
14754 0.19411395490169525 0.7771909236907959
14755 0.20551669597625732 0.7729526162147522
14756 0.21793709695339203 0.7660425901412964
14757 0.19588810205459595 0.6873941421508789
14758 0.18087464570999146 0.6507508158683777
14759 0.23093628883361816 0.7608023285865784
14760 0.19769510626792908 0.751038134098053
14761 0.22372962534427643 0.7377632856369019
14762 0.21773801743984222 0.7140464782714844
14763 0.2007724940776825 0.7167453765869141
14764 0.20950235426425934 0.7436203360557556
14765 0.1871097981929779 0.7288932204246521
14766 0.16174733638763428 0.7337260246276855
14767 0.14080572128295898 0.7487649321556091
14768 0.11664902418851852 0.7701024413108826
14769 0.18947841227054596 0.5384636521339417
14770 0.19745075702667236 0.5136258602142334
14771 0.19408643245697021 0.40408509969711304
14772 0.19359475374221802 0.44282621145248413
14773 0.1826290488243103 0.42843300104141235
14774 0.16987156867980957 0.5525349974632263
14775 0.17704977095127106 0.5272345542907715
14776 0.17183762788772583 0.41505932807922363
14777 0.17208978533744812 0.45316749811172485
14778 0.16034390032291412 0.43928903341293335
14779 0.1515711396932602 0.5630832314491272
14780 0.15651656687259674 0.538881242275238
14781 0.19504119455814362 0.47710734605789185
14782 0.1839788258075714 0.4655393958091736
14783 0.1624501347541809 0.47704097628593445
14784 0.17451606690883636 0.4903366267681122
14785 0.05840849131345749 0.44581103324890137
14786 0.07048210501670837 0.46734803915023804
14787 0.057216670364141464 0.4864473044872284
14788 0.07907985895872116 0.6003653407096863
14789 0.060740046203136444 0.5782395005226135
14790 0.08398883044719696 0.4441053569316864
14791 0.09717613458633423 0.4639315605163574
14792 0.08482760190963745 0.48509982228279114
14793 0.09000478684902191 0.5706282258033752
14794 0.10642088204622269 0.5856704711914062
14795 0.11786437034606934 0.45751357078552246
14796 0.10685878992080688 0.4794158935546875
14797 0.10706967115402222 0.44097593426704407
14798 0.11317040026187897 0.5602135062217712
14799 0.12882955372333527 0.5766071677207947
14800 0.13076265156269073 0.4726729691028595
14801 0.12906993925571442 0.43323367834091187
14802 0.1399884670972824 0.4489465057849884
14803 0.1373608559370041 0.550022542476654
14804 0.1495821624994278 0.4231157600879669
14805 0.14987175166606903 0.4623388648033142
14806 0.15275751054286957 0.501359224319458
14807 0.14275802671909332 0.48680323362350464
14808 0.13346756994724274 0.51235431432724
14809 0.12077879160642624 0.4972434341907501
14810 0.09927317500114441 0.5026012063026428
14811 0.1101066991686821 0.5221924781799316
14812 0.07222902029752731 0.5107621550559998
14813 0.08682895451784134 0.5295566916465759
14814 0.05887734889984131 0.535541296005249
14815 0.16154776513576508 0.02534538507461548
14816 0.15024346113204956 0.02534538507461548
14817 0.1619056910276413 0.02534538507461548
14818 0.1732124239206314 0.02534538507461548
14819 0.14695346355438232 0.02534538507461548
14820 0.13186655938625336 0.02534538507461548
14821 0.14668354392051697 0.02534538507461548
14822 0.11696683615446091 0.02534538507461548
14823 0.1015499159693718 0.02534538507461548
14824 0.11674332618713379 0.02534538507461548
14825 0.09148168563842773 0.02534538507461548
14826 0.08594579249620438 0.02534538321197033
14827 0.09148168563842773 0.02534538507461548
14828 0.06875383108854294 0.025345372036099434
14829 0.05110881105065346 0.02534535899758339
14830 0.06854365766048431 0.025345373898744583
14831 0.03388458117842674 0.02534535527229309
14832 0.033413320779800415 0.02534535527229309
14833 0.19627836346626282 0.02534538507461548
14834 0.20748403668403625 0.02534538507461548
14835 0.21261045336723328 0.02534538507461548
14836 0.20784342288970947 0.02534538507461548
14837 0.18533946573734283 0.02534538507461548
14838 0.18508636951446533 0.02534538507461548
14839 0.23073138296604156 0.02534538134932518
14840 0.24036750197410583 0.025345373898744583
14841 0.24024727940559387 0.025345372036099434
14842 0.22133919596672058 0.02534538321197033
14843 0.21261045336723328 0.02534538507461548
14844 0.22115948796272278 0.02534538134932518
14845 0.21261045336723328 0.02534538507461548
14846 0.21261045336723328 0.02534538507461548
14847 0.2126104235649109 0.02534538507461548
14848 0.21261045336723328 0.02534538507461548
14849 0.21261045336723328 0.02534538507461548
14850 0.2126104235649109 0.02534538507461548
14851 0.21261045336723328 0.02534538507461548
14852 0.21261045336723328 0.02534538507461548
14853 0.2126104235649109 0.02534538507461548
14854 0.21261045336723328 0.02534538507461548
14855 0.2126104235649109 0.02534538507461548
14856 0.21261045336723328 0.02534538507461548
14857 0.21261045336723328 0.02534538507461548
14858 0.21261045336723328 0.02534538507461548
14859 0.2126104235649109 0.02534538507461548
14860 0.21261045336723328 0.02534538507461548
14861 0.2126104235649109 0.02534538507461548
14862 0.16383029520511627 0.02534538507461548
14863 0.1797965168952942 0.02534538507461548
14864 0.1527569442987442 0.02534538507461548
14865 0.1745794117450714 0.02534538507461548
14866 0.15024346113204956 0.02534538507461548
14867 0.148051455616951 0.02534538507461548
14868 0.13291718065738678 0.02534538507461548
14869 0.13219790160655975 0.02534538507461548
14870 0.11742831021547318 0.02534538507461548
14871 0.10212850570678711 0.02534538507461548
14872 0.1172337681055069 0.02534538507461548
14873 0.10180014371871948 0.025345386937260628
14874 0.09148168563842773 0.02534538507461548
14875 0.08437223732471466 0.02534538321197033
14876 0.0852619856595993 0.02534538321197033
14877 0.06839727610349655 0.025345372036099434
14878 0.05214318260550499 0.025345368310809135
14879 0.051552414894104004 0.02534535899758339
14880 0.035195302218198776 0.02534535713493824
14881 0.21261045336723328 0.02534538507461548
14882 0.21279636025428772 0.02534538507461548
14883 0.21261045336723328 0.02534538507461548
14884 0.22441206872463226 0.02534538134932518
14885 0.23555542528629303 0.025345373898744583
14886 0.2454683482646942 0.025345370173454285
14887 0.2098437249660492 0.02534538507461548
14888 0.21261045336723328 0.02534538507461548
14889 0.19708193838596344 0.02534538507461548
14890 0.21261045336723328 0.02534538507461548
14891 0.21261045336723328 0.02534538507461548
14892 0.21261045336723328 0.02534538507461548
14893 0.21261045336723328 0.02534538507461548
14894 0.23482130467891693 0.025345372036099434
14895 0.2443978637456894 0.025345372036099434
14896 0.21296477317810059 0.02534538507461548
14897 0.22385738790035248 0.02534538321197033
14898 0.21261045336723328 0.02534538507461548
14899 0.21261045336723328 0.02534538507461548
14900 0.21261045336723328 0.02534538507461548
14901 0.20407558977603912 0.02534538507461548
14902 0.21163758635520935 0.02534538507461548
14903 0.21261045336723328 0.02534538507461548
14904 0.21261045336723328 0.02534538507461548
14905 0.1981966346502304 0.02534538507461548
14906 0.18896067142486572 0.02534538507461548
14907 0.21261045336723328 0.02534538507461548
14908 0.21261045336723328 0.02534538507461548
14909 0.21261045336723328 0.02534538507461548
14910 0.21273575723171234 0.02534538321197033
14911 0.21261045336723328 0.02534538507461548
14912 0.23391008377075195 0.02534538134932518
14913 0.22316303849220276 0.02534538321197033
14914 0.21261045336723328 0.02534538507461548
14915 0.21261045336723328 0.02534538507461548
14916 0.21261045336723328 0.02534538507461548
14917 0.21261045336723328 0.02534538507461548
14918 0.2431109994649887 0.025345372036099434
14919 0.23278595507144928 0.02534538134932518
14920 0.24146093428134918 0.025345372036099434
14921 0.23135331273078918 0.02534538134932518
14922 0.22222962975502014 0.02534538321197033
14923 0.21261045336723328 0.02534538507461548
14924 0.21261045336723328 0.02534538507461548
14925 0.21261045336723328 0.02534538507461548
14926 0.21261045336723328 0.02534538507461548
14927 0.21261045336723328 0.02534538507461548
14928 0.21261045336723328 0.02534538507461548
14929 0.21261045336723328 0.02534538507461548
14930 0.21261045336723328 0.02534538507461548
14931 0.21261045336723328 0.02534538507461548
14932 0.21261045336723328 0.02534538507461548
14933 0.21261045336723328 0.02534538507461548
14934 0.21261045336723328 0.02534538507461548
14935 0.21261045336723328 0.02534538507461548
14936 0.21261045336723328 0.02534538507461548
14937 0.21261045336723328 0.02534538507461548
14938 0.09429234266281128 0.6890523433685303
14939 0.11973244696855545 0.6690831780433655
14940 0.14336000382900238 0.6565992832183838
14941 0.16479136049747467 0.640251100063324
14942 0.1848064512014389 0.6235046982765198
14943 0.20152246952056885 0.6093462109565735
14944 0.0736529752612114 0.5561750531196594
14945 0.10182934254407883 0.5465890765190125
14946 0.1231483742594719 0.5379967093467712
14947 0.14584536850452423 0.5263769626617432
14948 0.1650436669588089 0.5158935189247131
14949 0.18587039411067963 0.5020436644554138
14950 0.19382065534591675 0.36438611149787903
14951 0.18302059173583984 0.3896474540233612
14952 0.17033208906650543 0.373622864484787
14953 0.1595982164144516 0.39844638109207153
14954 0.14872723817825317 0.3814055621623993
14955 0.13928695023059845 0.40755370259284973
14956 0.11870057880878448 0.41730761528015137
14957 0.1290583461523056 0.3923030197620392
14958 0.09684164077043533 0.4208727180957794
14959 0.10535825788974762 0.3976592719554901
14960 0.07155492156744003 0.424226313829422
14961 0.08430366218090057 0.4014632999897003
14962 0.06012449041008949 0.4024491012096405
14963 0.07308140397071838 0.3818495571613312
14964 0.09653360396623611 0.37867477536201477
14965 0.11632020026445389 0.3743191063404083
14966 0.1382390260696411 0.36600959300994873
14967 0.15702642500400543 0.3544948399066925
14968 0.18119749426841736 0.34688133001327515
14969 0.3296097218990326 0.025345372036099434
14970 0.3278695344924927 0.025345372036099434
14971 0.3402925133705139 0.02534537762403488
14972 0.34224531054496765 0.02534538134932518
14973 0.3187620937824249 0.025345370173454285
14974 0.31772419810295105 0.025345370173454285
14975 0.3313256800174713 0.025345372036099434
14976 0.30397316813468933 0.025345366448163986
14977 0.3068445920944214 0.025345368310809135
14978 0.3176593482494354 0.025345368310809135
14979 0.29165947437286377 0.02534535713493824
14980 0.29753896594047546 0.02534535899758339
14981 0.34928369522094727 0.19339174032211304
14982 0.3235147297382355 0.22348998486995697
14983 0.32943400740623474 0.20757463574409485
14984 0.3992830514907837 0.12616561353206635
14985 0.43089887499809265 0.12767739593982697
14986 0.38638031482696533 0.14639292657375336
14987 0.2533297538757324 0.16250194609165192
14988 0.2601270377635956 0.1803787797689438
14989 0.2454218864440918 0.20833180844783783
14990 0.3261498212814331 0.14834356307983398
14991 0.32779666781425476 0.15707074105739594
14992 0.310823529958725 0.17875748872756958
14993 0.30912747979164124 0.1644405722618103
14994 0.2722523510456085 0.07850003987550735
14995 0.27933382987976074 0.09639261662960052
14996 0.26364314556121826 0.11999179422855377
14997 0.34049633145332336 0.06059753894805908
14998 0.36556366086006165 0.08026677370071411
14999 0.3343794643878937 0.1004321426153183
15000 0.32932373881340027 0.08446704596281052
15001 0.31540217995643616 0.10401569306850433
15002 0.3100934326648712 0.08766477555036545
15003 0.32232287526130676 0.06417416781187057
15004 0.39937537908554077 0.06174007058143616
15005 0.4293067157268524 0.0711609423160553
15006 0.39638450741767883 0.08581267297267914
15007 0.3867987394332886 0.07639924436807632
15008 0.44032022356987 0.07664965838193893
15009 0.4399929642677307 0.058973245322704315
15010 0.4688914120197296 0.06988305598497391
15011 0.30604347586631775 0.025345368310809135
15012 0.31484654545783997 0.025345368310809135
15013 0.30090829730033875 0.02534535899758339
15014 0.34245917201042175 0.02534538134932518
15015 0.33085596561431885 0.025345372036099434
15016 0.32609498500823975 0.025345372036099434
15017 0.3386163115501404 0.02534538134932518
15018 0.30740809440612793 0.025345366448163986
15019 0.2932051718235016 0.027056964114308357
15020 0.299064040184021 0.048138536512851715
15021 0.3354049324989319 0.041415125131607056
15022 0.31779178977012634 0.043444208800792694
15023 0.3884146213531494 0.039119210094213486
15024 0.39875996112823486 0.02534538507461548
15025 0.4293760657310486 0.04168199002742767
15026 0.4697692096233368 0.04446830600500107
15027 0.4390218257904053 0.02534538507461548
15028 0.3701040744781494 0.04157012701034546
15029 0.3469967842102051 0.02534538321197033
15030 0.4425897002220154 0.10665680468082428
15031 0.4669049382209778 0.11030079424381256
15032 0.2830774486064911 0.1909453272819519
15033 0.280533105134964 0.17437201738357544
15034 0.3055565059185028 0.15127688646316528
15035 0.3548226058483124 0.165272057056427
15036 0.47932296991348267 0.09514141082763672
15037 0.4800648093223572 0.07132193446159363
15038 0.479186087846756 0.05634400621056557
15039 0.4796432852745056 0.02830192819237709
15040 0.3762912452220917 0.02534538507461548
15041 0.37190186977386475 0.02534538507461548
15042 0.44618871808052063 0.02534538507461548
15043 0.4804237186908722 0.025345370173454285
15044 0.4388015568256378 0.02534538507461548
15045 0.43097326159477234 0.02534538507461548
15046 0.42400819063186646 0.02534538507461548
15047 0.3929324448108673 0.02534538507461548
15048 0.3353142738342285 0.025345373898744583
15049 0.3669567406177521 0.02534538321197033
15050 0.3685815632343292 0.02534538507461548
15051 0.43277648091316223 0.02534538507461548
15052 0.4007680118083954 0.02534538507461548
15053 0.42803236842155457 0.02534538507461548
15054 0.44265058636665344 0.02534538507461548
15055 0.4464688003063202 0.02534538507461548
15056 0.4824848771095276 0.025345368310809135
15057 0.38581931591033936 0.02534538507461548
15058 0.38553011417388916 0.02534538507461548
15059 0.4675901532173157 0.08882326632738113
15060 0.427610844373703 0.10019125044345856
15061 0.3834945857524872 0.11846613883972168
15062 0.34149855375289917 0.12342541664838791
15063 0.32033655047416687 0.12638628482818604
15064 0.3011366128921509 0.1290460079908371
15065 0.26867249608039856 0.1364889293909073
15066 0.2824309170246124 0.9375976920127869
15067 0.3023548424243927 0.9557060599327087
15068 0.3229987919330597 0.9341334104537964
15069 0.34366992115974426 0.9503515958786011
15070 0.30276942253112793 0.9167247414588928
15071 0.283764123916626 0.8985575437545776
15072 0.33840298652648926 0.9120182394981384
15073 0.3180250823497772 0.8966187238693237
15074 0.29934456944465637 0.679349422454834
15075 0.29562023282051086 0.6944302916526794
15076 0.2848113775253296 0.6842508316040039
15077 0.2879558801651001 0.6692973375320435
15078 0.2765379250049591 0.6595948338508606
15079 0.279117226600647 0.6456546783447266
15080 0.28991925716400146 0.6541109681129456
15081 0.31721124053001404 0.21170353889465332
15082 0.2869955599308014 0.2298978716135025
15083 0.2854900360107422 0.21123693883419037
15084 0.27417346835136414 0.23525871336460114
15085 0.2706052362918854 0.2202824503183365
15086 0.25176528096199036 0.22964777052402496
15087 0.23783136904239655 0.25626325607299805
15088 0.28017711639404297 0.7007797956466675
15089 0.27411922812461853 0.6749486327171326
15090 0.2559908330440521 0.622831404209137
15091 0.26755014061927795 0.6348710060119629
15092 0.26513954997062683 0.6527189612388611
15093 0.2926757335662842 0.639962911605835
15094 0.30398067831993103 0.6474530100822449
15095 0.30136486887931824 0.6647970676422119
15096 0.30981066823005676 0.6909264922142029
15097 0.31327322125434875 0.6739373207092285
15098 0.36159127950668335 0.917750358581543
15099 0.35381174087524414 0.8819526433944702
15100 0.37610864639282227 0.8879380226135254
15101 0.3847942650318146 0.9229888916015625
15102 0.28178074955940247 0.6289775967597961
15103 0.2723577320575714 0.6152593493461609
15104 0.30269286036491394 0.02534535899758339
15105 0.3188861608505249 0.025345370173454285
15106 0.39813554286956787 0.8935637474060059
15107 0.42042988538742065 0.8922481536865234
15108 0.40817707777023315 0.8603640794754028
15109 0.3859841823577881 0.8620643019676208
15110 0.32798469066619873 0.6642212271690369
15111 0.3253959119319916 0.6822494864463806
15112 0.31591203808784485 0.6561766266822815
15113 0.30620041489601135 0.6335673928260803
15114 0.3177317678928375 0.6417161822319031
15115 0.32890453934669495 0.6486292481422424
15116 0.31866684556007385 0.6256915926933289
15117 0.340154230594635 0.6713545322418213
15118 0.4293024241924286 0.8548163771629333
15119 0.4147515594959259 0.8280124664306641
15120 0.29532667994499207 0.6239681243896484
15121 0.28576353192329407 0.6124863624572754
15122 0.30817389488220215 0.6171055436134338
15123 0.2985824644565582 0.6075469851493835
15124 0.310205340385437 0.6014583110809326
15125 0.4868716597557068 0.02534535899758339
15126 0.4765332043170929 0.025345372036099434
15127 0.43577486276626587 0.02534538507461548
15128 0.4395924210548401 0.02534538507461548
15129 0.424334317445755 0.02534538507461548
15130 0.47066089510917664 0.025345373898744583
15131 0.38591551780700684 0.02534538507461548
15132 0.4026936888694763 0.02534538507461548
15133 0.4031548500061035 0.02534538507461548
15134 0.38446366786956787 0.02534538507461548
15135 0.36554664373397827 0.02534538507461548
15136 0.3283478915691376 0.025345372036099434
15137 0.3458678424358368 0.02534538134932518
15138 0.3407747447490692 0.02534538134932518
15139 0.39975520968437195 0.02534538507461548
15140 0.3800148665904999 0.02534538507461548
15141 0.3942095935344696 0.02534538507461548
15142 0.4134655296802521 0.02534538507461548
15143 0.4134655296802521 0.02534538507461548
15144 0.44678547978401184 0.02534538507461548
15145 0.4303116500377655 0.02534538507461548
15146 0.4409213364124298 0.02534538507461548
15147 0.4810284972190857 0.025345370173454285
15148 0.4738054871559143 0.025345372036099434
15149 0.4917266368865967 0.02534535899758339
15150 0.4440838694572449 0.02534538507461548
15151 0.4517422020435333 0.02534538507461548
15152 0.43354564905166626 0.02534538507461548
15153 0.4755917191505432 0.025345373898744583
15154 0.48433801531791687 0.025345368310809135
15155 0.49531257152557373 0.02534535899758339
15156 0.4134655296802521 0.02534538507461548
15157 0.41486817598342896 0.02534538507461548
15158 0.4086568355560303 0.02534538507461548
15159 0.3318617641925812 0.025345373898744583
15160 0.3441321551799774 0.02534538134932518
15161 0.34589460492134094 0.02534538321197033
15162 0.35796666145324707 0.02534538507461548
15163 0.35902172327041626 0.02534538507461548
15164 0.35457801818847656 0.02534538321197033
15165 0.35678669810295105 0.02534538507461548
15166 0.3611058294773102 0.02534538507461548
15167 0.367233544588089 0.02534538507461548
15168 0.4015732705593109 0.02534538507461548
15169 0.3876378834247589 0.02534538507461548
15170 0.31180503964424133 0.025345368310809135
15171 0.31770431995391846 0.7562487125396729
15172 0.30817487835884094 0.7740830779075623
15173 0.2965414524078369 0.7613579034805298
15174 0.3054717779159546 0.7449824810028076
15175 0.30659839510917664 0.7049828767776489
15176 0.3005690276622772 0.7216425538063049
15177 0.29004228115081787 0.7111124992370605
15178 0.3217521905899048 0.6994280815124512
15179 0.3177497684955597 0.7152175307273865
15180 0.3370709717273712 0.7491546273231506
15181 0.3301529884338379 0.7661685347557068
15182 0.3242638409137726 0.7401022911071777
15183 0.33760666847229004 0.6892229318618774
15184 0.33396032452583313 0.706632137298584
15185 0.3499942123889923 0.6948750019073486
15186 0.3560417890548706 0.7348280549049377
15187 0.350193053483963 0.7555817365646362
15188 0.34266284108161926 0.7299423813819885
15189 0.3696898818016052 0.7382507920265198
15190 0.360294371843338 0.7159066796302795
15191 0.34682467579841614 0.7112632393836975
15192 0.3295551538467407 0.7232123017311096
15193 0.31172096729278564 0.7302135825157166
15194 0.29372313618659973 0.7335854172706604
15195 0.35933706164360046 0.8260344862937927
15196 0.3467203974723816 0.8503903746604919
15197 0.3294196128845215 0.8433003425598145
15198 0.3424958884716034 0.8193913102149963
15199 0.3328375816345215 0.875200629234314
15200 0.3645435571670532 0.8560233116149902
15201 0.3762663006782532 0.831540048122406
15202 0.39377811551094055 0.8311175107955933
15203 0.40091678500175476 0.8041208982467651
15204 0.38398024439811707 0.8063613176345825
15205 0.3674718141555786 0.8061514496803284
15206 0.39094069600105286 0.7799711227416992
15207 0.29802772402763367 0.7887653112411499
15208 0.32058581709861755 0.7849664092063904
15209 0.31050875782966614 0.8022765517234802
15210 0.287252277135849 0.7735561728477478
15211 0.28576716780662537 0.8024811744689941
15212 0.3430600166320801 0.774690568447113
15213 0.3351844549179077 0.7928586006164551
15214 0.3640249967575073 0.7591938376426697
15215 0.35829636454582214 0.780910849571228
15216 0.37955304980278015 0.759294867515564
15217 0.37445804476737976 0.781260073184967
15218 0.3511790633201599 0.8001307845115662
15219 0.326033353805542 0.8116998076438904
15220 0.28613659739494324 0.7474355101585388
15221 0.283943772315979 0.7235331535339355
15222 0.31654787063598633 0.8632482886314392
15223 0.301293283700943 0.8481740355491638
15224 0.31357499957084656 0.8329620957374573
15225 0.29984259605407715 0.8809777498245239
15226 0.29900839924812317 0.8177575469017029
15227 0.28505539894104004 0.8647252321243286
15228 0.2872093915939331 0.8319806456565857
15229 0.3018878996372223 0.5920764803886414
15230 0.3042501211166382 0.5781964659690857
15231 0.2497517168521881 0.5859881043434143
15232 0.26188230514526367 0.5993956923484802
15233 0.27728071808815 0.5982649326324463
15234 0.27131059765815735 0.5795583128929138
15235 0.2904408276081085 0.5960846543312073
15236 0.28374171257019043 0.5819633603096008
15237 0.29488658905029297 0.5810309052467346
15238 0.2786421477794647 0.5660672783851624
15239 0.26779377460479736 0.5549506545066833
15240 0.2768598794937134 0.5466623306274414
15241 0.2989397346973419 0.5674636363983154
15242 0.3026316463947296 0.5546256899833679
15243 0.28925612568855286 0.5690550804138184
15244 0.29503586888313293 0.5560140609741211
15245 0.2861476242542267 0.5537938475608826
15246 0.24065640568733215 0.31066039204597473
15247 0.25049471855163574 0.2809375524520874
15248 0.2798883020877838 0.25032302737236023
15249 0.2819662392139435 0.28886058926582336
15250 0.2685498893260956 0.26572680473327637
15251 0.301479309797287 0.25232788920402527
15252 0.2958964407444 0.2796127498149872
15253 0.30020859837532043 0.2979162037372589
15254 0.2993136942386627 0.3184017241001129
15255 0.29350271821022034 0.30420124530792236
15256 0.3115274906158447 0.27828896045684814
15257 0.3105607330799103 0.2517506778240204
15258 0.29364755749702454 0.328837126493454
15259 0.28114035725593567 0.3144780397415161
15260 0.310651034116745 0.31510093808174133
15261 0.30689379572868347 0.2964804172515869
15262 0.2394954115152359 0.5196071267127991
15263 0.24961885809898376 0.5262532830238342
15264 0.24324801564216614 0.5512392520904541
15265 0.2598159611225128 0.530488908290863
15266 0.256229430437088 0.5043463110923767
15267 0.26552459597587585 0.5094947218894958
15268 0.2377244085073471 0.3959651291370392
15269 0.24507655203342438 0.4113960564136505
15270 0.23593726754188538 0.4276692867279053
15271 0.2371702492237091 0.48818010091781616
15272 0.2468726485967636 0.49807122349739075
15273 0.25307324528694153 0.47742050886154175
15274 0.2616206407546997 0.4842190742492676
15275 0.24418926239013672 0.44057705998420715
15276 0.23603667318820953 0.4582185745239258
15277 0.252825528383255 0.4509241580963135
15278 0.25318673253059387 0.425052672624588
15279 0.25903379917144775 0.4357099235057831
15280 0.2572169005870819 0.3997780978679657
15281 0.26115503907203674 0.4129659831523895
15282 0.31446588039398193 0.025345370173454285
15283 0.3260040581226349 0.025345373898744583
15284 0.3158397972583771 0.025345368310809135
15285 0.3036832809448242 0.025345366448163986
15286 0.30171898007392883 0.02534535899758339
15287 0.31227099895477295 0.025345366448163986
15288 0.29194536805152893 0.02534535713493824
15289 0.28888824582099915 0.02534535713493824
15290 0.29834848642349243 0.025345362722873688
15291 0.2784140408039093 0.02534535713493824
15292 0.2844228148460388 0.02534535527229309
15293 0.2815316915512085 0.02534535527229309
15294 0.2734324336051941 0.02534535899758339
15295 0.27123185992240906 0.02534535713493824
15296 0.3052949905395508 0.025345366448163986
15297 0.3067232668399811 0.025345368310809135
15298 0.29590216279029846 0.02534535713493824
15299 0.293600469827652 0.02534535899758339
15300 0.29733964800834656 0.02534535899758339
15301 0.2956569492816925 0.02534535899758339
15302 0.28519919514656067 0.02534535713493824
15303 0.28937843441963196 0.02534535713493824
15304 0.2771203815937042 0.02534535713493824
15305 0.2734193503856659 0.02534535713493824
15306 0.28317591547966003 0.02534535527229309
15307 0.2829415500164032 0.02534535527229309
15308 0.27533650398254395 0.02534535713493824
15309 0.27597737312316895 0.02534535713493824
15310 0.27056875824928284 0.02534535899758339
15311 0.25513508915901184 0.5571748614311218
15312 0.2692922353744507 0.5310000777244568
15313 0.2451496422290802 0.4690859615802765
15314 0.2598216235637665 0.461152046918869
15315 0.25006112456321716 0.3802792727947235
15316 0.2623126804828644 0.3704577088356018
15317 0.2687318027019501 0.38958099484443665
15318 0.24222758412361145 0.3602368235588074
15319 0.25492262840270996 0.34406325221061707
15320 0.27147147059440613 0.3380851149559021
15321 0.276885986328125 0.3688533306121826
15322 0.3807029724121094 0.02534538507461548
15323 0.3735911250114441 0.02534538507461548
15324 0.3633940517902374 0.02534538321197033
15325 0.3355843424797058 0.02534538134932518
15326 0.32113221287727356 0.025345370173454285
15327 0.3127541244029999 0.025345368310809135
15328 0.304447203874588 0.0702940821647644
15329 0.2956903278827667 0.10744637995958328
15330 0.2752460241317749 0.15736280381679535
15331 0.2668878734111786 0.2021184116601944
15332 0.2583487331867218 0.2467803955078125
15333 0.2695954144001007 0.3067159950733185
15334 0.2858414649963379 0.34524405002593994
15335 0.3039168119430542 0.2756824195384979
15336 0.304803729057312 0.31383374333381653
15337 0.3137214183807373 0.22296129167079926
15338 0.33414411544799805 0.18869942426681519
15339 0.34857866168022156 0.14484654366970062
15340 0.37263086438179016 0.09683805704116821
15341 0.3794010877609253 0.0670892521739006
15342 0.3817961513996124 0.02534538507461548
15343 0.3882945775985718 0.02534538507461548
15344 0.4015868306159973 0.02534538507461548
15345 0.4196791648864746 0.02534538507461548
15346 0.42319828271865845 0.02534538507461548
15347 0.42510563135147095 0.025345386937260628
15348 0.308987021446228 0.3290286362171173
15349 0.30420756340026855 0.331011563539505
15350 0.29970404505729675 0.33820822834968567
15351 0.29442596435546875 0.3491525650024414
15352 0.2880198657512665 0.364785373210907
15353 0.28470781445503235 0.3722248375415802
15354 0.27706578373908997 0.38484546542167664
15355 0.27187564969062805 0.3999943435192108
15356 0.2689586877822876 0.40810731053352356
15357 0.2650594413280487 0.42415279150009155
15358 0.26453304290771484 0.4411223232746124
15359 0.26496627926826477 0.45089858770370483
15360 0.26571235060691833 0.4686298668384552
15361 0.2689838707447052 0.4847852885723114
15362 0.2710137367248535 0.4935902953147888
15363 0.27430352568626404 0.5106750130653381
15364 0.2792716920375824 0.5272606015205383
15365 0.2858072519302368 0.5378546118736267
15366 0.29305145144462585 0.5430238246917725
15367 0.2995568811893463 0.5442637801170349
15368 0.037006255239248276 0.02534535527229309
15369 0.03942982852458954 0.02534535713493824
15370 0.043135520070791245 0.02534535713493824
15371 0.047096893191337585 0.02534535899758339
15372 0.11564077436923981 0.02534538507461548
15373 0.6468306183815002 0.28735408186912537
15374 0.6510303616523743 0.2506164610385895
15375 0.6034217476844788 0.5860686302185059
15376 0.6107947826385498 0.597916841506958
15377 0.6125673055648804 0.5728000998497009
15378 0.6207501292228699 0.5817015171051025
15379 0.639286458492279 0.3207560181617737
15380 0.5967872142791748 0.5770654082298279
15381 0.6054133176803589 0.5644237995147705
15382 0.5055174827575684 0.6583366394042969
15383 0.6310136318206787 0.34911149740219116
15384 0.622092068195343 0.3742848038673401
15385 0.5150859355926514 0.6356406807899475
15386 0.5045215487480164 0.6164292097091675
15387 0.5049118995666504 0.6362261772155762
15388 0.6213846802711487 0.5567991733551025
15389 0.6303722858428955 0.5646946430206299
15390 0.613091230392456 0.5493114590644836
15391 0.5170924067497253 0.6564921736717224
15392 0.5137184858322144 0.6165639758110046
15393 0.5089044570922852 0.7254075407981873
15394 0.5207706689834595 0.6810398697853088
15395 0.5081974267959595 0.683734655380249
15396 0.6192286014556885 0.6087727546691895
15397 0.6300628781318665 0.5921235680580139
15398 0.6354260444641113 0.39405620098114014
15399 0.6508684158325195 0.4107188582420349
15400 0.6406434774398804 0.5735595226287842
15401 0.5256010293960571 0.714854896068573
15402 0.6399905681610107 0.6030908226966858
15403 0.5868139863014221 0.5897393226623535
15404 0.6287021636962891 0.6210771799087524
15405 0.5927667021751404 0.6006041765213013
15406 0.5764865875244141 0.5986634492874146
15407 0.5658136010169983 0.6055114269256592
15408 0.5822296142578125 0.6108245253562927
15409 0.5704764127731323 0.6195245981216431
15410 0.5364894866943359 0.6324508190155029
15411 0.5262232422828674 0.6340981721878052
15412 0.540097713470459 0.651293158531189
15413 0.5289359092712402 0.6545181274414062
15414 0.5336509943008423 0.6146818399429321
15415 0.5642459988594055 0.6420242786407471
15416 0.5239163637161255 0.6159991025924683
15417 0.5593823194503784 0.6252316832542419
15418 0.5549713969230652 0.6096847653388977
15419 0.5440513491630554 0.6129041910171509
15420 0.5478389263153076 0.6292588710784912
15421 0.552125871181488 0.646833062171936
15422 0.6425804495811462 0.4599950313568115
15423 0.6454416513442993 0.4363875687122345
15424 0.6619747877120972 0.4231049120426178
15425 0.6561383605003357 0.4633252024650574
15426 0.6601946353912354 0.4416312277317047
15427 0.6650282144546509 0.46809470653533936
15428 0.6465266346931458 0.3668779730796814
15429 0.5374471545219421 0.8245655298233032
15430 0.5537697076797485 0.8020367622375488
15431 0.5180964469909668 0.7704135179519653
15432 0.5352169275283813 0.7548570036888123
15433 0.6614182591438293 0.6246570348739624
15434 0.6499496102333069 0.613409698009491
15435 0.6504616737365723 0.6448217630386353
15436 0.6385190486907959 0.6327990889549255
15437 0.6510875225067139 0.5833656191825867
15438 0.660808801651001 0.5923532247543335
15439 0.6720699071884155 0.6025102138519287
15440 0.5707690715789795 0.6603095531463623
15441 0.5335625410079956 0.67881840467453
15442 0.5454261302947998 0.6737626791000366
15443 0.540843665599823 0.708338737487793
15444 0.5579833388328552 0.6683157682418823
15445 0.5532504916191101 0.7015081644058228
15446 0.5530503392219543 0.7432677149772644
15447 0.5656396150588989 0.7277320623397827
15448 0.56669682264328 0.6913583278656006
15449 0.5788750648498535 0.7147829532623291
15450 0.570293128490448 0.7801439166069031
15451 0.5884735584259033 0.6243054270744324
15452 0.5997098684310913 0.612644612789154
15453 0.6074591875076294 0.6253747940063477
15454 0.6165257096290588 0.6395843029022217
15455 0.5917122960090637 0.6696018576622009
15456 0.5830537676811218 0.6511285305023193
15457 0.576133131980896 0.6341092586517334
15458 0.5954927206039429 0.6392519474029541
15459 0.6265579462051392 0.6528928279876709
15460 0.6031417846679688 0.6868429183959961
15461 0.5797028541564941 0.6812827587127686
15462 0.591582179069519 0.7027416229248047
15463 0.6044985055923462 0.6551627516746521
15464 0.6153067350387573 0.6705392599105835
15465 0.6391503810882568 0.6672146320343018
15466 0.6067229509353638 0.7252041101455688
15467 0.6173787117004395 0.7059922218322754
15468 0.6285613179206848 0.6860488653182983
15469 0.5825510621070862 0.7613586783409119
15470 0.5949770212173462 0.7425374388694763
15471 0.6207071542739868 0.5339020490646362
15472 0.6300732493400574 0.5405404567718506
15473 0.6400448679924011 0.5474035143852234
15474 0.6507241129875183 0.5551853179931641
15475 0.6385661363601685 0.5238509774208069
15476 0.6279969215393066 0.5178052186965942
15477 0.6491546034812927 0.5291265845298767
15478 0.6517379283905029 0.48444226384162903
15479 0.6388489603996277 0.48054665327072144
15480 0.6611375212669373 0.488905131816864
15481 0.6612725853919983 0.5637786388397217
15482 0.6599386930465698 0.5355246067047119
15483 0.6696889400482178 0.5435612201690674
15484 0.6708231568336487 0.5720206499099731
15485 0.6784985065460205 0.551794171333313
15486 0.6806647777557373 0.5801462531089783
15487 0.6867809295654297 0.5590717792510986
15488 0.6339133977890015 0.4995537996292114
15489 0.645401120185852 0.5046008825302124
15490 0.6568402051925659 0.5088768601417542
15491 0.6657963395118713 0.5143163800239563
15492 0.6736944913864136 0.5233620405197144
15493 0.6819992065429688 0.5179972052574158
15494 0.6877292990684509 0.5246362686157227
15495 0.6924622058868408 0.5272108316421509
15496 0.6972638368606567 0.5271468162536621
15497 0.6565901041030884 0.38861560821533203
15498 0.6681705713272095 0.4192681312561035
15499 0.6630696654319763 0.4064674973487854
15500 0.6655100584030151 0.3908322751522064
15501 0.6690482497215271 0.40781688690185547
15502 0.6686865091323853 0.4724293351173401
15503 0.6676081418991089 0.49211031198501587
15504 0.6685054898262024 0.43104586005210876
15505 0.6675898432731628 0.4477173686027527
15506 0.6710633039474487 0.4542709290981293
15507 0.6555008888244629 0.34104013442993164
15508 0.6689955592155457 0.2822186052799225
15509 0.6634373664855957 0.3100232183933258
15510 0.6719527840614319 0.3372061848640442
15511 0.6630576252937317 0.365877628326416
15512 0.67782062292099 0.31315910816192627
15513 0.698644757270813 0.3544621169567108
15514 0.7111164331436157 0.37466946244239807
15515 0.7297797799110413 0.4296451807022095
15516 0.7285575270652771 0.41484010219573975
15517 0.7301557064056396 0.44236791133880615
15518 0.7007907629013062 0.49405333399772644
15519 0.7029281854629517 0.49695661664009094
15520 0.7146591544151306 0.49558383226394653
15521 0.7286263108253479 0.47662973403930664
15522 0.7069781422615051 0.49740391969680786
15523 0.7242488861083984 0.48681795597076416
15524 0.7299314737319946 0.45729926228523254
15525 0.724243700504303 0.3913832902908325
15526 0.7176036238670349 0.38197800517082214
15527 0.72646164894104 0.4030408561229706
15528 0.7032553553581238 0.3651755154132843
15529 0.6854496002197266 0.29781588912010193
15530 0.6767199039459229 0.261843740940094
15531 0.6539992094039917 0.2209542691707611
15532 0.6143556237220764 0.18016889691352844
15533 0.5779637694358826 0.1533893197774887
15534 0.5507785677909851 0.13143056631088257
15535 0.5187821388244629 0.12342298775911331
15536 0.6907666921615601 0.410979300737381
15537 0.7016590237617493 0.4622229039669037
15538 0.6911227107048035 0.4835123121738434
15539 0.6944432258605957 0.4819548726081848
15540 0.6978179812431335 0.47968482971191406
15541 0.7007941007614136 0.47858789563179016
15542 0.7072370052337646 0.4684745967388153
15543 0.7065767645835876 0.4687224328517914
15544 0.7029344439506531 0.4755912125110626
15545 0.6864079236984253 0.48268184065818787
15546 0.6892245411872864 0.44863250851631165
15547 0.6825743913650513 0.4776449501514435
15548 0.6813883781433105 0.47167646884918213
15549 0.6803983449935913 0.45891833305358887
15550 0.687796950340271 0.4458617866039276
15551 0.6896227598190308 0.4416733384132385
15552 0.6813081502914429 0.39811891317367554
15553 0.6838274002075195 0.40163180232048035
15554 0.6868302822113037 0.40641680359840393
15555 0.680805504322052 0.4043315649032593
15556 0.6860565543174744 0.4113495647907257
15557 0.6833512187004089 0.407630980014801
15558 0.6876717209815979 0.49772951006889343
15559 0.691027820110321 0.496415376663208
15560 0.6938352584838867 0.4948800206184387
15561 0.6898899674415588 0.44489774107933044
15562 0.6885156631469727 0.44779422879219055
15563 0.6857093572616577 0.4573495388031006
15564 0.6818786859512329 0.4711637794971466
15565 0.6822143197059631 0.4765036106109619
15566 0.6853635311126709 0.48346513509750366
15567 0.690674901008606 0.4852147102355957
15568 0.693931519985199 0.4835018515586853
15569 0.6972774267196655 0.48084694147109985
15570 0.7003013491630554 0.4787695109844208
15571 0.7026275396347046 0.47585469484329224
15572 0.7060912251472473 0.46914049983024597
15573 0.7045137286186218 0.4397720694541931
15574 0.7047610282897949 0.44718343019485474
15575 0.6883307695388794 0.40118348598480225
15576 0.6924053430557251 0.40578126907348633
15577 0.6971544623374939 0.395774245262146
15578 0.695786714553833 0.39749133586883545
15579 0.7019467949867249 0.4030333161354065
15580 0.7003991603851318 0.40586718916893005
15581 0.6828502416610718 0.3922877609729767
15582 0.6852007508277893 0.3962251543998718
15583 0.6922204494476318 0.39159491658210754
15584 0.6963276863098145 0.41232505440711975
15585 0.7052915096282959 0.4321018159389496
15586 0.7063854336738586 0.43845075368881226
15587 0.7063560485839844 0.4585135579109192
15588 0.7090098261833191 0.4573110342025757
15589 0.7069315910339355 0.4448873698711395
15590 0.707912027835846 0.4578792452812195
15591 0.7075212001800537 0.4298664927482605
15592 0.7094612717628479 0.44360876083374023
15593 0.7089030742645264 0.43689799308776855
15594 0.7083209156990051 0.4440420866012573
15595 0.707755982875824 0.4375469386577606
15596 0.7063424587249756 0.43088242411613464
15597 0.6983820199966431 0.408932089805603
15598 0.6936585307121277 0.40134814381599426
15599 0.6901761889457703 0.39626991748809814
15600 0.6868159770965576 0.3909982144832611
15601 0.709686279296875 0.42871522903442383
15602 0.71077561378479 0.44314712285995483
15603 0.709829568862915 0.45705896615982056
15604 0.7107646465301514 0.43606898188591003
15605 0.6791174411773682 0.3865591883659363
15606 0.6777204275131226 0.4311771094799042
15607 0.6757421493530273 0.4304302930831909
15608 0.6756657361984253 0.4199329614639282
15609 0.6766833066940308 0.4291306436061859
15610 0.6757247447967529 0.42426812648773193
15611 0.6774226427078247 0.42781969904899597
15612 0.6771222949028015 0.42443278431892395
15613 0.6761821508407593 0.4357629418373108
15614 0.6883283853530884 0.4394712448120117
15615 0.6774904727935791 0.4285834729671478
15616 0.6738518476486206 0.45853447914123535
15617 0.6752310395240784 0.4407369792461395
15618 0.683911144733429 0.38672560453414917
15619 0.6828250885009766 0.37404540181159973
15620 0.6809806823730469 0.3802042603492737
15621 0.6862620115280151 0.36995363235473633
15622 0.6778028011322021 0.4321054518222809
15623 0.677788257598877 0.43227794766426086
15624 0.6778028011322021 0.4321054518222809
15625 0.6778028011322021 0.4321054518222809
15626 0.6788657903671265 0.442904531955719
15627 0.6779900193214417 0.43607181310653687
15628 0.6780893206596375 0.4363703429698944
15629 0.6777101755142212 0.44123685359954834
15630 0.6784421801567078 0.4425031840801239
15631 0.6784576177597046 0.43671876192092896
15632 0.681442141532898 0.4716379940509796
15633 0.6791907548904419 0.4581189453601837
15634 0.6785378456115723 0.45777755975723267
15635 0.6781225204467773 0.45814049243927
15636 0.6762163043022156 0.4592413902282715
15637 0.6859601736068726 0.4443507194519043
15638 0.6792604923248291 0.4746739864349365
15639 0.696161150932312 0.49400028586387634
15640 0.7012168765068054 0.4784320890903473
15641 0.7030407786369324 0.47541534900665283
15642 0.7053993344306946 0.479636549949646
15643 0.6869252324104309 0.4961739182472229
15644 0.6818727850914001 0.48667827248573303
15645 0.6827271580696106 0.47829896211624146
15646 0.6819535493850708 0.48224765062332153
15647 0.702740490436554 0.4831296503543854
15648 0.7025448679924011 0.48605573177337646
15649 0.6983984112739563 0.48028290271759033
15650 0.6914752125740051 0.483522891998291
15651 0.6870924830436707 0.48282259702682495
15652 0.6869212985038757 0.4910121560096741
15653 0.6914849877357483 0.488042414188385
15654 0.6916208863258362 0.49396777153015137
15655 0.6871961355209351 0.48645710945129395
15656 0.6949419975280762 0.48229551315307617
15657 0.6943658590316772 0.4923553466796875
15658 0.6998443007469177 0.485429584980011
15659 0.6973206400871277 0.49106478691101074
15660 0.6988994479179382 0.4878537058830261
15661 0.6953209638595581 0.48922085762023926
15662 0.6914530992507935 0.4904305934906006
15663 0.6956543922424316 0.48715928196907043
15664 0.6864538192749023 0.4579927325248718
15665 0.6918870210647583 0.44349363446235657
15666 0.6908590197563171 0.4487369954586029
15667 0.6881411075592041 0.4581058621406555
15668 0.6869508624076843 0.4619838297367096
15669 0.692261815071106 0.4383082389831543
15670 0.6994181871414185 0.4423598647117615
15671 0.6957255005836487 0.451088011264801
15672 0.6879975199699402 0.4645860195159912
15673 0.6840013265609741 0.46885770559310913
15674 0.7019964456558228 0.4416542649269104
15675 0.6801216006278992 0.4115188717842102
15676 0.6822778582572937 0.41071388125419617
15677 0.6842175126075745 0.41161513328552246
15678 0.6864840388298035 0.4137667417526245
15679 0.689444899559021 0.41746461391448975
15680 0.7005240321159363 0.4356633722782135
15681 0.6933475732803345 0.42154160141944885
15682 0.6988505125045776 0.4288426637649536
15683 0.7079441547393799 0.4757325351238251
15684 0.7051413059234619 0.471940815448761
15685 0.7048482894897461 0.4724256098270416
15686 0.7044520378112793 0.4728071391582489
15687 0.7085649967193604 0.4633496403694153
15688 0.7079542875289917 0.4638422131538391
15689 0.7074680924415588 0.46436408162117004
15690 0.7101338505744934 0.4500086307525635
15691 0.7095164060592651 0.4504934549331665
15692 0.7084991931915283 0.4511280357837677
15693 0.7069516181945801 0.45198559761047363
15694 0.7030069828033447 0.42519211769104004
15695 0.7043482065200806 0.42370301485061646
15696 0.7058056592941284 0.42245781421661377
15697 0.7072536945343018 0.42123016715049744
15698 0.6993012428283691 0.4777602553367615
15699 0.6962266564369202 0.4741015136241913
15700 0.6942059397697449 0.47289031744003296
15701 0.6919677257537842 0.47114625573158264
15702 0.6896684765815735 0.47200649976730347
15703 0.6882612705230713 0.4748104214668274
15704 0.685577392578125 0.47102034091949463
15705 0.6885360479354858 0.4680054783821106
15706 0.700616717338562 0.490241140127182
15707 0.6986457109451294 0.49313849210739136
15708 0.6988654136657715 0.47073033452033997
15709 0.704394519329071 0.4935845732688904
15710 0.7040934562683105 0.48717498779296875
15711 0.7074462175369263 0.48371458053588867
15712 0.7048938274383545 0.48222190141677856
15713 0.7073385119438171 0.4790378212928772
15714 0.7047087550163269 0.41247501969337463
15715 0.7030200362205505 0.41475239396095276
15716 0.7011376619338989 0.4169730544090271
15717 0.6993109583854675 0.4178505539894104
15718 0.6773420572280884 0.3792952299118042
15719 0.6786841154098511 0.37256085872650146
15720 0.6852105855941772 0.38059940934181213
15721 0.687500536441803 0.37652304768562317
15722 0.6883718967437744 0.3870909810066223
15723 0.6905438899993896 0.3825206756591797
15724 0.6935335397720337 0.38875502347946167
15725 0.7067925930023193 0.49751853942871094
15726 0.700855016708374 0.4992160201072693
15727 0.6972513198852539 0.4959852397441864
15728 0.695752739906311 0.4949323534965515
15729 0.6934645175933838 0.49514472484588623
15730 0.6909284591674805 0.49595972895622253
15731 0.6875849366188049 0.4974757134914398
15732 0.6761246919631958 0.5078088641166687
15733 0.6785368323326111 0.4577690362930298
15734 0.6805835366249084 0.47286802530288696
15735 0.6821883916854858 0.4803117513656616
15736 0.6872755289077759 0.4841964542865753
15737 0.6915411949157715 0.4850578308105469
15738 0.6953928470611572 0.4846383333206177
15739 0.6993748545646667 0.482575386762619
15740 0.7015774846076965 0.4800916314125061
15741 0.7041572332382202 0.4770779013633728
15742 0.7065121531486511 0.47330623865127563
15743 0.7077653408050537 0.4692615568637848
15744 0.7097330093383789 0.46364831924438477
15745 0.7106173038482666 0.4573490023612976
15746 0.7117594480514526 0.44993239641189575
15747 0.7125446796417236 0.44260653853416443
15748 0.7125981450080872 0.43517690896987915
15749 0.7115245461463928 0.42758408188819885
15750 0.7094851136207581 0.4194469153881073
15751 0.7060415148735046 0.4104425311088562
15752 0.7021956443786621 0.4014713764190674
15753 0.6989195346832275 0.3929760456085205
15754 0.6958979964256287 0.38544753193855286
15755 0.6927730441093445 0.37875568866729736
15756 0.6908883452415466 0.37217381596565247
15757 0.6899470090866089 0.36539769172668457
15758 0.6937674283981323 0.48395484685897827
15759 0.6908898949623108 0.4853256046772003
15760 0.6967383027076721 0.48242780566215515
15761 0.6977618336677551 0.47545918822288513
15762 0.6912458539009094 0.475176066160202
15763 0.6935651302337646 0.47665366530418396
15764 0.6959147453308105 0.4768133759498596
15765 0.6893184781074524 0.3587072789669037
15766 0.6865159273147583 0.3584722578525543
15767 0.6823569536209106 0.3638427257537842
15768 0.6764336824417114 0.3727433979511261
15769 0.6770935654640198 0.368935227394104
15770 0.6807703971862793 0.3655497133731842
15771 0.6815838813781738 0.3536662459373474
15772 0.6894174814224243 0.34077703952789307
15773 0.6954465508460999 0.34548622369766235
15774 0.7097565531730652 0.3788849711418152
15775 0.7005887031555176 0.3673943877220154
15776 0.6956347823143005 0.3651769757270813
15777 0.6925671696662903 0.3411545157432556
15778 0.6926396489143372 0.35777658224105835
15779 0.6865552663803101 0.34406277537345886
15780 0.6846595406532288 0.35673004388809204
15781 0.6880193948745728 0.35272812843322754
15782 0.6902468800544739 0.35352444648742676
15783 0.7037242650985718 0.4341854453086853
15784 0.702106237411499 0.4351236820220947
15785 0.696021318435669 0.4243343472480774
15786 0.6991770267486572 0.4288310408592224
15787 0.7017707824707031 0.4269790053367615
15788 0.6960856318473816 0.4233025908470154
15789 0.6971787810325623 0.42144715785980225
15790 0.6943718194961548 0.41673600673675537
15791 0.6934160590171814 0.4185285270214081
15792 0.6903671026229858 0.4146096706390381
15793 0.6772003173828125 0.42509725689888
15794 0.6868082880973816 0.42676055431365967
15795 0.6894794702529907 0.433228999376297
15796 0.6921796798706055 0.43354228138923645
15797 0.689250111579895 0.41920846700668335
15798 0.6932204365730286 0.42462509870529175
15799 0.697070837020874 0.4317797124385834
15800 0.6979953050613403 0.43624797463417053
15801 0.6972923278808594 0.44243770837783813
15802 0.6950756907463074 0.44978973269462585
15803 0.6889278888702393 0.45988336205482483
15804 0.6846987009048462 0.4660201072692871
15805 0.6820720434188843 0.4669547975063324
15806 0.6804916858673096 0.46749788522720337
15807 0.6802917122840881 0.4672871530056
15808 0.6800352334976196 0.466906875371933
15809 0.6788890361785889 0.466142475605011
15810 0.6774848103523254 0.46806466579437256
15811 0.67564457654953 0.4704807996749878
15812 0.6723246574401855 0.47275805473327637
15813 0.6776462197303772 0.42898109555244446
15814 0.6877202391624451 0.4218101501464844
15815 0.6951166391372681 0.42714670300483704
15816 0.6947301626205444 0.4327160120010376
15817 0.694881021976471 0.43754643201828003
15818 0.6947275400161743 0.44257602095603943
15819 0.6933106184005737 0.4492058753967285
15820 0.6892261505126953 0.458942174911499
15821 0.69383704662323 0.42846792936325073
15822 0.6912699937820435 0.4224797189235687
15823 0.6911982893943787 0.41964542865753174
15824 0.6899958848953247 0.4161204397678375
15825 0.6863374710083008 0.41147398948669434
15826 0.6833624839782715 0.41015633940696716
15827 0.6814844608306885 0.4106060862541199
15828 0.6786073446273804 0.40923377871513367
15829 0.672979474067688 0.4115743637084961
15830 0.6725897789001465 0.41876718401908875
15831 0.6726523637771606 0.4261366128921509
15832 0.6726270318031311 0.43422752618789673
15833 0.6726959943771362 0.44279944896698
15834 0.6744098663330078 0.44726237654685974
15835 0.6763144135475159 0.44907012581825256
15836 0.6781265735626221 0.449282705783844
15837 0.6789166331291199 0.44976192712783813
15838 0.6906940937042236 0.4258683919906616
15839 0.6924252510070801 0.4293505847454071
15840 0.6919522881507874 0.45689746737480164
15841 0.6920664310455322 0.45571860671043396
15842 0.69133061170578 0.4550022482872009
15843 0.6894530653953552 0.4540269374847412
15844 0.6878919005393982 0.4530223309993744
15845 0.6869300007820129 0.45200443267822266
15846 0.6859281659126282 0.450996458530426
15847 0.6845852136611938 0.4497188925743103
15848 0.7015905976295471 0.4755270183086395
15849 0.7038421630859375 0.4731306731700897
15850 0.7054111957550049 0.4695287048816681
15851 0.7062889337539673 0.4644346535205841
15852 0.7017490863800049 0.44990092515945435
15853 0.6966592073440552 0.4545508623123169
15854 0.6976860761642456 0.461662232875824
15855 0.692449688911438 0.46219104528427124
15856 0.6989318132400513 0.4652847647666931
15857 0.7033107876777649 0.4678659439086914
15858 0.7002763152122498 0.4682084619998932
15859 0.70168137550354 0.4707413613796234
15860 0.681932806968689 0.43792736530303955
15861 0.6800482869148254 0.43918925523757935
15862 0.6804918050765991 0.4423646330833435
15863 0.6831721067428589 0.4411308467388153
15864 0.6791989803314209 0.44283390045166016
15865 0.6784283518791199 0.4377935528755188
15866 0.6807594299316406 0.44567200541496277
15867 0.6840411424636841 0.44321340322494507
15868 0.6781752109527588 0.43459904193878174
15869 0.678955614566803 0.43329665064811707
15870 0.6856956481933594 0.4392402172088623
15871 0.6845066547393799 0.43534329533576965
15872 0.6777167916297913 0.4303887188434601
15873 0.6798503398895264 0.4505460262298584
15874 0.6863623857498169 0.4189507067203522
15875 0.6872637867927551 0.4171765148639679
15876 0.6838158965110779 0.4144468605518341
15877 0.6844426989555359 0.4134541153907776
15878 0.6828793883323669 0.4125092625617981
15879 0.6769055724143982 0.4219891428947449
15880 0.6997351050376892 0.4547358453273773
15881 0.72273850440979 0.4389597773551941
15882 0.7203930020332336 0.4168649911880493
15883 0.7221624255180359 0.4291805922985077
15884 0.72551429271698 0.4284902811050415
15885 0.7246623635292053 0.4153134524822235
15886 0.7263665199279785 0.4397960901260376
15887 0.699536919593811 0.4559658169746399
15888 0.6986445784568787 0.459376722574234
15889 0.7252547740936279 0.45155471563339233
15890 0.7002535462379456 0.4490255117416382
15891 0.7011806964874268 0.4546011686325073
15892 0.7016041278839111 0.44844430685043335
15893 0.7224539518356323 0.43881139159202576
15894 0.7219374775886536 0.42913419008255005
15895 0.7205960750579834 0.41761139035224915
15896 0.6987758278846741 0.45934998989105225
15897 0.7000228762626648 0.4593404233455658
15898 0.6978765726089478 0.4622521996498108
15899 0.6984425783157349 0.4645253121852875
15900 0.7199115753173828 0.3958413898944855
15901 0.7173546552658081 0.39868229627609253
15902 0.7162943482398987 0.39053401350975037
15903 0.7129760980606079 0.3901764154434204
15904 0.7215943932533264 0.40443259477615356
15905 0.7187492847442627 0.407615065574646
15906 0.7157964110374451 0.4000678062438965
15907 0.7181216478347778 0.40851861238479614
15908 0.701047956943512 0.389392614364624
15909 0.704459011554718 0.3977547585964203
15910 0.7132799029350281 0.42497557401657104
15911 0.7123786807060242 0.4576955735683441
15912 0.7139718532562256 0.43356823921203613
15913 0.7139590382575989 0.4413192868232727
15914 0.7036924362182617 0.3849441111087799
15915 0.7095897197723389 0.47099700570106506
15916 0.7113181352615356 0.4648022949695587
15917 0.7136579155921936 0.44990700483322144
15918 0.7113221883773804 0.4167059063911438
15919 0.7117149233818054 0.47230851650238037
15920 0.7155336737632751 0.45749250054359436
15921 0.7163341045379639 0.449476033449173
15922 0.7163677215576172 0.43997371196746826
15923 0.7159920930862427 0.4316789507865906
15924 0.7153384685516357 0.4230582118034363
15925 0.713219165802002 0.41357702016830444
15926 0.7135030627250671 0.4662100672721863
15927 0.7085795402526855 0.40738779306411743
15928 0.7072155475616455 0.3941275477409363
15929 0.710935652256012 0.4045866131782532
15930 0.6920445561408997 0.3652392029762268
15931 0.6930717825889587 0.3711905777454376
15932 0.6992678046226501 0.37522709369659424
15933 0.6997976899147034 0.3778708279132843
15934 0.6947250366210938 0.3762892186641693
15935 0.6971912384033203 0.3822641372680664
15936 0.7025203108787537 0.46041351556777954
15937 0.7036024332046509 0.45566922426223755
15938 0.7038524150848389 0.44856375455856323
15939 0.7198799848556519 0.4387209415435791
15940 0.7193156480789185 0.4286911189556122
15941 0.7185732126235962 0.4193286895751953
15942 0.7161441445350647 0.4674004018306732
15943 0.7177493572235107 0.45762425661087036
15944 0.7184240818023682 0.448786199092865
15945 0.7181186079978943 0.43933388590812683
15946 0.7177096009254456 0.4301307201385498
15947 0.7168326377868652 0.4210742712020874
15948 0.7009022235870361 0.4657231271266937
15949 0.7139379978179932 0.4750691056251526
15950 0.6955985426902771 0.3689001798629761
15951 0.7060374617576599 0.3850662112236023
15952 0.7098385095596313 0.39286091923713684
15953 0.6919762492179871 0.3625674843788147
15954 0.6957699060440063 0.36523744463920593
15955 0.6994528770446777 0.3714520037174225
15956 0.7076970338821411 0.38439738750457764
15957 0.7166076898574829 0.4092274606227875
15958 0.7150421142578125 0.40046870708465576
15959 0.7147567272186279 0.41082489490509033
15960 0.7129042148590088 0.40265244245529175
15961 0.7110553979873657 0.39331620931625366
15962 0.6957922577857971 0.3729865849018097
15963 0.6702719330787659 0.38250160217285156
15964 0.6742945909500122 0.3604509234428406
15965 0.6821997761726379 0.3375244438648224
15966 0.6862833499908447 0.32623523473739624
15967 0.6882219314575195 0.5398094058036804
15968 0.6813016533851624 0.5329634547233582
15969 0.7044030427932739 0.4534391760826111
15970 0.7039854526519775 0.45991355180740356
15971 0.6997135877609253 0.473322331905365
15972 0.6979677677154541 0.47114893794059753
15973 0.696254312992096 0.46871083974838257
15974 0.6942071318626404 0.46575722098350525
15975 0.7018301486968994 0.4562249183654785
15976 0.7022984027862549 0.4657136797904968
15977 0.7041345834732056 0.46439212560653687
15978 0.6757510304450989 0.3829043507575989
15979 0.6736311316490173 0.3829823434352875
15980 0.6776707768440247 0.39115452766418457
15981 0.6765005588531494 0.4004839062690735
15982 0.6744574308395386 0.4084474444389343
15983 0.6762624382972717 0.41753607988357544
15984 0.676941990852356 0.42239952087402344
15985 0.677271842956543 0.42611879110336304
15986 0.6733558773994446 0.39742687344551086
15987 0.6707391142845154 0.39965465664863586
15988 0.6802836060523987 0.5031647682189941
15989 0.6730853915214539 0.4913257658481598
15990 0.6775467395782471 0.47711479663848877
15991 0.6824640035629272 0.49222397804260254
15992 0.6774117350578308 0.4860483407974243
15993 0.5476027131080627 0.5818774700164795
15994 0.6052041053771973 0.5223188996315002
15995 0.5039709806442261 0.5996869802474976
15996 0.6121496558189392 0.39495211839675903
15997 0.5914112329483032 0.5692381858825684
15998 0.5994422435760498 0.5571839213371277
15999 0.6102347373962402 0.4261237382888794
16000 0.5867893695831299 0.5622730255126953
16001 0.5999215841293335 0.5360928177833557
16002 0.603114128112793 0.41044095158576965
16003 0.605724036693573 0.541965663433075
16004 0.5944539308547974 0.5510988235473633
16005 0.5034564733505249 0.5848691463470459
16006 0.5119466185569763 0.584051251411438
16007 0.5128275156021118 0.5992177128791809
16008 0.5127667784690857 0.3213547468185425
16009 0.516737163066864 0.3251480162143707
16010 0.5031207799911499 0.31831634044647217
16011 0.506386399269104 0.3183656632900238
16012 0.514388918876648 0.31616538763046265
16013 0.5184274911880493 0.31974536180496216
16014 0.6243039965629578 0.2694886326789856
16015 0.6182286143302917 0.22671309113502502
16016 0.5236073732376099 0.3430693745613098
16017 0.5195302367210388 0.33119112253189087
16018 0.5272701382637024 0.3120708465576172
16019 0.5292412042617798 0.3210581839084625
16020 0.5271264910697937 0.3448761999607086
16021 0.5217078924179077 0.3255860209465027
16022 0.5232293009757996 0.33174657821655273
16023 0.6213716864585876 0.30386534333229065
16024 0.5226381421089172 0.30662110447883606
16025 0.5946446657180786 0.39642930030822754
16026 0.6018893122673035 0.379040390253067
16027 0.5212034583091736 0.33636969327926636
16028 0.5258826017379761 0.3413236737251282
16029 0.6166008710861206 0.3334403336048126
16030 0.5334294438362122 0.34196901321411133
16031 0.532402753829956 0.33545607328414917
16032 0.5307339429855347 0.3288104236125946
16033 0.5245263576507568 0.3370652496814728
16034 0.5228133797645569 0.34005680680274963
16035 0.524812638759613 0.34576696157455444
16036 0.5337916612625122 0.3147876262664795
16037 0.5305061340332031 0.30652952194213867
16038 0.542251467704773 0.14163435995578766
16039 0.5364159941673279 0.3329639136791229
16040 0.5352901816368103 0.3246685266494751
16041 0.5434851050376892 0.31959640979766846
16042 0.5394366383552551 0.32145342230796814
16043 0.6092702150344849 0.35917162895202637
16044 0.542659342288971 0.3067968189716339
16045 0.539404034614563 0.2961665391921997
16046 0.544952929019928 0.33155807852745056
16047 0.5368103981018066 0.3416200578212738
16048 0.5405778884887695 0.34244853258132935
16049 0.544593334197998 0.3433258831501007
16050 0.5702730417251587 0.15865343809127808
16051 0.6000969409942627 0.19047288596630096
16052 0.5087395310401917 0.29403117299079895
16053 0.5047256946563721 0.301505446434021
16054 0.5085886716842651 0.301052987575531
16055 0.5071548223495483 0.31381621956825256
16056 0.503743052482605 0.31375831365585327
16057 0.5094917416572571 0.2595992982387543
16058 0.5047988891601562 0.29539892077445984
16059 0.5043653845787048 0.28482121229171753
16060 0.5254892110824585 0.29964137077331543
16061 0.5198796391487122 0.2941056191921234
16062 0.5045863389968872 0.28075674176216125
16063 0.5010541677474976 0.2962074875831604
16064 0.500533938407898 0.31348058581352234
16065 0.5083680152893066 0.28693631291389465
16066 0.5047521591186523 0.2892707884311676
16067 0.5349104404449463 0.28525984287261963
16068 0.516197919845581 0.26269984245300293
16069 0.5069897174835205 0.2827431857585907
16070 0.5232557654380798 0.2843271493911743
16071 0.5225056409835815 0.26622211933135986
16072 0.5291626453399658 0.27573755383491516
16073 0.5177158117294312 0.30212512612342834
16074 0.5493864417076111 0.34510505199432373
16075 0.5499635934829712 0.3321981728076935
16076 0.5498682856559753 0.31882205605506897
16077 0.548844039440155 0.3050258159637451
16078 0.545896053314209 0.290483295917511
16079 0.5409751534461975 0.2769591808319092
16080 0.5353216528892517 0.2652069926261902
16081 0.5278599858283997 0.25704699754714966
16082 0.5197846293449402 0.2518463134765625
16083 0.5121577382087708 0.24918155372142792
16084 0.5041719675064087 0.24764974415302277
16085 0.5010992288589478 0.29055315256118774
16086 0.5378705263137817 0.31035178899765015
16087 0.5345399975776672 0.30094027519226074
16088 0.5401228666305542 0.33179476857185364
16089 0.5297062993049622 0.2918980121612549
16090 0.5071659684181213 0.2680298984050751
16091 0.5124378800392151 0.2710561752319336
16092 0.5175319910049438 0.2760077118873596
16093 0.5152473449707031 0.2380138635635376
16094 0.5255204439163208 0.24014067649841309
16095 0.5339889526367188 0.24542775750160217
16096 0.5427712202072144 0.25576138496398926
16097 0.5497686862945557 0.27110424637794495
16098 0.5545475482940674 0.2873918414115906
16099 0.5574061274528503 0.303520143032074
16100 0.5575612187385559 0.3201689124107361
16101 0.5570215582847595 0.3345370888710022
16102 0.5555080771446228 0.35092222690582275
16103 0.5042392611503601 0.2356610894203186
16104 0.5090727210044861 0.31924372911453247
16105 0.5105823278427124 0.31416255235671997
16106 0.514092743396759 0.29242464900016785
16107 0.5132047533988953 0.3005828261375427
16108 0.5127120614051819 0.28302931785583496
16109 0.5093368291854858 0.27801477909088135
16110 0.5057505369186401 0.2751578688621521
16111 0.5016619563102722 0.2739942669868469
16112 0.5159797072410583 0.13876672089099884
16113 0.5011133551597595 0.2853115200996399
16114 0.5021215081214905 0.26672494411468506
16115 0.5003213882446289 0.3182877004146576
16116 0.501081109046936 0.3018142879009247
16117 0.5011958479881287 0.28025850653648376
16118 0.5032652616500854 0.25719118118286133
16119 0.582105278968811 0.5552828907966614
16120 0.5899960994720459 0.5451305508613586
16121 0.5266895294189453 0.3499007523059845
16122 0.53586745262146 0.5689743161201477
16123 0.5874875783920288 0.4110722839832306
16124 0.5545834898948669 0.5701934695243835
16125 0.5449528694152832 0.5689522624015808
16126 0.5996588468551636 0.5183244347572327
16127 0.5272705554962158 0.5700602531433105
16128 0.5192967057228088 0.5704160928726196
16129 0.5030063986778259 0.570930004119873
16130 0.5242735743522644 0.3496602177619934
16131 0.536155104637146 0.3507677912712097
16132 0.5948299169540405 0.4230968654155731
16133 0.5326458811759949 0.3501921594142914
16134 0.6007232069969177 0.43659791350364685
16135 0.5430564880371094 0.3554924428462982
16136 0.5487906336784363 0.3593202829360962
16137 0.526006281375885 0.5577768087387085
16138 0.5184649229049683 0.5586613416671753
16139 0.5241972804069519 0.3537619709968567
16140 0.5265206098556519 0.3552558422088623
16141 0.531076192855835 0.35843390226364136
16142 0.534680187702179 0.3596500754356384
16143 0.541253924369812 0.3687340319156647
16144 0.5452314615249634 0.3736920654773712
16145 0.5810312032699585 0.4237150549888611
16146 0.5868525505065918 0.43380990624427795
16147 0.5926606059074402 0.4473310708999634
16148 0.5949152708053589 0.5151900053024292
16149 0.5911742448806763 0.5267617702484131
16150 0.5783860683441162 0.5483685731887817
16151 0.5521296262741089 0.5596024990081787
16152 0.5425242781639099 0.5580447912216187
16153 0.5341048240661621 0.5592634081840515
16154 0.5028246641159058 0.55820232629776
16155 0.5392932295799255 0.3527028262615204
16156 0.5387282967567444 0.3636299967765808
16157 0.5545774698257446 0.3658779561519623
16158 0.5517582297325134 0.38116729259490967
16159 0.5952630043029785 0.5314756631851196
16160 0.5860207080841064 0.5387647151947021
16161 0.5737708806991577 0.5630916357040405
16162 0.570341944694519 0.5543928146362305
16163 0.5651636719703674 0.5675585865974426
16164 0.561675488948822 0.5580363273620605
16165 0.511396586894989 0.5703935027122498
16166 0.510981559753418 0.5579779148101807
16167 0.5492225885391235 0.5499623417854309
16168 0.5047798752784729 0.3797057569026947
16169 0.50141441822052 0.4194313883781433
16170 0.50252366065979 0.4199630320072174
16171 0.5049762725830078 0.3970104157924652
16172 0.5131024718284607 0.4026001989841461
16173 0.5155149698257446 0.41348397731781006
16174 0.5157004594802856 0.4095066785812378
16175 0.5284071564674377 0.37209275364875793
16176 0.5255557894706726 0.38510584831237793
16177 0.5284919142723083 0.3912828862667084
16178 0.5303305983543396 0.3808186650276184
16179 0.5227437019348145 0.35755035281181335
16180 0.5407698750495911 0.5496406555175781
16181 0.5261221528053284 0.4012579321861267
16182 0.5236988663673401 0.3959862291812897
16183 0.5123948454856873 0.3752053380012512
16184 0.5198937654495239 0.41775375604629517
16185 0.5037481784820557 0.41966813802719116
16186 0.518153727054596 0.4200264811515808
16187 0.5003057718276978 0.4414505958557129
16188 0.5906526446342468 0.5126532316207886
16189 0.5761036276817322 0.5408037900924683
16190 0.5289351940155029 0.43275147676467896
16191 0.587324857711792 0.5225929617881775
16192 0.5345109701156616 0.5482771396636963
16193 0.52541184425354 0.5486725568771362
16194 0.5157331824302673 0.5349821448326111
16195 0.509086012840271 0.5357747077941895
16196 0.5131781697273254 0.5260272026062012
16197 0.50794517993927 0.5018701553344727
16198 0.5022799372673035 0.40896129608154297
16199 0.5034157633781433 0.40960556268692017
16200 0.5106502771377563 0.5168913006782532
16201 0.5177329778671265 0.5483910441398621
16202 0.5102646350860596 0.5464391112327576
16203 0.5171748399734497 0.40052175521850586
16204 0.5141589045524597 0.411266028881073
16205 0.5135320425033569 0.4067799150943756
16206 0.5244696140289307 0.35948532819747925
16207 0.5325348377227783 0.3698751628398895
16208 0.5441715121269226 0.3864246904850006
16209 0.5345786809921265 0.4181562662124634
16210 0.5376156568527222 0.40795451402664185
16211 0.537007212638855 0.3906548023223877
16212 0.5408016443252563 0.39668387174606323
16213 0.5476524829864502 0.5410431623458862
16214 0.5727113485336304 0.5344508290290833
16215 0.5174922943115234 0.5258939266204834
16216 0.5269755721092224 0.5381683111190796
16217 0.5204343795776367 0.5319477319717407
16218 0.5401566624641418 0.5409390926361084
16219 0.5834202766418457 0.5195811986923218
16220 0.586703360080719 0.5110362768173218
16221 0.5144932270050049 0.516960620880127
16222 0.5335909724235535 0.5402696132659912
16223 0.5708508491516113 0.4439976215362549
16224 0.5757171511650085 0.43524718284606934
16225 0.5806629657745361 0.44401299953460693
16226 0.5757505893707275 0.4514954090118408
16227 0.5012065172195435 0.3805178105831146
16228 0.5297191143035889 0.36629703640937805
16229 0.5798134803771973 0.4598690867424011
16230 0.5861283540725708 0.45477294921875
16231 0.5268346071243286 0.4305468499660492
16232 0.5398192405700684 0.3802495300769806
16233 0.5309506058692932 0.4112734794616699
16234 0.5338106751441956 0.4014224708080292
16235 0.5423161387443542 0.4875628352165222
16236 0.5440386533737183 0.5031216144561768
16237 0.5668240189552307 0.4515039026737213
16238 0.5718836784362793 0.4584607779979706
16239 0.5757867097854614 0.46683022379875183
16240 0.5216323137283325 0.3643378019332886
16241 0.5195521116256714 0.36217638850212097
16242 0.5159050226211548 0.3667949140071869
16243 0.5119014978408813 0.3703652620315552
16244 0.5032021403312683 0.4198870062828064
16245 0.5009188652038574 0.5004194974899292
16246 0.5002328157424927 0.4192447364330292
16247 0.5203092098236084 0.4235779345035553
16248 0.52825927734375 0.4055217504501343
16249 0.5311322808265686 0.39614179730415344
16250 0.5341001749038696 0.385715126991272
16251 0.5365459322929382 0.3748738765716553
16252 0.5324478149414062 0.4397890269756317
16253 0.5391139388084412 0.4260450303554535
16254 0.5426025390625 0.4161410927772522
16255 0.5482096672058105 0.3951875865459442
16256 0.5461763143539429 0.40519028902053833
16257 0.5043849945068359 0.4931263029575348
16258 0.50732421875 0.49470818042755127
16259 0.5017019510269165 0.42252156138420105
16260 0.5040082931518555 0.41473180055618286
16261 0.5033729076385498 0.4135369062423706
16262 0.5024548172950745 0.41283100843429565
16263 0.501416027545929 0.41247129440307617
16264 0.5140197277069092 0.5096380114555359
16265 0.5094260573387146 0.5099188089370728
16266 0.5010566711425781 0.5091211795806885
16267 0.5133694410324097 0.41017502546310425
16268 0.5084882378578186 0.39740321040153503
16269 0.5082798004150391 0.37790215015411377
16270 0.5078871846199036 0.3737216591835022
16271 0.503368616104126 0.417376846075058
16272 0.5028848648071289 0.41678738594055176
16273 0.502090334892273 0.4163745641708374
16274 0.5012422800064087 0.41604167222976685
16275 0.5421152114868164 0.47113022208213806
16276 0.5501019954681396 0.4711306095123291
16277 0.5495138764381409 0.4899800717830658
16278 0.5607590675354004 0.4953213334083557
16279 0.5602485537528992 0.4750710725784302
16280 0.5636470317840576 0.4620474576950073
16281 0.5549669861793518 0.47183871269226074
16282 0.5533775687217712 0.48969024419784546
16283 0.5572242736816406 0.49337202310562134
16284 0.5825290679931641 0.5323567390441895
16285 0.5786166191101074 0.527718722820282
16286 0.567974865436554 0.5459511280059814
16287 0.5651885271072388 0.5385772585868835
16288 0.5582675933837891 0.5490608811378479
16289 0.555915117263794 0.5403399467468262
16290 0.5447479486465454 0.5119872093200684
16291 0.5360332727432251 0.5067998170852661
16292 0.5370174050331116 0.5084298253059387
16293 0.5352542996406555 0.5050097703933716
16294 0.5390539169311523 0.5106006860733032
16295 0.5419179201126099 0.5113171935081482
16296 0.5484902858734131 0.5126092433929443
16297 0.5510399341583252 0.5126100778579712
16298 0.56117844581604 0.5132079720497131
16299 0.5496748685836792 0.5010958909988403
16300 0.557462215423584 0.5023905038833618
16301 0.5543640851974487 0.51272052526474
16302 0.5527515411376953 0.49942436814308167
16303 0.5552655458450317 0.5009572505950928
16304 0.5586697459220886 0.5140550136566162
16305 0.5505212545394897 0.5103679895401001
16306 0.5443102717399597 0.5035386085510254
16307 0.5593380331993103 0.5099660158157349
16308 0.5451478362083435 0.5100727081298828
16309 0.5396572351455688 0.5081780552864075
16310 0.5565882325172424 0.5038974285125732
16311 0.5374212265014648 0.5049440860748291
16312 0.5380749702453613 0.5065940618515015
16313 0.5374208688735962 0.5033557415008545
16314 0.5495814085006714 0.5023201107978821
16315 0.5422354340553284 0.5096423625946045
16316 0.5482982397079468 0.5102458000183105
16317 0.553370475769043 0.510020911693573
16318 0.5546258687973022 0.5032410025596619
16319 0.5523943901062012 0.5026710629463196
16320 0.5515201091766357 0.5132393836975098
16321 0.5446808338165283 0.503990888595581
16322 0.5534135699272156 0.508969247341156
16323 0.5392831563949585 0.5076358318328857
16324 0.5490278005599976 0.5139198899269104
16325 0.5564805269241333 0.5041435360908508
16326 0.5500003099441528 0.5027759671211243
16327 0.5453552603721619 0.5138472318649292
16328 0.5416104197502136 0.5121971964836121
16329 0.5380046367645264 0.5060337781906128
16330 0.552397608757019 0.5029924511909485
16331 0.5545732975006104 0.5035534501075745
16332 0.5565258860588074 0.5091357231140137
16333 0.502061128616333 0.5365190505981445
16334 0.501366913318634 0.5181980133056641
16335 0.5003921389579773 0.4258687198162079
16336 0.5016742944717407 0.5271953344345093
16337 0.5004793405532837 0.40942883491516113
16338 0.5025773048400879 0.5466123819351196
16339 0.5004626512527466 0.4296099543571472
16340 0.5005868673324585 0.4333055317401886
16341 0.501163899898529 0.404884397983551
16342 0.5006128549575806 0.4915275275707245
16343 0.5002689361572266 0.422635555267334
16344 0.5002262592315674 0.41247522830963135
16345 0.5006932020187378 0.4835510551929474
16346 0.5001831650733948 0.41583138704299927
16347 0.5012049674987793 0.375994473695755
16348 0.5051274299621582 0.4199373722076416
16349 0.5062402486801147 0.4210425913333893
16350 0.5041397213935852 0.4185953140258789
16351 0.5074713230133057 0.5271298885345459
16352 0.504875898361206 0.5010905265808105
16353 0.5064128637313843 0.5175964832305908
16354 0.505748450756073 0.5087795853614807
16355 0.5107799768447876 0.4044652283191681
16356 0.5080469846725464 0.4026299715042114
16357 0.5044949650764465 0.4039801359176636
16358 0.5052646994590759 0.40682291984558105
16359 0.5081578493118286 0.4039831757545471
16360 0.5045876502990723 0.375402569770813
16361 0.6228078603744507 0.4135492146015167
16362 0.5150296688079834 0.41803833842277527
16363 0.5174570083618164 0.4244677722454071
16364 0.5144728422164917 0.42091691493988037
16365 0.516490638256073 0.42839789390563965
16366 0.5023149251937866 0.4294339418411255
16367 0.5021543502807617 0.42575669288635254
16368 0.5076552629470825 0.42519882321357727
16369 0.5070592164993286 0.42327359318733215
16370 0.5067428350448608 0.42206138372421265
16371 0.5025513172149658 0.44219672679901123
16372 0.5023783445358276 0.43316832184791565
16373 0.5040304064750671 0.4254690408706665
16374 0.5031499862670898 0.42245566844940186
16375 0.5040125250816345 0.42186686396598816
16376 0.5045537948608398 0.42095082998275757
16377 0.5081533789634705 0.42738938331604004
16378 0.5083668231964111 0.4310489594936371
16379 0.5110790729522705 0.4522090554237366
16380 0.5042852759361267 0.4419066905975342
16381 0.5043820142745972 0.43256253004074097
16382 0.5043701529502869 0.4287301301956177
16383 0.5056024789810181 0.423109769821167
16384 0.5056324601173401 0.42171359062194824
16385 0.5093861222267151 0.4416491389274597
16386 0.510546088218689 0.44685065746307373
16387 0.5060103535652161 0.42535924911499023
16388 0.506453812122345 0.4281303286552429
16389 0.5065250396728516 0.43183931708335876
16390 0.5067448616027832 0.4418930113315582
16391 0.5216715931892395 0.4351959824562073
16392 0.541718602180481 0.4992239475250244
16393 0.540278434753418 0.48572853207588196
16394 0.5159915089607239 0.4579661190509796
16395 0.5274301767349243 0.4417915344238281
16396 0.5184321403503418 0.46287739276885986
16397 0.5296971201896667 0.4463707506656647
16398 0.5388274192810059 0.4716968834400177
16399 0.5424084663391113 0.5024845600128174
16400 0.5426777005195618 0.5028119683265686
16401 0.5409129858016968 0.5017632246017456
16402 0.5409255027770996 0.5016424655914307
16403 0.5243211388587952 0.45816999673843384
16404 0.5186627507209778 0.4533717930316925
16405 0.518105685710907 0.42635372281074524
16406 0.5178992748260498 0.43203726410865784
16407 0.5252467393875122 0.4485989511013031
16408 0.5266833305358887 0.452077180147171
16409 0.5362443923950195 0.47392725944519043
16410 0.5385624170303345 0.4855741262435913
16411 0.5399678349494934 0.4981445074081421
16412 0.5008568167686462 0.4667992889881134
16413 0.5003671050071716 0.4474045932292938
16414 0.5007835030555725 0.46006837487220764
16415 0.5003104209899902 0.45320621132850647
16416 0.5008168816566467 0.4756677746772766
16417 0.5031858086585999 0.4539872705936432
16418 0.5029288530349731 0.4477905333042145
16419 0.5045557618141174 0.45443639159202576
16420 0.504123330116272 0.4486715793609619
16421 0.5071302652359009 0.4483811855316162
16422 0.5077161192893982 0.45341813564300537
16423 0.512109100818634 0.45702293515205383
16424 0.5038297176361084 0.460778146982193
16425 0.5133811235427856 0.461761474609375
16426 0.5147668719291687 0.46604856848716736
16427 0.5089037418365479 0.45898082852363586
16428 0.5050275921821594 0.46091800928115845
16429 0.5101142525672913 0.4650171995162964
16430 0.512214183807373 0.4701083302497864
16431 0.5070996284484863 0.4880145490169525
16432 0.5043584704399109 0.48582038283348083
16433 0.5073119401931763 0.4806768596172333
16434 0.5045650005340576 0.46831950545310974
16435 0.5090779066085815 0.47381699085235596
16436 0.5047380328178406 0.4774485230445862
16437 0.5062833428382874 0.4677276313304901
16438 0.5149160027503967 0.4541468322277069
16439 0.5178583264350891 0.4499658942222595
16440 0.5193846225738525 0.4286145865917206
16441 0.5187205076217651 0.4267333745956421
16442 0.5140685439109802 0.44903016090393066
16443 0.5205127596855164 0.43202173709869385
16444 0.5170056223869324 0.44522708654403687
16445 0.5135745406150818 0.4455620050430298
16446 0.5191712379455566 0.4365957975387573
16447 0.5166334509849548 0.4395903944969177
16448 0.5184758901596069 0.4334341883659363
16449 0.5193629264831543 0.4395025372505188
16450 0.519934892654419 0.44240957498550415
16451 0.5166299343109131 0.44256365299224854
16452 0.5349303483963013 0.508858859539032
16453 0.5357330441474915 0.5118010640144348
16454 0.5338645577430725 0.5067963004112244
16455 0.5372417569160461 0.5147937536239624
16456 0.5394924879074097 0.5179888010025024
16457 0.5432414412498474 0.5208970904350281
16458 0.5691066980361938 0.5299170017242432
16459 0.5624452829360962 0.5330713391304016
16460 0.5471109747886658 0.5336668491363525
16461 0.540543794631958 0.5344089269638062
16462 0.5351135730743408 0.5341979265213013
16463 0.5301517844200134 0.5319426655769348
16464 0.5268388390541077 0.5278415679931641
16465 0.521815299987793 0.5235905647277832
16466 0.5663546919822693 0.5161983966827393
16467 0.551685094833374 0.5207396149635315
16468 0.5478852987289429 0.5217996835708618
16469 0.5569024085998535 0.5199998617172241
16470 0.5619905591011047 0.52039635181427
16471 0.574866533279419 0.5245074033737183
16472 0.5544673800468445 0.5333915948867798
16473 0.5179169178009033 0.5153387784957886
16474 0.5205584764480591 0.5842074155807495
16475 0.5776652693748474 0.5713545083999634
16476 0.5576838850975037 0.5800578594207764
16477 0.5720607042312622 0.5875648856163025
16478 0.5819860696792603 0.5795681476593018
16479 0.5683261752128601 0.5771577954292297
16480 0.5613613128662109 0.5911211967468262
16481 0.538449764251709 0.5821971893310547
16482 0.5309881567955017 0.5974813103675842
16483 0.5218202471733093 0.599043071269989
16484 0.5285301804542542 0.5832772850990295
16485 0.5507052540779114 0.5945523977279663
16486 0.541113018989563 0.5965209603309631
16487 0.6144880056381226 0.44411033391952515
16488 0.616104245185852 0.4618843197822571
16489 0.6070422530174255 0.4657505452632904
16490 0.6030940413475037 0.5056010484695435
16491 0.6047776937484741 0.45119404792785645
16492 0.5965518951416016 0.45860427618026733
16493 0.5989274978637695 0.4699900150299072
16494 0.5974500179290771 0.5037702322006226
16495 0.5929790735244751 0.50276780128479
16496 0.59001624584198 0.4641847610473633
16497 0.5887632966041565 0.5025467872619629
16498 0.5881390571594238 0.47692540287971497
16499 0.584947407245636 0.46996569633483887
16500 0.5927073955535889 0.4737507998943329
16501 0.5791913866996765 0.47684311866760254
16502 0.6283960342407227 0.43690556287765503
16503 0.6283354759216309 0.459113746881485
16504 0.6070175170898438 0.4794482886791229
16505 0.5996078252792358 0.4809993505477905
16506 0.5941866636276245 0.4826492965221405
16507 0.5900430679321289 0.48596131801605225
16508 0.5797677040100098 0.5173816680908203
16509 0.5833650231361389 0.5099579095840454
16510 0.5468363761901855 0.5035524368286133
16511 0.5463337302207947 0.5030858516693115
16512 0.5462050437927246 0.5022717714309692
16513 0.545433759689331 0.4889942407608032
16514 0.5457730889320374 0.4709671139717102
16515 0.5357562899589539 0.43243739008903503
16516 0.5315689444541931 0.427900493144989
16517 0.5281187295913696 0.4208328127861023
16518 0.5257838368415833 0.4145756661891937
16519 0.5221937894821167 0.411514550447464
16520 0.5223770141601562 0.4037807583808899
16521 0.5165297389030457 0.39508599042892456
16522 0.5125917792320251 0.39366579055786133
16523 0.5084598660469055 0.39254844188690186
16524 0.5049014687538147 0.39272695779800415
16525 0.5013587474822998 0.3948240876197815
16526 0.5458229184150696 0.4981716275215149
16527 0.5496639013290405 0.4978354573249817
16528 0.5531859993934631 0.49799758195877075
16529 0.5561836361885071 0.49914485216140747
16530 0.5587272644042969 0.5003045201301575
16531 0.563947319984436 0.5148325562477112
16532 0.560043215751648 0.5167731046676636
16533 0.555400013923645 0.5156159996986389
16534 0.5513869524002075 0.5162535309791565
16535 0.5478839874267578 0.5209527015686035
16536 0.5440564155578613 0.5159248113632202
16537 0.5411479473114014 0.5139851570129395
16538 0.5383069515228271 0.5121719837188721
16539 0.5365493893623352 0.5095176696777344
16540 0.5354520082473755 0.5077513456344604
16541 0.534737229347229 0.5058038830757141
16542 0.5393475294113159 0.4937155544757843
16543 0.541574239730835 0.4956083297729492
16544 0.5432572960853577 0.49682459235191345
16545 0.512408435344696 0.3352644443511963
16546 0.5096941590309143 0.33354201912879944
16547 0.5101910829544067 0.34294989705085754
16548 0.5101910829544067 0.34294992685317993
16549 0.5101910829544067 0.34294989705085754
16550 0.5101910829544067 0.34294989705085754
16551 0.5101910829544067 0.34294989705085754
16552 0.5101910829544067 0.34294989705085754
16553 0.5101910829544067 0.34294989705085754
16554 0.5101910829544067 0.34294989705085754
16555 0.5101910829544067 0.34294989705085754
16556 0.5029411315917969 0.3407383859157562
16557 0.5052006840705872 0.340116024017334
16558 0.5101910829544067 0.34294986724853516
16559 0.5102715492248535 0.34168368577957153
16560 0.5066245794296265 0.34294989705085754
16561 0.5034173727035522 0.3429507315158844
16562 0.509253740310669 0.34294989705085754
16563 0.5057435035705566 0.3426322042942047
16564 0.5103192925453186 0.34093448519706726
16565 0.5096883773803711 0.3402290642261505
16566 0.5101910829544067 0.34294989705085754
16567 0.5101910829544067 0.34294989705085754
16568 0.5026676654815674 0.33168619871139526
16569 0.5049489140510559 0.33231121301651
16570 0.5178899765014648 0.3413172960281372
16571 0.5159276723861694 0.3388389050960541
16572 0.5188970565795898 0.34257879853248596
16573 0.5004274845123291 0.3315662443637848
16574 0.5020915865898132 0.3429518938064575
16575 0.5101910829544067 0.34294992685317993
16576 0.5101910829544067 0.34294989705085754
16577 0.5102217793464661 0.3424668610095978
16578 0.5187974572181702 0.34260502457618713
16579 0.5010749697685242 0.34295275807380676
16580 0.5101910829544067 0.34294989705085754
16581 0.5101910829544067 0.34294989705085754
16582 0.5187646746635437 0.34240657091140747
16583 0.5101910829544067 0.34294989705085754
16584 0.5101910829544067 0.34294989705085754
16585 0.5205179452896118 0.34470751881599426
16586 0.5200247764587402 0.3427102267742157
16587 0.5195679068565369 0.3422432243824005
16588 0.5191280841827393 0.34085625410079956
16589 0.5168712139129639 0.33752429485321045
16590 0.5130677223205566 0.3329886496067047
16591 0.5104849338531494 0.33073583245277405
16592 0.5053198337554932 0.32796186208724976
16593 0.5028504133224487 0.32768601179122925
16594 0.5160425901412964 0.34463492035865784
16595 0.5160703659057617 0.34458041191101074
16596 0.516438364982605 0.3423294126987457
16597 0.5165655612945557 0.34183746576309204
16598 0.5151016712188721 0.33988821506500244
16599 0.5121116042137146 0.33703044056892395
16600 0.5094118118286133 0.33586910367012024
16601 0.5046877264976501 0.3352811932563782
16602 0.5026527643203735 0.3350536823272705
16603 0.513171374797821 0.3424319624900818
16604 0.5130772590637207 0.342441588640213
16605 0.5130454897880554 0.3422130346298218
16606 0.5131000280380249 0.34178027510643005
16607 0.5134907364845276 0.34102609753608704
16608 0.5121011137962341 0.3391816318035126
16609 0.5094617605209351 0.33766359090805054
16610 0.5048459768295288 0.3377351760864258
16611 0.5026693940162659 0.338119775056839
16612 0.5101910829544067 0.34294989705085754
16613 0.5101910829544067 0.34294992685317993
16614 0.5101910829544067 0.34294989705085754
16615 0.5101910829544067 0.34294989705085754
16616 0.5101910829544067 0.34294989705085754
16617 0.5101910829544067 0.34294989705085754
16618 0.5006598830223083 0.3413878083229065
16619 0.5004350543022156 0.327623575925827
16620 0.5004208087921143 0.33488044142723083
16621 0.5005347728729248 0.3383796215057373
16622 0.5077834129333496 0.32934367656707764
16623 0.5101910829544067 0.34294989705085754
16624 0.5101910829544067 0.34294992685317993
16625 0.507183849811554 0.33734235167503357
16626 0.5074734687805176 0.33975329995155334
16627 0.5080810785293579 0.34268850088119507
16628 0.5073107481002808 0.3326343297958374
16629 0.5070026516914368 0.33529117703437805
16630 0.5016176700592041 0.34295228123664856
16631 0.5049116015434265 0.34294989705085754
16632 0.5072956085205078 0.34294989705085754
16633 0.5099271535873413 0.34294989705085754
16634 0.5101910829544067 0.34294989705085754
16635 0.5101910829544067 0.34294989705085754
16636 0.5101910829544067 0.34294989705085754
16637 0.5101910829544067 0.34294989705085754
16638 0.5101910829544067 0.34294989705085754
16639 0.5101910829544067 0.34294989705085754
16640 0.5101910829544067 0.34294989705085754
16641 0.5210040807723999 0.3448246717453003
16642 0.5203883051872253 0.3427555561065674
16643 0.5206322073936462 0.34193676710128784
16644 0.5203312635421753 0.3402375280857086
16645 0.5177235007286072 0.33625030517578125
16646 0.5140917301177979 0.3312268555164337
16647 0.5109685063362122 0.3284337818622589
16648 0.5079484581947327 0.32681721448898315
16649 0.505578875541687 0.32567575573921204
16650 0.5027165412902832 0.32604724168777466
16651 0.500379741191864 0.32571056485176086
16652 0.5102051496505737 0.3427278995513916
16653 0.5101910829544067 0.34294989705085754
16654 0.5101910829544067 0.34294989705085754
16655 0.5101910829544067 0.34294989705085754
16656 0.517894983291626 0.34621673822402954
16657 0.5101910829544067 0.34294989705085754
16658 0.5101910829544067 0.34294989705085754
16659 0.5101910829544067 0.34294986724853516
16660 0.5102176666259766 0.34253233671188354
16661 0.5173364877700806 0.3467333912849426
16662 0.5191259384155273 0.3483046889305115
16663 0.51973956823349 0.34717583656311035
16664 0.5148913264274597 0.3451097309589386
16665 0.5156439542770386 0.3447839617729187
16666 0.5121005773544312 0.34183555841445923
16667 0.5130934715270996 0.34224173426628113
16668 0.5101910829544067 0.34294989705085754
16669 0.5101910829544067 0.34294989705085754
16670 0.521036684513092 0.3503373861312866
16671 0.5207296013832092 0.3479022681713104
16672 0.5101910829544067 0.34294992685317993
16673 0.5101911425590515 0.34294989705085754
16674 0.5101910829544067 0.34294989705085754
16675 0.5101912021636963 0.34294992685317993
16676 0.5101910829544067 0.34294989705085754
16677 0.5090450048446655 0.34312766790390015
16678 0.5101910829544067 0.34294989705085754
16679 0.5048717856407166 0.34294989705085754
16680 0.5056833624839783 0.34294992685317993
16681 0.5096278190612793 0.35698461532592773
16682 0.5125415325164795 0.35576528310775757
16683 0.5160093903541565 0.35344642400741577
16684 0.5039204955101013 0.35451972484588623
16685 0.5102306008338928 0.34232890605926514
16686 0.5108575224876404 0.3450137972831726
16687 0.5120267868041992 0.34308522939682007
16688 0.508695662021637 0.3453289568424225
16689 0.5037598013877869 0.3429504334926605
16690 0.5101910829544067 0.34294989705085754
16691 0.5101911425590515 0.34294989705085754
16692 0.5101910829544067 0.34294989705085754
16693 0.5023462772369385 0.3429516553878784
16694 0.5172088146209717 0.34945231676101685
16695 0.5026177167892456 0.3429514169692993
16696 0.5059628486633301 0.34294989705085754
16697 0.5018090009689331 0.34295210242271423
16698 0.5040984749794006 0.3618507385253906
16699 0.5101956725120544 0.3602159023284912
16700 0.5132033824920654 0.35852810740470886
16701 0.5167109966278076 0.3559684157371521
16702 0.5192480087280273 0.3521322011947632
16703 0.503588080406189 0.348256379365921
16704 0.5092754364013672 0.3534458875656128
16705 0.5119011998176575 0.3525741994380951
16706 0.5146173238754272 0.3499281704425812
16707 0.5149238109588623 0.3468160629272461
16708 0.5033801794052124 0.34359729290008545
16709 0.5087117552757263 0.3489147424697876
16710 0.5109526515007019 0.3485669195652008
16711 0.5122752785682678 0.3463853597640991
16712 0.5132107734680176 0.34426000714302063
16713 0.5014840960502625 0.3429524004459381
16714 0.5070868730545044 0.3613505959510803
16715 0.5068337917327881 0.35580432415008545
16716 0.5061060786247253 0.3505627512931824
16717 0.5060484409332275 0.34641826152801514
16718 0.5062147378921509 0.34368306398391724
16719 0.5067216157913208 0.34294989705085754
16720 0.5084357857704163 0.34294989705085754
16721 0.5011779069900513 0.3615242838859558
16722 0.5010993480682373 0.3466976583003998
16723 0.5011208653450012 0.342952698469162
16724 0.5011643171310425 0.35452574491500854
16725 0.5101910829544067 0.34294989705085754
16726 0.5101911425590515 0.34294989705085754
16727 0.5101910829544067 0.34294992685317993
16728 0.5101194381713867 0.34294989705085754
16729 0.5075456500053406 0.34294989705085754
16730 0.5053121447563171 0.34294989705085754
16731 0.5020972490310669 0.34295186400413513
16732 0.5010186433792114 0.3668958842754364
16733 0.5040206909179688 0.3672071099281311
16734 0.5070579648017883 0.36644160747528076
16735 0.5106398463249207 0.36309534311294556
16736 0.5138885378837585 0.3611801862716675
16737 0.5176740884780884 0.3581891655921936
16738 0.5204831957817078 0.35425853729248047
16739 0.5026956796646118 0.3226531744003296
16740 0.5058376789093018 0.32242435216903687
16741 0.5185947418212891 0.3343362808227539
16742 0.5215747952461243 0.34329816699028015
16743 0.5114505887031555 0.325262188911438
16744 0.5152168273925781 0.3286895751953125
16745 0.500307559967041 0.32232826948165894
16746 0.520775318145752 0.3388294577598572
16747 0.522135317325592 0.34149661660194397
16748 0.5223879814147949 0.3456747531890869
16749 0.5082640647888184 0.32327818870544434
16750 0.5223237872123718 0.3491431176662445
16751 0.5225602388381958 0.3523712456226349
16752 0.5212359428405762 0.3559727072715759
16753 0.5185351371765137 0.3598054349422455
16754 0.5141855478286743 0.36253511905670166
16755 0.5107048153877258 0.3657222092151642
16756 0.5070337057113647 0.36928385496139526
16757 0.5041851997375488 0.3712061047554016
16758 0.5012415647506714 0.37124890089035034
16759 0.5044013261795044 0.410628080368042
16760 0.5057825446128845 0.4083096385002136
16761 0.5050839185714722 0.411755234003067
16762 0.5059351325035095 0.4097839593887329
16763 0.509998083114624 0.42966166138648987
16764 0.5124675035476685 0.42662206292152405
16765 0.5080347061157227 0.42198729515075684
16766 0.5094410181045532 0.42635399103164673
16767 0.5084937214851379 0.4228687286376953
16768 0.5091961622238159 0.42482784390449524
16769 0.5117666125297546 0.4395989179611206
16770 0.5140296220779419 0.4346853792667389
16771 0.514766275882721 0.4383070468902588
16772 0.5135587453842163 0.42397749423980713
16773 0.5165227055549622 0.4353589415550232
16774 0.5154669880867004 0.4325263500213623
16775 0.5139528512954712 0.4417477548122406
16776 0.5129714012145996 0.4365633428096771
16777 0.511313259601593 0.4287479519844055
16778 0.510784924030304 0.42485809326171875
16779 0.5106832385063171 0.4242311120033264
16780 0.5100512504577637 0.42207857966423035
16781 0.5096197724342346 0.42078158259391785
16782 0.5144147276878357 0.4161812365055084
16783 0.5135195851325989 0.41443169116973877
16784 0.5141632556915283 0.42072388529777527
16785 0.51319420337677 0.4183495044708252
16786 0.513134777545929 0.4220871329307556
16787 0.5119026899337769 0.42316460609436035
16788 0.5118559002876282 0.42320555448532104
16789 0.512735903263092 0.4212242364883423
16790 0.513864278793335 0.39152035117149353
16791 0.5032065510749817 0.3429509103298187
16792 0.5029383897781372 0.3140600323677063
16793 0.5101910829544067 0.34294989705085754
16794 0.5081486701965332 0.34294992685317993
16795 0.5638124942779541 0.18495944142341614
16796 0.5418500304222107 0.17198112607002258
16797 0.533333957195282 0.4103335738182068
16798 0.6682618856430054 0.2930470407009125
16799 0.5064800977706909 0.34294986724853516
16800 0.5198747515678406 0.3955676257610321
16801 0.5620295405387878 0.18342918157577515
16802 0.5771276354789734 0.19638743996620178
16803 0.6673576831817627 0.29342183470726013
16804 0.5687312483787537 0.22536298632621765
16805 0.5857449173927307 0.20378342270851135
16806 0.6544047594070435 0.2995009422302246
16807 0.5101910829544067 0.34294986724853516
16808 0.5101910829544067 0.34294989705085754
16809 0.5092156529426575 0.34294989705085754
16810 0.5246508717536926 0.36671802401542664
16811 0.5204198360443115 0.3891047239303589
16812 0.5281568169593811 0.3753560185432434
16813 0.5411645174026489 0.40274542570114136
16814 0.5273580551147461 0.39346176385879517
16815 0.5650819540023804 0.3643232583999634
16816 0.534720778465271 0.3834863603115082
16817 0.5101910829544067 0.34294989705085754
16818 0.565659761428833 0.24399472773075104
16819 0.5890288352966309 0.23259755969047546
16820 0.6166102886199951 0.29362961649894714
16821 0.5101910829544067 0.34294989705085754
16822 0.5277224779129028 0.3628104627132416
16823 0.5655865669250488 0.35873937606811523
16824 0.5395770072937012 0.37571388483047485
16825 0.5326603055000305 0.37396475672721863
16826 0.555255651473999 0.3006086051464081
16827 0.5633507370948792 0.30185365676879883
16828 0.5101910829544067 0.34294989705085754
16829 0.5442396402359009 0.30733877420425415
16830 0.5391921997070312 0.3073080778121948
16831 0.5101910829544067 0.34294989705085754
16832 0.5464275479316711 0.3614228665828705
16833 0.5610934495925903 0.34908372163772583
16834 0.5889372825622559 0.311423122882843
16835 0.57536780834198 0.2766481041908264
16836 0.5616086721420288 0.2814883887767792
16837 0.5693265199661255 0.31999558210372925
16838 0.5563027262687683 0.34293481707572937
16839 0.5101910829544067 0.34294989705085754
16840 0.5101910829544067 0.34294989705085754
16841 0.5101910829544067 0.34294989705085754
16842 0.5101910829544067 0.34294989705085754
16843 0.5685617923736572 0.3077980577945709
16844 0.5888985395431519 0.2792629599571228
16845 0.6142675876617432 0.25415220856666565
16846 0.6309083700180054 0.24044841527938843
16847 0.6393274664878845 0.2232719361782074
16848 0.5769801735877991 0.19626086950302124
16849 0.5528591275215149 0.33733588457107544
16850 0.5101910829544067 0.34294989705085754
16851 0.5638492107391357 0.3355036973953247
16852 0.575627326965332 0.33914366364479065
16853 0.5881319642066956 0.3442724049091339
16854 0.6119951605796814 0.3622415363788605
16855 0.6148457527160645 0.36683398485183716
16856 0.6137215495109558 0.36813950538635254
16857 0.5101910829544067 0.34294989705085754
16858 0.5101910829544067 0.34294989705085754
16859 0.5101910829544067 0.34294989705085754
16860 0.5101910829544067 0.34294989705085754
16861 0.5101910829544067 0.34294989705085754
16862 0.5101910829544067 0.34294989705085754
16863 0.5518537163734436 0.3326287269592285
16864 0.5568522214889526 0.33269262313842773
16865 0.5101910829544067 0.34294989705085754
16866 0.5570541620254517 0.3105858266353607
16867 0.542857825756073 0.31891417503356934
16868 0.5451817512512207 0.31532159447669983
16869 0.5527357459068298 0.3099175989627838
16870 0.5510260462760925 0.3170640766620636
16871 0.5101910829544067 0.34294989705085754
16872 0.5101910829544067 0.34294989705085754
16873 0.5584725141525269 0.3254889249801636
16874 0.559463381767273 0.31538116931915283
16875 0.5444011092185974 0.32486164569854736
16876 0.5520675182342529 0.32709261775016785
16877 0.5101910829544067 0.34294989705085754
16878 0.5517816543579102 0.3216055631637573
16879 0.5101910829544067 0.34294989705085754
16880 0.544121265411377 0.3201755881309509
16881 0.5146023035049438 0.3125254213809967
16882 0.5106194615364075 0.3118833005428314
16883 0.503131628036499 0.31207120418548584
16884 0.533600926399231 0.3093274235725403
16885 0.527500331401825 0.3090996742248535
16886 0.5215054154396057 0.3152317404747009
16887 0.5167781114578247 0.30909138917922974
16888 0.513059675693512 0.31077706813812256
16889 0.5186263918876648 0.20458346605300903
16890 0.503303587436676 0.31209617853164673
16891 0.5443576574325562 0.24088625609874725
16892 0.5455082654953003 0.27930912375450134
16893 0.5288367867469788 0.3072451055049896
16894 0.5307564735412598 0.3082432448863983
16895 0.5329795479774475 0.3072702884674072
16896 0.5462217330932617 0.28657814860343933
16897 0.5258121490478516 0.3072267174720764
16898 0.546536922454834 0.29568514227867126
16899 0.5369570255279541 0.30729448795318604
16900 0.5287356972694397 0.3050383925437927
16901 0.5262314081192017 0.302627831697464
16902 0.5173381567001343 0.2985953390598297
16903 0.5054343938827515 0.30462223291397095
16904 0.5343172550201416 0.3016781210899353
16905 0.5337169170379639 0.29177361726760864
16906 0.5303035974502563 0.2890700101852417
16907 0.5168829560279846 0.29607221484184265
16908 0.5059319138526917 0.4178260862827301
16909 0.5048022866249084 0.41557472944259644
16910 0.5073579549789429 0.42023634910583496
16911 0.5084276795387268 0.40623119473457336
16912 0.5124727487564087 0.41721099615097046
16913 0.511224627494812 0.4208298325538635
16914 0.5119197964668274 0.4188748896121979
16915 0.5094337463378906 0.4053952395915985
16916 0.5121644735336304 0.40998169779777527
16917 0.5129240155220032 0.4131721258163452
16918 0.5058638453483582 0.4135857820510864
16919 0.5070979595184326 0.41612520813941956
16920 0.5086132287979126 0.4191623330116272
16921 0.509769856929779 0.40623390674591064
16922 0.5115174651145935 0.410502552986145
16923 0.5120159387588501 0.4166882336139679
16924 0.5106815099716187 0.4194527864456177
16925 0.5116311311721802 0.4182642102241516
16926 0.5065189003944397 0.41099464893341064
16927 0.5069959163665771 0.4088084101676941
16928 0.5108708739280701 0.40978139638900757
16929 0.5109547972679138 0.41629737615585327
16930 0.5081791877746582 0.4151889681816101
16931 0.5102540254592896 0.41767585277557373
16932 0.5113781690597534 0.415252149105072
16933 0.5120933055877686 0.41282588243484497
16934 0.5106868743896484 0.41471368074417114
16935 0.5114200115203857 0.411436527967453
16936 0.5383601188659668 0.5033368468284607
16937 0.555454671382904 0.5183811187744141
16938 0.5443427562713623 0.4897106885910034
16939 0.5378048419952393 0.5105165243148804
16940 0.5511398911476135 0.5188639163970947
16941 0.5566473603248596 0.5046738982200623
16942 0.5514127016067505 0.4906098246574402
16943 0.5463941097259521 0.5186977386474609
16944 0.5407071709632874 0.516338586807251
16945 0.5378738641738892 0.5058246850967407
16946 0.5553359985351562 0.49328774213790894
16947 0.5545768141746521 0.504151463508606
16948 0.5401467680931091 0.49417614936828613
16949 0.5409528017044067 0.5018504858016968
16950 0.5482083559036255 0.48832976818084717
16951 0.5584355592727661 0.5088676810264587
16952 0.5567144155502319 0.5080570578575134
16953 0.5604785680770874 0.5130804181098938
16954 0.5590569972991943 0.5164949893951416
16955 0.5472199320793152 0.48101964592933655
16956 0.5360012054443359 0.5110637545585632
16957 0.5566071271896362 0.5189520120620728
16958 0.5574737191200256 0.47951120138168335
16959 0.5482311248779297 0.5187620520591736
16960 0.5404201745986938 0.5166879892349243
16961 0.5602531433105469 0.4872516393661499
16962 0.5397486686706543 0.4885781705379486
16963 0.5519355535507202 0.47603434324264526
16964 0.5458623170852661 0.5053424835205078
16965 0.5402332544326782 0.503353476524353
16966 0.5405257344245911 0.5027291774749756
16967 0.5459837317466736 0.5053424835205078
16968 0.5495448112487793 0.5053424835205078
16969 0.5498247742652893 0.5053424835205078
16970 0.5607176423072815 0.519271969795227
16971 0.5540881156921387 0.5053424835205078
16972 0.5539244413375854 0.5053424835205078
16973 0.5621662139892578 0.5187051296234131
16974 0.5563949942588806 0.5049870014190674
16975 0.5617752075195312 0.4932953715324402
16976 0.5564903616905212 0.5053424835205078
16977 0.5626000761985779 0.5146254897117615
16978 0.5560624599456787 0.5053424835205078
16979 0.5564454793930054 0.5053424835205078
16980 0.5660698413848877 0.5079711079597473
16981 0.5582300424575806 0.5056257843971252
16982 0.55916827917099 0.5057786107063293
16983 0.5388280153274536 0.5035761594772339
16984 0.5374228954315186 0.5051802396774292
16985 0.5387410521507263 0.5035083889961243
16986 0.5405957698822021 0.5016725063323975
16987 0.5387479662895203 0.5035115480422974
16988 0.5391929745674133 0.5036603808403015
16989 0.5393588542938232 0.5014808773994446
16990 0.5388100147247314 0.503036618232727
16991 0.5390189290046692 0.5035198926925659
16992 0.5389715433120728 0.50359708070755
16993 0.5390642285346985 0.5035792589187622
16994 0.539618968963623 0.501050591468811
16995 0.5392535328865051 0.5010120272636414
16996 0.5391954779624939 0.5025790929794312
16997 0.5394797921180725 0.5010069608688354
16998 0.5391555428504944 0.5035914778709412
16999 0.5390615463256836 0.5032941699028015
17000 0.5388461947441101 0.5022096037864685
17001 0.5390849709510803 0.5024300813674927
17002 0.539064884185791 0.5016284584999084
17003 0.5391902327537537 0.5016223788261414
17004 0.5396456718444824 0.5011268854141235
17005 0.5377706289291382 0.49098122119903564
17006 0.5470221042633057 0.48122891783714294
17007 0.5572913289070129 0.476309210062027
17008 0.5631979703903198 0.48258012533187866
17009 0.5660125613212585 0.48817598819732666
17010 0.5559118986129761 0.505342423915863
17011 0.5567261576652527 0.5050958395004272
17012 0.5611258149147034 0.5112777948379517
17013 0.5633066892623901 0.512344479560852
17014 0.5646624565124512 0.5123723745346069
17015 0.5675357580184937 0.516399085521698
17016 0.5687493085861206 0.5176077485084534
17017 0.5553098917007446 0.5053424835205078
17018 0.5505728721618652 0.5053424835205078
17019 0.5450190305709839 0.5053424835205078
17020 0.5399454832077026 0.5038367509841919
17021 0.539016604423523 0.5035854578018188
17022 0.5391067862510681 0.5036731362342834
17023 0.5390188097953796 0.5036336183547974
17024 0.5700975656509399 0.42588990926742554
17025 0.5352643132209778 0.44549131393432617
17026 0.5424692630767822 0.43103495240211487
17027 0.5505204200744629 0.41302233934402466
17028 0.5652136206626892 0.4366154074668884
17029 0.5464951395988464 0.42364421486854553
17030 0.5606245994567871 0.44619137048721313
17031 0.5594998598098755 0.42896270751953125
17032 0.5544237494468689 0.43869975209236145
17033 0.5489050149917603 0.44650715589523315
17034 0.5396276116371155 0.45650169253349304
17035 0.5410133004188538 0.46327143907546997
17036 0.5500868558883667 0.458187997341156
17037 0.556336522102356 0.4599931240081787
17038 0.5319567322731018 0.45134299993515015
17039 0.5361372828483582 0.4610792398452759
17040 0.5376173257827759 0.4659585952758789
17041 0.526697039604187 0.4625503420829773
17042 0.5292131304740906 0.4569803476333618
17043 0.5332659482955933 0.4649803638458252
17044 0.5346465706825256 0.46910056471824646
17045 0.5449955463409424 0.4607178568840027
17046 0.5437819361686707 0.4518146812915802
17047 0.538791298866272 0.43856704235076904
17048 0.5206977128982544 0.46679168939590454
17049 0.5180902481079102 0.4707093834877014
17050 0.5154197812080383 0.47398173809051514
17051 0.5129899978637695 0.4783799648284912
17052 0.5117731094360352 0.4833526313304901
17053 0.5280767679214478 0.46475285291671753
17054 0.5308085083961487 0.4603452980518341
17055 0.5340785980224609 0.4562458097934723
17056 0.5376331210136414 0.45086050033569336
17057 0.5415342450141907 0.4449128210544586
17058 0.5457716584205627 0.43826401233673096
17059 0.5503536462783813 0.43003392219543457
17060 0.5548827648162842 0.42088600993156433
17061 0.5332524180412292 0.5044436454772949
17062 0.5169607996940613 0.5078835487365723
17063 0.5130071640014648 0.5039305090904236
17064 0.5111069679260254 0.49609339237213135
17065 0.5110464096069336 0.48961225152015686
17066 0.5168919563293457 0.5040472745895386
17067 0.5163772106170654 0.49861928820610046
17068 0.5299234390258789 0.4681866466999054
17069 0.5167654752731323 0.4816291630268097
17070 0.5185475945472717 0.47745126485824585
17071 0.5206279158592224 0.47335994243621826
17072 0.5256255865097046 0.4691612720489502
17073 0.5157817602157593 0.48609501123428345
17074 0.5151957273483276 0.490782767534256
17075 0.531807005405426 0.49938976764678955
17076 0.5378403663635254 0.4790611267089844
17077 0.5397257208824158 0.4781935214996338
17078 0.5424648523330688 0.4782864451408386
17079 0.5458633899688721 0.47963231801986694
17080 0.549527645111084 0.48138731718063354
17081 0.5534144639968872 0.4820840656757355
17082 0.5584510564804077 0.48449239134788513
17083 0.5336500406265259 0.4994918704032898
17084 0.527808427810669 0.47279754281044006
17085 0.5327749848365784 0.4986904561519623
17086 0.536863386631012 0.48758429288864136
17087 0.5343994498252869 0.49885183572769165
17088 0.5340604186058044 0.4778628945350647
17089 0.5323971509933472 0.47326284646987915
17090 0.5334452986717224 0.49706363677978516
17091 0.5354573130607605 0.4819912016391754
17092 0.5340549945831299 0.4942799508571625
17093 0.535305917263031 0.49105873703956604
17094 0.5243686437606812 0.5169024467468262
17095 0.5209791660308838 0.5061922073364258
17096 0.5281897187232971 0.5107455849647522
17097 0.5245850682258606 0.5021405220031738
17098 0.5205312967300415 0.503100574016571
17099 0.5201180577278137 0.4954608678817749
17100 0.5240001082420349 0.4928802251815796
17101 0.519977331161499 0.4996640086174011
17102 0.5239161252975464 0.4991671144962311
17103 0.5237592458724976 0.49598872661590576
17104 0.5202176570892334 0.4894050061702728
17105 0.5320766568183899 0.5054222941398621
17106 0.5313151478767395 0.5027045011520386
17107 0.530676007270813 0.5009253025054932
17108 0.5303809642791748 0.49931180477142334
17109 0.5302741527557373 0.4977976083755493
17110 0.5262021422386169 0.48800987005233765
17111 0.5211858749389648 0.4855450987815857
17112 0.5302844047546387 0.49630045890808105
17113 0.5291182398796082 0.4825754165649414
17114 0.5306130051612854 0.47802090644836426
17115 0.5274071097373962 0.4854911267757416
17116 0.5226739048957825 0.4817323684692383
17117 0.5258870124816895 0.477192223072052
17118 0.5314618349075317 0.4932793378829956
17119 0.5325134992599487 0.49048173427581787
17120 0.5325660109519958 0.48312896490097046
17121 0.5338547229766846 0.4867250621318817
17122 0.5311124324798584 0.48698630928993225
17123 0.5298337936401367 0.489948034286499
17124 0.5281991958618164 0.4935077726840973
17125 0.5281249284744263 0.495283842086792
17126 0.5279707908630371 0.49762162566185
17127 0.5282741785049438 0.5000762939453125
17128 0.5291433334350586 0.5025187730789185
17129 0.5304129123687744 0.5077400803565979
17130 0.5412521362304688 0.5297377109527588
17131 0.5366743803024292 0.5289139747619629
17132 0.5325806140899658 0.5272558927536011
17133 0.5534515380859375 0.5278000235557556
17134 0.5667388439178467 0.526293158531189
17135 0.5720007419586182 0.5219700336456299
17136 0.5473461747169495 0.5288271307945251
17137 0.5608503818511963 0.5286467671394348
17138 0.5345642566680908 0.5226888060569763
17139 0.5374970436096191 0.5246275663375854
17140 0.5418962240219116 0.5262503027915955
17141 0.547613263130188 0.525961697101593
17142 0.5527914762496948 0.5247315764427185
17143 0.559630274772644 0.5257142782211304
17144 0.5653880834579468 0.524063229560852
17145 0.5702418088912964 0.520246684551239
17146 0.576980471611023 0.5158654451370239
17147 0.5520628094673157 0.5216690897941589
17148 0.5478586554527283 0.523154079914093
17149 0.54287189245224 0.5221101641654968
17150 0.538833737373352 0.5198202729225159
17151 0.5364425778388977 0.5166648030281067
17152 0.5679406523704529 0.5175435543060303
17153 0.5634486079216003 0.521167516708374
17154 0.557816743850708 0.522025465965271
17155 0.5295814275741577 0.5242926478385925
17156 0.5271879434585571 0.5202526450157166
17157 0.5298782587051392 0.5163804292678833
17158 0.5319446325302124 0.5199202299118042
17159 0.5290301442146301 0.513846755027771
17160 0.5348609089851379 0.5135892629623413
17161 0.5336958765983582 0.5104750394821167
17162 0.5328524112701416 0.5077940225601196
17163 0.5311024188995361 0.5102074146270752
17164 0.5321146845817566 0.5128670930862427
17165 0.53388911485672 0.5159595608711243
17166 0.5356217622756958 0.5188071131706238
17167 0.5382258296012878 0.5215632319450378
17168 0.5424483418464661 0.5236514806747437
17169 0.5477806329727173 0.5241696834564209
17170 0.5523393750190735 0.5227631330490112
17171 0.5584986805915833 0.5235846042633057
17172 0.5643341541290283 0.5223398804664612
17173 0.5689497590065002 0.5187153220176697
17174 0.5605294108390808 0.5058220028877258
17175 0.5575506687164307 0.5048059821128845
17176 0.5630128383636475 0.5093729496002197
17177 0.5602861642837524 0.5058978796005249
17178 0.5643293857574463 0.5087869763374329
17179 0.5576027035713196 0.5050821900367737
17180 0.5585296154022217 0.5046755075454712
17181 0.5577759146690369 0.5045939683914185
17182 0.5610665082931519 0.5066139698028564
17183 0.5749936699867249 0.5143845081329346
17184 0.5647244453430176 0.4966559410095215
17185 0.5613178014755249 0.5030037760734558
17186 0.5626630783081055 0.5007031559944153
17187 0.5693279504776001 0.4838537275791168
17188 0.5721674561500549 0.47529953718185425
17189 0.5647746324539185 0.47977256774902344
17190 0.5684252977371216 0.46795231103897095
17191 0.5758221745491028 0.48367035388946533
17192 0.5630028247833252 0.4875982403755188
17193 0.5669777393341064 0.490424782037735
17194 0.5731936097145081 0.4900224804878235
17195 0.5823781490325928 0.4853613078594208
17196 0.5856670141220093 0.503109872341156
17197 0.5849355459213257 0.4924224019050598
17198 0.5794016718864441 0.49135562777519226
17199 0.5824480652809143 0.4955292344093323
17200 0.5808238387107849 0.5090173482894897
17201 0.5833704471588135 0.5039057731628418
17202 0.5788918733596802 0.5075839161872864
17203 0.5817171335220337 0.5028371214866638
17204 0.5607812404632568 0.5083500146865845
17205 0.5604727864265442 0.5054765343666077
17206 0.5599114894866943 0.5083425641059875
17207 0.5618076324462891 0.5067337155342102
17208 0.5604797601699829 0.5056132674217224
17209 0.560900866985321 0.5069994926452637
17210 0.5648727416992188 0.5093176960945129
17211 0.5694887638092041 0.5106509923934937
17212 0.5670495629310608 0.5098794102668762
17213 0.5720539093017578 0.5123167037963867
17214 0.5734594464302063 0.5129190683364868
17215 0.5641961097717285 0.5047647953033447
17216 0.568550705909729 0.4991809129714966
17217 0.5712494850158691 0.502651035785675
17218 0.566214382648468 0.5024074912071228
17219 0.5685362815856934 0.5048661828041077
17220 0.5664359331130981 0.506146252155304
17221 0.5711544752120972 0.5064234733581543
17222 0.5709595680236816 0.49470070004463196
17223 0.574873685836792 0.5057749152183533
17224 0.5741658806800842 0.5001460313796997
17225 0.5772783160209656 0.5059269666671753
17226 0.5799307227134705 0.49997979402542114
17227 0.5771000981330872 0.49521493911743164
17228 0.5685386061668396 0.5065363049507141
17229 0.5666086077690125 0.5070146918296814
17230 0.5618464350700378 0.5069960355758667
17231 0.5377756953239441 0.49466198682785034
17232 0.5348286032676697 0.4965631663799286
17233 0.5361140370368958 0.49585264921188354
17234 0.6024676561355591 0.26085543632507324
17235 0.5930959582328796 0.2311476767063141
17236 0.6019647717475891 0.3212716579437256
17237 0.6046026945114136 0.2932702302932739
17238 0.5371630787849426 0.1517859548330307
17239 0.5667908191680908 0.3038193881511688
17240 0.5639289021492004 0.2857886552810669
17241 0.5664055347442627 0.32166874408721924
17242 0.5585029125213623 0.16271482408046722
17243 0.5123767852783203 0.15274766087532043
17244 0.575563907623291 0.20590126514434814
17245 0.5424019694328308 0.234982430934906
17246 0.5515977144241333 0.24861279129981995
17247 0.5592181086540222 0.2651371657848358
17248 0.51964271068573 0.2222757339477539
17249 0.5058122277259827 0.22177501022815704
17250 0.5314624905586243 0.22769120335578918
17251 0.5078544616699219 0.18055063486099243
17252 0.5291059017181396 0.18989074230194092
17253 0.5466285943984985 0.1982036978006363
17254 0.5620247721672058 0.21361269056797028
17255 0.5748807191848755 0.23511958122253418
17256 0.5854227542877197 0.2606211006641388
17257 0.589220404624939 0.28853780031204224
17258 0.5890060067176819 0.3138374090194702
17259 0.5532934665679932 0.40261411666870117
17260 0.5641564726829529 0.41763967275619507
17261 0.5586855411529541 0.41010555624961853
17262 0.5771785974502563 0.30845504999160767
17263 0.5756961107254028 0.28552669286727905
17264 0.5705937743186951 0.262151837348938
17265 0.5616617798805237 0.23939919471740723
17266 0.5516803860664368 0.22231072187423706
17267 0.539079487323761 0.21191070973873138
17268 0.5240184664726257 0.20609846711158752
17269 0.5072593688964844 0.20398619771003723
17270 0.5916999578475952 0.36530640721321106
17271 0.5650650858879089 0.337920218706131
17272 0.596790075302124 0.34550875425338745
17273 0.5862547755241394 0.3352280259132385
17274 0.5824376344680786 0.3541688024997711
17275 0.5628517866134644 0.35668957233428955
17276 0.5861933827400208 0.3840530514717102
17277 0.5705512166023254 0.36386749148368835
17278 0.5804691910743713 0.4005371332168579
17279 0.5599983930587769 0.37450334429740906
17280 0.5576888918876648 0.3897722363471985
17281 0.5748206377029419 0.4141240119934082
17282 0.5737375020980835 0.3913540244102478
17283 0.5687354207038879 0.40516456961631775
17284 0.56339430809021 0.39726996421813965
17285 0.5667753219604492 0.3824528455734253
17286 0.5736300349235535 0.34447646141052246
17287 0.5760233402252197 0.3262372612953186
17288 0.5781458616256714 0.3734087646007538
17289 0.5838654041290283 0.4994867444038391
17290 0.5863538384437561 0.49730193614959717
17291 0.5893599987030029 0.4960552155971527
17292 0.5943269729614258 0.4927806854248047
17293 0.5990800857543945 0.49229586124420166
17294 0.6054459810256958 0.4925132393836975
17295 0.6121920347213745 0.5274713039398193
17296 0.6099453568458557 0.5081080198287964
17297 0.6181758046150208 0.5122700929641724
17298 0.6266964673995972 0.4783702790737152
17299 0.6156854033470154 0.4782620072364807
17300 0.6135615110397339 0.4935133159160614
17301 0.6230370402336121 0.49553945660591125
17302 0.5344606041908264 0.49989593029022217
17303 0.5351105332374573 0.49967244267463684
17304 0.53315669298172 0.5001266002655029
17305 0.5325671434402466 0.5028390288352966
17306 0.5322142839431763 0.5016504526138306
17307 0.5319465398788452 0.5005350708961487
17308 0.5338753461837769 0.5041263103485107
17309 0.5333501696586609 0.5025764107704163
17310 0.5330748558044434 0.5015802979469299
17311 0.5330338478088379 0.5007515549659729
17312 0.5338687896728516 0.5003606081008911
17313 0.5343528985977173 0.5037053823471069
17314 0.5364547371864319 0.5007338523864746
17315 0.5386124849319458 0.49778860807418823
17316 0.5362800359725952 0.49891290068626404
17317 0.5375890135765076 0.4977944791316986
17318 0.537248969078064 0.5002002120018005
17319 0.5384863018989563 0.501244068145752
17320 0.5388700366020203 0.5014448761940002
17321 0.5372092723846436 0.5009704232215881
17322 0.5395426750183105 0.5008814930915833
17323 0.5395978093147278 0.5010009407997131
17324 0.5388806462287903 0.5009394288063049
17325 0.538527250289917 0.5002003908157349
17326 0.5378347635269165 0.5000849366188049
17327 0.5383389592170715 0.5003459453582764
17328 0.5385431051254272 0.5006932020187378
17329 0.5338616371154785 0.5024732351303101
17330 0.533666729927063 0.5008901357650757
17331 0.5335759520530701 0.5015765428543091
17332 0.5341923832893372 0.5016759037971497
17333 0.5359010696411133 0.5008774399757385
17334 0.5384112000465393 0.503359854221344
17335 0.5374268293380737 0.5025616884231567
17336 0.5374431014060974 0.5019102096557617
17337 0.5372300744056702 0.5028379559516907
17338 0.5345636606216431 0.5018454194068909
17339 0.5364662408828735 0.5015013217926025
17340 0.5367361307144165 0.5026531219482422
17341 0.5345902442932129 0.5022813677787781
17342 0.5342527627944946 0.501245379447937
17343 0.5367492437362671 0.50208580493927
17344 0.5612015724182129 0.5061097741127014
17345 0.5609099864959717 0.5067431926727295
17346 0.5005494952201843 0.4374206066131592
17347 0.5024871826171875 0.43767786026000977
17348 0.5040231943130493 0.4375458359718323
17349 0.5065928101539612 0.4370031952857971
17350 0.508780300617218 0.43640246987342834
17351 0.510403573513031 0.4348376393318176
17352 0.5118021368980408 0.43270134925842285
17353 0.5129565596580505 0.43064892292022705
17354 0.5140539407730103 0.4278648793697357
17355 0.5151009559631348 0.424319326877594
17356 0.5164572596549988 0.4201766550540924
17357 0.5172873735427856 0.41610077023506165
17358 0.5177503228187561 0.41295531392097473
17359 0.5191522836685181 0.40810102224349976
17360 0.5198904871940613 0.39894551038742065
17361 0.5221867561340332 0.3819121718406677
17362 0.5250385999679565 0.36527982354164124
17363 0.5270400047302246 0.3599412441253662
17364 0.5283907055854797 0.3555782735347748
17365 0.5298455953598022 0.34997066855430603
17366 0.5299594402313232 0.3435777425765991
17367 0.5288812518119812 0.33868709206581116
17368 0.5271352529525757 0.3334927260875702
17369 0.5257249474525452 0.3266906142234802
17370 0.5240148901939392 0.319338858127594
17371 0.520205020904541 0.3131786584854126
17372 0.516032874584198 0.30938878655433655
17373 0.5118690133094788 0.30762046575546265
17374 0.507868230342865 0.3070583641529083
17375 0.504288911819458 0.30684149265289307
17376 0.5009523630142212 0.30671507120132446
17377 0.5126637816429138 0.3812515437602997
17378 0.5084367990493774 0.3826516270637512
17379 0.5049667954444885 0.3839002549648285
17380 0.5013229250907898 0.38519763946533203
17381 0.5171239376068115 0.3701778054237366
17382 0.5125253796577454 0.38758960366249084
17383 0.5085192918777466 0.38751110434532166
17384 0.5047866106033325 0.38843488693237305
17385 0.5013232231140137 0.38989078998565674
17386 0.5175417065620422 0.38064077496528625
17387 0.5167223215103149 0.3884163200855255
17388 0.5204896926879883 0.3907697796821594
17389 0.5188447833061218 0.41663458943367004
17390 0.5199933052062988 0.4141700267791748
17391 0.539103627204895 0.49919211864471436
17392 0.540442705154419 0.49955329298973083
17393 0.5423873662948608 0.5023674964904785
17394 0.5441827178001404 0.5033631324768066
17395 0.5462521910667419 0.5028823614120483
17396 0.5495989322662354 0.5022949576377869
17397 0.5525294542312622 0.5013552904129028
17398 0.554836094379425 0.5022526383399963
17399 0.5567649602890015 0.5038420557975769
17400 0.5586184859275818 0.5046362280845642
17401 0.5612354278564453 0.5056862831115723
17402 0.5633028745651245 0.5064520239830017
17403 0.5649762153625488 0.5070246458053589
17404 0.562639057636261 0.5087103843688965
17405 0.5598616600036621 0.5110938549041748
17406 0.557586133480072 0.5111562609672546
17407 0.5540124177932739 0.5112751722335815
17408 0.5507397055625916 0.5111837983131409
17409 0.548408031463623 0.5114542841911316
17410 0.5451036095619202 0.5108112096786499
17411 0.5421621799468994 0.5103316307067871
17412 0.5395219922065735 0.5088736414909363
17413 0.5373687148094177 0.5077971816062927
17414 0.536555826663971 0.505958616733551
17415 0.5356152653694153 0.5047898888587952
17416 0.5348290205001831 0.5032814741134644
17417 0.534264087677002 0.5024286508560181
17418 0.5338932275772095 0.5016247630119324
17419 0.533971905708313 0.5010020732879639
17420 0.534659743309021 0.500335693359375
17421 0.5355199575424194 0.5004567503929138
17422 0.536281943321228 0.500224769115448
17423 0.5369211435317993 0.4993871748447418
17424 0.5382092595100403 0.4991157650947571
17425 0.7341735363006592 0.025345362722873688
17426 0.7765413522720337 0.23621588945388794
17427 0.7812613248825073 0.28371724486351013
17428 0.7746090888977051 0.5504163503646851
17429 0.7513736486434937 0.10344338417053223
17430 0.7290113568305969 0.02534536086022854
17431 0.7317625284194946 0.031990692019462585
17432 0.7443187236785889 0.063629150390625
17433 0.7698588967323303 0.1893337517976761
17434 0.7602834105491638 0.14682936668395996
17435 0.7543917298316956 0.942887544631958
17436 0.7296793460845947 0.02534536086022854
17437 0.7319110631942749 0.02534536086022854
17438 0.7285175323486328 0.7081767320632935
17439 0.732229471206665 0.6908382177352905
17440 0.7307670712471008 0.7495958805084229
17441 0.7281769514083862 0.7267405986785889
17442 0.760441243648529 0.6158291697502136
17443 0.7509822845458984 0.6458771228790283
17444 0.7401785850524902 0.6681728363037109
17445 0.7495532035827637 0.9039164781570435
17446 0.7331684827804565 0.7778581380844116
17447 0.7444148063659668 0.8695940971374512
17448 0.7371885180473328 0.8076587319374084
17449 0.740465521812439 0.8383385539054871
17450 0.7788786888122559 0.51689612865448
17451 0.7840859889984131 0.41398730874061584
17452 0.7834596633911133 0.4509924054145813
17453 0.7436630725860596 0.025345366448163986
17454 0.7354080080986023 0.025345362722873688
17455 0.7372653484344482 0.025345362722873688
17456 0.7392992377281189 0.025345364585518837
17457 0.7433346509933472 0.025345366448163986
17458 0.741673469543457 0.025345366448163986
17459 0.7691070437431335 0.5838250517845154
17460 0.7822372913360596 0.4820445477962494
17461 0.7835234999656677 0.37895506620407104
17462 0.7817498445510864 0.3337794244289398
17463 0.7525115609169006 0.025345370173454285
17464 0.7748801708221436 0.02534537948668003
17465 0.7871894836425781 0.02534538507461548
17466 0.8068577647209167 0.02534538507461548
17467 0.8257434368133545 0.02534538507461548
17468 0.8526367545127869 0.02534538507461548
17469 0.9086134433746338 0.02534538507461548
17470 0.9337545037269592 0.025345373898744583
17471 0.8041048645973206 0.2417403608560562
17472 0.8033021688461304 0.29318779706954956
17473 0.7935916185379028 0.5656118392944336
17474 0.7947177886962891 0.114024817943573
17475 0.7738921642303467 0.02534537948668003
17476 0.8157515525817871 0.02534538507461548
17477 0.7505545020103455 0.025345370173454285
17478 0.8051303029060364 0.026673326268792152
17479 0.755801260471344 0.048134513199329376
17480 0.7647984027862549 0.08424605429172516
17481 0.8009911179542542 0.1952141523361206
17482 0.7979303598403931 0.15673506259918213
17483 0.7511390447616577 0.025345370173454285
17484 0.9086134433746338 0.02534538507461548
17485 0.7518900632858276 0.025345370173454285
17486 0.7745488882064819 0.02534537948668003
17487 0.8006400465965271 0.02534538321197033
17488 0.8283679485321045 0.02534538507461548
17489 0.8429954648017883 0.02534538507461548
17490 0.8604851961135864 0.02534538507461548
17491 0.9307143688201904 0.025345373898744583
17492 0.7383010983467102 0.6985586881637573
17493 0.7768310308456421 0.6308637857437134
17494 0.7637022733688354 0.6594292521476746
17495 0.7505477070808411 0.6811882853507996
17496 0.9291611313819885 0.6574589610099792
17497 0.9371114373207092 0.28157132863998413
17498 0.9379320740699768 0.32450491189956665
17499 0.9448478817939758 0.12623648345470428
17500 0.947512149810791 0.08448415994644165
17501 0.938866376876831 0.21345527470111847
17502 0.950003981590271 0.04150962084531784
17503 0.9211522936820984 0.02534537762403488
17504 0.941754937171936 0.1680147647857666
17505 0.9247264862060547 0.02534537762403488
17506 0.9018558859825134 0.02534538507461548
17507 0.8772780895233154 0.02534538507461548
17508 0.9135560989379883 0.27695488929748535
17509 0.9147515892982483 0.321187824010849
17510 0.9010962247848511 0.6386537551879883
17511 0.8281428813934326 0.02534538507461548
17512 0.863784909248352 0.02534538507461548
17513 0.8970116376876831 0.08227861672639847
17514 0.9220103025436401 0.039622463285923004
17515 0.890407919883728 0.02534538507461548
17516 0.8943777084350586 0.03993333876132965
17517 0.9202051162719727 0.08235242962837219
17518 0.9194300174713135 0.12315574288368225
17519 0.9169031977653503 0.16345901787281036
17520 0.9153857231140137 0.21029168367385864
17521 0.8289282917976379 0.2468262016773224
17522 0.8286350965499878 0.2991740107536316
17523 0.8185566663742065 0.11753161251544952
17524 0.8098089694976807 0.06711273640394211
17525 0.8145458698272705 0.09617534279823303
17526 0.8258516192436218 0.20010873675346375
17527 0.8233237266540527 0.15996864438056946
17528 0.8973413109779358 0.2705271542072296
17529 0.8513333797454834 0.25493425130844116
17530 0.851243793964386 0.3044184744358063
17531 0.8961621522903442 0.3175518214702606
17532 0.8762922883033752 0.6238161325454712
17533 0.8975522518157959 0.12218403816223145
17534 0.8509562611579895 0.12067258358001709
17535 0.836793065071106 0.054755277931690216
17536 0.8537843227386475 0.09011460840702057
17537 0.8983811140060425 0.20793244242668152
17538 0.8522773385047913 0.203339084982872
17539 0.8522197008132935 0.16171595454216003
17540 0.8974299430847168 0.16267749667167664
17541 0.8736259937286377 0.11974544823169708
17542 0.8715528249740601 0.08204979449510574
17543 0.8704228401184082 0.04650858789682388
17544 0.8748111724853516 0.16001778841018677
17545 0.8744659423828125 0.2053886502981186
17546 0.8736501336097717 0.26397082209587097
17547 0.8720406293869019 0.3122067451477051
17548 0.792595624923706 0.9272134304046631
17549 0.7821334600448608 0.8888428211212158
17550 0.773881196975708 0.8545548319816589
17551 0.8086714148521423 0.8646734952926636
17552 0.8226854801177979 0.8999689817428589
17553 0.797717273235321 0.8331334590911865
17554 0.8121943473815918 0.5799853801727295
17555 0.8309988975524902 0.5941777229309082
17556 0.8519942760467529 0.6081345081329346
17557 0.7442445755004883 0.7157939076423645
17558 0.7920049428939819 0.6475189328193665
17559 0.7606568932533264 0.6989539861679077
17560 0.7772112488746643 0.6759361028671265
17561 0.7502793669700623 0.7402269840240479
17562 0.9064431190490723 0.747699499130249
17563 0.8750433921813965 0.8250375986099243
17564 0.8811695575714111 0.7235642075538635
17565 0.8546172380447388 0.7956377267837524
17566 0.8571490049362183 0.7068785429000854
17567 0.8537824749946594 0.8680251836776733
17568 0.8357831239700317 0.8353227972984314
17569 0.7662282586097717 0.824249804019928
17570 0.8190280199050903 0.8077426552772522
17571 0.8347594738006592 0.7766717076301575
17572 0.8322936296463013 0.6887485384941101
17573 0.7602503299713135 0.7940654754638672
17574 0.7880361080169678 0.8074795007705688
17575 0.8182259798049927 0.7619509696960449
17576 0.8075554966926575 0.7867783308029175
17577 0.781647264957428 0.7785232067108154
17578 0.80970299243927 0.6684855222702026
17579 0.7551208734512329 0.7670910954475403
17580 0.8017137050628662 0.7640579342842102
17581 0.7696970105171204 0.7236607074737549
17582 0.7904609441757202 0.7003294229507446
17583 0.7768591642379761 0.7504911422729492
17584 0.7992264628410339 0.7339293956756592
17585 0.8238611817359924 0.7295215129852295
17586 0.8479428291320801 0.7417925000190735
17587 0.8704319000244141 0.7611163258552551
17588 0.8943637609481812 0.7851169109344482
17589 0.7983180284500122 0.5298010110855103
17590 0.8041176199913025 0.4214642643928528
17591 0.8177316188812256 0.5437189936637878
17592 0.8262267112731934 0.4315507411956787
17593 0.8380450010299683 0.5556069612503052
17594 0.8037334680557251 0.4580058455467224
17595 0.8241710662841797 0.46954652667045593
17596 0.9431776404380798 0.4674776792526245
17597 0.936528205871582 0.605499804019928
17598 0.916337251663208 0.4635257124900818
17599 0.9067870378494263 0.5942214131355286
17600 0.8930177092552185 0.45699983835220337
17601 0.882794976234436 0.5800024271011353
17602 0.8693842887878418 0.44995546340942383
17603 0.8579984307289124 0.568486750125885
17604 0.8484957218170166 0.44032028317451477
17605 0.8467251062393188 0.4785841107368469
17606 0.8665075302124023 0.48946383595466614
17607 0.8909452557563782 0.49757030606269836
17608 0.9145668148994446 0.5056902170181274
17609 0.9426345825195312 0.5111324191093445
17610 0.8408319354057312 0.02534538507461548
17611 0.8560301661491394 0.02534538507461548
17612 0.886060357093811 0.02534538507461548
17613 0.9086134433746338 0.02534538507461548
17614 0.9344278573989868 0.025345372036099434
17615 0.033413320779800415 0.02534535527229309
17616 0.7949984073638916 0.02534538321197033
17617 0.8174479007720947 0.02534538507461548
17618 0.7610901594161987 0.025345373898744583
17619 0.780170202255249 0.02534538321197033
17620 0.7871894836425781 0.02534538507461548
17621 0.7871894836425781 0.02534538507461548
17622 0.7871894836425781 0.02534538507461548
17623 0.7871894836425781 0.02534538507461548
17624 0.7871894836425781 0.02534538507461548
17625 0.7871894836425781 0.02534538507461548
17626 0.8349902629852295 0.02534538507461548
17627 0.8396872282028198 0.02534538507461548
17628 0.8535425662994385 0.02534538321197033
17629 0.8552233576774597 0.02534538507461548
17630 0.8850769996643066 0.02534538507461548
17631 0.8857144117355347 0.02534538507461548
17632 0.9086134433746338 0.02534538507461548
17633 0.9086134433746338 0.02534538507461548
17634 0.93464195728302 0.025345372036099434
17635 0.9345592260360718 0.025345373898744583
17636 0.033413320779800415 0.02534535527229309
17637 0.7871894836425781 0.02534538507461548
17638 0.7750555276870728 0.02534537948668003
17639 0.7536227703094482 0.025345370173454285
17640 0.7871894836425781 0.02534538507461548
17641 0.7985280156135559 0.02534538507461548
17642 0.7871894836425781 0.02534538507461548
17643 0.7550832629203796 0.025345372036099434
17644 0.7758240699768066 0.02534538134932518
17645 0.7871894836425781 0.02534538507461548
17646 0.7871894836425781 0.02534538507461548
17647 0.7871894836425781 0.02534538507461548
17648 0.792799711227417 0.02534538507461548
17649 0.8153482675552368 0.02534538507461548
17650 0.8091984987258911 0.02534538507461548
17651 0.7871894836425781 0.02534538507461548
17652 0.7871894836425781 0.02534538507461548
17653 0.7768691778182983 0.02534537948668003
17654 0.7871894836425781 0.02534538507461548
17655 0.7871894836425781 0.02534538507461548
17656 0.7565994262695312 0.025345372036099434
17657 0.7583293318748474 0.025345372036099434
17658 0.7602483034133911 0.025345373898744583
17659 0.7780242562294006 0.02534538134932518
17660 0.7794197201728821 0.02534538134932518
17661 0.7871894836425781 0.02534538507461548
17662 0.7871894836425781 0.02534538507461548
17663 0.7871894836425781 0.02534538507461548
17664 0.7871894836425781 0.02534538507461548
17665 0.7871894836425781 0.02534538507461548
17666 0.7871894836425781 0.02534538507461548
17667 0.7871894836425781 0.02534538507461548
17668 0.7871894836425781 0.02534538507461548
17669 0.7871894836425781 0.02534538507461548
17670 0.7871894836425781 0.02534538507461548
17671 0.9199047684669495 0.6998437643051147
17672 0.8915784955024719 0.6822509765625
17673 0.8682520985603333 0.6632286310195923
17674 0.8429657220840454 0.6476696133613586
17675 0.8226137757301331 0.629775881767273
17676 0.8035317063331604 0.6140491366386414
17677 0.7870949506759644 0.5995177030563354
17678 0.9412863254547119 0.560139000415802
17679 0.9125354886054993 0.5503156781196594
17680 0.8878301382064819 0.5403470993041992
17681 0.8638797998428345 0.5293017625808716
17682 0.8431688547134399 0.5184417963027954
17683 0.82225501537323 0.5066541433334351
17684 0.8016692399978638 0.4935699701309204
17685 0.8040462732315063 0.3826775848865509
17686 0.8262981176376343 0.39244765043258667
17687 0.8492254018783569 0.39882853627204895
17688 0.8697910308837891 0.4088250398635864
17689 0.8931623697280884 0.41583794355392456
17690 0.9159805774688721 0.42064785957336426
17691 0.9408479928970337 0.4246281683444977
17692 0.9394146800041199 0.38087567687034607
17693 0.9147903919219971 0.37910959124565125
17694 0.8948684334754944 0.37318041920661926
17695 0.8713998794555664 0.36694177985191345
17696 0.8503596782684326 0.35381874442100525
17697 0.8282824754714966 0.34853386878967285
17698 0.8040014505386353 0.34027600288391113
17699 0.664623498916626 0.025345375761389732
17700 0.6752525568008423 0.025345373898744583
17701 0.6872825622558594 0.025345366448163986
17702 0.7047290205955505 0.02534535899758339
17703 0.6629078388214111 0.20974315702915192
17704 0.5834928750991821 0.13985513150691986
17705 0.7473840117454529 0.18284428119659424
17706 0.6792821884155273 0.16027966141700745
17707 0.7287830114364624 0.09781895577907562
17708 0.6598703861236572 0.08099637180566788
17709 0.678601086139679 0.08407728374004364
17710 0.6008535027503967 0.07430782169103622
17711 0.5592117309570312 0.07058604061603546
17712 0.69450843334198 0.025345364585518837
17713 0.6638728380203247 0.02534537762403488
17714 0.7009475231170654 0.02534536086022854
17715 0.7088286876678467 0.04941118508577347
17716 0.6716764569282532 0.03974492475390434
17717 0.6017003655433655 0.036122847348451614
17718 0.5614922642707825 0.03704468160867691
17719 0.6551163792610168 0.038670413196086884
17720 0.5549730062484741 0.11617334187030792
17721 0.6976495981216431 0.1675485223531723
17722 0.628024697303772 0.16657881438732147
17723 0.5216132402420044 0.10235808789730072
17724 0.5204893350601196 0.06888490170240402
17725 0.5211952924728394 0.04232050105929375
17726 0.6311793923377991 0.02534538507461548
17727 0.5200265645980835 0.025345370173454285
17728 0.5612356662750244 0.02534538507461548
17729 0.5983260869979858 0.02534538507461548
17730 0.6548775434494019 0.02534537948668003
17731 0.574251115322113 0.02534538507461548
17732 0.5597596168518066 0.02534538507461548
17733 0.5184413194656372 0.025345370173454285
17734 0.6217203140258789 0.02534538507461548
17735 0.5204046964645386 0.0836951732635498
17736 0.5583429932594299 0.09223750233650208
17737 0.6010013818740845 0.10716671496629715
17738 0.6670434474945068 0.12393698841333389
17739 0.6873365640640259 0.12582552433013916
17740 0.7393577694892883 0.13736295700073242
17741 0.7166942358016968 0.9521907567977905
17742 0.6739180088043213 0.9469239115715027
17743 0.7141188383102417 0.9122911691665649
17744 0.67857426404953 0.9089162945747375
17745 0.7053324580192566 0.6778399348258972
17746 0.7136720418930054 0.653918981552124
17747 0.6930606365203857 0.20137198269367218
17748 0.7177066802978516 0.21360750496387482
17749 0.7548321485519409 0.23129010200500488
17750 0.7193973064422607 0.6826233863830566
17751 0.7370564937591553 0.6359504461288452
17752 0.7276234030723572 0.6591273546218872
17753 0.7004392743110657 0.6493427753448486
17754 0.6920617818832397 0.6741992235183716
17755 0.6409056186676025 0.8918435573577881
17756 0.635066032409668 0.9297910332679749
17757 0.7216808795928955 0.6279873847961426
17758 0.6935622692108154 0.025345366448163986
17759 0.5966981649398804 0.9036757349967957
17760 0.6083098649978638 0.8713873028755188
17761 0.6768641471862793 0.6644706130027771
17762 0.6863807439804077 0.6429212689399719
17763 0.6737815141677856 0.6344316005706787
17764 0.6636913418769836 0.6569058895111084
17765 0.5782279372215271 0.8348854184150696
17766 0.5652109384536743 0.864707350730896
17767 0.7088363170623779 0.6237119436264038
17768 0.695314347743988 0.6170894503593445
17769 0.6837320923805237 0.6108928918838501
17770 0.5146149396896362 0.025345366448163986
17771 0.5672653913497925 0.02534538507461548
17772 0.5529166460037231 0.02534538507461548
17773 0.604044497013092 0.025345386937260628
17774 0.6226828098297119 0.02534538507461548
17775 0.6650969386100769 0.02534537762403488
17776 0.6086897850036621 0.02534538507461548
17777 0.5897068381309509 0.02534538507461548
17778 0.5603076219558716 0.02534538507461548
17779 0.5264350771903992 0.025345375761389732
17780 0.509436309337616 0.025345362722873688
17781 0.5560674071311951 0.02534538507461548
17782 0.5238268375396729 0.025345373898744583
17783 0.5047928690910339 0.02534535899758339
17784 0.5858148336410522 0.02534538507461548
17785 0.6610391736030579 0.025345375761389732
17786 0.6456459164619446 0.02534538321197033
17787 0.6500654220581055 0.02534538134932518
17788 0.6414452791213989 0.02534538507461548
17789 0.6006291508674622 0.02534538507461548
17790 0.6763730049133301 0.025345370173454285
17791 0.6990010738372803 0.025345362722873688
17792 0.6904569864273071 0.7541567087173462
17793 0.6994454264640808 0.7059630751609802
17794 0.684196949005127 0.7001427412033081
17795 0.6706225872039795 0.7481871247291565
17796 0.6680487394332886 0.6909489035606384
17797 0.6525538563728333 0.6789023876190186
17798 0.6518803834915161 0.7379159927368164
17799 0.6333836317062378 0.722156822681427
17800 0.6433821320533752 0.7005262970924377
17801 0.6601456999778748 0.7126146554946899
17802 0.6772721409797668 0.7226532697677612
17803 0.6952527761459351 0.7276524305343628
17804 0.6536369323730469 0.8285107612609863
17805 0.64971524477005 0.8599426746368408
17806 0.6188402771949768 0.8395096659660339
17807 0.5937092900276184 0.8113276362419128
17808 0.6272061467170715 0.813744843006134
17809 0.6034099459648132 0.7866696119308472
17810 0.6886650323867798 0.783542811870575
17811 0.7102113962173462 0.7826256155967712
17812 0.6657889485359192 0.7752051949501038
17813 0.6447150111198425 0.7633497714996338
17814 0.6246312856674194 0.7451335787773132
17815 0.614226222038269 0.7644314765930176
17816 0.6364014744758606 0.7882031798362732
17817 0.6599999666213989 0.8008385896682739
17818 0.7111188173294067 0.7569704055786133
17819 0.715027928352356 0.7088931798934937
17820 0.7124503254890442 0.7320587635040283
17821 0.6832172274589539 0.8427954912185669
17822 0.68082195520401 0.8736448884010315
17823 0.6862331628799438 0.8118923306465149
17824 0.7107648253440857 0.8428789377212524
17825 0.7137571573257446 0.8766807913780212
17826 0.7115594744682312 0.8119769096374512
17827 0.6910299062728882 0.5873304605484009
17828 0.7446516752243042 0.6021015048027039
17829 0.7263822555541992 0.5949839353561401
17830 0.7132288217544556 0.5943341851234436
17831 0.7008764743804932 0.5912253856658936
17832 0.7251139879226685 0.5606343150138855
17833 0.6952184438705444 0.5640718340873718
17834 0.7034154534339905 0.5663670301437378
17835 0.7136690020561218 0.5663152933120728
17836 0.7584041953086853 0.2813238203525543
17837 0.7243831157684326 0.2534424364566803
17838 0.713729977607727 0.2411138266324997
17839 0.704938530921936 0.2929838001728058
17840 0.6845471858978271 0.25027596950531006
17841 0.7166900038719177 0.3026157319545746
17842 0.6921283006668091 0.29005691409111023
17843 0.7567718625068665 0.5340023636817932
17844 0.7402576208114624 0.5175737738609314
17845 0.7616501450538635 0.4120537042617798
17846 0.7598927021026611 0.5032206177711487
17847 0.7437042593955994 0.49129223823547363
17848 0.7624825835227966 0.44392508268356323
17849 0.7457073926925659 0.43873175978660583
17850 0.7446037530899048 0.4121277928352356
17851 0.6787903904914856 0.025345370173454285
17852 0.6917855739593506 0.025345364585518837
17853 0.7048254609107971 0.02534536086022854
17854 0.7175852060317993 0.02534535527229309
17855 0.7288392782211304 0.02534536086022854
17856 0.6883643269538879 0.025345366448163986
17857 0.7002208232879639 0.025345362722873688
17858 0.6978874206542969 0.025345362722873688
17859 0.711402177810669 0.02534535899758339
17860 0.7056018710136414 0.02534536086022854
17861 0.7222050428390503 0.02534535527229309
17862 0.7251827716827393 0.02534535899758339
17863 0.7118844389915466 0.02534535899758339
17864 0.7217251062393188 0.02534535713493824
17865 0.7290040254592896 0.02534535899758339
17866 0.7301760911941528 0.02534535899758339
17867 0.7512668967247009 0.5666477680206299
17868 0.7346361875534058 0.5423991680145264
17869 0.7615451216697693 0.47318050265312195
17870 0.7451827526092529 0.4646542966365814
17871 0.7421987056732178 0.3822154998779297
17872 0.7589944005012512 0.37825873494148254
17873 0.7579784393310547 0.3341425657272339
17874 0.7361342906951904 0.34890735149383545
17875 0.6217525005340576 0.02534538507461548
17876 0.6295104026794434 0.02534538507461548
17877 0.649529218673706 0.02534538134932518
17878 0.672896146774292 0.025345372036099434
17879 0.6814742088317871 0.025345370173454285
17880 0.6897324919700623 0.043164461851119995
17881 0.6981837749481201 0.08765773475170135
17882 0.7175494432449341 0.13168002665042877
17883 0.7256854176521301 0.17657896876335144
17884 0.7345072031021118 0.2234368920326233
17885 0.7384128570556641 0.27056342363357544
17886 0.7267336249351501 0.31765708327293396
17887 0.6983278393745422 0.2887725830078125
17888 0.6930373311042786 0.24715039134025574
17889 0.6737978458404541 0.20948626101016998
17890 0.6597581505775452 0.15255305171012878
17891 0.6302007436752319 0.11896537244319916
17892 0.6230072379112244 0.07834960520267487
17893 0.6199122667312622 0.03844241052865982
17894 0.61430424451828 0.02534538507461548
17895 0.6057667136192322 0.02534538507461548
17896 0.582516610622406 0.02534538507461548
17897 0.5772604942321777 0.02534538507461548
17898 0.5744943618774414 0.02534538507461548
17899 0.6912872791290283 0.32010504603385925
17900 0.6960456371307373 0.3193686604499817
17901 0.7004239559173584 0.3240865170955658
17902 0.7048600316047668 0.33439576625823975
17903 0.7111562490463257 0.3507145345211029
17904 0.7146016955375671 0.3643663823604584
17905 0.7196903228759766 0.37342315912246704
17906 0.7266910672187805 0.3907281756401062
17907 0.7285951375961304 0.4037166237831116
17908 0.7329151630401611 0.41505593061447144
17909 0.7341773509979248 0.43413254618644714
17910 0.7337345480918884 0.4466153383255005
17911 0.7330589294433594 0.46018150448799133
17912 0.7312183380126953 0.47836676239967346
17913 0.7235994338989258 0.4841521680355072
17914 0.7261897921562195 0.5030288100242615
17915 0.7218675017356873 0.5201142430305481
17916 0.7157183289527893 0.5341933965682983
17917 0.7085038423538208 0.5410415530204773
17918 0.7020903825759888 0.544114351272583
17919 0.6951010227203369 0.5435618162155151
17920 0.033413320779800415 0.02534535527229309
17921 0.9645788073539734 0.02534535713493824
17922 0.9612268805503845 0.02534535899758339
17923 0.9567847847938538 0.02534536086022854
17924 0.9530941843986511 0.025345362722873688
17925 0.8888777494430542 0.02534538507461548
17926 0.8852427005767822 0.02534538507461548
17927 0.35183072090148926 0.28809675574302673
17928 0.34753382205963135 0.24996992945671082
17929 0.394955039024353 0.5904840230941772
17930 0.3875083029270172 0.6013712286949158
17931 0.3850686550140381 0.5760436058044434
17932 0.3769914507865906 0.585720419883728
17933 0.3598201870918274 0.32192569971084595
17934 0.40177828073501587 0.5801960229873657
17935 0.3927858769893646 0.5673314332962036
17936 0.4946390986442566 0.6587212681770325
17937 0.367546945810318 0.35050567984580994
17938 0.37557780742645264 0.3758732080459595
17939 0.4847656488418579 0.6363646984100342
17940 0.49491485953330994 0.6168432235717773
17941 0.4948608875274658 0.6364375948905945
17942 0.37638968229293823 0.5606611967086792
17943 0.3671274185180664 0.5684120655059814
17944 0.38477107882499695 0.5527665615081787
17945 0.4830302894115448 0.6572518348693848
17946 0.4855154752731323 0.6179448366165161
17947 0.4924887418746948 0.7271832227706909
17948 0.47955286502838135 0.6820510625839233
17949 0.49262651801109314 0.6852072477340698
17950 0.3787660598754883 0.6126376390457153
17951 0.36756062507629395 0.5957430005073547
17952 0.3629525303840637 0.3963680565357208
17953 0.34759658575057983 0.4165450930595398
17954 0.3567860722541809 0.5770300626754761
17955 0.47567710280418396 0.71726393699646
17956 0.3575937747955322 0.6064869165420532
17957 0.4118397533893585 0.5925037264823914
17958 0.369333952665329 0.6251092553138733
17959 0.40562060475349426 0.6035363078117371
17960 0.422504186630249 0.6019178628921509
17961 0.4335172772407532 0.6083122491836548
17962 0.4167634844779968 0.6141567230224609
17963 0.4285847246646881 0.6224116683006287
17964 0.46308404207229614 0.6342083215713501
17965 0.4735654294490814 0.635382354259491
17966 0.4597092568874359 0.653021514415741
17967 0.47120237350463867 0.6556882262229919
17968 0.465121328830719 0.6176985502243042
17969 0.4353097081184387 0.6443929672241211
17970 0.47491177916526794 0.6182668805122375
17971 0.44006723165512085 0.6275366544723511
17972 0.44403812289237976 0.6125962734222412
17973 0.4547887444496155 0.6161008477210999
17974 0.45175573229789734 0.6314975023269653
17975 0.4477227032184601 0.6490232944488525
17976 0.3558095097541809 0.46225541830062866
17977 0.35183072090148926 0.4397583603858948
17978 0.33745405077934265 0.4289655089378357
17979 0.34492674469947815 0.46664440631866455
17980 0.34040477871894836 0.44653695821762085
17981 0.3380512595176697 0.471341997385025
17982 0.3551245927810669 0.3737615942955017
17983 0.4637572169303894 0.8281648755073547
17984 0.44726017117500305 0.8061368465423584
17985 0.4832577705383301 0.7738206386566162
17986 0.4662674069404602 0.7574043869972229
17987 0.33608031272888184 0.6278656721115112
17988 0.34738725423812866 0.6172007918357849
17989 0.3473723232746124 0.6491460800170898
17990 0.35927578806877136 0.6369139552116394
17991 0.3464219272136688 0.5866221189498901
17992 0.33635520935058594 0.5959583520889282
17993 0.3253234326839447 0.6057058572769165
17994 0.4285007119178772 0.6631723642349243
17995 0.46670350432395935 0.6803004741668701
17996 0.45449134707450867 0.6761199831962585
17997 0.4597126543521881 0.7098443508148193
17998 0.44192004203796387 0.671237587928772
17999 0.446827232837677 0.7041729092597961
18000 0.4481178820133209 0.7462155222892761
18001 0.4342501759529114 0.731682300567627
18002 0.4333248734474182 0.6945168972015381
18003 0.4209761619567871 0.718309760093689
18004 0.430545836687088 0.7852708101272583
18005 0.4105815291404724 0.6276552081108093
18006 0.398807168006897 0.6157110333442688
18007 0.3908644914627075 0.6288362741470337
18008 0.38178062438964844 0.6430565118789673
18009 0.40734460949897766 0.6729546785354614
18010 0.4160992205142975 0.6544076800346375
18011 0.4230026602745056 0.6370755434036255
18012 0.4033522605895996 0.6429448127746582
18013 0.3714686632156372 0.656749963760376
18014 0.39571133255958557 0.6906231045722961
18015 0.4196673035621643 0.6841959953308105
18016 0.4074243903160095 0.7066183686256409
18017 0.39438727498054504 0.6588963270187378
18018 0.3833467960357666 0.6746652722358704
18019 0.3589290380477905 0.6709496974945068
18020 0.39232245087623596 0.7291541695594788
18021 0.3814866542816162 0.7103100419044495
18022 0.3701447546482086 0.6901706457138062
18023 0.41749119758605957 0.7655782699584961
18024 0.4048963487148285 0.7472500205039978
18025 0.37715569138526917 0.5370454788208008
18026 0.36756446957588196 0.543719470500946
18027 0.3574879765510559 0.550660252571106
18028 0.34676194190979004 0.5583710074424744
18029 0.3592908978462219 0.5263080596923828
18030 0.3698503077030182 0.5205773711204529
18031 0.348653644323349 0.5319088101387024
18032 0.3488866090774536 0.48665276169776917
18033 0.3591815233230591 0.48303964734077454
18034 0.3409114480018616 0.49049127101898193
18035 0.3361188769340515 0.5668478608131409
18036 0.3387075960636139 0.538278341293335
18037 0.32904306054115295 0.5459330081939697
18038 0.3263351321220398 0.575420081615448
18039 0.3198291063308716 0.5542178153991699
18040 0.31660470366477966 0.5833334922790527
18041 0.31141144037246704 0.5613110065460205
18042 0.3638816177845001 0.5021615624427795
18043 0.35307776927948 0.5069742798805237
18044 0.34366852045059204 0.5112102031707764
18045 0.3349930942058563 0.5154448747634888
18046 0.3258834481239319 0.5234066247940063
18047 0.3154876232147217 0.5155346393585205
18048 0.30988144874572754 0.522222101688385
18049 0.30501097440719604 0.5248727202415466
18050 0.3001406192779541 0.5246924757957458
18051 0.3428937494754791 0.3947025239467621
18052 0.3298368453979492 0.42289644479751587
18053 0.3348376154899597 0.4121097922325134
18054 0.331108421087265 0.3961438238620758
18055 0.3272162973880768 0.41161391139030457
18056 0.3321737051010132 0.47388917207717896
18057 0.3340194821357727 0.49217110872268677
18058 0.3315185010433197 0.43625712394714355
18059 0.3335739076137543 0.4523288309574127
18060 0.331102192401886 0.4577297568321228
18061 0.3476477265357971 0.3459024727344513
18062 0.332771360874176 0.28717684745788574
18063 0.3391152024269104 0.3151088356971741
18064 0.33214443922042847 0.3468583822250366
18065 0.3385668992996216 0.37271595001220703
18066 0.32433512806892395 0.3207772970199585
18067 0.3022775948047638 0.36236369609832764
18068 0.28872156143188477 0.3761938512325287
18069 0.26912781596183777 0.4291592240333557
18070 0.2711556553840637 0.41550737619400024
18071 0.26816847920417786 0.44158005714416504
18072 0.2973649501800537 0.494621217250824
18073 0.2952498197555542 0.4960869550704956
18074 0.2822537422180176 0.49500706791877747
18075 0.26976850628852844 0.4745439887046814
18076 0.291327565908432 0.4968535602092743
18077 0.2739770710468292 0.4850723147392273
18078 0.26849356293678284 0.4560035169124603
18079 0.2782387137413025 0.39438825845718384
18080 0.28327569365501404 0.38520318269729614
18081 0.27439892292022705 0.4044632911682129
18082 0.29691600799560547 0.3676750659942627
18083 0.31731361150741577 0.30583757162094116
18084 0.32358017563819885 0.26639312505722046
18085 0.34407633543014526 0.2208104133605957
18086 0.38453400135040283 0.18018966913223267
18087 0.4215526580810547 0.15534698963165283
18088 0.4482159912586212 0.13160978257656097
18089 0.4810038208961487 0.12305038422346115
18090 0.30638137459754944 0.4117412865161896
18091 0.29876217246055603 0.4576959013938904
18092 0.3084266185760498 0.47961676120758057
18093 0.30491670966148376 0.48133593797683716
18094 0.30072668194770813 0.4783628582954407
18095 0.29738712310791016 0.4758487641811371
18096 0.291723370552063 0.46642425656318665
18097 0.2924259901046753 0.466198205947876
18098 0.2955780625343323 0.47327935695648193
18099 0.3125002384185791 0.47819164395332336
18100 0.3118893802165985 0.4485655128955841
18101 0.31611883640289307 0.47455132007598877
18102 0.31841570138931274 0.4697212278842926
18103 0.316983163356781 0.4560405910015106
18104 0.3134782314300537 0.4462388753890991
18105 0.31222811341285706 0.4418639540672302
18106 0.3143448233604431 0.400550901889801
18107 0.3118664026260376 0.40438106656074524
18108 0.30882227420806885 0.40804266929626465
18109 0.31530705094337463 0.40599462389945984
18110 0.31014153361320496 0.41260001063346863
18111 0.3130478262901306 0.40929797291755676
18112 0.3138948082923889 0.5053390860557556
18113 0.30855661630630493 0.49798065423965454
18114 0.30493563413619995 0.4954542815685272
18115 0.31152620911598206 0.4452844262123108
18116 0.3126455545425415 0.44787755608558655
18117 0.31519052386283875 0.45610153675079346
18118 0.3178529143333435 0.46903494000434875
18119 0.31667542457580566 0.47349652647972107
18120 0.3134247362613678 0.47736257314682007
18121 0.3085905611515045 0.47871601581573486
18122 0.3052845001220703 0.48220062255859375
18123 0.3016105592250824 0.4777114987373352
18124 0.29836392402648926 0.4753536581993103
18125 0.2960246503353119 0.4734055995941162
18126 0.2929031252861023 0.4665775001049042
18127 0.2970925271511078 0.4368535876274109
18128 0.2967280447483063 0.44284260272979736
18129 0.30727261304855347 0.4030764698982239
18130 0.3053394556045532 0.40720510482788086
18131 0.3000805079936981 0.39771565794944763
18132 0.3014228343963623 0.399370402097702
18133 0.2961384654045105 0.40622571110725403
18134 0.29737335443496704 0.40791088342666626
18135 0.3132763206958771 0.39558541774749756
18136 0.3105953335762024 0.3994692862033844
18137 0.30491772294044495 0.39395150542259216
18138 0.301932692527771 0.4137328863143921
18139 0.29570716619491577 0.4294145405292511
18140 0.2950112521648407 0.4358988106250763
18141 0.29370710253715515 0.45535123348236084
18142 0.291052907705307 0.45423680543899536
18143 0.2943085730075836 0.4417220950126648
18144 0.29217293858528137 0.4547570049762726
18145 0.29268679022789 0.42817336320877075
18146 0.2913861870765686 0.44079622626304626
18147 0.29174453020095825 0.4348343312740326
18148 0.29271888732910156 0.44107526540756226
18149 0.2932272255420685 0.4352573752403259
18150 0.2941358685493469 0.428571492433548
18151 0.29966622591018677 0.41070008277893066
18152 0.30340710282325745 0.40311241149902344
18153 0.30653172731399536 0.3983941674232483
18154 0.30902373790740967 0.3948778212070465
18155 0.29080283641815186 0.42764484882354736
18156 0.289953351020813 0.44059860706329346
18157 0.2889713943004608 0.45399823784828186
18158 0.29021352529525757 0.43438076972961426
18159 0.3159565031528473 0.3918888568878174
18160 0.32007554173469543 0.43084195256233215
18161 0.32352879643440247 0.43241074681282043
18162 0.3222954273223877 0.420882910490036
18163 0.3207813799381256 0.4293426275253296
18164 0.3220587372779846 0.4242135286331177
18165 0.32077905535697937 0.42792993783950806
18166 0.32136327028274536 0.425232470035553
18167 0.3201855719089508 0.43814849853515625
18168 0.314119815826416 0.43917837738990784
18169 0.32006222009658813 0.427888959646225
18170 0.3260015845298767 0.45997995138168335
18171 0.32046622037887573 0.4438101053237915
18172 0.3121843934059143 0.3904801607131958
18173 0.314075231552124 0.3807004988193512
18174 0.31507745385169983 0.38628897070884705
18175 0.31222766637802124 0.37717705965042114
18176 0.320132315158844 0.4338904619216919
18177 0.31967511773109436 0.433865487575531
18178 0.3191932141780853 0.4311146140098572
18179 0.31917452812194824 0.4333130717277527
18180 0.3178326189517975 0.4449254870414734
18181 0.31938183307647705 0.43860384821891785
18182 0.31832021474838257 0.43906253576278687
18183 0.3195772171020508 0.4442169666290283
18184 0.31855934858322144 0.4446353614330292
18185 0.3175765573978424 0.439026802778244
18186 0.3181062340736389 0.46949341893196106
18187 0.3175576627254486 0.4560747742652893
18188 0.31794309616088867 0.4566810131072998
18189 0.31807151436805725 0.4570963978767395
18190 0.32385170459747314 0.46013161540031433
18191 0.31507056951522827 0.44495561718940735
18192 0.3199734687805176 0.4726533889770508
18193 0.3021085858345032 0.49449819326400757
18194 0.29737401008605957 0.4765148460865021
18195 0.295274555683136 0.47358256578445435
18196 0.29327479004859924 0.477935791015625
18197 0.31298118829727173 0.49942004680633545
18198 0.31784766912460327 0.4864548444747925
18199 0.31565678119659424 0.47494325041770935
18200 0.31737852096557617 0.47974449396133423
18201 0.2957664430141449 0.48165756464004517
18202 0.29599809646606445 0.48517560958862305
18203 0.3000551760196686 0.4784323573112488
18204 0.3080711364746094 0.4833284914493561
18205 0.3120132088661194 0.4789218604564667
18206 0.31294476985931396 0.4959541857242584
18207 0.30831366777420044 0.4908761978149414
18208 0.3073199391365051 0.4957190454006195
18209 0.3128856420516968 0.48573362827301025
18210 0.3044610619544983 0.48191696405410767
18211 0.3035697340965271 0.4923999607563019
18212 0.2988169491291046 0.48355692625045776
18213 0.3006291389465332 0.4908149242401123
18214 0.29901307821273804 0.48780545592308044
18215 0.3032602369785309 0.48984283208847046
18216 0.30760881304740906 0.4931955933570862
18217 0.30378323793411255 0.48685193061828613
18218 0.3143210709095001 0.4566384553909302
18219 0.31015127897262573 0.443570613861084
18220 0.310712069272995 0.44843828678131104
18221 0.312604695558548 0.45647844672203064
18222 0.313485324382782 0.45903995633125305
18223 0.3101758360862732 0.43839606642723083
18224 0.30331870913505554 0.4416288435459137
18225 0.30554455518722534 0.449282705783844
18226 0.3119819760322571 0.4630638062953949
18227 0.31592267751693726 0.46678808331489563
18228 0.29975593090057373 0.43862617015838623
18229 0.31721678376197815 0.4142284393310547
18230 0.31550389528274536 0.41394302248954773
18231 0.3133883476257324 0.4144919216632843
18232 0.31148797273635864 0.4165562391281128
18233 0.309233158826828 0.41790682077407837
18234 0.3016377091407776 0.43369942903518677
18235 0.30568352341651917 0.4199286997318268
18236 0.3022129535675049 0.42534714937210083
18237 0.2907112240791321 0.47410666942596436
18238 0.2933385968208313 0.47039470076560974
18239 0.29391980171203613 0.47019413113594055
18240 0.2943940758705139 0.4703695774078369
18241 0.29017338156700134 0.4608292281627655
18242 0.29143017530441284 0.46093353629112244
18243 0.29239317774772644 0.4609508812427521
18244 0.28965404629707336 0.4472692012786865
18245 0.290942907333374 0.4477173089981079
18246 0.29213231801986694 0.4480639696121216
18247 0.2938431203365326 0.4485841989517212
18248 0.297159880399704 0.42360132932662964
18249 0.2954257130622864 0.4226076006889343
18250 0.2935827374458313 0.4216861128807068
18251 0.29193487763404846 0.4208936095237732
18252 0.29991739988327026 0.4746510982513428
18253 0.30308815836906433 0.4704035520553589
18254 0.3056083619594574 0.46964648365974426
18255 0.30802080035209656 0.46856722235679626
18256 0.3100784420967102 0.46970057487487793
18257 0.31149888038635254 0.47250276803970337
18258 0.31443554162979126 0.46947604417800903
18259 0.31127995252609253 0.4663979709148407
18260 0.2963836193084717 0.4893864393234253
18261 0.2991597354412079 0.49547019600868225
18262 0.28991255164146423 0.48906442523002625
18263 0.29347357153892517 0.4922965168952942
18264 0.2936950922012329 0.48603978753089905
18265 0.2896251380443573 0.482401579618454
18266 0.29363343119621277 0.481753408908844
18267 0.28971946239471436 0.4781838655471802
18268 0.2936144471168518 0.41408565640449524
18269 0.29557645320892334 0.41570189595222473
18270 0.29783153533935547 0.41722744703292847
18271 0.2999725043773651 0.4172230362892151
18272 0.3189825713634491 0.3859085440635681
18273 0.31791871786117554 0.38065215945243835
18274 0.31117644906044006 0.3866965174674988
18275 0.3093155026435852 0.3825719356536865
18276 0.30753034353256226 0.38979291915893555
18277 0.30694353580474854 0.38760945200920105
18278 0.3041653037071228 0.3928576707839966
18279 0.29112282395362854 0.4966101050376892
18280 0.29466357827186584 0.49847906827926636
18281 0.30013081431388855 0.4971754550933838
18282 0.3030489981174469 0.49549007415771484
18283 0.30536124110221863 0.4957078695297241
18284 0.3082813322544098 0.4969247281551361
18285 0.31458738446235657 0.5066806077957153
18286 0.32268786430358887 0.5049657821655273
18287 0.31786972284317017 0.45633378624916077
18288 0.31879252195358276 0.4707452356815338
18289 0.3161528706550598 0.4764094948768616
18290 0.3124725818634033 0.4820863902568817
18291 0.3083251118659973 0.48633450269699097
18292 0.30414825677871704 0.48438727855682373
18293 0.29923215508461 0.4805120527744293
18294 0.29669374227523804 0.47854083776474
18295 0.29403966665267944 0.47583386301994324
18296 0.2917429804801941 0.47221651673316956
18297 0.2900123596191406 0.4678163528442383
18298 0.28804755210876465 0.46175986528396606
18299 0.2867729961872101 0.45440673828125
18300 0.2860848903656006 0.44721168279647827
18301 0.28695836663246155 0.4402018189430237
18302 0.28781747817993164 0.43366965651512146
18303 0.2891390919685364 0.42712700366973877
18304 0.2910494804382324 0.42024174332618713
18305 0.29276686906814575 0.41344520449638367
18306 0.2961859107017517 0.40556591749191284
18307 0.29933708906173706 0.3976438343524933
18308 0.3028034269809723 0.39103764295578003
18309 0.3054521679878235 0.38555482029914856
18310 0.3069338798522949 0.3800083100795746
18311 0.30953067541122437 0.37401479482650757
18312 0.3057250678539276 0.4768677353858948
18313 0.30860400199890137 0.476077675819397
18314 0.3025256395339966 0.47620850801467896
18315 0.30146509408950806 0.4722243845462799
18316 0.30825093388557434 0.47205299139022827
18317 0.3058481812477112 0.47312426567077637
18318 0.3034098744392395 0.4731423258781433
18319 0.31065914034843445 0.3680959641933441
18320 0.3129652142524719 0.3696492612361908
18321 0.3162032961845398 0.3744843602180481
18322 0.3204173147678375 0.38135433197021484
18323 0.32214784622192383 0.375812292098999
18324 0.31846103072166443 0.3727283179759979
18325 0.31928104162216187 0.36255916953086853
18326 0.3121336102485657 0.3491975963115692
18327 0.30588632822036743 0.354081392288208
18328 0.28962868452072144 0.3850133419036865
18329 0.2999629080295563 0.372089147567749
18330 0.30433881282806396 0.3672857880592346
18331 0.3090130388736725 0.3495694398880005
18332 0.3077578842639923 0.36407941579818726
18333 0.31560662388801575 0.35318177938461304
18334 0.3154531717300415 0.36688628792762756
18335 0.3125954270362854 0.3611956536769867
18336 0.31026703119277954 0.36298441886901855
18337 0.29911893606185913 0.43004998564720154
18338 0.2999158501625061 0.42862895131111145
18339 0.3037296533584595 0.4218284785747528
18340 0.30177968740463257 0.42530566453933716
18341 0.3011312782764435 0.42567452788352966
18342 0.3037883937358856 0.42172372341156006
18343 0.3021897077560425 0.41721847653388977
18344 0.3041249215602875 0.41721445322036743
18345 0.30567964911460876 0.41835135221481323
18346 0.3075644373893738 0.41570860147476196
18347 0.3162490725517273 0.42019179463386536
18348 0.314813494682312 0.429774671792984
18349 0.3125351369380951 0.4322696924209595
18350 0.31020259857177734 0.432957261800766
18351 0.31033855676651 0.42029690742492676
18352 0.30675557255744934 0.42312830686569214
18353 0.3041524291038513 0.4282962381839752
18354 0.30398043990135193 0.4346350431442261
18355 0.30503779649734497 0.44153285026550293
18356 0.30675601959228516 0.4482250213623047
18357 0.31138935685157776 0.4584146738052368
18358 0.31510117650032043 0.4635140299797058
18359 0.3171326518058777 0.4635785222053528
18360 0.3186757564544678 0.4629814922809601
18361 0.31919342279434204 0.46304595470428467
18362 0.31945863366127014 0.46350494027137756
18363 0.32089492678642273 0.4651668965816498
18364 0.32245972752571106 0.4675275385379791
18365 0.32463181018829346 0.4706012010574341
18366 0.3291882872581482 0.4734664559364319
18367 0.31577181816101074 0.424644410610199
18368 0.3125171661376953 0.424296498298645
18369 0.30521780252456665 0.42462214827537537
18370 0.3071244955062866 0.43115195631980896
18371 0.3072713613510132 0.43631064891815186
18372 0.3076111078262329 0.4423865079879761
18373 0.30845946073532104 0.4484197497367859
18374 0.3114699423313141 0.4571390151977539
18375 0.307212769985199 0.42658618092536926
18376 0.3086733818054199 0.4222867488861084
18377 0.30756503343582153 0.41909822821617126
18378 0.3081052005290985 0.4161106050014496
18379 0.31008660793304443 0.4137042760848999
18380 0.31347930431365967 0.41131114959716797
18381 0.31576961278915405 0.41042062640190125
18382 0.31830304861068726 0.4102981984615326
18383 0.3229234516620636 0.41430342197418213
18384 0.32437199354171753 0.41979479789733887
18385 0.3261674642562866 0.429036408662796
18386 0.326698362827301 0.4396691918373108
18387 0.32649993896484375 0.44711408019065857
18388 0.324512243270874 0.45093801617622375
18389 0.3188908100128174 0.4503119885921478
18390 0.3180071711540222 0.45090964436531067
18391 0.3173676133155823 0.4506851136684418
18392 0.3106241226196289 0.42641961574554443
18393 0.30917951464653015 0.42847341299057007
18394 0.3086228668689728 0.45549553632736206
18395 0.30904310941696167 0.4538550078868866
18396 0.309834748506546 0.4535302221775055
18397 0.3114399015903473 0.45295730233192444
18398 0.31302937865257263 0.4521653652191162
18399 0.3137279152870178 0.4513235092163086
18400 0.31449294090270996 0.45055586099624634
18401 0.31559497117996216 0.44972336292266846
18402 0.29760676622390747 0.4725636839866638
18403 0.29577362537384033 0.46965473890304565
18404 0.29450199007987976 0.46580350399017334
18405 0.29388427734375 0.4607069492340088
18406 0.300818532705307 0.4468766152858734
18407 0.3045462369918823 0.4519863724708557
18408 0.30324915051460266 0.45659133791923523
18409 0.30830255150794983 0.4578719735145569
18410 0.30142441391944885 0.4621969759464264
18411 0.29646191000938416 0.46446576714515686
18412 0.29958441853523254 0.4649701714515686
18413 0.29780736565589905 0.4675375819206238
18414 0.31660985946655273 0.4370689392089844
18415 0.31710416078567505 0.43873974680900574
18416 0.316521555185318 0.443467915058136
18417 0.31651243567466736 0.44181278347969055
18418 0.31754517555236816 0.44443970918655396
18419 0.3177162706851959 0.4392338693141937
18420 0.3163279891014099 0.4464350938796997
18421 0.3163983225822449 0.44410473108291626
18422 0.31804946064949036 0.4352671802043915
18423 0.31718742847442627 0.4328611195087433
18424 0.3163793981075287 0.4392472803592682
18425 0.3166598081588745 0.4343263506889343
18426 0.3187965154647827 0.4285486042499542
18427 0.31683409214019775 0.45053035020828247
18428 0.3135637640953064 0.42164283990859985
18429 0.3118913769721985 0.41903212666511536
18430 0.3142551779747009 0.41929614543914795
18431 0.3131510615348816 0.41785043478012085
18432 0.31518176198005676 0.41633349657058716
18433 0.31672388315200806 0.41697317361831665
18434 0.29946357011795044 0.45268091559410095
18435 0.27588239312171936 0.4376082122325897
18436 0.278656005859375 0.41743290424346924
18437 0.27684253454208374 0.42841649055480957
18438 0.27329233288764954 0.42771416902542114
18439 0.274998277425766 0.4161122143268585
18440 0.27176710963249207 0.4388604164123535
18441 0.2723986506462097 0.46311742067337036
18442 0.2735329866409302 0.48109814524650574
18443 0.27252575755119324 0.4500696659088135
18444 0.27598851919174194 0.4483267664909363
18445 0.2975359559059143 0.45229244232177734
18446 0.276611864566803 0.44717323780059814
18447 0.2772650122642517 0.43744370341300964
18448 0.27828794717788696 0.42814239859580994
18449 0.2796155512332916 0.4184252917766571
18450 0.29992982745170593 0.45786598324775696
18451 0.29875361919403076 0.4584646224975586
18452 0.3009522557258606 0.45998653769493103
18453 0.3002227544784546 0.4619516432285309
18454 0.2810891270637512 0.3992231786251068
18455 0.282894492149353 0.4019079804420471
18456 0.28477612137794495 0.3948264718055725
18457 0.2866378724575043 0.3954748809337616
18458 0.27884677052497864 0.4066263437271118
18459 0.2809104323387146 0.40917521715164185
18460 0.2829870581626892 0.4015689790248871
18461 0.28175416588783264 0.4097082018852234
18462 0.2981106638908386 0.39585521817207336
18463 0.29455626010894775 0.40293705463409424
18464 0.28734278678894043 0.4258149266242981
18465 0.2851315140724182 0.4545056223869324
18466 0.2858647108078003 0.43256741762161255
18467 0.28527650237083435 0.43908756971359253
18468 0.29777291417121887 0.3948659598827362
18469 0.2888549268245697 0.4692445993423462
18470 0.28617995977401733 0.46277981996536255
18471 0.28453782200813293 0.447191447019577
18472 0.2894366979598999 0.4191652834415436
18473 0.2858862280845642 0.4712195098400116
18474 0.2824728786945343 0.4544883370399475
18475 0.2822205126285553 0.4469533860683441
18476 0.28320345282554626 0.4376639425754547
18477 0.28409141302108765 0.43103137612342834
18478 0.28549158573150635 0.4232526421546936
18479 0.2876448631286621 0.41636526584625244
18480 0.2835451364517212 0.46408015489578247
18481 0.2911967933177948 0.41198912262916565
18482 0.2934614419937134 0.4004363417625427
18483 0.2894115447998047 0.40915927290916443
18484 0.30609479546546936 0.3747999668121338
18485 0.30537688732147217 0.3796986937522888
18486 0.2998353838920593 0.3834514021873474
18487 0.30037441849708557 0.3871285319328308
18488 0.30366700887680054 0.3845926821231842
18489 0.30133458971977234 0.3895360231399536
18490 0.2963748276233673 0.4583117961883545
18491 0.27903425693511963 0.454619437456131
18492 0.27881920337677 0.4461270868778229
18493 0.2798852324485779 0.43709272146224976
18494 0.2807963192462921 0.4283604621887207
18495 0.28212031722068787 0.4200625419616699
18496 0.2813433110713959 0.465104341506958
18497 0.28061643242836 0.4548361897468567
18498 0.28040462732315063 0.44651558995246887
18499 0.28156593441963196 0.4373924732208252
18500 0.2825027406215668 0.4297579526901245
18501 0.28395092487335205 0.4216180145740509
18502 0.2980012893676758 0.46298471093177795
18503 0.28386297821998596 0.4735182523727417
18504 0.3031988739967346 0.3781319260597229
18505 0.301509827375412 0.4005262851715088
18506 0.29045534133911133 0.3980262279510498
18507 0.30666017532348633 0.3682565689086914
18508 0.30329373478889465 0.3713693618774414
18509 0.29883068799972534 0.37637394666671753
18510 0.3039989471435547 0.403186172246933
18511 0.28439557552337646 0.4108203053474426
18512 0.2852543294429779 0.4044173061847687
18513 0.2860608696937561 0.4135715961456299
18514 0.28742516040802 0.4069367051124573
18515 0.2876468002796173 0.3956647217273712
18516 0.30338922142982483 0.38212186098098755
18517 0.3261224925518036 0.3886662721633911
18518 0.3263627886772156 0.3666558563709259
18519 0.3214551508426666 0.3478057086467743
18520 0.3155195116996765 0.33498644828796387
18521 0.3100488483905792 0.5399578213691711
18522 0.3172590732574463 0.5330827832221985
18523 0.29640892148017883 0.4500882029533386
18524 0.29618045687675476 0.45618781447410583
18525 0.29947301745414734 0.47014886140823364
18526 0.3015258014202118 0.4679431915283203
18527 0.3037108778953552 0.4656714200973511
18528 0.30621814727783203 0.46322110295295715
18529 0.29982900619506836 0.452279269695282
18530 0.2976759970188141 0.46227508783340454
18531 0.29597288370132446 0.46078523993492126
18532 0.3201972544193268 0.3897011876106262
18533 0.3228912353515625 0.38955819606781006
18534 0.31713059544563293 0.3969341218471527
18535 0.3181230127811432 0.40358084440231323
18536 0.32059571146965027 0.41084814071655273
18537 0.3188222646713257 0.4150298833847046
18538 0.32174813747406006 0.4236885905265808
18539 0.32054057717323303 0.42598065733909607
18540 0.32104796171188354 0.4023280739784241
18541 0.3240821361541748 0.4047917127609253
18542 0.31793412566185 0.5010124444961548
18543 0.32721829414367676 0.4894678592681885
18544 0.3215712010860443 0.4752770960330963
18545 0.31905466318130493 0.4944245219230652
18546 0.3223118782043457 0.4840318560600281
18547 0.45021989941596985 0.5871957540512085
18548 0.39323750138282776 0.5251678228378296
18549 0.4948679804801941 0.6005893349647522
18550 0.3857992887496948 0.3963474631309509
18551 0.4073171019554138 0.5721103549003601
18552 0.3991714417934418 0.5598592758178711
18553 0.3876081109046936 0.4283432364463806
18554 0.41176682710647583 0.564910888671875
18555 0.3985184133052826 0.53898024559021
18556 0.3949001431465149 0.41215288639068604
18557 0.392620712518692 0.545015275478363
18558 0.4039921760559082 0.5536322593688965
18559 0.4946894645690918 0.586107611656189
18560 0.4858907163143158 0.587415337562561
18561 0.4856695234775543 0.6015735864639282
18562 0.4861016273498535 0.3210536241531372
18563 0.4834060072898865 0.3243381083011627
18564 0.4952360987663269 0.3178948760032654
18565 0.49192529916763306 0.31797364354133606
18566 0.4847339987754822 0.31494081020355225
18567 0.481853723526001 0.31797829270362854
18568 0.37407612800598145 0.26863420009613037
18569 0.3804471492767334 0.22480453550815582
18570 0.47499313950538635 0.3456580340862274
18571 0.4800838530063629 0.331491082906723
18572 0.47435495257377625 0.314736932516098
18573 0.4713887572288513 0.3231510519981384
18574 0.47147220373153687 0.3466072082519531
18575 0.4785268306732178 0.3252148926258087
18576 0.4766429662704468 0.3342624306678772
18577 0.3771905303001404 0.3034820854663849
18578 0.47754618525505066 0.305215984582901
18579 0.40430378913879395 0.39796194434165955
18580 0.3962303400039673 0.3805532455444336
18581 0.47783127427101135 0.33806905150413513
18582 0.47284048795700073 0.34388381242752075
18583 0.3819200098514557 0.3345603048801422
18584 0.4655095934867859 0.3437156677246094
18585 0.4669017195701599 0.33809325098991394
18586 0.4690498113632202 0.3316734731197357
18587 0.47500115633010864 0.3401302099227905
18588 0.47636109590530396 0.3418034315109253
18589 0.4739016890525818 0.34746524691581726
18590 0.46660345792770386 0.3175135850906372
18591 0.470236599445343 0.3092166781425476
18592 0.4570082128047943 0.14333245158195496
18593 0.4625011384487152 0.33479851484298706
18594 0.4640843868255615 0.3260456919670105
18595 0.45384642481803894 0.320328950881958
18596 0.45893430709838867 0.32184863090515137
18597 0.38946282863616943 0.3606983721256256
18598 0.4553975462913513 0.3078806698322296
18599 0.45891618728637695 0.2960619032382965
18600 0.45292943716049194 0.33232998847961426
18601 0.46179062128067017 0.3429373800754547
18602 0.4576647877693176 0.3433314859867096
18603 0.453464150428772 0.3443025052547455
18604 0.4291479289531708 0.16153135895729065
18605 0.398616760969162 0.1902657449245453
18606 0.4895508587360382 0.2925216555595398
18607 0.49365541338920593 0.30060267448425293
18608 0.48961737751960754 0.29966381192207336
18609 0.49103957414627075 0.3113360106945038
18610 0.49440643191337585 0.3107391893863678
18611 0.48938238620758057 0.25933676958084106
18612 0.49370092153549194 0.29451388120651245
18613 0.4943195581436157 0.2842584252357483
18614 0.47355151176452637 0.298689603805542
18615 0.4782560467720032 0.2915879786014557
18616 0.49415889382362366 0.2801748812198639
18617 0.4976554811000824 0.2956172227859497
18618 0.49798309803009033 0.31342267990112305
18619 0.49003422260284424 0.28589391708374023
18620 0.4938090443611145 0.28833839297294617
18621 0.4639247953891754 0.28487884998321533
18622 0.48259997367858887 0.26314517855644226
18623 0.49158623814582825 0.28183218836784363
18624 0.4753476679325104 0.28300416469573975
18625 0.4766138792037964 0.26747170090675354
18626 0.47005942463874817 0.27548569440841675
18627 0.48066309094429016 0.3002549111843109
18628 0.4489268958568573 0.34755927324295044
18629 0.447953999042511 0.3333453834056854
18630 0.44798824191093445 0.31989744305610657
18631 0.4493429958820343 0.3059666156768799
18632 0.45250532031059265 0.2912071645259857
18633 0.457506388425827 0.27756989002227783
18634 0.4637470245361328 0.26711735129356384
18635 0.47080475091934204 0.26065492630004883
18636 0.47884249687194824 0.25441664457321167
18637 0.4866420030593872 0.24953484535217285
18638 0.49505990743637085 0.2473061978816986
18639 0.497614324092865 0.29017332196235657
18640 0.4605281352996826 0.3111414909362793
18641 0.46404802799224854 0.3005087077617645
18642 0.45756393671035767 0.33291274309158325
18643 0.46898382902145386 0.2908574938774109
18644 0.49169135093688965 0.2676025331020355
18645 0.48633110523223877 0.27051055431365967
18646 0.4811913073062897 0.2748926877975464
18647 0.4830509424209595 0.2392605096101761
18648 0.47272172570228577 0.24515962600708008
18649 0.46418994665145874 0.25142332911491394
18650 0.4553202688694 0.2593350410461426
18651 0.4484822154045105 0.27268025279045105
18652 0.4437527358531952 0.28853267431259155
18653 0.44094282388687134 0.3047347068786621
18654 0.44063860177993774 0.3215060234069824
18655 0.4411868751049042 0.33597177267074585
18656 0.44279733300209045 0.3527728319168091
18657 0.4943218529224396 0.23560234904289246
18658 0.4895171821117401 0.319147527217865
18659 0.4877151846885681 0.31331342458724976
18660 0.4842241704463959 0.2901093065738678
18661 0.4849388003349304 0.29899275302886963
18662 0.48597651720046997 0.281807541847229
18663 0.48919737339019775 0.2770499885082245
18664 0.4930894374847412 0.27443307638168335
18665 0.4973766803741455 0.2736317813396454
18666 0.4830171763896942 0.13767722249031067
18667 0.49765345454216003 0.28510940074920654
18668 0.4970436096191406 0.2664523124694824
18669 0.49837422370910645 0.3182443380355835
18670 0.4975207448005676 0.3013143539428711
18671 0.49766141176223755 0.28002628684043884
18672 0.4960341155529022 0.2568768560886383
18673 0.41615259647369385 0.5579844117164612
18674 0.4082927107810974 0.5478047132492065
18675 0.4717506170272827 0.3506819009780884
18676 0.46037137508392334 0.5756970643997192
18677 0.4112967848777771 0.41272231936454773
18678 0.4430268108844757 0.57510906457901
18679 0.45215362310409546 0.5753008127212524
18680 0.3987825810909271 0.5210505723953247
18681 0.46941494941711426 0.5767332911491394
18682 0.47744691371917725 0.5761248469352722
18683 0.49451151490211487 0.5723527669906616
18684 0.47427064180374146 0.3503783047199249
18685 0.46233808994293213 0.35104846954345703
18686 0.4031371772289276 0.425091028213501
18687 0.4657849669456482 0.3508584797382355
18688 0.3971479535102844 0.4390532374382019
18689 0.45510101318359375 0.3567295968532562
18690 0.4494609832763672 0.3610175549983978
18691 0.4703153073787689 0.5647594928741455
18692 0.4782739281654358 0.5644309520721436
18693 0.47463473677635193 0.35414567589759827
18694 0.4725100100040436 0.3552403748035431
18695 0.4674432873725891 0.3590090274810791
18696 0.462810754776001 0.3612368702888489
18697 0.45753681659698486 0.37020593881607056
18698 0.45194825530052185 0.37510746717453003
18699 0.41769587993621826 0.4254884421825409
18700 0.4121379852294922 0.4382925033569336
18701 0.4055945873260498 0.45025742053985596
18702 0.4033358693122864 0.5175912380218506
18703 0.40697765350341797 0.5293045043945312
18704 0.4195514917373657 0.5512308478355408
18705 0.44512760639190674 0.5660134553909302
18706 0.45408326387405396 0.5637511014938354
18707 0.4620116949081421 0.5643390417098999
18708 0.4943590760231018 0.5596975088119507
18709 0.4589999318122864 0.35392680764198303
18710 0.45955121517181396 0.3649127185344696
18711 0.4438278079032898 0.3675394654273987
18712 0.44662314653396606 0.38254398107528687
18713 0.403084933757782 0.5341684222221375
18714 0.41200605034828186 0.5417328476905823
18715 0.42466098070144653 0.5662925243377686
18716 0.42763853073120117 0.5582156181335449
18717 0.43310844898223877 0.5714938640594482
18718 0.435933381319046 0.5627027750015259
18719 0.4860247075557709 0.5740318298339844
18720 0.4861825108528137 0.5621675848960876
18721 0.44734278321266174 0.5555081367492676
18722 0.49413084983825684 0.3800034821033478
18723 0.4976212680339813 0.41919708251953125
18724 0.49652546644210815 0.4195578992366791
18725 0.49358880519866943 0.3969261348247528
18726 0.4858900308609009 0.40214502811431885
18727 0.48220711946487427 0.41218286752700806
18728 0.48215800523757935 0.40890875458717346
18729 0.47021663188934326 0.37380367517471313
18730 0.4725450277328491 0.38529157638549805
18731 0.4693429172039032 0.3915669322013855
18732 0.4668234884738922 0.3817945718765259
18733 0.4768408238887787 0.3577861785888672
18734 0.4551734924316406 0.5562459230422974
18735 0.47166264057159424 0.4022590219974518
18736 0.47419506311416626 0.3969419300556183
18737 0.4865834712982178 0.37556344270706177
18738 0.4779013991355896 0.41763585805892944
18739 0.4953276515007019 0.41883400082588196
18740 0.48024433851242065 0.41846275329589844
18741 0.4986412823200226 0.44154849648475647
18742 0.4075164496898651 0.5151463747024536
18743 0.42155101895332336 0.5442774295806885
18744 0.46925869584083557 0.432536244392395
18745 0.41049161553382874 0.5253198742866516
18746 0.46303433179855347 0.5548334121704102
18747 0.4706718921661377 0.5529235005378723
18748 0.4808940291404724 0.5387927293777466
18749 0.4879804849624634 0.5389162302017212
18750 0.48418310284614563 0.529295027256012
18751 0.4905650019645691 0.5032151937484741
18752 0.49637874960899353 0.40873193740844727
18753 0.49522119760513306 0.4095152020454407
18754 0.4857722818851471 0.5207744836807251
18755 0.478964626789093 0.5541156530380249
18756 0.48677903413772583 0.5505688786506653
18757 0.481438547372818 0.4027859568595886
18758 0.48432743549346924 0.40987449884414673
18759 0.4850359857082367 0.40571150183677673
18760 0.47474968433380127 0.3598252236843109
18761 0.46465614438056946 0.3713359236717224
18762 0.45397284626960754 0.38723453879356384
18763 0.4636228680610657 0.41886812448501587
18764 0.46065446734428406 0.4084271490573883
18765 0.46106287837028503 0.391194611787796
18766 0.457387238740921 0.3973514437675476
18767 0.44853487610816956 0.5469553470611572
18768 0.42417246103286743 0.5373506546020508
18769 0.479265034198761 0.5274370908737183
18770 0.46922826766967773 0.5420249104499817
18771 0.47549861669540405 0.5356277823448181
18772 0.45545464754104614 0.5486798882484436
18773 0.41437041759490967 0.5216059684753418
18774 0.41166138648986816 0.5128340721130371
18775 0.48301613330841064 0.5200179815292358
18776 0.4630971848964691 0.5464309453964233
18777 0.4279358983039856 0.44619059562683105
18778 0.4230601191520691 0.43752703070640564
18779 0.4181484878063202 0.4465140998363495
18780 0.42310693860054016 0.45389145612716675
18781 0.4978750944137573 0.3806582987308502
18782 0.4690574109554291 0.36787477135658264
18783 0.4190717041492462 0.46231916546821594
18784 0.41216257214546204 0.4576485753059387
18785 0.4711524248123169 0.42993640899658203
18786 0.4582406282424927 0.38107961416244507
18787 0.46695569157600403 0.41262540221214294
18788 0.464289128780365 0.40182405710220337
18789 0.4558234214782715 0.4872547388076782
18790 0.45379316806793213 0.49848365783691406
18791 0.4320196509361267 0.4537053108215332
18792 0.4270004630088806 0.4605191648006439
18793 0.42348712682724 0.4696712791919708
18794 0.4776001572608948 0.3645564317703247
18795 0.4800453782081604 0.3625631034374237
18796 0.4836527407169342 0.36720511317253113
18797 0.4874722957611084 0.37059205770492554
18798 0.4958817958831787 0.4192684292793274
18799 0.49747222661972046 0.5004900693893433
18800 0.49871307611465454 0.4191490411758423
18801 0.47760310769081116 0.42297273874282837
18802 0.46944373846054077 0.40705105662345886
18803 0.4668765962123871 0.3964182138442993
18804 0.4638950228691101 0.38583242893218994
18805 0.4615442156791687 0.375778466463089
18806 0.4659609794616699 0.4403694272041321
18807 0.45933252573013306 0.4260237216949463
18808 0.4558551609516144 0.4168046712875366
18809 0.4502424895763397 0.3963569104671478
18810 0.45222797989845276 0.4060956537723541
18811 0.49428290128707886 0.4934307932853699
18812 0.49129629135131836 0.4954235255718231
18813 0.4973747730255127 0.42248380184173584
18814 0.4947595000267029 0.41455215215682983
18815 0.49524712562561035 0.4135112464427948
18816 0.4962601661682129 0.4127972722053528
18817 0.4973498582839966 0.41235190629959106
18818 0.4843018651008606 0.5112529397010803
18819 0.48849958181381226 0.5116086006164551
18820 0.49691683053970337 0.5094342231750488
18821 0.4858119487762451 0.40858888626098633
18822 0.4898497462272644 0.39739590883255005
18823 0.49046754837036133 0.37821489572525024
18824 0.4911916255950928 0.37374255061149597
18825 0.4954930245876312 0.4167884588241577
18826 0.49598315358161926 0.4164884388446808
18827 0.49675533175468445 0.4161209464073181
18828 0.49763399362564087 0.4158417284488678
18829 0.4566310942173004 0.4730112552642822
18830 0.44872719049453735 0.472907692193985
18831 0.4492394030094147 0.4897633194923401
18832 0.43787437677383423 0.4951501190662384
18833 0.43876683712005615 0.47615504264831543
18834 0.4352712333202362 0.4641549289226532
18835 0.44385603070259094 0.4732387661933899
18836 0.445220023393631 0.48961392045021057
18837 0.44083258509635925 0.4913533329963684
18838 0.41508880257606506 0.5355223417282104
18839 0.41853874921798706 0.5302487015724182
18840 0.42952895164489746 0.5495933294296265
18841 0.4317241907119751 0.5408540368080139
18842 0.43841344118118286 0.5538089275360107
18843 0.44056132435798645 0.5432620048522949
18844 0.45219898223876953 0.51263827085495
18845 0.4626559317111969 0.5098592042922974
18846 0.4605657458305359 0.5127729177474976
18847 0.46381136775016785 0.5072557926177979
18848 0.45757561922073364 0.5137949585914612
18849 0.4551527500152588 0.5128520131111145
18850 0.4491806924343109 0.5118971467018127
18851 0.44687318801879883 0.5107089281082153
18852 0.43690818548202515 0.5100771188735962
18853 0.4492154121398926 0.5000690221786499
18854 0.44126054644584656 0.5020909309387207
18855 0.44340062141418457 0.510973334312439
18856 0.44638583064079285 0.4993046820163727
18857 0.4433940649032593 0.5002909302711487
18858 0.4405086636543274 0.51095050573349
18859 0.4468427300453186 0.5103549957275391
18860 0.4530934691429138 0.5025076866149902
18861 0.4407474994659424 0.5084988474845886
18862 0.4519181251525879 0.5101286172866821
18863 0.4568665325641632 0.5100424289703369
18864 0.4427090585231781 0.5040472745895386
18865 0.4621076285839081 0.5073848962783813
18866 0.45961838960647583 0.5087917447090149
18867 0.4631478488445282 0.504774272441864
18868 0.4493409991264343 0.502232551574707
18869 0.454367995262146 0.5104476809501648
18870 0.44934824109077454 0.5102670192718506
18871 0.44428402185440063 0.5099707841873169
18872 0.4446345567703247 0.5033062696456909
18873 0.44684380292892456 0.5026130676269531
18874 0.44656938314437866 0.509743869304657
18875 0.452934205532074 0.5005471110343933
18876 0.44430068135261536 0.509364128112793
18877 0.45747748017311096 0.5117446780204773
18878 0.44881436228752136 0.5117465257644653
18879 0.44292473793029785 0.5043072700500488
18880 0.44901224970817566 0.5026897192001343
18881 0.45172354578971863 0.5133387446403503
18882 0.4548123776912689 0.513390064239502
18883 0.4601064622402191 0.5087788105010986
18884 0.4469435214996338 0.5029988884925842
18885 0.4447523355484009 0.5036520957946777
18886 0.4421696364879608 0.5093649625778198
18887 0.49486789107322693 0.537915050983429
18888 0.4963095486164093 0.5189282894134521
18889 0.49862897396087646 0.4258524477481842
18890 0.4956086277961731 0.5281214118003845
18891 0.49831682443618774 0.4091990292072296
18892 0.49446359276771545 0.5481127500534058
18893 0.4985784888267517 0.42960992455482483
18894 0.49847519397735596 0.4333702027797699
18895 0.4974965453147888 0.40460413694381714
18896 0.4981038570404053 0.4915078282356262
18897 0.4987243115901947 0.42259731888771057
18898 0.49858346581459045 0.41229546070098877
18899 0.4981223940849304 0.4835766553878784
18900 0.4986391067504883 0.41567254066467285
18901 0.497881680727005 0.3761984705924988
18902 0.4940668046474457 0.41921213269233704
18903 0.4932771921157837 0.4200245141983032
18904 0.49491259455680847 0.4177153408527374
18905 0.4897940456867218 0.5291618704795837
18906 0.4935581684112549 0.5018208026885986
18907 0.49162009358406067 0.5194585919380188
18908 0.49255886673927307 0.5099307894706726
18909 0.48716434836387634 0.4049038290977478
18910 0.49030521512031555 0.40266746282577515
18911 0.4940386712551117 0.4037259817123413
18912 0.4932359755039215 0.4067491590976715
18913 0.49045050144195557 0.40448570251464844
18914 0.49447035789489746 0.37579143047332764
18915 0.3749972879886627 0.4158274233341217
18916 0.48288804292678833 0.41595184803009033
18917 0.4813859164714813 0.4213014841079712
18918 0.48404401540756226 0.41974207758903503
18919 0.4827880263328552 0.42431211471557617
18920 0.4968702793121338 0.4295794367790222
18921 0.49703145027160645 0.4257645606994629
18922 0.4921625554561615 0.4243607521057129
18923 0.49254798889160156 0.4221954941749573
18924 0.49285006523132324 0.42078888416290283
18925 0.49633532762527466 0.4423867166042328
18926 0.49674132466316223 0.4333752691745758
18927 0.49552053213119507 0.4253845512866974
18928 0.4961644113063812 0.422410249710083
18929 0.49520617723464966 0.42132049798965454
18930 0.4946437180042267 0.42025867104530334
18931 0.4914901852607727 0.4267178177833557
18932 0.4910532832145691 0.42991402745246887
18933 0.487809419631958 0.4524344801902771
18934 0.49462127685546875 0.4418320953845978
18935 0.49496981501579285 0.4330741763114929
18936 0.49512630701065063 0.42918169498443604
18937 0.49404746294021606 0.42207077145576477
18938 0.4938923120498657 0.4207775294780731
18939 0.4895235598087311 0.4397209882736206
18940 0.4882659614086151 0.4459472596645355
18941 0.4938192367553711 0.4249705672264099
18942 0.49329638481140137 0.42810946702957153
18943 0.492919921875 0.43202340602874756
18944 0.49216872453689575 0.44139420986175537
18945 0.4777771830558777 0.43208247423171997
18946 0.4554429054260254 0.49875378608703613
18947 0.4582997262477875 0.4863504469394684
18948 0.4827682375907898 0.45827874541282654
18949 0.470955491065979 0.4411800503730774
18950 0.48011741042137146 0.46326780319213867
18951 0.46869096159935 0.446908175945282
18952 0.45998284220695496 0.4730519652366638
18953 0.45460081100463867 0.5027083158493042
18954 0.45457470417022705 0.5032594203948975
18955 0.4566105604171753 0.502393364906311
18956 0.45630112290382385 0.5024258494377136
18957 0.47422969341278076 0.4583984911441803
18958 0.47999221086502075 0.45372769236564636
18959 0.4809672236442566 0.42356163263320923
18960 0.4820445477962494 0.4276733696460724
18961 0.4732455611228943 0.4486004710197449
18962 0.4712197184562683 0.45301568508148193
18963 0.46274036169052124 0.4746387004852295
18964 0.4596136510372162 0.48640862107276917
18965 0.4567379653453827 0.49874380230903625
18966 0.4978727698326111 0.4668272137641907
18967 0.49854397773742676 0.4475371241569519
18968 0.4980098009109497 0.4601627588272095
18969 0.49852538108825684 0.45337867736816406
18970 0.4979487955570221 0.47570812702178955
18971 0.4956516623497009 0.45421111583709717
18972 0.49595221877098083 0.4480149745941162
18973 0.4945055842399597 0.4547610878944397
18974 0.49486151337623596 0.4489820897579193
18975 0.4918532371520996 0.44867074489593506
18976 0.4912181496620178 0.453692764043808
18977 0.4867401123046875 0.45733845233917236
18978 0.49497807025909424 0.4609319567680359
18979 0.4856574237346649 0.4621170163154602
18980 0.48403364419937134 0.46627217531204224
18981 0.490031361579895 0.45924079418182373
18982 0.49392634630203247 0.4611513018608093
18983 0.4887659251689911 0.4652610421180725
18984 0.4866168200969696 0.4703606069087982
18985 0.49164119362831116 0.488214373588562
18986 0.4944417476654053 0.48588401079177856
18987 0.4914768636226654 0.48069992661476135
18988 0.49421748518943787 0.468380868434906
18989 0.4897475242614746 0.4739673435688019
18990 0.4940806031227112 0.4774780571460724
18991 0.49257510900497437 0.4679146409034729
18992 0.48388218879699707 0.4543992578983307
18993 0.4808228015899658 0.450091689825058
18994 0.4796109199523926 0.426943302154541
18995 0.4803054928779602 0.4241906702518463
18996 0.4848310649394989 0.44864508509635925
18997 0.4789167642593384 0.4300501048564911
18998 0.4818066358566284 0.44408857822418213
18999 0.4853236675262451 0.44353243708610535
19000 0.48042377829551697 0.4322577118873596
19001 0.48290950059890747 0.4337979555130005
19002 0.48141932487487793 0.4301660656929016
19003 0.4793972373008728 0.43702244758605957
19004 0.4787682890892029 0.4411012530326843
19005 0.48223379254341125 0.439250111579895
19006 0.4633224606513977 0.5137567520141602
19007 0.4614333212375641 0.5173372030258179
19008 0.4647091031074524 0.5096904635429382
19009 0.4593764543533325 0.5198855996131897
19010 0.45672380924224854 0.5213885307312012
19011 0.45319074392318726 0.5225473046302795
19012 0.428129643201828 0.5309593677520752
19013 0.4350682497024536 0.532556414604187
19014 0.449354887008667 0.5380595326423645
19015 0.4553362727165222 0.5406241416931152
19016 0.46105247735977173 0.5402261018753052
19017 0.46622446179389954 0.5364264249801636
19018 0.4704420268535614 0.5311540365219116
19019 0.47499024868011475 0.5256431102752686
19020 0.43243563175201416 0.5140619277954102
19021 0.44541674852371216 0.5175315737724304
19022 0.4492298364639282 0.5215835571289062
19023 0.44106870889663696 0.5172235369682312
19024 0.4371113181114197 0.5164857506752014
19025 0.42247456312179565 0.5261770486831665
19026 0.44262731075286865 0.5343647003173828
19027 0.4773569107055664 0.5205963253974915
19028 0.47698974609375 0.5889768004417419
19029 0.42095181345939636 0.5741145014762878
19030 0.4406058192253113 0.5842256546020508
19031 0.4272896647453308 0.5905376076698303
19032 0.4167189598083496 0.5824574828147888
19033 0.43048930168151855 0.5804511308670044
19034 0.43740949034690857 0.5955227613449097
19035 0.458604633808136 0.5880314707756042
19036 0.4668225646018982 0.6023381948471069
19037 0.4763328433036804 0.6025341749191284
19038 0.46839508414268494 0.5886303186416626
19039 0.44743308424949646 0.5991878509521484
19040 0.45691487193107605 0.6009821891784668
19041 0.3832862377166748 0.4465751349925995
19042 0.3817615211009979 0.4642995297908783
19043 0.3909013569355011 0.4682561159133911
19044 0.39543417096138 0.5078481435775757
19045 0.3929763436317444 0.4537339210510254
19046 0.40163493156433105 0.4617009162902832
19047 0.39943110942840576 0.47305673360824585
19048 0.4009963870048523 0.5061212778091431
19049 0.405460000038147 0.5053422451019287
19050 0.4081869423389435 0.4671381115913391
19051 0.4101739823818207 0.5040547251701355
19052 0.4102317690849304 0.47899460792541504
19053 0.41341257095336914 0.47263234853744507
19054 0.40567177534103394 0.4767608046531677
19055 0.419819176197052 0.4791165590286255
19056 0.3691520094871521 0.43917131423950195
19057 0.36903083324432373 0.4616147577762604
19058 0.3915310800075531 0.4823775887489319
19059 0.39887964725494385 0.4837135970592499
19060 0.4042513370513916 0.48528361320495605
19061 0.40851444005966187 0.4883638620376587
19062 0.4180075228214264 0.5190767645835876
19063 0.41512465476989746 0.5112074613571167
19064 0.4510411024093628 0.49954700469970703
19065 0.45141446590423584 0.5024201273918152
19066 0.45178645849227905 0.49815505743026733
19067 0.452791690826416 0.4879102408885956
19068 0.4530176818370819 0.4727710485458374
19069 0.4626303017139435 0.43318670988082886
19070 0.4667157232761383 0.4276750385761261
19071 0.46955305337905884 0.42205315828323364
19072 0.4717438817024231 0.4162469208240509
19073 0.47336915135383606 0.41078975796699524
19074 0.4756358563899994 0.40598100423812866
19075 0.481399267911911 0.3968283534049988
19076 0.485633909702301 0.3939381241798401
19077 0.4898061156272888 0.39264580607414246
19078 0.4934835731983185 0.392720490694046
19079 0.4975028336048126 0.394774854183197
19080 0.4519047141075134 0.4979884624481201
19081 0.44920435547828674 0.4977322518825531
19082 0.44566231966018677 0.49743160605430603
19083 0.4422820806503296 0.4984882175922394
19084 0.4397646188735962 0.4998006820678711
19085 0.4345800280570984 0.5121628642082214
19086 0.43901246786117554 0.5134811997413635
19087 0.4422578811645508 0.5142615437507629
19088 0.4463200271129608 0.5137495994567871
19089 0.4490615725517273 0.5162908434867859
19090 0.4530109763145447 0.5207719802856445
19091 0.4558795094490051 0.5165471434593201
19092 0.45895156264305115 0.5180985927581787
19093 0.4612463116645813 0.5156838893890381
19094 0.46303367614746094 0.5121962428092957
19095 0.46412867307662964 0.5086299777030945
19096 0.45690035820007324 0.496634840965271
19097 0.4560835361480713 0.49676772952079773
19098 0.4540112018585205 0.49791932106018066
19099 0.4870768189430237 0.33647653460502625
19100 0.48954102396965027 0.3349549174308777
19101 0.4888845682144165 0.34294989705085754
19102 0.4888845682144165 0.34294989705085754
19103 0.4888845682144165 0.34294989705085754
19104 0.4888845682144165 0.34294989705085754
19105 0.4888845682144165 0.34294989705085754
19106 0.4888845980167389 0.34294989705085754
19107 0.4888845682144165 0.34294989705085754
19108 0.4888845682144165 0.34294989705085754
19109 0.4888845384120941 0.34294989705085754
19110 0.4964446425437927 0.3412260413169861
19111 0.4941338002681732 0.3421279191970825
19112 0.4888845682144165 0.34294989705085754
19113 0.4888589084148407 0.3425271511077881
19114 0.492667019367218 0.34294989705085754
19115 0.4959452748298645 0.3429509997367859
19116 0.49005281925201416 0.34294989705085754
19117 0.4931904673576355 0.34294989705085754
19118 0.48882579803466797 0.3419814705848694
19119 0.4895750880241394 0.3421511948108673
19120 0.4888845682144165 0.34294989705085754
19121 0.4888845682144165 0.34294989705085754
19122 0.496324360370636 0.332034707069397
19123 0.494209349155426 0.33300554752349854
19124 0.48147618770599365 0.3418290615081787
19125 0.48416441679000854 0.33907783031463623
19126 0.4800175428390503 0.34682637453079224
19127 0.49839186668395996 0.3315742015838623
19128 0.4974004030227661 0.3429522216320038
19129 0.4888845682144165 0.34294989705085754
19130 0.4888845682144165 0.34294989705085754
19131 0.4888845682144165 0.34294989705085754
19132 0.48016396164894104 0.34668976068496704
19133 0.49828818440437317 0.34295299649238586
19134 0.4888845682144165 0.34294989705085754
19135 0.4888845682144165 0.34294989705085754
19136 0.4811576008796692 0.3463919758796692
19137 0.4888845682144165 0.34294989705085754
19138 0.4888845682144165 0.34294989705085754
19139 0.47908860445022583 0.3471006453037262
19140 0.4790688455104828 0.34709465503692627
19141 0.4797682762145996 0.34245625138282776
19142 0.4808564782142639 0.3413560092449188
19143 0.4830097556114197 0.3381521701812744
19144 0.4866590201854706 0.33434587717056274
19145 0.48879486322402954 0.3319922685623169
19146 0.49379560351371765 0.32836440205574036
19147 0.49604180455207825 0.3277168273925781
19148 0.48252588510513306 0.3452502489089966
19149 0.4826413094997406 0.3450862765312195
19150 0.4831567704677582 0.34519433975219727
19151 0.48353078961372375 0.3417817950248718
19152 0.4845130443572998 0.3405205309391022
19153 0.48742610216140747 0.3381805419921875
19154 0.48968636989593506 0.3370714783668518
19155 0.4945361614227295 0.33612173795700073
19156 0.49644866585731506 0.33525747060775757
19157 0.4848921597003937 0.3429499864578247
19158 0.4850924611091614 0.3429500162601471
19159 0.4849241375923157 0.34295007586479187
19160 0.48712942004203796 0.3416079878807068
19161 0.48756521940231323 0.3408355116844177
19162 0.48817357420921326 0.3399112820625305
19163 0.4897496998310089 0.3392620086669922
19164 0.494594931602478 0.3393228352069855
19165 0.49657076597213745 0.338113009929657
19166 0.4888845682144165 0.34294989705085754
19167 0.4888845682144165 0.34294989705085754
19168 0.4888845682144165 0.34294989705085754
19169 0.4888845682144165 0.34294989705085754
19170 0.4888845682144165 0.34294989705085754
19171 0.4888845682144165 0.34294989705085754
19172 0.4985475540161133 0.3412875235080719
19173 0.4984493553638458 0.3275386691093445
19174 0.49844449758529663 0.3348754644393921
19175 0.49847325682640076 0.3380909264087677
19176 0.49124664068222046 0.33025428652763367
19177 0.4888845682144165 0.34294989705085754
19178 0.4888845682144165 0.34294986724853516
19179 0.49213072657585144 0.33912238478660583
19180 0.4917261004447937 0.34206271171569824
19181 0.4906587600708008 0.34294989705085754
19182 0.49205151200294495 0.3338471055030823
19183 0.4922334551811218 0.3367744982242584
19184 0.4978368878364563 0.3429526090621948
19185 0.49420997500419617 0.34294989705085754
19186 0.4916595220565796 0.34294989705085754
19187 0.4892060458660126 0.34294989705085754
19188 0.4888845682144165 0.34294989705085754
19189 0.4888845682144165 0.34294989705085754
19190 0.4888845682144165 0.34294989705085754
19191 0.4888845682144165 0.34294986724853516
19192 0.4888845682144165 0.34294989705085754
19193 0.4888845682144165 0.34294989705085754
19194 0.4888845682144165 0.34294989705085754
19195 0.4776459336280823 0.3466689884662628
19196 0.47817331552505493 0.34547919034957886
19197 0.47936785221099854 0.3423238694667816
19198 0.479566752910614 0.34094148874282837
19199 0.4821593165397644 0.3368014097213745
19200 0.48569369316101074 0.3322516083717346
19201 0.4879058003425598 0.32896697521209717
19202 0.49077433347702026 0.32722678780555725
19203 0.49330317974090576 0.32543352246284485
19204 0.4960266351699829 0.3258025646209717
19205 0.4985210597515106 0.32561689615249634
19206 0.4888586699962616 0.34252312779426575
19207 0.4888845682144165 0.34294989705085754
19208 0.4888845682144165 0.34294989705085754
19209 0.4888845682144165 0.34294989705085754
19210 0.48016464710235596 0.34707412123680115
19211 0.4888845682144165 0.34294989705085754
19212 0.4888845682144165 0.34294989705085754
19213 0.4888845682144165 0.34294989705085754
19214 0.48882412910461426 0.3419545590877533
19215 0.4807385802268982 0.3478490114212036
19216 0.47937002778053284 0.34960877895355225
19217 0.4790213108062744 0.3478776514530182
19218 0.4828224778175354 0.3463665843009949
19219 0.48257091641426086 0.345656156539917
19220 0.48520809412002563 0.34422850608825684
19221 0.48482006788253784 0.3435451090335846
19222 0.4888845682144165 0.34294989705085754
19223 0.4888845682144165 0.34294989705085754
19224 0.47751402854919434 0.3514440357685089
19225 0.47761207818984985 0.34888020157814026
19226 0.4888845682144165 0.34294986724853516
19227 0.48863860964775085 0.34294986724853516
19228 0.4882868230342865 0.34294992685317993
19229 0.48888447880744934 0.34294989705085754
19230 0.4888845682144165 0.34294989705085754
19231 0.4902912378311157 0.3434573709964752
19232 0.4888845682144165 0.34294989705085754
19233 0.49523892998695374 0.34295034408569336
19234 0.49381396174430847 0.34294989705085754
19235 0.4899637699127197 0.35683226585388184
19236 0.4871959090232849 0.354841023683548
19237 0.4840375483036041 0.3530958294868469
19238 0.4956629276275635 0.3552711009979248
19239 0.4862654507160187 0.3429499864578247
19240 0.488340824842453 0.34575799107551575
19241 0.4871377646923065 0.34425610303878784
19242 0.49065548181533813 0.3453480005264282
19243 0.49580147862434387 0.34295088052749634
19244 0.4888845682144165 0.34294986724853516
19245 0.4888845682144165 0.34294992685317993
19246 0.4888845682144165 0.34294989705085754
19247 0.4970857799053192 0.3429519534111023
19248 0.48211485147476196 0.3502950668334961
19249 0.4968147575855255 0.3429517149925232
19250 0.49343523383140564 0.34294989705085754
19251 0.4976673722267151 0.3429524600505829
19252 0.4953368306159973 0.36201348900794983
19253 0.48947733640670776 0.3607300817966461
19254 0.48666873574256897 0.35781723260879517
19255 0.48322200775146484 0.35534802079200745
19256 0.48029592633247375 0.3526105284690857
19257 0.4958994388580322 0.349196195602417
19258 0.4903019070625305 0.3527987599372864
19259 0.4878489077091217 0.3516497313976288
19260 0.4849831461906433 0.3500972390174866
19261 0.48299965262413025 0.3480762839317322
19262 0.49608343839645386 0.3445168137550354
19263 0.4907073974609375 0.3483513295650482
19264 0.4882800579071045 0.3486761748790741
19265 0.4869294762611389 0.34722355008125305
19266 0.48589521646499634 0.34548622369766235
19267 0.4980089068412781 0.34295275807380676
19268 0.492561399936676 0.3618733286857605
19269 0.4928537905216217 0.356689453125
19270 0.49325406551361084 0.35181924700737
19271 0.4933977723121643 0.346975177526474
19272 0.4932110905647278 0.34379827976226807
19273 0.4927409887313843 0.34294989705085754
19274 0.49100565910339355 0.34294986724853516
19275 0.498249888420105 0.36143308877944946
19276 0.4985578656196594 0.3462599813938141
19277 0.4984182119369507 0.342953085899353
19278 0.4983886182308197 0.3545713424682617
19279 0.48888447880744934 0.34294989705085754
19280 0.4888845682144165 0.34294989705085754
19281 0.4888845682144165 0.34294989705085754
19282 0.48935991525650024 0.34294989705085754
19283 0.49191468954086304 0.34294989705085754
19284 0.4942505955696106 0.34294989705085754
19285 0.49735909700393677 0.3429521918296814
19286 0.4982137382030487 0.3669179081916809
19287 0.4952433109283447 0.36726582050323486
19288 0.49235501885414124 0.3666725754737854
19289 0.4890764653682709 0.36379700899124146
19290 0.485973984003067 0.3609948754310608
19291 0.4821235239505768 0.35800227522850037
19292 0.47911420464515686 0.3548223078250885
19293 0.49597540497779846 0.3222656548023224
19294 0.49259260296821594 0.32206398248672485
19295 0.480939656496048 0.33520811796188354
19296 0.47716784477233887 0.3454083502292633
19297 0.48735731840133667 0.32575562596321106
19298 0.4844604432582855 0.32980912923812866
19299 0.49846047163009644 0.322333425283432
19300 0.4784960150718689 0.3398509621620178
19301 0.47822344303131104 0.34217405319213867
19302 0.4760152995586395 0.3474617600440979
19303 0.49037349224090576 0.32334452867507935
19304 0.47592756152153015 0.3499702513217926
19305 0.47652360796928406 0.35274985432624817
19306 0.4783584773540497 0.35640180110931396
19307 0.481426864862442 0.35978055000305176
19308 0.4853360950946808 0.3628048598766327
19309 0.48884785175323486 0.3661626875400543
19310 0.49206462502479553 0.36974406242370605
19311 0.49496275186538696 0.3714432120323181
19312 0.49794888496398926 0.37160250544548035
19313 0.4942619800567627 0.4106423556804657
19314 0.4928613007068634 0.40823879837989807
19315 0.4937095642089844 0.4117863178253174
19316 0.4927314221858978 0.40972885489463806
19317 0.48935467004776 0.4274164140224457
19318 0.48636651039123535 0.4224146604537964
19319 0.49156779050827026 0.4204362630844116
19320 0.489785373210907 0.4254145324230194
19321 0.4911060333251953 0.42198100686073303
19322 0.49055469036102295 0.42318177223205566
19323 0.48764732480049133 0.43537792563438416
19324 0.48557621240615845 0.42891818284988403
19325 0.4854106903076172 0.4324530065059662
19326 0.48488184809684753 0.42111191153526306
19327 0.4836130738258362 0.4306611120700836
19328 0.48450642824172974 0.4265832304954529
19329 0.4853239059448242 0.4360680878162384
19330 0.4865383803844452 0.4312540292739868
19331 0.48780468106269836 0.42452752590179443
19332 0.4880197048187256 0.42386525869369507
19333 0.4886261224746704 0.42196032404899597
19334 0.4892479479312897 0.4204784333705902
19335 0.4895067512989044 0.4195384979248047
19336 0.4845789670944214 0.4138556718826294
19337 0.48541492223739624 0.4123329818248749
19338 0.48442384600639343 0.417850136756897
19339 0.4854585528373718 0.4161498248577118
19340 0.48513901233673096 0.4209190011024475
19341 0.48646408319473267 0.4225003123283386
19342 0.4871135354042053 0.42070943117141724
19343 0.4860318601131439 0.41871723532676697
19344 0.4857138693332672 0.39215517044067383
19345 0.4963148236274719 0.34295129776000977
19346 0.49678486585617065 0.3137302100658417
19347 0.4888845682144165 0.34294989705085754
19348 0.49114054441452026 0.34294989705085754
19349 0.43880823254585266 0.18200546503067017
19350 0.4607052803039551 0.1717955470085144
19351 0.4681560695171356 0.41087955236434937
19352 0.33149445056915283 0.291932612657547
19353 0.4928906559944153 0.34294989705085754
19354 0.480720579624176 0.3956631124019623
19355 0.4394553303718567 0.18145065009593964
19356 0.42513638734817505 0.1937272995710373
19357 0.3316851258277893 0.2915570139884949
19358 0.4345460832118988 0.1987796425819397
19359 0.4164608120918274 0.20116549730300903
19360 0.3439740538597107 0.29673758149147034
19361 0.4888845682144165 0.34294989705085754
19362 0.4888845384120941 0.34294992685317993
19363 0.4901776909828186 0.34294992685317993
19364 0.4891613721847534 0.34294992685317993
19365 0.4793025851249695 0.38962188363075256
19366 0.47113537788391113 0.3748255968093872
19367 0.4585687518119812 0.40448546409606934
19368 0.47282832860946655 0.3936103582382202
19369 0.43457040190696716 0.363575279712677
19370 0.46507370471954346 0.3877525329589844
19371 0.4888845682144165 0.34294989705085754
19372 0.4339481294155121 0.24121934175491333
19373 0.41109374165534973 0.2287784069776535
19374 0.3831992447376251 0.29075971245765686
19375 0.4888845682144165 0.34294992685317993
19376 0.48888447880744934 0.34294992685317993
19377 0.4337935149669647 0.3580056130886078
19378 0.45993584394454956 0.37570035457611084
19379 0.46655309200286865 0.37428927421569824
19380 0.4438396394252777 0.2999734878540039
19381 0.43601834774017334 0.30134791135787964
19382 0.4888845682144165 0.34294989705085754
19383 0.4547169506549835 0.3072481155395508
19384 0.45969411730766296 0.30722734332084656
19385 0.4888845682144165 0.34294989705085754
19386 0.45273345708847046 0.3610604703426361
19387 0.43824610114097595 0.3482089340686798
19388 0.4109572768211365 0.3102129399776459
19389 0.4243214428424835 0.275341272354126
19390 0.4375842213630676 0.2802920341491699
19391 0.43033790588378906 0.319499671459198
19392 0.4429357349872589 0.3423987329006195
19393 0.4888845682144165 0.34294989705085754
19394 0.4888845682144165 0.34294989705085754
19395 0.4888845682144165 0.34294989705085754
19396 0.4888845682144165 0.34294989705085754
19397 0.4310449957847595 0.3073481023311615
19398 0.41087037324905396 0.27738314867019653
19399 0.38532838225364685 0.2513149380683899
19400 0.36907440423965454 0.23717807233333588
19401 0.3605539798736572 0.22024790942668915
19402 0.4256141781806946 0.19331768155097961
19403 0.44626474380493164 0.3367671072483063
19404 0.4888845682144165 0.34294989705085754
19405 0.43569836020469666 0.3350515365600586
19406 0.42421165108680725 0.33838197588920593
19407 0.4119216799736023 0.3431139886379242
19408 0.3873065710067749 0.3615681827068329
19409 0.38467705249786377 0.36601966619491577
19410 0.3865920305252075 0.36733704805374146
19411 0.4888845682144165 0.34294989705085754
19412 0.4888845682144165 0.34294989705085754
19413 0.4888845682144165 0.34294989705085754
19414 0.4888845682144165 0.34294989705085754
19415 0.4888845682144165 0.34294989705085754
19416 0.4888845682144165 0.34294989705085754
19417 0.44721201062202454 0.3320602774620056
19418 0.4424365162849426 0.33219021558761597
19419 0.4888845682144165 0.34294989705085754
19420 0.44203272461891174 0.3099830150604248
19421 0.4558747112751007 0.3183741271495819
19422 0.4538697600364685 0.3146296739578247
19423 0.4461522400379181 0.3092382848262787
19424 0.44789326190948486 0.3165214955806732
19425 0.4888845682144165 0.34294989705085754
19426 0.4888845682144165 0.34294989705085754
19427 0.44087857007980347 0.32502445578575134
19428 0.4397658109664917 0.31479567289352417
19429 0.4888845682144165 0.34294989705085754
19430 0.44697460532188416 0.32653480768203735
19431 0.4888845682144165 0.34294989705085754
19432 0.44720447063446045 0.32105815410614014
19433 0.4888845682144165 0.34294989705085754
19434 0.45486557483673096 0.3195098638534546
19435 0.48495760560035706 0.31197768449783325
19436 0.4889209568500519 0.31204137206077576
19437 0.4966648817062378 0.3119712173938751
19438 0.465404212474823 0.3085396885871887
19439 0.4717153310775757 0.30835121870040894
19440 0.4816741943359375 0.3120202422142029
19441 0.48269569873809814 0.3092016577720642
19442 0.4864649772644043 0.3109210729598999
19443 0.4829937815666199 0.2034175544977188
19444 0.4966123104095459 0.31197866797447205
19445 0.4651118516921997 0.2069944441318512
19446 0.45200836658477783 0.24907968938350677
19447 0.47031933069229126 0.3071829676628113
19448 0.46834152936935425 0.30747509002685547
19449 0.4660540521144867 0.3072007894515991
19450 0.4528777599334717 0.28588342666625977
19451 0.4734139144420624 0.3071700632572174
19452 0.45238444209098816 0.29494941234588623
19453 0.4619702398777008 0.3072178363800049
19454 0.47041189670562744 0.30480116605758667
19455 0.47297346591949463 0.30250972509384155
19456 0.48220697045326233 0.2983996570110321
19457 0.4961659014225006 0.3087051510810852
19458 0.4634550213813782 0.2962852716445923
19459 0.4655073881149292 0.2914293706417084
19460 0.4690459966659546 0.2888006865978241
19461 0.4898502230644226 0.22460712492465973
19462 0.49308156967163086 0.4172731637954712
19463 0.49418196082115173 0.41505762934684753
19464 0.4921349883079529 0.4189426600933075
19465 0.49034804105758667 0.40666016936302185
19466 0.48601096868515015 0.41432908177375793
19467 0.4879797101020813 0.41888707876205444
19468 0.4868420958518982 0.4174596071243286
19469 0.4890129566192627 0.405534565448761
19470 0.48714661598205566 0.4087845981121063
19471 0.486331045627594 0.4114779829978943
19472 0.4930378198623657 0.41348904371261597
19473 0.4920905828475952 0.41545599699020386
19474 0.4909292459487915 0.41759034991264343
19475 0.489010751247406 0.4069282114505768
19476 0.4878607988357544 0.40929940342903137
19477 0.48703432083129883 0.41292238235473633
19478 0.4885319471359253 0.41780245304107666
19479 0.4876885414123535 0.4161521792411804
19480 0.4923049807548523 0.4106619954109192
19481 0.4916428327560425 0.40853628516197205
19482 0.48942744731903076 0.4079678952693939
19483 0.48798811435699463 0.4149264991283417
19484 0.4910500645637512 0.4143541753292084
19485 0.48911574482917786 0.41606223583221436
19486 0.4876508116722107 0.411592036485672
19487 0.48715317249298096 0.41106393933296204
19488 0.4884128272533417 0.41117697954177856
19489 0.48796623945236206 0.40995848178863525
19490 0.46224889159202576 0.5031309127807617
19491 0.44364500045776367 0.5156043767929077
19492 0.45357221364974976 0.48964303731918335
19493 0.45877933502197266 0.5155119895935059
19494 0.44757866859436035 0.5185656547546387
19495 0.4428803324699402 0.5048021078109741
19496 0.4477587938308716 0.4904857277870178
19497 0.45178860425949097 0.5195901989936829
19498 0.45566025376319885 0.5186296701431274
19499 0.46100640296936035 0.5095247030258179
19500 0.4437210261821747 0.4925006628036499
19501 0.4448867440223694 0.5042557716369629
19502 0.45581838488578796 0.4928945302963257
19503 0.4567500054836273 0.5024355053901672
19504 0.45063161849975586 0.4880504012107849
19505 0.44101011753082275 0.5081254243850708
19506 0.4426087439060211 0.5086996555328369
19507 0.4423561692237854 0.5080750584602356
19508 0.4439207911491394 0.5084121823310852
19509 0.4523722529411316 0.4814545512199402
19510 0.4603767395019531 0.5145393013954163
19511 0.4471283555030823 0.5059070587158203
19512 0.4417080879211426 0.48007726669311523
19513 0.4510829448699951 0.51893550157547
19514 0.45651164650917053 0.5184758901596069
19515 0.4391877055168152 0.4870176315307617
19516 0.45686283707618713 0.48638975620269775
19517 0.4476603865623474 0.47644755244255066
19518 0.4530380368232727 0.5053424835205078
19519 0.4582136273384094 0.5040098428726196
19520 0.4573231339454651 0.504030168056488
19521 0.45276519656181335 0.5053424835205078
19522 0.44951575994491577 0.5053424835205078
19523 0.44951575994491577 0.5053424835205078
19524 0.43959280848503113 0.5188218951225281
19525 0.4454314708709717 0.5053424835205078
19526 0.4457591474056244 0.5053424835205078
19527 0.44302991032600403 0.5073027014732361
19528 0.44308939576148987 0.5051411390304565
19529 0.4441976845264435 0.5051835775375366
19530 0.44257602095603943 0.5053424835205078
19531 0.4418250322341919 0.5073981285095215
19532 0.443503737449646 0.5053424835205078
19533 0.4430728852748871 0.5053424835205078
19534 0.44219768047332764 0.5061269402503967
19535 0.4426780045032501 0.5053424835205078
19536 0.4409917891025543 0.5055871605873108
19537 0.4615664780139923 0.5063884258270264
19538 0.4620066285133362 0.508629322052002
19539 0.46193474531173706 0.5043874382972717
19540 0.45731499791145325 0.5022101998329163
19541 0.46171414852142334 0.5028311014175415
19542 0.4605671763420105 0.5029006600379944
19543 0.4599607586860657 0.5011078715324402
19544 0.46191468834877014 0.5020660758018494
19545 0.4614562392234802 0.5059832334518433
19546 0.461613267660141 0.5046749114990234
19547 0.46142786741256714 0.5052925944328308
19548 0.45872601866722107 0.501251757144928
19549 0.459485799074173 0.5008520483970642
19550 0.4606224298477173 0.5014554858207703
19551 0.45908886194229126 0.5010881423950195
19552 0.46091559529304504 0.5028432607650757
19553 0.46119675040245056 0.5023791790008545
19554 0.4614616334438324 0.5008938312530518
19555 0.4607781767845154 0.5011993646621704
19556 0.46017134189605713 0.5004951357841492
19557 0.4597470760345459 0.5007506012916565
19558 0.45866554975509644 0.5015100836753845
19559 0.45582765340805054 0.5034729242324829
19560 0.4524911642074585 0.5053424835205078
19561 0.44877588748931885 0.5053424835205078
19562 0.4352830946445465 0.48312389850616455
19563 0.4335211217403412 0.4884270131587982
19564 0.4432518482208252 0.5053424835205078
19565 0.44274240732192993 0.5052298307418823
19566 0.4413292109966278 0.5076854825019836
19567 0.4416702389717102 0.5071910619735718
19568 0.4420732259750366 0.506653904914856
19569 0.44263139367103577 0.5058630704879761
19570 0.44298607110977173 0.5053424835205078
19571 0.444562703371048 0.5053424835205078
19572 0.44886115193367004 0.5053424835205078
19573 0.45367738604545593 0.5053424835205078
19574 0.4578182101249695 0.5045648813247681
19575 0.4617008566856384 0.5051615238189697
19576 0.4612831175327301 0.5041301250457764
19577 0.4613725244998932 0.5035325288772583
19578 0.4285922050476074 0.42760413885116577
19579 0.4631747007369995 0.44611185789108276
19580 0.4560338854789734 0.43199047446250916
19581 0.44804736971855164 0.41419801115989685
19582 0.4335176944732666 0.43853700160980225
19583 0.4520249664783478 0.42464399337768555
19584 0.4380594491958618 0.4479832351207733
19585 0.43917885422706604 0.4307187795639038
19586 0.4444544315338135 0.44016700983047485
19587 0.44993460178375244 0.4476510286331177
19588 0.4590476453304291 0.45737597346305847
19589 0.45777446031570435 0.46452707052230835
19590 0.44825682044029236 0.46129509806632996
19591 0.44261565804481506 0.46210354566574097
19592 0.4664560556411743 0.4519706070423126
19593 0.4624559283256531 0.46173083782196045
19594 0.46107807755470276 0.46702975034713745
19595 0.4717714786529541 0.4629506766796112
19596 0.4692234992980957 0.45750242471694946
19597 0.46539306640625 0.4656100273132324
19598 0.46410053968429565 0.46978089213371277
19599 0.4538117051124573 0.4620680809020996
19600 0.4549846649169922 0.45276564359664917
19601 0.4596942663192749 0.4393664300441742
19602 0.4744335412979126 0.46732789278030396
19603 0.4805667996406555 0.4705578684806824
19604 0.48327624797821045 0.47425273060798645
19605 0.4857150614261627 0.4786112308502197
19606 0.4868811368942261 0.4836183786392212
19607 0.47042545676231384 0.4651561379432678
19608 0.46771156787872314 0.46069157123565674
19609 0.46403512358665466 0.4571693539619446
19610 0.46076154708862305 0.4519190192222595
19611 0.4570561647415161 0.44570741057395935
19612 0.45291829109191895 0.4392082691192627
19613 0.4482909142971039 0.4314170777797699
19614 0.4438531994819641 0.42230719327926636
19615 0.4652552008628845 0.5059727430343628
19616 0.481015682220459 0.5090373754501343
19617 0.4848223030567169 0.5054548382759094
19618 0.4873063564300537 0.49722689390182495
19619 0.48753246665000916 0.49009349942207336
19620 0.48163819313049316 0.5050532221794128
19621 0.48178631067276 0.5000059604644775
19622 0.4678543210029602 0.4695078134536743
19623 0.4817947447299957 0.4819249212741852
19624 0.4800373315811157 0.47771763801574707
19625 0.47728896141052246 0.47430306673049927
19626 0.47293156385421753 0.4694129228591919
19627 0.48270997405052185 0.48651638627052307
19628 0.48213595151901245 0.4942072629928589
19629 0.46554073691368103 0.49932044744491577
19630 0.46109169721603394 0.4801768660545349
19631 0.4589793086051941 0.4800831973552704
19632 0.45624786615371704 0.48016101121902466
19633 0.4529324769973755 0.48113417625427246
19634 0.44931620359420776 0.48227766156196594
19635 0.4451032876968384 0.48259228467941284
19636 0.44029200077056885 0.4844564199447632
19637 0.46413055062294006 0.4986630976200104
19638 0.4709770679473877 0.47263073921203613
19639 0.46502619981765747 0.4967309832572937
19640 0.4612334668636322 0.4876730442047119
19641 0.4642708897590637 0.4963872730731964
19642 0.4650227725505829 0.4773559868335724
19643 0.46653032302856445 0.4731329679489136
19644 0.46429622173309326 0.4957939684391022
19645 0.46321287751197815 0.4816505014896393
19646 0.46381711959838867 0.492786169052124
19647 0.4626007080078125 0.4902195334434509
19648 0.4718422293663025 0.5180436372756958
19649 0.47481000423431396 0.5138301253318787
19650 0.4701472818851471 0.511534571647644
19651 0.47230732440948486 0.502262532711029
19652 0.47758597135543823 0.5036289691925049
19653 0.47834324836730957 0.4957427978515625
19654 0.4749504327774048 0.4920123815536499
19655 0.47832512855529785 0.49981898069381714
19656 0.4746864438056946 0.4989544451236725
19657 0.47500938177108765 0.4953988194465637
19658 0.47813063859939575 0.49097293615341187
19659 0.4661526679992676 0.507046103477478
19660 0.4663599729537964 0.5046229958534241
19661 0.46817392110824585 0.5008181929588318
19662 0.46865934133529663 0.49872100353240967
19663 0.468929648399353 0.4967699646949768
19664 0.4729478359222412 0.4870540499687195
19665 0.477578341960907 0.4850863814353943
19666 0.46772849559783936 0.4928496778011322
19667 0.4701576828956604 0.48116034269332886
19668 0.46850818395614624 0.47709405422210693
19669 0.4714793264865875 0.48515310883522034
19670 0.4761839509010315 0.4811335802078247
19671 0.47301918268203735 0.47669756412506104
19672 0.46711456775665283 0.49076780676841736
19673 0.46613407135009766 0.4882431626319885
19674 0.46647411584854126 0.4820375442504883
19675 0.4648202061653137 0.48513132333755493
19676 0.46801936626434326 0.4851849377155304
19677 0.469288170337677 0.48789164423942566
19678 0.4701530337333679 0.49021875858306885
19679 0.47133004665374756 0.49418920278549194
19680 0.4708605408668518 0.4965674877166748
19681 0.47029709815979004 0.49966031312942505
19682 0.46837201714515686 0.5062491297721863
19683 0.4676862955093384 0.5091959238052368
19684 0.4548291265964508 0.5349653363227844
19685 0.45959052443504333 0.5354905128479004
19686 0.4633136987686157 0.5330297350883484
19687 0.4432421326637268 0.5285689234733582
19688 0.43107396364212036 0.5261102914810181
19689 0.425751656293869 0.5224067568778992
19690 0.44965988397598267 0.5317100286483765
19691 0.43680620193481445 0.5272238850593567
19692 0.4617306590080261 0.5286649465560913
19693 0.4584445059299469 0.5308136343955994
19694 0.4541959762573242 0.5303346514701843
19695 0.4494367837905884 0.5279192924499512
19696 0.4441078305244446 0.5238232612609863
19697 0.4378715455532074 0.5243456959724426
19698 0.43277648091316223 0.523078203201294
19699 0.4277535080909729 0.519790530204773
19700 0.42110759019851685 0.5167785882949829
19701 0.4447324275970459 0.5197619199752808
19702 0.44917452335357666 0.5233297348022461
19703 0.45336711406707764 0.5243301391601562
19704 0.45714372396469116 0.5239244699478149
19705 0.4599837362766266 0.522260308265686
19706 0.43047475814819336 0.5160749554634094
19707 0.43540871143341064 0.5188149213790894
19708 0.4399265646934509 0.518822431564331
19709 0.4671373963356018 0.5282846689224243
19710 0.4700542390346527 0.5229736566543579
19711 0.4670533239841461 0.5203654170036316
19712 0.4643597900867462 0.5251995921134949
19713 0.46909528970718384 0.5152705311775208
19714 0.4620968699455261 0.519220232963562
19715 0.4639205038547516 0.5154914855957031
19716 0.4653699994087219 0.510963499546051
19717 0.4666522145271301 0.5129028558731079
19718 0.4648524522781372 0.5178292393684387
19719 0.4629814326763153 0.5215920209884644
19720 0.4606608748435974 0.524730384349823
19721 0.45762893557548523 0.5267575979232788
19722 0.45369428396224976 0.5266169905662537
19723 0.4492059051990509 0.525052011013031
19724 0.44444724917411804 0.521273136138916
19725 0.4393883943557739 0.520038902759552
19726 0.43406277894973755 0.5207223892211914
19727 0.4292715787887573 0.5176563262939453
19728 0.4403144419193268 0.5054256916046143
19729 0.44216734170913696 0.5048468112945557
19730 0.44080013036727905 0.5071703195571899
19731 0.44064223766326904 0.5054687857627869
19732 0.440792441368103 0.5068126916885376
19733 0.44236207008361816 0.5050299167633057
19734 0.4413410425186157 0.5045621395111084
19735 0.44187861680984497 0.5046324729919434
19736 0.43949636816978455 0.5063341856002808
19737 0.4232451617717743 0.5149210691452026
19738 0.4345140755176544 0.49685731530189514
19739 0.43744683265686035 0.5033646821975708
19740 0.4362860918045044 0.5010429620742798
19741 0.4300938844680786 0.484693318605423
19742 0.42716604471206665 0.4768221080303192
19743 0.4346134662628174 0.48058021068573
19744 0.4306503236293793 0.46957820653915405
19745 0.42334118485450745 0.4852741062641144
19746 0.43619978427886963 0.48745661973953247
19747 0.43249860405921936 0.4905974864959717
19748 0.4260983467102051 0.49103307723999023
19749 0.41665858030319214 0.4876876175403595
19750 0.41319194436073303 0.5041888952255249
19751 0.414084255695343 0.49488574266433716
19752 0.4196087121963501 0.49298667907714844
19753 0.416365385055542 0.49651214480400085
19754 0.4176759719848633 0.5099338889122009
19755 0.4154731333255768 0.5041458010673523
19756 0.4196520447731018 0.5082305669784546
19757 0.41693320870399475 0.5040867924690247
19758 0.43962258100509644 0.5074003338813782
19759 0.4397127032279968 0.5052464008331299
19760 0.4407247304916382 0.5073736906051636
19761 0.43791621923446655 0.5059258341789246
19762 0.440053254365921 0.5053068399429321
19763 0.4393690824508667 0.506568431854248
19764 0.4339888095855713 0.5080181360244751
19765 0.4296654462814331 0.509398341178894
19766 0.43186864256858826 0.5087599158287048
19767 0.4266693890094757 0.5118775367736816
19768 0.4249833822250366 0.5130858421325684
19769 0.4347216784954071 0.5047588348388672
19770 0.4308661222457886 0.4994724988937378
19771 0.42879143357276917 0.5045570135116577
19772 0.43285322189331055 0.5022842884063721
19773 0.4306054413318634 0.504650354385376
19774 0.43272534012794495 0.5059814453125
19775 0.42780831456184387 0.5062447190284729
19776 0.428493857383728 0.4951568841934204
19777 0.42385411262512207 0.5059491395950317
19778 0.4249799847602844 0.5006840825080872
19779 0.4212449789047241 0.5065032243728638
19780 0.41884899139404297 0.5009129047393799
19781 0.42189377546310425 0.49590110778808594
19782 0.4303854703903198 0.506391167640686
19783 0.43215441703796387 0.5064820051193237
19784 0.4379541575908661 0.5065195560455322
19785 0.45840078592300415 0.49714937806129456
19786 0.46303361654281616 0.49582433700561523
19787 0.46141594648361206 0.49508827924728394
19788 0.3960726261138916 0.26101598143577576
19789 0.4046410322189331 0.2291734218597412
19790 0.39668047428131104 0.32200831174850464
19791 0.39403748512268066 0.2934534251689911
19792 0.4616081118583679 0.15400481224060059
19793 0.43169552087783813 0.30512502789497375
19794 0.4340064525604248 0.28631818294525146
19795 0.4320871829986572 0.32329073548316956
19796 0.44279932975769043 0.18358539044857025
19797 0.4855353832244873 0.15231502056121826
19798 0.4229028820991516 0.20283329486846924
19799 0.4550471007823944 0.24129533767700195
19800 0.44607236981391907 0.25096213817596436
19801 0.43872350454330444 0.26611512899398804
19802 0.47830989956855774 0.22351600229740143
19803 0.4916873574256897 0.2217315435409546
19804 0.46620336174964905 0.23276649415493011
19805 0.4897611737251282 0.18118038773536682
19806 0.46857887506484985 0.18959936499595642
19807 0.45104384422302246 0.19976957142353058
19808 0.4355679154396057 0.21225836873054504
19809 0.4223771095275879 0.23342746496200562
19810 0.41318923234939575 0.2613729238510132
19811 0.40966862440109253 0.2892727255821228
19812 0.4098137319087982 0.3146650791168213
19813 0.445159912109375 0.40385371446609497
19814 0.43455255031585693 0.41933080554008484
19815 0.43989890813827515 0.41147467494010925
19816 0.42147061228752136 0.3097296953201294
19817 0.4227859675884247 0.2866169214248657
19818 0.42733603715896606 0.26284849643707275
19819 0.43584102392196655 0.2391280233860016
19820 0.4459025263786316 0.22722698748111725
19821 0.45869937539100647 0.21635426580905914
19822 0.47419634461402893 0.2073044627904892
19823 0.489654004573822 0.20397861301898956
19824 0.40717560052871704 0.36694443225860596
19825 0.4334234595298767 0.33946529030799866
19826 0.40240269899368286 0.34665125608444214
19827 0.4126547873020172 0.3362342119216919
19828 0.41634297370910645 0.3557843565940857
19829 0.4356689453125 0.3588944673538208
19830 0.4126410484313965 0.3857481777667999
19831 0.42813292145729065 0.36620691418647766
19832 0.41826459765434265 0.40225163102149963
19833 0.4384652376174927 0.37627220153808594
19834 0.4409312605857849 0.39113709330558777
19835 0.42389824986457825 0.4158440828323364
19836 0.42503535747528076 0.3929506540298462
19837 0.4300220012664795 0.4068557024002075
19838 0.43540483713150024 0.3987043499946594
19839 0.4318673014640808 0.3844182789325714
19840 0.4250537157058716 0.3463955223560333
19841 0.4226256012916565 0.32813864946365356
19842 0.42057859897613525 0.37528762221336365
19843 0.4149238169193268 0.5010297894477844
19844 0.41253232955932617 0.4991723597049713
19845 0.40957802534103394 0.49844101071357727
19846 0.40430256724357605 0.49559295177459717
19847 0.39948704838752747 0.4948031008243561
19848 0.39301225543022156 0.49489808082580566
19849 0.38587862253189087 0.5305783152580261
19850 0.38838478922843933 0.5108703374862671
19851 0.379917174577713 0.5151358842849731
19852 0.3712214529514313 0.4805033206939697
19853 0.3822178840637207 0.4806855320930481
19854 0.38470324873924255 0.49581170082092285
19855 0.3748053312301636 0.4983503818511963
19856 0.46378904581069946 0.49897438287734985
19857 0.4629673659801483 0.49748432636260986
19858 0.46483832597732544 0.49968409538269043
19859 0.465509831905365 0.5032718777656555
19860 0.46564781665802 0.5015368461608887
19861 0.46557116508483887 0.5002905130386353
19862 0.46479716897010803 0.505149245262146
19863 0.465029239654541 0.502683699131012
19864 0.4651738405227661 0.5012720823287964
19865 0.4650232791900635 0.5002109408378601
19866 0.4643288552761078 0.4996773600578308
19867 0.4645174741744995 0.5045183897018433
19868 0.46318840980529785 0.4993087649345398
19869 0.45863044261932373 0.4981129765510559
19870 0.4616915285587311 0.49720320105552673
19871 0.46033209562301636 0.4975777268409729
19872 0.4621429741382599 0.49847832322120667
19873 0.4617548882961273 0.49982380867004395
19874 0.4607597589492798 0.5000525116920471
19875 0.4623733162879944 0.49975672364234924
19876 0.4585118889808655 0.500428318977356
19877 0.45862704515457153 0.5012608766555786
19878 0.46026939153671265 0.49975597858428955
19879 0.460282564163208 0.49896958470344543
19880 0.4612707793712616 0.4983874559402466
19881 0.4612049162387848 0.4987376928329468
19882 0.4612703323364258 0.49907737970352173
19883 0.46475881338119507 0.5024048089981079
19884 0.4646291732788086 0.5001553297042847
19885 0.46488848328590393 0.5011388063430786
19886 0.4645121097564697 0.5011106729507446
19887 0.46389055252075195 0.5000371336936951
19888 0.46229901909828186 0.5025732517242432
19889 0.4625260829925537 0.5016353130340576
19890 0.4624425768852234 0.5007096529006958
19891 0.46267926692962646 0.5023437738418579
19892 0.4640616476535797 0.5010170936584473
19893 0.4631463289260864 0.5004251599311829
19894 0.46299394965171814 0.502305269241333
19895 0.46432068943977356 0.5017594695091248
19896 0.464200884103775 0.500422477722168
19897 0.4630383849143982 0.501331090927124
19898 0.4394685626029968 0.5059436559677124
19899 0.4390529990196228 0.5056843161582947
19900 0.49847742915153503 0.43753582239151
19901 0.4965209364891052 0.43779611587524414
19902 0.4951081871986389 0.4377313256263733
19903 0.49260175228118896 0.43678438663482666
19904 0.49042755365371704 0.43477511405944824
19905 0.48865023255348206 0.4310668110847473
19906 0.487230122089386 0.42784497141838074
19907 0.4859365224838257 0.42516225576400757
19908 0.4846610724925995 0.42291897535324097
19909 0.4835284948348999 0.42090603709220886
19910 0.4816870093345642 0.41777974367141724
19911 0.4807066023349762 0.41490593552589417
19912 0.48006951808929443 0.41219961643218994
19913 0.4789913296699524 0.40813422203063965
19914 0.47815200686454773 0.40075910091400146
19915 0.4762149453163147 0.3825756311416626
19916 0.4737330675125122 0.3654143214225769
19917 0.47189244627952576 0.36025670170783997
19918 0.47032007575035095 0.3557504713535309
19919 0.4689752459526062 0.35082483291625977
19920 0.46903619170188904 0.34551310539245605
19921 0.46992427110671997 0.34147074818611145
19922 0.4723462760448456 0.33624976873397827
19923 0.4743618071079254 0.3284977376461029
19924 0.47680482268333435 0.31881043314933777
19925 0.47993743419647217 0.3110736310482025
19926 0.48306259512901306 0.3068785071372986
19927 0.4863886833190918 0.30601340532302856
19928 0.4903033375740051 0.3057940602302551
19929 0.4941174387931824 0.30609214305877686
19930 0.49759766459465027 0.30639663338661194
19931 0.4859081208705902 0.3815279006958008
19932 0.49006134271621704 0.3828583359718323
19933 0.4937669038772583 0.38416656851768494
19934 0.4976624846458435 0.38511815667152405
19935 0.48201802372932434 0.3706144094467163
19936 0.4856939911842346 0.38787341117858887
19937 0.48983001708984375 0.38765519857406616
19938 0.493620902299881 0.38849249482154846
19939 0.4975844919681549 0.389893114566803
19940 0.4810341000556946 0.3815344572067261
19941 0.48134109377861023 0.38878104090690613
19942 0.47745320200920105 0.39102357625961304
19943 0.47932302951812744 0.41630834341049194
19944 0.47765612602233887 0.41282790899276733
19945 0.4583483934402466 0.49920886754989624
19946 0.4562666416168213 0.5013400316238403
19947 0.4548858404159546 0.5009720921516418
19948 0.4533722996711731 0.4999392032623291
19949 0.4514346122741699 0.5010553598403931
19950 0.4493142366409302 0.5018453001976013
19951 0.4466365575790405 0.5012140870094299
19952 0.444149911403656 0.5015968680381775
19953 0.4424355924129486 0.5039810538291931
19954 0.44079819321632385 0.5046157836914062
19955 0.43850165605545044 0.5055328607559204
19956 0.4362671971321106 0.5063168406486511
19957 0.4359451234340668 0.5063665509223938
19958 0.4370032846927643 0.5071465969085693
19959 0.4394799768924713 0.5084688067436218
19960 0.44171130657196045 0.5094770789146423
19961 0.4441431760787964 0.5099497437477112
19962 0.4469379782676697 0.5103693008422852
19963 0.4493550956249237 0.5102666616439819
19964 0.45194879174232483 0.5110561847686768
19965 0.45468735694885254 0.5114129781723022
19966 0.4569755792617798 0.5109996795654297
19967 0.4595619738101959 0.5092883110046387
19968 0.4624292254447937 0.5085121393203735
19969 0.46339261531829834 0.5061251521110535
19970 0.4642026424407959 0.5036208033561707
19971 0.46453237533569336 0.5021525025367737
19972 0.46469664573669434 0.5011462569236755
19973 0.46440210938453674 0.5002323985099792
19974 0.4641380310058594 0.49982479214668274
19975 0.4635325074195862 0.49914461374282837
19976 0.46256235241889954 0.49836820363998413
19977 0.4614289104938507 0.4978047013282776
19978 0.46016237139701843 0.4983193278312683
19979 0.2652110159397125 0.025345362722873688
19980 0.21543963253498077 0.23797272145748138
19981 0.21562901139259338 0.2860538959503174
19982 0.22282500565052032 0.5522028207778931
19983 0.24557828903198242 0.10499627143144608
19984 0.2694021761417389 0.02534536086022854
19985 0.2658563554286957 0.03416667878627777
19986 0.2529272437095642 0.06542982161045074
19987 0.22631767392158508 0.18993434309959412
19988 0.23641151189804077 0.14826394617557526
19989 0.24308070540428162 0.945956826210022
19990 0.2690855860710144 0.02534536086022854
19991 0.26712995767593384 0.025345362722873688
19992 0.26892563700675964 0.7112013697624207
19993 0.2651905119419098 0.6939645409584045
19994 0.2666603922843933 0.7531808614730835
19995 0.26857149600982666 0.7304889559745789
19996 0.23642897605895996 0.618542492389679
19997 0.2463340014219284 0.6484247446060181
19998 0.2566350996494293 0.6735228300094604
19999 0.2484259158372879 0.9074737429618835
20000 0.2638995945453644 0.7817187309265137
20001 0.25268661975860596 0.8724302053451538
20002 0.260004460811615 0.8111543655395508
20003 0.2569817304611206 0.8415340781211853
20004 0.21886077523231506 0.5181310176849365
20005 0.2146158665418625 0.4142003059387207
20006 0.2146672010421753 0.4514305591583252
20007 0.2573631703853607 0.025345366448163986
20008 0.2644159495830536 0.025345362722873688
20009 0.26296883821487427 0.025345362722873688
20010 0.26118654012680054 0.025345362722873688
20011 0.25749456882476807 0.025345366448163986
20012 0.25898051261901855 0.025345366448163986
20013 0.22803838551044464 0.5860925316810608
20014 0.21578586101531982 0.48277997970581055
20015 0.2148095965385437 0.37938451766967773
20016 0.2157263457775116 0.3353157639503479
20017 0.24675458669662476 0.025345370173454285
20018 0.2243054062128067 0.02534538134932518
20019 0.2126104235649109 0.02534538507461548
20020 0.1936272829771042 0.02534538507461548
20021 0.1753104031085968 0.02534538507461548
20022 0.1493917554616928 0.02534538507461548
20023 0.09148168563842773 0.02534538507461548
20024 0.06892367452383041 0.025345373898744583
20025 0.19236132502555847 0.242987722158432
20026 0.1934477686882019 0.2955206036567688
20027 0.20366966724395752 0.5677590370178223
20028 0.20250220596790314 0.11424028873443604
20029 0.2243785262107849 0.02534537948668003
20030 0.18372583389282227 0.02534538507461548
20031 0.2475731372833252 0.025345370173454285
20032 0.19385191798210144 0.02655857615172863
20033 0.24168112874031067 0.04971831291913986
20034 0.23252880573272705 0.08599959313869476
20035 0.19553248584270477 0.1960761994123459
20036 0.19883017241954803 0.1567523181438446
20037 0.24742311239242554 0.025345370173454285
20038 0.09148168563842773 0.02534538507461548
20039 0.24706920981407166 0.025345370173454285
20040 0.224191814661026 0.02534537948668003
20041 0.1991601288318634 0.02534538507461548
20042 0.17172661423683167 0.02534538507461548
20043 0.15668709576129913 0.025345386937260628
20044 0.14116661250591278 0.02534538507461548
20045 0.0716230720281601 0.025345375761389732
20046 0.25864359736442566 0.7017078995704651
20047 0.22026804089546204 0.6334515810012817
20048 0.23331260681152344 0.6620454788208008
20049 0.24644190073013306 0.6841320991516113
20050 0.07147563248872757 0.6557447910308838
20051 0.0633189007639885 0.2813927233219147
20052 0.06223846971988678 0.3242015242576599
20053 0.05708112567663193 0.1261921226978302
20054 0.05385893955826759 0.08557680994272232
20055 0.061687368899583817 0.21099752187728882
20056 0.05141820013523102 0.04103768616914749
20057 0.08050656318664551 0.02534537948668003
20058 0.05904147028923035 0.16644379496574402
20059 0.07725837826728821 0.02534537762403488
20060 0.09987203776836395 0.02534538507461548
20061 0.12409824132919312 0.02534538507461548
20062 0.08671662956476212 0.2782237231731415
20063 0.0853646770119667 0.3225342631340027
20064 0.09934770315885544 0.6388044357299805
20065 0.17101672291755676 0.02534538507461548
20066 0.1371743083000183 0.02534538507461548
20067 0.10314197838306427 0.08117193728685379
20068 0.07937414944171906 0.0386483296751976
20069 0.11073584854602814 0.02534538507461548
20070 0.10635946691036224 0.03774504363536835
20071 0.08100930601358414 0.08141759037971497
20072 0.08162080496549606 0.1230175793170929
20073 0.08393330872058868 0.1625950038433075
20074 0.08514994382858276 0.2089269459247589
20075 0.16774380207061768 0.24762850999832153
20076 0.16820213198661804 0.3015184998512268
20077 0.17879119515419006 0.11719553172588348
20078 0.18817999958992004 0.0662272572517395
20079 0.1830250471830368 0.09497971087694168
20080 0.17081432044506073 0.20046542584896088
20081 0.1737796813249588 0.15939876437187195
20082 0.10171092301607132 0.27268218994140625
20083 0.14717726409435272 0.25766250491142273
20084 0.1471758484840393 0.30720558762550354
20085 0.10284861922264099 0.3197457790374756
20086 0.12275569885969162 0.6252228021621704
20087 0.10239025205373764 0.1211879700422287
20088 0.14797385036945343 0.11942766606807709
20089 0.16200733184814453 0.05343000590801239
20090 0.14626307785511017 0.08824251592159271
20091 0.10072334855794907 0.20671893656253815
20092 0.14629879593849182 0.20322011411190033
20093 0.14651323854923248 0.16020488739013672
20094 0.10228295624256134 0.1610080897808075
20095 0.12603729963302612 0.1189294382929802
20096 0.12832947075366974 0.08108344674110413
20097 0.13014312088489532 0.044690608978271484
20098 0.12420858442783356 0.15791305899620056
20099 0.12439872324466705 0.20473536849021912
20100 0.12515665590763092 0.266434907913208
20101 0.1266820877790451 0.3147744834423065
20102 0.205264613032341 0.928576648235321
20103 0.21511732041835785 0.8904330730438232
20104 0.22333024442195892 0.8561403751373291
20105 0.18929798901081085 0.8648433685302734
20106 0.17530089616775513 0.8995283842086792
20107 0.19971181452274323 0.8331868648529053
20108 0.18528439104557037 0.582665205001831
20109 0.16667401790618896 0.5965665578842163
20110 0.1467132866382599 0.6102364659309387
20111 0.2524511516094208 0.7199238538742065
20112 0.20598722994327545 0.6492941975593567
20113 0.2360473871231079 0.7027949690818787
20114 0.2198839783668518 0.6781437993049622
20115 0.24685606360435486 0.742798924446106
20116 0.09369385242462158 0.7453829050064087
20117 0.12409675121307373 0.8228739500045776
20118 0.11867514252662659 0.7220030426979065
20119 0.14416779577732086 0.793745219707489
20120 0.1414359211921692 0.7068362832069397
20121 0.1448102593421936 0.8666425347328186
20122 0.1625097692012787 0.8342491388320923
20123 0.23069652915000916 0.8261606693267822
20124 0.178542822599411 0.806955873966217
20125 0.16340477764606476 0.7761122584342957
20126 0.16608022153377533 0.689734935760498
20127 0.23660364747047424 0.7966338396072388
20128 0.20943230390548706 0.8084433078765869
20129 0.17971813678741455 0.762092113494873
20130 0.1902337670326233 0.7872176766395569
20131 0.21528849005699158 0.7803043127059937
20132 0.18781283497810364 0.6704950332641602
20133 0.24208126962184906 0.7692417502403259
20134 0.19601373374462128 0.7648618221282959
20135 0.2281075417995453 0.7251696586608887
20136 0.20673564076423645 0.7017608284950256
20137 0.22037148475646973 0.7525110244750977
20138 0.1981542706489563 0.735418975353241
20139 0.1740466058254242 0.7292618155479431
20140 0.15025638043880463 0.7406934499740601
20141 0.12870949506759644 0.7586952447891235
20142 0.10521122813224792 0.7824338674545288
20143 0.19924795627593994 0.5315787196159363
20144 0.193830206990242 0.42321136593818665
20145 0.17998579144477844 0.5461776256561279
20146 0.1715400218963623 0.43417829275131226
20147 0.15975379943847656 0.5580338835716248
20148 0.19422855973243713 0.45957183837890625
20149 0.17376841604709625 0.47200775146484375
20150 0.05721065402030945 0.46741461753845215
20151 0.06423106789588928 0.6042855381965637
20152 0.08387893438339233 0.4660407602787018
20153 0.09376993775367737 0.5944286584854126
20154 0.10593435913324356 0.4604194760322571
20155 0.11639758944511414 0.5816104412078857
20156 0.12923219799995422 0.4536975622177124
20157 0.14081723988056183 0.5706202387809753
20158 0.14917169511318207 0.4434933066368103
20159 0.15114054083824158 0.4814568758010864
20160 0.13227620720863342 0.49253642559051514
20161 0.10834762454032898 0.5004793405532837
20162 0.0858611986041069 0.5073392391204834
20163 0.05800715833902359 0.5108568072319031
20164 0.16145724058151245 0.02534538507461548
20165 0.14674055576324463 0.02534538507461548
20166 0.11686741560697556 0.02534538507461548
20167 0.09148168563842773 0.02534538507461548
20168 0.06878726184368134 0.025345373898744583
20169 0.033413320779800415 0.02534535527229309
20170 0.20732253789901733 0.02534538507461548
20171 0.18485920131206512 0.02534538507461548
20172 0.24007268249988556 0.025345373898744583
20173 0.22115027904510498 0.02534538134932518
20174 0.2126104235649109 0.02534538507461548
20175 0.2126104235649109 0.02534538507461548
20176 0.2126104235649109 0.02534538507461548
20177 0.2126104235649109 0.02534538507461548
20178 0.2126104235649109 0.02534538507461548
20179 0.2126104235649109 0.02534538507461548
20180 0.1665152907371521 0.02534538507461548
20181 0.1622386872768402 0.02534538507461548
20182 0.14881114661693573 0.02534538507461548
20183 0.1473759114742279 0.02534538507461548
20184 0.11745064705610275 0.02534538507461548
20185 0.11704105883836746 0.02534538507461548
20186 0.09148168563842773 0.02534538507461548
20187 0.09148168563842773 0.02534538507461548
20188 0.06830159574747086 0.025345373898744583
20189 0.0685509741306305 0.025345373898744583
20190 0.03447015583515167 0.02534535713493824
20191 0.2126104235649109 0.02534538507461548
20192 0.22453367710113525 0.02534538134932518
20193 0.24597835540771484 0.025345370173454285
20194 0.2126104235649109 0.02534538507461548
20195 0.202688530087471 0.02534538507461548
20196 0.2126104235649109 0.02534538507461548
20197 0.2449556142091751 0.025345372036099434
20198 0.22418922185897827 0.02534538134932518
20199 0.2126104235649109 0.02534538507461548
20200 0.2126104235649109 0.02534538507461548
20201 0.2126104235649109 0.02534538507461548
20202 0.20924004912376404 0.02534538507461548
20203 0.1866355836391449 0.02534538507461548
20204 0.1924271583557129 0.02534538507461548
20205 0.2126104235649109 0.02534538507461548
20206 0.2126104235649109 0.02534538507461548
20207 0.22352130711078644 0.02534537948668003
20208 0.2126104235649109 0.02534538507461548
20209 0.2126104235649109 0.02534538507461548
20210 0.24380460381507874 0.025345370173454285
20211 0.24234294891357422 0.025345372036099434
20212 0.2406766712665558 0.025345372036099434
20213 0.22271451354026794 0.02534538134932518
20214 0.22163638472557068 0.02534537948668003
20215 0.2126104235649109 0.02534538507461548
20216 0.2126104235649109 0.02534538507461548
20217 0.2126104235649109 0.02534538507461548
20218 0.2126104235649109 0.02534538507461548
20219 0.2126104235649109 0.02534538507461548
20220 0.2126104235649109 0.02534538507461548
20221 0.2126104235649109 0.02534538507461548
20222 0.2126104235649109 0.02534538507461548
20223 0.2126104235649109 0.02534538507461548
20224 0.2126104235649109 0.02534538507461548
20225 0.08050933480262756 0.6975307464599609
20226 0.10852716118097305 0.6805945038795471
20227 0.1305650770664215 0.6631923913955688
20228 0.15562689304351807 0.6486260890960693
20229 0.1749608814716339 0.6313713788986206
20230 0.1938132494688034 0.6161630153656006
20231 0.20999328792095184 0.6018804311752319
20232 0.05939256772398949 0.5594127178192139
20233 0.08787989616394043 0.5519975423812866
20234 0.11124122142791748 0.5429617762565613
20235 0.1348406821489334 0.5323925614356995
20236 0.1545734852552414 0.521407425403595
20237 0.17551873624324799 0.5093239545822144
20238 0.19613051414489746 0.49533480405807495
20239 0.19415545463562012 0.38420888781547546
20240 0.17180946469306946 0.3948127031326294
20241 0.14937683939933777 0.4021553099155426
20242 0.1290004998445511 0.41218382120132446
20243 0.10628487169742584 0.4193785488605499
20244 0.08421677350997925 0.4228760898113251
20245 0.05951174348592758 0.4246915280818939
20246 0.06070517748594284 0.38103604316711426
20247 0.08541643619537354 0.3817216753959656
20248 0.104460708796978 0.37671923637390137
20249 0.12765339016914368 0.37066400051116943
20250 0.14834065735340118 0.36073780059814453
20251 0.16904494166374207 0.35100898146629333
20252 0.19340398907661438 0.34238362312316895
20253 0.33501482009887695 0.025345375761389732
20254 0.3243679702281952 0.025345372036099434
20255 0.3122234344482422 0.025345366448163986
20256 0.29471105337142944 0.02534536086022854
20257 0.3348914384841919 0.21068395674228668
20258 0.4161584973335266 0.14173489809036255
20259 0.2489820420742035 0.18342861533164978
20260 0.31827113032341003 0.160831019282341
20261 0.2683999538421631 0.09804954379796982
20262 0.3386107385158539 0.08299374580383301
20263 0.3198493421077728 0.08613500744104385
20264 0.39806678891181946 0.07434698939323425
20265 0.44058847427368164 0.07054032385349274
20266 0.30402061343193054 0.025345362722873688
20267 0.33472076058387756 0.025345375761389732
20268 0.2973564863204956 0.02534535899758339
20269 0.27606791257858276 0.055281009525060654
20270 0.32685530185699463 0.042226605117321014
20271 0.3998853266239166 0.04303782433271408
20272 0.43836820125579834 0.03808356821537018
20273 0.34323742985725403 0.03985043615102768
20274 0.44449764490127563 0.11739787459373474
20275 0.3000284433364868 0.16803252696990967
20276 0.37073951959609985 0.167805016040802
20277 0.4784911870956421 0.1028728038072586
20278 0.4800297021865845 0.06949688494205475
20279 0.4791375994682312 0.042922187596559525
20280 0.3678057789802551 0.02534538507461548
20281 0.4800177812576294 0.025345370173454285
20282 0.438615620136261 0.02534538507461548
20283 0.4008570909500122 0.02534538507461548
20284 0.34385544061660767 0.02534537948668003
20285 0.42522644996643066 0.02534538507461548
20286 0.43989530205726624 0.02534538507461548
20287 0.4811186194419861 0.025345368310809135
20288 0.3770703673362732 0.02534538507461548
20289 0.47982749342918396 0.08421497792005539
20290 0.4412820339202881 0.09339901059865952
20291 0.39792388677597046 0.10866591334342957
20292 0.3310374915599823 0.12585851550102234
20293 0.31074851751327515 0.1276884377002716
20294 0.2574027478694916 0.13922415673732758
20295 0.2814936637878418 0.9575388431549072
20296 0.3241761028766632 0.953281581401825
20297 0.28355950117111206 0.9179068803787231
20298 0.3205189108848572 0.9153035879135132
20299 0.29202723503112793 0.6818937063217163
20300 0.2835558354854584 0.6565750241279602
20301 0.2918529212474823 0.2077069878578186
20302 0.27848944067955017 0.2154543399810791
20303 0.24131304025650024 0.23293663561344147
20304 0.2772297263145447 0.6891675591468811
20305 0.26023614406585693 0.6387113332748413
20306 0.26973557472229004 0.6629807353019714
20307 0.29696205258369446 0.6508039832115173
20308 0.30569982528686523 0.677894651889801
20309 0.3587934374809265 0.8988415002822876
20310 0.36442700028419495 0.9367683529853821
20311 0.275250107049942 0.6311782002449036
20312 0.3051948845386505 0.025345362722873688
20313 0.40407344698905945 0.9096680283546448
20314 0.3921334147453308 0.8776072263717651
20315 0.32088637351989746 0.6685645580291748
20316 0.3108772337436676 0.6440905928611755
20317 0.32381635904312134 0.6374252438545227
20318 0.33482056856155396 0.6595269441604614
20319 0.42311596870422363 0.8394224047660828
20320 0.4354751408100128 0.8704330325126648
20321 0.28867971897125244 0.6265077590942383
20322 0.3016887307167053 0.6211084127426147
20323 0.3142627477645874 0.6133663654327393
20324 0.48455488681793213 0.025345366448163986
20325 0.4319949448108673 0.02534538507461548
20326 0.44645529985427856 0.02534538507461548
20327 0.39477771520614624 0.02534538507461548
20328 0.37619748711586 0.02534538507461548
20329 0.33403250575065613 0.025345373898744583
20330 0.3901352882385254 0.02534538507461548
20331 0.40901535749435425 0.02534538507461548
20332 0.4387015700340271 0.02534538507461548
20333 0.4725192189216614 0.025345373898744583
20334 0.48940953612327576 0.025345362722873688
20335 0.44271349906921387 0.02534538507461548
20336 0.47481414675712585 0.025345373898744583
20337 0.49370768666267395 0.02534535899758339
20338 0.4134655296802521 0.02534538507461548
20339 0.33846256136894226 0.02534537762403488
20340 0.35360658168792725 0.02534538321197033
20341 0.34948477149009705 0.02534538134932518
20342 0.35796666145324707 0.02534538507461548
20343 0.39813339710235596 0.02534538507461548
20344 0.3230254054069519 0.025345370173454285
20345 0.30007392168045044 0.025345362722873688
20346 0.3071698248386383 0.759357213973999
20347 0.29801931977272034 0.7093241214752197
20348 0.313669353723526 0.7036511301994324
20349 0.327539324760437 0.752758800983429
20350 0.3297787308692932 0.6946066617965698
20351 0.3452839255332947 0.6829220056533813
20352 0.34651505947113037 0.7429088950157166
20353 0.36524057388305664 0.7264627814292908
20354 0.3550707995891571 0.7050669193267822
20355 0.3383525609970093 0.7171476483345032
20356 0.32078564167022705 0.7273730039596558
20357 0.30279213190078735 0.7322527766227722
20358 0.3446393609046936 0.8348665237426758
20359 0.3488388657569885 0.8659820556640625
20360 0.3797805607318878 0.8455028533935547
20361 0.4065251052379608 0.8168191313743591
20362 0.37193429470062256 0.8188124299049377
20363 0.3959462642669678 0.7920312881469727
20364 0.3090880215167999 0.788494348526001
20365 0.2868764400482178 0.7881724834442139
20366 0.3320188522338867 0.7803034782409668
20367 0.35384058952331543 0.7680525779724121
20368 0.37393927574157715 0.7498098611831665
20369 0.38541656732559204 0.7690392136573792
20370 0.36294859647750854 0.7936104536056519
20371 0.33891651034355164 0.806135892868042
20372 0.2869671881198883 0.760682225227356
20373 0.2824341654777527 0.7120949029922485
20374 0.28493383526802063 0.7341625094413757
20375 0.3150775730609894 0.848006546497345
20376 0.31669342517852783 0.8792905807495117
20377 0.3118453919887543 0.8181908130645752
20378 0.28642305731773376 0.8480901718139648
20379 0.2837403118610382 0.8815599083900452
20380 0.28646084666252136 0.8168083429336548
20381 0.3065183758735657 0.5900354981422424
20382 0.2524035573005676 0.6050869226455688
20383 0.2707477807998657 0.5976923704147339
20384 0.28391242027282715 0.5979307889938354
20385 0.29634007811546326 0.594279408454895
20386 0.2727501094341278 0.5621758699417114
20387 0.30284583568573 0.5661414861679077
20388 0.2940800189971924 0.568800151348114
20389 0.2841043472290039 0.5681729316711426
20390 0.23855645954608917 0.2828821539878845
20391 0.274570107460022 0.2572767734527588
20392 0.28472068905830383 0.24445107579231262
20393 0.2967711389064789 0.3006608486175537
20394 0.314839631319046 0.2541956305503845
20395 0.2888070046901703 0.31011784076690674
20396 0.3102305233478546 0.2979164719581604
20397 0.2410731017589569 0.535126268863678
20398 0.25770506262779236 0.5178261995315552
20399 0.23658967018127441 0.4121479392051697
20400 0.23806779086589813 0.5036539435386658
20401 0.2544752359390259 0.49140381813049316
20402 0.23573541641235352 0.4438668489456177
20403 0.2526438534259796 0.43828079104423523
20404 0.25439777970314026 0.41219860315322876
20405 0.32092615962028503 0.025345370173454285
20406 0.30810102820396423 0.025345366448163986
20407 0.2953041195869446 0.02534536086022854
20408 0.2822967767715454 0.02534535527229309
20409 0.2721449136734009 0.02534535899758339
20410 0.311309814453125 0.025345366448163986
20411 0.2995684742927551 0.02534536086022854
20412 0.301767498254776 0.025345362722873688
20413 0.28831538558006287 0.02534535713493824
20414 0.29418784379959106 0.02534536086022854
20415 0.27810418605804443 0.02534535713493824
20416 0.2753373086452484 0.02534535713493824
20417 0.28812703490257263 0.02534535713493824
20418 0.27903443574905396 0.02534535527229309
20419 0.2716687023639679 0.02534535899758339
20420 0.27062419056892395 0.02534535899758339
20421 0.24627599120140076 0.568412184715271
20422 0.26305145025253296 0.5435358285903931
20423 0.23652541637420654 0.4732348322868347
20424 0.2525162100791931 0.46463847160339355
20425 0.2608361840248108 0.38681840896606445
20426 0.24006694555282593 0.3789389133453369
20427 0.24141815304756165 0.33633819222450256
20428 0.26633182168006897 0.35405874252319336
20429 0.3772978186607361 0.02534538507461548
20430 0.36952418088912964 0.02534538507461548
20431 0.34943559765815735 0.02534538134932518
20432 0.32586541771888733 0.025345372036099434
20433 0.3170539140701294 0.025345370173454285
20434 0.3086187243461609 0.04552707448601723
20435 0.30007320642471313 0.08959997445344925
20436 0.2793247699737549 0.13390877842903137
20437 0.2707909345626831 0.17727935314178467
20438 0.2616860270500183 0.22520281374454498
20439 0.2605140209197998 0.27414196729660034
20440 0.27609241008758545 0.3243671953678131
20441 0.3035500943660736 0.2964015007019043
20442 0.3061293661594391 0.2511437237262726
20443 0.3239990472793579 0.2107386738061905
20444 0.33770012855529785 0.15316124260425568
20445 0.3688349723815918 0.12071944773197174
20446 0.3760263919830322 0.07836119830608368
20447 0.37934041023254395 0.04037453606724739
20448 0.38471752405166626 0.02534538507461548
20449 0.3931574821472168 0.02534538507461548
20450 0.4166858196258545 0.02534538507461548
20451 0.42177075147628784 0.02534538507461548
20452 0.42431309819221497 0.02534538507461548
20453 0.31135281920433044 0.3298419117927551
20454 0.3065107464790344 0.32938116788864136
20455 0.3019016683101654 0.33394402265548706
20456 0.2970625162124634 0.3434426784515381
20457 0.2895985245704651 0.3567255735397339
20458 0.2876119017601013 0.3713020980358124
20459 0.28048959374427795 0.37676921486854553
20460 0.2738606035709381 0.3927935063838959
20461 0.270622193813324 0.4036041498184204
20462 0.26631632447242737 0.4152035713195801
20463 0.2643478512763977 0.4333447217941284
20464 0.2650945782661438 0.4456816613674164
20465 0.26511332392692566 0.4593271315097809
20466 0.26710087060928345 0.47776105999946594
20467 0.27181893587112427 0.4875992238521576
20468 0.27240490913391113 0.5020210146903992
20469 0.27643850445747375 0.519412100315094
20470 0.2823452949523926 0.5337263345718384
20471 0.2893943786621094 0.5411028861999512
20472 0.2966814935207367 0.5438350439071655
20473 0.3030300438404083 0.543700635433197
20474 0.03600649535655975 0.02534535713493824
20475 0.0381237231194973 0.02534535713493824
20476 0.04114047810435295 0.02534535899758339
20477 0.04522339999675751 0.02534535899758339
20478 0.04861254245042801 0.025345362722873688
20479 0.11304082721471786 0.02534538507461548
20480 0.11699719727039337 0.02534538507461548
