0 5133 26 5134
1 5133 5134 15373
2 5134 25 5135
3 5134 5135 15373
4 5135 24 5136
5 5135 5136 15373
6 5136 23 5133
7 5136 5133 15373
8 5137 23 5136
9 5137 5136 15374
10 5136 24 5138
11 5136 5138 15374
12 5138 28 5139
13 5138 5139 15374
14 5139 27 5137
15 5139 5137 15374
16 5140 32 5141
17 5140 5141 15375
18 5141 31 5142
19 5141 5142 15375
20 5142 30 5143
21 5142 5143 15375
22 5143 29 5140
23 5143 5140 15375
24 5144 29 5143
25 5144 5143 15376
26 5143 30 5145
27 5143 5145 15376
28 5145 34 5146
29 5145 5146 15376
30 5146 33 5144
31 5146 5144 15376
32 5142 31 5147
33 5142 5147 15377
34 5147 36 5148
35 5147 5148 15377
36 5148 35 5149
37 5148 5149 15377
38 5149 30 5142
39 5149 5142 15377
40 5145 30 5149
41 5145 5149 15378
42 5149 35 5150
43 5149 5150 15378
44 5150 37 5151
45 5150 5151 15378
46 5151 34 5145
47 5151 5145 15378
48 5152 39 5153
49 5152 5153 15379
50 5153 38 5154
51 5153 5154 15379
52 5154 25 5134
53 5154 5134 15379
54 5134 26 5152
55 5134 5152 15379
56 5155 41 5156
57 5155 5156 15380
58 5156 40 5157
59 5156 5157 15380
60 5157 31 5141
61 5157 5141 15380
62 5141 32 5155
63 5141 5155 15380
64 5157 40 5158
65 5157 5158 15381
66 5158 42 5159
67 5158 5159 15381
68 5159 36 5147
69 5159 5147 15381
70 5147 31 5157
71 5147 5157 15381
72 5160 5 5161
73 5160 5161 15382
74 5161 0 5162
75 5161 5162 15382
76 5162 47 5163
77 5162 5163 15382
78 5163 46 5160
79 5163 5160 15382
80 5164 51 5165
81 5164 5165 15383
82 5165 50 5166
83 5165 5166 15383
84 5166 38 5153
85 5166 5153 15383
86 5153 39 5164
87 5153 5164 15383
88 5167 50 5165
89 5167 5165 15384
90 5165 51 5168
91 5165 5168 15384
92 5168 48 5169
93 5168 5169 15384
94 5169 49 5167
95 5169 5167 15384
96 5170 54 5171
97 5170 5171 15385
98 5171 53 5172
99 5171 5172 15385
100 5172 52 5173
101 5172 5173 15385
102 5173 47 5170
103 5173 5170 15385
104 5174 54 5175
105 5174 5175 15386
106 5175 3 5176
107 5175 5176 15386
108 5176 1 5177
109 5176 5177 15386
110 5177 45 5174
111 5177 5174 15386
112 5170 47 5162
113 5170 5162 15387
114 5162 0 5178
115 5162 5178 15387
116 5178 3 5175
117 5178 5175 15387
118 5175 54 5170
119 5175 5170 15387
120 5179 56 5180
121 5179 5180 15388
122 5180 35 5148
123 5180 5148 15388
124 5148 36 5181
125 5148 5181 15388
126 5181 55 5179
127 5181 5179 15388
128 5182 57 5183
129 5182 5183 15389
130 5183 37 5150
131 5183 5150 15389
132 5150 35 5180
133 5150 5180 15389
134 5180 56 5182
135 5180 5182 15389
136 5184 55 5181
137 5184 5181 15390
138 5181 36 5159
139 5181 5159 15390
140 5159 42 5185
141 5159 5185 15390
142 5185 43 5184
143 5185 5184 15390
144 5186 46 5163
145 5186 5163 15391
146 5163 47 5173
147 5163 5173 15391
148 5173 52 5187
149 5173 5187 15391
150 5187 58 5186
151 5187 5186 15391
152 5171 54 5174
153 5171 5174 15392
154 5174 45 5188
155 5174 5188 15392
156 5188 59 5189
157 5188 5189 15392
158 5189 53 5171
159 5189 5171 15392
160 5190 61 5191
161 5190 5191 15393
162 5191 60 5192
163 5191 5192 15393
164 5192 2 5193
165 5192 5193 15393
166 5193 4 5190
167 5193 5190 15393
168 5194 61 5195
169 5194 5195 15394
170 5195 46 5186
171 5195 5186 15394
172 5186 58 5196
173 5186 5196 15394
174 5196 62 5194
175 5196 5194 15394
176 5160 46 5195
177 5160 5195 15395
178 5195 61 5190
179 5195 5190 15395
180 5190 4 5197
181 5190 5197 15395
182 5197 5 5160
183 5197 5160 15395
184 5198 64 5199
185 5198 5199 15396
186 5199 63 5200
187 5199 5200 15396
188 5200 33 5146
189 5200 5146 15396
190 5146 34 5198
191 5146 5198 15396
192 5198 34 5151
193 5198 5151 15397
194 5151 37 5201
195 5151 5201 15397
196 5201 65 5202
197 5201 5202 15397
198 5202 64 5198
199 5202 5198 15397
200 5203 73 5204
201 5203 5204 15398
202 5204 48 5168
203 5204 5168 15398
204 5168 51 5205
205 5168 5205 15398
206 5205 74 5203
207 5205 5203 15398
208 5206 73 5203
209 5206 5203 15399
210 5203 74 5207
211 5203 5207 15399
212 5207 76 5208
213 5207 5208 15399
214 5208 75 5206
215 5208 5206 15399
216 5209 80 5210
217 5209 5210 15400
218 5210 65 5201
219 5210 5201 15400
220 5201 37 5183
221 5201 5183 15400
222 5183 57 5209
223 5183 5209 15400
224 5211 83 5212
225 5211 5212 15401
226 5212 60 5191
227 5212 5191 15401
228 5191 61 5194
229 5191 5194 15401
230 5194 62 5211
231 5194 5211 15401
232 5213 64 5202
233 5213 5202 15402
234 5202 65 5214
235 5202 5214 15402
236 5214 85 5215
237 5214 5215 15402
238 5215 84 5213
239 5215 5213 15402
240 5155 32 5216
241 5155 5216 15403
242 5216 90 5217
243 5216 5217 15403
244 5217 89 5218
245 5217 5218 15403
246 5218 41 5155
247 5218 5155 15403
248 5219 63 5199
249 5219 5199 15404
250 5199 64 5213
251 5199 5213 15404
252 5213 84 5220
253 5213 5220 15404
254 5220 91 5219
255 5220 5219 15404
256 5140 29 5221
257 5140 5221 15405
258 5221 92 5222
259 5221 5222 15405
260 5222 90 5216
261 5222 5216 15405
262 5216 32 5140
263 5216 5140 15405
264 5217 90 5223
265 5217 5223 15406
266 5223 94 5224
267 5223 5224 15406
268 5224 93 5225
269 5224 5225 15406
270 5225 89 5217
271 5225 5217 15406
272 5224 94 5226
273 5224 5226 15407
274 5226 96 5227
275 5226 5227 15407
276 5227 95 5228
277 5227 5228 15407
278 5228 93 5224
279 5228 5224 15407
280 5229 94 5223
281 5229 5223 15408
282 5223 90 5222
283 5223 5222 15408
284 5222 92 5230
285 5222 5230 15408
286 5230 97 5229
287 5230 5229 15408
288 5231 96 5226
289 5231 5226 15409
290 5226 94 5229
291 5226 5229 15409
292 5229 97 5232
293 5229 5232 15409
294 5232 98 5231
295 5232 5231 15409
296 5233 102 5234
297 5233 5234 15410
298 5234 101 5235
299 5234 5235 15410
300 5235 100 5236
301 5235 5236 15410
302 5236 99 5233
303 5236 5233 15410
304 5172 53 5237
305 5172 5237 15411
306 5237 100 5235
307 5237 5235 15411
308 5235 101 5238
309 5235 5238 15411
310 5238 52 5172
311 5238 5172 15411
312 5239 104 5240
313 5239 5240 15412
314 5240 103 5241
315 5240 5241 15412
316 5241 101 5234
317 5241 5234 15412
318 5234 102 5239
319 5234 5239 15412
320 5187 52 5238
321 5187 5238 15413
322 5238 101 5241
323 5238 5241 15413
324 5241 103 5242
325 5241 5242 15413
326 5242 58 5187
327 5242 5187 15413
328 5243 99 5236
329 5243 5236 15414
330 5236 100 5244
331 5236 5244 15414
332 5244 106 5245
333 5244 5245 15414
334 5245 105 5243
335 5245 5243 15414
336 5246 109 5247
337 5246 5247 15415
338 5247 108 5248
339 5247 5248 15415
340 5248 107 5249
341 5248 5249 15415
342 5249 98 5246
343 5249 5246 15415
344 5189 59 5250
345 5189 5250 15416
346 5250 106 5244
347 5250 5244 15416
348 5244 100 5237
349 5244 5237 15416
350 5237 53 5189
351 5237 5189 15416
352 5251 110 5252
353 5251 5252 15417
354 5252 96 5231
355 5252 5231 15417
356 5231 98 5249
357 5231 5249 15417
358 5249 107 5251
359 5249 5251 15417
360 5227 96 5252
361 5227 5252 15418
362 5252 110 5253
363 5252 5253 15418
364 5253 111 5254
365 5253 5254 15418
366 5254 95 5227
367 5254 5227 15418
368 5243 105 5255
369 5243 5255 15419
370 5255 111 5253
371 5255 5253 15419
372 5253 110 5256
373 5253 5256 15419
374 5256 99 5243
375 5256 5243 15419
376 5233 99 5256
377 5233 5256 15420
378 5256 110 5251
379 5256 5251 15420
380 5251 107 5257
381 5251 5257 15420
382 5257 102 5233
383 5257 5233 15420
384 5239 102 5257
385 5239 5257 15421
386 5257 107 5248
387 5257 5248 15421
388 5248 108 5258
389 5248 5258 15421
390 5258 104 5239
391 5258 5239 15421
392 5259 116 5260
393 5259 5260 15422
394 5260 113 5261
395 5260 5261 15422
396 5261 115 5262
397 5261 5262 15422
398 5262 114 5259
399 5262 5259 15422
400 5261 113 5263
401 5261 5263 15423
402 5263 73 5206
403 5263 5206 15423
404 5206 75 5264
405 5206 5264 15423
406 5264 115 5261
407 5264 5261 15423
408 5265 75 5208
409 5265 5208 15424
410 5208 76 5266
411 5208 5266 15424
412 5266 69 5267
413 5266 5267 15424
414 5267 121 5265
415 5267 5265 15424
416 5268 114 5262
417 5268 5262 15425
418 5262 115 5269
419 5262 5269 15425
420 5269 122 5270
421 5269 5270 15425
422 5270 120 5268
423 5270 5268 15425
424 5269 115 5264
425 5269 5264 15426
426 5264 75 5265
427 5264 5265 15426
428 5265 121 5271
429 5265 5271 15426
430 5271 122 5269
431 5271 5269 15426
432 5272 120 5270
433 5272 5270 15427
434 5270 122 5273
435 5270 5273 15427
436 5273 127 5274
437 5273 5274 15427
438 5274 123 5272
439 5274 5272 15427
440 5164 39 5275
441 5164 5275 15428
442 5275 129 5276
443 5275 5276 15428
444 5276 74 5205
445 5276 5205 15428
446 5205 51 5164
447 5205 5164 15428
448 5277 8 5278
449 5277 5278 15429
450 5278 7 5279
451 5278 5279 15429
452 5279 134 5280
453 5279 5280 15429
454 5280 133 5277
455 5280 5277 15429
456 5281 133 5280
457 5281 5280 15430
458 5280 134 5282
459 5280 5282 15430
460 5282 136 5283
461 5282 5283 15430
462 5283 135 5281
463 5283 5281 15430
464 5284 134 5279
465 5284 5279 15431
466 5279 7 5285
467 5279 5285 15431
468 5285 2 5192
469 5285 5192 15431
470 5192 60 5284
471 5192 5284 15431
472 5286 136 5282
473 5286 5282 15432
474 5282 134 5284
475 5282 5284 15432
476 5284 60 5212
477 5284 5212 15432
478 5212 83 5286
479 5212 5286 15432
480 5287 140 5288
481 5287 5288 15433
482 5288 139 5289
483 5288 5289 15433
484 5289 138 5290
485 5289 5290 15433
486 5290 137 5287
487 5290 5287 15433
488 5291 138 5289
489 5291 5289 15434
490 5289 139 5292
491 5289 5292 15434
492 5292 84 5215
493 5292 5215 15434
494 5215 85 5291
495 5215 5291 15434
496 5293 142 5294
497 5293 5294 15435
498 5294 141 5295
499 5294 5295 15435
500 5295 139 5288
501 5295 5288 15435
502 5288 140 5293
503 5288 5293 15435
504 5292 139 5295
505 5292 5295 15436
506 5295 141 5296
507 5295 5296 15436
508 5296 91 5220
509 5296 5220 15436
510 5220 84 5292
511 5220 5292 15436
512 5214 65 5210
513 5214 5210 15437
514 5210 80 5297
515 5210 5297 15437
516 5297 143 5298
517 5297 5298 15437
518 5298 85 5214
519 5298 5214 15437
520 5299 147 5300
521 5299 5300 15438
522 5300 138 5291
523 5300 5291 15438
524 5291 85 5298
525 5291 5298 15438
526 5298 143 5299
527 5298 5299 15438
528 5301 148 5302
529 5301 5302 15439
530 5302 137 5290
531 5302 5290 15439
532 5290 138 5300
533 5290 5300 15439
534 5300 147 5301
535 5300 5301 15439
536 5303 108 5247
537 5303 5247 15440
538 5247 109 5304
539 5247 5304 15440
540 5304 157 5305
541 5304 5305 15440
542 5305 156 5303
543 5305 5303 15440
544 5196 58 5242
545 5196 5242 15441
546 5242 103 5306
547 5242 5306 15441
548 5306 158 5307
549 5306 5307 15441
550 5307 62 5196
551 5307 5196 15441
552 5308 159 5309
553 5308 5309 15442
554 5309 158 5306
555 5309 5306 15442
556 5306 103 5240
557 5306 5240 15442
558 5240 104 5308
559 5240 5308 15442
560 5310 160 5311
561 5310 5311 15443
562 5311 83 5211
563 5311 5211 15443
564 5211 62 5307
565 5211 5307 15443
566 5307 158 5310
567 5307 5310 15443
568 5308 104 5258
569 5308 5258 15444
570 5258 108 5303
571 5258 5303 15444
572 5303 156 5312
573 5303 5312 15444
574 5312 159 5308
575 5312 5308 15444
576 5310 158 5309
577 5310 5309 15445
578 5309 159 5313
579 5309 5313 15445
580 5313 161 5314
581 5313 5314 15445
582 5314 160 5310
583 5314 5310 15445
584 5286 83 5311
585 5286 5311 15446
586 5311 160 5315
587 5311 5315 15446
588 5315 162 5316
589 5315 5316 15446
590 5316 136 5286
591 5316 5286 15446
592 5317 163 5318
593 5317 5318 15447
594 5318 162 5315
595 5318 5315 15447
596 5315 160 5314
597 5315 5314 15447
598 5314 161 5317
599 5314 5317 15447
600 5313 159 5312
601 5313 5312 15448
602 5312 156 5319
603 5312 5319 15448
604 5319 164 5320
605 5319 5320 15448
606 5320 161 5313
607 5320 5313 15448
608 5317 161 5320
609 5317 5320 15449
610 5320 164 5321
611 5320 5321 15449
612 5321 165 5322
613 5321 5322 15449
614 5322 163 5317
615 5322 5317 15449
616 5323 166 5324
617 5323 5324 15450
618 5324 135 5283
619 5324 5283 15450
620 5283 136 5316
621 5283 5316 15450
622 5316 162 5323
623 5316 5323 15450
624 5325 169 5326
625 5325 5326 15451
626 5326 168 5327
627 5326 5327 15451
628 5327 97 5230
629 5327 5230 15451
630 5230 92 5325
631 5230 5325 15451
632 5144 33 5328
633 5144 5328 15452
634 5328 169 5325
635 5328 5325 15452
636 5325 92 5221
637 5325 5221 15452
638 5221 29 5144
639 5221 5144 15452
640 5329 169 5328
641 5329 5328 15453
642 5328 33 5200
643 5328 5200 15453
644 5200 63 5330
645 5200 5330 15453
646 5330 170 5329
647 5330 5329 15453
648 5219 91 5331
649 5219 5331 15454
650 5331 171 5332
651 5331 5332 15454
652 5332 170 5330
653 5332 5330 15454
654 5330 63 5219
655 5330 5219 15454
656 5333 157 5334
657 5333 5334 15455
658 5334 174 5335
659 5334 5335 15455
660 5335 173 5336
661 5335 5336 15455
662 5336 172 5333
663 5336 5333 15455
664 5304 109 5337
665 5304 5337 15456
666 5337 168 5338
667 5337 5338 15456
668 5338 174 5334
669 5338 5334 15456
670 5334 157 5304
671 5334 5304 15456
672 5327 168 5337
673 5327 5337 15457
674 5337 109 5246
675 5337 5246 15457
676 5246 98 5232
677 5246 5232 15457
678 5232 97 5327
679 5232 5327 15457
680 5338 168 5326
681 5338 5326 15458
682 5326 169 5329
683 5326 5329 15458
684 5329 170 5339
685 5329 5339 15458
686 5339 174 5338
687 5339 5338 15458
688 5296 141 5340
689 5296 5340 15459
690 5340 175 5341
691 5340 5341 15459
692 5341 171 5331
693 5341 5331 15459
694 5331 91 5296
695 5331 5296 15459
696 5342 177 5343
697 5342 5343 15460
698 5343 176 5344
699 5343 5344 15460
700 5344 172 5336
701 5344 5336 15460
702 5336 173 5342
703 5336 5342 15460
704 5319 156 5305
705 5319 5305 15461
706 5305 157 5333
707 5305 5333 15461
708 5333 172 5345
709 5333 5345 15461
710 5345 164 5319
711 5345 5319 15461
712 5321 164 5345
713 5321 5345 15462
714 5345 172 5344
715 5345 5344 15462
716 5344 176 5346
717 5344 5346 15462
718 5346 165 5321
719 5346 5321 15462
720 5335 174 5339
721 5335 5339 15463
722 5339 170 5332
723 5339 5332 15463
724 5332 171 5347
725 5332 5347 15463
726 5347 173 5335
727 5347 5335 15463
728 5342 173 5347
729 5342 5347 15464
730 5347 171 5341
731 5347 5341 15464
732 5341 175 5348
733 5341 5348 15464
734 5348 177 5342
735 5348 5342 15464
736 5294 142 5349
737 5294 5349 15465
738 5349 179 5350
739 5349 5350 15465
740 5350 175 5340
741 5350 5340 15465
742 5340 141 5294
743 5340 5294 15465
744 5351 180 5352
745 5351 5352 15466
746 5352 178 5353
747 5352 5353 15466
748 5353 165 5346
749 5353 5346 15466
750 5346 176 5351
751 5346 5351 15466
752 5354 181 5355
753 5354 5355 15467
754 5355 180 5351
755 5355 5351 15467
756 5351 176 5343
757 5351 5343 15467
758 5343 177 5354
759 5343 5354 15467
760 5356 181 5354
761 5356 5354 15468
762 5354 177 5348
763 5354 5348 15468
764 5348 175 5350
765 5348 5350 15468
766 5350 179 5356
767 5350 5356 15468
768 5357 167 5358
769 5357 5358 15469
770 5358 166 5323
771 5358 5323 15469
772 5323 162 5318
773 5323 5318 15469
774 5318 163 5357
775 5318 5357 15469
776 5357 163 5322
777 5357 5322 15470
778 5322 165 5353
779 5322 5353 15470
780 5353 178 5359
781 5353 5359 15470
782 5359 167 5357
783 5359 5357 15470
784 5360 77 5361
785 5360 5361 15471
786 5361 55 5184
787 5361 5184 15471
788 5184 43 5362
789 5184 5362 15471
790 5362 44 5360
791 5362 5360 15471
792 5363 78 5364
793 5363 5364 15472
794 5364 56 5179
795 5364 5179 15472
796 5179 55 5361
797 5179 5361 15472
798 5361 77 5363
799 5361 5363 15472
800 5182 56 5364
801 5182 5364 15473
802 5364 78 5365
803 5364 5365 15473
804 5365 79 5366
805 5365 5366 15473
806 5366 57 5182
807 5366 5182 15473
808 5209 57 5366
809 5209 5366 15474
810 5366 79 5367
811 5366 5367 15474
812 5367 81 5368
813 5367 5368 15474
814 5368 80 5209
815 5368 5209 15474
816 5369 183 5370
817 5369 5370 15475
818 5370 78 5363
819 5370 5363 15475
820 5363 77 5371
821 5363 5371 15475
822 5371 184 5369
823 5371 5369 15475
824 5372 184 5371
825 5372 5371 15476
826 5371 77 5360
827 5371 5360 15476
828 5360 44 5373
829 5360 5373 15476
830 5373 182 5372
831 5373 5372 15476
832 5374 185 5375
833 5374 5375 15477
834 5375 79 5365
835 5375 5365 15477
836 5365 78 5370
837 5365 5370 15477
838 5370 183 5374
839 5370 5374 15477
840 5268 120 5376
841 5268 5376 15478
842 5376 118 5377
843 5376 5377 15478
844 5377 117 5378
845 5377 5378 15478
846 5378 114 5268
847 5378 5268 15478
848 5259 114 5378
849 5259 5378 15479
850 5378 117 5379
851 5378 5379 15479
852 5379 112 5380
853 5379 5380 15479
854 5380 116 5259
855 5380 5259 15479
856 5272 123 5381
857 5272 5381 15480
858 5381 119 5382
859 5381 5382 15480
860 5382 118 5376
861 5382 5376 15480
862 5376 120 5272
863 5376 5272 15480
864 5383 144 5384
865 5383 5384 15481
866 5384 143 5297
867 5384 5297 15481
868 5297 80 5368
869 5297 5368 15481
870 5368 81 5383
871 5368 5383 15481
872 5385 186 5386
873 5385 5386 15482
874 5386 81 5367
875 5386 5367 15482
876 5367 79 5375
877 5367 5375 15482
878 5375 185 5385
879 5375 5385 15482
880 5387 187 5388
881 5387 5388 15483
882 5388 144 5383
883 5388 5383 15483
884 5383 81 5386
885 5383 5386 15483
886 5386 186 5387
887 5386 5387 15483
888 5299 143 5384
889 5299 5384 15484
890 5384 144 5389
891 5384 5389 15484
892 5389 149 5390
893 5389 5390 15484
894 5390 147 5299
895 5390 5299 15484
896 5391 188 5392
897 5391 5392 15485
898 5392 149 5389
899 5392 5389 15485
900 5389 144 5388
901 5389 5388 15485
902 5388 187 5391
903 5388 5391 15485
904 5393 152 5394
905 5393 5394 15486
906 5394 148 5301
907 5394 5301 15486
908 5301 147 5390
909 5301 5390 15486
910 5390 149 5393
911 5390 5393 15486
912 5395 189 5396
913 5395 5396 15487
914 5396 152 5393
915 5396 5393 15487
916 5393 149 5392
917 5393 5392 15487
918 5392 188 5395
919 5392 5395 15487
920 5379 117 5397
921 5379 5397 15488
922 5397 184 5372
923 5397 5372 15488
924 5372 182 5398
925 5372 5398 15488
926 5398 112 5379
927 5398 5379 15488
928 5377 118 5399
929 5377 5399 15489
930 5399 183 5369
931 5399 5369 15489
932 5369 184 5397
933 5369 5397 15489
934 5397 117 5377
935 5397 5377 15489
936 5382 119 5400
937 5382 5400 15490
938 5400 185 5374
939 5400 5374 15490
940 5374 183 5399
941 5374 5399 15490
942 5399 118 5382
943 5399 5382 15490
944 5400 119 5401
945 5400 5401 15491
946 5401 145 5402
947 5401 5402 15491
948 5402 186 5385
949 5402 5385 15491
950 5385 185 5400
951 5385 5400 15491
952 5402 145 5403
953 5402 5403 15492
954 5403 647 5404
955 5403 5404 15492
956 5404 187 5387
957 5404 5387 15492
958 5387 186 5402
959 5387 5402 15492
960 5405 647 5406
961 5405 5406 15493
962 5406 146 5407
963 5406 5407 15493
964 5407 150 5408
965 5407 5408 15493
966 5408 646 5405
967 5408 5405 15493
968 5409 646 5408
969 5409 5408 15494
970 5408 150 5410
971 5408 5410 15494
972 5410 153 5411
973 5410 5411 15494
974 5411 645 5409
975 5411 5409 15494
976 5412 645 5411
977 5412 5411 15495
978 5411 153 5413
979 5411 5413 15495
980 5413 155 5414
981 5413 5414 15495
982 5414 644 5412
983 5414 5412 15495
984 5415 644 5414
985 5415 5414 15496
986 5414 155 5416
987 5414 5416 15496
988 5416 154 5417
989 5416 5417 15496
990 5417 643 5415
991 5417 5415 15496
992 5207 74 5276
993 5207 5276 15497
994 5276 129 5418
995 5276 5418 15497
996 5418 131 5419
997 5418 5419 15497
998 5419 76 5207
999 5419 5207 15497
1000 5420 66 5421
1001 5420 5421 15498
1002 5421 69 5422
1003 5421 5422 15498
1004 5422 68 5423
1005 5422 5423 15498
1006 5423 67 5420
1007 5423 5420 15498
1008 5266 76 5419
1009 5266 5419 15499
1010 5419 131 5424
1011 5419 5424 15499
1012 5424 68 5422
1013 5424 5422 15499
1014 5422 69 5266
1015 5422 5266 15499
1016 5425 191 5426
1017 5425 5426 15500
1018 5426 190 5427
1019 5426 5427 15500
1020 5427 68 5424
1021 5427 5424 15500
1022 5424 131 5425
1023 5424 5425 15500
1024 5427 190 5428
1025 5427 5428 15501
1026 5428 193 5429
1027 5428 5429 15501
1028 5429 67 5423
1029 5429 5423 15501
1030 5423 68 5427
1031 5423 5427 15501
1032 5430 123 5274
1033 5430 5274 15502
1034 5274 127 5431
1035 5274 5431 15502
1036 5431 126 5432
1037 5431 5432 15502
1038 5432 128 5430
1039 5432 5430 15502
1040 5430 128 5433
1041 5430 5433 15503
1042 5433 145 5401
1043 5433 5401 15503
1044 5401 119 5381
1045 5401 5381 15503
1046 5381 123 5430
1047 5381 5430 15503
1048 5434 121 5267
1049 5434 5267 15504
1050 5267 69 5421
1051 5267 5421 15504
1052 5421 66 5435
1053 5421 5435 15504
1054 5435 124 5434
1055 5435 5434 15504
1056 5434 124 5436
1057 5434 5436 15505
1058 5436 127 5273
1059 5436 5273 15505
1060 5273 122 5271
1061 5273 5271 15505
1062 5271 121 5434
1063 5271 5434 15505
1064 5436 124 5437
1065 5436 5437 15506
1066 5437 125 5438
1067 5437 5438 15506
1068 5438 126 5431
1069 5438 5431 15506
1070 5431 127 5436
1071 5431 5436 15506
1072 5439 129 5275
1073 5439 5275 15507
1074 5275 39 5152
1075 5275 5152 15507
1076 5152 26 5440
1077 5152 5440 15507
1078 5440 130 5439
1079 5440 5439 15507
1080 5137 27 5441
1081 5137 5441 15508
1082 5441 86 5442
1083 5441 5442 15508
1084 5442 87 5443
1085 5442 5443 15508
1086 5443 23 5137
1087 5443 5137 15508
1088 5444 130 5440
1089 5444 5440 15509
1090 5440 26 5133
1091 5440 5133 15509
1092 5133 23 5443
1093 5133 5443 15509
1094 5443 87 5444
1095 5443 5444 15509
1096 5445 191 5446
1097 5445 5446 15510
1098 5446 130 5444
1099 5446 5444 15510
1100 5444 87 5447
1101 5444 5447 15510
1102 5447 192 5445
1103 5447 5445 15510
1104 5418 129 5439
1105 5418 5439 15511
1106 5439 130 5446
1107 5439 5446 15511
1108 5446 191 5425
1109 5446 5425 15511
1110 5425 131 5418
1111 5425 5418 15511
1112 5447 87 5442
1113 5447 5442 15512
1114 5442 86 5448
1115 5442 5448 15512
1116 5448 194 5449
1117 5448 5449 15512
1118 5449 192 5447
1119 5449 5447 15512
1120 5450 627 5451
1121 5450 5451 15513
1122 5451 628 5452
1123 5451 5452 15513
1124 5452 195 5453
1125 5452 5453 15513
1126 5453 132 5450
1127 5453 5450 15513
1128 5454 629 5455
1129 5454 5455 15514
1130 5455 630 5456
1131 5455 5456 15514
1132 5456 21 5457
1133 5456 5457 15514
1134 5457 82 5454
1135 5457 5454 15514
1136 5458 635 5459
1137 5458 5459 15515
1138 5459 11 5460
1139 5459 5460 15515
1140 5460 10 5461
1141 5460 5461 15515
1142 5461 634 5458
1143 5461 5458 15515
1144 5462 634 5461
1145 5462 5461 15516
1146 5461 10 5463
1147 5461 5463 15516
1148 5463 12 5464
1149 5463 5464 15516
1150 5464 633 5462
1151 5464 5462 15516
1152 5465 11 5459
1153 5465 5459 15517
1154 5459 635 5466
1155 5459 5466 15517
1156 5466 636 5467
1157 5466 5467 15517
1158 5467 13 5465
1159 5467 5465 15517
1160 5468 643 5417
1161 5468 5417 15518
1162 5417 154 5469
1163 5417 5469 15518
1164 5469 151 5470
1165 5469 5470 15518
1166 5470 642 5468
1167 5470 5468 15518
1168 5471 642 5470
1169 5471 5470 15519
1170 5470 151 5472
1171 5470 5472 15519
1172 5472 88 5473
1173 5472 5473 15519
1174 5473 641 5471
1175 5473 5471 15519
1176 5474 640 5475
1177 5474 5475 15520
1178 5475 17 5476
1179 5475 5476 15520
1180 5476 16 5477
1181 5476 5477 15520
1182 5477 639 5474
1183 5477 5474 15520
1184 5478 638 5479
1185 5478 5479 15521
1186 5479 15 5480
1187 5479 5480 15521
1188 5480 14 5481
1189 5480 5481 15521
1190 5481 637 5478
1191 5481 5478 15521
1192 5475 640 5482
1193 5475 5482 15522
1194 5482 641 5473
1195 5482 5473 15522
1196 5473 88 5483
1197 5473 5483 15522
1198 5483 17 5475
1199 5483 5475 15522
1200 5479 638 5484
1201 5479 5484 15523
1202 5484 639 5477
1203 5484 5477 15523
1204 5477 16 5485
1205 5477 5485 15523
1206 5485 15 5479
1207 5485 5479 15523
1208 5486 13 5467
1209 5486 5467 15524
1210 5467 636 5487
1211 5467 5487 15524
1212 5487 637 5481
1213 5487 5481 15524
1214 5481 14 5486
1215 5481 5486 15524
1216 5488 632 5489
1217 5488 5489 15525
1218 5489 20 5490
1219 5489 5490 15525
1220 5490 19 5491
1221 5490 5491 15525
1222 5491 631 5488
1223 5491 5488 15525
1224 5456 630 5492
1225 5456 5492 15526
1226 5492 631 5491
1227 5492 5491 15526
1228 5491 19 5493
1229 5491 5493 15526
1230 5493 21 5456
1231 5493 5456 15526
1232 5489 632 5494
1233 5489 5494 15527
1234 5494 633 5464
1235 5494 5464 15527
1236 5464 12 5495
1237 5464 5495 15527
1238 5495 20 5489
1239 5495 5489 15527
1240 5452 628 5496
1241 5452 5496 15528
1242 5496 629 5454
1243 5496 5454 15528
1244 5454 82 5497
1245 5454 5497 15528
1246 5497 195 5452
1247 5497 5452 15528
1248 5498 196 5499
1249 5498 5499 15529
1250 5499 194 5448
1251 5499 5448 15529
1252 5448 86 5500
1253 5448 5500 15529
1254 5500 197 5498
1255 5500 5498 15529
1256 5501 197 5500
1257 5501 5500 15530
1258 5500 86 5441
1259 5500 5441 15530
1260 5441 27 5502
1261 5441 5502 15530
1262 5502 198 5501
1263 5502 5501 15530
1264 5503 198 5502
1265 5503 5502 15531
1266 5502 27 5139
1267 5502 5139 15531
1268 5139 28 5504
1269 5139 5504 15531
1270 5504 199 5503
1271 5504 5503 15531
1272 5505 200 5506
1273 5505 5506 15532
1274 5506 199 5504
1275 5506 5504 15532
1276 5504 28 5507
1277 5504 5507 15532
1278 5507 71 5505
1279 5507 5505 15532
1280 5508 200 5505
1281 5508 5505 15533
1282 5505 71 5509
1283 5505 5509 15533
1284 5509 70 5510
1285 5509 5510 15533
1286 5510 201 5508
1287 5510 5508 15533
1288 5511 201 5510
1289 5511 5510 15534
1290 5510 70 5512
1291 5510 5512 15534
1292 5512 72 5513
1293 5512 5513 15534
1294 5513 202 5511
1295 5513 5511 15534
1296 5514 202 5513
1297 5514 5513 15535
1298 5513 72 5515
1299 5513 5515 15535
1300 5515 6 5516
1301 5515 5516 15535
1302 5516 9 5514
1303 5516 5514 15535
1304 5517 204 5518
1305 5517 5518 15536
1306 5518 205 5519
1307 5518 5519 15536
1308 5519 207 5520
1309 5519 5520 15536
1310 5520 206 5517
1311 5520 5517 15536
1312 5521 650 5522
1313 5521 5522 15537
1314 5522 412 5523
1315 5522 5523 15537
1316 5523 222 5524
1317 5523 5524 15537
1318 5524 649 5521
1319 5524 5521 15537
1320 5525 242 5526
1321 5525 5526 15538
1322 5526 342 5527
1323 5526 5527 15538
1324 5527 343 5528
1325 5527 5528 15538
1326 5528 241 5525
1327 5528 5525 15538
1328 5529 241 5528
1329 5529 5528 15539
1330 5528 343 5530
1331 5528 5530 15539
1332 5530 344 5531
1333 5530 5531 15539
1334 5531 245 5529
1335 5531 5529 15539
1336 5532 245 5531
1337 5532 5531 15540
1338 5531 344 5533
1339 5531 5533 15540
1340 5533 345 5534
1341 5533 5534 15540
1342 5534 252 5532
1343 5534 5532 15540
1344 5535 346 5536
1345 5535 5536 15541
1346 5536 255 5537
1347 5536 5537 15541
1348 5537 252 5534
1349 5537 5534 15541
1350 5534 345 5535
1351 5534 5535 15541
1352 5538 403 5539
1353 5538 5539 15542
1354 5539 404 5540
1355 5539 5540 15542
1356 5540 258 5541
1357 5540 5541 15542
1358 5541 257 5538
1359 5541 5538 15542
1360 5542 348 5543
1361 5542 5543 15543
1362 5543 258 5540
1363 5543 5540 15543
1364 5540 404 5544
1365 5540 5544 15543
1366 5544 405 5542
1367 5544 5542 15543
1368 5545 255 5536
1369 5545 5536 15544
1370 5536 346 5546
1371 5536 5546 15544
1372 5546 347 5547
1373 5546 5547 15544
1374 5547 260 5545
1375 5547 5545 15544
1376 5548 342 5526
1377 5548 5526 15545
1378 5526 242 5549
1379 5526 5549 15545
1380 5549 297 5550
1381 5549 5550 15545
1382 5550 341 5548
1383 5550 5548 15545
1384 5551 532 5552
1385 5551 5552 15546
1386 5552 533 5553
1387 5552 5553 15546
1388 5553 326 5554
1389 5553 5554 15546
1390 5554 220 5551
1391 5554 5551 15546
1392 5555 341 5550
1393 5555 5550 15547
1394 5550 297 5556
1395 5550 5556 15547
1396 5556 244 5557
1397 5556 5557 15547
1398 5557 340 5555
1399 5557 5555 15547
1400 5557 244 5558
1401 5557 5558 15548
1402 5558 214 5559
1403 5558 5559 15548
1404 5559 339 5560
1405 5559 5560 15548
1406 5560 340 5557
1407 5560 5557 15548
1408 5561 337 5562
1409 5561 5562 15549
1410 5562 338 5563
1411 5562 5563 15549
1412 5563 215 5564
1413 5563 5564 15549
1414 5564 287 5561
1415 5564 5561 15549
1416 5565 534 5566
1417 5565 5566 15550
1418 5566 535 5567
1419 5566 5567 15550
1420 5567 288 5568
1421 5567 5568 15550
1422 5568 336 5565
1423 5568 5565 15550
1424 5569 335 5570
1425 5569 5570 15551
1426 5570 336 5568
1427 5570 5568 15551
1428 5568 288 5571
1429 5568 5571 15551
1430 5571 209 5569
1431 5571 5569 15551
1432 5572 276 5573
1433 5572 5573 15552
1434 5573 329 5574
1435 5573 5574 15552
1436 5574 330 5575
1437 5574 5575 15552
1438 5575 269 5572
1439 5575 5572 15552
1440 5574 329 5576
1441 5574 5576 15553
1442 5576 212 5577
1443 5576 5577 15553
1444 5577 331 5578
1445 5577 5578 15553
1446 5578 330 5574
1447 5578 5574 15553
1448 5520 207 5579
1449 5520 5579 15554
1450 5579 331 5577
1451 5579 5577 15554
1452 5577 212 5580
1453 5577 5580 15554
1454 5580 206 5520
1455 5580 5520 15554
1456 5581 269 5575
1457 5581 5575 15555
1458 5575 330 5582
1459 5575 5582 15555
1460 5582 328 5583
1461 5582 5583 15555
1462 5583 271 5581
1463 5583 5581 15555
1464 5584 331 5579
1465 5584 5579 15556
1466 5579 207 5585
1467 5579 5585 15556
1468 5585 224 5586
1469 5585 5586 15556
1470 5586 327 5584
1471 5586 5584 15556
1472 5584 327 5587
1473 5584 5587 15557
1474 5587 328 5582
1475 5587 5582 15557
1476 5582 330 5578
1477 5582 5578 15557
1478 5578 331 5584
1479 5578 5584 15557
1480 5588 317 5589
1481 5588 5589 15558
1482 5589 455 5590
1483 5589 5590 15558
1484 5590 456 5591
1485 5590 5591 15558
1486 5591 316 5588
1487 5591 5588 15558
1488 5592 455 5589
1489 5592 5589 15559
1490 5589 317 5593
1491 5589 5593 15559
1492 5593 320 5594
1493 5593 5594 15559
1494 5594 454 5592
1495 5594 5592 15559
1496 5595 324 5596
1497 5595 5596 15560
1498 5596 453 5597
1499 5596 5597 15560
1500 5597 454 5594
1501 5597 5594 15560
1502 5594 320 5595
1503 5594 5595 15560
1504 5570 335 5598
1505 5570 5598 15561
1506 5598 220 5554
1507 5598 5554 15561
1508 5554 326 5599
1509 5554 5599 15561
1510 5599 336 5570
1511 5599 5570 15561
1512 5553 533 5600
1513 5553 5600 15562
1514 5600 534 5565
1515 5600 5565 15562
1516 5565 336 5599
1517 5565 5599 15562
1518 5599 326 5553
1519 5599 5553 15562
1520 5562 337 5601
1521 5562 5601 15563
1522 5601 296 5602
1523 5601 5602 15563
1524 5602 294 5603
1525 5602 5603 15563
1526 5603 338 5562
1527 5603 5562 15563
1528 5604 340 5560
1529 5604 5560 15564
1530 5560 339 5605
1531 5560 5605 15564
1532 5605 293 5606
1533 5605 5606 15564
1534 5606 298 5604
1535 5606 5604 15564
1536 5607 295 5608
1537 5607 5608 15565
1538 5608 341 5555
1539 5608 5555 15565
1540 5555 340 5604
1541 5555 5604 15565
1542 5604 298 5607
1543 5604 5607 15565
1544 5609 219 5610
1545 5609 5610 15566
1546 5610 342 5548
1547 5610 5548 15566
1548 5548 341 5608
1549 5548 5608 15566
1550 5608 295 5609
1551 5608 5609 15566
1552 5527 342 5610
1553 5527 5610 15567
1554 5610 219 5611
1555 5610 5611 15567
1556 5611 218 5612
1557 5611 5612 15567
1558 5612 343 5527
1559 5612 5527 15567
1560 5530 343 5612
1561 5530 5612 15568
1562 5612 218 5613
1563 5612 5613 15568
1564 5613 225 5614
1565 5613 5614 15568
1566 5614 344 5530
1567 5614 5530 15568
1568 5533 344 5614
1569 5533 5614 15569
1570 5614 225 5615
1571 5614 5615 15569
1572 5615 236 5616
1573 5615 5616 15569
1574 5616 345 5533
1575 5616 5533 15569
1576 5617 237 5618
1577 5617 5618 15570
1578 5618 346 5535
1579 5618 5535 15570
1580 5535 345 5616
1581 5535 5616 15570
1582 5616 236 5617
1583 5616 5617 15570
1584 5546 346 5618
1585 5546 5618 15571
1586 5618 237 5619
1587 5618 5619 15571
1588 5619 239 5620
1589 5619 5620 15571
1590 5620 347 5546
1591 5620 5546 15571
1592 5621 238 5622
1593 5621 5622 15572
1594 5622 348 5542
1595 5622 5542 15572
1596 5542 405 5623
1597 5542 5623 15572
1598 5623 406 5621
1599 5623 5621 15572
1600 5624 333 5625
1601 5624 5625 15573
1602 5625 334 5626
1603 5625 5626 15573
1604 5626 223 5627
1605 5626 5627 15573
1606 5627 227 5624
1607 5627 5624 15573
1608 5628 334 5625
1609 5628 5625 15574
1610 5625 333 5629
1611 5625 5629 15574
1612 5629 417 5630
1613 5629 5630 15574
1614 5630 418 5628
1615 5630 5628 15574
1616 5631 213 5632
1617 5631 5632 15575
1618 5632 206 5580
1619 5632 5580 15575
1620 5580 212 5633
1621 5580 5633 15575
1622 5633 211 5631
1623 5633 5631 15575
1624 5517 206 5632
1625 5517 5632 15576
1626 5632 213 5634
1627 5632 5634 15576
1628 5634 226 5635
1629 5634 5635 15576
1630 5635 204 5517
1631 5635 5517 15576
1632 5636 230 5637
1633 5636 5637 15577
1634 5637 233 5638
1635 5637 5638 15577
1636 5638 232 5639
1637 5638 5639 15577
1638 5639 231 5636
1639 5639 5636 15577
1640 5640 353 5641
1641 5640 5641 15578
1642 5641 233 5637
1643 5641 5637 15578
1644 5637 230 5642
1645 5637 5642 15578
1646 5642 352 5640
1647 5642 5640 15578
1648 5643 440 5644
1649 5643 5644 15579
1650 5644 230 5636
1651 5644 5636 15579
1652 5636 231 5645
1653 5636 5645 15579
1654 5645 439 5643
1655 5645 5643 15579
1656 5646 352 5642
1657 5646 5642 15580
1658 5642 230 5644
1659 5642 5644 15580
1660 5644 440 5647
1661 5644 5647 15580
1662 5647 441 5646
1663 5647 5646 15580
1664 5648 273 5649
1665 5648 5649 15581
1666 5649 280 5650
1667 5649 5650 15581
1668 5650 329 5573
1669 5650 5573 15581
1670 5573 276 5648
1671 5573 5648 15581
1672 5576 329 5650
1673 5576 5650 15582
1674 5650 280 5651
1675 5650 5651 15582
1676 5651 211 5633
1677 5651 5633 15582
1678 5633 212 5576
1679 5633 5576 15582
1680 5652 357 5653
1681 5652 5653 15583
1682 5653 272 5654
1683 5653 5654 15583
1684 5654 233 5641
1685 5654 5641 15583
1686 5641 353 5652
1687 5641 5652 15583
1688 5655 442 5656
1689 5655 5656 15584
1690 5656 443 5657
1691 5656 5657 15584
1692 5657 204 5635
1693 5657 5635 15584
1694 5635 226 5655
1695 5635 5655 15584
1696 5658 419 5659
1697 5658 5659 15585
1698 5659 420 5660
1699 5659 5660 15585
1700 5660 228 5661
1701 5660 5661 15585
1702 5661 227 5658
1703 5661 5658 15585
1704 5662 332 5663
1705 5662 5663 15586
1706 5663 333 5624
1707 5663 5624 15586
1708 5624 227 5661
1709 5624 5661 15586
1710 5661 228 5662
1711 5661 5662 15586
1712 5664 234 5665
1713 5664 5665 15587
1714 5665 235 5666
1715 5665 5666 15587
1716 5666 410 5667
1717 5666 5667 15587
1718 5667 411 5664
1719 5667 5664 15587
1720 5668 408 5669
1721 5668 5669 15588
1722 5669 409 5670
1723 5669 5670 15588
1724 5670 349 5671
1725 5670 5671 15588
1726 5671 251 5668
1727 5671 5668 15588
1728 5672 416 5673
1729 5672 5673 15589
1730 5673 417 5629
1731 5673 5629 15589
1732 5629 333 5663
1733 5629 5663 15589
1734 5663 332 5672
1735 5663 5672 15589
1736 5670 409 5674
1737 5670 5674 15590
1738 5674 410 5666
1739 5674 5666 15590
1740 5666 235 5675
1741 5666 5675 15590
1742 5675 349 5670
1743 5675 5670 15590
1744 5676 421 5677
1745 5676 5677 15591
1746 5677 422 5678
1747 5677 5678 15591
1748 5678 249 5679
1749 5678 5679 15591
1750 5679 358 5676
1751 5679 5676 15591
1752 5680 414 5681
1753 5680 5681 15592
1754 5681 415 5682
1755 5681 5682 15592
1756 5682 359 5683
1757 5682 5683 15592
1758 5683 351 5680
1759 5683 5680 15592
1760 5684 358 5679
1761 5684 5679 15593
1762 5679 249 5685
1763 5679 5685 15593
1764 5685 351 5683
1765 5685 5683 15593
1766 5683 359 5684
1767 5683 5684 15593
1768 5682 415 5686
1769 5682 5686 15594
1770 5686 416 5672
1771 5686 5672 15594
1772 5672 332 5687
1773 5672 5687 15594
1774 5687 359 5682
1775 5687 5682 15594
1776 5684 359 5687
1777 5684 5687 15595
1778 5687 332 5662
1779 5687 5662 15595
1780 5662 228 5688
1781 5662 5688 15595
1782 5688 358 5684
1783 5688 5684 15595
1784 5676 358 5688
1785 5676 5688 15596
1786 5688 228 5660
1787 5688 5660 15596
1788 5660 420 5689
1789 5660 5689 15596
1790 5689 421 5676
1791 5689 5676 15596
1792 5646 441 5690
1793 5646 5690 15597
1794 5690 442 5655
1795 5690 5655 15597
1796 5655 226 5691
1797 5655 5691 15597
1798 5691 352 5646
1799 5691 5646 15597
1800 5640 352 5691
1801 5640 5691 15598
1802 5691 226 5634
1803 5691 5634 15598
1804 5634 213 5692
1805 5634 5692 15598
1806 5692 353 5640
1807 5692 5640 15598
1808 5652 353 5692
1809 5652 5692 15599
1810 5692 213 5631
1811 5692 5631 15599
1812 5631 211 5693
1813 5631 5693 15599
1814 5693 357 5652
1815 5693 5652 15599
1816 5694 357 5693
1817 5694 5693 15600
1818 5693 211 5651
1819 5693 5651 15600
1820 5651 280 5695
1821 5651 5695 15600
1822 5695 356 5694
1823 5695 5694 15600
1824 5696 249 5678
1825 5696 5678 15601
1826 5678 422 5697
1827 5678 5697 15601
1828 5697 423 5698
1829 5697 5698 15601
1830 5698 247 5696
1831 5698 5696 15601
1832 5680 351 5699
1833 5680 5699 15602
1834 5699 350 5700
1835 5699 5700 15602
1836 5700 413 5701
1837 5700 5701 15602
1838 5701 414 5680
1839 5701 5680 15602
1840 5702 407 5703
1841 5702 5703 15603
1842 5703 408 5668
1843 5703 5668 15603
1844 5668 251 5704
1845 5668 5704 15603
1846 5704 250 5702
1847 5704 5702 15603
1848 5699 351 5685
1849 5699 5685 15604
1850 5685 249 5696
1851 5685 5696 15604
1852 5696 247 5705
1853 5696 5705 15604
1854 5705 350 5699
1855 5705 5699 15604
1856 5706 273 5648
1857 5706 5648 15605
1858 5648 276 5707
1859 5648 5707 15605
1860 5707 275 5708
1861 5707 5708 15605
1862 5708 274 5706
1863 5708 5706 15605
1864 5709 306 5710
1865 5709 5710 15606
1866 5710 302 5711
1867 5710 5711 15606
1868 5711 304 5712
1869 5711 5712 15606
1870 5712 309 5709
1871 5712 5709 15606
1872 5713 301 5714
1873 5713 5714 15607
1874 5714 300 5715
1875 5714 5715 15607
1876 5715 299 5716
1877 5715 5716 15607
1878 5716 264 5713
1879 5716 5713 15607
1880 5717 657 5718
1881 5717 5718 15608
1882 5718 658 5719
1883 5718 5719 15608
1884 5719 363 5720
1885 5719 5720 15608
1886 5720 360 5717
1887 5720 5717 15608
1888 5721 300 5714
1889 5721 5714 15609
1890 5714 301 5722
1891 5714 5722 15609
1892 5722 302 5710
1893 5722 5710 15609
1894 5710 306 5721
1895 5710 5721 15609
1896 5720 363 5723
1897 5720 5723 15610
1898 5723 302 5722
1899 5723 5722 15610
1900 5722 301 5724
1901 5722 5724 15610
1902 5724 360 5720
1903 5724 5720 15610
1904 5725 361 5726
1905 5725 5726 15611
1906 5726 304 5711
1907 5726 5711 15611
1908 5711 302 5723
1909 5711 5723 15611
1910 5723 363 5725
1911 5723 5725 15611
1912 5725 363 5719
1913 5725 5719 15612
1914 5719 658 5727
1915 5719 5727 15612
1916 5727 659 5728
1917 5727 5728 15612
1918 5728 361 5725
1919 5728 5725 15612
1920 5729 264 5716
1921 5729 5716 15613
1922 5716 299 5730
1923 5716 5730 15613
1924 5730 268 5731
1925 5730 5731 15613
1926 5731 263 5729
1927 5731 5729 15613
1928 5732 285 5733
1929 5732 5733 15614
1930 5733 208 5734
1931 5733 5734 15614
1932 5734 209 5571
1933 5734 5571 15614
1934 5571 288 5732
1935 5571 5732 15614
1936 5735 361 5728
1937 5735 5728 15615
1938 5728 659 5736
1939 5728 5736 15615
1940 5736 660 5737
1941 5736 5737 15615
1942 5737 362 5735
1943 5737 5735 15615
1944 5738 126 5438
1945 5738 5438 15616
1946 5438 125 5739
1947 5438 5739 15616
1948 5739 267 5740
1949 5739 5740 15616
1950 5740 265 5738
1951 5740 5738 15616
1952 5741 364 5742
1953 5741 5742 15617
1954 5742 263 5731
1955 5742 5731 15617
1956 5731 268 5743
1957 5731 5743 15617
1958 5743 366 5741
1959 5743 5741 15617
1960 5744 355 5745
1961 5744 5745 15618
1962 5745 356 5695
1963 5745 5695 15618
1964 5695 280 5649
1965 5695 5649 15618
1966 5649 273 5744
1967 5649 5744 15618
1968 5746 278 5747
1969 5746 5747 15619
1970 5747 369 5748
1971 5747 5748 15619
1972 5748 279 5749
1973 5748 5749 15619
1974 5749 355 5746
1975 5749 5746 15619
1976 5746 355 5744
1977 5746 5744 15620
1978 5744 273 5706
1979 5744 5706 15620
1980 5706 274 5750
1981 5706 5750 15620
1982 5750 278 5746
1983 5750 5746 15620
1984 5748 369 5751
1985 5748 5751 15621
1986 5751 368 5752
1987 5751 5752 15621
1988 5752 277 5753
1989 5752 5753 15621
1990 5753 279 5748
1991 5753 5748 15621
1992 5721 306 5754
1993 5721 5754 15622
1994 5754 305 5755
1995 5754 5755 15622
1996 5755 299 5715
1997 5755 5715 15622
1998 5715 300 5721
1999 5715 5721 15622
2000 5754 306 5709
2001 5754 5709 15623
2002 5709 309 5756
2003 5709 5756 15623
2004 5756 308 5757
2005 5756 5757 15623
2006 5757 305 5754
2007 5757 5754 15623
2008 5726 361 5735
2009 5726 5735 15624
2010 5735 362 5758
2011 5735 5758 15624
2012 5758 307 5759
2013 5758 5759 15624
2014 5759 304 5726
2015 5759 5726 15624
2016 5759 307 5760
2017 5759 5760 15625
2018 5760 308 5756
2019 5760 5756 15625
2020 5756 309 5712
2021 5756 5712 15625
2022 5712 304 5759
2023 5712 5759 15625
2024 5761 365 5762
2025 5761 5762 15626
2026 5762 291 5763
2027 5762 5763 15626
2028 5763 292 5764
2029 5763 5764 15626
2030 5764 457 5761
2031 5764 5761 15626
2032 5755 305 5765
2033 5755 5765 15627
2034 5765 290 5766
2035 5765 5766 15627
2036 5766 268 5730
2037 5766 5730 15627
2038 5730 299 5755
2039 5730 5755 15627
2040 5757 308 5767
2041 5757 5767 15628
2042 5767 291 5768
2043 5767 5768 15628
2044 5768 290 5765
2045 5768 5765 15628
2046 5765 305 5757
2047 5765 5757 15628
2048 5769 366 5743
2049 5769 5743 15629
2050 5743 268 5766
2051 5743 5766 15629
2052 5766 290 5770
2053 5766 5770 15629
2054 5770 367 5769
2055 5770 5769 15629
2056 5771 367 5770
2057 5771 5770 15630
2058 5770 290 5768
2059 5770 5768 15630
2060 5768 291 5762
2061 5768 5762 15630
2062 5762 365 5771
2063 5762 5771 15630
2064 5760 307 5772
2065 5760 5772 15631
2066 5772 292 5763
2067 5772 5763 15631
2068 5763 291 5767
2069 5763 5767 15631
2070 5767 308 5760
2071 5767 5760 15631
2072 5773 214 5558
2073 5773 5558 15632
2074 5558 244 5774
2075 5558 5774 15632
2076 5774 243 5775
2077 5774 5775 15632
2078 5775 217 5773
2079 5775 5773 15632
2080 5776 286 5777
2081 5776 5777 15633
2082 5777 287 5564
2083 5777 5564 15633
2084 5564 215 5778
2085 5564 5778 15633
2086 5778 216 5776
2087 5778 5776 15633
2088 5779 458 5780
2089 5779 5780 15634
2090 5780 459 5781
2091 5780 5781 15634
2092 5781 262 5782
2093 5781 5782 15634
2094 5782 289 5779
2095 5782 5779 15634
2096 5783 266 5784
2097 5783 5784 15635
2098 5784 281 5785
2099 5784 5785 15635
2100 5785 289 5782
2101 5785 5782 15635
2102 5782 262 5783
2103 5782 5783 15635
2104 5786 281 5784
2105 5786 5784 15636
2106 5784 266 5787
2107 5784 5787 15636
2108 5787 265 5740
2109 5787 5740 15636
2110 5740 267 5786
2111 5740 5786 15636
2112 5788 536 5789
2113 5788 5789 15637
2114 5789 285 5732
2115 5789 5732 15637
2116 5732 288 5567
2117 5732 5567 15637
2118 5567 535 5788
2119 5567 5788 15637
2120 5790 373 5791
2121 5790 5791 15638
2122 5791 460 5792
2123 5791 5792 15638
2124 5792 461 5793
2125 5792 5793 15638
2126 5793 372 5790
2127 5793 5790 15638
2128 5794 323 5795
2129 5794 5795 15639
2130 5795 452 5796
2131 5795 5796 15639
2132 5796 453 5596
2133 5796 5596 15639
2134 5596 324 5794
2135 5596 5794 15639
2136 5797 253 5798
2137 5797 5798 15640
2138 5798 252 5537
2139 5798 5537 15640
2140 5537 255 5799
2141 5537 5799 15640
2142 5799 256 5797
2143 5799 5797 15640
2144 5800 256 5799
2145 5800 5799 15641
2146 5799 255 5545
2147 5799 5545 15641
2148 5545 260 5801
2149 5545 5801 15641
2150 5801 259 5800
2151 5801 5800 15641
2152 5802 375 5803
2153 5802 5803 15642
2154 5803 467 5804
2155 5803 5804 15642
2156 5804 468 5805
2157 5804 5805 15642
2158 5805 240 5802
2159 5805 5802 15642
2160 5588 316 5806
2161 5588 5806 15643
2162 5806 319 5807
2163 5806 5807 15643
2164 5807 318 5808
2165 5807 5808 15643
2166 5808 317 5588
2167 5808 5588 15643
2168 5809 372 5810
2169 5809 5810 15644
2170 5810 370 5811
2171 5810 5811 15644
2172 5811 319 5812
2173 5811 5812 15644
2174 5812 312 5809
2175 5812 5809 15644
2176 5774 244 5556
2177 5774 5556 15645
2178 5556 297 5813
2179 5556 5813 15645
2180 5813 315 5814
2181 5813 5814 15645
2182 5814 243 5774
2183 5814 5774 15645
2184 5815 370 5810
2185 5815 5810 15646
2186 5810 372 5793
2187 5810 5793 15646
2188 5793 461 5816
2189 5793 5816 15646
2190 5816 462 5815
2191 5816 5815 15646
2192 5817 376 5818
2193 5817 5818 15647
2194 5818 466 5819
2195 5818 5819 15647
2196 5819 467 5803
2197 5819 5803 15647
2198 5803 375 5817
2199 5803 5817 15647
2200 5817 375 5820
2201 5817 5820 15648
2202 5820 261 5821
2203 5820 5821 15648
2204 5821 322 5822
2205 5821 5822 15648
2206 5822 376 5817
2207 5822 5817 15648
2208 5823 254 5824
2209 5823 5824 15649
2210 5824 245 5532
2211 5824 5532 15649
2212 5532 252 5798
2213 5532 5798 15649
2214 5798 253 5823
2215 5798 5823 15649
2216 5825 314 5826
2217 5825 5826 15650
2218 5826 242 5525
2219 5826 5525 15650
2220 5525 241 5827
2221 5525 5827 15650
2222 5827 313 5825
2223 5827 5825 15650
2224 5828 315 5813
2225 5828 5813 15651
2226 5813 297 5549
2227 5813 5549 15651
2228 5549 242 5826
2229 5549 5826 15651
2230 5826 314 5828
2231 5826 5828 15651
2232 5829 371 5830
2233 5829 5830 15652
2234 5830 318 5807
2235 5830 5807 15652
2236 5807 319 5811
2237 5807 5811 15652
2238 5811 370 5829
2239 5811 5829 15652
2240 5831 371 5832
2241 5831 5832 15653
2242 5832 463 5833
2243 5832 5833 15653
2244 5833 464 5834
2245 5833 5834 15653
2246 5834 377 5831
2247 5834 5831 15653
2248 5835 321 5836
2249 5835 5836 15654
2250 5836 320 5593
2251 5836 5593 15654
2252 5593 317 5808
2253 5593 5808 15654
2254 5808 318 5835
2255 5808 5835 15654
2256 5829 370 5815
2257 5829 5815 15655
2258 5815 462 5837
2259 5815 5837 15655
2260 5837 463 5832
2261 5837 5832 15655
2262 5832 371 5829
2263 5832 5829 15655
2264 5838 313 5827
2265 5838 5827 15656
2266 5827 241 5529
2267 5827 5529 15656
2268 5529 245 5824
2269 5529 5824 15656
2270 5824 254 5838
2271 5824 5838 15656
2272 5595 320 5836
2273 5595 5836 15657
2274 5836 321 5839
2275 5836 5839 15657
2276 5839 325 5840
2277 5839 5840 15657
2278 5840 324 5595
2279 5840 5595 15657
2280 5841 374 5842
2281 5841 5842 15658
2282 5842 465 5843
2283 5842 5843 15658
2284 5843 466 5818
2285 5843 5818 15658
2286 5818 376 5841
2287 5818 5841 15658
2288 5794 324 5840
2289 5794 5840 15659
2290 5840 325 5844
2291 5840 5844 15659
2292 5844 322 5845
2293 5844 5845 15659
2294 5845 323 5794
2295 5845 5794 15659
2296 5841 376 5822
2297 5841 5822 15660
2298 5822 322 5844
2299 5822 5844 15660
2300 5844 325 5846
2301 5844 5846 15660
2302 5846 374 5841
2303 5846 5841 15660
2304 5839 321 5847
2305 5839 5847 15661
2306 5847 377 5848
2307 5847 5848 15661
2308 5848 374 5846
2309 5848 5846 15661
2310 5846 325 5839
2311 5846 5839 15661
2312 5831 377 5847
2313 5831 5847 15662
2314 5847 321 5835
2315 5847 5835 15662
2316 5835 318 5830
2317 5835 5830 15662
2318 5830 371 5831
2319 5830 5831 15662
2320 5849 465 5842
2321 5849 5842 15663
2322 5842 374 5848
2323 5842 5848 15663
2324 5848 377 5834
2325 5848 5834 15663
2326 5834 464 5849
2327 5834 5849 15663
2328 5850 378 5851
2329 5850 5851 15664
2330 5851 294 5602
2331 5851 5602 15664
2332 5602 296 5852
2333 5602 5852 15664
2334 5852 221 5850
2335 5852 5850 15664
2336 5853 525 5854
2337 5853 5854 15665
2338 5854 220 5598
2339 5854 5598 15665
2340 5598 335 5855
2341 5598 5855 15665
2342 5855 524 5853
2343 5855 5853 15665
2344 5856 531 5857
2345 5856 5857 15666
2346 5857 532 5551
2347 5857 5551 15666
2348 5551 220 5854
2349 5551 5854 15666
2350 5854 525 5856
2351 5854 5856 15666
2352 5850 221 5858
2353 5850 5858 15667
2354 5858 526 5859
2355 5858 5859 15667
2356 5859 527 5860
2357 5859 5860 15667
2358 5860 378 5850
2359 5860 5850 15667
2360 5861 294 5851
2361 5861 5851 15668
2362 5851 378 5860
2363 5851 5860 15668
2364 5860 527 5862
2365 5860 5862 15668
2366 5862 519 5861
2367 5862 5861 15668
2368 5863 524 5855
2369 5863 5855 15669
2370 5855 335 5569
2371 5855 5569 15669
2372 5569 209 5864
2373 5569 5864 15669
2374 5864 523 5863
2375 5864 5863 15669
2376 5865 384 5866
2377 5865 5866 15670
2378 5866 379 5867
2379 5866 5867 15670
2380 5867 380 5868
2381 5867 5868 15670
2382 5868 383 5865
2383 5868 5865 15670
2384 5869 528 5870
2385 5869 5870 15671
2386 5870 529 5871
2387 5870 5871 15671
2388 5871 379 5866
2389 5871 5866 15671
2390 5866 384 5869
2391 5866 5869 15671
2392 5872 381 5873
2393 5872 5873 15672
2394 5873 385 5874
2395 5873 5874 15672
2396 5874 386 5875
2397 5874 5875 15672
2398 5875 382 5872
2399 5875 5872 15672
2400 5876 382 5875
2401 5876 5875 15673
2402 5875 386 5877
2403 5875 5877 15673
2404 5877 298 5606
2405 5877 5606 15673
2406 5606 293 5876
2407 5606 5876 15673
2408 5626 334 5878
2409 5626 5878 15674
2410 5878 384 5865
2411 5878 5865 15674
2412 5865 383 5879
2413 5865 5879 15674
2414 5879 223 5626
2415 5879 5626 15674
2416 5880 387 5881
2417 5880 5881 15675
2418 5881 388 5882
2419 5881 5882 15675
2420 5882 303 5883
2421 5882 5883 15675
2422 5883 282 5880
2423 5883 5880 15675
2424 5884 388 5881
2425 5884 5881 15676
2426 5881 387 5885
2427 5881 5885 15676
2428 5885 389 5886
2429 5885 5886 15676
2430 5886 390 5884
2431 5886 5884 15676
2432 5887 391 5888
2433 5887 5888 15677
2434 5888 392 5889
2435 5888 5889 15677
2436 5889 390 5886
2437 5889 5886 15677
2438 5886 389 5887
2439 5886 5887 15677
2440 5890 393 5891
2441 5890 5891 15678
2442 5891 394 5892
2443 5891 5892 15678
2444 5892 392 5888
2445 5892 5888 15678
2446 5888 391 5890
2447 5888 5890 15678
2448 5893 394 5891
2449 5893 5891 15679
2450 5891 393 5894
2451 5891 5894 15679
2452 5894 395 5895
2453 5894 5895 15679
2454 5895 396 5893
2455 5895 5893 15679
2456 5896 383 5868
2457 5896 5868 15680
2458 5868 380 5897
2459 5868 5897 15680
2460 5897 210 5898
2461 5897 5898 15680
2462 5898 399 5896
2463 5898 5896 15680
2464 5899 398 5900
2465 5899 5900 15681
2466 5900 397 5901
2467 5900 5901 15681
2468 5901 502 5902
2469 5901 5902 15681
2470 5902 503 5899
2471 5902 5899 15681
2472 5903 401 5904
2473 5903 5904 15682
2474 5904 400 5905
2475 5904 5905 15682
2476 5905 399 5898
2477 5905 5898 15682
2478 5898 210 5903
2479 5898 5903 15682
2480 5906 469 5907
2481 5906 5907 15683
2482 5907 402 5908
2483 5907 5908 15683
2484 5908 240 5805
2485 5908 5805 15683
2486 5805 468 5906
2487 5805 5906 15683
2488 5539 403 5909
2489 5539 5909 15684
2490 5909 259 5801
2491 5909 5801 15684
2492 5801 260 5910
2493 5801 5910 15684
2494 5910 404 5539
2495 5910 5539 15684
2496 5911 405 5544
2497 5911 5544 15685
2498 5544 404 5910
2499 5544 5910 15685
2500 5910 260 5547
2501 5910 5547 15685
2502 5547 347 5911
2503 5547 5911 15685
2504 5912 406 5623
2505 5912 5623 15686
2506 5623 405 5911
2507 5623 5911 15686
2508 5911 347 5620
2509 5911 5620 15686
2510 5620 239 5912
2511 5620 5912 15686
2512 5703 407 5913
2513 5703 5913 15687
2514 5913 257 5541
2515 5913 5541 15687
2516 5541 258 5914
2517 5541 5914 15687
2518 5914 408 5703
2519 5914 5703 15687
2520 5669 408 5914
2521 5669 5914 15688
2522 5914 258 5543
2523 5914 5543 15688
2524 5543 348 5915
2525 5543 5915 15688
2526 5915 409 5669
2527 5915 5669 15688
2528 5674 409 5915
2529 5674 5915 15689
2530 5915 348 5622
2531 5915 5622 15689
2532 5622 238 5916
2533 5622 5916 15689
2534 5916 410 5674
2535 5916 5674 15689
2536 5917 414 5701
2537 5917 5701 15690
2538 5701 413 5918
2539 5701 5918 15690
2540 5918 250 5704
2541 5918 5704 15690
2542 5704 251 5917
2543 5704 5917 15690
2544 5681 414 5917
2545 5681 5917 15691
2546 5917 251 5671
2547 5917 5671 15691
2548 5671 349 5919
2549 5671 5919 15691
2550 5919 415 5681
2551 5919 5681 15691
2552 5686 415 5919
2553 5686 5919 15692
2554 5919 349 5675
2555 5919 5675 15692
2556 5675 235 5920
2557 5675 5920 15692
2558 5920 416 5686
2559 5920 5686 15692
2560 5673 416 5920
2561 5673 5920 15693
2562 5920 235 5665
2563 5920 5665 15693
2564 5665 234 5921
2565 5665 5921 15693
2566 5921 417 5673
2567 5921 5673 15693
2568 5922 203 5923
2569 5922 5923 15694
2570 5923 229 5924
2571 5923 5924 15694
2572 5924 420 5659
2573 5924 5659 15694
2574 5659 419 5922
2575 5659 5922 15694
2576 5925 421 5689
2577 5925 5689 15695
2578 5689 420 5924
2579 5689 5924 15695
2580 5924 229 5926
2581 5924 5926 15695
2582 5926 354 5925
2583 5926 5925 15695
2584 5677 421 5925
2585 5677 5925 15696
2586 5925 354 5927
2587 5925 5927 15696
2588 5927 248 5928
2589 5927 5928 15696
2590 5928 422 5677
2591 5928 5677 15696
2592 5697 422 5928
2593 5697 5928 15697
2594 5928 248 5929
2595 5928 5929 15697
2596 5929 246 5930
2597 5929 5930 15697
2598 5930 423 5697
2599 5930 5697 15697
2600 5931 424 5932
2601 5931 5932 15698
2602 5932 425 5933
2603 5932 5933 15698
2604 5933 237 5617
2605 5933 5617 15698
2606 5617 236 5931
2607 5617 5931 15698
2608 5934 487 5935
2609 5934 5935 15699
2610 5935 488 5936
2611 5935 5936 15699
2612 5936 426 5937
2613 5936 5937 15699
2614 5937 427 5934
2615 5937 5934 15699
2616 5938 428 5939
2617 5938 5939 15700
2618 5939 427 5937
2619 5939 5937 15700
2620 5937 426 5940
2621 5937 5940 15700
2622 5940 429 5938
2623 5940 5938 15700
2624 5941 430 5942
2625 5941 5942 15701
2626 5942 431 5943
2627 5942 5943 15701
2628 5943 428 5938
2629 5943 5938 15701
2630 5938 429 5941
2631 5938 5941 15701
2632 5944 432 5945
2633 5944 5945 15702
2634 5945 433 5946
2635 5945 5946 15702
2636 5946 431 5942
2637 5946 5942 15702
2638 5942 430 5944
2639 5942 5944 15702
2640 5947 219 5609
2641 5947 5609 15703
2642 5609 295 5948
2643 5609 5948 15703
2644 5948 433 5945
2645 5948 5945 15703
2646 5945 432 5947
2647 5945 5947 15703
2648 5948 295 5607
2649 5948 5607 15704
2650 5607 298 5877
2651 5607 5877 15704
2652 5877 386 5949
2653 5877 5949 15704
2654 5949 433 5948
2655 5949 5948 15704
2656 5946 433 5949
2657 5946 5949 15705
2658 5949 386 5874
2659 5949 5874 15705
2660 5874 385 5950
2661 5874 5950 15705
2662 5950 431 5946
2663 5950 5946 15705
2664 5821 261 5951
2665 5821 5951 15706
2666 5951 434 5952
2667 5951 5952 15706
2668 5952 323 5845
2669 5952 5845 15706
2670 5845 322 5821
2671 5845 5821 15706
2672 5952 434 5953
2673 5952 5953 15707
2674 5953 451 5954
2675 5953 5954 15707
2676 5954 452 5795
2677 5954 5795 15707
2678 5795 323 5952
2679 5795 5952 15707
2680 5955 435 5956
2681 5955 5956 15708
2682 5956 18 5957
2683 5956 5957 15708
2684 5957 450 5958
2685 5957 5958 15708
2686 5958 436 5955
2687 5958 5955 15708
2688 5959 436 5958
2689 5959 5958 15709
2690 5958 450 5960
2691 5958 5960 15709
2692 5960 451 5953
2693 5960 5953 15709
2694 5953 434 5959
2695 5953 5959 15709
2696 5961 437 5962
2697 5961 5962 15710
2698 5962 436 5959
2699 5962 5959 15710
2700 5959 434 5951
2701 5959 5951 15710
2702 5951 261 5961
2703 5951 5961 15710
2704 5963 438 5964
2705 5963 5964 15711
2706 5964 435 5955
2707 5964 5955 15711
2708 5955 436 5962
2709 5955 5962 15711
2710 5962 437 5963
2711 5962 5963 15711
2712 5961 261 5820
2713 5961 5820 15712
2714 5820 375 5802
2715 5820 5802 15712
2716 5802 240 5965
2717 5802 5965 15712
2718 5965 437 5961
2719 5965 5961 15712
2720 5965 240 5908
2721 5965 5908 15713
2722 5908 402 5966
2723 5908 5966 15713
2724 5966 438 5963
2725 5966 5963 15713
2726 5963 437 5965
2727 5963 5965 15713
2728 5929 248 5967
2729 5929 5967 15714
2730 5967 440 5643
2731 5967 5643 15714
2732 5643 439 5968
2733 5643 5968 15714
2734 5968 246 5929
2735 5968 5929 15714
2736 5969 441 5647
2737 5969 5647 15715
2738 5647 440 5967
2739 5647 5967 15715
2740 5967 248 5927
2741 5967 5927 15715
2742 5927 354 5969
2743 5927 5969 15715
2744 5690 441 5969
2745 5690 5969 15716
2746 5969 354 5926
2747 5969 5926 15716
2748 5926 229 5970
2749 5926 5970 15716
2750 5970 442 5690
2751 5970 5690 15716
2752 5656 442 5970
2753 5656 5970 15717
2754 5970 229 5923
2755 5970 5923 15717
2756 5923 203 5971
2757 5923 5971 15717
2758 5971 443 5656
2759 5971 5656 15717
2760 5708 275 5972
2761 5708 5972 15718
2762 5972 444 5973
2763 5972 5973 15718
2764 5973 445 5974
2765 5973 5974 15718
2766 5974 274 5708
2767 5974 5708 15718
2768 5750 274 5974
2769 5750 5974 15719
2770 5974 445 5975
2771 5974 5975 15719
2772 5975 446 5976
2773 5975 5976 15719
2774 5976 278 5750
2775 5976 5750 15719
2776 5745 355 5749
2777 5745 5749 15720
2778 5749 279 5977
2779 5749 5977 15720
2780 5977 447 5978
2781 5977 5978 15720
2782 5978 356 5745
2783 5978 5745 15720
2784 5977 279 5753
2785 5977 5753 15721
2786 5753 277 5979
2787 5753 5979 15721
2788 5979 448 5980
2789 5979 5980 15721
2790 5980 447 5977
2791 5980 5977 15721
2792 5694 356 5978
2793 5694 5978 15722
2794 5978 447 5981
2795 5978 5981 15722
2796 5981 272 5653
2797 5981 5653 15722
2798 5653 357 5694
2799 5653 5694 15722
2800 5981 447 5980
2801 5981 5980 15723
2802 5980 448 5982
2803 5980 5982 15723
2804 5982 449 5983
2805 5982 5983 15723
2806 5983 272 5981
2807 5983 5981 15723
2808 5984 232 5638
2809 5984 5638 15724
2810 5638 233 5654
2811 5638 5654 15724
2812 5654 272 5983
2813 5654 5983 15724
2814 5983 449 5984
2815 5983 5984 15724
2816 5957 18 5985
2817 5957 5985 15725
2818 5985 17 5483
2819 5985 5483 15725
2820 5483 88 5986
2821 5483 5986 15725
2822 5986 450 5957
2823 5986 5957 15725
2824 5960 450 5986
2825 5960 5986 15726
2826 5986 88 5472
2827 5986 5472 15726
2828 5472 151 5987
2829 5472 5987 15726
2830 5987 451 5960
2831 5987 5960 15726
2832 5954 451 5987
2833 5954 5987 15727
2834 5987 151 5469
2835 5987 5469 15727
2836 5469 154 5988
2837 5469 5988 15727
2838 5988 452 5954
2839 5988 5954 15727
2840 5796 452 5988
2841 5796 5988 15728
2842 5988 154 5416
2843 5988 5416 15728
2844 5416 155 5989
2845 5416 5989 15728
2846 5989 453 5796
2847 5989 5796 15728
2848 5597 453 5989
2849 5597 5989 15729
2850 5989 155 5413
2851 5989 5413 15729
2852 5413 153 5990
2853 5413 5990 15729
2854 5990 454 5597
2855 5990 5597 15729
2856 5410 150 5991
2857 5410 5991 15730
2858 5991 455 5592
2859 5991 5592 15730
2860 5592 454 5990
2861 5592 5990 15730
2862 5990 153 5410
2863 5990 5410 15730
2864 5590 455 5991
2865 5590 5991 15731
2866 5991 150 5407
2867 5991 5407 15731
2868 5407 146 5992
2869 5407 5992 15731
2870 5992 456 5590
2871 5992 5590 15731
2872 5993 648 5994
2873 5993 5994 15732
2874 5994 146 5406
2875 5994 5406 15732
2876 5406 647 5403
2877 5406 5403 15732
2878 5403 145 5993
2879 5403 5993 15732
2880 5780 458 5995
2881 5780 5995 15733
2882 5995 286 5776
2883 5995 5776 15733
2884 5776 216 5996
2885 5776 5996 15733
2886 5996 459 5780
2887 5996 5780 15733
2888 5792 460 5997
2889 5792 5997 15734
2890 5997 217 5775
2891 5997 5775 15734
2892 5775 243 5998
2893 5775 5998 15734
2894 5998 461 5792
2895 5998 5792 15734
2896 5999 462 5816
2897 5999 5816 15735
2898 5816 461 5998
2899 5816 5998 15735
2900 5998 243 5814
2901 5998 5814 15735
2902 5814 315 5999
2903 5814 5999 15735
2904 5837 462 5999
2905 5837 5999 15736
2906 5999 315 5828
2907 5999 5828 15736
2908 5828 314 6000
2909 5828 6000 15736
2910 6000 463 5837
2911 6000 5837 15736
2912 5833 463 6000
2913 5833 6000 15737
2914 6000 314 5825
2915 6000 5825 15737
2916 5825 313 6001
2917 5825 6001 15737
2918 6001 464 5833
2919 6001 5833 15737
2920 5838 254 6002
2921 5838 6002 15738
2922 6002 465 5849
2923 6002 5849 15738
2924 5849 464 6001
2925 5849 6001 15738
2926 6001 313 5838
2927 6001 5838 15738
2928 5843 465 6002
2929 5843 6002 15739
2930 6002 254 5823
2931 6002 5823 15739
2932 5823 253 6003
2933 5823 6003 15739
2934 6003 466 5843
2935 6003 5843 15739
2936 5819 466 6003
2937 5819 6003 15740
2938 6003 253 5797
2939 6003 5797 15740
2940 5797 256 6004
2941 5797 6004 15740
2942 6004 467 5819
2943 6004 5819 15740
2944 5804 467 6004
2945 5804 6004 15741
2946 6004 256 5800
2947 6004 5800 15741
2948 5800 259 6005
2949 5800 6005 15741
2950 6005 468 5804
2951 6005 5804 15741
2952 5909 403 6006
2953 5909 6006 15742
2954 6006 469 5906
2955 6006 5906 15742
2956 5906 468 6005
2957 5906 6005 15742
2958 6005 259 5909
2959 6005 5909 15742
2960 5538 257 6007
2961 5538 6007 15743
2962 6007 470 6008
2963 6007 6008 15743
2964 6008 469 6006
2965 6008 6006 15743
2966 6006 403 5538
2967 6006 5538 15743
2968 6009 470 6007
2969 6009 6007 15744
2970 6007 257 5913
2971 6007 5913 15744
2972 5913 407 6010
2973 5913 6010 15744
2974 6010 471 6009
2975 6010 6009 15744
2976 6011 471 6010
2977 6011 6010 15745
2978 6010 407 5702
2979 6010 5702 15745
2980 5702 250 6012
2981 5702 6012 15745
2982 6012 472 6011
2983 6012 6011 15745
2984 6013 473 6014
2985 6013 6014 15746
2986 6014 472 6012
2987 6014 6012 15746
2988 6012 250 5918
2989 6012 5918 15746
2990 5918 413 6013
2991 5918 6013 15746
2992 6015 473 6013
2993 6015 6013 15747
2994 6013 413 5700
2995 6013 5700 15747
2996 5700 350 6016
2997 5700 6016 15747
2998 6016 474 6015
2999 6016 6015 15747
3000 6017 474 6016
3001 6017 6016 15748
3002 6016 350 5705
3003 6016 5705 15748
3004 5705 247 6018
3005 5705 6018 15748
3006 6018 475 6017
3007 6018 6017 15748
3008 6019 476 6020
3009 6019 6020 15749
3010 6020 475 6018
3011 6020 6018 15749
3012 6018 247 5698
3013 6018 5698 15749
3014 5698 423 6019
3015 5698 6019 15749
3016 6021 477 6022
3017 6021 6022 15750
3018 6022 476 6019
3019 6022 6019 15750
3020 6019 423 5930
3021 6019 5930 15750
3022 5930 246 6021
3023 5930 6021 15750
3024 6023 477 6021
3025 6023 6021 15751
3026 6021 246 5968
3027 6021 5968 15751
3028 5968 439 6024
3029 5968 6024 15751
3030 6024 478 6023
3031 6024 6023 15751
3032 6025 478 6024
3033 6025 6024 15752
3034 6024 439 5645
3035 6024 5645 15752
3036 5645 231 6026
3037 5645 6026 15752
3038 6026 479 6025
3039 6026 6025 15752
3040 6027 479 6026
3041 6027 6026 15753
3042 6026 231 5639
3043 6026 5639 15753
3044 5639 232 6028
3045 5639 6028 15753
3046 6028 480 6027
3047 6028 6027 15753
3048 6029 480 6028
3049 6029 6028 15754
3050 6028 232 5984
3051 6028 5984 15754
3052 5984 449 6030
3053 5984 6030 15754
3054 6030 481 6029
3055 6030 6029 15754
3056 6031 482 6032
3057 6031 6032 15755
3058 6032 481 6030
3059 6032 6030 15755
3060 6030 449 5982
3061 6030 5982 15755
3062 5982 448 6031
3063 5982 6031 15755
3064 6033 482 6031
3065 6033 6031 15756
3066 6031 448 5979
3067 6031 5979 15756
3068 5979 277 6034
3069 5979 6034 15756
3070 6034 483 6033
3071 6034 6033 15756
3072 5752 368 6035
3073 5752 6035 15757
3074 6035 484 6036
3075 6035 6036 15757
3076 6036 483 6034
3077 6036 6034 15757
3078 6034 277 5752
3079 6034 5752 15757
3080 6037 485 6038
3081 6037 6038 15758
3082 6038 225 5613
3083 6038 5613 15758
3084 5613 218 6039
3085 5613 6039 15758
3086 6039 486 6037
3087 6039 6037 15758
3088 6039 218 5611
3089 6039 5611 15759
3090 5611 219 5947
3091 5611 5947 15759
3092 5947 432 6040
3093 5947 6040 15759
3094 6040 486 6039
3095 6040 6039 15759
3096 6041 424 5931
3097 6041 5931 15760
3098 5931 236 5615
3099 5931 5615 15760
3100 5615 225 6038
3101 5615 6038 15760
3102 6038 485 6041
3103 6038 6041 15760
3104 6042 425 5932
3105 6042 5932 15761
3106 5932 424 6043
3107 5932 6043 15761
3108 6043 488 5935
3109 6043 5935 15761
3110 5935 487 6042
3111 5935 6042 15761
3112 5944 430 5941
3113 5944 5941 15762
3114 5941 429 6044
3115 5941 6044 15762
3116 6044 486 6040
3117 6044 6040 15762
3118 6040 432 5944
3119 6040 5944 15762
3120 6045 485 6037
3121 6045 6037 15763
3122 6037 486 6044
3123 6037 6044 15763
3124 6044 429 5940
3125 6044 5940 15763
3126 5940 426 6045
3127 5940 6045 15763
3128 5936 488 6043
3129 5936 6043 15764
3130 6043 424 6041
3131 6043 6041 15764
3132 6041 485 6045
3133 6041 6045 15764
3134 6045 426 5936
3135 6045 5936 15764
3136 6046 489 6047
3137 6046 6047 15765
3138 6047 484 6035
3139 6047 6035 15765
3140 6035 368 6048
3141 6035 6048 15765
3142 6048 491 6046
3143 6048 6046 15765
3144 6049 491 6048
3145 6049 6048 15766
3146 6048 368 5751
3147 6048 5751 15766
3148 5751 369 6050
3149 5751 6050 15766
3150 6050 492 6049
3151 6050 6049 15766
3152 6050 369 5747
3153 6050 5747 15767
3154 5747 278 5976
3155 5747 5976 15767
3156 5976 446 6051
3157 5976 6051 15767
3158 6051 492 6050
3159 6051 6050 15767
3160 5973 444 6052
3161 5973 6052 15768
3162 6052 495 6053
3163 6052 6053 15768
3164 6053 496 6054
3165 6053 6054 15768
3166 6054 445 5973
3167 6054 5973 15768
3168 6053 495 6055
3169 6053 6055 15769
3170 6055 621 6056
3171 6055 6056 15769
3172 6056 622 6057
3173 6056 6057 15769
3174 6057 496 6053
3175 6057 6053 15769
3176 5975 445 6054
3177 5975 6054 15770
3178 6054 496 6058
3179 6054 6058 15770
3180 6058 497 6059
3181 6058 6059 15770
3182 6059 446 5975
3183 6059 5975 15770
3184 6058 496 6057
3185 6058 6057 15771
3186 6057 622 6060
3187 6057 6060 15771
3188 6060 623 6061
3189 6060 6061 15771
3190 6061 497 6058
3191 6061 6058 15771
3192 6062 500 6063
3193 6062 6063 15772
3194 6063 624 6064
3195 6063 6064 15772
3196 6064 625 6065
3197 6064 6065 15772
3198 6065 498 6062
3199 6065 6062 15772
3200 6066 627 5450
3201 6066 5450 15773
3202 5450 132 6067
3203 5450 6067 15773
3204 6067 499 6068
3205 6067 6068 15773
3206 6068 626 6066
3207 6068 6066 15773
3208 6069 82 5457
3209 6069 5457 15774
3210 5457 21 6070
3211 5457 6070 15774
3212 6070 22 6071
3213 6070 6071 15774
3214 6071 494 6069
3215 6071 6069 15774
3216 6069 494 6072
3217 6069 6072 15775
3218 6072 493 6073
3219 6072 6073 15775
3220 6073 195 5497
3221 6073 5497 15775
3222 5497 82 6069
3223 5497 6069 15775
3224 5453 195 6073
3225 5453 6073 15776
3226 6073 493 6074
3227 6073 6074 15776
3228 6074 490 6075
3229 6074 6075 15776
3230 6075 132 5453
3231 6075 5453 15776
3232 6076 626 6068
3233 6076 6068 15777
3234 6068 499 6077
3235 6068 6077 15777
3236 6077 498 6065
3237 6077 6065 15777
3238 6065 625 6076
3239 6065 6076 15777
3240 6067 132 6075
3241 6067 6075 15778
3242 6075 490 6078
3243 6075 6078 15778
3244 6078 489 6079
3245 6078 6079 15778
3246 6079 499 6067
3247 6079 6067 15778
3248 6080 497 6061
3249 6080 6061 15779
3250 6061 623 6081
3251 6061 6081 15779
3252 6081 624 6063
3253 6081 6063 15779
3254 6063 500 6080
3255 6063 6080 15779
3256 6080 500 6082
3257 6080 6082 15780
3258 6082 492 6051
3259 6082 6051 15780
3260 6051 446 6059
3261 6051 6059 15780
3262 6059 497 6080
3263 6059 6080 15780
3264 6082 500 6062
3265 6082 6062 15781
3266 6062 498 6083
3267 6062 6083 15781
3268 6083 491 6049
3269 6083 6049 15781
3270 6049 492 6082
3271 6049 6082 15781
3272 6046 491 6083
3273 6046 6083 15782
3274 6083 498 6077
3275 6083 6077 15782
3276 6077 499 6079
3277 6077 6079 15782
3278 6079 489 6046
3279 6079 6046 15782
3280 5658 227 5627
3281 5658 5627 15783
3282 5627 223 6084
3283 5627 6084 15783
3284 6084 501 6085
3285 6084 6085 15783
3286 6085 419 5658
3287 6085 5658 15783
3288 6084 223 5879
3289 6084 5879 15784
3290 5879 383 5896
3291 5879 5896 15784
3292 5896 399 6086
3293 5896 6086 15784
3294 6086 501 6084
3295 6086 6084 15784
3296 6087 503 5902
3297 6087 5902 15785
3298 5902 502 6088
3299 5902 6088 15785
3300 6088 400 5904
3301 6088 5904 15785
3302 5904 401 6087
3303 5904 6087 15785
3304 6089 501 6086
3305 6089 6086 15786
3306 6086 399 5905
3307 6086 5905 15786
3308 5905 400 6090
3309 5905 6090 15786
3310 6090 504 6089
3311 6090 6089 15786
3312 6089 504 6091
3313 6089 6091 15787
3314 6091 203 5922
3315 6091 5922 15787
3316 5922 419 6085
3317 5922 6085 15787
3318 6085 501 6089
3319 6085 6089 15787
3320 6088 502 6092
3321 6088 6092 15788
3322 6092 505 6093
3323 6092 6093 15788
3324 6093 504 6090
3325 6093 6090 15788
3326 6090 400 6088
3327 6090 6088 15788
3328 5971 203 6091
3329 5971 6091 15789
3330 6091 504 6093
3331 6091 6093 15789
3332 6093 505 6094
3333 6093 6094 15789
3334 6094 443 5971
3335 6094 5971 15789
3336 6095 205 5518
3337 6095 5518 15790
3338 5518 204 5657
3339 5518 5657 15790
3340 5657 443 6094
3341 5657 6094 15790
3342 6094 505 6095
3343 6094 6095 15790
3344 6095 505 6092
3345 6095 6092 15791
3346 6092 502 5901
3347 6092 5901 15791
3348 5901 397 6096
3349 5901 6096 15791
3350 6096 205 6095
3351 6096 6095 15791
3352 6097 224 5585
3353 6097 5585 15792
3354 5585 207 5519
3355 5585 5519 15792
3356 5519 205 6096
3357 5519 6096 15792
3358 6096 397 6097
3359 6096 6097 15792
3360 6098 506 6099
3361 6098 6099 15793
3362 6099 284 6100
3363 6099 6100 15793
3364 6100 283 6101
3365 6100 6101 15793
3366 6101 507 6098
3367 6101 6098 15793
3368 6102 508 6103
3369 6102 6103 15794
3370 6103 208 6104
3371 6103 6104 15794
3372 6104 520 6105
3373 6104 6105 15794
3374 6105 521 6102
3375 6105 6102 15794
3376 6106 509 6107
3377 6106 6107 15795
3378 6107 209 5734
3379 6107 5734 15795
3380 5734 208 6103
3381 5734 6103 15795
3382 6103 508 6106
3383 6103 6106 15795
3384 5864 209 6107
3385 5864 6107 15796
3386 6107 509 6108
3387 6107 6108 15796
3388 6108 522 6109
3389 6108 6109 15796
3390 6109 523 5864
3391 6109 5864 15796
3392 5893 396 6110
3393 5893 6110 15797
3394 6110 510 6111
3395 6110 6111 15797
3396 6111 511 6112
3397 6111 6112 15797
3398 6112 394 5893
3399 6112 5893 15797
3400 6113 512 6114
3401 6113 6114 15798
3402 6114 398 5899
3403 6114 5899 15798
3404 5899 503 6115
3405 5899 6115 15798
3406 6115 513 6113
3407 6115 6113 15798
3408 6116 515 6117
3409 6116 6117 15799
3410 6117 514 6118
3411 6117 6118 15799
3412 6118 401 5903
3413 6118 5903 15799
3414 5903 210 6116
3415 5903 6116 15799
3416 5897 380 6119
3417 5897 6119 15800
3418 6119 516 6120
3419 6119 6120 15800
3420 6120 515 6116
3421 6120 6116 15800
3422 6116 210 5897
3423 6116 5897 15800
3424 5867 379 6121
3425 5867 6121 15801
3426 6121 517 6122
3427 6121 6122 15801
3428 6122 516 6119
3429 6122 6119 15801
3430 6119 380 5867
3431 6119 5867 15801
3432 5871 529 6123
3433 5871 6123 15802
3434 6123 530 6124
3435 6123 6124 15802
3436 6124 517 6121
3437 6124 6121 15802
3438 6121 379 5871
3439 6121 5871 15802
3440 6125 518 6126
3441 6125 6126 15803
3442 6126 381 5872
3443 6126 5872 15803
3444 5872 382 6127
3445 5872 6127 15803
3446 6127 519 6125
3447 6127 6125 15803
3448 5876 293 6128
3449 5876 6128 15804
3450 6128 294 5861
3451 6128 5861 15804
3452 5861 519 6127
3453 5861 6127 15804
3454 6127 382 5876
3455 6127 5876 15804
3456 5605 339 6129
3457 5605 6129 15805
3458 6129 338 5603
3459 6129 5603 15805
3460 5603 294 6128
3461 5603 6128 15805
3462 6128 293 5605
3463 6128 5605 15805
3464 5559 214 6130
3465 5559 6130 15806
3466 6130 215 5563
3467 6130 5563 15806
3468 5563 338 6129
3469 5563 6129 15806
3470 6129 339 5559
3471 6129 5559 15806
3472 5773 217 6131
3473 5773 6131 15807
3474 6131 216 5778
3475 6131 5778 15807
3476 5778 215 6130
3477 5778 6130 15807
3478 6130 214 5773
3479 6130 5773 15807
3480 6132 459 5996
3481 6132 5996 15808
3482 5996 216 6131
3483 5996 6131 15808
3484 6131 217 5997
3485 6131 5997 15808
3486 5997 460 6132
3487 5997 6132 15808
3488 5781 459 6132
3489 5781 6132 15809
3490 6132 460 5791
3491 6132 5791 15809
3492 5791 373 6133
3493 5791 6133 15809
3494 6133 262 5781
3495 6133 5781 15809
3496 5783 262 6133
3497 5783 6133 15810
3498 6133 373 6134
3499 6133 6134 15810
3500 6134 310 6135
3501 6134 6135 15810
3502 6135 266 5783
3503 6135 5783 15810
3504 5787 266 6135
3505 5787 6135 15811
3506 6135 310 6136
3507 6135 6136 15811
3508 6136 311 6137
3509 6136 6137 15811
3510 6137 265 5787
3511 6137 5787 15811
3512 6138 128 5432
3513 6138 5432 15812
3514 5432 126 5738
3515 5432 5738 15812
3516 5738 265 6137
3517 5738 6137 15812
3518 6137 311 6138
3519 6137 6138 15812
3520 6139 521 6105
3521 6139 6105 15813
3522 6105 520 6140
3523 6105 6140 15813
3524 6140 284 6099
3525 6140 6099 15813
3526 6099 506 6139
3527 6099 6139 15813
3528 6102 521 6141
3529 6102 6141 15814
3530 6141 511 6111
3531 6141 6111 15814
3532 6111 510 6142
3533 6111 6142 15814
3534 6142 508 6102
3535 6142 6102 15814
3536 6143 513 6115
3537 6143 6115 15815
3538 6115 503 6087
3539 6115 6087 15815
3540 6087 401 6118
3541 6087 6118 15815
3542 6118 514 6143
3543 6118 6143 15815
3544 6144 523 6109
3545 6144 6109 15816
3546 6109 522 6145
3547 6109 6145 15816
3548 6145 514 6117
3549 6145 6117 15816
3550 6117 515 6144
3551 6117 6144 15816
3552 6120 516 6146
3553 6120 6146 15817
3554 6146 524 5863
3555 6146 5863 15817
3556 5863 523 6144
3557 5863 6144 15817
3558 6144 515 6120
3559 6144 6120 15817
3560 6122 517 6147
3561 6122 6147 15818
3562 6147 525 5853
3563 6147 5853 15818
3564 5853 524 6146
3565 5853 6146 15818
3566 6146 516 6122
3567 6146 6122 15818
3568 6124 530 6148
3569 6124 6148 15819
3570 6148 531 5856
3571 6148 5856 15819
3572 5856 525 6147
3573 5856 6147 15819
3574 6147 517 6124
3575 6147 6124 15819
3576 5859 526 6149
3577 5859 6149 15820
3578 6149 518 6125
3579 6149 6125 15820
3580 6125 519 5862
3581 6125 5862 15820
3582 5862 527 5859
3583 5862 5859 15820
3584 6143 514 6145
3585 6143 6145 15821
3586 6145 522 6150
3587 6145 6150 15821
3588 6150 512 6113
3589 6150 6113 15821
3590 6113 513 6143
3591 6113 6143 15821
3592 6151 510 6110
3593 6151 6110 15822
3594 6110 396 6152
3595 6110 6152 15822
3596 6152 398 6114
3597 6152 6114 15822
3598 6114 512 6151
3599 6114 6151 15822
3600 6153 397 5900
3601 6153 5900 15823
3602 5900 398 6152
3603 5900 6152 15823
3604 6152 396 5895
3605 6152 5895 15823
3606 5895 395 6153
3607 5895 6153 15823
3608 5894 393 6154
3609 5894 6154 15824
3610 6154 224 6097
3611 6154 6097 15824
3612 6097 397 6153
3613 6097 6153 15824
3614 6153 395 5894
3615 6153 5894 15824
3616 5586 224 6154
3617 5586 6154 15825
3618 6154 393 5890
3619 6154 5890 15825
3620 5890 391 6155
3621 5890 6155 15825
3622 6155 327 5586
3623 6155 5586 15825
3624 5587 327 6155
3625 5587 6155 15826
3626 6155 391 5887
3627 6155 5887 15826
3628 5887 389 6156
3629 5887 6156 15826
3630 6156 328 5587
3631 6156 5587 15826
3632 6157 271 5583
3633 6157 5583 15827
3634 5583 328 6156
3635 5583 6156 15827
3636 6156 389 5885
3637 6156 5885 15827
3638 5885 387 6157
3639 5885 6157 15827
3640 6158 271 6157
3641 6158 6157 15828
3642 6157 387 5880
3643 6157 5880 15828
3644 5880 282 6159
3645 5880 6159 15828
3646 6159 270 6158
3647 6159 6158 15828
3648 5717 360 6160
3649 5717 6160 15829
3650 6160 193 6161
3651 6160 6161 15829
3652 6161 656 6162
3653 6161 6162 15829
3654 6162 657 5717
3655 6162 5717 15829
3656 5429 193 6160
3657 5429 6160 15830
3658 6160 360 5724
3659 6160 5724 15830
3660 5724 301 6163
3661 5724 6163 15830
3662 6163 67 5429
3663 6163 5429 15830
3664 6164 66 5420
3665 6164 5420 15831
3666 5420 67 6163
3667 5420 6163 15831
3668 6163 301 5713
3669 6163 5713 15831
3670 5713 264 6164
3671 5713 6164 15831
3672 5435 66 6164
3673 5435 6164 15832
3674 6164 264 5729
3675 6164 5729 15832
3676 5729 263 6165
3677 5729 6165 15832
3678 6165 124 5435
3679 6165 5435 15832
3680 5437 124 6165
3681 5437 6165 15833
3682 6165 263 5742
3683 6165 5742 15833
3684 5742 364 6166
3685 5742 6166 15833
3686 6166 125 5437
3687 6166 5437 15833
3688 5741 366 6167
3689 5741 6167 15834
3690 6167 267 5739
3691 6167 5739 15834
3692 5739 125 6166
3693 5739 6166 15834
3694 6166 364 5741
3695 6166 5741 15834
3696 5769 367 6168
3697 5769 6168 15835
3698 6168 281 5786
3699 6168 5786 15835
3700 5786 267 6167
3701 5786 6167 15835
3702 6167 366 5769
3703 6167 5769 15835
3704 5771 365 6169
3705 5771 6169 15836
3706 6169 289 5785
3707 6169 5785 15836
3708 5785 281 6168
3709 5785 6168 15836
3710 6168 367 5771
3711 6168 5771 15836
3712 5761 457 6170
3713 5761 6170 15837
3714 6170 458 5779
3715 6170 5779 15837
3716 5779 289 6169
3717 5779 6169 15837
3718 6169 365 5761
3719 6169 5761 15837
3720 6151 512 6171
3721 6151 6171 15838
3722 6171 509 6106
3723 6171 6106 15838
3724 6106 508 6142
3725 6106 6142 15838
3726 6142 510 6151
3727 6142 6151 15838
3728 6171 512 6150
3729 6171 6150 15839
3730 6150 522 6108
3731 6150 6108 15839
3732 6108 509 6171
3733 6108 6171 15839
3734 6172 385 5873
3735 6172 5873 15840
3736 5873 381 6173
3737 5873 6173 15840
3738 6173 529 5870
3739 6173 5870 15840
3740 5870 528 6172
3741 5870 6172 15840
3742 6123 529 6173
3743 6123 6173 15841
3744 6173 381 6126
3745 6173 6126 15841
3746 6126 518 6174
3747 6126 6174 15841
3748 6174 530 6123
3749 6174 6123 15841
3750 6148 530 6174
3751 6148 6174 15842
3752 6174 518 6149
3753 6174 6149 15842
3754 6149 526 6175
3755 6149 6175 15842
3756 6175 531 6148
3757 6175 6148 15842
3758 5857 531 6175
3759 5857 6175 15843
3760 6175 526 5858
3761 6175 5858 15843
3762 5858 221 6176
3763 5858 6176 15843
3764 6176 532 5857
3765 6176 5857 15843
3766 5552 532 6176
3767 5552 6176 15844
3768 6176 221 5852
3769 6176 5852 15844
3770 5852 296 6177
3771 5852 6177 15844
3772 6177 533 5552
3773 6177 5552 15844
3774 5600 533 6177
3775 5600 6177 15845
3776 6177 296 5601
3777 6177 5601 15845
3778 5601 337 6178
3779 5601 6178 15845
3780 6178 534 5600
3781 6178 5600 15845
3782 5566 534 6178
3783 5566 6178 15846
3784 6178 337 5561
3785 6178 5561 15846
3786 5561 287 6179
3787 5561 6179 15846
3788 6179 535 5566
3789 6179 5566 15846
3790 5777 286 6180
3791 5777 6180 15847
3792 6180 536 5788
3793 6180 5788 15847
3794 5788 535 6179
3795 5788 6179 15847
3796 6179 287 5777
3797 6179 5777 15847
3798 5619 237 5933
3799 5619 5933 15848
3800 5933 425 6181
3801 5933 6181 15848
3802 6181 537 6182
3803 6181 6182 15848
3804 6182 239 5619
3805 6182 5619 15848
3806 6183 538 6184
3807 6183 6184 15849
3808 6184 406 5912
3809 6184 5912 15849
3810 5912 239 6182
3811 5912 6182 15849
3812 6182 537 6183
3813 6182 6183 15849
3814 6185 539 6186
3815 6185 6186 15850
3816 6186 238 5621
3817 6186 5621 15850
3818 5621 406 6184
3819 5621 6184 15850
3820 6184 538 6185
3821 6184 6185 15850
3822 6187 411 5667
3823 6187 5667 15851
3824 5667 410 5916
3825 5667 5916 15851
3826 5916 238 6186
3827 5916 6186 15851
3828 6186 539 6187
3829 6186 6187 15851
3830 6188 384 5878
3831 6188 5878 15852
3832 5878 334 5628
3833 5878 5628 15852
3834 5628 418 6189
3835 5628 6189 15852
3836 6189 540 6188
3837 6189 6188 15852
3838 6190 541 6191
3839 6190 6191 15853
3840 6191 528 5869
3841 6191 5869 15853
3842 5869 384 6188
3843 5869 6188 15853
3844 6188 540 6190
3845 6188 6190 15853
3846 6190 540 6192
3847 6190 6192 15854
3848 6192 222 6193
3849 6192 6193 15854
3850 6193 653 6194
3851 6193 6194 15854
3852 6194 541 6190
3853 6194 6190 15854
3854 6172 528 6191
3855 6172 6191 15855
3856 6191 541 6195
3857 6191 6195 15855
3858 6195 431 5950
3859 6195 5950 15855
3860 5950 385 6172
3861 5950 6172 15855
3862 6196 652 6197
3863 6196 6197 15856
3864 6197 653 6193
3865 6197 6193 15856
3866 6193 222 5523
3867 6193 5523 15856
3868 5523 412 6196
3869 5523 6196 15856
3870 6198 654 6199
3871 6198 6199 15857
3872 6199 539 6185
3873 6199 6185 15857
3874 6185 538 6200
3875 6185 6200 15857
3876 6200 542 6198
3877 6200 6198 15857
3878 6201 652 6196
3879 6201 6196 15858
3880 6196 412 6202
3881 6196 6202 15858
3882 6202 542 6203
3883 6202 6203 15858
3884 6203 651 6201
3885 6203 6201 15858
3886 6204 651 6203
3887 6204 6203 15859
3888 6203 542 6200
3889 6203 6200 15859
3890 6200 538 6183
3891 6200 6183 15859
3892 6183 537 6204
3893 6183 6204 15859
3894 6205 543 6206
3895 6205 6206 15860
3896 6206 544 6207
3897 6206 6207 15860
3898 6207 545 6208
3899 6207 6208 15860
3900 6208 546 6205
3901 6208 6205 15860
3902 6207 544 6209
3903 6207 6209 15861
3904 6209 547 6210
3905 6209 6210 15861
3906 6210 548 6211
3907 6210 6211 15861
3908 6211 545 6207
3909 6211 6207 15861
3910 6212 547 6209
3911 6212 6209 15862
3912 6209 544 6213
3913 6209 6213 15862
3914 6213 549 6214
3915 6213 6214 15862
3916 6214 550 6212
3917 6214 6212 15862
3918 6215 551 6216
3919 6215 6216 15863
3920 6216 549 6213
3921 6216 6213 15863
3922 6213 544 6206
3923 6213 6206 15863
3924 6206 543 6215
3925 6206 6215 15863
3926 6212 550 6217
3927 6212 6217 15864
3928 6217 457 5764
3929 6217 5764 15864
3930 5764 292 6218
3931 5764 6218 15864
3932 6218 547 6212
3933 6218 6212 15864
3934 6210 547 6218
3935 6210 6218 15865
3936 6218 292 5772
3937 6218 5772 15865
3938 5772 307 6219
3939 5772 6219 15865
3940 6219 548 6210
3941 6219 6210 15865
3942 6217 550 6214
3943 6217 6214 15866
3944 6214 549 6220
3945 6214 6220 15866
3946 6220 536 6221
3947 6220 6221 15866
3948 6221 457 6217
3949 6221 6217 15866
3950 6216 551 6222
3951 6216 6222 15867
3952 6222 285 5789
3953 6222 5789 15867
3954 5789 536 6220
3955 5789 6220 15867
3956 6220 549 6216
3957 6220 6216 15867
3958 6223 545 6211
3959 6223 6211 15868
3960 6211 548 6219
3961 6211 6219 15868
3962 6219 307 5758
3963 6219 5758 15868
3964 5758 362 6223
3965 5758 6223 15868
3966 6224 520 6225
3967 6224 6225 15869
3968 6225 546 6208
3969 6225 6208 15869
3970 6208 545 6223
3971 6208 6223 15869
3972 6223 362 6224
3973 6223 6224 15869
3974 6226 208 5733
3975 6226 5733 15870
3976 5733 285 6222
3977 5733 6222 15870
3978 6222 551 6215
3979 6222 6215 15870
3980 6215 543 6226
3981 6215 6226 15870
3982 6226 543 6205
3983 6226 6205 15871
3984 6205 546 6225
3985 6205 6225 15871
3986 6225 520 6104
3987 6225 6104 15871
3988 6104 208 6226
3989 6104 6226 15871
3990 6224 362 5737
3991 6224 5737 15872
3992 5737 660 6227
3993 5737 6227 15872
3994 6227 284 6140
3995 6227 6140 15872
3996 6140 520 6224
3997 6140 6224 15872
3998 5995 458 6170
3999 5995 6170 15873
4000 6170 457 6221
4001 6170 6221 15873
4002 6221 536 6180
4003 6221 6180 15873
4004 6180 286 5995
4005 6180 5995 15873
4006 6139 506 6228
4007 6139 6228 15874
4008 6228 552 6229
4009 6228 6229 15874
4010 6229 511 6141
4011 6229 6141 15874
4012 6141 521 6139
4013 6141 6139 15874
4014 6229 552 6230
4015 6229 6230 15875
4016 6230 392 5892
4017 6230 5892 15875
4018 5892 394 6112
4019 5892 6112 15875
4020 6112 511 6229
4021 6112 6229 15875
4022 6098 507 6231
4023 6098 6231 15876
4024 6231 553 6232
4025 6231 6232 15876
4026 6232 552 6228
4027 6232 6228 15876
4028 6228 506 6098
4029 6228 6098 15876
4030 6232 553 6233
4031 6232 6233 15877
4032 6233 390 5889
4033 6233 5889 15877
4034 5889 392 6230
4035 5889 6230 15877
4036 6230 552 6232
4037 6230 6232 15877
4038 6233 553 6231
4039 6233 6231 15878
4040 6231 507 6234
4041 6231 6234 15878
4042 6234 388 5884
4043 6234 5884 15878
4044 5884 390 6233
4045 5884 6233 15878
4046 6101 283 6235
4047 6101 6235 15879
4048 6235 303 5882
4049 6235 5882 15879
4050 5882 388 6234
4051 5882 6234 15879
4052 6234 507 6101
4053 6234 6101 15879
4054 6236 562 6237
4055 6236 6237 15880
4056 6237 563 6238
4057 6237 6238 15880
4058 6238 556 6239
4059 6238 6239 15880
4060 6239 558 6236
4061 6239 6236 15880
4062 6240 564 6241
4063 6240 6241 15881
4064 6241 565 6242
4065 6241 6242 15881
4066 6242 557 6243
4067 6242 6243 15881
4068 6243 559 6240
4069 6243 6240 15881
4070 6244 566 6245
4071 6244 6245 15882
4072 6245 567 6246
4073 6245 6246 15882
4074 6246 560 6247
4075 6246 6247 15882
4076 6247 554 6244
4077 6247 6244 15882
4078 6242 565 6248
4079 6242 6248 15883
4080 6248 566 6244
4081 6248 6244 15883
4082 6244 554 6249
4083 6244 6249 15883
4084 6249 557 6242
4085 6249 6242 15883
4086 6250 10 5460
4087 6250 5460 15884
4088 5460 11 6251
4089 5460 6251 15884
4090 6251 557 6249
4091 6251 6249 15884
4092 6249 554 6250
4093 6249 6250 15884
4094 6250 554 6247
4095 6250 6247 15885
4096 6247 560 6252
4097 6247 6252 15885
4098 6252 12 5463
4099 6252 5463 15885
4100 5463 10 6250
4101 5463 6250 15885
4102 6243 557 6251
4103 6243 6251 15886
4104 6251 11 5465
4105 6251 5465 15886
4106 5465 13 6253
4107 5465 6253 15886
4108 6253 559 6243
4109 6253 6243 15886
4110 6239 556 6254
4111 6239 6254 15887
4112 6254 14 5480
4113 6254 5480 15887
4114 5480 15 6255
4115 5480 6255 15887
4116 6255 558 6239
4117 6255 6239 15887
4118 6256 558 6255
4119 6256 6255 15888
4120 6255 15 5485
4121 6255 5485 15888
4122 5485 16 6257
4123 5485 6257 15888
4124 6257 555 6256
4125 6257 6256 15888
4126 6258 559 6253
4127 6258 6253 15889
4128 6253 13 5486
4129 6253 5486 15889
4130 5486 14 6254
4131 5486 6254 15889
4132 6254 556 6258
4133 6254 6258 15889
4134 6238 563 6259
4135 6238 6259 15890
4136 6259 564 6240
4137 6259 6240 15890
4138 6240 559 6258
4139 6240 6258 15890
4140 6258 556 6238
4141 6258 6238 15890
4142 6260 572 6261
4143 6260 6261 15891
4144 6261 573 6262
4145 6261 6262 15891
4146 6262 563 6237
4147 6262 6237 15891
4148 6237 562 6260
4149 6237 6260 15891
4150 6263 564 6259
4151 6263 6259 15892
4152 6259 563 6262
4153 6259 6262 15892
4154 6262 573 6264
4155 6262 6264 15892
4156 6264 574 6263
4157 6264 6263 15892
4158 6265 565 6241
4159 6265 6241 15893
4160 6241 564 6263
4161 6241 6263 15893
4162 6263 574 6266
4163 6263 6266 15893
4164 6266 575 6265
4165 6266 6265 15893
4166 6267 566 6248
4167 6267 6248 15894
4168 6248 565 6265
4169 6248 6265 15894
4170 6265 575 6268
4171 6265 6268 15894
4172 6268 576 6267
4173 6268 6267 15894
4174 6269 567 6245
4175 6269 6245 15895
4176 6245 566 6267
4177 6245 6267 15895
4178 6267 576 6270
4179 6267 6270 15895
4180 6270 577 6269
4181 6270 6269 15895
4182 6271 561 6272
4183 6271 6272 15896
4184 6272 562 6236
4185 6272 6236 15896
4186 6236 558 6256
4187 6236 6256 15896
4188 6256 555 6271
4189 6256 6271 15896
4190 6272 561 6273
4191 6272 6273 15897
4192 6273 578 6274
4193 6273 6274 15897
4194 6274 572 6260
4195 6274 6260 15897
4196 6260 562 6272
4197 6260 6272 15897
4198 5476 17 6275
4199 5476 6275 15898
4200 6275 561 6271
4201 6275 6271 15898
4202 6271 555 6257
4203 6271 6257 15898
4204 6257 16 5476
4205 6257 5476 15898
4206 6275 17 5985
4207 6275 5985 15899
4208 5985 18 6276
4209 5985 6276 15899
4210 6276 578 6273
4211 6276 6273 15899
4212 6273 561 6275
4213 6273 6275 15899
4214 6277 568 6278
4215 6277 6278 15900
4216 6278 19 5490
4217 6278 5490 15900
4218 5490 20 6279
4219 5490 6279 15900
4220 6279 570 6277
4221 6279 6277 15900
4222 6277 570 6280
4223 6277 6280 15901
4224 6280 571 6281
4225 6280 6281 15901
4226 6281 569 6282
4227 6281 6282 15901
4228 6282 568 6277
4229 6282 6277 15901
4230 6278 568 6282
4231 6278 6282 15902
4232 6282 569 6283
4233 6282 6283 15902
4234 6283 21 5493
4235 6283 5493 15902
4236 5493 19 6278
4237 5493 6278 15902
4238 6070 21 6283
4239 6070 6283 15903
4240 6283 569 6284
4241 6283 6284 15903
4242 6284 579 6285
4243 6284 6285 15903
4244 6285 22 6070
4245 6285 6070 15903
4246 6286 570 6279
4247 6286 6279 15904
4248 6279 20 5495
4249 6279 5495 15904
4250 5495 12 6252
4251 5495 6252 15904
4252 6252 560 6286
4253 6252 6286 15904
4254 6280 570 6286
4255 6280 6286 15905
4256 6286 560 6246
4257 6286 6246 15905
4258 6246 567 6287
4259 6246 6287 15905
4260 6287 571 6280
4261 6287 6280 15905
4262 6288 580 6289
4263 6288 6289 15906
4264 6289 579 6284
4265 6289 6284 15906
4266 6284 569 6281
4267 6284 6281 15906
4268 6281 571 6288
4269 6281 6288 15906
4270 6288 571 6287
4271 6288 6287 15907
4272 6287 567 6269
4273 6287 6269 15907
4274 6269 577 6290
4275 6269 6290 15907
4276 6290 580 6288
4277 6290 6288 15907
4278 6291 479 6027
4279 6291 6027 15908
4280 6027 480 6292
4281 6027 6292 15908
4282 6292 586 6293
4283 6292 6293 15908
4284 6293 585 6291
4285 6293 6291 15908
4286 6294 478 6025
4287 6294 6025 15909
4288 6025 479 6291
4289 6025 6291 15909
4290 6291 585 6295
4291 6291 6295 15909
4292 6295 603 6294
4293 6295 6294 15909
4294 6296 593 6297
4295 6296 6297 15910
4296 6297 581 6298
4297 6297 6298 15910
4298 6298 475 6020
4299 6298 6020 15910
4300 6020 476 6296
4301 6020 6296 15910
4302 6299 471 6011
4303 6299 6011 15911
4304 6011 472 6300
4305 6011 6300 15911
4306 6300 582 6301
4307 6300 6301 15911
4308 6301 591 6299
4309 6301 6299 15911
4310 6302 589 6303
4311 6302 6303 15912
4312 6303 474 6017
4313 6303 6017 15912
4314 6017 475 6298
4315 6017 6298 15912
4316 6298 581 6302
4317 6298 6302 15912
4318 6304 592 6305
4319 6304 6305 15913
4320 6305 473 6015
4321 6305 6015 15913
4322 6015 474 6303
4323 6015 6303 15913
4324 6303 589 6304
4325 6303 6304 15913
4326 6306 584 6307
4327 6306 6307 15914
4328 6307 585 6293
4329 6307 6293 15914
4330 6293 586 6308
4331 6293 6308 15914
4332 6308 588 6306
4333 6308 6306 15914
4334 6008 470 6309
4335 6008 6309 15915
4336 6309 587 6310
4337 6309 6310 15915
4338 6310 402 5907
4339 6310 5907 15915
4340 5907 469 6008
4341 5907 6008 15915
4342 6309 470 6009
4343 6309 6009 15916
4344 6009 471 6299
4345 6009 6299 15916
4346 6299 591 6311
4347 6299 6311 15916
4348 6311 587 6309
4349 6311 6309 15916
4350 6305 592 6312
4351 6305 6312 15917
4352 6312 582 6300
4353 6312 6300 15917
4354 6300 472 6014
4355 6300 6014 15917
4356 6014 473 6305
4357 6014 6305 15917
4358 6313 583 6314
4359 6313 6314 15918
4360 6314 593 6296
4361 6314 6296 15918
4362 6296 476 6022
4363 6296 6022 15918
4364 6022 477 6313
4365 6022 6313 15918
4366 6310 587 6315
4367 6310 6315 15919
4368 6315 594 6316
4369 6315 6316 15919
4370 6316 438 5966
4371 6316 5966 15919
4372 5966 402 6310
4373 5966 6310 15919
4374 6317 591 6301
4375 6317 6301 15920
4376 6301 582 6318
4377 6301 6318 15920
4378 6318 596 6319
4379 6318 6319 15920
4380 6319 595 6317
4381 6319 6317 15920
4382 6320 597 6321
4383 6320 6321 15921
4384 6321 596 6318
4385 6321 6318 15921
4386 6318 582 6312
4387 6318 6312 15921
4388 6312 592 6320
4389 6312 6320 15921
4390 6322 598 6323
4391 6322 6323 15922
4392 6323 597 6320
4393 6323 6320 15922
4394 6320 592 6304
4395 6320 6304 15922
4396 6304 589 6322
4397 6304 6322 15922
4398 6324 599 6325
4399 6324 6325 15923
4400 6325 598 6322
4401 6325 6322 15923
4402 6322 589 6302
4403 6322 6302 15923
4404 6302 581 6324
4405 6302 6324 15923
4406 6326 600 6327
4407 6326 6327 15924
4408 6327 599 6324
4409 6327 6324 15924
4410 6324 581 6297
4411 6324 6297 15924
4412 6297 593 6326
4413 6297 6326 15924
4414 6328 601 6329
4415 6328 6329 15925
4416 6329 600 6326
4417 6329 6326 15925
4418 6326 593 6314
4419 6326 6314 15925
4420 6314 583 6328
4421 6314 6328 15925
4422 6330 594 6315
4423 6330 6315 15926
4424 6315 587 6311
4425 6315 6311 15926
4426 6311 591 6317
4427 6311 6317 15926
4428 6317 595 6330
4429 6317 6330 15926
4430 6313 477 6023
4431 6313 6023 15927
4432 6023 478 6294
4433 6023 6294 15927
4434 6294 603 6331
4435 6294 6331 15927
4436 6331 583 6313
4437 6331 6313 15927
4438 6332 603 6295
4439 6332 6295 15928
4440 6295 585 6307
4441 6295 6307 15928
4442 6307 584 6333
4443 6307 6333 15928
4444 6333 602 6332
4445 6333 6332 15928
4446 6334 601 6328
4447 6334 6328 15929
4448 6328 583 6331
4449 6328 6331 15929
4450 6331 603 6332
4451 6331 6332 15929
4452 6332 602 6334
4453 6332 6334 15929
4454 6036 484 6335
4455 6036 6335 15930
4456 6335 604 6336
4457 6335 6336 15930
4458 6336 605 6337
4459 6336 6337 15930
4460 6337 483 6036
4461 6337 6036 15930
4462 6338 482 6033
4463 6338 6033 15931
4464 6033 483 6337
4465 6033 6337 15931
4466 6337 605 6339
4467 6337 6339 15931
4468 6339 606 6338
4469 6339 6338 15931
4470 6340 607 6341
4471 6340 6341 15932
4472 6341 590 6342
4473 6341 6342 15932
4474 6342 588 6343
4475 6342 6343 15932
4476 6343 608 6340
4477 6343 6340 15932
4478 6344 609 6345
4479 6344 6345 15933
4480 6345 608 6343
4481 6345 6343 15933
4482 6343 588 6308
4483 6343 6308 15933
4484 6308 586 6344
4485 6308 6344 15933
4486 6338 606 6346
4487 6338 6346 15934
4488 6346 609 6347
4489 6346 6347 15934
4490 6347 481 6032
4491 6347 6032 15934
4492 6032 482 6338
4493 6032 6338 15934
4494 6344 586 6292
4495 6344 6292 15935
4496 6292 480 6029
4497 6292 6029 15935
4498 6029 481 6347
4499 6029 6347 15935
4500 6347 609 6344
4501 6347 6344 15935
4502 6274 578 6348
4503 6274 6348 15936
4504 6348 610 6349
4505 6348 6349 15936
4506 6349 611 6350
4507 6349 6350 15936
4508 6350 572 6274
4509 6350 6274 15936
4510 6261 572 6350
4511 6261 6350 15937
4512 6350 611 6351
4513 6350 6351 15937
4514 6351 612 6352
4515 6351 6352 15937
4516 6352 573 6261
4517 6352 6261 15937
4518 6353 574 6264
4519 6353 6264 15938
4520 6264 573 6352
4521 6264 6352 15938
4522 6352 612 6354
4523 6352 6354 15938
4524 6354 613 6353
4525 6354 6353 15938
4526 6355 575 6266
4527 6355 6266 15939
4528 6266 574 6353
4529 6266 6353 15939
4530 6353 613 6356
4531 6353 6356 15939
4532 6356 614 6355
4533 6356 6355 15939
4534 6357 576 6268
4535 6357 6268 15940
4536 6268 575 6355
4537 6268 6355 15940
4538 6355 614 6358
4539 6355 6358 15940
4540 6358 615 6357
4541 6358 6357 15940
4542 6359 577 6270
4543 6359 6270 15941
4544 6270 576 6357
4545 6270 6357 15941
4546 6357 615 6360
4547 6357 6360 15941
4548 6360 616 6359
4549 6360 6359 15941
4550 6349 610 6361
4551 6349 6361 15942
4552 6361 594 6330
4553 6361 6330 15942
4554 6330 595 6362
4555 6330 6362 15942
4556 6362 611 6349
4557 6362 6349 15942
4558 6351 611 6362
4559 6351 6362 15943
4560 6362 595 6319
4561 6362 6319 15943
4562 6319 596 6363
4563 6319 6363 15943
4564 6363 612 6351
4565 6363 6351 15943
4566 6364 613 6354
4567 6364 6354 15944
4568 6354 612 6363
4569 6354 6363 15944
4570 6363 596 6321
4571 6363 6321 15944
4572 6321 597 6364
4573 6321 6364 15944
4574 6365 614 6356
4575 6365 6356 15945
4576 6356 613 6364
4577 6356 6364 15945
4578 6364 597 6323
4579 6364 6323 15945
4580 6323 598 6365
4581 6323 6365 15945
4582 6366 615 6358
4583 6366 6358 15946
4584 6358 614 6365
4585 6358 6365 15946
4586 6365 598 6325
4587 6365 6325 15946
4588 6325 599 6366
4589 6325 6366 15946
4590 6367 616 6360
4591 6367 6360 15947
4592 6360 615 6366
4593 6360 6366 15947
4594 6366 599 6327
4595 6366 6327 15947
4596 6327 600 6367
4597 6327 6367 15947
4598 6276 18 5956
4599 6276 5956 15948
4600 5956 435 6368
4601 5956 6368 15948
4602 6368 610 6348
4603 6368 6348 15948
4604 6348 578 6276
4605 6348 6276 15948
4606 6316 594 6361
4607 6316 6361 15949
4608 6361 610 6368
4609 6361 6368 15949
4610 6368 435 5964
4611 6368 5964 15949
4612 5964 438 6316
4613 5964 6316 15949
4614 6340 608 6369
4615 6340 6369 15950
4616 6369 605 6336
4617 6369 6336 15950
4618 6336 604 6370
4619 6336 6370 15950
4620 6370 607 6340
4621 6370 6340 15950
4622 6306 588 6342
4623 6306 6342 15951
4624 6342 590 6371
4625 6342 6371 15951
4626 6371 617 6372
4627 6371 6372 15951
4628 6372 584 6306
4629 6372 6306 15951
4630 6373 618 6374
4631 6373 6374 15952
4632 6374 602 6333
4633 6374 6333 15952
4634 6333 584 6372
4635 6333 6372 15952
4636 6372 617 6373
4637 6372 6373 15952
4638 6335 484 6047
4639 6335 6047 15953
4640 6047 489 6078
4641 6047 6078 15953
4642 6078 490 6375
4643 6078 6375 15953
4644 6375 604 6335
4645 6375 6335 15953
4646 6074 493 6376
4647 6074 6376 15954
4648 6376 607 6370
4649 6376 6370 15954
4650 6370 604 6375
4651 6370 6375 15954
4652 6375 490 6074
4653 6375 6074 15954
4654 6341 607 6376
4655 6341 6376 15955
4656 6376 493 6072
4657 6376 6072 15955
4658 6072 494 6377
4659 6072 6377 15955
4660 6377 590 6341
4661 6377 6341 15955
4662 6071 22 6378
4663 6071 6378 15956
4664 6378 617 6371
4665 6378 6371 15956
4666 6371 590 6377
4667 6371 6377 15956
4668 6377 494 6071
4669 6377 6071 15956
4670 6290 577 6359
4671 6290 6359 15957
4672 6359 616 6379
4673 6359 6379 15957
4674 6379 619 6380
4675 6379 6380 15957
4676 6380 580 6290
4677 6380 6290 15957
4678 6289 580 6380
4679 6289 6380 15958
4680 6380 619 6381
4681 6380 6381 15958
4682 6381 618 6382
4683 6381 6382 15958
4684 6382 579 6289
4685 6382 6289 15958
4686 6329 601 6383
4687 6329 6383 15959
4688 6383 619 6379
4689 6383 6379 15959
4690 6379 616 6367
4691 6379 6367 15959
4692 6367 600 6329
4693 6367 6329 15959
4694 6334 602 6374
4695 6334 6374 15960
4696 6374 618 6381
4697 6374 6381 15960
4698 6381 619 6383
4699 6381 6383 15960
4700 6383 601 6334
4701 6383 6334 15960
4702 6378 22 6285
4703 6378 6285 15961
4704 6285 579 6382
4705 6285 6382 15961
4706 6382 618 6373
4707 6382 6373 15961
4708 6373 617 6378
4709 6373 6378 15961
4710 6345 609 6346
4711 6345 6346 15962
4712 6346 606 6339
4713 6346 6339 15962
4714 6339 605 6369
4715 6339 6369 15962
4716 6369 608 6345
4717 6369 6345 15962
4718 6384 620 6385
4719 6384 6385 15963
4720 6385 190 5426
4721 6385 5426 15963
4722 5426 191 6386
4723 5426 6386 15963
4724 6386 621 6384
4725 6386 6384 15963
4726 6056 621 6386
4727 6056 6386 15964
4728 6386 191 5445
4729 6386 5445 15964
4730 5445 192 6387
4731 5445 6387 15964
4732 6387 622 6056
4733 6387 6056 15964
4734 6060 622 6387
4735 6060 6387 15965
4736 6387 192 5449
4737 6387 5449 15965
4738 5449 194 6388
4739 5449 6388 15965
4740 6388 623 6060
4741 6388 6060 15965
4742 6081 623 6388
4743 6081 6388 15966
4744 6388 194 5499
4745 6388 5499 15966
4746 5499 196 6389
4747 5499 6389 15966
4748 6389 624 6081
4749 6389 6081 15966
4750 5395 188 6390
4751 5395 6390 15967
4752 6390 646 5409
4753 6390 5409 15967
4754 5409 645 6391
4755 5409 6391 15967
4756 6391 189 5395
4757 6391 5395 15967
4758 5391 187 5404
4759 5391 5404 15968
4760 5404 647 5405
4761 5404 5405 15968
4762 5405 646 6390
4763 5405 6390 15968
4764 6390 188 5391
4765 6390 5391 15968
4766 6392 418 5630
4767 6392 5630 15969
4768 5630 417 5921
4769 5630 5921 15969
4770 5921 234 6393
4771 5921 6393 15969
4772 6393 649 6392
4773 6393 6392 15969
4774 5664 411 6394
4775 5664 6394 15970
4776 6394 650 5521
4777 6394 5521 15970
4778 5521 649 6393
4779 5521 6393 15970
4780 6393 234 5664
4781 6393 5664 15970
4782 6042 487 6395
4783 6042 6395 15971
4784 6395 651 6204
4785 6395 6204 15971
4786 6204 537 6181
4787 6204 6181 15971
4788 6181 425 6042
4789 6181 6042 15971
4790 5934 427 6396
4791 5934 6396 15972
4792 6396 652 6201
4793 6396 6201 15972
4794 6201 651 6395
4795 6201 6395 15972
4796 6395 487 5934
4797 6395 5934 15972
4798 6197 652 6396
4799 6197 6396 15973
4800 6396 427 5939
4801 6396 5939 15973
4802 5939 428 6397
4803 5939 6397 15973
4804 6397 653 6197
4805 6397 6197 15973
4806 6194 653 6397
4807 6194 6397 15974
4808 6397 428 5943
4809 6397 5943 15974
4810 5943 431 6195
4811 5943 6195 15974
4812 6195 541 6194
4813 6195 6194 15974
4814 6192 540 6189
4815 6192 6189 15975
4816 6189 418 6392
4817 6189 6392 15975
4818 6392 649 5524
4819 6392 5524 15975
4820 5524 222 6192
4821 5524 6192 15975
4822 6398 654 6198
4823 6398 6198 15976
4824 6198 542 6202
4825 6198 6202 15976
4826 6202 412 5522
4827 6202 5522 15976
4828 5522 650 6398
4829 5522 6398 15976
4830 6199 654 6398
4831 6199 6398 15977
4832 6398 650 6394
4833 6398 6394 15977
4834 6394 411 6187
4835 6394 6187 15977
4836 6187 539 6199
4837 6187 6199 15977
4838 6052 444 5972
4839 6052 5972 15978
4840 5972 275 6399
4841 5972 6399 15978
4842 6399 655 6400
4843 6399 6400 15978
4844 6400 495 6052
4845 6400 6052 15978
4846 6400 655 6401
4847 6400 6401 15979
4848 6401 620 6384
4849 6401 6384 15979
4850 6384 621 6055
4851 6384 6055 15979
4852 6055 495 6400
4853 6055 6400 15979
4854 6399 275 5707
4855 6399 5707 15980
4856 5707 276 5572
4857 5707 5572 15980
4858 5572 269 6402
4859 5572 6402 15980
4860 6402 655 6399
4861 6402 6399 15980
4862 5581 271 6158
4863 5581 6158 15981
4864 6158 270 6403
4865 6158 6403 15981
4866 6403 655 6402
4867 6403 6402 15981
4868 6402 269 5581
4869 6402 5581 15981
4870 6404 657 6162
4871 6404 6162 15982
4872 6162 656 6405
4873 6162 6405 15982
4874 6405 270 6159
4875 6405 6159 15982
4876 6159 282 6404
4877 6159 6404 15982
4878 5718 657 6404
4879 5718 6404 15983
4880 6404 282 5883
4881 6404 5883 15983
4882 5883 303 6406
4883 5883 6406 15983
4884 6406 658 5718
4885 6406 5718 15983
4886 5727 658 6406
4887 5727 6406 15984
4888 6406 303 6235
4889 6406 6235 15984
4890 6235 283 6407
4891 6235 6407 15984
4892 6407 659 5727
4893 6407 5727 15984
4894 5736 659 6407
4895 5736 6407 15985
4896 6407 283 6100
4897 6407 6100 15985
4898 6100 284 6227
4899 6100 6227 15985
4900 6227 660 5736
4901 6227 5736 15985
4902 6403 270 6405
4903 6403 6405 15986
4904 6405 656 6408
4905 6405 6408 15986
4906 6408 620 6401
4907 6408 6401 15986
4908 6401 655 6403
4909 6401 6403 15986
4910 5428 190 6385
4911 5428 6385 15987
4912 6385 620 6408
4913 6385 6408 15987
4914 6408 656 6161
4915 6408 6161 15987
4916 6161 193 5428
4917 6161 5428 15987
4918 5992 146 5994
4919 5992 5994 15988
4920 5994 648 6409
4921 5994 6409 15988
4922 6409 316 5591
4923 6409 5591 15988
4924 5591 456 5992
4925 5591 5992 15988
4926 6410 648 5993
4927 6410 5993 15989
4928 5993 145 5433
4929 5993 5433 15989
4930 5433 128 6138
4931 5433 6138 15989
4932 6138 311 6410
4933 6138 6410 15989
4934 6411 310 6134
4935 6411 6134 15990
4936 6134 373 5790
4937 6134 5790 15990
4938 5790 372 5809
4939 5790 5809 15990
4940 5809 312 6411
4941 5809 6411 15990
4942 6412 312 5812
4943 6412 5812 15991
4944 5812 319 5806
4945 5812 5806 15991
4946 5806 316 6409
4947 5806 6409 15991
4948 6409 648 6412
4949 6409 6412 15991
4950 6412 648 6410
4951 6412 6410 15992
4952 6410 311 6136
4953 6410 6136 15992
4954 6136 310 6411
4955 6136 6411 15992
4956 6411 312 6412
4957 6411 6412 15992
4958 6413 745 6414
4959 6413 6414 15993
4960 6414 744 6415
4961 6414 6415 15993
4962 6415 743 6416
4963 6415 6416 15993
4964 6416 742 6413
4965 6416 6413 15993
4966 6417 746 6418
4967 6417 6418 15994
4968 6418 747 6419
4969 6418 6419 15994
4970 6419 749 6420
4971 6419 6420 15994
4972 6420 748 6417
4973 6420 6417 15994
4974 6421 45 5177
4975 6421 5177 15995
4976 5177 1 6422
4977 5177 6422 15995
4978 6422 661 6423
4979 6422 6423 15995
4980 6423 750 6421
4981 6423 6421 15995
4982 6424 49 5169
4983 6424 5169 15996
4984 5169 48 6425
4985 5169 6425 15996
4986 6425 752 6426
4987 6425 6426 15996
4988 6426 751 6424
4989 6426 6424 15996
4990 6427 754 6428
4991 6427 6428 15997
4992 6428 753 6429
4993 6428 6429 15997
4994 6429 40 5156
4995 6429 5156 15997
4996 5156 41 6427
4997 5156 6427 15997
4998 6429 753 6430
4999 6429 6430 15998
5000 6430 755 6431
5001 6430 6431 15998
5002 6431 42 5158
5003 6431 5158 15998
5004 5158 40 6429
5005 5158 6429 15998
5006 6432 752 6433
5007 6432 6433 15999
5008 6433 758 6434
5009 6433 6434 15999
5010 6434 757 6435
5011 6434 6435 15999
5012 6435 756 6432
5013 6435 6432 15999
5014 6436 753 6428
5015 6436 6428 16000
5016 6428 754 6437
5017 6428 6437 16000
5018 6437 760 6438
5019 6437 6438 16000
5020 6438 759 6436
5021 6438 6436 16000
5022 6419 747 6439
5023 6419 6439 16001
5024 6439 755 6440
5025 6439 6440 16001
5026 6440 761 6441
5027 6440 6441 16001
5028 6441 749 6419
5029 6441 6419 16001
5030 6442 751 6426
5031 6442 6426 16002
5032 6426 752 6432
5033 6426 6432 16002
5034 6432 756 6443
5035 6432 6443 16002
5036 6443 762 6442
5037 6443 6442 16002
5038 6444 43 5185
5039 6444 5185 16003
5040 5185 42 6431
5041 5185 6431 16003
5042 6431 755 6439
5043 6431 6439 16003
5044 6439 747 6444
5045 6439 6444 16003
5046 6436 759 6445
5047 6436 6445 16004
5048 6445 761 6440
5049 6445 6440 16004
5050 6440 755 6430
5051 6440 6430 16004
5052 6430 753 6436
5053 6430 6436 16004
5054 6423 661 6446
5055 6423 6446 16005
5056 6446 662 6447
5057 6446 6447 16005
5058 6447 763 6448
5059 6447 6448 16005
5060 6448 750 6423
5061 6448 6423 16005
5062 6449 750 6448
5063 6449 6448 16006
5064 6448 763 6450
5065 6448 6450 16006
5066 6450 765 6451
5067 6450 6451 16006
5068 6451 764 6449
5069 6451 6449 16006
5070 5188 45 6421
5071 5188 6421 16007
5072 6421 750 6449
5073 6421 6449 16007
5074 6449 764 6452
5075 6449 6452 16007
5076 6452 59 5188
5077 6452 5188 16007
5078 6453 769 6454
5079 6453 6454 16008
5080 6454 768 6455
5081 6454 6455 16008
5082 6455 767 6456
5083 6455 6456 16008
5084 6456 766 6453
5085 6456 6453 16008
5086 6457 771 6458
5087 6457 6458 16009
5088 6458 770 6459
5089 6458 6459 16009
5090 6459 766 6456
5091 6459 6456 16009
5092 6456 767 6457
5093 6456 6457 16009
5094 6460 775 6461
5095 6460 6461 16010
5096 6461 774 6462
5097 6461 6462 16010
5098 6462 773 6463
5099 6462 6463 16010
5100 6463 772 6460
5101 6463 6460 16010
5102 6464 777 6465
5103 6464 6465 16011
5104 6465 776 6466
5105 6465 6466 16011
5106 6466 772 6463
5107 6466 6463 16011
5108 6463 773 6464
5109 6463 6464 16011
5110 6455 768 6467
5111 6455 6467 16012
5112 6467 779 6468
5113 6467 6468 16012
5114 6468 778 6469
5115 6468 6469 16012
5116 6469 767 6455
5117 6469 6455 16012
5118 6470 780 6471
5119 6470 6471 16013
5120 6471 771 6457
5121 6471 6457 16013
5122 6457 767 6469
5123 6457 6469 16013
5124 6469 778 6470
5125 6469 6470 16013
5126 6472 782 6473
5127 6472 6473 16014
5128 6473 24 5135
5129 6473 5135 16014
5130 5135 25 6474
5131 5135 6474 16014
5132 6474 781 6472
5133 6474 6472 16014
5134 6473 782 6475
5135 6473 6475 16015
5136 6475 783 6476
5137 6475 6476 16015
5138 6476 28 5138
5139 6476 5138 16015
5140 5138 24 6473
5141 5138 6473 16015
5142 6477 787 6478
5143 6477 6478 16016
5144 6478 786 6479
5145 6478 6479 16016
5146 6479 785 6480
5147 6479 6480 16016
5148 6480 784 6477
5149 6480 6477 16016
5150 6481 770 6458
5151 6481 6458 16017
5152 6458 771 6482
5153 6458 6482 16017
5154 6482 789 6483
5155 6482 6483 16017
5156 6483 788 6481
5157 6483 6481 16017
5158 6484 792 6485
5159 6484 6485 16018
5160 6485 2069 6486
5161 6485 6486 16018
5162 6486 2070 6487
5163 6486 6487 16018
5164 6487 790 6484
5165 6487 6484 16018
5166 6488 2069 6485
5167 6488 6485 16019
5168 6485 792 6489
5169 6485 6489 16019
5170 6489 794 6490
5171 6489 6490 16019
5172 6490 2068 6488
5173 6490 6488 16019
5174 6491 797 6492
5175 6491 6492 16020
5176 6492 796 6493
5177 6492 6493 16020
5178 6493 786 6494
5179 6493 6494 16020
5180 6494 795 6491
5181 6494 6491 16020
5182 6482 771 6471
5183 6482 6471 16021
5184 6471 780 6495
5185 6471 6495 16021
5186 6495 791 6496
5187 6495 6496 16021
5188 6496 789 6482
5189 6496 6482 16021
5190 6497 793 6498
5191 6497 6498 16022
5192 6498 798 6499
5193 6498 6499 16022
5194 6499 789 6496
5195 6499 6496 16022
5196 6496 791 6497
5197 6496 6497 16022
5198 5154 38 6500
5199 5154 6500 16023
5200 6500 799 6501
5201 6500 6501 16023
5202 6501 781 6474
5203 6501 6474 16023
5204 6474 25 5154
5205 6474 5154 16023
5206 6502 2071 6503
5207 6502 6503 16024
5208 6503 804 6504
5209 6503 6504 16024
5210 6504 790 6487
5211 6504 6487 16024
5212 6487 2070 6502
5213 6487 6502 16024
5214 6505 806 6506
5215 6505 6506 16025
5216 6506 751 6442
5217 6506 6442 16025
5218 6442 762 6507
5219 6442 6507 16025
5220 6507 805 6505
5221 6507 6505 16025
5222 6508 807 6509
5223 6508 6509 16026
5224 6509 49 6424
5225 6509 6424 16026
5226 6424 751 6506
5227 6424 6506 16026
5228 6506 806 6508
5229 6506 6508 16026
5230 6499 798 6510
5231 6499 6510 16027
5232 6510 810 6511
5233 6510 6511 16027
5234 6511 788 6483
5235 6511 6483 16027
5236 6483 789 6499
5237 6483 6499 16027
5238 6478 787 6512
5239 6478 6512 16028
5240 6512 811 6513
5241 6512 6513 16028
5242 6513 795 6494
5243 6513 6494 16028
5244 6494 786 6478
5245 6494 6478 16028
5246 6514 799 6500
5247 6514 6500 16029
5248 6500 38 5166
5249 6500 5166 16029
5250 5166 50 6515
5251 5166 6515 16029
5252 6515 812 6514
5253 6515 6514 16029
5254 6516 814 6517
5255 6516 6517 16030
5256 6517 2065 6518
5257 6517 6518 16030
5258 6518 2066 6519
5259 6518 6519 16030
5260 6519 813 6516
5261 6519 6516 16030
5262 6520 813 6519
5263 6520 6519 16031
5264 6519 2066 6521
5265 6519 6521 16031
5266 6521 2067 6522
5267 6521 6522 16031
5268 6522 815 6520
5269 6522 6520 16031
5270 6523 2068 6490
5271 6523 6490 16032
5272 6490 794 6524
5273 6490 6524 16032
5274 6524 815 6522
5275 6524 6522 16032
5276 6522 2067 6523
5277 6522 6523 16032
5278 6525 798 6498
5279 6525 6498 16033
5280 6498 793 6526
5281 6498 6526 16033
5282 6526 811 6512
5283 6526 6512 16033
5284 6512 787 6525
5285 6512 6525 16033
5286 6477 784 6527
5287 6477 6527 16034
5288 6527 810 6510
5289 6527 6510 16034
5290 6510 798 6525
5291 6510 6525 16034
5292 6525 787 6477
5293 6525 6477 16034
5294 6528 785 6479
5295 6528 6479 16035
5296 6479 786 6493
5297 6479 6493 16035
5298 6493 796 6529
5299 6493 6529 16035
5300 6529 816 6528
5301 6529 6528 16035
5302 6530 821 6531
5303 6530 6531 16036
5304 6531 794 6489
5305 6531 6489 16036
5306 6489 792 6532
5307 6489 6532 16036
5308 6532 820 6530
5309 6532 6530 16036
5310 6533 820 6532
5311 6533 6532 16037
5312 6532 792 6484
5313 6532 6484 16037
5314 6484 790 6534
5315 6484 6534 16037
5316 6534 822 6533
5317 6534 6533 16037
5318 5512 70 6535
5319 5512 6535 16038
5320 6535 826 6536
5321 6535 6536 16038
5322 6536 827 6537
5323 6536 6537 16038
5324 6537 72 5512
5325 6537 5512 16038
5326 6538 836 6539
5327 6538 6539 16039
5328 6539 813 6520
5329 6539 6520 16039
5330 6520 815 6540
5331 6520 6540 16039
5332 6540 835 6538
5333 6540 6538 16039
5334 6524 794 6531
5335 6524 6531 16040
5336 6531 821 6541
5337 6531 6541 16040
5338 6541 835 6540
5339 6541 6540 16040
5340 6540 815 6524
5341 6540 6524 16040
5342 6542 843 6543
5343 6542 6543 16041
5344 6543 842 6544
5345 6543 6544 16041
5346 6544 841 6545
5347 6544 6545 16041
5348 6545 840 6542
5349 6545 6542 16041
5350 6541 821 6546
5351 6541 6546 16042
5352 6546 843 6542
5353 6546 6542 16042
5354 6542 840 6547
5355 6542 6547 16042
5356 6547 835 6541
5357 6547 6541 16042
5358 6548 812 6515
5359 6548 6515 16043
5360 6515 50 5167
5361 6515 5167 16043
5362 5167 49 6509
5363 5167 6509 16043
5364 6509 807 6548
5365 6509 6548 16043
5366 6549 842 6543
5367 6549 6543 16044
5368 6543 843 6550
5369 6543 6550 16044
5370 6550 845 6551
5371 6550 6551 16044
5372 6551 844 6549
5373 6551 6549 16044
5374 6552 844 6551
5375 6552 6551 16045
5376 6551 845 6553
5377 6551 6553 16045
5378 6553 847 6554
5379 6553 6554 16045
5380 6554 846 6552
5381 6554 6552 16045
5382 6555 849 6556
5383 6555 6556 16046
5384 6556 848 6557
5385 6556 6557 16046
5386 6557 840 6545
5387 6557 6545 16046
5388 6545 841 6555
5389 6545 6555 16046
5390 6558 850 6559
5391 6558 6559 16047
5392 6559 814 6516
5393 6559 6516 16047
5394 6516 813 6539
5395 6516 6539 16047
5396 6539 836 6558
5397 6539 6558 16047
5398 6558 836 6560
5399 6558 6560 16048
5400 6560 848 6561
5401 6560 6561 16048
5402 6561 851 6562
5403 6561 6562 16048
5404 6562 850 6558
5405 6562 6558 16048
5406 6561 848 6556
5407 6561 6556 16049
5408 6556 849 6563
5409 6556 6563 16049
5410 6563 852 6564
5411 6563 6564 16049
5412 6564 851 6561
5413 6564 6561 16049
5414 5509 71 6565
5415 5509 6565 16050
5416 6565 853 6566
5417 6565 6566 16050
5418 6566 826 6535
5419 6566 6535 16050
5420 6535 70 5509
5421 6535 5509 16050
5422 6565 71 5507
5423 6565 5507 16051
5424 5507 28 6476
5425 5507 6476 16051
5426 6476 783 6567
5427 6476 6567 16051
5428 6567 853 6565
5429 6567 6565 16051
5430 6568 858 6569
5431 6568 6569 16052
5432 6569 857 6570
5433 6569 6570 16052
5434 6570 856 6571
5435 6570 6571 16052
5436 6571 855 6568
5437 6571 6568 16052
5438 6572 2075 6573
5439 6572 6573 16053
5440 6573 860 6574
5441 6573 6574 16053
5442 6574 857 6575
5443 6574 6575 16053
5444 6575 2074 6572
5445 6575 6572 16053
5446 6569 858 6576
5447 6569 6576 16054
5448 6576 2073 6577
5449 6576 6577 16054
5450 6577 2074 6575
5451 6577 6575 16054
5452 6575 857 6569
5453 6575 6569 16054
5454 6464 773 6578
5455 6464 6578 16055
5456 6578 859 6579
5457 6578 6579 16055
5458 6579 862 6580
5459 6579 6580 16055
5460 6580 777 6464
5461 6580 6464 16055
5462 6462 774 6581
5463 6462 6581 16056
5464 6581 861 6582
5465 6581 6582 16056
5466 6582 859 6578
5467 6582 6578 16056
5468 6578 773 6462
5469 6578 6462 16056
5470 6583 866 6584
5471 6583 6584 16057
5472 6584 865 6585
5473 6584 6585 16057
5474 6585 864 6586
5475 6585 6586 16057
5476 6586 863 6583
5477 6586 6583 16057
5478 6570 857 6574
5479 6570 6574 16058
5480 6574 860 6587
5481 6574 6587 16058
5482 6587 867 6588
5483 6587 6588 16058
5484 6588 856 6570
5485 6588 6570 16058
5486 6589 871 6590
5487 6589 6590 16059
5488 6590 870 6591
5489 6590 6591 16059
5490 6591 869 6592
5491 6591 6592 16059
5492 6592 868 6589
5493 6592 6589 16059
5494 6593 822 6534
5495 6593 6534 16060
5496 6534 790 6504
5497 6534 6504 16060
5498 6504 804 6594
5499 6504 6594 16060
5500 6594 876 6593
5501 6594 6593 16060
5502 6595 876 6594
5503 6595 6594 16061
5504 6594 804 6596
5505 6594 6596 16061
5506 6596 878 6597
5507 6596 6597 16061
5508 6597 877 6595
5509 6597 6595 16061
5510 6598 880 6599
5511 6598 6599 16062
5512 6599 868 6592
5513 6599 6592 16062
5514 6592 869 6600
5515 6592 6600 16062
5516 6600 879 6598
5517 6600 6598 16062
5518 6601 673 6602
5519 6601 6602 16063
5520 6602 672 6603
5521 6602 6603 16063
5522 6603 867 6587
5523 6603 6587 16063
5524 6587 860 6601
5525 6587 6601 16063
5526 6604 670 6605
5527 6604 6605 16064
5528 6605 671 6606
5529 6605 6606 16064
5530 6606 861 6581
5531 6606 6581 16064
5532 6581 774 6604
5533 6581 6604 16064
5534 6607 871 6608
5535 6607 6608 16065
5536 6608 883 6609
5537 6608 6609 16065
5538 6609 855 6571
5539 6609 6571 16065
5540 6571 856 6607
5541 6571 6607 16065
5542 6607 856 6588
5543 6607 6588 16066
5544 6588 867 6610
5545 6588 6610 16066
5546 6610 870 6590
5547 6610 6590 16066
5548 6590 871 6607
5549 6590 6607 16066
5550 6611 846 6554
5551 6611 6554 16067
5552 6554 847 6612
5553 6554 6612 16067
5554 6612 885 6613
5555 6612 6613 16067
5556 6613 884 6611
5557 6613 6611 16067
5558 6614 887 6615
5559 6614 6615 16068
5560 6615 886 6616
5561 6615 6616 16068
5562 6616 865 6584
5563 6616 6584 16068
5564 6584 866 6614
5565 6584 6614 16068
5566 6617 883 6608
5567 6617 6608 16069
5568 6608 871 6589
5569 6608 6589 16069
5570 6589 868 6599
5571 6589 6599 16069
5572 6599 880 6617
5573 6599 6617 16069
5574 6595 877 6618
5575 6595 6618 16070
5576 6618 892 6619
5577 6618 6619 16070
5578 6619 885 6620
5579 6619 6620 16070
5580 6620 876 6595
5581 6620 6595 16070
5582 6621 886 6615
5583 6621 6615 16071
5584 6615 887 6622
5585 6615 6622 16071
5586 6622 893 6623
5587 6622 6623 16071
5588 6623 892 6621
5589 6623 6621 16071
5590 6619 892 6623
5591 6619 6623 16072
5592 6623 893 6624
5593 6623 6624 16072
5594 6624 884 6613
5595 6624 6613 16072
5596 6613 885 6619
5597 6613 6619 16072
5598 6596 804 6503
5599 6596 6503 16073
5600 6503 2071 6625
5601 6503 6625 16073
5602 6625 2072 6626
5603 6625 6626 16073
5604 6626 878 6596
5605 6626 6596 16073
5606 6563 849 6627
5607 6563 6627 16074
5608 6627 895 6628
5609 6627 6628 16074
5610 6628 894 6629
5611 6628 6629 16074
5612 6629 852 6563
5613 6629 6563 16074
5614 6555 841 6630
5615 6555 6630 16075
5616 6630 896 6631
5617 6630 6631 16075
5618 6631 895 6627
5619 6631 6627 16075
5620 6627 849 6555
5621 6627 6555 16075
5622 6632 896 6630
5623 6632 6630 16076
5624 6630 841 6544
5625 6630 6544 16076
5626 6544 842 6633
5627 6544 6633 16076
5628 6633 897 6632
5629 6633 6632 16076
5630 6634 897 6633
5631 6634 6633 16077
5632 6633 842 6549
5633 6633 6549 16077
5634 6549 844 6635
5635 6549 6635 16077
5636 6635 898 6634
5637 6635 6634 16077
5638 6552 846 6636
5639 6552 6636 16078
5640 6636 899 6637
5641 6636 6637 16078
5642 6637 898 6635
5643 6637 6635 16078
5644 6635 844 6552
5645 6635 6552 16078
5646 6611 884 6638
5647 6611 6638 16079
5648 6638 900 6639
5649 6638 6639 16079
5650 6639 899 6636
5651 6639 6636 16079
5652 6636 846 6611
5653 6636 6611 16079
5654 6624 893 6640
5655 6624 6640 16080
5656 6640 901 6641
5657 6640 6641 16080
5658 6641 900 6638
5659 6641 6638 16080
5660 6638 884 6624
5661 6638 6624 16080
5662 6642 901 6640
5663 6642 6640 16081
5664 6640 893 6622
5665 6640 6622 16081
5666 6622 887 6643
5667 6622 6643 16081
5668 6643 902 6642
5669 6643 6642 16081
5670 6614 866 6644
5671 6614 6644 16082
5672 6644 903 6645
5673 6644 6645 16082
5674 6645 902 6643
5675 6645 6643 16082
5676 6643 887 6614
5677 6643 6614 16082
5678 6583 863 6646
5679 6583 6646 16083
5680 6646 904 6647
5681 6646 6647 16083
5682 6647 903 6644
5683 6647 6644 16083
5684 6644 866 6583
5685 6644 6583 16083
5686 6648 674 6649
5687 6648 6649 16084
5688 6649 904 6646
5689 6649 6646 16084
5690 6646 863 6650
5691 6646 6650 16084
5692 6650 667 6648
5693 6650 6648 16084
5694 6610 867 6603
5695 6610 6603 16085
5696 6603 672 6651
5697 6603 6651 16085
5698 6651 676 6652
5699 6651 6652 16085
5700 6652 870 6610
5701 6652 6610 16085
5702 6530 820 6653
5703 6530 6653 16086
5704 6653 845 6550
5705 6653 6550 16086
5706 6550 843 6546
5707 6550 6546 16086
5708 6546 821 6530
5709 6546 6530 16086
5710 6533 822 6654
5711 6533 6654 16087
5712 6654 847 6553
5713 6654 6553 16087
5714 6553 845 6653
5715 6553 6653 16087
5716 6653 820 6533
5717 6653 6533 16087
5718 6538 835 6547
5719 6538 6547 16088
5720 6547 840 6557
5721 6547 6557 16088
5722 6557 848 6560
5723 6557 6560 16088
5724 6560 836 6538
5725 6560 6538 16088
5726 6593 876 6620
5727 6593 6620 16089
5728 6620 885 6612
5729 6620 6612 16089
5730 6612 847 6654
5731 6612 6654 16089
5732 6654 822 6593
5733 6654 6593 16089
5734 6655 906 6656
5735 6655 6656 16090
5736 6656 864 6585
5737 6656 6585 16090
5738 6585 865 6657
5739 6585 6657 16090
5740 6657 905 6655
5741 6657 6655 16090
5742 6658 905 6657
5743 6658 6657 16091
5744 6657 865 6616
5745 6657 6616 16091
5746 6616 886 6659
5747 6616 6659 16091
5748 6659 907 6658
5749 6659 6658 16091
5750 6660 907 6659
5751 6660 6659 16092
5752 6659 886 6621
5753 6659 6621 16092
5754 6621 892 6618
5755 6621 6618 16092
5756 6618 877 6660
5757 6618 6660 16092
5758 6647 904 6661
5759 6647 6661 16093
5760 6661 891 6662
5761 6661 6662 16093
5762 6662 888 6663
5763 6662 6663 16093
5764 6663 903 6647
5765 6663 6647 16093
5766 6645 903 6663
5767 6645 6663 16094
5768 6663 888 6664
5769 6663 6664 16094
5770 6664 875 6665
5771 6664 6665 16094
5772 6665 902 6645
5773 6665 6645 16094
5774 6666 872 6667
5775 6666 6667 16095
5776 6667 901 6642
5777 6667 6642 16095
5778 6642 902 6665
5779 6642 6665 16095
5780 6665 875 6666
5781 6665 6666 16095
5782 6641 901 6667
5783 6641 6667 16096
5784 6667 872 6668
5785 6667 6668 16096
5786 6668 881 6669
5787 6668 6669 16096
5788 6669 900 6641
5789 6669 6641 16096
5790 6639 900 6669
5791 6639 6669 16097
5792 6669 881 6670
5793 6669 6670 16097
5794 6670 834 6671
5795 6670 6671 16097
5796 6671 899 6639
5797 6671 6639 16097
5798 6637 899 6671
5799 6637 6671 16098
5800 6671 834 6672
5801 6671 6672 16098
5802 6672 830 6673
5803 6672 6673 16098
5804 6673 898 6637
5805 6673 6637 16098
5806 6674 831 6675
5807 6674 6675 16099
5808 6675 897 6634
5809 6675 6634 16099
5810 6634 898 6673
5811 6634 6673 16099
5812 6673 830 6674
5813 6673 6674 16099
5814 6676 839 6677
5815 6676 6677 16100
5816 6677 896 6632
5817 6677 6632 16100
5818 6632 897 6675
5819 6632 6675 16100
5820 6675 831 6676
5821 6675 6676 16100
5822 6631 896 6677
5823 6631 6677 16101
5824 6677 839 6678
5825 6677 6678 16101
5826 6678 803 6679
5827 6678 6679 16101
5828 6679 895 6631
5829 6679 6631 16101
5830 6628 895 6679
5831 6628 6679 16102
5832 6679 803 6680
5833 6679 6680 16102
5834 6680 800 6681
5835 6680 6681 16102
5836 6681 894 6628
5837 6681 6628 16102
5838 6649 674 6682
5839 6649 6682 16103
5840 6682 665 6683
5841 6682 6683 16103
5842 6683 891 6661
5843 6683 6661 16103
5844 6661 904 6649
5845 6661 6649 16103
5846 6684 768 6454
5847 6684 6454 16104
5848 6454 769 6685
5849 6454 6685 16104
5850 6685 776 6465
5851 6685 6465 16104
5852 6465 777 6684
5853 6465 6684 16104
5854 6684 777 6580
5855 6684 6580 16105
5856 6580 862 6686
5857 6580 6686 16105
5858 6686 779 6467
5859 6686 6467 16105
5860 6467 768 6684
5861 6467 6684 16105
5862 6568 855 6687
5863 6568 6687 16106
5864 6687 877 6597
5865 6687 6597 16106
5866 6597 878 6688
5867 6597 6688 16106
5868 6688 858 6568
5869 6688 6568 16106
5870 6626 2072 6689
5871 6626 6689 16107
5872 6689 2073 6576
5873 6689 6576 16107
5874 6576 858 6688
5875 6576 6688 16107
5876 6688 878 6626
5877 6688 6626 16107
5878 6609 883 6690
5879 6609 6690 16108
5880 6690 907 6660
5881 6690 6660 16108
5882 6660 877 6687
5883 6660 6687 16108
5884 6687 855 6609
5885 6687 6609 16108
5886 6617 880 6691
5887 6617 6691 16109
5888 6691 905 6658
5889 6691 6658 16109
5890 6658 907 6690
5891 6658 6690 16109
5892 6690 883 6617
5893 6690 6617 16109
5894 6655 905 6691
5895 6655 6691 16110
5896 6691 880 6598
5897 6691 6598 16110
5898 6598 879 6692
5899 6598 6692 16110
5900 6692 906 6655
5901 6692 6655 16110
5902 6692 879 6693
5903 6692 6693 16111
5904 6693 666 6694
5905 6693 6694 16111
5906 6694 675 6695
5907 6694 6695 16111
5908 6695 906 6692
5909 6695 6692 16111
5910 6537 827 6696
5911 6537 6696 16112
5912 6696 663 6697
5913 6696 6697 16112
5914 6697 6 5515
5915 6697 5515 16112
5916 5515 72 6537
5917 5515 6537 16112
5918 6591 870 6652
5919 6591 6652 16113
5920 6652 676 6698
5921 6652 6698 16113
5922 6698 677 6699
5923 6698 6699 16113
5924 6699 869 6591
5925 6699 6591 16113
5926 6656 906 6695
5927 6656 6695 16114
5928 6695 675 6700
5929 6695 6700 16114
5930 6700 678 6701
5931 6700 6701 16114
5932 6701 864 6656
5933 6701 6656 16114
5934 6604 774 6461
5935 6604 6461 16115
5936 6461 775 6702
5937 6461 6702 16115
5938 6702 669 6703
5939 6702 6703 16115
5940 6703 670 6604
5941 6703 6604 16115
5942 6601 860 6573
5943 6601 6573 16116
5944 6573 2075 6704
5945 6573 6704 16116
5946 6704 2076 6705
5947 6704 6705 16116
5948 6705 673 6601
5949 6705 6601 16116
5950 6699 677 6706
5951 6699 6706 16117
5952 6706 666 6693
5953 6706 6693 16117
5954 6693 879 6600
5955 6693 6600 16117
5956 6600 869 6699
5957 6600 6699 16117
5958 6650 863 6586
5959 6650 6586 16118
5960 6586 864 6701
5961 6586 6701 16118
5962 6701 678 6707
5963 6701 6707 16118
5964 6707 667 6650
5965 6707 6650 16118
5966 6708 909 6709
5967 6708 6709 16119
5968 6709 908 6710
5969 6709 6710 16119
5970 6710 759 6438
5971 6710 6438 16119
5972 6438 760 6708
5973 6438 6708 16119
5974 6710 908 6711
5975 6710 6711 16120
5976 6711 910 6712
5977 6711 6712 16120
5978 6712 761 6445
5979 6712 6445 16120
5980 6445 759 6710
5981 6445 6710 16120
5982 6713 796 6492
5983 6713 6492 16121
5984 6492 797 6714
5985 6492 6714 16121
5986 6714 912 6715
5987 6714 6715 16121
5988 6715 911 6713
5989 6715 6713 16121
5990 6716 743 6717
5991 6716 6717 16122
5992 6717 915 6718
5993 6717 6718 16122
5994 6718 914 6719
5995 6718 6719 16122
5996 6719 913 6716
5997 6719 6716 16122
5998 6720 917 6721
5999 6720 6721 16123
6000 6721 916 6722
6001 6721 6722 16123
6002 6722 805 6507
6003 6722 6507 16123
6004 6507 762 6720
6005 6507 6720 16123
6006 6723 920 6724
6007 6723 6724 16124
6008 6724 742 6725
6009 6724 6725 16124
6010 6725 919 6726
6011 6725 6726 16124
6012 6726 918 6723
6013 6726 6723 16124
6014 6725 742 6416
6015 6725 6416 16125
6016 6416 743 6716
6017 6416 6716 16125
6018 6716 913 6727
6019 6716 6727 16125
6020 6727 919 6725
6021 6727 6725 16125
6022 6728 748 6420
6023 6728 6420 16126
6024 6420 749 6729
6025 6420 6729 16126
6026 6729 922 6730
6027 6729 6730 16126
6028 6730 921 6728
6029 6730 6728 16126
6030 6731 924 6732
6031 6731 6732 16127
6032 6732 914 6718
6033 6732 6718 16127
6034 6718 915 6733
6035 6718 6733 16127
6036 6733 923 6731
6037 6733 6731 16127
6038 6734 925 6735
6039 6734 6735 16128
6040 6735 924 6731
6041 6735 6731 16128
6042 6731 923 6736
6043 6731 6736 16128
6044 6736 765 6734
6045 6736 6734 16128
6046 6737 763 6447
6047 6737 6447 16129
6048 6447 662 6738
6049 6447 6738 16129
6050 6738 679 6739
6051 6738 6739 16129
6052 6739 926 6737
6053 6739 6737 16129
6054 6740 816 6529
6055 6740 6529 16130
6056 6529 796 6713
6057 6529 6713 16130
6058 6713 911 6741
6059 6713 6741 16130
6060 6741 927 6740
6061 6741 6740 16130
6062 6742 814 6559
6063 6742 6559 16131
6064 6559 850 6743
6065 6559 6743 16131
6066 6743 929 6744
6067 6743 6744 16131
6068 6744 928 6742
6069 6744 6742 16131
6070 6720 762 6443
6071 6720 6443 16132
6072 6443 756 6745
6073 6443 6745 16132
6074 6745 930 6746
6075 6745 6746 16132
6076 6746 917 6720
6077 6746 6720 16132
6078 6742 928 6747
6079 6742 6747 16133
6080 6747 2064 6748
6081 6747 6748 16133
6082 6748 2065 6517
6083 6748 6517 16133
6084 6517 814 6742
6085 6517 6742 16133
6086 6749 932 6750
6087 6749 6750 16134
6088 6750 930 6745
6089 6750 6745 16134
6090 6745 756 6435
6091 6745 6435 16134
6092 6435 757 6749
6093 6435 6749 16134
6094 6751 934 6752
6095 6751 6752 16135
6096 6752 933 6753
6097 6752 6753 16135
6098 6753 851 6564
6099 6753 6564 16135
6100 6564 852 6751
6101 6564 6751 16135
6102 6751 852 6629
6103 6751 6629 16136
6104 6629 894 6754
6105 6629 6754 16136
6106 6754 935 6755
6107 6754 6755 16136
6108 6755 934 6751
6109 6755 6751 16136
6110 6756 914 6732
6111 6756 6732 16137
6112 6732 924 6757
6113 6732 6757 16137
6114 6757 939 6758
6115 6757 6758 16137
6116 6758 938 6756
6117 6758 6756 16137
6118 6757 924 6735
6119 6757 6735 16138
6120 6735 925 6759
6121 6735 6759 16138
6122 6759 940 6760
6123 6759 6760 16138
6124 6760 939 6757
6125 6760 6757 16138
6126 6761 927 6741
6127 6761 6741 16139
6128 6741 911 6762
6129 6741 6762 16139
6130 6762 942 6763
6131 6762 6763 16139
6132 6763 941 6761
6133 6763 6761 16139
6134 6764 943 6765
6135 6764 6765 16140
6136 6765 942 6762
6137 6765 6762 16140
6138 6762 911 6715
6139 6762 6715 16140
6140 6715 912 6764
6141 6715 6764 16140
6142 6766 2064 6747
6143 6766 6747 16141
6144 6747 928 6767
6145 6747 6767 16141
6146 6767 944 6768
6147 6767 6768 16141
6148 6768 2063 6766
6149 6768 6766 16141
6150 6767 928 6744
6151 6767 6744 16142
6152 6744 929 6769
6153 6744 6769 16142
6154 6769 945 6770
6155 6769 6770 16142
6156 6770 944 6767
6157 6770 6767 16142
6158 6771 947 6772
6159 6771 6772 16143
6160 6772 946 6773
6161 6772 6773 16143
6162 6773 933 6752
6163 6773 6752 16143
6164 6752 934 6771
6165 6752 6771 16143
6166 6774 948 6775
6167 6774 6775 16144
6168 6775 947 6771
6169 6775 6771 16144
6170 6771 934 6755
6171 6771 6755 16144
6172 6755 935 6774
6173 6755 6774 16144
6174 6776 916 6721
6175 6776 6721 16145
6176 6721 917 6777
6177 6721 6777 16145
6178 6777 953 6778
6179 6777 6778 16145
6180 6778 952 6776
6181 6778 6776 16145
6182 6777 917 6746
6183 6777 6746 16146
6184 6746 930 6779
6185 6746 6779 16146
6186 6779 954 6780
6187 6779 6780 16146
6188 6780 953 6777
6189 6780 6777 16146
6190 6781 955 6782
6191 6781 6782 16147
6192 6782 954 6779
6193 6782 6779 16147
6194 6779 930 6750
6195 6779 6750 16147
6196 6750 932 6781
6197 6750 6781 16147
6198 6783 957 6784
6199 6783 6784 16148
6200 6784 956 6785
6201 6784 6785 16148
6202 6785 921 6730
6203 6785 6730 16148
6204 6730 922 6783
6205 6730 6783 16148
6206 6783 922 6786
6207 6783 6786 16149
6208 6786 910 6787
6209 6786 6787 16149
6210 6787 958 6788
6211 6787 6788 16149
6212 6788 957 6783
6213 6788 6783 16149
6214 6789 908 6709
6215 6789 6709 16150
6216 6709 909 6790
6217 6709 6790 16150
6218 6790 960 6791
6219 6790 6791 16150
6220 6791 959 6789
6221 6791 6789 16150
6222 6792 962 6793
6223 6792 6793 16151
6224 6793 961 6794
6225 6793 6794 16151
6226 6794 918 6726
6227 6794 6726 16151
6228 6726 919 6792
6229 6726 6792 16151
6230 6795 963 6796
6231 6795 6796 16152
6232 6796 962 6792
6233 6796 6792 16152
6234 6792 919 6727
6235 6792 6727 16152
6236 6727 913 6795
6237 6727 6795 16152
6238 6795 913 6719
6239 6795 6719 16153
6240 6719 914 6756
6241 6719 6756 16153
6242 6756 938 6797
6243 6756 6797 16153
6244 6797 963 6795
6245 6797 6795 16153
6246 6739 679 6798
6247 6739 6798 16154
6248 6798 680 6799
6249 6798 6799 16154
6250 6799 964 6800
6251 6799 6800 16154
6252 6800 926 6739
6253 6800 6739 16154
6254 6743 850 6562
6255 6743 6562 16155
6256 6562 851 6753
6257 6562 6753 16155
6258 6753 933 6801
6259 6753 6801 16155
6260 6801 929 6743
6261 6801 6743 16155
6262 6769 929 6801
6263 6769 6801 16156
6264 6801 933 6773
6265 6801 6773 16156
6266 6773 946 6802
6267 6773 6802 16156
6268 6802 945 6769
6269 6802 6769 16156
6270 6754 894 6681
6271 6754 6681 16157
6272 6681 800 6803
6273 6681 6803 16157
6274 6803 936 6804
6275 6803 6804 16157
6276 6804 935 6754
6277 6804 6754 16157
6278 6774 935 6804
6279 6774 6804 16158
6280 6804 936 6805
6281 6804 6805 16158
6282 6805 949 6806
6283 6805 6806 16158
6284 6806 948 6774
6285 6806 6774 16158
6286 6729 749 6441
6287 6729 6441 16159
6288 6441 761 6712
6289 6441 6712 16159
6290 6712 910 6786
6291 6712 6786 16159
6292 6786 922 6729
6293 6786 6729 16159
6294 6789 959 6807
6295 6789 6807 16160
6296 6807 958 6787
6297 6807 6787 16160
6298 6787 910 6711
6299 6787 6711 16160
6300 6711 908 6789
6301 6711 6789 16160
6302 6708 760 6808
6303 6708 6808 16161
6304 6808 966 6809
6305 6808 6809 16161
6306 6809 965 6810
6307 6809 6810 16161
6308 6810 909 6708
6309 6810 6708 16161
6310 6790 909 6810
6311 6790 6810 16162
6312 6810 965 6811
6313 6810 6811 16162
6314 6811 967 6812
6315 6811 6812 16162
6316 6812 960 6790
6317 6812 6790 16162
6318 6809 966 6813
6319 6809 6813 16163
6320 6813 920 6723
6321 6813 6723 16163
6322 6723 918 6814
6323 6723 6814 16163
6324 6814 965 6809
6325 6814 6809 16163
6326 6811 965 6814
6327 6811 6814 16164
6328 6814 918 6794
6329 6814 6794 16164
6330 6794 961 6815
6331 6794 6815 16164
6332 6815 967 6811
6333 6815 6811 16164
6334 6450 763 6737
6335 6450 6737 16165
6336 6737 926 6816
6337 6737 6816 16165
6338 6816 925 6734
6339 6816 6734 16165
6340 6734 765 6450
6341 6734 6450 16165
6342 6816 926 6800
6343 6816 6800 16166
6344 6800 964 6817
6345 6800 6817 16166
6346 6817 940 6759
6347 6817 6759 16166
6348 6759 925 6816
6349 6759 6816 16166
6350 6818 969 6819
6351 6818 6819 16167
6352 6819 968 6820
6353 6819 6820 16167
6354 6820 961 6793
6355 6820 6793 16167
6356 6793 962 6818
6357 6793 6818 16167
6358 6821 973 6822
6359 6821 6822 16168
6360 6822 972 6823
6361 6822 6823 16168
6362 6823 2079 6824
6363 6823 6824 16168
6364 6824 2080 6821
6365 6824 6821 16168
6366 6825 977 6826
6367 6825 6826 16169
6368 6826 976 6827
6369 6826 6827 16169
6370 6827 975 6828
6371 6827 6828 16169
6372 6828 974 6825
6373 6828 6825 16169
6374 6829 974 6828
6375 6829 6828 16170
6376 6828 975 6830
6377 6828 6830 16170
6378 6830 979 6831
6379 6830 6831 16170
6380 6831 978 6829
6381 6831 6829 16170
6382 6832 983 6833
6383 6832 6833 16171
6384 6833 982 6834
6385 6833 6834 16171
6386 6834 981 6835
6387 6834 6835 16171
6388 6835 980 6832
6389 6835 6832 16171
6390 6836 991 6837
6391 6836 6837 16172
6392 6837 990 6838
6393 6837 6838 16172
6394 6838 989 6839
6395 6838 6839 16172
6396 6839 988 6836
6397 6839 6836 16172
6398 6840 995 6841
6399 6840 6841 16173
6400 6841 994 6842
6401 6841 6842 16173
6402 6842 993 6843
6403 6842 6843 16173
6404 6843 992 6840
6405 6843 6840 16173
6406 6844 992 6843
6407 6844 6843 16174
6408 6843 993 6845
6409 6843 6845 16174
6410 6845 989 6846
6411 6845 6846 16174
6412 6846 984 6844
6413 6846 6844 16174
6414 6847 1003 6848
6415 6847 6848 16175
6416 6848 2061 6849
6417 6848 6849 16175
6418 6849 2062 6850
6419 6849 6850 16175
6420 6850 1000 6847
6421 6850 6847 16175
6422 6851 1005 6852
6423 6851 6852 16176
6424 6852 2060 6853
6425 6852 6853 16176
6426 6853 2061 6848
6427 6853 6848 16176
6428 6848 1003 6851
6429 6848 6851 16176
6430 6851 1003 6854
6431 6851 6854 16177
6432 6854 1007 6855
6433 6854 6855 16177
6434 6855 1006 6856
6435 6855 6856 16177
6436 6856 1005 6851
6437 6856 6851 16177
6438 6847 1000 6857
6439 6847 6857 16178
6440 6857 1008 6858
6441 6857 6858 16178
6442 6858 1007 6854
6443 6858 6854 16178
6444 6854 1003 6847
6445 6854 6847 16178
6446 6859 941 6763
6447 6859 6763 16179
6448 6763 942 6860
6449 6763 6860 16179
6450 6860 1010 6861
6451 6860 6861 16179
6452 6861 1009 6859
6453 6861 6859 16179
6454 6862 969 6818
6455 6862 6818 16180
6456 6818 962 6796
6457 6818 6796 16180
6458 6796 963 6863
6459 6796 6863 16180
6460 6863 1011 6862
6461 6863 6862 16180
6462 6864 1013 6865
6463 6864 6865 16181
6464 6865 1012 6866
6465 6865 6866 16181
6466 6866 1005 6856
6467 6866 6856 16181
6468 6856 1006 6864
6469 6856 6864 16181
6470 6867 2060 6852
6471 6867 6852 16182
6472 6852 1005 6866
6473 6852 6866 16182
6474 6866 1012 6868
6475 6866 6868 16182
6476 6868 2059 6867
6477 6868 6867 16182
6478 6869 2077 6870
6479 6869 6870 16183
6480 6870 2078 6871
6481 6870 6871 16183
6482 6871 1016 6872
6483 6871 6872 16183
6484 6872 1015 6869
6485 6872 6869 16183
6486 6873 1020 6874
6487 6873 6874 16184
6488 6874 985 6875
6489 6874 6875 16184
6490 6875 986 6876
6491 6875 6876 16184
6492 6876 1019 6873
6493 6876 6873 16184
6494 6877 1024 6878
6495 6877 6878 16185
6496 6878 1023 6879
6497 6878 6879 16185
6498 6879 1022 6880
6499 6879 6880 16185
6500 6880 1021 6877
6501 6880 6877 16185
6502 6881 2056 6882
6503 6881 6882 16186
6504 6882 1029 6883
6505 6882 6883 16186
6506 6883 1030 6884
6507 6883 6884 16186
6508 6884 2055 6881
6509 6884 6881 16186
6510 6885 2044 6886
6511 6885 6886 16187
6512 6886 2045 6887
6513 6886 6887 16187
6514 6887 1031 6888
6515 6887 6888 16187
6516 6888 683 6885
6517 6888 6885 16187
6518 6889 1034 6890
6519 6889 6890 16188
6520 6890 1033 6891
6521 6890 6891 16188
6522 6891 956 6784
6523 6891 6784 16188
6524 6784 957 6889
6525 6784 6889 16188
6526 6892 959 6791
6527 6892 6791 16189
6528 6791 960 6893
6529 6791 6893 16189
6530 6893 1038 6894
6531 6893 6894 16189
6532 6894 1037 6892
6533 6894 6892 16189
6534 6895 1042 6896
6535 6895 6896 16190
6536 6896 1041 6897
6537 6896 6897 16190
6538 6897 1040 6898
6539 6897 6898 16190
6540 6898 1039 6895
6541 6898 6895 16190
6542 6889 957 6788
6543 6889 6788 16191
6544 6788 958 6899
6545 6788 6899 16191
6546 6899 1043 6900
6547 6899 6900 16191
6548 6900 1034 6889
6549 6900 6889 16191
6550 6863 963 6797
6551 6863 6797 16192
6552 6797 938 6901
6553 6797 6901 16192
6554 6901 1044 6902
6555 6901 6902 16192
6556 6902 1011 6863
6557 6902 6863 16192
6558 6901 938 6758
6559 6901 6758 16193
6560 6758 939 6903
6561 6758 6903 16193
6562 6903 1045 6904
6563 6903 6904 16193
6564 6904 1044 6901
6565 6904 6901 16193
6566 6905 1048 6906
6567 6905 6906 16194
6568 6906 1047 6907
6569 6906 6907 16194
6570 6907 1046 6908
6571 6907 6908 16194
6572 6908 1045 6905
6573 6908 6905 16194
6574 6909 1047 6906
6575 6909 6906 16195
6576 6906 1048 6910
6577 6906 6910 16195
6578 6910 1050 6911
6579 6910 6911 16195
6580 6911 1049 6909
6581 6911 6909 16195
6582 6912 1052 6913
6583 6912 6913 16196
6584 6913 1046 6907
6585 6913 6907 16196
6586 6907 1047 6914
6587 6907 6914 16196
6588 6914 1051 6912
6589 6914 6912 16196
6590 6915 1054 6916
6591 6915 6916 16197
6592 6916 1876 6917
6593 6916 6917 16197
6594 6917 1875 6918
6595 6917 6918 16197
6596 6918 1053 6915
6597 6918 6915 16197
6598 6919 983 6920
6599 6919 6920 16198
6600 6920 1062 6921
6601 6920 6921 16198
6602 6921 1061 6922
6603 6921 6922 16198
6604 6922 1060 6919
6605 6922 6919 16198
6606 6923 1025 6924
6607 6923 6924 16199
6608 6924 1061 6921
6609 6924 6921 16199
6610 6921 1062 6925
6611 6921 6925 16199
6612 6925 1028 6923
6613 6925 6923 16199
6614 6926 1064 6927
6615 6926 6927 16200
6616 6927 1052 6912
6617 6927 6912 16200
6618 6912 1051 6928
6619 6912 6928 16200
6620 6928 1063 6926
6621 6928 6926 16200
6622 6905 1045 6903
6623 6905 6903 16201
6624 6903 939 6760
6625 6903 6760 16201
6626 6760 940 6929
6627 6760 6929 16201
6628 6929 1048 6905
6629 6929 6905 16201
6630 6910 1048 6929
6631 6910 6929 16202
6632 6929 940 6817
6633 6929 6817 16202
6634 6817 964 6930
6635 6817 6930 16202
6636 6930 1050 6910
6637 6930 6910 16202
6638 6931 984 6846
6639 6931 6846 16203
6640 6846 989 6838
6641 6846 6838 16203
6642 6838 990 6932
6643 6838 6932 16203
6644 6932 987 6931
6645 6932 6931 16203
6646 6933 1066 6934
6647 6933 6934 16204
6648 6934 993 6842
6649 6934 6842 16204
6650 6842 994 6935
6651 6842 6935 16204
6652 6935 1065 6933
6653 6935 6933 16204
6654 6936 988 6839
6655 6936 6839 16205
6656 6839 989 6845
6657 6839 6845 16205
6658 6845 993 6934
6659 6845 6934 16205
6660 6934 1066 6936
6661 6934 6936 16205
6662 6937 1001 6938
6663 6937 6938 16206
6664 6938 1010 6860
6665 6938 6860 16206
6666 6860 942 6765
6667 6860 6765 16206
6668 6765 943 6937
6669 6765 6937 16206
6670 6939 944 6770
6671 6939 6770 16207
6672 6770 945 6940
6673 6770 6940 16207
6674 6940 1008 6857
6675 6940 6857 16207
6676 6857 1000 6939
6677 6857 6939 16207
6678 6941 1075 6942
6679 6941 6942 16208
6680 6942 1074 6943
6681 6942 6943 16208
6682 6943 947 6775
6683 6943 6775 16208
6684 6775 948 6941
6685 6775 6941 16208
6686 6944 1079 6945
6687 6944 6945 16209
6688 6945 1078 6946
6689 6945 6946 16209
6690 6946 1077 6947
6691 6946 6947 16209
6692 6947 1076 6944
6693 6947 6944 16209
6694 6948 1076 6947
6695 6948 6947 16210
6696 6947 1077 6949
6697 6947 6949 16210
6698 6949 1081 6950
6699 6949 6950 16210
6700 6950 1080 6948
6701 6950 6948 16210
6702 6951 1083 6952
6703 6951 6952 16211
6704 6952 1074 6953
6705 6952 6953 16211
6706 6953 1081 6954
6707 6953 6954 16211
6708 6954 1082 6951
6709 6954 6951 16211
6710 6955 1080 6950
6711 6955 6950 16212
6712 6950 1081 6953
6713 6950 6953 16212
6714 6953 1074 6942
6715 6953 6942 16212
6716 6942 1075 6955
6717 6942 6955 16212
6718 6819 969 6956
6719 6819 6956 16213
6720 6956 1085 6957
6721 6956 6957 16213
6722 6957 1084 6958
6723 6957 6958 16213
6724 6958 968 6819
6725 6958 6819 16213
6726 6894 1038 6959
6727 6894 6959 16214
6728 6959 1087 6960
6729 6959 6960 16214
6730 6960 1086 6961
6731 6960 6961 16214
6732 6961 1037 6894
6733 6961 6894 16214
6734 6913 1052 6962
6735 6913 6962 16215
6736 6962 1089 6963
6737 6962 6963 16215
6738 6963 1088 6964
6739 6963 6964 16215
6740 6964 1046 6913
6741 6964 6913 16215
6742 6904 1045 6965
6743 6904 6965 16216
6744 6965 1091 6966
6745 6965 6966 16216
6746 6966 1090 6967
6747 6966 6967 16216
6748 6967 1044 6904
6749 6967 6904 16216
6750 6908 1046 6964
6751 6908 6964 16217
6752 6964 1088 6968
6753 6964 6968 16217
6754 6968 1091 6965
6755 6968 6965 16217
6756 6965 1045 6908
6757 6965 6908 16217
6758 6956 969 6862
6759 6956 6862 16218
6760 6862 1011 6969
6761 6862 6969 16218
6762 6969 1092 6970
6763 6969 6970 16218
6764 6970 1085 6956
6765 6970 6956 16218
6766 6971 1034 6900
6767 6971 6900 16219
6768 6900 1043 6972
6769 6900 6972 16219
6770 6972 1094 6973
6771 6972 6973 16219
6772 6973 1093 6971
6773 6973 6971 16219
6774 6971 1093 6974
6775 6971 6974 16220
6776 6974 1095 6975
6777 6974 6975 16220
6778 6975 1033 6890
6779 6975 6890 16220
6780 6890 1034 6971
6781 6890 6971 16220
6782 6962 1052 6927
6783 6962 6927 16221
6784 6927 1064 6976
6785 6927 6976 16221
6786 6976 1096 6977
6787 6976 6977 16221
6788 6977 1089 6962
6789 6977 6962 16221
6790 6969 1011 6902
6791 6969 6902 16222
6792 6902 1044 6967
6793 6902 6967 16222
6794 6967 1090 6978
6795 6967 6978 16222
6796 6978 1092 6969
6797 6978 6969 16222
6798 6979 1100 6980
6799 6979 6980 16223
6800 6980 1099 6981
6801 6980 6981 16223
6802 6981 1098 6982
6803 6981 6982 16223
6804 6982 1097 6979
6805 6982 6979 16223
6806 6983 1098 6981
6807 6983 6981 16224
6808 6981 1099 6984
6809 6981 6984 16224
6810 6984 952 6778
6811 6984 6778 16224
6812 6778 953 6983
6813 6778 6983 16224
6814 6985 1101 6986
6815 6985 6986 16225
6816 6986 1098 6983
6817 6986 6983 16225
6818 6983 953 6780
6819 6983 6780 16225
6820 6780 954 6985
6821 6780 6985 16225
6822 6987 1097 6982
6823 6987 6982 16226
6824 6982 1098 6986
6825 6982 6986 16226
6826 6986 1101 6988
6827 6986 6988 16226
6828 6988 1103 6987
6829 6988 6987 16226
6830 6989 2081 6990
6831 6989 6990 16227
6832 6990 693 6991
6833 6990 6991 16227
6834 6991 973 6821
6835 6991 6821 16227
6836 6821 2080 6989
6837 6821 6989 16227
6838 6992 2063 6768
6839 6992 6768 16228
6840 6768 944 6939
6841 6768 6939 16228
6842 6939 1000 6850
6843 6939 6850 16228
6844 6850 2062 6992
6845 6850 6992 16228
6846 6988 1101 6993
6847 6988 6993 16229
6848 6993 1105 6994
6849 6993 6994 16229
6850 6994 1104 6995
6851 6994 6995 16229
6852 6995 1103 6988
6853 6995 6988 16229
6854 6996 1105 6993
6855 6996 6993 16230
6856 6993 1101 6985
6857 6993 6985 16230
6858 6985 954 6782
6859 6985 6782 16230
6860 6782 955 6996
6861 6782 6996 16230
6862 6997 1107 6998
6863 6997 6998 16231
6864 6998 1041 6896
6865 6998 6896 16231
6866 6896 1042 6999
6867 6896 6999 16231
6868 6999 1106 6997
6869 6999 6997 16231
6870 6943 1074 6952
6871 6943 6952 16232
6872 6952 1083 7000
6873 6952 7000 16232
6874 7000 946 6772
6875 7000 6772 16232
6876 6772 947 6943
6877 6772 6943 16232
6878 7001 1109 7002
6879 7001 7002 16233
6880 7002 1077 6946
6881 7002 6946 16233
6882 6946 1078 7003
6883 6946 7003 16233
6884 7003 1108 7001
6885 7003 7001 16233
6886 6949 1077 7002
6887 6949 7002 16234
6888 7002 1109 7004
6889 7002 7004 16234
6890 7004 1082 6954
6891 7004 6954 16234
6892 6954 1081 6949
6893 6954 6949 16234
6894 7005 1113 7006
6895 7005 7006 16235
6896 7006 1963 7007
6897 7006 7007 16235
6898 7007 1964 7008
6899 7007 7008 16235
6900 7008 1110 7005
6901 7008 7005 16235
6902 7009 1117 7010
6903 7009 7010 16236
6904 7010 1116 7011
6905 7010 7011 16236
6906 7011 1115 7012
6907 7011 7012 16236
6908 7012 1114 7009
6909 7012 7009 16236
6910 6979 1097 7013
6911 6979 7013 16237
6912 7013 1129 7014
6913 7013 7014 16237
6914 7014 1128 7015
6915 7014 7015 16237
6916 7015 1100 6979
6917 7015 6979 16237
6918 6987 1103 7016
6919 6987 7016 16238
6920 7016 1130 7017
6921 7016 7017 16238
6922 7017 1129 7013
6923 7017 7013 16238
6924 7013 1097 6987
6925 7013 6987 16238
6926 7016 1103 6995
6927 7016 6995 16239
6928 6995 1104 7018
6929 6995 7018 16239
6930 7018 1131 7019
6931 7018 7019 16239
6932 7019 1130 7016
6933 7019 7016 16239
6934 7020 1010 6938
6935 7020 6938 16240
6936 6938 1001 7021
6937 6938 7021 16240
6938 7021 1002 7022
6939 7021 7022 16240
6940 7022 1134 7020
6941 7022 7020 16240
6942 7020 1134 7023
6943 7020 7023 16241
6944 7023 1135 7024
6945 7023 7024 16241
6946 7024 1009 6861
6947 7024 6861 16241
6948 6861 1010 7020
6949 6861 7020 16241
6950 7025 1135 7023
6951 7025 7023 16242
6952 7023 1134 7026
6953 7023 7026 16242
6954 7026 1015 7027
6955 7026 7027 16242
6956 7027 1136 7025
6957 7027 7025 16242
6958 7027 1015 6872
6959 7027 6872 16243
6960 6872 1016 7028
6961 6872 7028 16243
6962 7028 1137 7029
6963 7028 7029 16243
6964 7029 1136 7027
6965 7029 7027 16243
6966 7030 1023 6878
6967 7030 6878 16244
6968 6878 1024 7031
6969 6878 7031 16244
6970 7031 978 6831
6971 7031 6831 16244
6972 6831 979 7030
6973 6831 7030 16244
6974 7032 741 7033
6975 7032 7033 16245
6976 7033 697 7034
6977 7033 7034 16245
6978 7034 1141 7035
6979 7034 7035 16245
6980 7035 1140 7032
6981 7035 7032 16245
6982 7036 698 7037
6983 7036 7037 16246
6984 7037 689 7038
6985 7037 7038 16246
6986 7038 976 6826
6987 7038 6826 16246
6988 6826 977 7036
6989 6826 7036 16246
6990 6873 1019 7039
6991 6873 7039 16247
6992 7039 1107 6997
6993 7039 6997 16247
6994 6997 1106 7040
6995 6997 7040 16247
6996 7040 1020 6873
6997 7040 6873 16247
6998 6864 1006 7041
6999 6864 7041 16248
7000 7041 1109 7001
7001 7041 7001 16248
7002 7001 1108 7042
7003 7001 7042 16248
7004 7042 1013 6864
7005 7042 6864 16248
7006 6855 1007 7043
7007 6855 7043 16249
7008 7043 1082 7004
7009 7043 7004 16249
7010 7004 1109 7041
7011 7004 7041 16249
7012 7041 1006 6855
7013 7041 6855 16249
7014 6858 1008 7044
7015 6858 7044 16250
7016 7044 1083 6951
7017 7044 6951 16250
7018 6951 1082 7043
7019 6951 7043 16250
7020 7043 1007 6858
7021 7043 6858 16250
7022 6940 945 6802
7023 6940 6802 16251
7024 6802 946 7000
7025 6802 7000 16251
7026 7000 1083 7044
7027 7000 7044 16251
7028 7044 1008 6940
7029 7044 6940 16251
7030 7045 1039 6898
7031 7045 6898 16252
7032 6898 1040 7046
7033 6898 7046 16252
7034 7046 1120 7047
7035 7046 7047 16252
7036 7047 1121 7045
7037 7047 7045 16252
7038 7048 1079 6944
7039 7048 6944 16253
7040 6944 1076 7049
7041 6944 7049 16253
7042 7049 1124 7050
7043 7049 7050 16253
7044 7050 1125 7048
7045 7050 7048 16253
7046 7049 1076 6948
7047 7049 6948 16254
7048 6948 1080 7051
7049 6948 7051 16254
7050 7051 1132 7052
7051 7051 7052 16254
7052 7052 1124 7049
7053 7052 7049 16254
7054 6941 948 6806
7055 6941 6806 16255
7056 6806 949 7053
7057 6806 7053 16255
7058 7053 1126 7054
7059 7053 7054 16255
7060 7054 1075 6941
7061 7054 6941 16255
7062 7054 1126 7055
7063 7054 7055 16256
7064 7055 1132 7051
7065 7055 7051 16256
7066 7051 1080 6955
7067 7051 6955 16256
7068 6955 1075 7054
7069 6955 7054 16256
7070 7056 1145 7057
7071 7056 7057 16257
7072 7057 1144 7058
7073 7057 7058 16257
7074 7058 1053 7059
7075 7058 7059 16257
7076 7059 1141 7056
7077 7059 7056 16257
7078 7060 1146 7061
7079 7060 7061 16258
7080 7061 1054 6915
7081 7061 6915 16258
7082 6915 1053 7058
7083 6915 7058 16258
7084 7058 1144 7060
7085 7058 7060 16258
7086 6825 974 7062
7087 6825 7062 16259
7088 7062 1149 7063
7089 7062 7063 16259
7090 7063 1148 7064
7091 7063 7064 16259
7092 7064 977 6825
7093 7064 6825 16259
7094 7065 1154 7066
7095 7065 7066 16260
7096 7066 1153 7067
7097 7066 7067 16260
7098 7067 1026 7068
7099 7067 7068 16260
7100 7068 1152 7065
7101 7068 7065 16260
7102 7069 1025 7070
7103 7069 7070 16261
7104 7070 1026 7067
7105 7070 7067 16261
7106 7067 1153 7071
7107 7067 7071 16261
7108 7071 1155 7069
7109 7071 7069 16261
7110 7069 1155 7072
7111 7069 7072 16262
7112 7072 1156 7073
7113 7072 7073 16262
7114 7073 1061 6924
7115 7073 6924 16262
7116 6924 1025 7069
7117 6924 7069 16262
7118 7074 1060 6922
7119 7074 6922 16263
7120 6922 1061 7073
7121 6922 7073 16263
7122 7073 1156 7075
7123 7073 7075 16263
7124 7075 1157 7074
7125 7075 7074 16263
7126 7076 1158 7077
7127 7076 7077 16264
7128 7077 1096 6976
7129 7077 6976 16264
7130 6976 1064 7078
7131 6976 7078 16264
7132 7078 1876 7076
7133 7078 7076 16264
7134 6917 1876 7078
7135 6917 7078 16265
7136 7078 1064 6926
7137 7078 6926 16265
7138 6926 1063 7079
7139 6926 7079 16265
7140 7079 1875 6917
7141 7079 6917 16265
7142 7080 741 7032
7143 7080 7032 16266
7144 7032 1140 7081
7145 7032 7081 16266
7146 7081 1159 7082
7147 7081 7082 16266
7148 7082 699 7080
7149 7082 7080 16266
7150 6933 1065 7083
7151 6933 7083 16267
7152 7083 1163 7084
7153 7083 7084 16267
7154 7084 1164 7085
7155 7084 7085 16267
7156 7085 1066 6933
7157 7085 6933 16267
7158 6836 988 7086
7159 6836 7086 16268
7160 7086 980 6835
7161 7086 6835 16268
7162 6835 981 7087
7163 6835 7087 16268
7164 7087 991 6836
7165 7087 6836 16268
7166 6823 972 7088
7167 6823 7088 16269
7168 7088 1016 6871
7169 7088 6871 16269
7170 6871 2078 7089
7171 6871 7089 16269
7172 7089 2079 6823
7173 7089 6823 16269
7174 7028 1016 7088
7175 7028 7088 16270
7176 7088 972 7090
7177 7088 7090 16270
7178 7090 1165 7091
7179 7090 7091 16270
7180 7091 1137 7028
7181 7091 7028 16270
7182 7066 1154 7092
7183 7066 7092 16271
7184 7092 1022 6879
7185 7092 6879 16271
7186 6879 1023 7093
7187 6879 7093 16271
7188 7093 1153 7066
7189 7093 7066 16271
7190 7071 1153 7093
7191 7071 7093 16272
7192 7093 1023 7030
7193 7093 7030 16272
7194 7030 979 7094
7195 7030 7094 16272
7196 7094 1155 7071
7197 7094 7071 16272
7198 7072 1155 7094
7199 7072 7094 16273
7200 7094 979 6830
7201 7094 6830 16273
7202 6830 975 7095
7203 6830 7095 16273
7204 7095 1156 7072
7205 7095 7072 16273
7206 7075 1156 7095
7207 7075 7095 16274
7208 7095 975 6827
7209 7095 6827 16274
7210 6827 976 7096
7211 6827 7096 16274
7212 7096 1157 7075
7213 7096 7075 16274
7214 7097 1160 7098
7215 7097 7098 16275
7216 7098 1111 7099
7217 7098 7099 16275
7218 7099 1112 7100
7219 7099 7100 16275
7220 7100 1161 7097
7221 7100 7097 16275
7222 7101 1169 7102
7223 7101 7102 16276
7224 7102 1168 7103
7225 7102 7103 16276
7226 7103 1166 7104
7227 7103 7104 16276
7228 7104 1167 7101
7229 7104 7101 16276
7230 7105 1171 7106
7231 7105 7106 16277
7232 7106 1965 7107
7233 7106 7107 16277
7234 7107 1966 7108
7235 7107 7108 16277
7236 7108 1170 7105
7237 7108 7105 16277
7238 7109 1969 7110
7239 7109 7110 16278
7240 7110 1174 7111
7241 7110 7111 16278
7242 7111 1173 7112
7243 7111 7112 16278
7244 7112 1968 7109
7245 7112 7109 16278
7246 7113 1172 7114
7247 7113 7114 16279
7248 7114 1178 7115
7249 7114 7115 16279
7250 7115 1177 7116
7251 7115 7116 16279
7252 7116 1176 7113
7253 7116 7113 16279
7254 7116 1177 7117
7255 7116 7117 16280
7256 7117 1128 7014
7257 7117 7014 16280
7258 7014 1129 7118
7259 7014 7118 16280
7260 7118 1176 7116
7261 7118 7116 16280
7262 7101 1167 7119
7263 7101 7119 16281
7264 7119 1177 7115
7265 7119 7115 16281
7266 7115 1178 7120
7267 7115 7120 16281
7268 7120 1169 7101
7269 7120 7101 16281
7270 7108 1966 7121
7271 7108 7121 16282
7272 7121 1967 7122
7273 7121 7122 16282
7274 7122 1183 7123
7275 7122 7123 16282
7276 7123 1170 7108
7277 7123 7108 16282
7278 7122 1967 7124
7279 7122 7124 16283
7280 7124 1968 7112
7281 7124 7112 16283
7282 7112 1173 7125
7283 7112 7125 16283
7284 7125 1183 7122
7285 7125 7122 16283
7286 6892 1037 7126
7287 6892 7126 16284
7288 7126 1043 6899
7289 7126 6899 16284
7290 6899 958 6807
7291 6899 6807 16284
7292 6807 959 6892
7293 6807 6892 16284
7294 6961 1086 7127
7295 6961 7127 16285
7296 7127 1094 6972
7297 7127 6972 16285
7298 6972 1043 7126
7299 6972 7126 16285
7300 7126 1037 6961
7301 7126 6961 16285
7302 6893 960 6812
7303 6893 6812 16286
7304 6812 967 7128
7305 6812 7128 16286
7306 7128 1184 7129
7307 7128 7129 16286
7308 7129 1038 6893
7309 7129 6893 16286
7310 6959 1038 7129
7311 6959 7129 16287
7312 7129 1184 7130
7313 7129 7130 16287
7314 7130 1185 7131
7315 7130 7131 16287
7316 7131 1087 6959
7317 7131 6959 16287
7318 7128 967 6815
7319 7128 6815 16288
7320 6815 961 6820
7321 6815 6820 16288
7322 6820 968 7132
7323 6820 7132 16288
7324 7132 1184 7128
7325 7132 7128 16288
7326 7130 1184 7132
7327 7130 7132 16289
7328 7132 968 6958
7329 7132 6958 16289
7330 6958 1084 7133
7331 6958 7133 16289
7332 7133 1185 7130
7333 7133 7130 16289
7334 7134 1189 7135
7335 7134 7135 16290
7336 7135 1188 7136
7337 7135 7136 16290
7338 7136 1187 7137
7339 7136 7137 16290
7340 7137 1186 7134
7341 7137 7134 16290
7342 7138 1196 7139
7343 7138 7139 16291
7344 7139 1195 7140
7345 7139 7140 16291
7346 7140 1194 7141
7347 7140 7141 16291
7348 7141 1193 7138
7349 7141 7138 16291
7350 7141 1194 7142
7351 7141 7142 16292
7352 7142 1198 7143
7353 7142 7143 16292
7354 7143 1197 7144
7355 7143 7144 16292
7356 7144 1193 7141
7357 7144 7141 16292
7358 7145 1190 7146
7359 7145 7146 16293
7360 7146 1191 7147
7361 7146 7147 16293
7362 7147 1195 7139
7363 7147 7139 16293
7364 7139 1196 7145
7365 7139 7145 16293
7366 7143 1198 7148
7367 7143 7148 16294
7368 7148 1200 7149
7369 7148 7149 16294
7370 7149 1199 7150
7371 7149 7150 16294
7372 7150 1197 7143
7373 7150 7143 16294
7374 7149 1200 7151
7375 7149 7151 16295
7376 7151 1189 7134
7377 7151 7134 16295
7378 7134 1186 7152
7379 7134 7152 16295
7380 7152 1199 7149
7381 7152 7149 16295
7382 7153 1187 7136
7383 7153 7136 16296
7384 7136 1188 7154
7385 7136 7154 16296
7386 7154 1202 7155
7387 7154 7155 16296
7388 7155 1201 7153
7389 7155 7153 16296
7390 7156 1201 7155
7391 7156 7155 16297
7392 7155 1202 7157
7393 7155 7157 16297
7394 7157 1204 7158
7395 7157 7158 16297
7396 7158 1203 7156
7397 7158 7156 16297
7398 7159 1208 7160
7399 7159 7160 16298
7400 7160 1207 7161
7401 7160 7161 16298
7402 7161 1206 7162
7403 7161 7162 16298
7404 7162 1205 7159
7405 7162 7159 16298
7406 7163 1214 7164
7407 7163 7164 16299
7408 7164 1213 7165
7409 7164 7165 16299
7410 7165 1212 7166
7411 7165 7166 16299
7412 7166 1211 7163
7413 7166 7163 16299
7414 7167 1218 7168
7415 7167 7168 16300
7416 7168 1217 7169
7417 7168 7169 16300
7418 7169 1216 7170
7419 7169 7170 16300
7420 7170 1215 7167
7421 7170 7167 16300
7422 7171 1203 7158
7423 7171 7158 16301
7424 7158 1204 7172
7425 7158 7172 16301
7426 7172 1220 7173
7427 7172 7173 16301
7428 7173 1219 7171
7429 7173 7171 16301
7430 7174 1224 7175
7431 7174 7175 16302
7432 7175 1213 7164
7433 7175 7164 16302
7434 7164 1214 7176
7435 7164 7176 16302
7436 7176 1223 7174
7437 7176 7174 16302
7438 7169 1217 7177
7439 7169 7177 16303
7440 7177 1224 7174
7441 7177 7174 16303
7442 7174 1223 7178
7443 7174 7178 16303
7444 7178 1216 7169
7445 7178 7169 16303
7446 7179 1219 7173
7447 7179 7173 16304
7448 7173 1220 7180
7449 7173 7180 16304
7450 7180 1208 7159
7451 7180 7159 16304
7452 7159 1205 7179
7453 7159 7179 16304
7454 7181 2105 7182
7455 7181 7182 16305
7456 7182 1229 7183
7457 7182 7183 16305
7458 7183 1228 7184
7459 7183 7184 16305
7460 7184 2104 7181
7461 7184 7181 16305
7462 7185 2091 7186
7463 7185 7186 16306
7464 7186 1241 7187
7465 7186 7187 16306
7466 7187 1240 7188
7467 7187 7188 16306
7468 7188 2090 7185
7469 7188 7185 16306
7470 7189 2102 7190
7471 7189 7190 16307
7472 7190 1243 7191
7473 7190 7191 16307
7474 7191 1244 7192
7475 7191 7192 16307
7476 7192 2101 7189
7477 7192 7189 16307
7478 7193 2107 7194
7479 7193 7194 16308
7480 7194 1237 7195
7481 7194 7195 16308
7482 7195 1245 7196
7483 7195 7196 16308
7484 7196 2106 7193
7485 7196 7193 16308
7486 7197 2109 7198
7487 7197 7198 16309
7488 7198 1233 7199
7489 7198 7199 16309
7490 7199 1234 7200
7491 7199 7200 16309
7492 7200 2108 7197
7493 7200 7197 16309
7494 7201 2096 7202
7495 7201 7202 16310
7496 7202 1247 7203
7497 7202 7203 16310
7498 7203 1246 7204
7499 7203 7204 16310
7500 7204 2095 7201
7501 7204 7201 16310
7502 7205 2111 7206
7503 7205 7206 16311
7504 7206 1231 7207
7505 7206 7207 16311
7506 7207 1242 7208
7507 7207 7208 16311
7508 7208 2110 7205
7509 7208 7205 16311
7510 7209 2110 7208
7511 7209 7208 16312
7512 7208 1242 7210
7513 7208 7210 16312
7514 7210 1233 7198
7515 7210 7198 16312
7516 7198 2109 7209
7517 7198 7209 16312
7518 7211 2112 7212
7519 7211 7212 16313
7520 7212 1226 7213
7521 7212 7213 16313
7522 7213 1231 7206
7523 7213 7206 16313
7524 7206 2111 7211
7525 7206 7211 16313
7526 7214 2093 7215
7527 7214 7215 16314
7528 7215 1249 7216
7529 7215 7216 16314
7530 7216 1248 7217
7531 7216 7217 16314
7532 7217 2092 7214
7533 7217 7214 16314
7534 7218 2108 7200
7535 7218 7200 16315
7536 7200 1234 7219
7537 7200 7219 16315
7538 7219 1237 7194
7539 7219 7194 16315
7540 7194 2107 7218
7541 7194 7218 16315
7542 7220 2106 7196
7543 7220 7196 16316
7544 7196 1245 7221
7545 7196 7221 16316
7546 7221 1229 7182
7547 7221 7182 16316
7548 7182 2105 7220
7549 7182 7220 16316
7550 7222 2104 7184
7551 7222 7184 16317
7552 7184 1228 7223
7553 7184 7223 16317
7554 7223 1230 7224
7555 7223 7224 16317
7556 7224 2103 7222
7557 7224 7222 16317
7558 7225 2095 7204
7559 7225 7204 16318
7560 7204 1246 7226
7561 7204 7226 16318
7562 7226 1250 7227
7563 7226 7227 16318
7564 7227 2094 7225
7565 7227 7225 16318
7566 7228 2094 7227
7567 7228 7227 16319
7568 7227 1250 7229
7569 7227 7229 16319
7570 7229 1249 7215
7571 7229 7215 16319
7572 7215 2093 7228
7573 7215 7228 16319
7574 7230 1254 7231
7575 7230 7231 16320
7576 7231 1253 7232
7577 7231 7232 16320
7578 7232 1228 7183
7579 7232 7183 16320
7580 7183 1229 7230
7581 7183 7230 16320
7582 7233 1240 7187
7583 7233 7187 16321
7584 7187 1241 7234
7585 7187 7234 16321
7586 7234 1256 7235
7587 7234 7235 16321
7588 7235 1255 7233
7589 7235 7233 16321
7590 7232 1253 7236
7591 7232 7236 16322
7592 7236 1258 7237
7593 7236 7237 16322
7594 7237 1230 7223
7595 7237 7223 16322
7596 7223 1228 7232
7597 7223 7232 16322
7598 7238 1260 7239
7599 7238 7239 16323
7600 7239 1234 7199
7601 7239 7199 16323
7602 7199 1233 7240
7603 7199 7240 16323
7604 7240 1259 7238
7605 7240 7238 16323
7606 7241 1261 7242
7607 7241 7242 16324
7608 7242 1254 7230
7609 7242 7230 16324
7610 7230 1229 7221
7611 7230 7221 16324
7612 7221 1245 7241
7613 7221 7241 16324
7614 7243 1263 7244
7615 7243 7244 16325
7616 7244 1262 7245
7617 7244 7245 16325
7618 7245 1246 7203
7619 7245 7203 16325
7620 7203 1247 7243
7621 7203 7243 16325
7622 7246 1266 7247
7623 7246 7247 16326
7624 7247 1265 7248
7625 7247 7248 16326
7626 7248 1248 7216
7627 7248 7216 16326
7628 7216 1249 7246
7629 7216 7246 16326
7630 7249 1261 7241
7631 7249 7241 16327
7632 7241 1245 7195
7633 7241 7195 16327
7634 7195 1237 7250
7635 7195 7250 16327
7636 7250 1267 7249
7637 7250 7249 16327
7638 7251 1267 7250
7639 7251 7250 16328
7640 7250 1237 7219
7641 7250 7219 16328
7642 7219 1234 7239
7643 7219 7239 16328
7644 7239 1260 7251
7645 7239 7251 16328
7646 7252 1259 7240
7647 7252 7240 16329
7648 7240 1233 7210
7649 7240 7210 16329
7650 7210 1242 7253
7651 7210 7253 16329
7652 7253 1268 7252
7653 7253 7252 16329
7654 7254 1269 7255
7655 7254 7255 16330
7656 7255 1266 7246
7657 7255 7246 16330
7658 7246 1249 7229
7659 7246 7229 16330
7660 7229 1250 7254
7661 7229 7254 16330
7662 7245 1262 7256
7663 7245 7256 16331
7664 7256 1269 7254
7665 7256 7254 16331
7666 7254 1250 7226
7667 7254 7226 16331
7668 7226 1246 7245
7669 7226 7245 16331
7670 7190 2102 7257
7671 7190 7257 16332
7672 7257 2103 7224
7673 7257 7224 16332
7674 7224 1230 7258
7675 7224 7258 16332
7676 7258 1243 7190
7677 7258 7190 16332
7678 7259 700 7260
7679 7259 7260 16333
7680 7260 685 7261
7681 7260 7261 16333
7682 7261 1049 6911
7683 7261 6911 16333
7684 6911 1050 7259
7685 6911 7259 16333
7686 7262 692 7263
7687 7262 7263 16334
7688 7263 699 7082
7689 7263 7082 16334
7690 7082 1159 7264
7691 7082 7264 16334
7692 7264 1271 7262
7693 7264 7262 16334
7694 7265 1272 7266
7695 7265 7266 16335
7696 7266 694 7267
7697 7266 7267 16335
7698 7267 701 7268
7699 7267 7268 16335
7700 7268 1148 7265
7701 7268 7265 16335
7702 7261 685 7269
7703 7261 7269 16336
7704 7269 692 7262
7705 7269 7262 16336
7706 7262 1271 7270
7707 7262 7270 16336
7708 7270 1049 7261
7709 7270 7261 16336
7710 7271 983 6919
7711 7271 6919 16337
7712 6919 1060 7272
7713 6919 7272 16337
7714 7272 687 7273
7715 7272 7273 16337
7716 7273 702 7271
7717 7273 7271 16337
7718 7259 1050 6930
7719 7259 6930 16338
7720 6930 964 6799
7721 6930 6799 16338
7722 6799 680 7274
7723 6799 7274 16338
7724 7274 700 7259
7725 7274 7259 16338
7726 7275 703 7276
7727 7275 7276 16339
7728 7276 694 7266
7729 7276 7266 16339
7730 7266 1272 7277
7731 7266 7277 16339
7732 7277 1273 7275
7733 7277 7275 16339
7734 7278 691 7279
7735 7278 7279 16340
7736 7279 703 7275
7737 7279 7275 16340
7738 7275 1273 7280
7739 7275 7280 16340
7740 7280 1032 7278
7741 7280 7278 16340
7742 7281 982 6833
7743 7281 6833 16341
7744 6833 983 7271
7745 6833 7271 16341
7746 7271 702 7282
7747 7271 7282 16341
7748 7282 688 7281
7749 7282 7281 16341
7750 7283 1145 7056
7751 7283 7056 16342
7752 7056 1141 7034
7753 7056 7034 16342
7754 7034 697 7284
7755 7034 7284 16342
7756 7284 684 7283
7757 7284 7283 16342
7758 7064 1148 7268
7759 7064 7268 16343
7760 7268 701 7285
7761 7268 7285 16343
7762 7285 698 7036
7763 7285 7036 16343
7764 7036 977 7064
7765 7036 7064 16343
7766 7272 1060 7074
7767 7272 7074 16344
7768 7074 1157 7286
7769 7074 7286 16344
7770 7286 690 7287
7771 7286 7287 16344
7772 7287 687 7272
7773 7287 7272 16344
7774 7283 684 7288
7775 7283 7288 16345
7776 7288 704 7289
7777 7288 7289 16345
7778 7289 1274 7290
7779 7289 7290 16345
7780 7290 1145 7283
7781 7290 7283 16345
7782 7038 689 7291
7783 7038 7291 16346
7784 7291 690 7286
7785 7291 7286 16346
7786 7286 1157 7096
7787 7286 7096 16346
7788 7096 976 7038
7789 7096 7038 16346
7790 7292 1275 7293
7791 7292 7293 16347
7792 7293 973 6991
7793 7293 6991 16347
7794 6991 693 7294
7795 6991 7294 16347
7796 7294 696 7292
7797 7294 7292 16347
7798 7295 1278 7296
7799 7295 7296 16348
7800 7296 1021 7297
7801 7296 7297 16348
7802 7297 1277 7298
7803 7297 7298 16348
7804 7298 1276 7295
7805 7298 7295 16348
7806 7299 1278 7295
7807 7299 7295 16349
7808 7295 1276 7300
7809 7295 7300 16349
7810 7300 1056 7301
7811 7300 7301 16349
7812 7301 1282 7299
7813 7301 7299 16349
7814 7302 1277 7297
7815 7302 7297 16350
7816 7297 1021 6880
7817 7297 6880 16350
7818 6880 1022 7092
7819 6880 7092 16350
7820 7092 1154 7302
7821 7092 7302 16350
7822 6909 1049 7270
7823 6909 7270 16351
7824 7270 1271 7303
7825 7270 7303 16351
7826 7303 1051 6914
7827 7303 6914 16351
7828 6914 1047 6909
7829 6914 6909 16351
7830 7304 1140 7035
7831 7304 7035 16352
7832 7035 1141 7059
7833 7035 7059 16352
7834 7059 1053 6918
7835 7059 6918 16352
7836 6918 1875 7304
7837 6918 7304 16352
7838 7303 1271 7264
7839 7303 7264 16353
7840 7264 1159 7305
7841 7264 7305 16353
7842 7305 1063 6928
7843 7305 6928 16353
7844 6928 1051 7303
7845 6928 7303 16353
7846 7304 1875 7079
7847 7304 7079 16354
7848 7079 1063 7305
7849 7079 7305 16354
7850 7305 1159 7081
7851 7305 7081 16354
7852 7081 1140 7304
7853 7081 7304 16354
7854 7306 1283 7307
7855 7306 7307 16355
7856 7307 988 6936
7857 7307 6936 16355
7858 6936 1066 7085
7859 6936 7085 16355
7860 7085 1164 7306
7861 7085 7306 16355
7862 7308 1287 7309
7863 7308 7309 16356
7864 7309 980 7086
7865 7309 7086 16356
7866 7086 988 7307
7867 7086 7307 16356
7868 7307 1283 7308
7869 7307 7308 16356
7870 7310 1062 6920
7871 7310 6920 16357
7872 6920 983 6832
7873 6920 6832 16357
7874 6832 980 7309
7875 6832 7309 16357
7876 7309 1287 7310
7877 7309 7310 16357
7878 7310 1287 7311
7879 7310 7311 16358
7880 7311 1288 7312
7881 7311 7312 16358
7882 7312 1028 6925
7883 7312 6925 16358
7884 6925 1062 7310
7885 6925 7310 16358
7886 7313 1288 7311
7887 7313 7311 16359
7888 7311 1287 7308
7889 7311 7308 16359
7890 7308 1283 7314
7891 7308 7314 16359
7892 7314 1285 7313
7893 7314 7313 16359
7894 7293 1275 7315
7895 7293 7315 16360
7896 7315 1165 7090
7897 7315 7090 16360
7898 7090 972 6822
7899 7090 6822 16360
7900 6822 973 7293
7901 6822 7293 16360
7902 6425 48 5204
7903 6425 5204 16361
7904 5204 73 7316
7905 5204 7316 16361
7906 7316 758 6433
7907 7316 6433 16361
7908 6433 752 6425
7909 6433 6425 16361
7910 7317 1303 7318
7911 7317 7318 16362
7912 7318 1068 7319
7913 7318 7319 16362
7914 7319 994 6841
7915 7319 6841 16362
7916 6841 995 7317
7917 6841 7317 16362
7918 7320 2055 6884
7919 7320 6884 16363
7920 6884 1030 7321
7921 6884 7321 16363
7922 7321 1304 7322
7923 7321 7322 16363
7924 7322 2054 7320
7925 7322 7320 16363
7926 7323 1068 7318
7927 7323 7318 16364
7928 7318 1303 7324
7929 7318 7324 16364
7930 7324 1305 7325
7931 7324 7325 16364
7932 7325 1069 7323
7933 7325 7323 16364
7934 7326 2054 7322
7935 7326 7322 16365
7936 7322 1304 7327
7937 7322 7327 16365
7938 7327 1307 7328
7939 7327 7328 16365
7940 7328 2053 7326
7941 7328 7326 16365
7942 7329 1309 7330
7943 7329 7330 16366
7944 7330 1308 7331
7945 7330 7331 16366
7946 7331 1273 7277
7947 7331 7277 16366
7948 7277 1272 7329
7949 7277 7329 16366
7950 7329 1272 7265
7951 7329 7265 16367
7952 7265 1148 7063
7953 7265 7063 16367
7954 7063 1149 7332
7955 7063 7332 16367
7956 7332 1309 7329
7957 7332 7329 16367
7958 7333 1311 7334
7959 7333 7334 16368
7960 7334 1310 7335
7961 7334 7335 16368
7962 7335 1139 7336
7963 7335 7336 16368
7964 7336 1073 7333
7965 7336 7333 16368
7966 7337 1057 7338
7967 7337 7338 16369
7968 7338 1139 7335
7969 7338 7335 16369
7970 7335 1310 7339
7971 7335 7339 16369
7972 7339 1312 7337
7973 7339 7337 16369
7974 7301 1056 7340
7975 7301 7340 16370
7976 7340 1057 7337
7977 7340 7337 16370
7978 7337 1312 7341
7979 7337 7341 16370
7980 7341 1282 7301
7981 7341 7301 16370
7982 7342 1314 7343
7983 7342 7343 16371
7984 7343 1031 6887
7985 7343 6887 16371
7986 6887 2045 7344
7987 6887 7344 16371
7988 7344 2046 7342
7989 7344 7342 16371
7990 7345 1313 7346
7991 7345 7346 16372
7992 7346 1032 7280
7993 7346 7280 16372
7994 7280 1273 7331
7995 7280 7331 16372
7996 7331 1308 7345
7997 7331 7345 16372
7998 7347 1326 7348
7999 7347 7348 16373
8000 7348 1309 7332
8001 7348 7332 16373
8002 7332 1149 7349
8003 7332 7349 16373
8004 7349 1315 7347
8005 7349 7347 16373
8006 7349 1149 7062
8007 7349 7062 16374
8008 7062 974 6829
8009 7062 6829 16374
8010 6829 978 7350
8011 6829 7350 16374
8012 7350 1315 7349
8013 7350 7349 16374
8014 7351 1315 7350
8015 7351 7350 16375
8016 7350 978 7031
8017 7350 7031 16375
8018 7031 1024 7352
8019 7031 7352 16375
8020 7352 1316 7351
8021 7352 7351 16375
8022 6877 1021 7296
8023 6877 7296 16376
8024 7296 1278 7353
8025 7296 7353 16376
8026 7353 1316 7352
8027 7353 7352 16376
8028 7352 1024 6877
8029 7352 6877 16376
8030 7354 996 7355
8031 7354 7355 16377
8032 7355 1317 7356
8033 7355 7356 16377
8034 7356 1311 7333
8035 7356 7333 16377
8036 7333 1073 7354
8037 7333 7354 16377
8038 7357 997 7358
8039 7357 7358 16378
8040 7358 1318 7359
8041 7358 7359 16378
8042 7359 1317 7355
8043 7359 7355 16378
8044 7355 996 7357
8045 7355 7357 16378
8046 7360 1322 7361
8047 7360 7361 16379
8048 7361 1321 7362
8049 7361 7362 16379
8050 7362 1320 7363
8051 7362 7363 16379
8052 7363 1319 7360
8053 7363 7360 16379
8054 7364 1324 7365
8055 7364 7365 16380
8056 7365 1314 7342
8057 7365 7342 16380
8058 7342 2046 7366
8059 7342 7366 16380
8060 7366 2047 7364
8061 7366 7364 16380
8062 7367 1323 7368
8063 7367 7368 16381
8064 7368 1313 7345
8065 7368 7345 16381
8066 7345 1308 7369
8067 7345 7369 16381
8068 7369 1325 7367
8069 7369 7367 16381
8070 7370 1325 7369
8071 7370 7369 16382
8072 7369 1308 7330
8073 7369 7330 16382
8074 7330 1309 7348
8075 7330 7348 16382
8076 7348 1326 7370
8077 7348 7370 16382
8078 7339 1310 7371
8079 7339 7371 16383
8080 7371 1315 7351
8081 7371 7351 16383
8082 7351 1316 7372
8083 7351 7372 16383
8084 7372 1312 7339
8085 7372 7339 16383
8086 7341 1312 7372
8087 7341 7372 16384
8088 7372 1316 7353
8089 7372 7353 16384
8090 7353 1278 7299
8091 7353 7299 16384
8092 7299 1282 7341
8093 7299 7341 16384
8094 7373 1299 7374
8095 7373 7374 16385
8096 7374 1327 7375
8097 7374 7375 16385
8098 7375 2048 7376
8099 7375 7376 16385
8100 7376 2049 7373
8101 7376 7373 16385
8102 7377 1319 7363
8103 7377 7363 16386
8104 7363 1320 7378
8105 7363 7378 16386
8106 7378 1327 7374
8107 7378 7374 16386
8108 7374 1299 7377
8109 7374 7377 16386
8110 7347 1315 7371
8111 7347 7371 16387
8112 7371 1310 7334
8113 7371 7334 16387
8114 7334 1311 7379
8115 7334 7379 16387
8116 7379 1326 7347
8117 7379 7347 16387
8118 7370 1326 7379
8119 7370 7379 16388
8120 7379 1311 7356
8121 7379 7356 16388
8122 7356 1317 7380
8123 7356 7380 16388
8124 7380 1325 7370
8125 7380 7370 16388
8126 7367 1325 7380
8127 7367 7380 16389
8128 7380 1317 7359
8129 7380 7359 16389
8130 7359 1318 7381
8131 7359 7381 16389
8132 7381 1323 7367
8133 7381 7367 16389
8134 7364 2047 7382
8135 7364 7382 16390
8136 7382 2048 7375
8137 7382 7375 16390
8138 7375 1327 7383
8139 7375 7383 16390
8140 7383 1324 7364
8141 7383 7364 16390
8142 6999 1042 7384
8143 6999 7384 16391
8144 7384 1335 7385
8145 7384 7385 16391
8146 7385 1334 7386
8147 7385 7386 16391
8148 7386 1106 6999
8149 7386 6999 16391
8150 7387 1116 7010
8151 7387 7010 16392
8152 7010 1117 7388
8153 7010 7388 16392
8154 7388 1337 7389
8155 7388 7389 16392
8156 7389 1336 7387
8157 7389 7387 16392
8158 7390 1339 7391
8159 7390 7391 16393
8160 7391 1962 7392
8161 7391 7392 16393
8162 7392 1963 7006
8163 7392 7006 16393
8164 7006 1113 7390
8165 7006 7390 16393
8166 7393 1343 7394
8167 7393 7394 16394
8168 7394 1342 7395
8169 7394 7395 16394
8170 7395 1341 7396
8171 7395 7396 16394
8172 7396 1340 7393
8173 7396 7393 16394
8174 6895 1039 7397
8175 6895 7397 16395
8176 7397 1344 7398
8177 7397 7398 16395
8178 7398 1335 7384
8179 7398 7384 16395
8180 7384 1042 6895
8181 7384 6895 16395
8182 7399 1340 7396
8183 7399 7396 16396
8184 7396 1341 7400
8185 7396 7400 16396
8186 7400 1330 7401
8187 7400 7401 16396
8188 7401 1331 7399
8189 7401 7399 16396
8190 7045 1121 7402
8191 7045 7402 16397
8192 7402 1332 7403
8193 7402 7403 16397
8194 7403 1344 7397
8195 7403 7397 16397
8196 7397 1039 7045
8197 7397 7045 16397
8198 7404 1338 7405
8199 7404 7405 16398
8200 7405 1348 7406
8201 7405 7406 16398
8202 7406 1161 7100
8203 7406 7100 16398
8204 7100 1112 7404
8205 7100 7404 16398
8206 7407 2090 7188
8207 7407 7188 16399
8208 7188 1240 7408
8209 7188 7408 16399
8210 7408 1352 7409
8211 7408 7409 16399
8212 7409 2089 7407
8213 7409 7407 16399
8214 7410 1295 7411
8215 7410 7411 16400
8216 7411 1352 7408
8217 7411 7408 16400
8218 7408 1240 7233
8219 7408 7233 16400
8220 7233 1255 7410
8221 7233 7410 16400
8222 7412 1352 7411
8223 7412 7411 16401
8224 7411 1295 7413
8225 7411 7413 16401
8226 7413 1354 7414
8227 7413 7414 16401
8228 7414 1353 7412
8229 7414 7412 16401
8230 7409 1352 7412
8231 7409 7412 16402
8232 7412 1353 7415
8233 7412 7415 16402
8234 7415 2088 7416
8235 7415 7416 16402
8236 7416 2089 7409
8237 7416 7409 16402
8238 7417 1360 7418
8239 7417 7418 16403
8240 7418 1330 7400
8241 7418 7400 16403
8242 7400 1341 7419
8243 7400 7419 16403
8244 7419 1361 7417
8245 7419 7417 16403
8246 7420 1361 7419
8247 7420 7419 16404
8248 7419 1341 7395
8249 7419 7395 16404
8250 7395 1342 7421
8251 7395 7421 16404
8252 7421 1362 7420
8253 7421 7420 16404
8254 7422 1304 7321
8255 7422 7321 16405
8256 7321 1030 6883
8257 7321 6883 16405
8258 6883 1029 7423
8259 6883 7423 16405
8260 7423 1363 7422
8261 7423 7422 16405
8262 7424 1307 7327
8263 7424 7327 16406
8264 7327 1304 7422
8265 7327 7422 16406
8266 7422 1363 7425
8267 7422 7425 16406
8268 7425 1306 7424
8269 7425 7424 16406
8270 7420 1362 7426
8271 7420 7426 16407
8272 7426 1335 7398
8273 7426 7398 16407
8274 7398 1344 7427
8275 7398 7427 16407
8276 7427 1361 7420
8277 7427 7420 16407
8278 7417 1361 7427
8279 7417 7427 16408
8280 7427 1344 7403
8281 7427 7403 16408
8282 7403 1332 7428
8283 7403 7428 16408
8284 7428 1360 7417
8285 7428 7417 16408
8286 7429 1358 7430
8287 7429 7430 16409
8288 7430 1348 7405
8289 7430 7405 16409
8290 7405 1338 7431
8291 7405 7431 16409
8292 7431 1364 7429
8293 7431 7429 16409
8294 7432 1961 7433
8295 7432 7433 16410
8296 7433 1962 7391
8297 7433 7391 16410
8298 7391 1339 7434
8299 7391 7434 16410
8300 7434 1365 7432
8301 7434 7432 16410
8302 7435 1366 7436
8303 7435 7436 16411
8304 7436 1336 7389
8305 7436 7389 16411
8306 7389 1337 7437
8307 7389 7437 16411
8308 7437 1351 7435
8309 7437 7435 16411
8310 7438 1368 7439
8311 7438 7439 16412
8312 7439 682 7440
8313 7439 7440 16412
8314 7440 681 7441
8315 7440 7441 16412
8316 7441 1367 7438
8317 7441 7438 16412
8318 7442 1369 7443
8319 7442 7443 16413
8320 7443 686 7444
8321 7443 7444 16413
8322 7444 683 6888
8323 7444 6888 16413
8324 6888 1031 7442
8325 6888 7442 16413
8326 7445 695 7446
8327 7445 7446 16414
8328 7446 1370 7447
8329 7446 7447 16414
8330 7447 1367 7441
8331 7447 7441 16414
8332 7441 681 7445
8333 7441 7445 16414
8334 7448 1370 7446
8335 7448 7446 16415
8336 7446 695 7449
8337 7446 7449 16415
8338 7449 686 7443
8339 7449 7443 16415
8340 7443 1369 7448
8341 7443 7448 16415
8342 7450 682 7439
8343 7450 7439 16416
8344 7439 1368 7451
8345 7439 7451 16416
8346 7451 1274 7289
8347 7451 7289 16416
8348 7289 704 7450
8349 7289 7450 16416
8350 7452 1372 7453
8351 7452 7453 16417
8352 7453 1370 7448
8353 7453 7448 16417
8354 7448 1369 7454
8355 7448 7454 16417
8356 7454 1371 7452
8357 7454 7452 16417
8358 7442 1031 7343
8359 7442 7343 16418
8360 7343 1314 7455
8361 7343 7455 16418
8362 7455 1371 7454
8363 7455 7454 16418
8364 7454 1369 7442
8365 7454 7442 16418
8366 7456 1374 7457
8367 7456 7457 16419
8368 7457 1373 7458
8369 7457 7458 16419
8370 7458 1372 7452
8371 7458 7452 16419
8372 7452 1371 7456
8373 7452 7456 16419
8374 7459 1374 7456
8375 7459 7456 16420
8376 7456 1371 7455
8377 7456 7455 16420
8378 7455 1314 7365
8379 7455 7365 16420
8380 7365 1324 7459
8381 7365 7459 16420
8382 7459 1324 7383
8383 7459 7383 16421
8384 7383 1327 7378
8385 7383 7378 16421
8386 7378 1320 7460
8387 7378 7460 16421
8388 7460 1374 7459
8389 7460 7459 16421
8390 7457 1374 7460
8391 7457 7460 16422
8392 7460 1320 7362
8393 7460 7362 16422
8394 7362 1321 7461
8395 7362 7461 16422
8396 7461 1373 7457
8397 7461 7457 16422
8398 7462 1343 7463
8399 7462 7463 16423
8400 7463 1378 7464
8401 7463 7464 16423
8402 7464 1321 7361
8403 7464 7361 16423
8404 7361 1322 7462
8405 7361 7462 16423
8406 7465 1382 7466
8407 7465 7466 16424
8408 7466 1367 7447
8409 7466 7447 16424
8410 7447 1370 7453
8411 7447 7453 16424
8412 7453 1372 7465
8413 7453 7465 16424
8414 7393 1340 7467
8415 7393 7467 16425
8416 7467 1383 7468
8417 7467 7468 16425
8418 7468 1378 7463
8419 7468 7463 16425
8420 7463 1343 7393
8421 7463 7393 16425
8422 7399 1331 7469
8423 7399 7469 16426
8424 7469 1377 7470
8425 7469 7470 16426
8426 7470 1383 7467
8427 7470 7467 16426
8428 7467 1340 7399
8429 7467 7399 16426
8430 7471 1373 7461
8431 7471 7461 16427
8432 7461 1321 7464
8433 7461 7464 16427
8434 7464 1378 7472
8435 7464 7472 16427
8436 7472 1384 7471
8437 7472 7471 16427
8438 7465 1372 7458
8439 7465 7458 16428
8440 7458 1373 7471
8441 7458 7471 16428
8442 7471 1384 7473
8443 7471 7473 16428
8444 7473 1382 7465
8445 7473 7465 16428
8446 7474 1384 7472
8447 7474 7472 16429
8448 7472 1378 7468
8449 7472 7468 16429
8450 7468 1383 7475
8451 7468 7475 16429
8452 7475 1385 7474
8453 7475 7474 16429
8454 7476 1385 7475
8455 7476 7475 16430
8456 7475 1383 7470
8457 7475 7470 16430
8458 7470 1377 7477
8459 7470 7477 16430
8460 7477 1386 7476
8461 7477 7476 16430
8462 7478 1146 7060
8463 7478 7060 16431
8464 7060 1144 7479
8465 7060 7479 16431
8466 7479 1391 7480
8467 7479 7480 16431
8468 7480 1390 7478
8469 7480 7478 16431
8470 7290 1274 7481
8471 7290 7481 16432
8472 7481 1391 7479
8473 7481 7479 16432
8474 7479 1144 7057
8475 7479 7057 16432
8476 7057 1145 7290
8477 7057 7290 16432
8478 7482 1403 7483
8479 7482 7483 16433
8480 7483 1398 7484
8481 7483 7484 16433
8482 7484 1390 7480
8483 7484 7480 16433
8484 7480 1391 7482
8485 7480 7482 16433
8486 7485 1403 7486
8487 7485 7486 16434
8488 7486 1368 7438
8489 7486 7438 16434
8490 7438 1367 7466
8491 7438 7466 16434
8492 7466 1382 7485
8493 7466 7485 16434
8494 7476 1386 7487
8495 7476 7487 16435
8496 7487 1398 7483
8497 7487 7483 16435
8498 7483 1403 7488
8499 7483 7488 16435
8500 7488 1385 7476
8501 7488 7476 16435
8502 7486 1403 7482
8503 7486 7482 16436
8504 7482 1391 7481
8505 7482 7481 16436
8506 7481 1274 7451
8507 7481 7451 16436
8508 7451 1368 7486
8509 7451 7486 16436
8510 7485 1382 7473
8511 7485 7473 16437
8512 7473 1384 7474
8513 7473 7474 16437
8514 7474 1385 7488
8515 7474 7488 16437
8516 7488 1403 7485
8517 7488 7485 16437
8518 7462 1322 7489
8519 7462 7489 16438
8520 7489 1407 7490
8521 7489 7490 16438
8522 7490 1342 7394
8523 7490 7394 16438
8524 7394 1343 7462
8525 7394 7462 16438
8526 7491 1362 7421
8527 7491 7421 16439
8528 7421 1342 7490
8529 7421 7490 16439
8530 7490 1407 7492
8531 7490 7492 16439
8532 7492 1408 7491
8533 7492 7491 16439
8534 7493 985 6874
8535 7493 6874 16440
8536 6874 1020 7494
8537 6874 7494 16440
8538 7494 1410 7495
8539 7494 7495 16440
8540 7495 1409 7493
8541 7495 7493 16440
8542 7496 1363 7423
8543 7496 7423 16441
8544 7423 1029 7497
8545 7423 7497 16441
8546 7497 985 7493
8547 7497 7493 16441
8548 7493 1409 7496
8549 7493 7496 16441
8550 7360 1319 7498
8551 7360 7498 16442
8552 7498 1411 7499
8553 7498 7499 16442
8554 7499 1407 7489
8555 7499 7489 16442
8556 7489 1322 7360
8557 7489 7360 16442
8558 7500 1410 7494
8559 7500 7494 16443
8560 7494 1020 7040
8561 7494 7040 16443
8562 7040 1106 7386
8563 7040 7386 16443
8564 7386 1334 7500
8565 7386 7500 16443
8566 7501 1408 7492
8567 7501 7492 16444
8568 7492 1407 7499
8569 7492 7499 16444
8570 7499 1411 7502
8571 7499 7502 16444
8572 7502 1412 7501
8573 7502 7501 16444
8574 7377 1299 7503
8575 7377 7503 16445
8576 7503 1413 7504
8577 7503 7504 16445
8578 7504 1411 7498
8579 7504 7498 16445
8580 7498 1319 7377
8581 7498 7377 16445
8582 7495 1410 7505
8583 7495 7505 16446
8584 7505 1412 7506
8585 7505 7506 16446
8586 7506 1414 7507
8587 7506 7507 16446
8588 7507 1409 7495
8589 7507 7495 16446
8590 7508 1302 7509
8591 7508 7509 16447
8592 7509 1306 7510
8593 7509 7510 16447
8594 7510 1414 7511
8595 7510 7511 16447
8596 7511 1413 7508
8597 7511 7508 16447
8598 7510 1306 7425
8599 7510 7425 16448
8600 7425 1363 7496
8601 7425 7496 16448
8602 7496 1409 7507
8603 7496 7507 16448
8604 7507 1414 7510
8605 7507 7510 16448
8606 7501 1412 7505
8607 7501 7505 16449
8608 7505 1410 7500
8609 7505 7500 16449
8610 7500 1334 7512
8611 7500 7512 16449
8612 7512 1408 7501
8613 7512 7501 16449
8614 7491 1408 7512
8615 7491 7512 16450
8616 7512 1334 7385
8617 7512 7385 16450
8618 7385 1335 7426
8619 7385 7426 16450
8620 7426 1362 7491
8621 7426 7491 16450
8622 7504 1413 7511
8623 7504 7511 16451
8624 7511 1414 7506
8625 7511 7506 16451
8626 7506 1412 7502
8627 7506 7502 16451
8628 7502 1411 7504
8629 7502 7504 16451
8630 7513 1951 7514
8631 7513 7514 16452
8632 7514 1952 7515
8633 7514 7515 16452
8634 7515 1416 7516
8635 7515 7516 16452
8636 7516 1415 7513
8637 7516 7513 16452
8638 7513 1415 7517
8639 7513 7517 16453
8640 7517 1420 7518
8641 7517 7518 16453
8642 7518 1950 7519
8643 7518 7519 16453
8644 7519 1951 7513
8645 7519 7513 16453
8646 7520 1416 7515
8647 7520 7515 16454
8648 7515 1952 7521
8649 7515 7521 16454
8650 7521 1953 7522
8651 7521 7522 16454
8652 7522 1421 7520
8653 7522 7520 16454
8654 7518 1420 7523
8655 7518 7523 16455
8656 7523 1424 7524
8657 7523 7524 16455
8658 7524 1949 7525
8659 7524 7525 16455
8660 7525 1950 7518
8661 7525 7518 16455
8662 7524 1424 7526
8663 7524 7526 16456
8664 7526 1426 7527
8665 7526 7527 16456
8666 7527 1948 7528
8667 7527 7528 16456
8668 7528 1949 7524
8669 7528 7524 16456
8670 7527 1426 7529
8671 7527 7529 16457
8672 7529 1428 7530
8673 7529 7530 16457
8674 7530 1947 7531
8675 7530 7531 16457
8676 7531 1948 7527
8677 7531 7527 16457
8678 7532 1086 6960
8679 7532 6960 16458
8680 6960 1087 7533
8681 6960 7533 16458
8682 7533 1430 7534
8683 7533 7534 16458
8684 7534 1429 7532
8685 7534 7532 16458
8686 7131 1185 7535
8687 7131 7535 16459
8688 7535 1431 7536
8689 7535 7536 16459
8690 7536 1430 7533
8691 7536 7533 16459
8692 7533 1087 7131
8693 7533 7131 16459
8694 7537 1433 7538
8695 7537 7538 16460
8696 7538 1084 6957
8697 7538 6957 16460
8698 6957 1085 7539
8699 6957 7539 16460
8700 7539 1432 7537
8701 7539 7537 16460
8702 7540 1432 7539
8703 7540 7539 16461
8704 7539 1085 6970
8705 7539 6970 16461
8706 6970 1092 7541
8707 6970 7541 16461
8708 7541 1434 7540
8709 7541 7540 16461
8710 7542 1434 7541
8711 7542 7541 16462
8712 7541 1092 6978
8713 7541 6978 16462
8714 6978 1090 7543
8715 6978 7543 16462
8716 7543 1435 7542
8717 7543 7542 16462
8718 7544 1435 7543
8719 7544 7543 16463
8720 7543 1090 6966
8721 7543 6966 16463
8722 6966 1091 7545
8723 6966 7545 16463
8724 7545 1436 7544
8725 7545 7544 16463
8726 7545 1091 6968
8727 7545 6968 16464
8728 6968 1088 7546
8729 6968 7546 16464
8730 7546 1437 7547
8731 7546 7547 16464
8732 7547 1436 7545
8733 7547 7545 16464
8734 7546 1088 6963
8735 7546 6963 16465
8736 6963 1089 7548
8737 6963 7548 16465
8738 7548 1438 7549
8739 7548 7549 16465
8740 7549 1437 7546
8741 7549 7546 16465
8742 7550 1973 7551
8743 7550 7551 16466
8744 7551 1974 7552
8745 7551 7552 16466
8746 7552 1455 7553
8747 7552 7553 16466
8748 7553 1451 7550
8749 7553 7550 16466
8750 7554 1460 7555
8751 7554 7555 16467
8752 7555 1459 7556
8753 7555 7556 16467
8754 7556 1945 7557
8755 7556 7557 16467
8756 7557 1946 7554
8757 7557 7554 16467
8758 7530 1428 7558
8759 7530 7558 16468
8760 7558 1460 7554
8761 7558 7554 16468
8762 7554 1946 7559
8763 7554 7559 16468
8764 7559 1947 7530
8765 7559 7530 16468
8766 7560 1945 7556
8767 7560 7556 16469
8768 7556 1459 7561
8769 7556 7561 16469
8770 7561 1462 7562
8771 7561 7562 16469
8772 7562 1975 7560
8773 7562 7560 16469
8774 7562 1462 7563
8775 7562 7563 16470
8776 7563 1455 7552
8777 7563 7552 16470
8778 7552 1974 7564
8779 7552 7564 16470
8780 7564 1975 7562
8781 7564 7562 16470
8782 7532 1429 7565
8783 7532 7565 16471
8784 7565 1449 7566
8785 7565 7566 16471
8786 7566 1094 7127
8787 7566 7127 16471
8788 7127 1086 7532
8789 7127 7532 16471
8790 7133 1084 7538
8791 7133 7538 16472
8792 7538 1433 7567
8793 7538 7567 16472
8794 7567 1431 7535
8795 7567 7535 16472
8796 7535 1185 7133
8797 7535 7133 16472
8798 7568 1438 7548
8799 7568 7548 16473
8800 7548 1089 6977
8801 7548 6977 16473
8802 6977 1096 7569
8803 6977 7569 16473
8804 7569 1468 7568
8805 7569 7568 16473
8806 7570 1474 7571
8807 7570 7571 16474
8808 7571 764 6451
8809 7571 6451 16474
8810 6451 765 6736
8811 6451 6736 16474
8812 6736 923 7570
8813 6736 7570 16474
8814 6437 754 7572
8815 6437 7572 16475
8816 7572 1475 7573
8817 7572 7573 16475
8818 7573 966 6808
8819 7573 6808 16475
8820 6808 760 6437
8821 6808 6437 16475
8822 7574 1476 7575
8823 7574 7575 16476
8824 7575 745 6413
8825 7575 6413 16476
8826 6413 742 6724
8827 6413 6724 16476
8828 6724 920 7574
8829 6724 7574 16476
8830 7576 89 5225
8831 7576 5225 16477
8832 5225 93 7577
8833 5225 7577 16477
8834 7577 1476 7578
8835 7577 7578 16477
8836 7578 1475 7576
8837 7578 7576 16477
8838 6427 41 5218
8839 6427 5218 16478
8840 5218 89 7576
8841 5218 7576 16478
8842 7576 1475 7572
8843 7576 7572 16478
8844 7572 754 6427
8845 7572 6427 16478
8846 7574 920 6813
8847 7574 6813 16479
8848 6813 966 7573
8849 6813 7573 16479
8850 7573 1475 7578
8851 7573 7578 16479
8852 7578 1476 7574
8853 7578 7574 16479
8854 7577 93 5228
8855 7577 5228 16480
8856 5228 95 7579
8857 5228 7579 16480
8858 7579 745 7575
8859 7579 7575 16480
8860 7575 1476 7577
8861 7575 7577 16480
8862 6415 744 7580
8863 6415 7580 16481
8864 7580 1477 7581
8865 7580 7581 16481
8866 7581 915 6717
8867 7581 6717 16481
8868 6717 743 6415
8869 6717 6415 16481
8870 7582 105 5245
8871 7582 5245 16482
8872 5245 106 7583
8873 5245 7583 16482
8874 7583 1474 7584
8875 7583 7584 16482
8876 7584 1477 7582
8877 7584 7582 16482
8878 6452 764 7571
8879 6452 7571 16483
8880 7571 1474 7583
8881 7571 7583 16483
8882 7583 106 5250
8883 7583 5250 16483
8884 5250 59 6452
8885 5250 6452 16483
8886 7581 1477 7584
8887 7581 7584 16484
8888 7584 1474 7570
8889 7584 7570 16484
8890 7570 923 6733
8891 7570 6733 16484
8892 6733 915 7581
8893 6733 7581 16484
8894 7579 95 5254
8895 7579 5254 16485
8896 5254 111 7585
8897 5254 7585 16485
8898 7585 744 6414
8899 7585 6414 16485
8900 6414 745 7579
8901 6414 7579 16485
8902 7582 1477 7580
8903 7582 7580 16486
8904 7580 744 7585
8905 7580 7585 16486
8906 7585 111 5255
8907 7585 5255 16486
8908 5255 105 7582
8909 5255 7582 16486
8910 6434 758 7586
8911 6434 7586 16487
8912 7586 1479 7587
8913 7586 7587 16487
8914 7587 1478 7588
8915 7587 7588 16487
8916 7588 757 6434
8917 7588 6434 16487
8918 7589 1483 7590
8919 7589 7590 16488
8920 7590 1478 7587
8921 7590 7587 16488
8922 7587 1479 7591
8923 7587 7591 16488
8924 7591 1482 7589
8925 7591 7589 16488
8926 7592 1485 7593
8927 7592 7593 16489
8928 7593 1484 7594
8929 7593 7594 16489
8930 7594 1478 7590
8931 7594 7590 16489
8932 7590 1483 7592
8933 7590 7592 16489
8934 6728 921 7595
8935 6728 7595 16490
8936 7595 2035 7596
8937 7595 7596 16490
8938 7596 2036 7597
8939 7596 7597 16490
8940 7597 748 6728
8941 7597 6728 16490
8942 6749 757 7588
8943 6749 7588 16491
8944 7588 1478 7594
8945 7588 7594 16491
8946 7594 1484 7598
8947 7594 7598 16491
8948 7598 932 6749
8949 7598 6749 16491
8950 6781 932 7598
8951 6781 7598 16492
8952 7598 1484 7599
8953 7598 7599 16492
8954 7599 1487 7600
8955 7599 7600 16492
8956 7600 955 6781
8957 7600 6781 16492
8958 7601 1488 7602
8959 7601 7602 16493
8960 7602 1487 7599
8961 7602 7599 16493
8962 7599 1484 7593
8963 7599 7593 16493
8964 7593 1485 7601
8965 7593 7601 16493
8966 6785 956 7603
8967 6785 7603 16494
8968 7603 2034 7604
8969 7603 7604 16494
8970 7604 2035 7595
8971 7604 7595 16494
8972 7595 921 6785
8973 7595 6785 16494
8974 6891 1033 7605
8975 6891 7605 16495
8976 7605 2033 7606
8977 7605 7606 16495
8978 7606 2034 7603
8979 7606 7603 16495
8980 7603 956 6891
8981 7603 6891 16495
8982 6996 955 7600
8983 6996 7600 16496
8984 7600 1487 7607
8985 7600 7607 16496
8986 7607 1491 7608
8987 7607 7608 16496
8988 7608 1105 6996
8989 7608 6996 16496
8990 7609 2033 7605
8991 7609 7605 16497
8992 7605 1033 6975
8993 7605 6975 16497
8994 6975 1095 7610
8995 6975 7610 16497
8996 7610 2032 7609
8997 7610 7609 16497
8998 7611 1495 7612
8999 7611 7612 16498
9000 7612 1494 7613
9001 7612 7613 16498
9002 7613 1491 7614
9003 7613 7614 16498
9004 7614 1493 7611
9005 7614 7611 16498
9006 7613 1494 7615
9007 7613 7615 16499
9008 7615 1104 6994
9009 7615 6994 16499
9010 6994 1105 7608
9011 6994 7608 16499
9012 7608 1491 7613
9013 7608 7613 16499
9014 7616 1493 7614
9015 7616 7614 16500
9016 7614 1491 7607
9017 7614 7607 16500
9018 7607 1487 7602
9019 7607 7602 16500
9020 7602 1488 7616
9021 7602 7616 16500
9022 7018 1104 7615
9023 7018 7615 16501
9024 7615 1494 7617
9025 7615 7617 16501
9026 7617 1496 7618
9027 7617 7618 16501
9028 7618 1131 7018
9029 7618 7018 16501
9030 7316 73 5263
9031 7316 5263 16502
9032 5263 113 7619
9033 5263 7619 16502
9034 7619 1479 7586
9035 7619 7586 16502
9036 7586 758 7316
9037 7586 7316 16502
9038 7620 1482 7591
9039 7620 7591 16503
9040 7591 1479 7619
9041 7591 7619 16503
9042 7619 113 5260
9043 7619 5260 16503
9044 5260 116 7620
9045 5260 7620 16503
9046 7592 1483 7621
9047 7592 7621 16504
9048 7621 1480 7622
9049 7621 7622 16504
9050 7622 1486 7623
9051 7622 7623 16504
9052 7623 1485 7592
9053 7623 7592 16504
9054 7601 1485 7623
9055 7601 7623 16505
9056 7623 1486 7624
9057 7623 7624 16505
9058 7624 1489 7625
9059 7624 7625 16505
9060 7625 1488 7601
9061 7625 7601 16505
9062 7616 1488 7625
9063 7616 7625 16506
9064 7625 1489 7626
9065 7625 7626 16506
9066 7626 1490 7627
9067 7626 7627 16506
9068 7627 1493 7616
9069 7627 7616 16506
9070 7611 1493 7627
9071 7611 7627 16507
9072 7627 1490 7628
9073 7627 7628 16507
9074 7628 1492 7629
9075 7628 7629 16507
9076 7629 1495 7611
9077 7629 7611 16507
9078 7566 1449 7630
9079 7566 7630 16508
9080 7630 1500 7631
9081 7630 7631 16508
9082 7631 1093 6973
9083 7631 6973 16508
9084 6973 1094 7566
9085 6973 7566 16508
9086 7632 1095 6974
9087 7632 6974 16509
9088 6974 1093 7631
9089 6974 7631 16509
9090 7631 1500 7633
9091 7631 7633 16509
9092 7633 1503 7632
9093 7633 7632 16509
9094 7248 1265 7634
9095 7248 7634 16510
9096 7634 1256 7234
9097 7634 7234 16510
9098 7234 1241 7635
9099 7234 7635 16510
9100 7635 1248 7248
9101 7635 7248 16510
9102 7217 1248 7635
9103 7217 7635 16511
9104 7635 1241 7186
9105 7635 7186 16511
9106 7186 2091 7636
9107 7186 7636 16511
9108 7636 2092 7217
9109 7636 7217 16511
9110 7637 1211 7166
9111 7637 7166 16512
9112 7166 1212 7638
9113 7166 7638 16512
9114 7638 1114 7012
9115 7638 7012 16512
9116 7012 1115 7637
9117 7012 7637 16512
9118 7106 1171 7639
9119 7106 7639 16513
9120 7639 1110 7008
9121 7639 7008 16513
9122 7008 1964 7640
9123 7008 7640 16513
9124 7640 1965 7106
9125 7640 7106 16513
9126 7103 1168 7641
9127 7103 7641 16514
9128 7641 1111 7098
9129 7641 7098 16514
9130 7098 1160 7642
9131 7098 7642 16514
9132 7642 1166 7103
9133 7642 7103 16514
9134 7046 1040 7643
9135 7046 7643 16515
9136 7643 1079 7048
9137 7643 7048 16515
9138 7048 1125 7644
9139 7048 7644 16515
9140 7644 1120 7046
9141 7644 7046 16515
9142 6945 1079 7643
9143 6945 7643 16516
9144 7643 1040 6897
9145 7643 6897 16516
9146 6897 1041 7645
9147 6897 7645 16516
9148 7645 1078 6945
9149 7645 6945 16516
9150 7646 1108 7003
9151 7646 7003 16517
9152 7003 1078 7645
9153 7003 7645 16517
9154 7645 1041 6998
9155 7645 6998 16517
9156 6998 1107 7646
9157 6998 7646 16517
9158 7647 1013 7042
9159 7647 7042 16518
9160 7042 1108 7646
9161 7042 7646 16518
9162 7646 1107 7039
9163 7646 7039 16518
9164 7039 1019 7647
9165 7039 7647 16518
9166 6865 1013 7647
9167 6865 7647 16519
9168 7647 1019 6876
9169 7647 6876 16519
9170 6876 986 7648
9171 6876 7648 16519
9172 7648 1012 6865
9173 7648 6865 16519
9174 7649 2059 6868
9175 7649 6868 16520
9176 6868 1012 7648
9177 6868 7648 16520
9178 7648 986 7650
9179 7648 7650 16520
9180 7650 2058 7649
9181 7650 7649 16520
9182 7651 1014 7652
9183 7651 7652 16521
9184 7652 987 6932
9185 7652 6932 16521
9186 6932 990 7653
9187 6932 7653 16521
9188 7653 1018 7651
9189 7653 7651 16521
9190 7654 1018 7653
9191 7654 7653 16522
9192 7653 990 6837
9193 7653 6837 16522
9194 6837 991 7655
9195 6837 7655 16522
9196 7655 1017 7654
9197 7655 7654 16522
9198 7656 971 7657
9199 7656 7657 16523
9200 7657 1017 7655
9201 7657 7655 16523
9202 7655 991 7087
9203 7655 7087 16523
9204 7087 981 7656
9205 7087 7656 16523
9206 7658 970 7659
9207 7658 7659 16524
9208 7659 971 7656
9209 7659 7656 16524
9210 7656 981 6834
9211 7656 6834 16524
9212 6834 982 7658
9213 6834 7658 16524
9214 7281 688 7660
9215 7281 7660 16525
9216 7660 705 7661
9217 7660 7661 16525
9218 7661 970 7658
9219 7661 7658 16525
9220 7658 982 7281
9221 7658 7281 16525
9222 7639 1171 7662
9223 7639 7662 16526
9224 7662 1211 7637
9225 7662 7637 16526
9226 7637 1115 7663
9227 7637 7663 16526
9228 7663 1110 7639
9229 7663 7639 16526
9230 7105 1170 7664
9231 7105 7664 16527
9232 7664 1214 7163
9233 7664 7163 16527
9234 7163 1211 7662
9235 7163 7662 16527
9236 7662 1171 7105
9237 7662 7105 16527
9238 7665 1223 7176
9239 7665 7176 16528
9240 7176 1214 7664
9241 7176 7664 16528
9242 7664 1170 7123
9243 7664 7123 16528
9244 7123 1183 7665
9245 7123 7665 16528
9246 7666 1216 7178
9247 7666 7178 16529
9248 7178 1223 7665
9249 7178 7665 16529
9250 7665 1183 7125
9251 7665 7125 16529
9252 7125 1173 7666
9253 7125 7666 16529
9254 7667 1215 7170
9255 7667 7170 16530
9256 7170 1216 7666
9257 7170 7666 16530
9258 7666 1173 7111
9259 7666 7111 16530
9260 7111 1174 7667
9261 7111 7667 16530
9262 7668 1205 7162
9263 7668 7162 16531
9264 7162 1206 7669
9265 7162 7669 16531
9266 7669 1451 7553
9267 7669 7553 16531
9268 7553 1455 7668
9269 7553 7668 16531
9270 7563 1462 7670
9271 7563 7670 16532
9272 7670 1219 7179
9273 7670 7179 16532
9274 7179 1205 7668
9275 7179 7668 16532
9276 7668 1455 7563
9277 7668 7563 16532
9278 7561 1459 7671
9279 7561 7671 16533
9280 7671 1203 7171
9281 7671 7171 16533
9282 7171 1219 7670
9283 7171 7670 16533
9284 7670 1462 7561
9285 7670 7561 16533
9286 7555 1460 7672
9287 7555 7672 16534
9288 7672 1201 7156
9289 7672 7156 16534
9290 7156 1203 7671
9291 7156 7671 16534
9292 7671 1459 7555
9293 7671 7555 16534
9294 7558 1428 7673
9295 7558 7673 16535
9296 7673 1187 7153
9297 7673 7153 16535
9298 7153 1201 7672
9299 7153 7672 16535
9300 7672 1460 7558
9301 7672 7558 16535
9302 7674 1186 7137
9303 7674 7137 16536
9304 7137 1187 7673
9305 7137 7673 16536
9306 7673 1428 7529
9307 7673 7529 16536
9308 7529 1426 7674
9309 7529 7674 16536
9310 7675 1199 7152
9311 7675 7152 16537
9312 7152 1186 7674
9313 7152 7674 16537
9314 7674 1426 7526
9315 7674 7526 16537
9316 7526 1424 7675
9317 7526 7675 16537
9318 7676 1197 7150
9319 7676 7150 16538
9320 7150 1199 7675
9321 7150 7675 16538
9322 7675 1424 7523
9323 7675 7523 16538
9324 7523 1420 7676
9325 7523 7676 16538
9326 7677 1193 7144
9327 7677 7144 16539
9328 7144 1197 7676
9329 7144 7676 16539
9330 7676 1420 7517
9331 7676 7517 16539
9332 7517 1415 7677
9333 7517 7677 16539
9334 7516 1416 7678
9335 7516 7678 16540
9336 7678 1196 7138
9337 7678 7138 16540
9338 7138 1193 7677
9339 7138 7677 16540
9340 7677 1415 7516
9341 7677 7516 16540
9342 7520 1421 7679
9343 7520 7679 16541
9344 7679 1190 7145
9345 7679 7145 16541
9346 7145 1196 7678
9347 7145 7678 16541
9348 7678 1416 7520
9349 7678 7520 16541
9350 7436 1366 7680
9351 7436 7680 16542
9352 7680 1365 7434
9353 7680 7434 16542
9354 7434 1339 7681
9355 7434 7681 16542
9356 7681 1336 7436
9357 7681 7436 16542
9358 7390 1113 7682
9359 7390 7682 16543
9360 7682 1116 7387
9361 7682 7387 16543
9362 7387 1336 7681
9363 7387 7681 16543
9364 7681 1339 7390
9365 7681 7390 16543
9366 7011 1116 7682
9367 7011 7682 16544
9368 7682 1113 7005
9369 7682 7005 16544
9370 7005 1110 7663
9371 7005 7663 16544
9372 7663 1115 7011
9373 7663 7011 16544
9374 7683 1514 7684
9375 7683 7684 16545
9376 7684 1513 7685
9377 7684 7685 16545
9378 7685 1512 7686
9379 7685 7686 16545
9380 7686 1511 7683
9381 7686 7683 16545
9382 7685 1513 7687
9383 7685 7687 16546
9384 7687 1516 7688
9385 7687 7688 16546
9386 7688 1515 7689
9387 7688 7689 16546
9388 7689 1512 7685
9389 7689 7685 16546
9390 7690 1520 7691
9391 7690 7691 16547
9392 7691 1519 7692
9393 7691 7692 16547
9394 7692 1518 7693
9395 7692 7693 16547
9396 7693 1517 7690
9397 7693 7690 16547
9398 7694 1524 7695
9399 7694 7695 16548
9400 7695 1523 7696
9401 7695 7696 16548
9402 7696 1522 7697
9403 7696 7697 16548
9404 7697 1521 7694
9405 7697 7694 16548
9406 7694 1521 7698
9407 7694 7698 16549
9408 7698 1526 7699
9409 7698 7699 16549
9410 7699 1525 7700
9411 7699 7700 16549
9412 7700 1524 7694
9413 7700 7694 16549
9414 7690 1517 7701
9415 7690 7701 16550
9416 7701 1528 7702
9417 7701 7702 16550
9418 7702 1527 7703
9419 7702 7703 16550
9420 7703 1520 7690
9421 7703 7690 16550
9422 7704 1532 7705
9423 7704 7705 16551
9424 7705 1531 7706
9425 7705 7706 16551
9426 7706 1530 7707
9427 7706 7707 16551
9428 7707 1529 7704
9429 7707 7704 16551
9430 7708 1540 7709
9431 7708 7709 16552
9432 7709 1522 7696
9433 7709 7696 16552
9434 7696 1523 7710
9435 7696 7710 16552
9436 7710 1539 7708
9437 7710 7708 16552
9438 7711 1541 7712
9439 7711 7712 16553
9440 7712 1518 7692
9441 7712 7692 16553
9442 7692 1519 7713
9443 7692 7713 16553
9444 7713 1529 7711
9445 7713 7711 16553
9446 7711 1529 7707
9447 7711 7707 16554
9448 7707 1530 7714
9449 7707 7714 16554
9450 7714 1542 7715
9451 7714 7715 16554
9452 7715 1541 7711
9453 7715 7711 16554
9454 7708 1539 7716
9455 7708 7716 16555
9456 7716 1544 7717
9457 7716 7717 16555
9458 7717 1543 7718
9459 7717 7718 16555
9460 7718 1540 7708
9461 7718 7708 16555
9462 7719 1548 7720
9463 7719 7720 16556
9464 7720 1547 7721
9465 7720 7721 16556
9466 7721 1546 7722
9467 7721 7722 16556
9468 7722 1545 7719
9469 7722 7719 16556
9470 7723 1550 7724
9471 7723 7724 16557
9472 7724 1548 7719
9473 7724 7719 16557
9474 7719 1545 7725
9475 7719 7725 16557
9476 7725 1549 7723
9477 7725 7723 16557
9478 7726 1558 7727
9479 7726 7727 16558
9480 7727 1557 7728
9481 7727 7728 16558
9482 7728 1556 7729
9483 7728 7729 16558
9484 7729 1555 7726
9485 7729 7726 16558
9486 7730 1521 7697
9487 7730 7697 16559
9488 7697 1522 7731
9489 7697 7731 16559
9490 7731 1560 7732
9491 7731 7732 16559
9492 7732 1559 7730
9493 7732 7730 16559
9494 7733 1536 7734
9495 7733 7734 16560
9496 7734 1534 7735
9497 7734 7735 16560
9498 7735 1562 7736
9499 7735 7736 16560
9500 7736 1561 7733
9501 7736 7733 16560
9502 7737 1564 7738
9503 7737 7738 16561
9504 7738 1563 7739
9505 7738 7739 16561
9506 7739 1547 7720
9507 7739 7720 16561
9508 7720 1548 7737
9509 7720 7737 16561
9510 7740 1535 7741
9511 7740 7741 16562
9512 7741 1536 7733
9513 7741 7733 16562
9514 7733 1561 7742
9515 7733 7742 16562
9516 7742 1565 7740
9517 7742 7740 16562
9518 7743 1566 7744
9519 7743 7744 16563
9520 7744 1564 7737
9521 7744 7737 16563
9522 7737 1548 7724
9523 7737 7724 16563
9524 7724 1550 7743
9525 7724 7743 16563
9526 7731 1522 7709
9527 7731 7709 16564
9528 7709 1540 7745
9529 7709 7745 16564
9530 7745 1567 7746
9531 7745 7746 16564
9532 7746 1560 7731
9533 7746 7731 16564
9534 7745 1540 7718
9535 7745 7718 16565
9536 7718 1543 7747
9537 7718 7747 16565
9538 7747 1568 7748
9539 7747 7748 16565
9540 7748 1567 7745
9541 7748 7745 16565
9542 7749 1572 7750
9543 7749 7750 16566
9544 7750 1571 7751
9545 7750 7751 16566
9546 7751 1570 7752
9547 7751 7752 16566
9548 7752 1569 7749
9549 7752 7749 16566
9550 7753 1574 7754
9551 7753 7754 16567
9552 7754 1558 7726
9553 7754 7726 16567
9554 7726 1555 7755
9555 7726 7755 16567
9556 7755 1573 7753
9557 7755 7753 16567
9558 7756 1578 7757
9559 7756 7757 16568
9560 7757 1577 7758
9561 7757 7758 16568
9562 7758 1576 7759
9563 7758 7759 16568
9564 7759 1575 7756
9565 7759 7756 16568
9566 7760 1580 7761
9567 7760 7761 16569
9568 7761 1576 7758
9569 7761 7758 16569
9570 7758 1577 7762
9571 7758 7762 16569
9572 7762 1579 7760
9573 7762 7760 16569
9574 7763 1586 7764
9575 7763 7764 16570
9576 7764 1585 7765
9577 7764 7765 16570
9578 7765 1584 7766
9579 7765 7766 16570
9580 7766 1583 7763
9581 7766 7763 16570
9582 7763 1583 7767
9583 7763 7767 16571
9584 7767 1514 7683
9585 7767 7683 16571
9586 7683 1511 7768
9587 7683 7768 16571
9588 7768 1586 7763
9589 7768 7763 16571
9590 7769 1590 7770
9591 7769 7770 16572
9592 7770 1589 7771
9593 7770 7771 16572
9594 7771 1588 7772
9595 7771 7772 16572
9596 7772 1587 7769
9597 7772 7769 16572
9598 7756 1575 7773
9599 7756 7773 16573
9600 7773 706 7774
9601 7773 7774 16573
9602 7774 707 7775
9603 7774 7775 16573
9604 7775 1578 7756
9605 7775 7756 16573
9606 7776 713 7777
9607 7776 7777 16574
9608 7777 716 7778
9609 7777 7778 16574
9610 7778 1562 7735
9611 7778 7735 16574
9612 7735 1534 7776
9613 7735 7776 16574
9614 7779 1599 7780
9615 7779 7780 16575
9616 7780 1598 7781
9617 7780 7781 16575
9618 7781 1557 7727
9619 7781 7727 16575
9620 7727 1558 7779
9621 7727 7779 16575
9622 7751 1571 7782
9623 7751 7782 16576
9624 7782 1601 7783
9625 7782 7783 16576
9626 7783 1600 7784
9627 7783 7784 16576
9628 7784 1570 7751
9629 7784 7751 16576
9630 7730 1559 7785
9631 7730 7785 16577
9632 7785 1602 7786
9633 7785 7786 16577
9634 7786 1526 7698
9635 7786 7698 16577
9636 7698 1521 7730
9637 7698 7730 16577
9638 7771 1589 7787
9639 7771 7787 16578
9640 7787 1604 7788
9641 7787 7788 16578
9642 7788 1603 7789
9643 7788 7789 16578
9644 7789 1588 7771
9645 7789 7771 16578
9646 7739 1563 7790
9647 7739 7790 16579
9648 7790 708 7791
9649 7790 7791 16579
9650 7791 736 7792
9651 7791 7792 16579
9652 7792 1547 7739
9653 7792 7739 16579
9654 7699 1526 7793
9655 7699 7793 16580
9656 7793 1557 7781
9657 7793 7781 16580
9658 7781 1598 7794
9659 7781 7794 16580
9660 7794 1525 7699
9661 7794 7699 16580
9662 7702 1528 7795
9663 7702 7795 16581
9664 7795 1600 7783
9665 7795 7783 16581
9666 7783 1601 7796
9667 7783 7796 16581
9668 7796 1527 7702
9669 7796 7702 16581
9670 7765 1585 7797
9671 7765 7797 16582
9672 7797 1603 7788
9673 7797 7788 16582
9674 7788 1604 7798
9675 7788 7798 16582
9676 7798 1584 7765
9677 7798 7765 16582
9678 7786 1602 7799
9679 7786 7799 16583
9680 7799 1556 7728
9681 7799 7728 16583
9682 7728 1557 7793
9683 7728 7793 16583
9684 7793 1526 7786
9685 7793 7786 16583
9686 7779 1558 7754
9687 7779 7754 16584
9688 7754 1574 7800
9689 7754 7800 16584
9690 7800 1610 7801
9691 7800 7801 16584
9692 7801 1599 7779
9693 7801 7779 16584
9694 7802 1612 7803
9695 7802 7803 16585
9696 7803 1587 7772
9697 7803 7772 16585
9698 7772 1588 7804
9699 7772 7804 16585
9700 7804 1611 7802
9701 7804 7802 16585
9702 7805 1613 7806
9703 7805 7806 16586
9704 7806 1611 7804
9705 7806 7804 16586
9706 7804 1588 7789
9707 7804 7789 16586
9708 7789 1603 7805
9709 7789 7805 16586
9710 7807 1614 7808
9711 7807 7808 16587
9712 7808 1613 7805
9713 7808 7805 16587
9714 7805 1603 7797
9715 7805 7797 16587
9716 7797 1585 7807
9717 7797 7807 16587
9718 7809 1615 7810
9719 7809 7810 16588
9720 7810 1614 7807
9721 7810 7807 16588
9722 7807 1585 7764
9723 7807 7764 16588
9724 7764 1586 7809
9725 7764 7809 16588
9726 7811 1616 7812
9727 7811 7812 16589
9728 7812 1615 7809
9729 7812 7809 16589
9730 7809 1586 7768
9731 7809 7768 16589
9732 7768 1511 7811
9733 7768 7811 16589
9734 7813 1617 7814
9735 7813 7814 16590
9736 7814 1616 7811
9737 7814 7811 16590
9738 7811 1511 7686
9739 7811 7686 16590
9740 7686 1512 7813
9741 7686 7813 16590
9742 7813 1512 7689
9743 7813 7689 16591
9744 7689 1515 7815
9745 7689 7815 16591
9746 7815 1618 7816
9747 7815 7816 16591
9748 7816 1617 7813
9749 7816 7813 16591
9750 7817 1579 7762
9751 7817 7762 16592
9752 7762 1577 7818
9753 7762 7818 16592
9754 7818 1620 7819
9755 7818 7819 16592
9756 7819 1619 7817
9757 7819 7817 16592
9758 7820 1621 7821
9759 7820 7821 16593
9760 7821 1620 7818
9761 7821 7818 16593
9762 7818 1577 7757
9763 7818 7757 16593
9764 7757 1578 7820
9765 7757 7820 16593
9766 7822 1623 7823
9767 7822 7823 16594
9768 7823 1622 7824
9769 7823 7824 16594
9770 7824 1589 7770
9771 7824 7770 16594
9772 7770 1590 7822
9773 7770 7822 16594
9774 7824 1622 7825
9775 7824 7825 16595
9776 7825 1624 7826
9777 7825 7826 16595
9778 7826 1604 7787
9779 7826 7787 16595
9780 7787 1589 7824
9781 7787 7824 16595
9782 7827 1584 7798
9783 7827 7798 16596
9784 7798 1604 7826
9785 7798 7826 16596
9786 7826 1624 7828
9787 7826 7828 16596
9788 7828 1625 7827
9789 7828 7827 16596
9790 7829 1583 7766
9791 7829 7766 16597
9792 7766 1584 7827
9793 7766 7827 16597
9794 7827 1625 7830
9795 7827 7830 16597
9796 7830 1626 7829
9797 7830 7829 16597
9798 7829 1626 7831
9799 7829 7831 16598
9800 7831 1627 7832
9801 7831 7832 16598
9802 7832 1514 7767
9803 7832 7767 16598
9804 7767 1583 7829
9805 7767 7829 16598
9806 7832 1627 7833
9807 7832 7833 16599
9808 7833 1628 7834
9809 7833 7834 16599
9810 7834 1513 7684
9811 7834 7684 16599
9812 7684 1514 7832
9813 7684 7832 16599
9814 7834 1628 7835
9815 7834 7835 16600
9816 7835 1629 7836
9817 7835 7836 16600
9818 7836 1516 7687
9819 7836 7687 16600
9820 7687 1513 7834
9821 7687 7834 16600
9822 7837 1631 7838
9823 7837 7838 16601
9824 7838 1630 7839
9825 7838 7839 16601
9826 7839 1576 7761
9827 7839 7761 16601
9828 7761 1580 7837
9829 7761 7837 16601
9830 7840 1575 7759
9831 7840 7759 16602
9832 7759 1576 7839
9833 7759 7839 16602
9834 7839 1630 7841
9835 7839 7841 16602
9836 7841 1632 7840
9837 7841 7840 16602
9838 7842 1573 7755
9839 7842 7755 16603
9840 7755 1555 7843
9841 7755 7843 16603
9842 7843 1622 7823
9843 7843 7823 16603
9844 7823 1623 7842
9845 7823 7842 16603
9846 7843 1555 7729
9847 7843 7729 16604
9848 7729 1556 7844
9849 7729 7844 16604
9850 7844 1624 7825
9851 7844 7825 16604
9852 7825 1622 7843
9853 7825 7843 16604
9854 7845 1625 7828
9855 7845 7828 16605
9856 7828 1624 7844
9857 7828 7844 16605
9858 7844 1556 7799
9859 7844 7799 16605
9860 7799 1602 7845
9861 7799 7845 16605
9862 7846 1626 7830
9863 7846 7830 16606
9864 7830 1625 7845
9865 7830 7845 16606
9866 7845 1602 7785
9867 7845 7785 16606
9868 7785 1559 7846
9869 7785 7846 16606
9870 7847 1627 7831
9871 7847 7831 16607
9872 7831 1626 7846
9873 7831 7846 16607
9874 7846 1559 7732
9875 7846 7732 16607
9876 7732 1560 7847
9877 7732 7847 16607
9878 7848 1628 7833
9879 7848 7833 16608
9880 7833 1627 7847
9881 7833 7847 16608
9882 7847 1560 7746
9883 7847 7746 16608
9884 7746 1567 7848
9885 7746 7848 16608
9886 7849 1629 7835
9887 7849 7835 16609
9888 7835 1628 7848
9889 7835 7848 16609
9890 7848 1567 7748
9891 7848 7748 16609
9892 7748 1568 7849
9893 7748 7849 16609
9894 7850 1549 7725
9895 7850 7725 16610
9896 7725 1545 7851
9897 7725 7851 16610
9898 7851 1630 7838
9899 7851 7838 16610
9900 7838 1631 7850
9901 7838 7850 16610
9902 7851 1545 7722
9903 7851 7722 16611
9904 7722 1546 7852
9905 7722 7852 16611
9906 7852 1632 7841
9907 7852 7841 16611
9908 7841 1630 7851
9909 7841 7851 16611
9910 7704 1529 7713
9911 7704 7713 16612
9912 7713 1519 7853
9913 7713 7853 16612
9914 7853 1637 7854
9915 7853 7854 16612
9916 7854 1532 7704
9917 7854 7704 16612
9918 7853 1519 7691
9919 7853 7691 16613
9920 7691 1520 7855
9921 7691 7855 16613
9922 7855 1643 7856
9923 7855 7856 16613
9924 7856 1637 7853
9925 7856 7853 16613
9926 7857 1601 7782
9927 7857 7782 16614
9928 7782 1571 7858
9929 7782 7858 16614
9930 7858 1646 7859
9931 7858 7859 16614
9932 7859 1647 7857
9933 7859 7857 16614
9934 7855 1520 7703
9935 7855 7703 16615
9936 7703 1527 7860
9937 7703 7860 16615
9938 7860 1649 7861
9939 7860 7861 16615
9940 7861 1643 7855
9941 7861 7855 16615
9942 7860 1527 7796
9943 7860 7796 16616
9944 7796 1601 7857
9945 7796 7857 16616
9946 7857 1647 7862
9947 7857 7862 16616
9948 7862 1649 7860
9949 7862 7860 16616
9950 7750 1572 7863
9951 7750 7863 16617
9952 7863 1651 7864
9953 7863 7864 16617
9954 7864 1646 7858
9955 7864 7858 16617
9956 7858 1571 7750
9957 7858 7750 16617
9958 7721 1547 7792
9959 7721 7792 16618
9960 7792 736 7865
9961 7792 7865 16618
9962 7865 711 7866
9963 7865 7866 16618
9964 7866 1546 7721
9965 7866 7721 16618
9966 7820 1578 7775
9967 7820 7775 16619
9968 7775 707 7867
9969 7775 7867 16619
9970 7867 715 7868
9971 7867 7868 16619
9972 7868 1621 7820
9973 7868 7820 16619
9974 7840 1632 7869
9975 7840 7869 16620
9976 7869 712 7870
9977 7869 7870 16620
9978 7870 706 7773
9979 7870 7773 16620
9980 7773 1575 7840
9981 7773 7840 16620
9982 7852 1546 7866
9983 7852 7866 16621
9984 7866 711 7871
9985 7866 7871 16621
9986 7871 712 7869
9987 7871 7869 16621
9988 7869 1632 7852
9989 7869 7852 16621
9990 7815 1515 7872
9991 7815 7872 16622
9992 7872 1579 7817
9993 7872 7817 16622
9994 7817 1619 7873
9995 7817 7873 16622
9996 7873 1618 7815
9997 7873 7815 16622
9998 7706 1531 7874
9999 7706 7874 16623
10000 7874 1538 7875
10001 7874 7875 16623
10002 7875 1535 7876
10003 7875 7876 16623
10004 7876 1530 7706
10005 7876 7706 16623
10006 7740 1565 7877
10007 7740 7877 16624
10008 7877 1542 7714
10009 7877 7714 16624
10010 7714 1530 7876
10011 7714 7876 16624
10012 7876 1535 7740
10013 7876 7740 16624
10014 7850 1631 7878
10015 7850 7878 16625
10016 7878 1629 7849
10017 7878 7849 16625
10018 7849 1568 7879
10019 7849 7879 16625
10020 7879 1549 7850
10021 7879 7850 16625
10022 7747 1543 7880
10023 7747 7880 16626
10024 7880 1550 7723
10025 7880 7723 16626
10026 7723 1549 7879
10027 7723 7879 16626
10028 7879 1568 7747
10029 7879 7747 16626
10030 7717 1544 7881
10031 7717 7881 16627
10032 7881 1566 7743
10033 7881 7743 16627
10034 7743 1550 7880
10035 7743 7880 16627
10036 7880 1543 7717
10037 7880 7717 16627
10038 7688 1516 7882
10039 7688 7882 16628
10040 7882 1580 7760
10041 7882 7760 16628
10042 7760 1579 7872
10043 7760 7872 16628
10044 7872 1515 7688
10045 7872 7688 16628
10046 7836 1629 7878
10047 7836 7878 16629
10048 7878 1631 7837
10049 7878 7837 16629
10050 7837 1580 7882
10051 7837 7882 16629
10052 7882 1516 7836
10053 7882 7836 16629
10054 7778 716 7883
10055 7778 7883 16630
10056 7883 708 7790
10057 7883 7790 16630
10058 7790 1563 7884
10059 7790 7884 16630
10060 7884 1562 7778
10061 7884 7778 16630
10062 7885 1561 7736
10063 7885 7736 16631
10064 7736 1562 7884
10065 7736 7884 16631
10066 7884 1563 7738
10067 7884 7738 16631
10068 7738 1564 7885
10069 7738 7885 16631
10070 7886 1565 7742
10071 7886 7742 16632
10072 7742 1561 7885
10073 7742 7885 16632
10074 7885 1564 7744
10075 7885 7744 16632
10076 7744 1566 7886
10077 7744 7886 16632
10078 7877 1565 7886
10079 7877 7886 16633
10080 7886 1566 7881
10081 7886 7881 16633
10082 7881 1544 7887
10083 7881 7887 16633
10084 7887 1542 7877
10085 7887 7877 16633
10086 7888 1541 7715
10087 7888 7715 16634
10088 7715 1542 7887
10089 7715 7887 16634
10090 7887 1544 7716
10091 7887 7716 16634
10092 7716 1539 7888
10093 7716 7888 16634
10094 7712 1541 7888
10095 7712 7888 16635
10096 7888 1539 7710
10097 7888 7710 16635
10098 7710 1523 7889
10099 7710 7889 16635
10100 7889 1518 7712
10101 7889 7712 16635
10102 7890 1517 7693
10103 7890 7693 16636
10104 7693 1518 7889
10105 7693 7889 16636
10106 7889 1523 7695
10107 7889 7695 16636
10108 7695 1524 7890
10109 7695 7890 16636
10110 7701 1517 7890
10111 7701 7890 16637
10112 7890 1524 7700
10113 7890 7700 16637
10114 7700 1525 7891
10115 7700 7891 16637
10116 7891 1528 7701
10117 7891 7701 16637
10118 7795 1528 7891
10119 7795 7891 16638
10120 7891 1525 7794
10121 7891 7794 16638
10122 7794 1598 7892
10123 7794 7892 16638
10124 7892 1600 7795
10125 7892 7795 16638
10126 7893 1570 7784
10127 7893 7784 16639
10128 7784 1600 7892
10129 7784 7892 16639
10130 7892 1598 7780
10131 7892 7780 16639
10132 7780 1599 7893
10133 7780 7893 16639
10134 7894 1569 7752
10135 7894 7752 16640
10136 7752 1570 7893
10137 7752 7893 16640
10138 7893 1599 7801
10139 7893 7801 16640
10140 7801 1610 7894
10141 7801 7894 16640
10142 7895 1609 7896
10143 7895 7896 16641
10144 7896 1612 7802
10145 7896 7802 16641
10146 7802 1611 7897
10147 7802 7897 16641
10148 7897 1554 7895
10149 7897 7895 16641
10150 7898 1553 7899
10151 7898 7899 16642
10152 7899 1554 7897
10153 7899 7897 16642
10154 7897 1611 7806
10155 7897 7806 16642
10156 7806 1613 7898
10157 7806 7898 16642
10158 7900 1608 7901
10159 7900 7901 16643
10160 7901 1553 7898
10161 7901 7898 16643
10162 7898 1613 7808
10163 7898 7808 16643
10164 7808 1614 7900
10165 7808 7900 16643
10166 7902 1551 7903
10167 7902 7903 16644
10168 7903 1608 7900
10169 7903 7900 16644
10170 7900 1614 7810
10171 7900 7810 16644
10172 7810 1615 7902
10173 7810 7902 16644
10174 7904 1552 7905
10175 7904 7905 16645
10176 7905 1551 7902
10177 7905 7902 16645
10178 7902 1615 7812
10179 7902 7812 16645
10180 7812 1616 7904
10181 7812 7904 16645
10182 7906 1552 7904
10183 7906 7904 16646
10184 7904 1616 7814
10185 7904 7814 16646
10186 7814 1617 7907
10187 7814 7907 16646
10188 7907 1581 7906
10189 7907 7906 16646
10190 7816 1618 7908
10191 7816 7908 16647
10192 7908 1582 7909
10193 7908 7909 16647
10194 7909 1581 7907
10195 7909 7907 16647
10196 7907 1617 7816
10197 7907 7816 16647
10198 7910 1582 7908
10199 7910 7908 16648
10200 7908 1618 7873
10201 7908 7873 16648
10202 7873 1619 7911
10203 7873 7911 16648
10204 7911 1510 7910
10205 7911 7910 16648
10206 7912 1510 7911
10207 7912 7911 16649
10208 7911 1619 7819
10209 7911 7819 16649
10210 7819 1620 7913
10211 7819 7913 16649
10212 7913 1509 7912
10213 7913 7912 16649
10214 7914 1508 7915
10215 7914 7915 16650
10216 7915 1509 7913
10217 7915 7913 16650
10218 7913 1620 7821
10219 7913 7821 16650
10220 7821 1621 7914
10221 7821 7914 16650
10222 7916 1508 7914
10223 7916 7914 16651
10224 7914 1621 7868
10225 7914 7868 16651
10226 7868 715 7917
10227 7868 7917 16651
10228 7917 720 7916
10229 7917 7916 16651
10230 7918 1656 7919
10231 7918 7919 16652
10232 7919 1655 7920
10233 7919 7920 16652
10234 7920 1574 7753
10235 7920 7753 16652
10236 7753 1573 7918
10237 7753 7918 16652
10238 7921 1658 7922
10239 7921 7922 16653
10240 7922 1657 7923
10241 7922 7923 16653
10242 7923 1572 7749
10243 7923 7749 16653
10244 7749 1569 7921
10245 7749 7921 16653
10246 7924 1610 7800
10247 7924 7800 16654
10248 7800 1574 7920
10249 7800 7920 16654
10250 7920 1655 7925
10251 7920 7925 16654
10252 7925 1659 7924
10253 7925 7924 16654
10254 7926 1651 7863
10255 7926 7863 16655
10256 7863 1572 7923
10257 7863 7923 16655
10258 7923 1657 7927
10259 7923 7927 16655
10260 7927 1660 7926
10261 7927 7926 16655
10262 7928 1662 7929
10263 7928 7929 16656
10264 7929 1661 7930
10265 7929 7930 16656
10266 7930 1590 7769
10267 7930 7769 16656
10268 7769 1587 7928
10269 7769 7928 16656
10270 7931 1660 7927
10271 7931 7927 16657
10272 7927 1657 7932
10273 7927 7932 16657
10274 7932 1664 7933
10275 7932 7933 16657
10276 7933 1663 7931
10277 7933 7931 16657
10278 7934 1665 7935
10279 7934 7935 16658
10280 7935 1664 7932
10281 7935 7932 16658
10282 7932 1657 7922
10283 7932 7922 16658
10284 7922 1658 7934
10285 7922 7934 16658
10286 7936 1659 7925
10287 7936 7925 16659
10288 7925 1655 7937
10289 7925 7937 16659
10290 7937 1667 7938
10291 7937 7938 16659
10292 7938 1666 7936
10293 7938 7936 16659
10294 7937 1655 7919
10295 7937 7919 16660
10296 7919 1656 7939
10297 7919 7939 16660
10298 7939 1668 7940
10299 7939 7940 16660
10300 7940 1667 7937
10301 7940 7937 16660
10302 7941 1661 7929
10303 7941 7929 16661
10304 7929 1662 7942
10305 7929 7942 16661
10306 7942 1670 7943
10307 7942 7943 16661
10308 7943 1669 7941
10309 7943 7941 16661
10310 7944 1673 7945
10311 7944 7945 16662
10312 7945 1670 7942
10313 7945 7942 16662
10314 7942 1662 7946
10315 7942 7946 16662
10316 7946 1672 7944
10317 7946 7944 16662
10318 7947 1672 7946
10319 7947 7946 16663
10320 7946 1662 7928
10321 7946 7928 16663
10322 7928 1587 7803
10323 7928 7803 16663
10324 7803 1612 7947
10325 7803 7947 16663
10326 7941 1669 7948
10327 7941 7948 16664
10328 7948 1675 7949
10329 7948 7949 16664
10330 7949 1674 7950
10331 7949 7950 16664
10332 7950 1661 7941
10333 7950 7941 16664
10334 7930 1661 7950
10335 7930 7950 16665
10336 7950 1674 7951
10337 7950 7951 16665
10338 7951 1623 7822
10339 7951 7822 16665
10340 7822 1590 7930
10341 7822 7930 16665
10342 7949 1675 7952
10343 7949 7952 16666
10344 7952 1668 7939
10345 7952 7939 16666
10346 7939 1656 7953
10347 7939 7953 16666
10348 7953 1674 7949
10349 7953 7949 16666
10350 7918 1573 7842
10351 7918 7842 16667
10352 7842 1623 7951
10353 7842 7951 16667
10354 7951 1674 7953
10355 7951 7953 16667
10356 7953 1656 7918
10357 7953 7918 16667
10358 7924 1659 7954
10359 7924 7954 16668
10360 7954 1658 7921
10361 7954 7921 16668
10362 7921 1569 7894
10363 7921 7894 16668
10364 7894 1610 7924
10365 7894 7924 16668
10366 7936 1666 7955
10367 7936 7955 16669
10368 7955 1665 7934
10369 7955 7934 16669
10370 7934 1658 7954
10371 7934 7954 16669
10372 7954 1659 7936
10373 7954 7936 16669
10374 7944 1672 7956
10375 7944 7956 16670
10376 7956 1654 7957
10377 7956 7957 16670
10378 7957 1671 7958
10379 7957 7958 16670
10380 7958 1673 7944
10381 7958 7944 16670
10382 7959 1654 7956
10383 7959 7956 16671
10384 7956 1672 7947
10385 7956 7947 16671
10386 7947 1612 7896
10387 7947 7896 16671
10388 7896 1609 7959
10389 7896 7959 16671
10390 7960 1683 7961
10391 7960 7961 16672
10392 7961 1682 7962
10393 7961 7962 16672
10394 7962 1681 7963
10395 7962 7963 16672
10396 7963 1680 7960
10397 7963 7960 16672
10398 7964 1687 7965
10399 7964 7965 16673
10400 7965 1686 7966
10401 7965 7966 16673
10402 7966 1685 7967
10403 7966 7967 16673
10404 7967 1684 7964
10405 7967 7964 16673
10406 7968 1684 7967
10407 7968 7967 16674
10408 7967 1685 7969
10409 7967 7969 16674
10410 7969 1689 7970
10411 7969 7970 16674
10412 7970 1688 7968
10413 7970 7968 16674
10414 7971 1692 7972
10415 7971 7972 16675
10416 7972 1691 7973
10417 7972 7973 16675
10418 7973 1681 7974
10419 7973 7974 16675
10420 7974 1690 7971
10421 7974 7971 16675
10422 7962 1682 7975
10423 7962 7975 16676
10424 7975 1693 7976
10425 7975 7976 16676
10426 7976 1690 7974
10427 7976 7974 16676
10428 7974 1681 7962
10429 7974 7962 16676
10430 7977 1688 7970
10431 7977 7970 16677
10432 7970 1689 7978
10433 7970 7978 16677
10434 7978 1695 7979
10435 7978 7979 16677
10436 7979 1694 7977
10437 7979 7977 16677
10438 7980 1697 7981
10439 7980 7981 16678
10440 7981 1696 7982
10441 7981 7982 16678
10442 7982 1691 7972
10443 7982 7972 16678
10444 7972 1692 7980
10445 7972 7980 16678
10446 7983 1701 7984
10447 7983 7984 16679
10448 7984 1700 7985
10449 7984 7985 16679
10450 7985 1699 7986
10451 7985 7986 16679
10452 7986 1698 7983
10453 7986 7983 16679
10454 7987 1705 7988
10455 7987 7988 16680
10456 7988 1704 7989
10457 7988 7989 16680
10458 7989 1703 7990
10459 7989 7990 16680
10460 7990 1702 7987
10461 7990 7987 16680
10462 7991 1709 7992
10463 7991 7992 16681
10464 7992 1708 7993
10465 7992 7993 16681
10466 7993 1707 7994
10467 7993 7994 16681
10468 7994 1706 7991
10469 7994 7991 16681
10470 7995 1706 7994
10471 7995 7994 16682
10472 7994 1707 7996
10473 7994 7996 16682
10474 7996 1711 7997
10475 7996 7997 16682
10476 7997 1710 7995
10477 7997 7995 16682
10478 7998 1713 7999
10479 7998 7999 16683
10480 7999 1712 8000
10481 7999 8000 16683
10482 8000 1710 7997
10483 8000 7997 16683
10484 7997 1711 7998
10485 7997 7998 16683
10486 8001 1718 8002
10487 8001 8002 16684
10488 8002 1717 8003
10489 8002 8003 16684
10490 8003 1716 8004
10491 8003 8004 16684
10492 8004 1715 8001
10493 8004 8001 16684
10494 8005 1667 7940
10495 8005 7940 16685
10496 7940 1668 8006
10497 7940 8006 16685
10498 8006 1719 8007
10499 8006 8007 16685
10500 8007 1686 8005
10501 8007 8005 16685
10502 8008 1721 8009
10503 8008 8009 16686
10504 8009 1689 7969
10505 8009 7969 16686
10506 7969 1685 8010
10507 7969 8010 16686
10508 8010 1720 8008
10509 8010 8008 16686
10510 7966 1686 8007
10511 7966 8007 16687
10512 8007 1719 8011
10513 8007 8011 16687
10514 8011 1720 8010
10515 8011 8010 16687
10516 8010 1685 7966
10517 8010 7966 16687
10518 8012 1722 8013
10519 8012 8013 16688
10520 8013 1695 7978
10521 8013 7978 16688
10522 7978 1689 8009
10523 7978 8009 16688
10524 8009 1721 8012
10525 8009 8012 16688
10526 8014 1724 8015
10527 8014 8015 16689
10528 8015 1699 7985
10529 8015 7985 16689
10530 7985 1700 8016
10531 7985 8016 16689
10532 8016 1723 8014
10533 8016 8014 16689
10534 8017 1693 7975
10535 8017 7975 16690
10536 7975 1682 8018
10537 7975 8018 16690
10538 8018 1664 7935
10539 8018 7935 16690
10540 7935 1665 8017
10541 7935 8017 16690
10542 8019 1666 7938
10543 8019 7938 16691
10544 7938 1667 8005
10545 7938 8005 16691
10546 8005 1686 7965
10547 8005 7965 16691
10548 7965 1687 8019
10549 7965 8019 16691
10550 8020 1663 7933
10551 8020 7933 16692
10552 7933 1664 8018
10553 7933 8018 16692
10554 8018 1682 7961
10555 8018 7961 16692
10556 7961 1683 8020
10557 7961 8020 16692
10558 8021 731 8022
10559 8021 8022 16693
10560 8022 728 8023
10561 8022 8023 16693
10562 8023 1704 7988
10563 8023 7988 16693
10564 7988 1705 8021
10565 7988 8021 16693
10566 8024 1669 7943
10567 8024 7943 16694
10568 7943 1670 8025
10569 7943 8025 16694
10570 8025 1712 7999
10571 8025 7999 16694
10572 7999 1713 8024
10573 7999 8024 16694
10574 8023 728 8026
10575 8023 8026 16695
10576 8026 732 8027
10577 8026 8027 16695
10578 8027 1732 8028
10579 8027 8028 16695
10580 8028 1704 8023
10581 8028 8023 16695
10582 7989 1704 8028
10583 7989 8028 16696
10584 8028 1732 8029
10585 8028 8029 16696
10586 8029 1733 8030
10587 8029 8030 16696
10588 8030 1703 7989
10589 8030 7989 16696
10590 8031 709 8032
10591 8031 8032 16697
10592 8032 722 8033
10593 8032 8033 16697
10594 8033 1698 7986
10595 8033 7986 16697
10596 7986 1699 8031
10597 7986 8031 16697
10598 8001 1715 8034
10599 8001 8034 16698
10600 8034 1738 8035
10601 8034 8035 16698
10602 8035 1737 8036
10603 8035 8036 16698
10604 8036 1718 8001
10605 8036 8001 16698
10606 7991 1706 8037
10607 7991 8037 16699
10608 8037 1740 8038
10609 8037 8038 16699
10610 8038 1739 8039
10611 8038 8039 16699
10612 8039 1709 7991
10613 8039 7991 16699
10614 7995 1710 8040
10615 7995 8040 16700
10616 8040 1741 8041
10617 8040 8041 16700
10618 8041 1740 8037
10619 8041 8037 16700
10620 8037 1706 7995
10621 8037 7995 16700
10622 8042 1741 8040
10623 8042 8040 16701
10624 8040 1710 8000
10625 8040 8000 16701
10626 8000 1712 8043
10627 8000 8043 16701
10628 8043 1742 8042
10629 8043 8042 16701
10630 8025 1670 7945
10631 8025 7945 16702
10632 7945 1673 8044
10633 7945 8044 16702
10634 8044 1742 8043
10635 8044 8043 16702
10636 8043 1712 8025
10637 8043 8025 16702
10638 8003 1717 8045
10639 8003 8045 16703
10640 8045 1744 8046
10641 8045 8046 16703
10642 8046 1743 8047
10643 8046 8047 16703
10644 8047 1716 8003
10645 8047 8003 16703
10646 7993 1708 8048
10647 7993 8048 16704
10648 8048 1746 8049
10649 8048 8049 16704
10650 8049 1745 8050
10651 8049 8050 16704
10652 8050 1707 7993
10653 8050 7993 16704
10654 7996 1707 8050
10655 7996 8050 16705
10656 8050 1745 8051
10657 8050 8051 16705
10658 8051 1747 8052
10659 8051 8052 16705
10660 8052 1711 7996
10661 8052 7996 16705
10662 7998 1711 8052
10663 7998 8052 16706
10664 8052 1747 8053
10665 8052 8053 16706
10666 8053 1748 8054
10667 8053 8054 16706
10668 8054 1713 7998
10669 8054 7998 16706
10670 8055 1675 7948
10671 8055 7948 16707
10672 7948 1669 8024
10673 7948 8024 16707
10674 8024 1713 8054
10675 8024 8054 16707
10676 8054 1748 8055
10677 8054 8055 16707
10678 8014 1723 8056
10679 8014 8056 16708
10680 8056 1743 8046
10681 8056 8046 16708
10682 8046 1744 8057
10683 8046 8057 16708
10684 8057 1724 8014
10685 8057 8014 16708
10686 8012 1721 8058
10687 8012 8058 16709
10688 8058 1745 8049
10689 8058 8049 16709
10690 8049 1746 8059
10691 8049 8059 16709
10692 8059 1722 8012
10693 8059 8012 16709
10694 8008 1720 8060
10695 8008 8060 16710
10696 8060 1747 8051
10697 8060 8051 16710
10698 8051 1745 8058
10699 8051 8058 16710
10700 8058 1721 8008
10701 8058 8008 16710
10702 8053 1747 8060
10703 8053 8060 16711
10704 8060 1720 8011
10705 8060 8011 16711
10706 8011 1719 8061
10707 8011 8061 16711
10708 8061 1748 8053
10709 8061 8053 16711
10710 8006 1668 7952
10711 8006 7952 16712
10712 7952 1675 8055
10713 7952 8055 16712
10714 8055 1748 8061
10715 8055 8061 16712
10716 8061 1719 8006
10717 8061 8006 16712
10718 8062 727 8063
10719 8062 8063 16713
10720 8063 709 8031
10721 8063 8031 16713
10722 8031 1699 8015
10723 8031 8015 16713
10724 8015 1724 8062
10725 8015 8062 16713
10726 8064 1709 8039
10727 8064 8039 16714
10728 8039 1739 8065
10729 8039 8065 16714
10730 8065 1738 8034
10731 8065 8034 16714
10732 8034 1715 8064
10733 8034 8064 16714
10734 8064 1715 8004
10735 8064 8004 16715
10736 8004 1716 8066
10737 8004 8066 16715
10738 8066 1708 7992
10739 8066 7992 16715
10740 7992 1709 8064
10741 7992 8064 16715
10742 8066 1716 8047
10743 8066 8047 16716
10744 8047 1743 8067
10745 8047 8067 16716
10746 8067 1746 8048
10747 8067 8048 16716
10748 8048 1708 8066
10749 8048 8066 16716
10750 8068 1722 8059
10751 8068 8059 16717
10752 8059 1746 8067
10753 8059 8067 16717
10754 8067 1743 8056
10755 8067 8056 16717
10756 8056 1723 8068
10757 8056 8068 16717
10758 8068 1723 8016
10759 8068 8016 16718
10760 8016 1700 8069
10761 8016 8069 16718
10762 8069 1695 8013
10763 8069 8013 16718
10764 8013 1722 8068
10765 8013 8068 16718
10766 8070 1694 7979
10767 8070 7979 16719
10768 7979 1695 8069
10769 7979 8069 16719
10770 8069 1700 7984
10771 8069 7984 16719
10772 7984 1701 8070
10773 7984 8070 16719
10774 8071 1702 7990
10775 8071 7990 16720
10776 7990 1703 8072
10777 7990 8072 16720
10778 8072 1696 7981
10779 8072 7981 16720
10780 7981 1697 8071
10781 7981 8071 16720
10782 8036 1737 8073
10783 8036 8073 16721
10784 8073 725 8074
10785 8073 8074 16721
10786 8074 724 8075
10787 8074 8075 16721
10788 8075 1718 8036
10789 8075 8036 16721
10790 8045 1717 8076
10791 8045 8076 16722
10792 8076 730 8077
10793 8076 8077 16722
10794 8077 726 8078
10795 8077 8078 16722
10796 8078 1744 8045
10797 8078 8045 16722
10798 8062 1724 8057
10799 8062 8057 16723
10800 8057 1744 8078
10801 8057 8078 16723
10802 8078 726 8079
10803 8078 8079 16723
10804 8079 727 8062
10805 8079 8062 16723
10806 8002 1718 8075
10807 8002 8075 16724
10808 8075 724 8080
10809 8075 8080 16724
10810 8080 730 8076
10811 8080 8076 16724
10812 8076 1717 8002
10813 8076 8002 16724
10814 8019 1687 8081
10815 8019 8081 16725
10816 8081 1693 8017
10817 8081 8017 16725
10818 8017 1665 7955
10819 8017 7955 16725
10820 7955 1666 8019
10821 7955 8019 16725
10822 7976 1693 8081
10823 7976 8081 16726
10824 8081 1687 7964
10825 8081 7964 16726
10826 7964 1684 8082
10827 7964 8082 16726
10828 8082 1690 7976
10829 8082 7976 16726
10830 7968 1688 8083
10831 7968 8083 16727
10832 8083 1692 7971
10833 8083 7971 16727
10834 7971 1690 8082
10835 7971 8082 16727
10836 8082 1684 7968
10837 8082 7968 16727
10838 7977 1694 8084
10839 7977 8084 16728
10840 8084 1697 7980
10841 8084 7980 16728
10842 7980 1692 8083
10843 7980 8083 16728
10844 8083 1688 7977
10845 8083 7977 16728
10846 8070 1701 8085
10847 8070 8085 16729
10848 8085 1702 8071
10849 8085 8071 16729
10850 8071 1697 8084
10851 8071 8084 16729
10852 8084 1694 8070
10853 8084 8070 16729
10854 7983 1698 8086
10855 7983 8086 16730
10856 8086 1705 7987
10857 8086 7987 16730
10858 7987 1702 8085
10859 7987 8085 16730
10860 8085 1701 7983
10861 8085 7983 16730
10862 8033 722 8087
10863 8033 8087 16731
10864 8087 731 8021
10865 8087 8021 16731
10866 8021 1705 8086
10867 8021 8086 16731
10868 8086 1698 8033
10869 8086 8033 16731
10870 8088 735 8089
10871 8088 8089 16732
10872 8089 725 8073
10873 8089 8073 16732
10874 8073 1737 8090
10875 8073 8090 16732
10876 8090 1758 8088
10877 8090 8088 16732
10878 8035 1738 8091
10879 8035 8091 16733
10880 8091 1757 8092
10881 8091 8092 16733
10882 8092 1758 8090
10883 8092 8090 16733
10884 8090 1737 8035
10885 8090 8035 16733
10886 8065 1739 8093
10887 8065 8093 16734
10888 8093 1736 8094
10889 8093 8094 16734
10890 8094 1757 8091
10891 8094 8091 16734
10892 8091 1738 8065
10893 8091 8065 16734
10894 8038 1740 8095
10895 8038 8095 16735
10896 8095 1735 8096
10897 8095 8096 16735
10898 8096 1736 8093
10899 8096 8093 16735
10900 8093 1739 8038
10901 8093 8038 16735
10902 8041 1741 8097
10903 8041 8097 16736
10904 8097 1734 8098
10905 8097 8098 16736
10906 8098 1735 8095
10907 8098 8095 16736
10908 8095 1740 8041
10909 8095 8041 16736
10910 8042 1742 8099
10911 8042 8099 16737
10912 8099 1714 8100
10913 8099 8100 16737
10914 8100 1734 8097
10915 8100 8097 16737
10916 8097 1741 8042
10917 8097 8042 16737
10918 8044 1673 7958
10919 8044 7958 16738
10920 7958 1671 8101
10921 7958 8101 16738
10922 8101 1714 8099
10923 8101 8099 16738
10924 8099 1742 8044
10925 8099 8044 16738
10926 8102 775 6460
10927 8102 6460 16739
10928 6460 772 8103
10929 6460 8103 16739
10930 8103 1509 7915
10931 8103 7915 16739
10932 7915 1508 8102
10933 7915 8102 16739
10934 7912 1509 8103
10935 7912 8103 16740
10936 8103 772 6466
10937 8103 6466 16740
10938 6466 776 8104
10939 6466 8104 16740
10940 8104 1510 7912
10941 8104 7912 16740
10942 7905 1552 8105
10943 7905 8105 16741
10944 8105 770 6481
10945 8105 6481 16741
10946 6481 788 8106
10947 6481 8106 16741
10948 8106 1551 7905
10949 8106 7905 16741
10950 8107 784 6480
10951 8107 6480 16742
10952 6480 785 8108
10953 6480 8108 16742
10954 8108 1554 7899
10955 8108 7899 16742
10956 7899 1553 8107
10957 7899 8107 16742
10958 7909 1582 8109
10959 7909 8109 16743
10960 8109 769 6453
10961 8109 6453 16743
10962 6453 766 8110
10963 6453 8110 16743
10964 8110 1581 7909
10965 8110 7909 16743
10966 6459 770 8105
10967 6459 8105 16744
10968 8105 1552 7906
10969 8105 7906 16744
10970 7906 1581 8110
10971 7906 8110 16744
10972 8110 766 6459
10973 8110 6459 16744
10974 8111 669 6702
10975 8111 6702 16745
10976 6702 775 8102
10977 6702 8102 16745
10978 8102 1508 7916
10979 8102 7916 16745
10980 7916 720 8111
10981 7916 8111 16745
10982 8106 788 6511
10983 8106 6511 16746
10984 6511 810 8112
10985 6511 8112 16746
10986 8112 1608 7903
10987 8112 7903 16746
10988 7903 1551 8106
10989 7903 8106 16746
10990 8107 1553 7901
10991 8107 7901 16747
10992 7901 1608 8112
10993 7901 8112 16747
10994 8112 810 6527
10995 8112 6527 16747
10996 6527 784 8107
10997 6527 8107 16747
10998 6528 816 8113
10999 6528 8113 16748
11000 8113 1609 7895
11001 8113 7895 16748
11002 7895 1554 8108
11003 7895 8108 16748
11004 8108 785 6528
11005 8108 6528 16748
11006 6685 769 8109
11007 6685 8109 16749
11008 8109 1582 7910
11009 8109 7910 16749
11010 7910 1510 8104
11011 7910 8104 16749
11012 8104 776 6685
11013 8104 6685 16749
11014 6740 927 8114
11015 6740 8114 16750
11016 8114 1654 7959
11017 8114 7959 16750
11018 7959 1609 8113
11019 7959 8113 16750
11020 8113 816 6740
11021 8113 6740 16750
11022 7957 1654 8114
11023 7957 8114 16751
11024 8114 927 6761
11025 8114 6761 16751
11026 6761 941 8115
11027 6761 8115 16751
11028 8115 1671 7957
11029 8115 7957 16751
11030 8101 1671 8115
11031 8101 8115 16752
11032 8115 941 6859
11033 8115 6859 16752
11034 6859 1009 8116
11035 6859 8116 16752
11036 8116 1714 8101
11037 8116 8101 16752
11038 8100 1714 8116
11039 8100 8116 16753
11040 8116 1009 7024
11041 8116 7024 16753
11042 7024 1135 8117
11043 7024 8117 16753
11044 8117 1734 8100
11045 8117 8100 16753
11046 7025 1136 8118
11047 7025 8118 16754
11048 8118 1735 8098
11049 8118 8098 16754
11050 8098 1734 8117
11051 8098 8117 16754
11052 8117 1135 7025
11053 8117 7025 16754
11054 8119 1736 8096
11055 8119 8096 16755
11056 8096 1735 8118
11057 8096 8118 16755
11058 8118 1136 7029
11059 8118 7029 16755
11060 7029 1137 8119
11061 7029 8119 16755
11062 7091 1165 8120
11063 7091 8120 16756
11064 8120 1757 8094
11065 8120 8094 16756
11066 8094 1736 8119
11067 8094 8119 16756
11068 8119 1137 7091
11069 8119 7091 16756
11070 8092 1757 8120
11071 8092 8120 16757
11072 8120 1165 7315
11073 8120 7315 16757
11074 7315 1275 8121
11075 7315 8121 16757
11076 8121 1758 8092
11077 8121 8092 16757
11078 8088 1758 8121
11079 8088 8121 16758
11080 8121 1275 7292
11081 8121 7292 16758
11082 7292 696 8122
11083 7292 8122 16758
11084 8122 735 8088
11085 8122 8088 16758
11086 6923 1028 8123
11087 6923 8123 16759
11088 8123 1027 8124
11089 8123 8124 16759
11090 8124 1026 7070
11091 8124 7070 16759
11092 7070 1025 6923
11093 7070 6923 16759
11094 7312 1288 8125
11095 7312 8125 16760
11096 8125 1291 8126
11097 8125 8126 16760
11098 8126 1027 8123
11099 8126 8123 16760
11100 8123 1028 7312
11101 8123 7312 16760
11102 8124 1027 8127
11103 8124 8127 16761
11104 8127 1292 8128
11105 8127 8128 16761
11106 8128 1152 7068
11107 8128 7068 16761
11108 7068 1026 8124
11109 7068 8124 16761
11110 8126 1291 8129
11111 8126 8129 16762
11112 8129 1759 8130
11113 8129 8130 16762
11114 8130 1292 8127
11115 8130 8127 16762
11116 8127 1027 8126
11117 8127 8126 16762
11118 7357 996 8131
11119 7357 8131 16763
11120 8131 999 8132
11121 8131 8132 16763
11122 8132 998 8133
11123 8132 8133 16763
11124 8133 997 7357
11125 8133 7357 16763
11126 8134 1763 8135
11127 8134 8135 16764
11128 8135 1036 8136
11129 8135 8136 16764
11130 8136 1035 8137
11131 8136 8137 16764
11132 8137 1762 8134
11133 8137 8134 16764
11134 8138 1055 8139
11135 8138 8139 16765
11136 8139 1058 8140
11137 8139 8140 16765
11138 8140 1057 7340
11139 8140 7340 16765
11140 7340 1056 8138
11141 7340 8138 16765
11142 8141 999 8131
11143 8141 8131 16766
11144 8131 996 7354
11145 8131 7354 16766
11146 7354 1073 8142
11147 7354 8142 16766
11148 8142 1072 8141
11149 8142 8141 16766
11150 8143 1138 8144
11151 8143 8144 16767
11152 8144 1139 7338
11153 8144 7338 16767
11154 7338 1057 8140
11155 7338 8140 16767
11156 8140 1058 8143
11157 8140 8143 16767
11158 7336 1139 8144
11159 7336 8144 16768
11160 8144 1138 8145
11161 8144 8145 16768
11162 8145 1072 8142
11163 8145 8142 16768
11164 8142 1073 7336
11165 8142 7336 16768
11166 8146 1300 8147
11167 8146 8147 16769
11168 8147 1299 7373
11169 8147 7373 16769
11170 7373 2049 8148
11171 7373 8148 16769
11172 8148 2050 8146
11173 8148 8146 16769
11174 8149 2051 8150
11175 8149 8150 16770
11176 8150 2052 8151
11177 8150 8151 16770
11178 8151 1301 8152
11179 8151 8152 16770
11180 8152 1767 8149
11181 8152 8149 16770
11182 8153 1302 8154
11183 8153 8154 16771
11184 8154 1300 8155
11185 8154 8155 16771
11186 8155 1767 8152
11187 8155 8152 16771
11188 8152 1301 8153
11189 8152 8153 16771
11190 7325 1305 8156
11191 7325 8156 16772
11192 8156 1035 8136
11193 8156 8136 16772
11194 8136 1036 8157
11195 8136 8157 16772
11196 8157 1069 7325
11197 8157 7325 16772
11198 8153 1301 8158
11199 8153 8158 16773
11200 8158 1307 7424
11201 8158 7424 16773
11202 7424 1306 7509
11203 7424 7509 16773
11204 7509 1302 8153
11205 7509 8153 16773
11206 8151 2052 8159
11207 8151 8159 16774
11208 8159 2053 7328
11209 8159 7328 16774
11210 7328 1307 8158
11211 7328 8158 16774
11212 8158 1301 8151
11213 8158 8151 16774
11214 7503 1299 8147
11215 7503 8147 16775
11216 8147 1300 8154
11217 8147 8154 16775
11218 8154 1302 7508
11219 8154 7508 16775
11220 7508 1413 7503
11221 7508 7503 16775
11222 8149 1767 8155
11223 8149 8155 16776
11224 8155 1300 8146
11225 8155 8146 16776
11226 8146 2050 8160
11227 8146 8160 16776
11228 8160 2051 8149
11229 8160 8149 16776
11230 8134 1762 8161
11231 8134 8161 16777
11232 8161 998 8132
11233 8161 8132 16777
11234 8132 999 8162
11235 8132 8162 16777
11236 8162 1763 8134
11237 8162 8134 16777
11238 8163 1763 8162
11239 8163 8162 16778
11240 8162 999 8141
11241 8162 8141 16778
11242 8141 1072 8164
11243 8141 8164 16778
11244 8164 1765 8163
11245 8164 8163 16778
11246 8165 1765 8164
11247 8165 8164 16779
11248 8164 1072 8145
11249 8164 8145 16779
11250 8145 1138 8166
11251 8145 8166 16779
11252 8166 1766 8165
11253 8166 8165 16779
11254 8167 1766 8166
11255 8167 8166 16780
11256 8166 1138 8143
11257 8166 8143 16780
11258 8143 1058 8168
11259 8143 8168 16780
11260 8168 1764 8167
11261 8168 8167 16780
11262 8169 1059 8170
11263 8169 8170 16781
11264 8170 1764 8168
11265 8170 8168 16781
11266 8168 1058 8139
11267 8168 8139 16781
11268 8139 1055 8169
11269 8139 8169 16781
11270 7319 1068 8171
11271 7319 8171 16782
11272 8171 1067 8172
11273 8171 8172 16782
11274 8172 1065 6935
11275 8172 6935 16782
11276 6935 994 7319
11277 6935 7319 16782
11278 8173 1162 8174
11279 8173 8174 16783
11280 8174 1163 7083
11281 8174 7083 16783
11282 7083 1065 8172
11283 7083 8172 16783
11284 8172 1067 8173
11285 8172 8173 16783
11286 8171 1068 7323
11287 8171 7323 16784
11288 7323 1069 8175
11289 7323 8175 16784
11290 8175 1070 8176
11291 8175 8176 16784
11292 8176 1067 8171
11293 8176 8171 16784
11294 8177 1770 8178
11295 8177 8178 16785
11296 8178 1162 8173
11297 8178 8173 16785
11298 8173 1067 8176
11299 8173 8176 16785
11300 8176 1070 8177
11301 8176 8177 16785
11302 8175 1069 8157
11303 8175 8157 16786
11304 8157 1036 8179
11305 8157 8179 16786
11306 8179 1071 8180
11307 8179 8180 16786
11308 8180 1070 8175
11309 8180 8175 16786
11310 8163 1765 8181
11311 8163 8181 16787
11312 8181 1071 8179
11313 8181 8179 16787
11314 8179 1036 8135
11315 8179 8135 16787
11316 8135 1763 8163
11317 8135 8163 16787
11318 8182 1768 8183
11319 8182 8183 16788
11320 8183 1071 8181
11321 8183 8181 16788
11322 8181 1765 8165
11323 8181 8165 16788
11324 8165 1766 8182
11325 8165 8182 16788
11326 8177 1070 8180
11327 8177 8180 16789
11328 8180 1071 8183
11329 8180 8183 16789
11330 8183 1768 8184
11331 8183 8184 16789
11332 8184 1770 8177
11333 8184 8177 16789
11334 8185 1755 8186
11335 8185 8186 16790
11336 8186 733 8187
11337 8186 8187 16790
11338 8187 729 8188
11339 8187 8188 16790
11340 8188 1779 8185
11341 8188 8185 16790
11342 8186 1755 8189
11343 8186 8189 16791
11344 8189 1732 8027
11345 8189 8027 16791
11346 8027 732 8190
11347 8027 8190 16791
11348 8190 733 8186
11349 8190 8186 16791
11350 8191 713 7776
11351 8191 7776 16792
11352 7776 1534 8192
11353 7776 8192 16792
11354 8192 1533 8193
11355 8192 8193 16792
11356 8193 717 8191
11357 8193 8191 16792
11358 7875 1538 8194
11359 7875 8194 16793
11360 8194 1537 8195
11361 8194 8195 16793
11362 8195 1536 7741
11363 8195 7741 16793
11364 7741 1535 7875
11365 7741 7875 16793
11366 8192 1534 7734
11367 8192 7734 16794
11368 7734 1536 8195
11369 7734 8195 16794
11370 8195 1537 8196
11371 8195 8196 16794
11372 8196 1533 8192
11373 8196 8192 16794
11374 8197 1809 8198
11375 8197 8198 16795
11376 8198 737 8199
11377 8198 8199 16795
11378 8199 714 8200
11379 8199 8200 16795
11380 8200 1774 8197
11381 8200 8197 16795
11382 8201 1774 8200
11383 8201 8200 16796
11384 8200 714 8202
11385 8200 8202 16796
11386 8202 719 8203
11387 8202 8203 16796
11388 8203 1775 8201
11389 8203 8201 16796
11390 8204 1778 8205
11391 8204 8205 16797
11392 8205 1777 8206
11393 8205 8206 16797
11394 8206 734 8207
11395 8206 8207 16797
11396 8207 723 8204
11397 8207 8204 16797
11398 8208 1773 8209
11399 8208 8209 16798
11400 8209 1818 8210
11401 8209 8210 16798
11402 8210 738 8211
11403 8210 8211 16798
11404 8211 721 8208
11405 8211 8208 16798
11406 8189 1755 8212
11407 8189 8212 16799
11408 8212 1754 8213
11409 8212 8213 16799
11410 8213 1733 8029
11411 8213 8029 16799
11412 8029 1732 8189
11413 8029 8189 16799
11414 8206 1777 8214
11415 8206 8214 16800
11416 8214 1779 8188
11417 8214 8188 16800
11418 8188 729 8215
11419 8188 8215 16800
11420 8215 734 8206
11421 8215 8206 16800
11422 8216 1782 8217
11423 8216 8217 16801
11424 8217 1774 8201
11425 8217 8201 16801
11426 8201 1775 8218
11427 8201 8218 16801
11428 8218 1781 8216
11429 8218 8216 16801
11430 8219 1808 8220
11431 8219 8220 16802
11432 8220 1809 8197
11433 8220 8197 16802
11434 8197 1774 8217
11435 8197 8217 16802
11436 8217 1782 8219
11437 8217 8219 16802
11438 8221 1817 8222
11439 8221 8222 16803
11440 8222 1818 8209
11441 8222 8209 16803
11442 8209 1773 8223
11443 8209 8223 16803
11444 8223 1783 8221
11445 8223 8221 16803
11446 8216 1781 8224
11447 8216 8224 16804
11448 8224 1606 8225
11449 8224 8225 16804
11450 8225 1605 8226
11451 8225 8226 16804
11452 8226 1782 8216
11453 8226 8216 16804
11454 8219 1782 8226
11455 8219 8226 16805
11456 8226 1605 8227
11457 8226 8227 16805
11458 8227 1807 8228
11459 8227 8228 16805
11460 8228 1808 8219
11461 8228 8219 16805
11462 8221 1783 8229
11463 8221 8229 16806
11464 8229 1607 8230
11465 8229 8230 16806
11466 8230 1816 8231
11467 8230 8231 16806
11468 8231 1817 8221
11469 8231 8221 16806
11470 7982 1696 8232
11471 7982 8232 16807
11472 8232 1731 8233
11473 8232 8233 16807
11474 8233 1730 8234
11475 8233 8234 16807
11476 8234 1691 7982
11477 8234 7982 16807
11478 7973 1691 8234
11479 7973 8234 16808
11480 8234 1730 8235
11481 8234 8235 16808
11482 8235 1680 7963
11483 8235 7963 16808
11484 7963 1681 7973
11485 7963 7973 16808
11486 8072 1703 8030
11487 8072 8030 16809
11488 8030 1733 8236
11489 8030 8236 16809
11490 8236 1731 8232
11491 8236 8232 16809
11492 8232 1696 8072
11493 8232 8072 16809
11494 8237 1731 8236
11495 8237 8236 16810
11496 8236 1733 8213
11497 8236 8213 16810
11498 8213 1754 8238
11499 8213 8238 16810
11500 8238 1753 8237
11501 8238 8237 16810
11502 8239 1756 8240
11503 8239 8240 16811
11504 8240 1754 8212
11505 8240 8212 16811
11506 8212 1755 8185
11507 8212 8185 16811
11508 8185 1779 8239
11509 8185 8239 16811
11510 8241 1753 8238
11511 8241 8238 16812
11512 8238 1754 8240
11513 8238 8240 16812
11514 8240 1756 8242
11515 8240 8242 16812
11516 8242 1786 8241
11517 8242 8241 16812
11518 8243 1784 8244
11519 8243 8244 16813
11520 8244 1785 8245
11521 8244 8245 16813
11522 8245 1777 8205
11523 8245 8205 16813
11524 8205 1778 8243
11525 8205 8243 16813
11526 8239 1779 8214
11527 8239 8214 16814
11528 8214 1777 8245
11529 8214 8245 16814
11530 8245 1785 8246
11531 8245 8246 16814
11532 8246 1756 8239
11533 8246 8239 16814
11534 8247 1785 8244
11535 8247 8244 16815
11536 8244 1784 8248
11537 8244 8248 16815
11538 8248 1726 8249
11539 8248 8249 16815
11540 8249 1727 8247
11541 8249 8247 16815
11542 8246 1785 8247
11543 8246 8247 16816
11544 8247 1727 8250
11545 8247 8250 16816
11546 8250 1786 8242
11547 8250 8242 16816
11548 8242 1756 8246
11549 8242 8246 16816
11550 8251 1750 8252
11551 8251 8252 16817
11552 8252 1683 7960
11553 8252 7960 16817
11554 7960 1680 8253
11555 7960 8253 16817
11556 8253 1749 8251
11557 8253 8251 16817
11558 8254 1605 8225
11559 8254 8225 16818
11560 8225 1606 8255
11561 8225 8255 16818
11562 8255 1594 8256
11563 8255 8256 16818
11564 8256 1591 8254
11565 8256 8254 16818
11566 8257 1806 8258
11567 8257 8258 16819
11568 8258 1807 8227
11569 8258 8227 16819
11570 8227 1605 8254
11571 8227 8254 16819
11572 8254 1591 8257
11573 8254 8257 16819
11574 8259 1815 8260
11575 8259 8260 16820
11576 8260 1816 8230
11577 8260 8230 16820
11578 8230 1607 8261
11579 8230 8261 16820
11580 8261 1597 8259
11581 8261 8259 16820
11582 8262 1749 8253
11583 8262 8253 16821
11584 8253 1680 8235
11585 8253 8235 16821
11586 8235 1730 8263
11587 8235 8263 16821
11588 8263 1752 8262
11589 8263 8262 16821
11590 8263 1730 8233
11591 8263 8233 16822
11592 8233 1731 8237
11593 8233 8237 16822
11594 8237 1753 8264
11595 8237 8264 16822
11596 8264 1752 8263
11597 8264 8263 16822
11598 8265 1728 8266
11599 8265 8266 16823
11600 8266 1727 8249
11601 8266 8249 16823
11602 8249 1726 8267
11603 8249 8267 16823
11604 8267 1725 8265
11605 8267 8265 16823
11606 8268 1786 8250
11607 8268 8250 16824
11608 8250 1727 8266
11609 8250 8266 16824
11610 8266 1728 8269
11611 8266 8269 16824
11612 8269 1751 8268
11613 8269 8268 16824
11614 8268 1751 8270
11615 8268 8270 16825
11616 8270 1752 8264
11617 8270 8264 16825
11618 8264 1753 8241
11619 8264 8241 16825
11620 8241 1786 8268
11621 8241 8268 16825
11622 8271 1795 8272
11623 8271 8272 16826
11624 8272 1788 8273
11625 8272 8273 16826
11626 8273 1787 8274
11627 8273 8274 16826
11628 8274 1794 8271
11629 8274 8271 16826
11630 8275 1804 8276
11631 8275 8276 16827
11632 8276 1805 8277
11633 8276 8277 16827
11634 8277 1788 8272
11635 8277 8272 16827
11636 8272 1795 8275
11637 8272 8275 16827
11638 8278 1643 7861
11639 8278 7861 16828
11640 7861 1649 8279
11641 7861 8279 16828
11642 8279 1648 8280
11643 8279 8280 16828
11644 8280 1642 8278
11645 8280 8278 16828
11646 8281 1794 8274
11647 8281 8274 16829
11648 8274 1787 8282
11649 8274 8282 16829
11650 8282 1790 8283
11651 8282 8283 16829
11652 8283 1797 8281
11653 8283 8281 16829
11654 8284 1642 8280
11655 8284 8280 16830
11656 8280 1648 8285
11657 8280 8285 16830
11658 8285 1797 8283
11659 8285 8283 16830
11660 8283 1790 8284
11661 8283 8284 16830
11662 8286 1793 8287
11663 8286 8287 16831
11664 8287 1749 8262
11665 8287 8262 16831
11666 8262 1752 8270
11667 8262 8270 16831
11668 8270 1751 8286
11669 8270 8286 16831
11670 8288 1792 8289
11671 8288 8289 16832
11672 8289 1793 8286
11673 8289 8286 16832
11674 8286 1751 8269
11675 8286 8269 16832
11676 8269 1728 8288
11677 8269 8288 16832
11678 8290 1792 8288
11679 8290 8288 16833
11680 8288 1728 8265
11681 8288 8265 16833
11682 8265 1725 8291
11683 8265 8291 16833
11684 8291 1791 8290
11685 8291 8290 16833
11686 8292 1814 8293
11687 8292 8293 16834
11688 8293 1815 8259
11689 8293 8259 16834
11690 8259 1597 8294
11691 8259 8294 16834
11692 8294 1789 8292
11693 8294 8292 16834
11694 8277 1805 8295
11695 8277 8295 16835
11696 8295 1806 8257
11697 8295 8257 16835
11698 8257 1591 8296
11699 8257 8296 16835
11700 8296 1788 8277
11701 8296 8277 16835
11702 8297 1787 8273
11703 8297 8273 16836
11704 8273 1788 8296
11705 8273 8296 16836
11706 8296 1591 8256
11707 8296 8256 16836
11708 8256 1594 8297
11709 8256 8297 16836
11710 8298 1813 8299
11711 8298 8299 16837
11712 8299 1814 8292
11713 8299 8292 16837
11714 8292 1789 8300
11715 8292 8300 16837
11716 8300 1796 8298
11717 8300 8298 16837
11718 8301 1799 8302
11719 8301 8302 16838
11720 8302 1792 8290
11721 8302 8290 16838
11722 8290 1791 8303
11723 8290 8303 16838
11724 8303 1798 8301
11725 8303 8301 16838
11726 8287 1793 8304
11727 8287 8304 16839
11728 8304 1678 8305
11729 8304 8305 16839
11730 8305 1750 8251
11731 8305 8251 16839
11732 8251 1749 8287
11733 8251 8287 16839
11734 8304 1793 8289
11735 8304 8289 16840
11736 8289 1792 8302
11737 8289 8302 16840
11738 8302 1799 8306
11739 8302 8306 16840
11740 8306 1678 8304
11741 8306 8304 16840
11742 8307 1647 7859
11743 8307 7859 16841
11744 7859 1646 8308
11745 7859 8308 16841
11746 8308 1645 8309
11747 8308 8309 16841
11748 8309 1644 8307
11749 8309 8307 16841
11750 8279 1649 7862
11751 8279 7862 16842
11752 7862 1647 8307
11753 7862 8307 16842
11754 8307 1644 8310
11755 8307 8310 16842
11756 8310 1648 8279
11757 8310 8279 16842
11758 8276 1804 8311
11759 8276 8311 16843
11760 8311 1796 8300
11761 8311 8300 16843
11762 8300 1789 8312
11763 8300 8312 16843
11764 8312 1805 8276
11765 8312 8276 16843
11766 8295 1805 8312
11767 8295 8312 16844
11768 8312 1789 8294
11769 8312 8294 16844
11770 8294 1597 8313
11771 8294 8313 16844
11772 8313 1806 8295
11773 8313 8295 16844
11774 8258 1806 8313
11775 8258 8313 16845
11776 8313 1597 8261
11777 8313 8261 16845
11778 8261 1607 8314
11779 8261 8314 16845
11780 8314 1807 8258
11781 8314 8258 16845
11782 8315 1808 8228
11783 8315 8228 16846
11784 8228 1807 8314
11785 8228 8314 16846
11786 8314 1607 8229
11787 8314 8229 16846
11788 8229 1783 8315
11789 8229 8315 16846
11790 8220 1808 8315
11791 8220 8315 16847
11792 8315 1783 8223
11793 8315 8223 16847
11794 8223 1773 8316
11795 8223 8316 16847
11796 8316 1809 8220
11797 8316 8220 16847
11798 8198 1809 8316
11799 8198 8316 16848
11800 8316 1773 8208
11801 8316 8208 16848
11802 8208 721 8317
11803 8208 8317 16848
11804 8317 737 8198
11805 8317 8198 16848
11806 8301 1798 8318
11807 8301 8318 16849
11808 8318 1729 8319
11809 8318 8319 16849
11810 8319 1679 8320
11811 8319 8320 16849
11812 8320 1799 8301
11813 8320 8301 16849
11814 8308 1646 7864
11815 8308 7864 16850
11816 7864 1651 8321
11817 7864 8321 16850
11818 8321 1650 8322
11819 8321 8322 16850
11820 8322 1645 8308
11821 8322 8308 16850
11822 8299 1813 8323
11823 8299 8323 16851
11824 8323 1798 8303
11825 8323 8303 16851
11826 8303 1791 8324
11827 8303 8324 16851
11828 8324 1814 8299
11829 8324 8299 16851
11830 8293 1814 8324
11831 8293 8324 16852
11832 8324 1791 8291
11833 8324 8291 16852
11834 8291 1725 8325
11835 8291 8325 16852
11836 8325 1815 8293
11837 8325 8293 16852
11838 8260 1815 8325
11839 8260 8325 16853
11840 8325 1725 8267
11841 8325 8267 16853
11842 8267 1726 8326
11843 8267 8326 16853
11844 8326 1816 8260
11845 8326 8260 16853
11846 8327 1817 8231
11847 8327 8231 16854
11848 8231 1816 8326
11849 8231 8326 16854
11850 8326 1726 8248
11851 8326 8248 16854
11852 8248 1784 8327
11853 8248 8327 16854
11854 8222 1817 8327
11855 8222 8327 16855
11856 8327 1784 8243
11857 8327 8243 16855
11858 8243 1778 8328
11859 8243 8328 16855
11860 8328 1818 8222
11861 8328 8222 16855
11862 8210 1818 8328
11863 8210 8328 16856
11864 8328 1778 8204
11865 8328 8204 16856
11866 8204 723 8329
11867 8204 8329 16856
11868 8329 738 8210
11869 8329 8210 16856
11870 8020 1683 8252
11871 8020 8252 16857
11872 8252 1750 8330
11873 8252 8330 16857
11874 8330 1677 8331
11875 8330 8331 16857
11876 8331 1663 8020
11877 8331 8020 16857
11878 7926 1660 8332
11879 7926 8332 16858
11880 8332 1676 8333
11881 8332 8333 16858
11882 8333 1650 8321
11883 8333 8321 16858
11884 8321 1651 7926
11885 8321 7926 16858
11886 8334 1676 8332
11887 8334 8332 16859
11888 8332 1660 7931
11889 8332 7931 16859
11890 7931 1663 8331
11891 7931 8331 16859
11892 8331 1677 8334
11893 8331 8334 16859
11894 8335 1800 8336
11895 8335 8336 16860
11896 8336 1677 8330
11897 8336 8330 16860
11898 8330 1750 8305
11899 8330 8305 16860
11900 8305 1678 8335
11901 8305 8335 16860
11902 8320 1679 8337
11903 8320 8337 16861
11904 8337 1800 8335
11905 8337 8335 16861
11906 8335 1678 8306
11907 8335 8306 16861
11908 8306 1799 8320
11909 8306 8320 16861
11910 8334 1677 8336
11911 8334 8336 16862
11912 8336 1800 8338
11913 8336 8338 16862
11914 8338 1810 8339
11915 8338 8339 16862
11916 8339 1676 8334
11917 8339 8334 16862
11918 8340 1679 8319
11919 8340 8319 16863
11920 8319 1729 8341
11921 8319 8341 16863
11922 8341 1812 8342
11923 8341 8342 16863
11924 8342 1811 8340
11925 8342 8340 16863
11926 8323 1813 8343
11927 8323 8343 16864
11928 8343 1812 8341
11929 8343 8341 16864
11930 8341 1729 8318
11931 8341 8318 16864
11932 8318 1798 8323
11933 8318 8323 16864
11934 8337 1679 8340
11935 8337 8340 16865
11936 8340 1811 8344
11937 8340 8344 16865
11938 8344 1810 8338
11939 8344 8338 16865
11940 8338 1800 8337
11941 8338 8337 16865
11942 8275 1795 8345
11943 8275 8345 16866
11944 8345 1592 8346
11945 8345 8346 16866
11946 8346 1803 8347
11947 8346 8347 16866
11948 8347 1804 8275
11949 8347 8275 16866
11950 8348 1652 8349
11951 8348 8349 16867
11952 8349 1797 8285
11953 8349 8285 16867
11954 8285 1648 8310
11955 8285 8310 16867
11956 8310 1644 8348
11957 8310 8348 16867
11958 8281 1797 8349
11959 8281 8349 16868
11960 8349 1652 8350
11961 8349 8350 16868
11962 8350 1593 8351
11963 8350 8351 16868
11964 8351 1794 8281
11965 8351 8281 16868
11966 8345 1795 8271
11967 8345 8271 16869
11968 8271 1794 8351
11969 8271 8351 16869
11970 8351 1593 8352
11971 8351 8352 16869
11972 8352 1592 8345
11973 8352 8345 16869
11974 8352 1593 8353
11975 8352 8353 16870
11976 8353 1802 8354
11977 8353 8354 16870
11978 8354 1803 8346
11979 8354 8346 16870
11980 8346 1592 8352
11981 8346 8352 16870
11982 8309 1645 8355
11983 8309 8355 16871
11984 8355 1801 8356
11985 8355 8356 16871
11986 8356 1652 8348
11987 8356 8348 16871
11988 8348 1644 8309
11989 8348 8309 16871
11990 8357 1653 8358
11991 8357 8358 16872
11992 8358 1801 8355
11993 8358 8355 16872
11994 8355 1645 8322
11995 8355 8322 16872
11996 8322 1650 8357
11997 8322 8357 16872
11998 8298 1796 8359
11999 8298 8359 16873
12000 8359 1595 8360
12001 8359 8360 16873
12002 8360 1812 8343
12003 8360 8343 16873
12004 8343 1813 8298
12005 8343 8298 16873
12006 8311 1804 8347
12007 8311 8347 16874
12008 8347 1803 8361
12009 8347 8361 16874
12010 8361 1595 8359
12011 8361 8359 16874
12012 8359 1796 8311
12013 8359 8311 16874
12014 8358 1653 8362
12015 8358 8362 16875
12016 8362 1596 8363
12017 8362 8363 16875
12018 8363 1802 8364
12019 8363 8364 16875
12020 8364 1801 8358
12021 8364 8358 16875
12022 8365 1811 8342
12023 8365 8342 16876
12024 8342 1812 8360
12025 8342 8360 16876
12026 8360 1595 8366
12027 8360 8366 16876
12028 8366 1596 8365
12029 8366 8365 16876
12030 8365 1596 8362
12031 8365 8362 16877
12032 8362 1653 8367
12033 8362 8367 16877
12034 8367 1810 8344
12035 8367 8344 16877
12036 8344 1811 8365
12037 8344 8365 16877
12038 8361 1803 8354
12039 8361 8354 16878
12040 8354 1802 8363
12041 8354 8363 16878
12042 8363 1596 8366
12043 8363 8366 16878
12044 8366 1595 8361
12045 8366 8361 16878
12046 8333 1676 8339
12047 8333 8339 16879
12048 8339 1810 8367
12049 8339 8367 16879
12050 8367 1653 8357
12051 8367 8357 16879
12052 8357 1650 8333
12053 8357 8333 16879
12054 8364 1802 8353
12055 8364 8353 16880
12056 8353 1593 8350
12057 8353 8350 16880
12058 8350 1652 8356
12059 8350 8356 16880
12060 8356 1801 8364
12061 8356 8364 16880
12062 8368 1537 8194
12063 8368 8194 16881
12064 8194 1538 8369
12065 8194 8369 16881
12066 8369 1639 8370
12067 8369 8370 16881
12068 8370 1640 8368
12069 8370 8368 16881
12070 8371 1533 8196
12071 8371 8196 16882
12072 8196 1537 8368
12073 8196 8368 16882
12074 8368 1640 8372
12075 8368 8372 16882
12076 8372 1641 8371
12077 8372 8371 16882
12078 8373 717 8193
12079 8373 8193 16883
12080 8193 1533 8371
12081 8193 8371 16883
12082 8371 1641 8374
12083 8371 8374 16883
12084 8374 718 8373
12085 8374 8373 16883
12086 8375 1637 7856
12087 8375 7856 16884
12088 7856 1643 8278
12089 7856 8278 16884
12090 8278 1642 8376
12091 8278 8376 16884
12092 8376 1636 8375
12093 8376 8375 16884
12094 8377 1531 7705
12095 8377 7705 16885
12096 7705 1532 8378
12097 7705 8378 16885
12098 8378 1634 8379
12099 8378 8379 16885
12100 8379 1635 8377
12101 8379 8377 16885
12102 8369 1538 7874
12103 8369 7874 16886
12104 7874 1531 8377
12105 7874 8377 16886
12106 8377 1635 8380
12107 8377 8380 16886
12108 8380 1639 8369
12109 8380 8369 16886
12110 8381 1819 8382
12111 8381 8382 16887
12112 8382 1820 8383
12113 8382 8383 16887
12114 8383 1640 8370
12115 8383 8370 16887
12116 8370 1639 8381
12117 8370 8381 16887
12118 8383 1820 8384
12119 8383 8384 16888
12120 8384 1821 8385
12121 8384 8385 16888
12122 8385 1641 8372
12123 8385 8372 16888
12124 8372 1640 8383
12125 8372 8383 16888
12126 8386 1775 8203
12127 8386 8203 16889
12128 8203 719 8387
12129 8203 8387 16889
12130 8387 710 8388
12131 8387 8388 16889
12132 8388 1776 8386
12133 8388 8386 16889
12134 8385 1821 8389
12135 8385 8389 16890
12136 8389 739 8390
12137 8389 8390 16890
12138 8390 718 8374
12139 8390 8374 16890
12140 8374 1641 8385
12141 8374 8385 16890
12142 8391 1781 8218
12143 8391 8218 16891
12144 8218 1775 8386
12145 8218 8386 16891
12146 8386 1776 8392
12147 8386 8392 16891
12148 8392 1780 8391
12149 8392 8391 16891
12150 8391 1780 8393
12151 8391 8393 16892
12152 8393 1638 8394
12153 8393 8394 16892
12154 8394 1606 8224
12155 8394 8224 16892
12156 8224 1781 8391
12157 8224 8391 16892
12158 8395 1822 8396
12159 8395 8396 16893
12160 8396 1635 8379
12161 8396 8379 16893
12162 8379 1634 8397
12163 8379 8397 16893
12164 8397 1823 8395
12165 8397 8395 16893
12166 8378 1532 7854
12167 8378 7854 16894
12168 7854 1637 8375
12169 7854 8375 16894
12170 8375 1636 8398
12171 8375 8398 16894
12172 8398 1634 8378
12173 8398 8378 16894
12174 8399 1823 8397
12175 8399 8397 16895
12176 8397 1634 8398
12177 8397 8398 16895
12178 8398 1636 8400
12179 8398 8400 16895
12180 8400 1633 8399
12181 8400 8399 16895
12182 8401 1594 8255
12183 8401 8255 16896
12184 8255 1606 8394
12185 8255 8394 16896
12186 8394 1638 8402
12187 8394 8402 16896
12188 8402 1633 8401
12189 8402 8401 16896
12190 8396 1822 8403
12191 8396 8403 16897
12192 8403 1819 8381
12193 8403 8381 16897
12194 8381 1639 8380
12195 8381 8380 16897
12196 8380 1635 8396
12197 8380 8396 16897
12198 8282 1787 8297
12199 8282 8297 16898
12200 8297 1594 8401
12201 8297 8401 16898
12202 8401 1633 8404
12203 8401 8404 16898
12204 8404 1790 8282
12205 8404 8282 16898
12206 8284 1790 8404
12207 8284 8404 16899
12208 8404 1633 8400
12209 8404 8400 16899
12210 8400 1636 8376
12211 8400 8376 16899
12212 8376 1642 8284
12213 8376 8284 16899
12214 8405 1824 8406
12215 8405 8406 16900
12216 8406 1819 8403
12217 8406 8403 16900
12218 8403 1822 8395
12219 8403 8395 16900
12220 8395 1823 8405
12221 8395 8405 16900
12222 8407 1825 8408
12223 8407 8408 16901
12224 8408 1820 8382
12225 8408 8382 16901
12226 8382 1819 8406
12227 8382 8406 16901
12228 8406 1824 8407
12229 8406 8407 16901
12230 8409 1826 8410
12231 8409 8410 16902
12232 8410 1821 8384
12233 8410 8384 16902
12234 8384 1820 8408
12235 8384 8408 16902
12236 8408 1825 8409
12237 8408 8409 16902
12238 8411 740 8412
12239 8411 8412 16903
12240 8412 739 8389
12241 8412 8389 16903
12242 8389 1821 8410
12243 8389 8410 16903
12244 8410 1826 8411
12245 8410 8411 16903
12246 8405 1823 8399
12247 8405 8399 16904
12248 8399 1633 8402
12249 8399 8402 16904
12250 8402 1638 8413
12251 8402 8413 16904
12252 8413 1824 8405
12253 8413 8405 16904
12254 8407 1824 8413
12255 8407 8413 16905
12256 8413 1638 8393
12257 8413 8393 16905
12258 8393 1780 8414
12259 8393 8414 16905
12260 8414 1825 8407
12261 8414 8407 16905
12262 8409 1825 8414
12263 8409 8414 16906
12264 8414 1780 8392
12265 8414 8392 16906
12266 8392 1776 8415
12267 8392 8415 16906
12268 8415 1826 8409
12269 8415 8409 16906
12270 8411 1826 8415
12271 8411 8415 16907
12272 8415 1776 8388
12273 8415 8388 16907
12274 8388 710 8416
12275 8388 8416 16907
12276 8416 740 8411
12277 8416 8411 16907
12278 8417 1276 7298
12279 8417 7298 16908
12280 7298 1277 8418
12281 7298 8418 16908
12282 8418 1280 8419
12283 8418 8419 16908
12284 8419 1279 8417
12285 8419 8417 16908
12286 7065 1152 8420
12287 7065 8420 16909
12288 8420 1280 8418
12289 8420 8418 16909
12290 8418 1277 7302
12291 8418 7302 16909
12292 7302 1154 7065
12293 7302 7065 16909
12294 8138 1056 7300
12295 8138 7300 16910
12296 7300 1276 8417
12297 7300 8417 16910
12298 8417 1279 8421
12299 8417 8421 16910
12300 8421 1055 8138
12301 8421 8138 16910
12302 8422 1291 8125
12303 8422 8125 16911
12304 8125 1288 7313
12305 8125 7313 16911
12306 7313 1285 8423
12307 7313 8423 16911
12308 8423 1289 8422
12309 8423 8422 16911
12310 8424 1771 8425
12311 8424 8425 16912
12312 8425 1296 8426
12313 8425 8426 16912
12314 8426 1162 8178
12315 8426 8178 16912
12316 8178 1770 8424
12317 8178 8424 16912
12318 8182 1766 8167
12319 8182 8167 16913
12320 8167 1764 8427
12321 8167 8427 16913
12322 8427 1769 8428
12323 8427 8428 16913
12324 8428 1768 8182
12325 8428 8182 16913
12326 8429 1771 8424
12327 8429 8424 16914
12328 8424 1770 8184
12329 8424 8184 16914
12330 8184 1768 8428
12331 8184 8428 16914
12332 8428 1769 8429
12333 8428 8429 16914
12334 8430 1285 7314
12335 8430 7314 16915
12336 7314 1283 7306
12337 7314 7306 16915
12338 7306 1164 8431
12339 7306 8431 16915
12340 8431 1284 8430
12341 8431 8430 16915
12342 8431 1164 7084
12343 8431 7084 16916
12344 7084 1163 8432
12345 7084 8432 16916
12346 8432 1286 8433
12347 8432 8433 16916
12348 8433 1284 8431
12349 8433 8431 16916
12350 8426 1296 8434
12351 8426 8434 16917
12352 8434 1286 8432
12353 8434 8432 16917
12354 8432 1163 8174
12355 8432 8174 16917
12356 8174 1162 8426
12357 8174 8426 16917
12358 8435 1280 8420
12359 8435 8420 16918
12360 8420 1152 8128
12361 8420 8128 16918
12362 8128 1292 8436
12363 8128 8436 16918
12364 8436 1293 8435
12365 8436 8435 16918
12366 8435 1293 8437
12367 8435 8437 16919
12368 8437 1281 8438
12369 8437 8438 16919
12370 8438 1279 8419
12371 8438 8419 16919
12372 8419 1280 8435
12373 8419 8435 16919
12374 8169 1055 8421
12375 8169 8421 16920
12376 8421 1279 8438
12377 8421 8438 16920
12378 8438 1281 8439
12379 8438 8439 16920
12380 8439 1059 8169
12381 8439 8169 16920
12382 8423 1285 8430
12383 8423 8430 16921
12384 8430 1284 8440
12385 8430 8440 16921
12386 8440 1290 8441
12387 8440 8441 16921
12388 8441 1289 8423
12389 8441 8423 16921
12390 8440 1284 8433
12391 8440 8433 16922
12392 8433 1286 8442
12393 8433 8442 16922
12394 8442 1827 8443
12395 8442 8443 16922
12396 8443 1290 8440
12397 8443 8440 16922
12398 8425 1771 8444
12399 8425 8444 16923
12400 8444 1772 8445
12401 8444 8445 16923
12402 8445 1294 8446
12403 8445 8446 16923
12404 8446 1296 8425
12405 8446 8425 16923
12406 8447 1297 8448
12407 8447 8448 16924
12408 8448 1769 8427
12409 8448 8427 16924
12410 8427 1764 8170
12411 8427 8170 16924
12412 8170 1059 8447
12413 8170 8447 16924
12414 8449 1772 8444
12415 8449 8444 16925
12416 8444 1771 8429
12417 8444 8429 16925
12418 8429 1769 8448
12419 8429 8448 16925
12420 8448 1297 8449
12421 8448 8449 16925
12422 8130 1759 8450
12423 8130 8450 16926
12424 8450 1760 8451
12425 8450 8451 16926
12426 8451 1293 8436
12427 8451 8436 16926
12428 8436 1292 8130
12429 8436 8130 16926
12430 8452 1760 8450
12431 8452 8450 16927
12432 8450 1759 8129
12433 8450 8129 16927
12434 8129 1291 8422
12435 8129 8422 16927
12436 8422 1289 8452
12437 8422 8452 16927
12438 8453 1760 8452
12439 8453 8452 16928
12440 8452 1289 8441
12441 8452 8441 16928
12442 8441 1290 8454
12443 8441 8454 16928
12444 8454 1761 8453
12445 8454 8453 16928
12446 8449 1297 8455
12447 8449 8455 16929
12448 8455 1298 8456
12449 8455 8456 16929
12450 8456 1828 8457
12451 8456 8457 16929
12452 8457 1772 8449
12453 8457 8449 16929
12454 8451 1760 8458
12455 8451 8458 16930
12456 8458 1298 8459
12457 8458 8459 16930
12458 8459 1281 8437
12459 8459 8437 16930
12460 8437 1293 8451
12461 8437 8451 16930
12462 8447 1059 8439
12463 8447 8439 16931
12464 8439 1281 8459
12465 8439 8459 16931
12466 8459 1298 8455
12467 8459 8455 16931
12468 8455 1297 8447
12469 8455 8447 16931
12470 8460 1827 8461
12471 8460 8461 16932
12472 8461 1294 8445
12473 8461 8445 16932
12474 8445 1772 8457
12475 8445 8457 16932
12476 8457 1828 8460
12477 8457 8460 16932
12478 8461 1827 8442
12479 8461 8442 16933
12480 8442 1286 8434
12481 8442 8434 16933
12482 8434 1296 8446
12483 8434 8446 16933
12484 8446 1294 8461
12485 8446 8461 16933
12486 8458 1760 8453
12487 8458 8453 16934
12488 8453 1761 8462
12489 8453 8462 16934
12490 8462 1828 8456
12491 8462 8456 16934
12492 8456 1298 8458
12493 8456 8458 16934
12494 8460 1828 8462
12495 8460 8462 16935
12496 8462 1761 8454
12497 8462 8454 16935
12498 8454 1290 8443
12499 8454 8443 16935
12500 8443 1827 8460
12501 8443 8460 16935
12502 8463 1227 8464
12503 8463 8464 16936
12504 8464 1232 8465
12505 8464 8465 16936
12506 8465 1231 7213
12507 8465 7213 16936
12508 7213 1226 8463
12509 7213 8463 16936
12510 7231 1254 8466
12511 7231 8466 16937
12512 8466 1830 8467
12513 8466 8467 16937
12514 8467 1831 8468
12515 8467 8468 16937
12516 8468 1253 7231
12517 8468 7231 16937
12518 7235 1256 8469
12519 7235 8469 16938
12520 8469 1832 8470
12521 8469 8470 16938
12522 8470 1833 8471
12523 8470 8471 16938
12524 8471 1255 7235
12525 8471 7235 16938
12526 7238 1259 8472
12527 7238 8472 16939
12528 8472 1835 8473
12529 8472 8473 16939
12530 8473 1836 8474
12531 8473 8474 16939
12532 8474 1260 7238
12533 8474 7238 16939
12534 7242 1261 8475
12535 7242 8475 16940
12536 8475 1837 8476
12537 8475 8476 16940
12538 8476 1830 8466
12539 8476 8466 16940
12540 8466 1254 7242
12541 8466 7242 16940
12542 7244 1263 8477
12543 7244 8477 16941
12544 8477 1839 8478
12545 8477 8478 16941
12546 8478 1838 8479
12547 8478 8479 16941
12548 8479 1262 7244
12549 8479 7244 16941
12550 7247 1266 8480
12551 7247 8480 16942
12552 8480 1840 8481
12553 8480 8481 16942
12554 8481 1841 8482
12555 8481 8482 16942
12556 8482 1265 7247
12557 8482 7247 16942
12558 7249 1267 8483
12559 7249 8483 16943
12560 8483 1842 8484
12561 8483 8484 16943
12562 8484 1837 8475
12563 8484 8475 16943
12564 8475 1261 7249
12565 8475 7249 16943
12566 7251 1260 8474
12567 7251 8474 16944
12568 8474 1836 8485
12569 8474 8485 16944
12570 8485 1842 8483
12571 8485 8483 16944
12572 8483 1267 7251
12573 8483 7251 16944
12574 7252 1268 8486
12575 7252 8486 16945
12576 8486 1843 8487
12577 8486 8487 16945
12578 8487 1835 8472
12579 8487 8472 16945
12580 8472 1259 7252
12581 8472 7252 16945
12582 7255 1269 8488
12583 7255 8488 16946
12584 8488 1844 8489
12585 8488 8489 16946
12586 8489 1840 8480
12587 8489 8480 16946
12588 8480 1266 7255
12589 8480 7255 16946
12590 7256 1262 8479
12591 7256 8479 16947
12592 8479 1838 8490
12593 8479 8490 16947
12594 8490 1844 8488
12595 8490 8488 16947
12596 8488 1269 7256
12597 8488 7256 16947
12598 7410 1255 8471
12599 7410 8471 16948
12600 8471 1833 8491
12601 8471 8491 16948
12602 8491 1846 8492
12603 8491 8492 16948
12604 8492 1295 7410
12605 8492 7410 16948
12606 7413 1295 8492
12607 7413 8492 16949
12608 8492 1846 8493
12609 8492 8493 16949
12610 8493 1847 8494
12611 8493 8494 16949
12612 8494 1354 7413
12613 8494 7413 16949
12614 7634 1265 8482
12615 7634 8482 16950
12616 8482 1841 8495
12617 8482 8495 16950
12618 8495 1832 8469
12619 8495 8469 16950
12620 8469 1256 7634
12621 8469 7634 16950
12622 7191 1243 8496
12623 7191 8496 16951
12624 8496 1257 8497
12625 8496 8497 16951
12626 8497 1252 8498
12627 8497 8498 16951
12628 8498 1244 7191
12629 8498 7191 16951
12630 7258 1230 7237
12631 7258 7237 16952
12632 7237 1258 8499
12633 7237 8499 16952
12634 8499 1257 8496
12635 8499 8496 16952
12636 8496 1243 7258
12637 8496 7258 16952
12638 8500 1869 8501
12639 8500 8501 16953
12640 8501 1257 8499
12641 8501 8499 16953
12642 8499 1258 8502
12643 8499 8502 16953
12644 8502 1834 8500
12645 8502 8500 16953
12646 7236 1253 8468
12647 7236 8468 16954
12648 8468 1831 8503
12649 8468 8503 16954
12650 8503 1834 8502
12651 8503 8502 16954
12652 8502 1258 7236
12653 8502 7236 16954
12654 8504 1833 8470
12655 8504 8470 16955
12656 8470 1832 8505
12657 8470 8505 16955
12658 8505 1852 8506
12659 8505 8506 16955
12660 8506 1853 8504
12661 8506 8504 16955
12662 8507 1836 8473
12663 8507 8473 16956
12664 8473 1835 8508
12665 8473 8508 16956
12666 8508 1855 8509
12667 8508 8509 16956
12668 8509 1856 8507
12669 8509 8507 16956
12670 8476 1837 8510
12671 8476 8510 16957
12672 8510 1857 8511
12673 8510 8511 16957
12674 8511 1850 8512
12675 8511 8512 16957
12676 8512 1830 8476
12677 8512 8476 16957
12678 8481 1840 8513
12679 8481 8513 16958
12680 8513 1860 8514
12681 8513 8514 16958
12682 8514 1861 8515
12683 8514 8515 16958
12684 8515 1841 8481
12685 8515 8481 16958
12686 8484 1842 8516
12687 8484 8516 16959
12688 8516 1862 8517
12689 8516 8517 16959
12690 8517 1857 8510
12691 8517 8510 16959
12692 8510 1837 8484
12693 8510 8484 16959
12694 8485 1836 8507
12695 8485 8507 16960
12696 8507 1856 8518
12697 8507 8518 16960
12698 8518 1862 8516
12699 8518 8516 16960
12700 8516 1842 8485
12701 8516 8485 16960
12702 8513 1840 8489
12703 8513 8489 16961
12704 8489 1844 8519
12705 8489 8519 16961
12706 8519 1864 8520
12707 8519 8520 16961
12708 8520 1860 8513
12709 8520 8513 16961
12710 8521 1846 8491
12711 8521 8491 16962
12712 8491 1833 8504
12713 8491 8504 16962
12714 8504 1853 8522
12715 8504 8522 16962
12716 8522 1866 8521
12717 8522 8521 16962
12718 8505 1832 8495
12719 8505 8495 16963
12720 8495 1841 8515
12721 8495 8515 16963
12722 8515 1861 8523
12723 8515 8523 16963
12724 8523 1852 8505
12725 8523 8505 16963
12726 8524 1885 8525
12727 8524 8525 16964
12728 8525 1912 8526
12729 8525 8526 16964
12730 8526 1913 8527
12731 8526 8527 16964
12732 8527 1884 8524
12733 8527 8524 16964
12734 8528 1884 8527
12735 8528 8527 16965
12736 8527 1913 8529
12737 8527 8529 16965
12738 8529 1914 8530
12739 8529 8530 16965
12740 8530 1883 8528
12741 8530 8528 16965
12742 8528 1883 8531
12743 8528 8531 16966
12744 8531 1897 8532
12745 8531 8532 16966
12746 8532 1898 8533
12747 8532 8533 16966
12748 8533 1884 8528
12749 8533 8528 16966
12750 8524 1884 8533
12751 8524 8533 16967
12752 8533 1898 8534
12753 8533 8534 16967
12754 8534 1899 8535
12755 8534 8535 16967
12756 8535 1885 8524
12757 8535 8524 16967
12758 8525 1885 8536
12759 8525 8536 16968
12760 8536 1871 8537
12761 8536 8537 16968
12762 8537 1911 8538
12763 8537 8538 16968
12764 8538 1912 8525
12765 8538 8525 16968
12766 8539 1871 8536
12767 8539 8536 16969
12768 8536 1885 8535
12769 8536 8535 16969
12770 8535 1899 8540
12771 8535 8540 16969
12772 8540 1900 8539
12773 8540 8539 16969
12774 8467 1830 8512
12775 8467 8512 16970
12776 8512 1850 8541
12777 8512 8541 16970
12778 8541 1851 8542
12779 8541 8542 16970
12780 8542 1831 8467
12781 8542 8467 16970
12782 8543 1872 8544
12783 8543 8544 16971
12784 8544 1910 8545
12785 8544 8545 16971
12786 8545 1911 8537
12787 8545 8537 16971
12788 8537 1871 8543
12789 8537 8543 16971
12790 8546 1872 8543
12791 8546 8543 16972
12792 8543 1871 8539
12793 8543 8539 16972
12794 8539 1900 8547
12795 8539 8547 16972
12796 8547 1901 8546
12797 8547 8546 16972
12798 8503 1831 8542
12799 8503 8542 16973
12800 8542 1851 8548
12801 8542 8548 16973
12802 8548 1854 8549
12803 8548 8549 16973
12804 8549 1834 8503
12805 8549 8503 16973
12806 8550 1838 8478
12807 8550 8478 16974
12808 8478 1839 8551
12809 8478 8551 16974
12810 8551 1859 8552
12811 8551 8552 16974
12812 8552 1858 8550
12813 8552 8550 16974
12814 8519 1844 8490
12815 8519 8490 16975
12816 8490 1838 8550
12817 8490 8550 16975
12818 8550 1858 8553
12819 8550 8553 16975
12820 8553 1864 8519
12821 8553 8519 16975
12822 8554 1874 8555
12823 8554 8555 16976
12824 8555 1873 8556
12825 8555 8556 16976
12826 8556 1902 8557
12827 8556 8557 16976
12828 8557 1903 8554
12829 8557 8554 16976
12830 8558 1870 8559
12831 8558 8559 16977
12832 8559 1869 8500
12833 8559 8500 16977
12834 8500 1834 8549
12835 8500 8549 16977
12836 8549 1854 8558
12837 8549 8558 16977
12838 8556 1873 8560
12839 8556 8560 16978
12840 8560 1872 8546
12841 8560 8546 16978
12842 8546 1901 8561
12843 8546 8561 16978
12844 8561 1902 8556
12845 8561 8556 16978
12846 8562 1910 8544
12847 8562 8544 16979
12848 8544 1872 8560
12849 8544 8560 16979
12850 8560 1873 8563
12851 8560 8563 16979
12852 8563 1909 8562
12853 8563 8562 16979
12854 8564 1849 8565
12855 8564 8565 16980
12856 8565 1907 8566
12857 8565 8566 16980
12858 8566 1908 8567
12859 8566 8567 16980
12860 8567 1874 8564
12861 8567 8564 16980
12862 8555 1874 8567
12863 8555 8567 16981
12864 8567 1908 8568
12865 8567 8568 16981
12866 8568 1909 8563
12867 8568 8563 16981
12868 8563 1873 8555
12869 8563 8555 16981
12870 8554 1903 8569
12871 8554 8569 16982
12872 8569 1904 8570
12873 8569 8570 16982
12874 8570 1849 8564
12875 8570 8564 16982
12876 8564 1874 8554
12877 8564 8554 16982
12878 8571 1270 8572
12879 8571 8572 16983
12880 8572 1268 7253
12881 8572 7253 16983
12882 7253 1242 7207
12883 7253 7207 16983
12884 7207 1231 8571
12885 7207 8571 16983
12886 8487 1843 8573
12887 8487 8573 16984
12888 8573 1863 8574
12889 8573 8574 16984
12890 8574 1855 8508
12891 8574 8508 16984
12892 8508 1835 8487
12893 8508 8487 16984
12894 8575 1886 8576
12895 8575 8576 16985
12896 8576 1270 8571
12897 8576 8571 16985
12898 8571 1231 8465
12899 8571 8465 16985
12900 8465 1232 8575
12901 8465 8575 16985
12902 8577 1867 8578
12903 8577 8578 16986
12904 8578 1847 8493
12905 8578 8493 16986
12906 8493 1846 8521
12907 8493 8521 16986
12908 8521 1866 8577
12909 8521 8577 16986
12910 8575 1232 8579
12911 8575 8579 16987
12912 8579 1881 8580
12913 8579 8580 16987
12914 8580 1887 8581
12915 8580 8581 16987
12916 8581 1886 8575
12917 8581 8575 16987
12918 8582 1883 8530
12919 8582 8530 16988
12920 8530 1914 8583
12921 8530 8583 16988
12922 8583 1915 8584
12923 8583 8584 16988
12924 8584 1882 8582
12925 8584 8582 16988
12926 8582 1882 8585
12927 8582 8585 16989
12928 8585 1896 8586
12929 8585 8586 16989
12930 8586 1897 8531
12931 8586 8531 16989
12932 8531 1883 8582
12933 8531 8582 16989
12934 8587 1396 8588
12935 8587 8588 16990
12936 8588 1406 8589
12937 8588 8589 16990
12938 8589 1887 8580
12939 8589 8580 16990
12940 8580 1881 8587
12941 8580 8587 16990
12942 8486 1268 8572
12943 8486 8572 16991
12944 8572 1270 8590
12945 8572 8590 16991
12946 8590 1845 8591
12947 8590 8591 16991
12948 8591 1843 8486
12949 8591 8486 16991
12950 8592 1865 8593
12951 8592 8593 16992
12952 8593 1845 8590
12953 8593 8590 16992
12954 8590 1270 8576
12955 8590 8576 16992
12956 8576 1886 8592
12957 8576 8592 16992
12958 8594 1863 8573
12959 8594 8573 16993
12960 8573 1843 8591
12961 8573 8591 16993
12962 8591 1845 8593
12963 8591 8593 16993
12964 8593 1865 8594
12965 8593 8594 16993
12966 8595 1355 8596
12967 8595 8596 16994
12968 8596 1354 8494
12969 8596 8494 16994
12970 8494 1847 8597
12971 8494 8597 16994
12972 8597 1848 8595
12973 8597 8595 16994
12974 8598 1355 8595
12975 8598 8595 16995
12976 8595 1848 8599
12977 8595 8599 16995
12978 8599 1868 8600
12979 8599 8600 16995
12980 8600 1893 8598
12981 8600 8598 16995
12982 8601 1895 8602
12983 8601 8602 16996
12984 8602 1896 8585
12985 8602 8585 16996
12986 8585 1882 8603
12987 8585 8603 16996
12988 8603 1894 8601
12989 8603 8601 16996
12990 8599 1848 8597
12991 8599 8597 16997
12992 8597 1847 8578
12993 8597 8578 16997
12994 8578 1867 8604
12995 8578 8604 16997
12996 8604 1868 8599
12997 8604 8599 16997
12998 8603 1882 8584
12999 8603 8584 16998
13000 8584 1915 8605
13001 8584 8605 16998
13002 8605 1916 8606
13003 8605 8606 16998
13004 8606 1894 8603
13005 8606 8603 16998
13006 8589 1406 8607
13007 8589 8607 16999
13008 8607 1894 8606
13009 8607 8606 16999
13010 8606 1916 8608
13011 8606 8608 16999
13012 8608 1887 8589
13013 8608 8589 16999
13014 8609 1889 8610
13015 8609 8610 17000
13016 8610 1890 8611
13017 8610 8611 17000
13018 8611 1406 8588
13019 8611 8588 17000
13020 8588 1396 8609
13021 8588 8609 17000
13022 8601 1894 8607
13023 8601 8607 17001
13024 8607 1406 8611
13025 8607 8611 17001
13026 8611 1890 8612
13027 8611 8612 17001
13028 8612 1895 8601
13029 8612 8601 17001
13030 8613 1895 8612
13031 8613 8612 17002
13032 8612 1890 8614
13033 8612 8614 17002
13034 8614 1893 8600
13035 8614 8600 17002
13036 8600 1868 8613
13037 8600 8613 17002
13038 8602 1895 8613
13039 8602 8613 17003
13040 8613 1868 8604
13041 8613 8604 17003
13042 8604 1867 8615
13043 8604 8615 17003
13044 8615 1896 8602
13045 8615 8602 17003
13046 8586 1896 8615
13047 8586 8615 17004
13048 8615 1867 8577
13049 8615 8577 17004
13050 8577 1866 8616
13051 8577 8616 17004
13052 8616 1897 8586
13053 8616 8586 17004
13054 8532 1897 8616
13055 8532 8616 17005
13056 8616 1866 8522
13057 8616 8522 17005
13058 8522 1853 8617
13059 8522 8617 17005
13060 8617 1898 8532
13061 8617 8532 17005
13062 8534 1898 8617
13063 8534 8617 17006
13064 8617 1853 8506
13065 8617 8506 17006
13066 8506 1852 8618
13067 8506 8618 17006
13068 8618 1899 8534
13069 8618 8534 17006
13070 8619 1900 8540
13071 8619 8540 17007
13072 8540 1899 8618
13073 8540 8618 17007
13074 8618 1852 8523
13075 8618 8523 17007
13076 8523 1861 8619
13077 8523 8619 17007
13078 8620 1901 8547
13079 8620 8547 17008
13080 8547 1900 8619
13081 8547 8619 17008
13082 8619 1861 8514
13083 8619 8514 17008
13084 8514 1860 8620
13085 8514 8620 17008
13086 8621 1902 8561
13087 8621 8561 17009
13088 8561 1901 8620
13089 8561 8620 17009
13090 8620 1860 8520
13091 8620 8520 17009
13092 8520 1864 8621
13093 8520 8621 17009
13094 8622 1903 8557
13095 8622 8557 17010
13096 8557 1902 8621
13097 8557 8621 17010
13098 8621 1864 8553
13099 8621 8553 17010
13100 8553 1858 8622
13101 8553 8622 17010
13102 8569 1903 8622
13103 8569 8622 17011
13104 8622 1858 8552
13105 8622 8552 17011
13106 8552 1859 8623
13107 8552 8623 17011
13108 8623 1904 8569
13109 8623 8569 17011
13110 8501 1869 8624
13111 8501 8624 17012
13112 8624 1906 8625
13113 8624 8625 17012
13114 8625 1252 8497
13115 8625 8497 17012
13116 8497 1257 8501
13117 8497 8501 17012
13118 8626 1906 8624
13119 8626 8624 17013
13120 8624 1869 8559
13121 8624 8559 17013
13122 8559 1870 8627
13123 8559 8627 17013
13124 8627 1907 8626
13125 8627 8626 17013
13126 8566 1907 8627
13127 8566 8627 17014
13128 8627 1870 8558
13129 8627 8558 17014
13130 8558 1854 8628
13131 8558 8628 17014
13132 8628 1908 8566
13133 8628 8566 17014
13134 8568 1908 8628
13135 8568 8628 17015
13136 8628 1854 8548
13137 8628 8548 17015
13138 8548 1851 8629
13139 8548 8629 17015
13140 8629 1909 8568
13141 8629 8568 17015
13142 8541 1850 8630
13143 8541 8630 17016
13144 8630 1910 8562
13145 8630 8562 17016
13146 8562 1909 8629
13147 8562 8629 17016
13148 8629 1851 8541
13149 8629 8541 17016
13150 8545 1910 8630
13151 8545 8630 17017
13152 8630 1850 8511
13153 8630 8511 17017
13154 8511 1857 8631
13155 8511 8631 17017
13156 8631 1911 8545
13157 8631 8545 17017
13158 8632 1912 8538
13159 8632 8538 17018
13160 8538 1911 8631
13161 8538 8631 17018
13162 8631 1857 8517
13163 8631 8517 17018
13164 8517 1862 8632
13165 8517 8632 17018
13166 8526 1912 8632
13167 8526 8632 17019
13168 8632 1862 8518
13169 8632 8518 17019
13170 8518 1856 8633
13171 8518 8633 17019
13172 8633 1913 8526
13173 8633 8526 17019
13174 8529 1913 8633
13175 8529 8633 17020
13176 8633 1856 8509
13177 8633 8509 17020
13178 8509 1855 8634
13179 8509 8634 17020
13180 8634 1914 8529
13181 8634 8529 17020
13182 8583 1914 8634
13183 8583 8634 17021
13184 8634 1855 8574
13185 8634 8574 17021
13186 8574 1863 8635
13187 8574 8635 17021
13188 8635 1915 8583
13189 8635 8583 17021
13190 8605 1915 8635
13191 8605 8635 17022
13192 8635 1863 8594
13193 8635 8594 17022
13194 8594 1865 8636
13195 8594 8636 17022
13196 8636 1916 8605
13197 8636 8605 17022
13198 8608 1916 8636
13199 8608 8636 17023
13200 8636 1865 8592
13201 8636 8592 17023
13202 8592 1886 8581
13203 8592 8581 17023
13204 8581 1887 8608
13205 8581 8608 17023
13206 8637 951 8638
13207 8637 8638 17024
13208 8638 952 6984
13209 8638 6984 17024
13210 6984 1099 8639
13211 6984 8639 17024
13212 8639 1102 8637
13213 8639 8637 17024
13214 8640 1121 7047
13215 8640 7047 17025
13216 7047 1120 8641
13217 7047 8641 17025
13218 8641 1119 8642
13219 8641 8642 17025
13220 8642 1118 8640
13221 8642 8640 17025
13222 8643 1125 7050
13223 8643 7050 17026
13224 7050 1124 8644
13225 7050 8644 17026
13226 8644 1123 8645
13227 8644 8645 17026
13228 8645 1122 8643
13229 8645 8643 17026
13230 7055 1126 8646
13231 7055 8646 17027
13232 8646 1127 8647
13233 8646 8647 17027
13234 8647 1133 8648
13235 8647 8648 17027
13236 8648 1132 7055
13237 8648 7055 17027
13238 8649 1102 8639
13239 8649 8639 17028
13240 8639 1099 6980
13241 8639 6980 17028
13242 6980 1100 8650
13243 6980 8650 17028
13244 8650 1142 8649
13245 8650 8649 17028
13246 8651 1123 8644
13247 8651 8644 17029
13248 8644 1124 7052
13249 8644 7052 17029
13250 7052 1132 8648
13251 7052 8648 17029
13252 8648 1133 8651
13253 8648 8651 17029
13254 8652 1143 8653
13255 8652 8653 17030
13256 8653 1142 8650
13257 8653 8650 17030
13258 8650 1100 7015
13259 8650 7015 17030
13260 7015 1128 8652
13261 7015 8652 17030
13262 8654 1919 8655
13263 8654 8655 17031
13264 8655 1102 8649
13265 8655 8649 17031
13266 8649 1142 8656
13267 8649 8656 17031
13268 8656 1920 8654
13269 8656 8654 17031
13270 8657 1920 8656
13271 8657 8656 17032
13272 8656 1142 8653
13273 8656 8653 17032
13274 8653 1143 8658
13275 8653 8658 17032
13276 8658 1921 8657
13277 8658 8657 17032
13278 8659 1921 8658
13279 8659 8658 17033
13280 8658 1143 8660
13281 8658 8660 17033
13282 8660 1147 8661
13283 8660 8661 17033
13284 8661 1922 8659
13285 8661 8659 17033
13286 8662 1923 8663
13287 8662 8663 17034
13288 8663 1151 8664
13289 8663 8664 17034
13290 8664 1150 8665
13291 8664 8665 17034
13292 8665 1924 8662
13293 8665 8662 17034
13294 7097 1161 8666
13295 7097 8666 17035
13296 8666 1150 8664
13297 8666 8664 17035
13298 8664 1151 8667
13299 8664 8667 17035
13300 8667 1160 7097
13301 8667 7097 17035
13302 7104 1166 8668
13303 7104 8668 17036
13304 8668 1147 8660
13305 8668 8660 17036
13306 8660 1143 8669
13307 8660 8669 17036
13308 8669 1167 7104
13309 8669 7104 17036
13310 7119 1167 8669
13311 7119 8669 17037
13312 8669 1143 8652
13313 8669 8652 17037
13314 8652 1128 7117
13315 8652 7117 17037
13316 7117 1177 7119
13317 7117 7119 17037
13318 8640 1118 8670
13319 8640 8670 17038
13320 8670 1333 8671
13321 8670 8671 17038
13322 8671 1332 7402
13323 8671 7402 17038
13324 7402 1121 8640
13325 7402 8640 17038
13326 8672 1924 8665
13327 8672 8665 17039
13328 8665 1150 8673
13329 8665 8673 17039
13330 8673 1347 8674
13331 8673 8674 17039
13332 8674 1925 8672
13333 8674 8672 17039
13334 7406 1348 8675
13335 7406 8675 17040
13336 8675 1347 8673
13337 8675 8673 17040
13338 8673 1150 8666
13339 8673 8666 17040
13340 8666 1161 7406
13341 8666 7406 17040
13342 8676 1359 8677
13343 8676 8677 17041
13344 8677 1329 8678
13345 8677 8678 17041
13346 8678 1330 7418
13347 8678 7418 17041
13348 7418 1360 8676
13349 7418 8676 17041
13350 8676 1360 7428
13351 8676 7428 17042
13352 7428 1332 8671
13353 7428 8671 17042
13354 8671 1333 8679
13355 8671 8679 17042
13356 8679 1359 8676
13357 8679 8676 17042
13358 8680 1925 8674
13359 8680 8674 17043
13360 8674 1347 8681
13361 8674 8681 17043
13362 8681 1356 8682
13363 8681 8682 17043
13364 8682 1926 8680
13365 8682 8680 17043
13366 7430 1358 8683
13367 7430 8683 17044
13368 8683 1356 8681
13369 8683 8681 17044
13370 8681 1347 8675
13371 8681 8675 17044
13372 8675 1348 7430
13373 8675 7430 17044
13374 7642 1160 8667
13375 7642 8667 17045
13376 8667 1151 8684
13377 8667 8684 17045
13378 8684 1147 8668
13379 8684 8668 17045
13380 8668 1166 7642
13381 8668 7642 17045
13382 8685 1922 8661
13383 8685 8661 17046
13384 8661 1147 8684
13385 8661 8684 17046
13386 8684 1151 8663
13387 8684 8663 17046
13388 8663 1923 8685
13389 8663 8685 17046
13390 8641 1120 7644
13391 8641 7644 17047
13392 7644 1125 8643
13393 7644 8643 17047
13394 8643 1122 8686
13395 8643 8686 17047
13396 8686 1119 8641
13397 8686 8641 17047
13398 8687 1331 7401
13399 8687 7401 17048
13400 7401 1330 8678
13401 7401 8678 17048
13402 8678 1329 8688
13403 8678 8688 17048
13404 8688 1328 8687
13405 8688 8687 17048
13406 8687 1328 8689
13407 8687 8689 17049
13408 8689 1375 8690
13409 8689 8690 17049
13410 8690 1377 7469
13411 8690 7469 17049
13412 7469 1331 8687
13413 7469 8687 17049
13414 8691 1386 7477
13415 8691 7477 17050
13416 7477 1377 8690
13417 7477 8690 17050
13418 8690 1375 8692
13419 8690 8692 17050
13420 8692 1387 8691
13421 8692 8691 17050
13422 8693 1398 7487
13423 8693 7487 17051
13424 7487 1386 8691
13425 7487 8691 17051
13426 8691 1387 8694
13427 8691 8694 17051
13428 8694 1399 8693
13429 8694 8693 17051
13430 7484 1398 8693
13431 7484 8693 17052
13432 8693 1399 8695
13433 8693 8695 17052
13434 8695 1466 8696
13435 8695 8696 17052
13436 8696 1390 7484
13437 8696 7484 17052
13438 8697 1927 8698
13439 8697 8698 17053
13440 8698 1329 8677
13441 8698 8677 17053
13442 8677 1359 8699
13443 8677 8699 17053
13444 8699 1926 8697
13445 8699 8697 17053
13446 8680 1926 8699
13447 8680 8699 17054
13448 8699 1359 8679
13449 8699 8679 17054
13450 8679 1333 8700
13451 8679 8700 17054
13452 8700 1925 8680
13453 8700 8680 17054
13454 8672 1925 8700
13455 8672 8700 17055
13456 8700 1333 8670
13457 8700 8670 17055
13458 8670 1118 8701
13459 8670 8701 17055
13460 8701 1924 8672
13461 8701 8672 17055
13462 8662 1924 8701
13463 8662 8701 17056
13464 8701 1118 8642
13465 8701 8642 17056
13466 8642 1119 8702
13467 8642 8702 17056
13468 8702 1923 8662
13469 8702 8662 17056
13470 8685 1923 8702
13471 8685 8702 17057
13472 8702 1119 8686
13473 8702 8686 17057
13474 8686 1122 8703
13475 8686 8703 17057
13476 8703 1922 8685
13477 8703 8685 17057
13478 8659 1922 8703
13479 8659 8703 17058
13480 8703 1122 8645
13481 8703 8645 17058
13482 8645 1123 8704
13483 8645 8704 17058
13484 8704 1921 8659
13485 8704 8659 17058
13486 8657 1921 8704
13487 8657 8704 17059
13488 8704 1123 8651
13489 8704 8651 17059
13490 8651 1133 8705
13491 8651 8705 17059
13492 8705 1920 8657
13493 8705 8657 17059
13494 8654 1920 8705
13495 8654 8705 17060
13496 8705 1133 8647
13497 8705 8647 17060
13498 8647 1127 8706
13499 8647 8706 17060
13500 8706 1919 8654
13501 8706 8654 17060
13502 8707 1954 8708
13503 8707 8708 17061
13504 8708 1464 8709
13505 8708 8709 17061
13506 8709 1421 7522
13507 8709 7522 17061
13508 7522 1953 8707
13509 7522 8707 17061
13510 7077 1158 8710
13511 7077 8710 17062
13512 8710 1877 8711
13513 8710 8711 17062
13514 8711 1468 7569
13515 8711 7569 17062
13516 7569 1096 7077
13517 7569 7077 17062
13518 8712 1158 7076
13519 8712 7076 17063
13520 7076 1876 6916
13521 7076 6916 17063
13522 6916 1054 8713
13523 6916 8713 17063
13524 8713 1463 8712
13525 8713 8712 17063
13526 8714 1463 8713
13527 8714 8713 17064
13528 8713 1054 7061
13529 8713 7061 17064
13530 7061 1146 8715
13531 7061 8715 17064
13532 8715 1465 8714
13533 8715 8714 17064
13534 7478 1390 8696
13535 7478 8696 17065
13536 8696 1466 8716
13537 8696 8716 17065
13538 8716 1465 8715
13539 8716 8715 17065
13540 8715 1146 7478
13541 8715 7478 17065
13542 8717 1877 8710
13543 8717 8710 17066
13544 8710 1158 8712
13545 8710 8712 17066
13546 8712 1463 8718
13547 8712 8718 17066
13548 8718 1469 8717
13549 8718 8717 17066
13550 8719 1469 8718
13551 8719 8718 17067
13552 8718 1463 8714
13553 8718 8714 17067
13554 8714 1465 8720
13555 8714 8720 17067
13556 8720 1929 8719
13557 8720 8719 17067
13558 8721 1927 8697
13559 8721 8697 17068
13560 8697 1926 8682
13561 8697 8682 17068
13562 8682 1356 8722
13563 8682 8722 17068
13564 8722 1346 8721
13565 8722 8721 17068
13566 8723 1933 8724
13567 8723 8724 17069
13568 8724 1931 8725
13569 8724 8725 17069
13570 8725 1399 8694
13571 8725 8694 17069
13572 8694 1387 8723
13573 8694 8723 17069
13574 8726 1932 8727
13575 8726 8727 17070
13576 8727 1933 8723
13577 8727 8723 17070
13578 8723 1387 8692
13579 8723 8692 17070
13580 8692 1375 8726
13581 8692 8726 17070
13582 8728 1928 8729
13583 8728 8729 17071
13584 8729 1932 8726
13585 8729 8726 17071
13586 8726 1375 8689
13587 8726 8689 17071
13588 8689 1328 8728
13589 8689 8728 17071
13590 8698 1927 8730
13591 8698 8730 17072
13592 8730 1928 8728
13593 8730 8728 17072
13594 8728 1328 8688
13595 8728 8688 17072
13596 8688 1329 8698
13597 8688 8698 17072
13598 8695 1399 8725
13599 8695 8725 17073
13600 8725 1931 8731
13601 8725 8731 17073
13602 8731 1930 8732
13603 8731 8732 17073
13604 8732 1466 8695
13605 8732 8695 17073
13606 8716 1466 8732
13607 8716 8732 17074
13608 8732 1930 8733
13609 8732 8733 17074
13610 8733 1929 8720
13611 8733 8720 17074
13612 8720 1465 8716
13613 8720 8716 17074
13614 8734 1957 8735
13615 8734 8735 17075
13616 8735 1958 8736
13617 8735 8736 17075
13618 8736 1405 8737
13619 8736 8737 17075
13620 8737 1472 8734
13621 8737 8734 17075
13622 7433 1961 8738
13623 7433 8738 17076
13624 8738 1364 7431
13625 8738 7431 17076
13626 7431 1338 8739
13627 7431 8739 17076
13628 8739 1962 7433
13629 8739 7433 17076
13630 7392 1962 8739
13631 7392 8739 17077
13632 8739 1338 7404
13633 8739 7404 17077
13634 7404 1112 8740
13635 7404 8740 17077
13636 8740 1963 7392
13637 8740 7392 17077
13638 7007 1963 8740
13639 7007 8740 17078
13640 8740 1112 7099
13641 8740 7099 17078
13642 7099 1111 8741
13643 7099 8741 17078
13644 8741 1964 7007
13645 8741 7007 17078
13646 8742 1965 7640
13647 8742 7640 17079
13648 7640 1964 8741
13649 7640 8741 17079
13650 8741 1111 7641
13651 8741 7641 17079
13652 7641 1168 8742
13653 7641 8742 17079
13654 7107 1965 8742
13655 7107 8742 17080
13656 8742 1168 7102
13657 8742 7102 17080
13658 7102 1169 8743
13659 7102 8743 17080
13660 8743 1966 7107
13661 8743 7107 17080
13662 7121 1966 8743
13663 7121 8743 17081
13664 8743 1169 7120
13665 8743 7120 17081
13666 7120 1178 8744
13667 7120 8744 17081
13668 8744 1967 7121
13669 8744 7121 17081
13670 7124 1967 8744
13671 7124 8744 17082
13672 8744 1178 7114
13673 8744 7114 17082
13674 7114 1172 8745
13675 7114 8745 17082
13676 8745 1968 7124
13677 8745 7124 17082
13678 8746 1402 8747
13679 8746 8747 17083
13680 8747 1400 8748
13681 8747 8748 17083
13682 8748 1397 8749
13683 8748 8749 17083
13684 8749 1405 8746
13685 8749 8746 17083
13686 8750 1928 8730
13687 8750 8730 17084
13688 8730 1927 8721
13689 8730 8721 17084
13690 8721 1346 8751
13691 8721 8751 17084
13692 8751 1345 8750
13693 8751 8750 17084
13694 8746 1405 8736
13695 8746 8736 17085
13696 8736 1958 8752
13697 8736 8752 17085
13698 8752 1959 8753
13699 8752 8753 17085
13700 8753 1402 8746
13701 8753 8746 17085
13702 8754 1961 7432
13703 8754 7432 17086
13704 7432 1365 8755
13705 7432 8755 17086
13706 8755 1381 8756
13707 8755 8756 17086
13708 8756 1960 8754
13709 8756 8754 17086
13710 8757 1979 8758
13711 8757 8758 17087
13712 8758 1978 8759
13713 8758 8759 17087
13714 8759 1400 8747
13715 8759 8747 17087
13716 8747 1402 8757
13717 8747 8757 17087
13718 8760 1358 7429
13719 8760 7429 17088
13720 7429 1364 8761
13721 7429 8761 17088
13722 8761 1380 8762
13723 8761 8762 17088
13724 8762 1357 8760
13725 8762 8760 17088
13726 8760 1357 8763
13727 8760 8763 17089
13728 8763 1346 8722
13729 8763 8722 17089
13730 8722 1356 8683
13731 8722 8683 17089
13732 8683 1358 8760
13733 8683 8760 17089
13734 8764 1980 8765
13735 8764 8765 17090
13736 8765 1979 8757
13737 8765 8757 17090
13738 8757 1402 8753
13739 8757 8753 17090
13740 8753 1959 8764
13741 8753 8764 17090
13742 8761 1364 8738
13743 8761 8738 17091
13744 8738 1961 8754
13745 8738 8754 17091
13746 8754 1960 8766
13747 8754 8766 17091
13748 8766 1380 8761
13749 8766 8761 17091
13750 8767 1985 8768
13751 8767 8768 17092
13752 8768 1979 8765
13753 8768 8765 17092
13754 8765 1980 8769
13755 8765 8769 17092
13756 8769 1984 8767
13757 8769 8767 17092
13758 8767 1984 8770
13759 8767 8770 17093
13760 8770 1960 8756
13761 8770 8756 17093
13762 8756 1381 8771
13763 8756 8771 17093
13764 8771 1985 8767
13765 8771 8767 17093
13766 8772 1444 8773
13767 8772 8773 17094
13768 8773 1438 7568
13769 8773 7568 17094
13770 7568 1468 8774
13771 7568 8774 17094
13772 8774 1467 8772
13773 8774 8772 17094
13774 8775 1467 8774
13775 8775 8774 17095
13776 8774 1468 8711
13777 8774 8711 17095
13778 8711 1877 8776
13779 8711 8776 17095
13780 8776 1471 8775
13781 8776 8775 17095
13782 8777 1989 8778
13783 8777 8778 17096
13784 8778 1467 8775
13785 8778 8775 17096
13786 8775 1471 8779
13787 8775 8779 17096
13788 8779 1990 8777
13789 8779 8777 17096
13790 8780 1990 8779
13791 8780 8779 17097
13792 8779 1471 8781
13793 8779 8781 17097
13794 8781 1937 8782
13795 8781 8782 17097
13796 8782 1991 8780
13797 8782 8780 17097
13798 8717 1469 8783
13799 8717 8783 17098
13800 8783 1937 8781
13801 8783 8781 17098
13802 8781 1471 8776
13803 8781 8776 17098
13804 8776 1877 8717
13805 8776 8717 17098
13806 8784 1470 8785
13807 8784 8785 17099
13808 8785 1929 8733
13809 8785 8733 17099
13810 8733 1930 8786
13811 8733 8786 17099
13812 8786 1944 8784
13813 8786 8784 17099
13814 8787 1993 8788
13815 8787 8788 17100
13816 8788 1944 8789
13817 8788 8789 17100
13818 8789 1943 8790
13819 8789 8790 17100
13820 8790 1992 8787
13821 8790 8787 17100
13822 8791 1937 8783
13823 8791 8783 17101
13824 8783 1469 8719
13825 8783 8719 17101
13826 8719 1929 8785
13827 8719 8785 17101
13828 8785 1470 8791
13829 8785 8791 17101
13830 8792 1991 8782
13831 8792 8782 17102
13832 8782 1937 8791
13833 8782 8791 17102
13834 8791 1470 8793
13835 8791 8793 17102
13836 8793 1994 8792
13837 8793 8792 17102
13838 8794 1994 8793
13839 8794 8793 17103
13840 8793 1470 8784
13841 8793 8784 17103
13842 8784 1944 8788
13843 8784 8788 17103
13844 8788 1993 8794
13845 8788 8794 17103
13846 8789 1944 8786
13847 8789 8786 17104
13848 8786 1930 8731
13849 8786 8731 17104
13850 8731 1931 8795
13851 8731 8795 17104
13852 8795 1943 8789
13853 8795 8789 17104
13854 8796 1878 8797
13855 8796 8797 17105
13856 8797 1954 8707
13857 8797 8707 17105
13858 8707 1953 8798
13859 8707 8798 17105
13860 8798 1422 8796
13861 8798 8796 17105
13862 8799 1936 8800
13863 8799 8800 17106
13864 8800 1955 8801
13865 8800 8801 17106
13866 8801 1954 8797
13867 8801 8797 17106
13868 8797 1878 8799
13869 8797 8799 17106
13870 8802 1939 8803
13871 8802 8803 17107
13872 8803 1956 8804
13873 8803 8804 17107
13874 8804 1955 8800
13875 8804 8800 17107
13876 8800 1936 8802
13877 8800 8802 17107
13878 8805 1956 8803
13879 8805 8803 17108
13880 8803 1939 8806
13881 8803 8806 17108
13882 8806 1473 8807
13883 8806 8807 17108
13884 8807 1957 8805
13885 8807 8805 17108
13886 8808 1958 8735
13887 8808 8735 17109
13888 8735 1957 8807
13889 8735 8807 17109
13890 8807 1473 8809
13891 8807 8809 17109
13892 8809 1404 8808
13893 8809 8808 17109
13894 8810 1992 8790
13895 8810 8790 17110
13896 8790 1943 8811
13897 8790 8811 17110
13898 8811 1942 8812
13899 8811 8812 17110
13900 8812 1995 8810
13901 8812 8810 17110
13902 8813 1942 8811
13903 8813 8811 17111
13904 8811 1943 8795
13905 8811 8795 17111
13906 8795 1931 8724
13907 8795 8724 17111
13908 8724 1933 8813
13909 8724 8813 17111
13910 8814 1959 8752
13911 8814 8752 17112
13912 8752 1958 8808
13913 8752 8808 17112
13914 8808 1404 8815
13915 8808 8815 17112
13916 8815 1401 8814
13917 8815 8814 17112
13918 8816 1996 8817
13919 8816 8817 17113
13920 8817 1941 8818
13921 8817 8818 17113
13922 8818 1345 8819
13923 8818 8819 17113
13924 8819 1376 8816
13925 8819 8816 17113
13926 8820 1376 8819
13927 8820 8819 17114
13928 8819 1345 8751
13929 8819 8751 17114
13930 8751 1346 8763
13931 8751 8763 17114
13932 8763 1357 8820
13933 8763 8820 17114
13934 8821 1995 8812
13935 8821 8812 17115
13936 8812 1942 8822
13937 8812 8822 17115
13938 8822 1941 8817
13939 8822 8817 17115
13940 8817 1996 8821
13941 8817 8821 17115
13942 8727 1932 8823
13943 8727 8823 17116
13944 8823 1941 8822
13945 8823 8822 17116
13946 8822 1942 8813
13947 8822 8813 17116
13948 8813 1933 8727
13949 8813 8727 17116
13950 8750 1345 8818
13951 8750 8818 17117
13952 8818 1941 8823
13953 8818 8823 17117
13954 8823 1932 8729
13955 8823 8729 17117
13956 8729 1928 8750
13957 8729 8750 17117
13958 8824 1980 8764
13959 8824 8764 17118
13960 8764 1959 8814
13961 8764 8814 17118
13962 8814 1401 8825
13963 8814 8825 17118
13964 8825 1981 8824
13965 8825 8824 17118
13966 8826 1984 8769
13967 8826 8769 17119
13968 8769 1980 8824
13969 8769 8824 17119
13970 8824 1981 8827
13971 8824 8827 17119
13972 8827 1983 8826
13973 8827 8826 17119
13974 8828 1983 8829
13975 8828 8829 17120
13976 8829 1376 8820
13977 8829 8820 17120
13978 8820 1357 8762
13979 8820 8762 17120
13980 8762 1380 8828
13981 8762 8828 17120
13982 8826 1983 8828
13983 8826 8828 17121
13984 8828 1380 8766
13985 8828 8766 17121
13986 8766 1960 8770
13987 8766 8770 17121
13988 8770 1984 8826
13989 8770 8826 17121
13990 8830 1996 8816
13991 8830 8816 17122
13992 8816 1376 8829
13993 8816 8829 17122
13994 8829 1983 8827
13995 8829 8827 17122
13996 8827 1981 8830
13997 8827 8830 17122
13998 8821 1996 8830
13999 8821 8830 17123
14000 8830 1981 8825
14001 8830 8825 17123
14002 8825 1401 8831
14003 8825 8831 17123
14004 8831 1995 8821
14005 8831 8821 17123
14006 8810 1995 8831
14007 8810 8831 17124
14008 8831 1401 8815
14009 8831 8815 17124
14010 8815 1404 8832
14011 8815 8832 17124
14012 8832 1992 8810
14013 8832 8810 17124
14014 8787 1992 8832
14015 8787 8832 17125
14016 8832 1404 8809
14017 8832 8809 17125
14018 8809 1473 8833
14019 8809 8833 17125
14020 8833 1993 8787
14021 8833 8787 17125
14022 8794 1993 8833
14023 8794 8833 17126
14024 8833 1473 8806
14025 8833 8806 17126
14026 8806 1939 8834
14027 8806 8834 17126
14028 8834 1994 8794
14029 8834 8794 17126
14030 8792 1994 8834
14031 8792 8834 17127
14032 8834 1939 8802
14033 8834 8802 17127
14034 8802 1936 8835
14035 8802 8835 17127
14036 8835 1991 8792
14037 8835 8792 17127
14038 8780 1991 8835
14039 8780 8835 17128
14040 8835 1936 8799
14041 8835 8799 17128
14042 8799 1878 8836
14043 8799 8836 17128
14044 8836 1990 8780
14045 8836 8780 17128
14046 8777 1990 8836
14047 8777 8836 17129
14048 8836 1878 8796
14049 8836 8796 17129
14050 8796 1422 8837
14051 8796 8837 17129
14052 8837 1989 8777
14053 8837 8777 17129
14054 8838 1440 8839
14055 8838 8839 17130
14056 8839 1432 7540
14057 8839 7540 17130
14058 7540 1434 8840
14059 7540 8840 17130
14060 8840 1439 8838
14061 8840 8838 17130
14062 8841 1439 8840
14063 8841 8840 17131
14064 8840 1434 7542
14065 8840 7542 17131
14066 7542 1435 8842
14067 7542 8842 17131
14068 8842 1441 8841
14069 8842 8841 17131
14070 8843 1441 8842
14071 8843 8842 17132
14072 8842 1435 7544
14073 8842 7544 17132
14074 7544 1436 8844
14075 7544 8844 17132
14076 8844 1442 8843
14077 8844 8843 17132
14078 8845 1445 8846
14079 8845 8846 17133
14080 8846 1446 8847
14081 8846 8847 17133
14082 8847 1431 7567
14083 8847 7567 17133
14084 7567 1433 8845
14085 7567 8845 17133
14086 8848 1447 8849
14087 8848 8849 17134
14088 8849 1448 8850
14089 8849 8850 17134
14090 8850 1429 7534
14091 8850 7534 17134
14092 7534 1430 8848
14093 7534 8848 17134
14094 8850 1448 8851
14095 8850 8851 17135
14096 8851 1450 8852
14097 8851 8852 17135
14098 8852 1449 7565
14099 8852 7565 17135
14100 7565 1429 8850
14101 7565 8850 17135
14102 8853 1445 8845
14103 8853 8845 17136
14104 8845 1433 7537
14105 8845 7537 17136
14106 7537 1432 8839
14107 7537 8839 17136
14108 8839 1440 8853
14109 8839 8853 17136
14110 8847 1446 8854
14111 8847 8854 17137
14112 8854 1447 8848
14113 8854 8848 17137
14114 8848 1430 7536
14115 8848 7536 17137
14116 7536 1431 8847
14117 7536 8847 17137
14118 8855 1998 8856
14119 8855 8856 17138
14120 8856 1441 8843
14121 8856 8843 17138
14122 8843 1442 8857
14123 8843 8857 17138
14124 8857 1997 8855
14125 8857 8855 17138
14126 8858 1999 8859
14127 8858 8859 17139
14128 8859 1439 8841
14129 8859 8841 17139
14130 8841 1441 8856
14131 8841 8856 17139
14132 8856 1998 8858
14133 8856 8858 17139
14134 8860 2000 8861
14135 8860 8861 17140
14136 8861 1440 8838
14137 8861 8838 17140
14138 8838 1439 8859
14139 8838 8859 17140
14140 8859 1999 8860
14141 8859 8860 17140
14142 8862 2001 8863
14143 8862 8863 17141
14144 8863 1445 8853
14145 8863 8853 17141
14146 8853 1440 8861
14147 8853 8861 17141
14148 8861 2000 8862
14149 8861 8862 17141
14150 8864 2002 8865
14151 8864 8865 17142
14152 8865 1446 8846
14153 8865 8846 17142
14154 8846 1445 8863
14155 8846 8863 17142
14156 8863 2001 8864
14157 8863 8864 17142
14158 8866 2003 8867
14159 8866 8867 17143
14160 8867 1447 8854
14161 8867 8854 17143
14162 8854 1446 8865
14163 8854 8865 17143
14164 8865 2002 8866
14165 8865 8866 17143
14166 8868 2004 8869
14167 8868 8869 17144
14168 8869 1448 8849
14169 8869 8849 17144
14170 8849 1447 8867
14171 8849 8867 17144
14172 8867 2003 8868
14173 8867 8868 17144
14174 8870 2005 8871
14175 8870 8871 17145
14176 8871 1450 8851
14177 8871 8851 17145
14178 8851 1448 8869
14179 8851 8869 17145
14180 8869 2004 8870
14181 8869 8870 17145
14182 8852 1450 8872
14183 8852 8872 17146
14184 8872 1501 8873
14185 8872 8873 17146
14186 8873 1500 7630
14187 8873 7630 17146
14188 7630 1449 8852
14189 7630 8852 17146
14190 8874 1946 7557
14191 8874 7557 17147
14192 7557 1945 8875
14193 7557 8875 17147
14194 8875 1458 8876
14195 8875 8876 17147
14196 8876 1457 8874
14197 8876 8874 17147
14198 8877 1947 7559
14199 8877 7559 17148
14200 7559 1946 8874
14201 7559 8874 17148
14202 8874 1457 8878
14203 8874 8878 17148
14204 8878 1427 8877
14205 8878 8877 17148
14206 8879 1425 8880
14207 8879 8880 17149
14208 8880 1948 7531
14209 8880 7531 17149
14210 7531 1947 8877
14211 7531 8877 17149
14212 8877 1427 8879
14213 8877 8879 17149
14214 8881 1423 8882
14215 8881 8882 17150
14216 8882 1949 7528
14217 8882 7528 17150
14218 7528 1948 8880
14219 7528 8880 17150
14220 8880 1425 8881
14221 8880 8881 17150
14222 8883 1419 8884
14223 8883 8884 17151
14224 8884 1950 7525
14225 8884 7525 17151
14226 7525 1949 8882
14227 7525 8882 17151
14228 8882 1423 8883
14229 8882 8883 17151
14230 7551 1973 8885
14231 7551 8885 17152
14232 8885 1452 8886
14233 8885 8886 17152
14234 8886 1456 8887
14235 8886 8887 17152
14236 8887 1974 7551
14237 8887 7551 17152
14238 8888 1461 8889
14239 8888 8889 17153
14240 8889 1975 7564
14241 8889 7564 17153
14242 7564 1974 8887
14243 7564 8887 17153
14244 8887 1456 8888
14245 8887 8888 17153
14246 8890 1458 8875
14247 8890 8875 17154
14248 8875 1945 7560
14249 8875 7560 17154
14250 7560 1975 8889
14251 7560 8889 17154
14252 8889 1461 8890
14253 8889 8890 17154
14254 8891 1442 8844
14255 8891 8844 17155
14256 8844 1436 7547
14257 8844 7547 17155
14258 7547 1437 8892
14259 7547 8892 17155
14260 8892 1443 8891
14261 8892 8891 17155
14262 8893 1443 8892
14263 8893 8892 17156
14264 8892 1437 7549
14265 8892 7549 17156
14266 7549 1438 8773
14267 7549 8773 17156
14268 8773 1444 8893
14269 8773 8893 17156
14270 8894 1988 8895
14271 8894 8895 17157
14272 8895 1443 8893
14273 8895 8893 17157
14274 8893 1444 8896
14275 8893 8896 17157
14276 8896 1987 8894
14277 8896 8894 17157
14278 8897 1997 8857
14279 8897 8857 17158
14280 8857 1442 8891
14281 8857 8891 17158
14282 8891 1443 8895
14283 8891 8895 17158
14284 8895 1988 8897
14285 8895 8897 17158
14286 8898 1987 8896
14287 8898 8896 17159
14288 8896 1444 8772
14289 8896 8772 17159
14290 8772 1467 8778
14291 8772 8778 17159
14292 8778 1989 8898
14293 8778 8898 17159
14294 8899 1418 8900
14295 8899 8900 17160
14296 8900 1951 7519
14297 8900 7519 17160
14298 7519 1950 8884
14299 7519 8884 17160
14300 8884 1419 8899
14301 8884 8899 17160
14302 7514 1951 8900
14303 7514 8900 17161
14304 8900 1418 8901
14305 8900 8901 17161
14306 8901 1417 8902
14307 8901 8902 17161
14308 8902 1952 7514
14309 8902 7514 17161
14310 7521 1952 8902
14311 7521 8902 17162
14312 8902 1417 8903
14313 8902 8903 17162
14314 8903 1422 8798
14315 8903 8798 17162
14316 8798 1953 7521
14317 8798 7521 17162
14318 8898 1989 8837
14319 8898 8837 17163
14320 8837 1422 8903
14321 8837 8903 17163
14322 8903 1417 8904
14323 8903 8904 17163
14324 8904 1987 8898
14325 8904 8898 17163
14326 8894 1987 8904
14327 8894 8904 17164
14328 8904 1417 8901
14329 8904 8901 17164
14330 8901 1418 8905
14331 8901 8905 17164
14332 8905 1988 8894
14333 8905 8894 17164
14334 8897 1988 8905
14335 8897 8905 17165
14336 8905 1418 8899
14337 8905 8899 17165
14338 8899 1419 8906
14339 8899 8906 17165
14340 8906 1997 8897
14341 8906 8897 17165
14342 8855 1997 8906
14343 8855 8906 17166
14344 8906 1419 8883
14345 8906 8883 17166
14346 8883 1423 8907
14347 8883 8907 17166
14348 8907 1998 8855
14349 8907 8855 17166
14350 8858 1998 8907
14351 8858 8907 17167
14352 8907 1423 8881
14353 8907 8881 17167
14354 8881 1425 8908
14355 8881 8908 17167
14356 8908 1999 8858
14357 8908 8858 17167
14358 8860 1999 8908
14359 8860 8908 17168
14360 8908 1425 8879
14361 8908 8879 17168
14362 8879 1427 8909
14363 8879 8909 17168
14364 8909 2000 8860
14365 8909 8860 17168
14366 8862 2000 8909
14367 8862 8909 17169
14368 8909 1427 8878
14369 8909 8878 17169
14370 8878 1457 8910
14371 8878 8910 17169
14372 8910 2001 8862
14373 8910 8862 17169
14374 8864 2001 8910
14375 8864 8910 17170
14376 8910 1457 8876
14377 8910 8876 17170
14378 8876 1458 8911
14379 8876 8911 17170
14380 8911 2002 8864
14381 8911 8864 17170
14382 8866 2002 8911
14383 8866 8911 17171
14384 8911 1458 8890
14385 8911 8890 17171
14386 8890 1461 8912
14387 8890 8912 17171
14388 8912 2003 8866
14389 8912 8866 17171
14390 8868 2003 8912
14391 8868 8912 17172
14392 8912 1461 8888
14393 8912 8888 17172
14394 8888 1456 8913
14395 8888 8913 17172
14396 8913 2004 8868
14397 8913 8868 17172
14398 8870 2004 8913
14399 8870 8913 17173
14400 8913 1456 8886
14401 8913 8886 17173
14402 8886 1452 8914
14403 8886 8914 17173
14404 8914 2005 8870
14405 8914 8870 17173
14406 8915 2013 8916
14407 8915 8916 17174
14408 8916 1905 8917
14409 8916 8917 17174
14410 8917 1264 8918
14411 8917 8918 17174
14412 8918 2012 8915
14413 8918 8915 17174
14414 8919 1839 8477
14415 8919 8477 17175
14416 8477 1263 8920
14417 8477 8920 17175
14418 8920 1264 8917
14419 8920 8917 17175
14420 8917 1905 8919
14421 8917 8919 17175
14422 8921 1829 8922
14423 8921 8922 17176
14424 8922 1251 8923
14425 8922 8923 17176
14426 8923 1252 8625
14427 8923 8625 17176
14428 8625 1906 8921
14429 8625 8921 17176
14430 8924 1904 8925
14431 8924 8925 17177
14432 8925 1905 8916
14433 8925 8916 17177
14434 8916 2013 8924
14435 8916 8924 17177
14436 8921 1906 8626
14437 8921 8626 17178
14438 8626 1907 8565
14439 8626 8565 17178
14440 8565 1849 8926
14441 8565 8926 17178
14442 8926 1829 8921
14443 8926 8921 17178
14444 8925 1904 8623
14445 8925 8623 17179
14446 8623 1859 8551
14447 8623 8551 17179
14448 8551 1839 8919
14449 8551 8919 17179
14450 8919 1905 8925
14451 8919 8925 17179
14452 8927 1247 7202
14453 8927 7202 17180
14454 7202 2096 8928
14455 7202 8928 17180
14456 8928 2097 8929
14457 8928 8929 17180
14458 8929 1235 8927
14459 8929 8927 17180
14460 8927 1235 8930
14461 8927 8930 17181
14462 8930 1264 8920
14463 8930 8920 17181
14464 8920 1263 7243
14465 8920 7243 17181
14466 7243 1247 8927
14467 7243 8927 17181
14468 8915 2012 8931
14469 8915 8931 17182
14470 8931 1251 8922
14471 8931 8922 17182
14472 8922 1829 8932
14473 8922 8932 17182
14474 8932 2013 8915
14475 8932 8915 17182
14476 8933 2006 8934
14477 8933 8934 17183
14478 8934 1501 8872
14479 8934 8872 17183
14480 8872 1450 8871
14481 8872 8871 17183
14482 8871 2005 8933
14483 8871 8933 17183
14484 8935 1970 8936
14485 8935 8936 17184
14486 8936 1182 8937
14487 8936 8937 17184
14488 8937 1174 7110
14489 8937 7110 17184
14490 7110 1969 8935
14491 7110 8935 17184
14492 8938 1221 8939
14493 8938 8939 17185
14494 8939 1222 8940
14495 8939 8940 17185
14496 8940 1218 7167
14497 8940 7167 17185
14498 7167 1215 8938
14499 7167 8938 17185
14500 8941 1221 8938
14501 8941 8938 17186
14502 8938 1215 7667
14503 8938 7667 17186
14504 7667 1174 8937
14505 7667 8937 17186
14506 8937 1182 8941
14507 8937 8941 17186
14508 8942 1181 8943
14509 8942 8943 17187
14510 8943 1180 8944
14511 8943 8944 17187
14512 8944 1175 8945
14513 8944 8945 17187
14514 8945 1179 8942
14515 8945 8942 17187
14516 8942 1179 8946
14517 8942 8946 17188
14518 8946 1130 7019
14519 8946 7019 17188
14520 7019 1131 8947
14521 7019 8947 17188
14522 8947 1181 8942
14523 8947 8942 17188
14524 8945 1175 8948
14525 8945 8948 17189
14526 8948 1172 7113
14527 8948 7113 17189
14528 7113 1176 8949
14529 7113 8949 17189
14530 8949 1179 8945
14531 8949 8945 17189
14532 8949 1176 7118
14533 8949 7118 17190
14534 7118 1129 7017
14535 7118 7017 17190
14536 7017 1130 8946
14537 7017 8946 17190
14538 8946 1179 8949
14539 8946 8949 17190
14540 8950 1181 8947
14541 8950 8947 17191
14542 8947 1131 7618
14543 8947 7618 17191
14544 7618 1496 8951
14545 7618 8951 17191
14546 8951 1497 8950
14547 8951 8950 17191
14548 8745 1172 8948
14549 8745 8948 17192
14550 8948 1175 8952
14551 8948 8952 17192
14552 8952 1969 7109
14553 8952 7109 17192
14554 7109 1968 8745
14555 7109 8745 17192
14556 8935 1969 8952
14557 8935 8952 17193
14558 8952 1175 8944
14559 8952 8944 17193
14560 8944 1180 8953
14561 8944 8953 17193
14562 8953 1970 8935
14563 8953 8935 17193
14564 8950 1497 8954
14565 8950 8954 17194
14566 8954 1498 8955
14567 8954 8955 17194
14568 8955 1180 8943
14569 8955 8943 17194
14570 8943 1181 8950
14571 8943 8950 17194
14572 8956 1502 8957
14573 8956 8957 17195
14574 8957 1496 7617
14575 8957 7617 17195
14576 7617 1494 7612
14577 7617 7612 17195
14578 7612 1495 8956
14579 7612 8956 17195
14580 8958 2032 7610
14581 8958 7610 17196
14582 7610 1095 7632
14583 7610 7632 17196
14584 7632 1503 8959
14585 7632 8959 17196
14586 8959 2031 8958
14587 8959 8958 17196
14588 8956 1495 7629
14589 8956 7629 17197
14590 7629 1492 8960
14591 7629 8960 17197
14592 8960 1505 8961
14593 8960 8961 17197
14594 8961 1502 8956
14595 8961 8956 17197
14596 8962 1497 8951
14597 8962 8951 17198
14598 8951 1496 8957
14599 8951 8957 17198
14600 8957 1502 8963
14601 8957 8963 17198
14602 8963 1506 8962
14603 8963 8962 17198
14604 8964 1507 8965
14605 8964 8965 17199
14606 8965 1506 8963
14607 8965 8963 17199
14608 8963 1502 8961
14609 8963 8961 17199
14610 8961 1505 8964
14611 8961 8964 17199
14612 8873 1501 8966
14613 8873 8966 17200
14614 8966 1504 8967
14615 8966 8967 17200
14616 8967 1503 7633
14617 8967 7633 17200
14618 7633 1500 8873
14619 7633 8873 17200
14620 8968 2031 8959
14621 8968 8959 17201
14622 8959 1503 8967
14623 8959 8967 17201
14624 8967 1504 8969
14625 8967 8969 17201
14626 8969 2030 8968
14627 8969 8968 17201
14628 8970 2007 8971
14629 8970 8971 17202
14630 8971 1504 8966
14631 8971 8966 17202
14632 8966 1501 8934
14633 8966 8934 17202
14634 8934 2006 8970
14635 8934 8970 17202
14636 8972 1507 8973
14637 8972 8973 17203
14638 8973 2030 8969
14639 8973 8969 17203
14640 8969 1504 8971
14641 8969 8971 17203
14642 8971 2007 8972
14643 8971 8972 17203
14644 8974 2101 7192
14645 8974 7192 17204
14646 7192 1244 8975
14647 7192 8975 17204
14648 8975 1236 8976
14649 8975 8976 17204
14650 8976 2100 8974
14651 8976 8974 17204
14652 8977 1235 8929
14653 8977 8929 17205
14654 8929 2097 8978
14655 8929 8978 17205
14656 8978 2098 8979
14657 8978 8979 17205
14658 8979 2010 8977
14659 8979 8977 17205
14660 8975 1244 8498
14661 8975 8498 17206
14662 8498 1252 8923
14663 8498 8923 17206
14664 8923 1251 8980
14665 8923 8980 17206
14666 8980 1236 8975
14667 8980 8975 17206
14668 8981 2010 8979
14669 8981 8979 17207
14670 8979 2098 8982
14671 8979 8982 17207
14672 8982 2099 8983
14673 8982 8983 17207
14674 8983 2014 8981
14675 8983 8981 17207
14676 8977 2010 8984
14677 8977 8984 17208
14678 8984 2012 8918
14679 8984 8918 17208
14680 8918 1264 8930
14681 8918 8930 17208
14682 8930 1235 8977
14683 8930 8977 17208
14684 8931 2012 8985
14685 8931 8985 17209
14686 8985 2014 8986
14687 8985 8986 17209
14688 8986 1236 8980
14689 8986 8980 17209
14690 8980 1251 8931
14691 8980 8931 17209
14692 7161 1207 8987
14693 7161 8987 17210
14694 8987 1210 8988
14695 8987 8988 17210
14696 8988 1209 8989
14697 8988 8989 17210
14698 8989 1206 7161
14699 8989 7161 17210
14700 8990 1454 8991
14701 8990 8991 17211
14702 8991 1972 8992
14703 8991 8992 17211
14704 8992 1973 7550
14705 8992 7550 17211
14706 7550 1451 8990
14707 7550 8990 17211
14708 7669 1206 8989
14709 7669 8989 17212
14710 8989 1209 8993
14711 8989 8993 17212
14712 8993 1454 8990
14713 8993 8990 17212
14714 8990 1451 7669
14715 8990 7669 17212
14716 8885 1973 8992
14717 8885 8992 17213
14718 8992 1972 8994
14719 8992 8994 17213
14720 8994 1453 8995
14721 8994 8995 17213
14722 8995 1452 8885
14723 8995 8885 17213
14724 8996 2006 8933
14725 8996 8933 17214
14726 8933 2005 8914
14727 8933 8914 17214
14728 8914 1452 8995
14729 8914 8995 17214
14730 8995 1453 8996
14731 8995 8996 17214
14732 8997 2008 8998
14733 8997 8998 17215
14734 8998 1222 8939
14735 8998 8939 17215
14736 8939 1221 8999
14737 8939 8999 17215
14738 8999 2009 8997
14739 8999 8997 17215
14740 8936 1970 9000
14741 8936 9000 17216
14742 9000 1971 9001
14743 9000 9001 17216
14744 9001 2011 9002
14745 9001 9002 17216
14746 9002 1182 8936
14747 9002 8936 17216
14748 9001 1971 9003
14749 9001 9003 17217
14750 9003 1976 9004
14751 9003 9004 17217
14752 9004 2016 9005
14753 9004 9005 17217
14754 9005 2011 9001
14755 9005 9001 17217
14756 9006 2009 8999
14757 9006 8999 17218
14758 8999 1221 8941
14759 8999 8941 17218
14760 8941 1182 9002
14761 8941 9002 17218
14762 9002 2011 9006
14763 9002 9006 17218
14764 9007 2017 9008
14765 9007 9008 17219
14766 9008 2009 9006
14767 9008 9006 17219
14768 9006 2011 9005
14769 9006 9005 17219
14770 9005 2016 9007
14771 9005 9007 17219
14772 9009 2015 9010
14773 9009 9010 17220
14774 9010 2008 8997
14775 9010 8997 17220
14776 8997 2009 9008
14777 8997 9008 17220
14778 9008 2017 9009
14779 9008 9009 17220
14780 9011 1972 8991
14781 9011 8991 17221
14782 8991 1454 9012
14783 8991 9012 17221
14784 9012 2016 9004
14785 9012 9004 17221
14786 9004 1976 9011
14787 9004 9011 17221
14788 9013 1971 9000
14789 9013 9000 17222
14790 9000 1970 8953
14791 9000 8953 17222
14792 8953 1180 8955
14793 8953 8955 17222
14794 8955 1498 9013
14795 8955 9013 17222
14796 9014 1499 9015
14797 9014 9015 17223
14798 9015 1453 8994
14799 9015 8994 17223
14800 8994 1972 9011
14801 8994 9011 17223
14802 9011 1976 9014
14803 9011 9014 17223
14804 9014 1976 9003
14805 9014 9003 17224
14806 9003 1971 9013
14807 9003 9013 17224
14808 9013 1498 9016
14809 9013 9016 17224
14810 9016 1499 9014
14811 9016 9014 17224
14812 9015 1499 9017
14813 9015 9017 17225
14814 9017 2007 8970
14815 9017 8970 17225
14816 8970 2006 8996
14817 8970 8996 17225
14818 8996 1453 9015
14819 8996 9015 17225
14820 9018 1506 8965
14821 9018 8965 17226
14822 8965 1507 8972
14823 8965 8972 17226
14824 8972 2007 9017
14825 8972 9017 17226
14826 9017 1499 9018
14827 9017 9018 17226
14828 8954 1497 8962
14829 8954 8962 17227
14830 8962 1506 9018
14831 8962 9018 17227
14832 9018 1499 9016
14833 9018 9016 17227
14834 9016 1498 8954
14835 9016 8954 17227
14836 9007 2016 9012
14837 9007 9012 17228
14838 9012 1454 8993
14839 9012 8993 17228
14840 8993 1209 9019
14841 8993 9019 17228
14842 9019 2017 9007
14843 9019 9007 17228
14844 9009 2017 9019
14845 9009 9019 17229
14846 9019 1209 8988
14847 9019 8988 17229
14848 8988 1210 9020
14849 8988 9020 17229
14850 9020 2015 9009
14851 9020 9009 17229
14852 8983 2099 9021
14853 8983 9021 17230
14854 9021 2100 8976
14855 9021 8976 17230
14856 8976 1236 8986
14857 8976 8986 17230
14858 8986 2014 8983
14859 8986 8983 17230
14860 8755 1365 7680
14861 8755 7680 17231
14862 7680 1366 9022
14863 7680 9022 17231
14864 9022 1379 9023
14865 9022 9023 17231
14866 9023 1381 8755
14867 9023 8755 17231
14868 8768 1985 9024
14869 8768 9024 17232
14870 9024 1986 9025
14871 9024 9025 17232
14872 9025 1978 8758
14873 9025 8758 17232
14874 8758 1979 8768
14875 8758 8768 17232
14876 9026 1986 9024
14877 9026 9024 17233
14878 9024 1985 8771
14879 9024 8771 17233
14880 8771 1381 9023
14881 8771 9023 17233
14882 9023 1379 9026
14883 9023 9026 17233
14884 6472 781 9027
14885 6472 9027 17234
14886 9027 818 9028
14887 9027 9028 17234
14888 9028 817 9029
14889 9028 9029 17234
14890 9029 782 6472
14891 9029 6472 17234
14892 9030 819 9031
14893 9030 9031 17235
14894 9031 783 6475
14895 9031 6475 17235
14896 6475 782 9029
14897 6475 9029 17235
14898 9029 817 9030
14899 9029 9030 17235
14900 6514 812 9032
14901 6514 9032 17236
14902 9032 824 9033
14903 9032 9033 17236
14904 9033 823 9034
14905 9033 9034 17236
14906 9034 799 6514
14907 9034 6514 17236
14908 6501 799 9034
14909 6501 9034 17237
14910 9034 823 9035
14911 9034 9035 17237
14912 9035 818 9027
14913 9035 9027 17237
14914 9027 781 6501
14915 9027 6501 17237
14916 9036 828 9037
14917 9036 9037 17238
14918 9037 827 6536
14919 9037 6536 17238
14920 6536 826 9038
14921 6536 9038 17238
14922 9038 825 9036
14923 9038 9036 17238
14924 9039 832 9040
14925 9039 9040 17239
14926 9040 831 6674
14927 9040 6674 17239
14928 6674 830 9041
14929 6674 9041 17239
14930 9041 829 9039
14931 9041 9039 17239
14932 6672 834 9042
14933 6672 9042 17240
14934 9042 833 9043
14935 9042 9043 17240
14936 9043 829 9041
14937 9043 9041 17240
14938 9041 830 6672
14939 9041 6672 17240
14940 6676 831 9040
14941 6676 9040 17241
14942 9040 832 9044
14943 9040 9044 17241
14944 9044 838 9045
14945 9044 9045 17241
14946 9045 839 6676
14947 9045 6676 17241
14948 9046 825 9038
14949 9046 9038 17242
14950 9038 826 6566
14951 9038 6566 17242
14952 6566 853 9047
14953 6566 9047 17242
14954 9047 854 9046
14955 9047 9046 17242
14956 9037 828 9048
14957 9037 9048 17243
14958 9048 668 9049
14959 9048 9049 17243
14960 9049 663 6696
14961 9049 6696 17243
14962 6696 827 9037
14963 6696 9037 17243
14964 6567 783 9031
14965 6567 9031 17244
14966 9031 819 9050
14967 9031 9050 17244
14968 9050 854 9047
14969 9050 9047 17244
14970 9047 853 6567
14971 9047 6567 17244
14972 6666 875 9051
14973 6666 9051 17245
14974 9051 874 9052
14975 9051 9052 17245
14976 9052 873 9053
14977 9052 9053 17245
14978 9053 872 6666
14979 9053 6666 17245
14980 6668 872 9053
14981 6668 9053 17246
14982 9053 873 9054
14983 9053 9054 17246
14984 9054 882 9055
14985 9054 9055 17246
14986 9055 881 6668
14987 9055 6668 17246
14988 6670 881 9055
14989 6670 9055 17247
14990 9055 882 9056
14991 9055 9056 17247
14992 9056 833 9042
14993 9056 9042 17247
14994 9042 834 6670
14995 9042 6670 17247
14996 6662 891 9057
14997 6662 9057 17248
14998 9057 890 9058
14999 9057 9058 17248
15000 9058 889 9059
15001 9058 9059 17248
15002 9059 888 6662
15003 9059 6662 17248
15004 9057 891 6683
15005 9057 6683 17249
15006 6683 665 9060
15007 6683 9060 17249
15008 9060 664 9061
15009 9060 9061 17249
15010 9061 890 9057
15011 9061 9057 17249
15012 9062 874 9051
15013 9062 9051 17250
15014 9051 875 6664
15015 9051 6664 17250
15016 6664 888 9059
15017 6664 9059 17250
15018 9059 889 9062
15019 9059 9062 17250
15020 9063 2018 9064
15021 9063 9064 17251
15022 9064 668 9048
15023 9064 9048 17251
15024 9048 828 9065
15025 9048 9065 17251
15026 9065 2019 9063
15027 9065 9063 17251
15028 9066 2019 9065
15029 9066 9065 17252
15030 9065 828 9036
15031 9065 9036 17252
15032 9036 825 9067
15033 9036 9067 17252
15034 9067 2020 9066
15035 9067 9066 17252
15036 9068 2020 9067
15037 9068 9067 17253
15038 9067 825 9046
15039 9067 9046 17253
15040 9046 854 9069
15041 9046 9069 17253
15042 9069 2021 9068
15043 9069 9068 17253
15044 9070 2021 9069
15045 9070 9069 17254
15046 9069 854 9050
15047 9069 9050 17254
15048 9050 819 9071
15049 9050 9071 17254
15050 9071 2022 9070
15051 9071 9070 17254
15052 9072 2022 9071
15053 9072 9071 17255
15054 9071 819 9030
15055 9071 9030 17255
15056 9030 817 9073
15057 9030 9073 17255
15058 9073 2023 9072
15059 9073 9072 17255
15060 9074 2023 9073
15061 9074 9073 17256
15062 9073 817 9028
15063 9073 9028 17256
15064 9028 818 9075
15065 9028 9075 17256
15066 9075 2024 9074
15067 9075 9074 17256
15068 9076 2024 9075
15069 9076 9075 17257
15070 9075 818 9035
15071 9075 9035 17257
15072 9035 823 9077
15073 9035 9077 17257
15074 9077 2025 9076
15075 9077 9076 17257
15076 9078 2025 9077
15077 9078 9077 17258
15078 9077 823 9033
15079 9077 9033 17258
15080 9033 824 9079
15081 9033 9079 17258
15082 9079 2026 9078
15083 9079 9078 17258
15084 9080 1127 8646
15085 9080 8646 17259
15086 8646 1126 7053
15087 8646 7053 17259
15088 7053 949 9081
15089 7053 9081 17259
15090 9081 950 9080
15091 9081 9080 17259
15092 9082 1918 9083
15093 9082 9083 17260
15094 9083 951 8637
15095 9083 8637 17260
15096 8637 1102 8655
15097 8637 8655 17260
15098 8655 1919 9082
15099 8655 9082 17260
15100 9082 1919 8706
15101 9082 8706 17261
15102 8706 1127 9080
15103 8706 9080 17261
15104 9080 950 9084
15105 9080 9084 17261
15106 9084 1918 9082
15107 9084 9082 17261
15108 9078 2026 9085
15109 9078 9085 17262
15110 9085 832 9039
15111 9085 9039 17262
15112 9039 829 9086
15113 9039 9086 17262
15114 9086 2025 9078
15115 9086 9078 17262
15116 9076 2025 9086
15117 9076 9086 17263
15118 9086 829 9043
15119 9086 9043 17263
15120 9043 833 9087
15121 9043 9087 17263
15122 9087 2024 9076
15123 9087 9076 17263
15124 9074 2024 9087
15125 9074 9087 17264
15126 9087 833 9056
15127 9087 9056 17264
15128 9056 882 9088
15129 9056 9088 17264
15130 9088 2023 9074
15131 9088 9074 17264
15132 9072 2023 9088
15133 9072 9088 17265
15134 9088 882 9054
15135 9088 9054 17265
15136 9054 873 9089
15137 9054 9089 17265
15138 9089 2022 9072
15139 9089 9072 17265
15140 9070 2022 9089
15141 9070 9089 17266
15142 9089 873 9052
15143 9089 9052 17266
15144 9052 874 9090
15145 9052 9090 17266
15146 9090 2021 9070
15147 9090 9070 17266
15148 9068 2021 9090
15149 9068 9090 17267
15150 9090 874 9062
15151 9090 9062 17267
15152 9062 889 9091
15153 9062 9091 17267
15154 9091 2020 9068
15155 9091 9068 17267
15156 9066 2020 9091
15157 9066 9091 17268
15158 9091 889 9058
15159 9091 9058 17268
15160 9058 890 9092
15161 9058 9092 17268
15162 9092 2019 9066
15163 9092 9066 17268
15164 9063 2019 9092
15165 9063 9092 17269
15166 9092 890 9061
15167 9092 9061 17269
15168 9061 664 9093
15169 9061 9093 17269
15170 9093 2018 9063
15171 9093 9063 17269
15172 6508 806 9094
15173 6508 9094 17270
15174 9094 809 9095
15175 9094 9095 17270
15176 9095 837 9096
15177 9095 9096 17270
15178 9096 807 6508
15179 9096 6508 17270
15180 9097 802 9098
15181 9097 9098 17271
15182 9098 803 6678
15183 9098 6678 17271
15184 6678 839 9045
15185 6678 9045 17271
15186 9045 838 9097
15187 9045 9097 17271
15188 9099 824 9032
15189 9099 9032 17272
15190 9032 812 6548
15191 9032 6548 17272
15192 6548 807 9096
15193 6548 9096 17272
15194 9096 837 9099
15195 9096 9099 17272
15196 9100 2026 9079
15197 9100 9079 17273
15198 9079 824 9099
15199 9079 9099 17273
15200 9099 837 9101
15201 9099 9101 17273
15202 9101 2027 9100
15203 9101 9100 17273
15204 9102 2027 9101
15205 9102 9101 17274
15206 9101 837 9095
15207 9101 9095 17274
15208 9095 809 9103
15209 9095 9103 17274
15210 9103 2028 9102
15211 9103 9102 17274
15212 6680 803 9098
15213 6680 9098 17275
15214 9098 802 9104
15215 9098 9104 17275
15216 9104 801 9105
15217 9104 9105 17275
15218 9105 800 6680
15219 9105 6680 17275
15220 9106 809 9094
15221 9106 9094 17276
15222 9094 806 6505
15223 9094 6505 17276
15224 6505 805 9107
15225 6505 9107 17276
15226 9107 808 9106
15227 9107 9106 17276
15228 9108 2029 9109
15229 9108 9109 17277
15230 9109 801 9104
15231 9109 9104 17277
15232 9104 802 9110
15233 9104 9110 17277
15234 9110 2028 9108
15235 9110 9108 17277
15236 9107 805 6722
15237 9107 6722 17278
15238 6722 916 9111
15239 6722 9111 17278
15240 9111 931 9112
15241 9111 9112 17278
15242 9112 808 9107
15243 9112 9107 17278
15244 9113 937 9114
15245 9113 9114 17279
15246 9114 936 6803
15247 9114 6803 17279
15248 6803 800 9105
15249 6803 9105 17279
15250 9105 801 9113
15251 9105 9113 17279
15252 9115 950 9081
15253 9115 9081 17280
15254 9081 949 6805
15255 9081 6805 17280
15256 6805 936 9114
15257 6805 9114 17280
15258 9114 937 9115
15259 9114 9115 17280
15260 6776 952 8638
15261 6776 8638 17281
15262 8638 951 9116
15263 8638 9116 17281
15264 9116 931 9111
15265 9116 9111 17281
15266 9111 916 6776
15267 9111 6776 17281
15268 9112 931 9117
15269 9112 9117 17282
15270 9117 1917 9118
15271 9117 9118 17282
15272 9118 2029 9119
15273 9118 9119 17282
15274 9119 808 9112
15275 9119 9112 17282
15276 9083 1918 9120
15277 9083 9120 17283
15278 9120 1917 9117
15279 9120 9117 17283
15280 9117 931 9116
15281 9117 9116 17283
15282 9116 951 9083
15283 9116 9083 17283
15284 9120 1918 9084
15285 9120 9084 17284
15286 9084 950 9115
15287 9084 9115 17284
15288 9115 937 9121
15289 9115 9121 17284
15290 9121 1917 9120
15291 9121 9120 17284
15292 9118 1917 9121
15293 9118 9121 17285
15294 9121 937 9113
15295 9121 9113 17285
15296 9113 801 9109
15297 9113 9109 17285
15298 9109 2029 9118
15299 9109 9118 17285
15300 9102 2028 9110
15301 9102 9110 17286
15302 9110 802 9097
15303 9110 9097 17286
15304 9097 838 9122
15305 9097 9122 17286
15306 9122 2027 9102
15307 9122 9102 17286
15308 9100 2027 9122
15309 9100 9122 17287
15310 9122 838 9044
15311 9122 9044 17287
15312 9044 832 9085
15313 9044 9085 17287
15314 9085 2026 9100
15315 9085 9100 17287
15316 9108 2028 9103
15317 9108 9103 17288
15318 9103 809 9106
15319 9103 9106 17288
15320 9106 808 9119
15321 9106 9119 17288
15322 9119 2029 9108
15323 9119 9108 17288
15324 8964 1505 9123
15325 8964 9123 17289
15326 9123 2031 8968
15327 9123 8968 17289
15328 8968 2030 8973
15329 8968 8973 17289
15330 8973 1507 8964
15331 8973 8964 17289
15332 8960 1492 9124
15333 8960 9124 17290
15334 9124 2032 8958
15335 9124 8958 17290
15336 8958 2031 9123
15337 8958 9123 17290
15338 9123 1505 8960
15339 9123 8960 17290
15340 7628 1490 9125
15341 7628 9125 17291
15342 9125 2033 7609
15343 9125 7609 17291
15344 7609 2032 9124
15345 7609 9124 17291
15346 9124 1492 7628
15347 9124 7628 17291
15348 7626 1489 9126
15349 7626 9126 17292
15350 9126 2034 7606
15351 9126 7606 17292
15352 7606 2033 9125
15353 7606 9125 17292
15354 9125 1490 7626
15355 9125 7626 17292
15356 7624 1486 9127
15357 7624 9127 17293
15358 9127 2035 7604
15359 9127 7604 17293
15360 7604 2034 9126
15361 7604 9126 17293
15362 9126 1489 7624
15363 9126 7624 17293
15364 7622 1480 9128
15365 7622 9128 17294
15366 9128 2036 7596
15367 9128 7596 17294
15368 7596 2035 9127
15369 7596 9127 17294
15370 9127 1486 7622
15371 9127 7622 17294
15372 9129 44 5362
15373 9129 5362 17295
15374 5362 43 6444
15375 5362 6444 17295
15376 6444 747 6418
15377 6444 6418 17295
15378 6418 746 9129
15379 6418 9129 17295
15380 9130 2037 9131
15381 9130 9131 17296
15382 9131 746 6417
15383 9131 6417 17296
15384 6417 748 7597
15385 6417 7597 17296
15386 7597 2036 9130
15387 7597 9130 17296
15388 9132 182 5373
15389 9132 5373 17297
15390 5373 44 9129
15391 5373 9129 17297
15392 9129 746 9131
15393 9129 9131 17297
15394 9131 2037 9132
15395 9131 9132 17297
15396 7620 116 5380
15397 7620 5380 17298
15398 5380 112 9133
15399 5380 9133 17298
15400 9133 1481 9134
15401 9133 9134 17298
15402 9134 1482 7620
15403 9134 7620 17298
15404 7589 1482 9134
15405 7589 9134 17299
15406 9134 1481 9135
15407 9134 9135 17299
15408 9135 1480 7621
15409 9135 7621 17299
15410 7621 1483 7589
15411 7621 7589 17299
15412 9135 1481 9136
15413 9135 9136 17300
15414 9136 2037 9130
15415 9136 9130 17300
15416 9130 2036 9128
15417 9130 9128 17300
15418 9128 1480 9135
15419 9128 9135 17300
15420 9133 112 5398
15421 9133 5398 17301
15422 5398 182 9132
15423 5398 9132 17301
15424 9132 2037 9136
15425 9132 9136 17301
15426 9136 1481 9133
15427 9136 9133 17301
15428 9137 1350 9138
15429 9137 9138 17302
15430 9138 1395 9139
15431 9138 9139 17302
15432 9139 1397 8748
15433 9139 8748 17302
15434 8748 1400 9137
15435 8748 9137 17302
15436 8759 1978 9140
15437 8759 9140 17303
15438 9140 1977 9141
15439 9140 9141 17303
15440 9141 1350 9137
15441 9141 9137 17303
15442 9137 1400 8759
15443 9137 8759 17303
15444 9142 1389 9143
15445 9142 9143 17304
15446 9143 1472 8737
15447 9143 8737 17304
15448 8737 1405 8749
15449 8737 8749 17304
15450 8749 1397 9142
15451 8749 9142 17304
15452 8708 1954 8801
15453 8708 8801 17305
15454 8801 1955 9144
15455 8801 9144 17305
15456 9144 1935 9145
15457 9144 9145 17305
15458 9145 1464 8708
15459 9145 8708 17305
15460 9144 1955 8804
15461 9144 8804 17306
15462 8804 1956 9146
15463 8804 9146 17306
15464 9146 1940 9147
15465 9146 9147 17306
15466 9147 1935 9144
15467 9147 9144 17306
15468 9148 1940 9146
15469 9148 9146 17307
15470 9146 1956 8805
15471 9146 8805 17307
15472 8805 1957 8734
15473 8805 8734 17307
15474 8734 1472 9148
15475 8734 9148 17307
15476 7679 1421 8709
15477 7679 8709 17308
15478 8709 1464 9149
15479 8709 9149 17308
15480 9149 1879 9150
15481 9149 9150 17308
15482 9150 1190 7679
15483 9150 7679 17308
15484 9149 1464 9145
15485 9149 9145 17309
15486 9145 1935 9151
15487 9145 9151 17309
15488 9151 1934 9152
15489 9151 9152 17309
15490 9152 1879 9149
15491 9152 9149 17309
15492 9151 1935 9147
15493 9151 9147 17310
15494 9147 1940 9153
15495 9147 9153 17310
15496 9153 1938 9154
15497 9153 9154 17310
15498 9154 1934 9151
15499 9154 9151 17310
15500 9155 1938 9153
15501 9155 9153 17311
15502 9153 1940 9148
15503 9153 9148 17311
15504 9148 1472 9143
15505 9148 9143 17311
15506 9143 1389 9155
15507 9143 9155 17311
15508 9142 1397 9139
15509 9142 9139 17312
15510 9139 1395 9156
15511 9139 9156 17312
15512 9156 1388 9157
15513 9156 9157 17312
15514 9157 1389 9142
15515 9157 9142 17312
15516 9150 1879 9158
15517 9150 9158 17313
15518 9158 1192 9159
15519 9158 9159 17313
15520 9159 1191 7146
15521 9159 7146 17313
15522 7146 1190 9150
15523 7146 9150 17313
15524 9160 2118 9161
15525 9160 9161 17314
15526 9161 1239 9162
15527 9161 9162 17314
15528 9162 1394 9163
15529 9162 9163 17314
15530 9163 2117 9160
15531 9163 9160 17314
15532 9022 1366 7435
15533 9022 7435 17315
15534 7435 1351 9164
15535 7435 9164 17315
15536 9164 1349 9165
15537 9164 9165 17315
15538 9165 1379 9022
15539 9165 9022 17315
15540 9025 1986 9166
15541 9025 9166 17316
15542 9166 1982 9167
15543 9166 9167 17316
15544 9167 1977 9140
15545 9167 9140 17316
15546 9140 1978 9025
15547 9140 9025 17316
15548 9168 1982 9166
15549 9168 9166 17317
15550 9166 1986 9026
15551 9166 9026 17317
15552 9026 1379 9165
15553 9026 9165 17317
15554 9165 1349 9168
15555 9165 9168 17317
15556 9169 2119 9170
15557 9169 9170 17318
15558 9170 2040 9171
15559 9170 9171 17318
15560 9171 1239 9161
15561 9171 9161 17318
15562 9161 2118 9169
15563 9161 9169 17318
15564 9172 1892 9173
15565 9172 9173 17319
15566 9173 1889 9174
15567 9173 9174 17319
15568 9174 1888 9175
15569 9174 9175 17319
15570 9175 1891 9172
15571 9175 9172 17319
15572 8610 1889 9173
15573 8610 9173 17320
15574 9173 1892 9176
15575 9173 9176 17320
15576 9176 1893 8614
15577 9176 8614 17320
15578 8614 1890 8610
15579 8614 8610 17320
15580 9175 1888 9177
15581 9175 9177 17321
15582 9177 1394 9162
15583 9177 9162 17321
15584 9162 1239 9178
15585 9162 9178 17321
15586 9178 1891 9175
15587 9178 9175 17321
15588 9179 2088 7415
15589 9179 7415 17322
15590 7415 1353 9180
15591 7415 9180 17322
15592 9180 1238 9181
15593 9180 9181 17322
15594 9181 2087 9179
15595 9181 9179 17322
15596 7414 1354 8596
15597 7414 8596 17323
15598 8596 1355 9182
15599 8596 9182 17323
15600 9182 1238 9180
15601 9182 9180 17323
15602 9180 1353 7414
15603 9180 7414 17323
15604 9183 1238 9182
15605 9183 9182 17324
15606 9182 1355 8598
15607 9182 8598 17324
15608 8598 1893 9176
15609 8598 9176 17324
15610 9176 1892 9183
15611 9176 9183 17324
15612 9184 2087 9181
15613 9184 9181 17325
15614 9181 1238 9185
15615 9181 9185 17325
15616 9185 2041 9186
15617 9185 9186 17325
15618 9186 2120 9184
15619 9186 9184 17325
15620 9170 2119 9187
15621 9170 9187 17326
15622 9187 2120 9186
15623 9187 9186 17326
15624 9186 2041 9188
15625 9186 9188 17326
15626 9188 2040 9170
15627 9188 9170 17326
15628 9189 1239 9171
15629 9189 9171 17327
15630 9171 2040 9188
15631 9171 9188 17327
15632 9188 2041 9185
15633 9188 9185 17327
15634 9185 1238 9189
15635 9185 9189 17327
15636 9189 1238 9183
15637 9189 9183 17328
15638 9183 1892 9172
15639 9183 9172 17328
15640 9172 1891 9178
15641 9172 9178 17328
15642 9178 1239 9189
15643 9178 9189 17328
15644 9152 1934 9190
15645 9152 9190 17329
15646 9190 2039 9191
15647 9190 9191 17329
15648 9191 1192 9158
15649 9191 9158 17329
15650 9158 1879 9152
15651 9158 9152 17329
15652 9192 2038 9193
15653 9192 9193 17330
15654 9193 1938 9155
15655 9193 9155 17330
15656 9155 1389 9157
15657 9155 9157 17330
15658 9157 1388 9192
15659 9157 9192 17330
15660 9194 2039 9190
15661 9194 9190 17331
15662 9190 1934 9154
15663 9190 9154 17331
15664 9154 1938 9193
15665 9154 9193 17331
15666 9193 2038 9194
15667 9193 9194 17331
15668 9195 2115 9196
15669 9195 9196 17332
15670 9196 2042 9197
15671 9196 9197 17332
15672 9197 2043 9198
15673 9197 9198 17332
15674 9198 2114 9195
15675 9198 9195 17332
15676 9199 2117 9163
15677 9199 9163 17333
15678 9163 1394 9200
15679 9163 9200 17333
15680 9200 1392 9201
15681 9200 9201 17333
15682 9201 2116 9199
15683 9201 9199 17333
15684 9202 1880 9203
15685 9202 9203 17334
15686 9203 1881 8579
15687 9203 8579 17334
15688 8579 1232 8464
15689 8579 8464 17334
15690 8464 1227 9202
15691 8464 9202 17334
15692 8587 1881 9203
15693 8587 9203 17335
15694 9203 1880 9204
15695 9203 9204 17335
15696 9204 1393 9205
15697 9204 9205 17335
15698 9205 1396 8587
15699 9205 8587 17335
15700 9174 1889 8609
15701 9174 8609 17336
15702 8609 1396 9205
15703 8609 9205 17336
15704 9205 1393 9206
15705 9205 9206 17336
15706 9206 1888 9174
15707 9206 9174 17336
15708 8463 1226 9207
15709 8463 9207 17337
15710 9207 1225 9208
15711 9207 9208 17337
15712 9208 1880 9202
15713 9208 9202 17337
15714 9202 1227 8463
15715 9202 8463 17337
15716 9209 1225 9210
15717 9209 9210 17338
15718 9210 2043 9197
15719 9210 9197 17338
15720 9197 2042 9211
15721 9197 9211 17338
15722 9211 1392 9209
15723 9211 9209 17338
15724 9206 1393 9212
15725 9206 9212 17339
15726 9212 1392 9200
15727 9212 9200 17339
15728 9200 1394 9177
15729 9200 9177 17339
15730 9177 1888 9206
15731 9177 9206 17339
15732 9207 1226 7212
15733 9207 7212 17340
15734 7212 2112 9213
15735 7212 9213 17340
15736 9213 2113 9214
15737 9213 9214 17340
15738 9214 1225 9207
15739 9214 9207 17340
15740 9214 2113 9215
15741 9214 9215 17341
15742 9215 2114 9198
15743 9215 9198 17341
15744 9198 2043 9210
15745 9198 9210 17341
15746 9210 1225 9214
15747 9210 9214 17341
15748 9216 2116 9201
15749 9216 9201 17342
15750 9201 1392 9211
15751 9201 9211 17342
15752 9211 2042 9196
15753 9211 9196 17342
15754 9196 2115 9216
15755 9196 9216 17342
15756 9209 1392 9212
15757 9209 9212 17343
15758 9212 1393 9204
15759 9212 9204 17343
15760 9204 1880 9208
15761 9204 9208 17343
15762 9208 1225 9209
15763 9208 9209 17343
15764 8570 1904 8924
15765 8570 8924 17344
15766 8924 2013 8932
15767 8924 8932 17344
15768 8932 1829 8926
15769 8932 8926 17344
15770 8926 1849 8570
15771 8926 8570 17344
15772 8985 2012 8984
15773 8985 8984 17345
15774 8984 2010 8981
15775 8984 8981 17345
15776 8981 2014 8985
15777 8981 8985 17345
15778 9217 691 7278
15779 9217 7278 17346
15780 7278 1032 9218
15781 7278 9218 17346
15782 9218 2045 6886
15783 9218 6886 17346
15784 6886 2044 9217
15785 6886 9217 17346
15786 9219 2046 7344
15787 9219 7344 17347
15788 7344 2045 9218
15789 7344 9218 17347
15790 9218 1032 7346
15791 9218 7346 17347
15792 7346 1313 9219
15793 7346 9219 17347
15794 9220 2047 7366
15795 9220 7366 17348
15796 7366 2046 9219
15797 7366 9219 17348
15798 9219 1313 7368
15799 9219 7368 17348
15800 7368 1323 9220
15801 7368 9220 17348
15802 7382 2047 9220
15803 7382 9220 17349
15804 9220 1323 7381
15805 9220 7381 17349
15806 7381 1318 9221
15807 7381 9221 17349
15808 9221 2048 7382
15809 9221 7382 17349
15810 9222 2049 7376
15811 9222 7376 17350
15812 7376 2048 9221
15813 7376 9221 17350
15814 9221 1318 7358
15815 9221 7358 17350
15816 7358 997 9222
15817 7358 9222 17350
15818 9223 2050 8148
15819 9223 8148 17351
15820 8148 2049 9222
15821 8148 9222 17351
15822 9222 997 8133
15823 9222 8133 17351
15824 8133 998 9223
15825 8133 9223 17351
15826 9224 2051 8160
15827 9224 8160 17352
15828 8160 2050 9223
15829 8160 9223 17352
15830 9223 998 8161
15831 9223 8161 17352
15832 8161 1762 9224
15833 8161 9224 17352
15834 8150 2051 9224
15835 8150 9224 17353
15836 9224 1762 8137
15837 9224 8137 17353
15838 8137 1035 9225
15839 8137 9225 17353
15840 9225 2052 8150
15841 9225 8150 17353
15842 8159 2052 9225
15843 8159 9225 17354
15844 9225 1035 8156
15845 9225 8156 17354
15846 8156 1305 9226
15847 8156 9226 17354
15848 9226 2053 8159
15849 9226 8159 17354
15850 7324 1303 9227
15851 7324 9227 17355
15852 9227 2054 7326
15853 9227 7326 17355
15854 7326 2053 9226
15855 7326 9226 17355
15856 9226 1305 7324
15857 9226 7324 17355
15858 7317 995 9228
15859 7317 9228 17356
15860 9228 2055 7320
15861 9228 7320 17356
15862 7320 2054 9227
15863 7320 9227 17356
15864 9227 1303 7317
15865 9227 7317 17356
15866 6840 992 9229
15867 6840 9229 17357
15868 9229 2056 6881
15869 9229 6881 17357
15870 6881 2055 9228
15871 6881 9228 17357
15872 9228 995 6840
15873 9228 6840 17357
15874 6844 984 9230
15875 6844 9230 17358
15876 9230 2057 9231
15877 9230 9231 17358
15878 9231 2056 9229
15879 9231 9229 17358
15880 9229 992 6844
15881 9229 6844 17358
15882 6931 987 9232
15883 6931 9232 17359
15884 9232 2058 9233
15885 9232 9233 17359
15886 9233 2057 9230
15887 9233 9230 17359
15888 9230 984 6931
15889 9230 6931 17359
15890 7652 1014 9234
15891 7652 9234 17360
15892 9234 2059 7649
15893 9234 7649 17360
15894 7649 2058 9232
15895 7649 9232 17360
15896 9232 987 7652
15897 9232 7652 17360
15898 6853 2060 9235
15899 6853 9235 17361
15900 9235 1004 9236
15901 9235 9236 17361
15902 9236 1002 9237
15903 9236 9237 17361
15904 9237 2061 6853
15905 9237 6853 17361
15906 6849 2061 9237
15907 6849 9237 17362
15908 9237 1002 7021
15909 9237 7021 17362
15910 7021 1001 9238
15911 7021 9238 17362
15912 9238 2062 6849
15913 9238 6849 17362
15914 6937 943 9239
15915 6937 9239 17363
15916 9239 2063 6992
15917 9239 6992 17363
15918 6992 2062 9238
15919 6992 9238 17363
15920 9238 1001 6937
15921 9238 6937 17363
15922 6764 912 9240
15923 6764 9240 17364
15924 9240 2064 6766
15925 9240 6766 17364
15926 6766 2063 9239
15927 6766 9239 17364
15928 9239 943 6764
15929 9239 6764 17364
15930 6748 2064 9240
15931 6748 9240 17365
15932 9240 912 6714
15933 9240 6714 17365
15934 6714 797 9241
15935 6714 9241 17365
15936 9241 2065 6748
15937 9241 6748 17365
15938 6518 2065 9241
15939 6518 9241 17366
15940 9241 797 6491
15941 9241 6491 17366
15942 6491 795 9242
15943 6491 9242 17366
15944 9242 2066 6518
15945 9242 6518 17366
15946 6521 2066 9242
15947 6521 9242 17367
15948 9242 795 6513
15949 9242 6513 17367
15950 6513 811 9243
15951 6513 9243 17367
15952 9243 2067 6521
15953 9243 6521 17367
15954 6526 793 9244
15955 6526 9244 17368
15956 9244 2068 6523
15957 9244 6523 17368
15958 6523 2067 9243
15959 6523 9243 17368
15960 9243 811 6526
15961 9243 6526 17368
15962 6497 791 9245
15963 6497 9245 17369
15964 9245 2069 6488
15965 9245 6488 17369
15966 6488 2068 9244
15967 6488 9244 17369
15968 9244 793 6497
15969 9244 6497 17369
15970 6486 2069 9245
15971 6486 9245 17370
15972 9245 791 6495
15973 9245 6495 17370
15974 6495 780 9246
15975 6495 9246 17370
15976 9246 2070 6486
15977 9246 6486 17370
15978 6470 778 9247
15979 6470 9247 17371
15980 9247 2071 6502
15981 9247 6502 17371
15982 6502 2070 9246
15983 6502 9246 17371
15984 9246 780 6470
15985 9246 6470 17371
15986 6625 2071 9247
15987 6625 9247 17372
15988 9247 778 6468
15989 9247 6468 17372
15990 6468 779 9248
15991 6468 9248 17372
15992 9248 2072 6625
15993 9248 6625 17372
15994 6689 2072 9248
15995 6689 9248 17373
15996 9248 779 6686
15997 9248 6686 17373
15998 6686 862 9249
15999 6686 9249 17373
16000 9249 2073 6689
16001 9249 6689 17373
16002 6577 2073 9249
16003 6577 9249 17374
16004 9249 862 6579
16005 9249 6579 17374
16006 6579 859 9250
16007 6579 9250 17374
16008 9250 2074 6577
16009 9250 6577 17374
16010 6582 861 9251
16011 6582 9251 17375
16012 9251 2075 6572
16013 9251 6572 17375
16014 6572 2074 9250
16015 6572 9250 17375
16016 9250 859 6582
16017 9250 6582 17375
16018 6704 2075 9251
16019 6704 9251 17376
16020 9251 861 6606
16021 9251 6606 17376
16022 6606 671 9252
16023 6606 9252 17376
16024 9252 2076 6704
16025 9252 6704 17376
16026 9253 2082 9254
16027 9253 9254 17377
16028 9254 2083 9255
16029 9254 9255 17377
16030 9255 2078 6870
16031 9255 6870 17377
16032 6870 2077 9253
16033 6870 9253 17377
16034 9256 2079 7089
16035 9256 7089 17378
16036 7089 2078 9255
16037 7089 9255 17378
16038 9255 2083 9257
16039 9255 9257 17378
16040 9257 2084 9256
16041 9257 9256 17378
16042 9258 2080 6824
16043 9258 6824 17379
16044 6824 2079 9256
16045 6824 9256 17379
16046 9256 2084 9259
16047 9256 9259 17379
16048 9259 2085 9258
16049 9259 9258 17379
16050 9260 2086 9261
16051 9260 9261 17380
16052 9261 2081 6989
16053 9261 6989 17380
16054 6989 2080 9258
16055 6989 9258 17380
16056 9258 2085 9260
16057 9258 9260 17380
16058 7026 1134 7022
16059 7026 7022 17381
16060 7022 1002 9262
16061 7022 9262 17381
16062 9262 2077 6869
16063 9262 6869 17381
16064 6869 1015 7026
16065 6869 7026 17381
16066 9263 1018 7654
16067 9263 7654 17382
16068 7654 1017 9264
16069 7654 9264 17382
16070 9264 2083 9254
16071 9264 9254 17382
16072 9254 2082 9263
16073 9254 9263 17382
16074 9265 2084 9257
16075 9265 9257 17383
16076 9257 2083 9264
16077 9257 9264 17383
16078 9264 1017 7657
16079 9264 7657 17383
16080 7657 971 9265
16081 7657 9265 17383
16082 9266 2085 9259
16083 9266 9259 17384
16084 9259 2084 9265
16085 9259 9265 17384
16086 9265 971 7659
16087 9265 7659 17384
16088 7659 970 9266
16089 7659 9266 17384
16090 7661 705 9267
16091 7661 9267 17385
16092 9267 2086 9260
16093 9267 9260 17385
16094 9260 2085 9266
16095 9260 9266 17385
16096 9266 970 7661
16097 9266 7661 17385
16098 9268 2082 9253
16099 9268 9253 17386
16100 9253 2077 9262
16101 9253 9262 17386
16102 9262 1002 9236
16103 9262 9236 17386
16104 9236 1004 9268
16105 9236 9268 17386
16106 7651 1018 9263
16107 7651 9263 17387
16108 9263 2082 9268
16109 9263 9268 17387
16110 9268 1004 9269
16111 9268 9269 17387
16112 9269 1014 7651
16113 9269 7651 17387
16114 9234 1014 9269
16115 9234 9269 17388
16116 9269 1004 9235
16117 9269 9235 17388
16118 9235 2060 6867
16119 9235 6867 17388
16120 6867 2059 9234
16121 6867 9234 17388
16122 6882 2056 9231
16123 6882 9231 17389
16124 9231 2057 9270
16125 9231 9270 17389
16126 9270 985 7497
16127 9270 7497 17389
16128 7497 1029 6882
16129 7497 6882 17389
16130 7650 986 6875
16131 7650 6875 17390
16132 6875 985 9270
16133 6875 9270 17390
16134 9270 2057 9233
16135 9270 9233 17390
16136 9233 2058 7650
16137 9233 7650 17390
16138 9164 1351 9271
16139 9164 9271 17391
16140 9271 2088 9179
16141 9271 9179 17391
16142 9179 2087 9272
16143 9179 9272 17391
16144 9272 1349 9164
16145 9272 9164 17391
16146 9273 2089 7416
16147 9273 7416 17392
16148 7416 2088 9271
16149 7416 9271 17392
16150 9271 1351 7437
16151 9271 7437 17392
16152 7437 1337 9273
16153 7437 9273 17392
16154 7388 1117 9274
16155 7388 9274 17393
16156 9274 2090 7407
16157 9274 7407 17393
16158 7407 2089 9273
16159 7407 9273 17393
16160 9273 1337 7388
16161 9273 7388 17393
16162 7009 1114 9275
16163 7009 9275 17394
16164 9275 2091 7185
16165 9275 7185 17394
16166 7185 2090 9274
16167 7185 9274 17394
16168 9274 1117 7009
16169 9274 7009 17394
16170 9276 2092 7636
16171 9276 7636 17395
16172 7636 2091 9275
16173 7636 9275 17395
16174 9275 1114 7638
16175 9275 7638 17395
16176 7638 1212 9276
16177 7638 9276 17395
16178 7165 1213 9277
16179 7165 9277 17396
16180 9277 2093 7214
16181 9277 7214 17396
16182 7214 2092 9276
16183 7214 9276 17396
16184 9276 1212 7165
16185 9276 7165 17396
16186 7175 1224 9278
16187 7175 9278 17397
16188 9278 2094 7228
16189 9278 7228 17397
16190 7228 2093 9277
16191 7228 9277 17397
16192 9277 1213 7175
16193 9277 7175 17397
16194 7177 1217 9279
16195 7177 9279 17398
16196 9279 2095 7225
16197 9279 7225 17398
16198 7225 2094 9278
16199 7225 9278 17398
16200 9278 1224 7177
16201 9278 7177 17398
16202 7168 1218 9280
16203 7168 9280 17399
16204 9280 2096 7201
16205 9280 7201 17399
16206 7201 2095 9279
16207 7201 9279 17399
16208 9279 1217 7168
16209 9279 7168 17399
16210 8928 2096 9280
16211 8928 9280 17400
16212 9280 1218 8940
16213 9280 8940 17400
16214 8940 1222 9281
16215 8940 9281 17400
16216 9281 2097 8928
16217 9281 8928 17400
16218 8978 2097 9281
16219 8978 9281 17401
16220 9281 1222 8998
16221 9281 8998 17401
16222 8998 2008 9282
16223 8998 9282 17401
16224 9282 2098 8978
16225 9282 8978 17401
16226 8982 2098 9282
16227 8982 9282 17402
16228 9282 2008 9010
16229 9282 9010 17402
16230 9010 2015 9283
16231 9010 9283 17402
16232 9283 2099 8982
16233 9283 8982 17402
16234 9021 2099 9283
16235 9021 9283 17403
16236 9283 2015 9020
16237 9283 9020 17403
16238 9020 1210 9284
16239 9020 9284 17403
16240 9284 2100 9021
16241 9284 9021 17403
16242 8987 1207 9285
16243 8987 9285 17404
16244 9285 2101 8974
16245 9285 8974 17404
16246 8974 2100 9284
16247 8974 9284 17404
16248 9284 1210 8987
16249 9284 8987 17404
16250 7160 1208 9286
16251 7160 9286 17405
16252 9286 2102 7189
16253 9286 7189 17405
16254 7189 2101 9285
16255 7189 9285 17405
16256 9285 1207 7160
16257 9285 7160 17405
16258 7257 2102 9286
16259 7257 9286 17406
16260 9286 1208 7180
16261 9286 7180 17406
16262 7180 1220 9287
16263 7180 9287 17406
16264 9287 2103 7257
16265 9287 7257 17406
16266 7172 1204 9288
16267 7172 9288 17407
16268 9288 2104 7222
16269 9288 7222 17407
16270 7222 2103 9287
16271 7222 9287 17407
16272 9287 1220 7172
16273 9287 7172 17407
16274 7157 1202 9289
16275 7157 9289 17408
16276 9289 2105 7181
16277 9289 7181 17408
16278 7181 2104 9288
16279 7181 9288 17408
16280 9288 1204 7157
16281 9288 7157 17408
16282 7154 1188 9290
16283 7154 9290 17409
16284 9290 2106 7220
16285 9290 7220 17409
16286 7220 2105 9289
16287 7220 9289 17409
16288 9289 1202 7154
16289 9289 7154 17409
16290 7135 1189 9291
16291 7135 9291 17410
16292 9291 2107 7193
16293 9291 7193 17410
16294 7193 2106 9290
16295 7193 9290 17410
16296 9290 1188 7135
16297 9290 7135 17410
16298 7151 1200 9292
16299 7151 9292 17411
16300 9292 2108 7218
16301 9292 7218 17411
16302 7218 2107 9291
16303 7218 9291 17411
16304 9291 1189 7151
16305 9291 7151 17411
16306 7148 1198 9293
16307 7148 9293 17412
16308 9293 2109 7197
16309 9293 7197 17412
16310 7197 2108 9292
16311 7197 9292 17412
16312 9292 1200 7148
16313 9292 7148 17412
16314 7142 1194 9294
16315 7142 9294 17413
16316 9294 2110 7209
16317 9294 7209 17413
16318 7209 2109 9293
16319 7209 9293 17413
16320 9293 1198 7142
16321 9293 7142 17413
16322 7140 1195 9295
16323 7140 9295 17414
16324 9295 2111 7205
16325 9295 7205 17414
16326 7205 2110 9294
16327 7205 9294 17414
16328 9294 1194 7140
16329 9294 7140 17414
16330 7147 1191 9296
16331 7147 9296 17415
16332 9296 2112 7211
16333 9296 7211 17415
16334 7211 2111 9295
16335 7211 9295 17415
16336 9295 1195 7147
16337 9295 7147 17415
16338 9213 2112 9296
16339 9213 9296 17416
16340 9296 1191 9159
16341 9296 9159 17416
16342 9159 1192 9297
16343 9159 9297 17416
16344 9297 2113 9213
16345 9297 9213 17416
16346 9215 2113 9297
16347 9215 9297 17417
16348 9297 1192 9191
16349 9297 9191 17417
16350 9191 2039 9298
16351 9191 9298 17417
16352 9298 2114 9215
16353 9298 9215 17417
16354 9194 2038 9299
16355 9194 9299 17418
16356 9299 2115 9195
16357 9299 9195 17418
16358 9195 2114 9298
16359 9195 9298 17418
16360 9298 2039 9194
16361 9298 9194 17418
16362 9192 1388 9300
16363 9192 9300 17419
16364 9300 2116 9216
16365 9300 9216 17419
16366 9216 2115 9299
16367 9216 9299 17419
16368 9299 2038 9192
16369 9299 9192 17419
16370 9156 1395 9301
16371 9156 9301 17420
16372 9301 2117 9199
16373 9301 9199 17420
16374 9199 2116 9300
16375 9199 9300 17420
16376 9300 1388 9156
16377 9300 9156 17420
16378 9138 1350 9302
16379 9138 9302 17421
16380 9302 2118 9160
16381 9302 9160 17421
16382 9160 2117 9301
16383 9160 9301 17421
16384 9301 1395 9138
16385 9301 9138 17421
16386 9141 1977 9303
16387 9141 9303 17422
16388 9303 2119 9169
16389 9303 9169 17422
16390 9169 2118 9302
16391 9169 9302 17422
16392 9302 1350 9141
16393 9302 9141 17422
16394 9187 2119 9303
16395 9187 9303 17423
16396 9303 1977 9167
16397 9303 9167 17423
16398 9167 1982 9304
16399 9167 9304 17423
16400 9304 2120 9187
16401 9304 9187 17423
16402 9168 1349 9272
16403 9168 9272 17424
16404 9272 2087 9184
16405 9272 9184 17424
16406 9184 2120 9304
16407 9184 9304 17424
16408 9304 1982 9168
16409 9304 9168 17424
16410 9305 2164 9306
16411 9305 9306 17425
16412 9306 2165 9307
16413 9306 9307 17425
16414 9307 2166 9308
16415 9307 9308 17425
16416 9308 2167 9305
16417 9308 9305 17425
16418 9309 2169 9310
16419 9309 9310 17426
16420 9310 2170 9311
16421 9310 9311 17426
16422 9311 2171 9312
16423 9311 9312 17426
16424 9312 2168 9309
16425 9312 9309 17426
16426 9313 2168 9312
16427 9313 9312 17427
16428 9312 2171 9314
16429 9312 9314 17427
16430 9314 2173 9315
16431 9314 9315 17427
16432 9315 2172 9313
16433 9315 9313 17427
16434 9316 2174 9317
16435 9316 9317 17428
16436 9317 2175 9318
16437 9317 9318 17428
16438 9318 2176 9319
16439 9318 9319 17428
16440 9319 2177 9316
16441 9319 9316 17428
16442 9320 2179 9321
16443 9320 9321 17429
16444 9321 2180 9322
16445 9321 9322 17429
16446 9322 2181 9323
16447 9322 9323 17429
16448 9323 2178 9320
16449 9323 9320 17429
16450 9324 2182 9325
16451 9324 9325 17430
16452 9325 2183 9326
16453 9325 9326 17430
16454 9326 2184 9327
16455 9326 9327 17430
16456 9327 2185 9324
16457 9327 9324 17430
16458 9328 2186 9329
16459 9328 9329 17431
16460 9329 2182 9324
16461 9329 9324 17431
16462 9324 2185 9330
16463 9324 9330 17431
16464 9330 2187 9328
16465 9330 9328 17431
16466 9321 2179 9331
16467 9321 9331 17432
16468 9331 2186 9328
16469 9331 9328 17432
16470 9328 2187 9332
16471 9328 9332 17432
16472 9332 2180 9321
16473 9332 9321 17432
16474 9333 2188 9334
16475 9333 9334 17433
16476 9334 2189 9335
16477 9334 9335 17433
16478 9335 2170 9310
16479 9335 9310 17433
16480 9310 2169 9333
16481 9310 9333 17433
16482 9334 2188 9336
16483 9334 9336 17434
16484 9336 2178 9323
16485 9336 9323 17434
16486 9323 2181 9337
16487 9323 9337 17434
16488 9337 2189 9334
16489 9337 9334 17434
16490 9338 2190 9339
16491 9338 9339 17435
16492 9339 2191 9340
16493 9339 9340 17435
16494 9340 2122 9341
16495 9340 9341 17435
16496 9341 2121 9338
16497 9341 9338 17435
16498 9342 2184 9326
16499 9342 9326 17436
16500 9326 2183 9343
16501 9326 9343 17436
16502 9343 2193 9344
16503 9343 9344 17436
16504 9344 2192 9342
16505 9344 9342 17436
16506 9345 2192 9344
16507 9345 9344 17437
16508 9344 2193 9346
16509 9344 9346 17437
16510 9346 2164 9305
16511 9346 9305 17437
16512 9305 2167 9345
16513 9305 9345 17437
16514 9347 2195 9348
16515 9347 9348 17438
16516 9348 2196 9349
16517 9348 9349 17438
16518 9349 2197 9350
16519 9349 9350 17438
16520 9350 2194 9347
16521 9350 9347 17438
16522 9351 2198 9352
16523 9351 9352 17439
16524 9352 2196 9348
16525 9352 9348 17439
16526 9348 2195 9353
16527 9348 9353 17439
16528 9353 2199 9351
16529 9353 9351 17439
16530 9354 2201 9355
16531 9354 9355 17440
16532 9355 2202 9356
16533 9355 9356 17440
16534 9356 2203 9357
16535 9356 9357 17440
16536 9357 2200 9354
16537 9357 9354 17440
16538 9358 2202 9355
16539 9358 9355 17441
16540 9355 2201 9359
16541 9355 9359 17441
16542 9359 2194 9350
16543 9359 9350 17441
16544 9350 2197 9358
16545 9350 9358 17441
16546 9360 2205 9361
16547 9360 9361 17442
16548 9361 2206 9362
16549 9361 9362 17442
16550 9362 2207 9363
16551 9362 9363 17442
16552 9363 2204 9360
16553 9363 9360 17442
16554 9364 2208 9365
16555 9364 9365 17443
16556 9365 2209 9366
16557 9365 9366 17443
16558 9366 2206 9361
16559 9366 9361 17443
16560 9361 2205 9364
16561 9361 9364 17443
16562 9367 2198 9351
16563 9367 9351 17444
16564 9351 2199 9368
16565 9351 9368 17444
16566 9368 2209 9365
16567 9368 9365 17444
16568 9365 2208 9367
16569 9365 9367 17444
16570 9369 2210 9370
16571 9369 9370 17445
16572 9370 2191 9339
16573 9370 9339 17445
16574 9339 2190 9371
16575 9339 9371 17445
16576 9371 2211 9369
16577 9371 9369 17445
16578 9357 2203 9372
16579 9357 9372 17446
16580 9372 2212 9373
16581 9372 9373 17446
16582 9373 2213 9374
16583 9373 9374 17446
16584 9374 2200 9357
16585 9374 9357 17446
16586 9369 2211 9375
16587 9369 9375 17447
16588 9375 2214 9376
16589 9375 9376 17447
16590 9376 2215 9377
16591 9376 9377 17447
16592 9377 2210 9369
16593 9377 9369 17447
16594 9378 2213 9373
16595 9378 9373 17448
16596 9373 2212 9379
16597 9373 9379 17448
16598 9379 2217 9380
16599 9379 9380 17448
16600 9380 2216 9378
16601 9380 9378 17448
16602 9381 2216 9380
16603 9381 9380 17449
16604 9380 2217 9382
16605 9380 9382 17449
16606 9382 2215 9376
16607 9382 9376 17449
16608 9376 2214 9381
16609 9376 9381 17449
16610 9383 2218 9384
16611 9383 9384 17450
16612 9384 2219 9385
16613 9384 9385 17450
16614 9385 2174 9316
16615 9385 9316 17450
16616 9316 2177 9383
16617 9316 9383 17450
16618 9386 2221 9387
16619 9386 9387 17451
16620 9387 2222 9388
16621 9387 9388 17451
16622 9388 2223 9389
16623 9388 9389 17451
16624 9389 2220 9386
16625 9389 9386 17451
16626 9390 2224 9391
16627 9390 9391 17452
16628 9391 2225 9392
16629 9391 9392 17452
16630 9392 2220 9389
16631 9392 9389 17452
16632 9389 2223 9390
16633 9389 9390 17452
16634 9393 2227 9394
16635 9393 9394 17453
16636 9394 2228 9395
16637 9394 9395 17453
16638 9395 2229 9396
16639 9395 9396 17453
16640 9396 2226 9393
16641 9396 9393 17453
16642 9397 2166 9307
16643 9397 9307 17454
16644 9307 2165 9398
16645 9307 9398 17454
16646 9398 2231 9399
16647 9398 9399 17454
16648 9399 2230 9397
16649 9399 9397 17454
16650 9400 2232 9401
16651 9400 9401 17455
16652 9401 2230 9399
16653 9401 9399 17455
16654 9399 2231 9402
16655 9399 9402 17455
16656 9402 2233 9400
16657 9402 9400 17455
16658 9400 2233 9403
16659 9400 9403 17456
16660 9403 2234 9404
16661 9403 9404 17456
16662 9404 2235 9405
16663 9404 9405 17456
16664 9405 2232 9400
16665 9405 9400 17456
16666 9396 2229 9406
16667 9396 9406 17457
16668 9406 2236 9407
16669 9406 9407 17457
16670 9407 2237 9408
16671 9407 9408 17457
16672 9408 2226 9396
16673 9408 9396 17457
16674 9407 2236 9409
16675 9407 9409 17458
16676 9409 2235 9404
16677 9409 9404 17458
16678 9404 2234 9410
16679 9404 9410 17458
16680 9410 2237 9407
16681 9410 9407 17458
16682 9318 2175 9411
16683 9318 9411 17459
16684 9411 2204 9363
16685 9411 9363 17459
16686 9363 2207 9412
16687 9363 9412 17459
16688 9412 2176 9318
16689 9412 9318 17459
16690 9413 2225 9391
16691 9413 9391 17460
16692 9391 2224 9414
16693 9391 9414 17460
16694 9414 2219 9384
16695 9414 9384 17460
16696 9384 2218 9413
16697 9384 9413 17460
16698 9387 2221 9415
16699 9387 9415 17461
16700 9415 2238 9416
16701 9415 9416 17461
16702 9416 2239 9417
16703 9416 9417 17461
16704 9417 2222 9387
16705 9417 9387 17461
16706 9315 2173 9418
16707 9315 9418 17462
16708 9418 2239 9416
16709 9418 9416 17462
16710 9416 2238 9419
16711 9416 9419 17462
16712 9419 2172 9315
16713 9419 9315 17462
16714 9420 2167 9308
16715 9420 9308 17463
16716 9308 2166 9421
16717 9308 9421 17463
16718 9421 2246 9422
16719 9421 9422 17463
16720 9422 2240 9420
16721 9422 9420 17463
16722 9423 2240 9422
16723 9423 9422 17464
16724 9422 2246 9424
16725 9422 9424 17464
16726 9424 2247 9425
16727 9424 9425 17464
16728 9425 2242 9423
16729 9425 9423 17464
16730 9426 2242 9425
16731 9426 9425 17465
16732 9425 2247 9427
16733 9425 9427 17465
16734 9427 2248 9428
16735 9427 9428 17465
16736 9428 2241 9426
16737 9428 9426 17465
16738 9429 2245 9430
16739 9429 9430 17466
16740 9430 2241 9428
16741 9430 9428 17466
16742 9428 2248 9431
16743 9428 9431 17466
16744 9431 2249 9429
16745 9431 9429 17466
16746 9432 2245 9429
16747 9432 9429 17467
16748 9429 2249 9433
16749 9429 9433 17467
16750 9433 2250 9434
16751 9433 9434 17467
16752 9434 2251 9432
16753 9434 9432 17467
16754 9435 2243 9436
16755 9435 9436 17468
16756 9436 2245 9432
16757 9436 9432 17468
16758 9432 2251 9437
16759 9432 9437 17468
16760 9437 2252 9435
16761 9437 9435 17468
16762 9438 2634 9439
16763 9438 9439 17469
16764 9439 2635 9440
16765 9439 9440 17469
16766 9440 2253 9441
16767 9440 9441 17469
16768 9441 2244 9438
16769 9441 9438 17469
16770 9442 2244 9441
16771 9442 9441 17470
16772 9441 2253 9443
16773 9441 9443 17470
16774 9443 2629 9444
16775 9443 9444 17470
16776 9444 2630 9442
16777 9444 9442 17470
16778 9311 2170 9445
16779 9311 9445 17471
16780 9445 2257 9446
16781 9445 9446 17471
16782 9446 2256 9447
16783 9446 9447 17471
16784 9447 2171 9311
16785 9447 9311 17471
16786 9448 2258 9449
16787 9448 9449 17472
16788 9449 2173 9314
16789 9449 9314 17472
16790 9314 2171 9447
16791 9314 9447 17472
16792 9447 2256 9448
16793 9447 9448 17472
16794 9317 2174 9450
16795 9317 9450 17473
16796 9450 2260 9451
16797 9450 9451 17473
16798 9451 2444 9452
16799 9451 9452 17473
16800 9452 2175 9317
16801 9452 9317 17473
16802 9322 2180 9453
16803 9322 9453 17474
16804 9453 2293 9454
16805 9453 9454 17474
16806 9454 2290 9455
16807 9454 9455 17474
16808 9455 2181 9322
16809 9455 9322 17474
16810 9456 2297 9457
16811 9456 9457 17475
16812 9457 2296 9458
16813 9457 9458 17475
16814 9458 2295 9459
16815 9458 9459 17475
16816 9459 2294 9456
16817 9459 9456 17475
16818 9460 2299 9461
16819 9460 9461 17476
16820 9461 2295 9458
16821 9461 9458 17476
16822 9458 2296 9462
16823 9458 9462 17476
16824 9462 2298 9460
16825 9462 9460 17476
16826 9463 2300 9464
16827 9463 9464 17477
16828 9464 2185 9327
16829 9464 9327 17477
16830 9327 2184 9465
16831 9327 9465 17477
16832 9465 2294 9463
16833 9465 9463 17477
16834 9466 2301 9467
16835 9466 9467 17478
16836 9467 2300 9463
16837 9467 9463 17478
16838 9463 2294 9459
16839 9463 9459 17478
16840 9459 2295 9466
16841 9459 9466 17478
16842 9468 2305 9469
16843 9468 9469 17479
16844 9469 2187 9330
16845 9469 9330 17479
16846 9330 2185 9464
16847 9330 9464 17479
16848 9464 2300 9468
16849 9464 9468 17479
16850 9332 2187 9469
16851 9332 9469 17480
16852 9469 2305 9470
16853 9469 9470 17480
16854 9470 2293 9453
16855 9470 9453 17480
16856 9453 2180 9332
16857 9453 9332 17480
16858 9335 2189 9471
16859 9335 9471 17481
16860 9471 2310 9472
16861 9471 9472 17481
16862 9472 2257 9445
16863 9472 9445 17481
16864 9445 2170 9335
16865 9445 9335 17481
16866 9471 2189 9337
16867 9471 9337 17482
16868 9337 2181 9455
16869 9337 9455 17482
16870 9455 2290 9473
16871 9455 9473 17482
16872 9473 2310 9471
16873 9473 9471 17482
16874 9456 2294 9465
16875 9456 9465 17483
16876 9465 2184 9342
16877 9465 9342 17483
16878 9342 2192 9474
16879 9342 9474 17483
16880 9474 2297 9456
16881 9474 9456 17483
16882 9475 2325 9476
16883 9475 9476 17484
16884 9476 2633 9477
16885 9476 9477 17484
16886 9477 2634 9438
16887 9477 9438 17484
16888 9438 2244 9475
16889 9438 9475 17484
16890 9478 2297 9474
16891 9478 9474 17485
16892 9474 2192 9345
16893 9474 9345 17485
16894 9345 2167 9420
16895 9345 9420 17485
16896 9420 2240 9478
16897 9420 9478 17485
16898 9479 2296 9457
16899 9479 9457 17486
16900 9457 2297 9478
16901 9457 9478 17486
16902 9478 2240 9423
16903 9478 9423 17486
16904 9423 2242 9479
16905 9423 9479 17486
16906 9480 2298 9462
16907 9480 9462 17487
16908 9462 2296 9479
16909 9462 9479 17487
16910 9479 2242 9426
16911 9479 9426 17487
16912 9426 2241 9480
16913 9426 9480 17487
16914 9481 2328 9482
16915 9481 9482 17488
16916 9482 2298 9480
16917 9482 9480 17488
16918 9480 2241 9430
16919 9480 9430 17488
16920 9430 2245 9481
16921 9430 9481 17488
16922 9483 2326 9484
16923 9483 9484 17489
16924 9484 2299 9460
16925 9484 9460 17489
16926 9460 2298 9482
16927 9460 9482 17489
16928 9482 2328 9483
16929 9482 9483 17489
16930 9436 2243 9485
16931 9436 9485 17490
16932 9485 2327 9486
16933 9485 9486 17490
16934 9486 2328 9481
16935 9486 9481 17490
16936 9481 2245 9436
16937 9481 9436 17490
16938 9487 2325 9475
16939 9487 9475 17491
16940 9475 2244 9442
16941 9475 9442 17491
16942 9442 2630 9488
16943 9442 9488 17491
16944 9488 2631 9487
16945 9488 9487 17491
16946 9352 2198 9489
16947 9352 9489 17492
16948 9489 2322 9490
16949 9489 9490 17492
16950 9490 2197 9349
16951 9490 9349 17492
16952 9349 2196 9352
16953 9349 9352 17492
16954 9360 2204 9491
16955 9360 9491 17493
16956 9491 2259 9492
16957 9491 9492 17493
16958 9492 2315 9493
16959 9492 9493 17493
16960 9493 2205 9360
16961 9493 9360 17493
16962 9364 2205 9493
16963 9364 9493 17494
16964 9493 2315 9494
16965 9493 9494 17494
16966 9494 2323 9495
16967 9494 9495 17494
16968 9495 2208 9364
16969 9495 9364 17494
16970 9367 2208 9495
16971 9367 9495 17495
16972 9495 2323 9496
16973 9495 9496 17495
16974 9496 2322 9489
16975 9496 9489 17495
16976 9489 2198 9367
16977 9489 9367 17495
16978 9497 2280 9498
16979 9497 9498 17496
16980 9498 2131 9499
16981 9498 9499 17496
16982 9499 2149 9500
16983 9499 9500 17496
16984 9500 2439 9497
16985 9500 9497 17496
16986 9501 2264 9502
16987 9501 9502 17497
16988 9502 2136 9503
16989 9502 9503 17497
16990 9503 2127 9504
16991 9503 9504 17497
16992 9504 2263 9501
16993 9504 9501 17497
16994 9505 2126 9506
16995 9505 9506 17498
16996 9506 2284 9507
16997 9506 9507 17498
16998 9507 2263 9504
16999 9507 9504 17498
17000 9504 2127 9505
17001 9504 9505 17498
17002 9508 2288 9509
17003 9508 9509 17499
17004 9509 2133 9510
17005 9509 9510 17499
17006 9510 2134 9511
17007 9510 9511 17499
17008 9511 2287 9508
17009 9511 9508 17499
17010 9509 2288 9512
17011 9509 9512 17500
17012 9512 2306 9513
17013 9512 9513 17500
17014 9513 2135 9514
17015 9513 9514 17500
17016 9514 2133 9509
17017 9514 9509 17500
17018 9515 2136 9502
17019 9515 9502 17501
17020 9502 2264 9516
17021 9502 9516 17501
17022 9516 2308 9517
17023 9516 9517 17501
17024 9517 2140 9515
17025 9517 9515 17501
17026 9518 2137 9519
17027 9518 9519 17502
17028 9519 2135 9513
17029 9519 9513 17502
17030 9513 2306 9520
17031 9513 9520 17502
17032 9520 2311 9518
17033 9520 9518 17502
17034 9521 2632 9522
17035 9521 9522 17503
17036 9522 2311 9523
17037 9522 9523 17503
17038 9523 2312 9524
17039 9523 9524 17503
17040 9524 2314 9521
17041 9524 9521 17503
17042 9525 2140 9517
17043 9525 9517 17504
17044 9517 2308 9526
17045 9517 9526 17504
17046 9526 2287 9511
17047 9526 9511 17504
17048 9511 2134 9525
17049 9511 9525 17504
17050 9521 2314 9527
17051 9521 9527 17505
17052 9527 2325 9487
17053 9527 9487 17505
17054 9487 2631 9528
17055 9487 9528 17505
17056 9528 2632 9521
17057 9528 9521 17505
17058 9476 2325 9527
17059 9476 9527 17506
17060 9527 2314 9529
17061 9527 9529 17506
17062 9529 2327 9530
17063 9529 9530 17506
17064 9530 2633 9476
17065 9530 9476 17506
17066 9483 2328 9486
17067 9483 9486 17507
17068 9486 2327 9529
17069 9486 9529 17507
17070 9529 2314 9531
17071 9529 9531 17507
17072 9531 2326 9483
17073 9531 9483 17507
17074 9532 2331 9533
17075 9532 9533 17508
17076 9533 2264 9501
17077 9533 9501 17508
17078 9501 2263 9534
17079 9501 9534 17508
17080 9534 2332 9532
17081 9534 9532 17508
17082 9535 2332 9534
17083 9535 9534 17509
17084 9534 2263 9507
17085 9534 9507 17509
17086 9507 2284 9536
17087 9507 9536 17509
17088 9536 2336 9535
17089 9536 9535 17509
17090 9537 2337 9538
17091 9537 9538 17510
17092 9538 2280 9497
17093 9538 9497 17510
17094 9497 2439 9539
17095 9497 9539 17510
17096 9539 2440 9537
17097 9539 9537 17510
17098 9540 2302 9541
17099 9540 9541 17511
17100 9541 2301 9466
17101 9541 9466 17511
17102 9466 2295 9461
17103 9466 9461 17511
17104 9461 2299 9540
17105 9461 9540 17511
17106 9542 2313 9543
17107 9542 9543 17512
17108 9543 2302 9540
17109 9543 9540 17512
17110 9540 2299 9484
17111 9540 9484 17512
17112 9484 2326 9542
17113 9484 9542 17512
17114 9544 2348 9545
17115 9544 9545 17513
17116 9545 2341 9546
17117 9545 9546 17513
17118 9546 2339 9547
17119 9546 9547 17513
17120 9547 2347 9544
17121 9547 9544 17513
17122 9548 2312 9523
17123 9548 9523 17514
17124 9523 2311 9520
17125 9523 9520 17514
17126 9520 2306 9549
17127 9520 9549 17514
17128 9549 2341 9548
17129 9549 9548 17514
17130 9542 2326 9531
17131 9542 9531 17515
17132 9531 2314 9524
17133 9531 9524 17515
17134 9524 2312 9550
17135 9524 9550 17515
17136 9550 2313 9542
17137 9550 9542 17515
17138 9550 2312 9548
17139 9550 9548 17516
17140 9548 2341 9545
17141 9548 9545 17516
17142 9545 2348 9551
17143 9545 9551 17516
17144 9551 2313 9550
17145 9551 9550 17516
17146 9546 2341 9549
17147 9546 9549 17517
17148 9549 2306 9512
17149 9549 9512 17517
17150 9512 2288 9552
17151 9512 9552 17517
17152 9552 2339 9546
17153 9552 9546 17517
17154 9553 2339 9552
17155 9553 9552 17518
17156 9552 2288 9508
17157 9552 9508 17518
17158 9508 2287 9554
17159 9508 9554 17518
17160 9554 2340 9553
17161 9554 9553 17518
17162 9555 2340 9554
17163 9555 9554 17519
17164 9554 2287 9526
17165 9554 9526 17519
17166 9526 2308 9556
17167 9526 9556 17519
17168 9556 2342 9555
17169 9556 9555 17519
17170 9557 2342 9556
17171 9557 9556 17520
17172 9556 2308 9516
17173 9556 9516 17520
17174 9516 2264 9533
17175 9516 9533 17520
17176 9533 2331 9557
17177 9533 9557 17520
17178 9558 2271 9559
17179 9558 9559 17521
17180 9559 2256 9446
17181 9559 9446 17521
17182 9446 2257 9560
17183 9446 9560 17521
17184 9560 2270 9558
17185 9560 9558 17521
17186 9561 2269 9562
17187 9561 9562 17522
17188 9562 2258 9448
17189 9562 9448 17522
17190 9448 2256 9559
17191 9448 9559 17522
17192 9559 2271 9561
17193 9559 9561 17522
17194 9454 2293 9563
17195 9454 9563 17523
17196 9563 2292 9564
17197 9563 9564 17523
17198 9564 2291 9565
17199 9564 9565 17523
17200 9565 2290 9454
17201 9565 9454 17523
17202 9468 2300 9467
17203 9468 9467 17524
17204 9467 2301 9566
17205 9467 9566 17524
17206 9566 2303 9567
17207 9566 9567 17524
17208 9567 2305 9468
17209 9567 9468 17524
17210 9470 2305 9567
17211 9470 9567 17525
17212 9567 2303 9568
17213 9567 9568 17525
17214 9568 2292 9563
17215 9568 9563 17525
17216 9563 2293 9470
17217 9563 9470 17525
17218 9472 2310 9569
17219 9472 9569 17526
17220 9569 2309 9570
17221 9569 9570 17526
17222 9570 2270 9560
17223 9570 9560 17526
17224 9560 2257 9472
17225 9560 9472 17526
17226 9571 2309 9569
17227 9571 9569 17527
17228 9569 2310 9473
17229 9569 9473 17527
17230 9473 2290 9565
17231 9473 9565 17527
17232 9565 2291 9571
17233 9565 9571 17527
17234 9532 2332 9572
17235 9532 9572 17528
17236 9572 2262 9573
17237 9572 9573 17528
17238 9573 2261 9574
17239 9573 9574 17528
17240 9574 2331 9532
17241 9574 9532 17528
17242 9575 2349 9576
17243 9575 9576 17529
17244 9576 2271 9558
17245 9576 9558 17529
17246 9558 2270 9577
17247 9558 9577 17529
17248 9577 2350 9575
17249 9577 9575 17529
17250 9578 2351 9579
17251 9578 9579 17530
17252 9579 2269 9561
17253 9579 9561 17530
17254 9561 2271 9576
17255 9561 9576 17530
17256 9576 2349 9578
17257 9576 9578 17530
17258 9535 2336 9580
17259 9535 9580 17531
17260 9580 2277 9581
17261 9580 9581 17531
17262 9581 2262 9572
17263 9581 9572 17531
17264 9572 2332 9535
17265 9572 9535 17531
17266 9537 2440 9582
17267 9537 9582 17532
17268 9582 2441 9583
17269 9582 9583 17532
17270 9583 2279 9584
17271 9583 9584 17532
17272 9584 2337 9537
17273 9584 9537 17532
17274 9553 2340 9585
17275 9553 9585 17533
17276 9585 2286 9586
17277 9585 9586 17533
17278 9586 2347 9547
17279 9586 9547 17533
17280 9547 2339 9553
17281 9547 9553 17533
17282 9564 2292 9587
17283 9564 9587 17534
17284 9587 2289 9588
17285 9587 9588 17534
17286 9588 2358 9589
17287 9588 9589 17534
17288 9589 2291 9564
17289 9589 9564 17534
17290 9566 2301 9541
17291 9566 9541 17535
17292 9541 2302 9590
17293 9541 9590 17535
17294 9590 2304 9591
17295 9590 9591 17535
17296 9591 2303 9566
17297 9591 9566 17535
17298 9568 2303 9591
17299 9568 9591 17536
17300 9591 2304 9592
17301 9591 9592 17536
17302 9592 2289 9587
17303 9592 9587 17536
17304 9587 2292 9568
17305 9587 9568 17536
17306 9557 2331 9574
17307 9557 9574 17537
17308 9574 2261 9593
17309 9574 9593 17537
17310 9593 2307 9594
17311 9593 9594 17537
17312 9594 2342 9557
17313 9594 9557 17537
17314 9595 2350 9577
17315 9595 9577 17538
17316 9577 2270 9570
17317 9577 9570 17538
17318 9570 2309 9596
17319 9570 9596 17538
17320 9596 2359 9595
17321 9596 9595 17538
17322 9597 2359 9596
17323 9597 9596 17539
17324 9596 2309 9571
17325 9596 9571 17539
17326 9571 2291 9589
17327 9571 9589 17539
17328 9589 2358 9597
17329 9589 9597 17539
17330 9555 2342 9594
17331 9555 9594 17540
17332 9594 2307 9598
17333 9594 9598 17540
17334 9598 2286 9585
17335 9598 9585 17540
17336 9585 2340 9555
17337 9585 9555 17540
17338 9599 2347 9586
17339 9599 9586 17541
17340 9586 2286 9600
17341 9586 9600 17541
17342 9600 2358 9588
17343 9600 9588 17541
17344 9588 2289 9599
17345 9588 9599 17541
17346 9544 2347 9599
17347 9544 9599 17542
17348 9599 2289 9592
17349 9599 9592 17542
17350 9592 2304 9601
17351 9592 9601 17542
17352 9601 2348 9544
17353 9601 9544 17542
17354 9551 2348 9601
17355 9551 9601 17543
17356 9601 2304 9590
17357 9601 9590 17543
17358 9590 2302 9543
17359 9590 9543 17543
17360 9543 2313 9551
17361 9543 9551 17543
17362 9597 2358 9600
17363 9597 9600 17544
17364 9600 2286 9598
17365 9600 9598 17544
17366 9598 2307 9602
17367 9598 9602 17544
17368 9602 2359 9597
17369 9602 9597 17544
17370 9595 2359 9602
17371 9595 9602 17545
17372 9602 2307 9593
17373 9602 9593 17545
17374 9593 2261 9603
17375 9593 9603 17545
17376 9603 2350 9595
17377 9603 9595 17545
17378 9575 2350 9603
17379 9575 9603 17546
17380 9603 2261 9573
17381 9603 9573 17546
17382 9573 2262 9604
17383 9573 9604 17546
17384 9604 2349 9575
17385 9604 9575 17546
17386 9578 2349 9604
17387 9578 9604 17547
17388 9604 2262 9581
17389 9604 9581 17547
17390 9581 2277 9605
17391 9581 9605 17547
17392 9605 2351 9578
17393 9605 9578 17547
17394 9606 2320 9607
17395 9606 9607 17548
17396 9607 2143 9608
17397 9607 9608 17548
17398 9608 2122 9340
17399 9608 9340 17548
17400 9340 2191 9606
17401 9340 9606 17548
17402 9606 2191 9370
17403 9606 9370 17549
17404 9370 2210 9609
17405 9370 9609 17549
17406 9609 2343 9610
17407 9609 9610 17549
17408 9610 2320 9606
17409 9610 9606 17549
17410 9609 2210 9377
17411 9609 9377 17550
17412 9377 2215 9611
17413 9377 9611 17550
17414 9611 2321 9612
17415 9611 9612 17550
17416 9612 2343 9609
17417 9612 9609 17550
17418 9610 2343 9613
17419 9610 9613 17551
17420 9613 2345 9614
17421 9613 9614 17551
17422 9614 2319 9615
17423 9614 9615 17551
17424 9615 2320 9610
17425 9615 9610 17551
17426 9607 2320 9615
17427 9607 9615 17552
17428 9615 2319 9616
17429 9615 9616 17552
17430 9616 2141 9617
17431 9616 9617 17552
17432 9617 2143 9607
17433 9617 9607 17552
17434 9618 2362 9619
17435 9618 9619 17553
17436 9619 2345 9613
17437 9619 9613 17553
17438 9613 2343 9612
17439 9613 9612 17553
17440 9612 2321 9618
17441 9612 9618 17553
17442 9620 2272 9621
17443 9620 9621 17554
17444 9621 2443 9622
17445 9621 9622 17554
17446 9622 2444 9451
17447 9622 9451 17554
17448 9451 2260 9620
17449 9451 9620 17554
17450 9623 2355 9624
17451 9623 9624 17555
17452 9624 2442 9625
17453 9624 9625 17555
17454 9625 2443 9621
17455 9625 9621 17555
17456 9621 2272 9623
17457 9621 9623 17555
17458 9624 2355 9626
17459 9624 9626 17556
17460 9626 2279 9583
17461 9626 9583 17556
17462 9583 2441 9627
17463 9583 9627 17556
17464 9627 2442 9624
17465 9627 9624 17556
17466 9628 2202 9358
17467 9628 9358 17557
17468 9358 2197 9490
17469 9358 9490 17557
17470 9490 2322 9629
17471 9490 9629 17557
17472 9629 2329 9628
17473 9629 9628 17557
17474 9492 2259 9630
17475 9492 9630 17558
17476 9630 2282 9631
17477 9630 9631 17558
17478 9631 2316 9632
17479 9631 9632 17558
17480 9632 2315 9492
17481 9632 9492 17558
17482 9633 2329 9629
17483 9633 9629 17559
17484 9629 2322 9496
17485 9629 9496 17559
17486 9496 2323 9634
17487 9496 9634 17559
17488 9634 2366 9633
17489 9634 9633 17559
17490 9632 2316 9635
17491 9632 9635 17560
17492 9635 2366 9634
17493 9635 9634 17560
17494 9634 2323 9494
17495 9634 9494 17560
17496 9494 2315 9632
17497 9494 9632 17560
17498 9636 2203 9356
17499 9636 9356 17561
17500 9356 2202 9628
17501 9356 9628 17561
17502 9628 2329 9637
17503 9628 9637 17561
17504 9637 2324 9636
17505 9637 9636 17561
17506 9638 2281 9639
17507 9638 9639 17562
17508 9639 2132 9640
17509 9639 9640 17562
17510 9640 2128 9641
17511 9640 9641 17562
17512 9641 2317 9638
17513 9641 9638 17562
17514 9642 2144 9643
17515 9642 9643 17563
17516 9643 2142 9644
17517 9643 9644 17563
17518 9644 2330 9645
17519 9644 9645 17563
17520 9645 2368 9642
17521 9645 9642 17563
17522 9646 2338 9647
17523 9646 9647 17564
17524 9647 2281 9638
17525 9647 9638 17564
17526 9638 2317 9648
17527 9638 9648 17564
17528 9648 2344 9646
17529 9648 9646 17564
17530 9649 2368 9645
17531 9649 9645 17565
17532 9645 2330 9650
17533 9645 9650 17565
17534 9650 2346 9651
17535 9650 9651 17565
17536 9651 2369 9649
17537 9651 9649 17565
17538 9652 2283 9653
17539 9652 9653 17566
17540 9653 2338 9646
17541 9653 9646 17566
17542 9646 2344 9654
17543 9646 9654 17566
17544 9654 2318 9652
17545 9654 9652 17566
17546 9644 2142 9655
17547 9644 9655 17567
17548 9655 2141 9616
17549 9655 9616 17567
17550 9616 2319 9656
17551 9616 9656 17567
17552 9656 2330 9644
17553 9656 9644 17567
17554 9656 2319 9614
17555 9656 9614 17568
17556 9614 2345 9657
17557 9614 9657 17568
17558 9657 2346 9650
17559 9657 9650 17568
17560 9650 2330 9656
17561 9650 9656 17568
17562 9382 2217 9658
17563 9382 9658 17569
17564 9658 2361 9659
17565 9658 9659 17569
17566 9659 2321 9611
17567 9659 9611 17569
17568 9611 2215 9382
17569 9611 9382 17569
17570 9660 2364 9661
17571 9660 9661 17570
17572 9661 2346 9657
17573 9661 9657 17570
17574 9657 2345 9619
17575 9657 9619 17570
17576 9619 2362 9660
17577 9619 9660 17570
17578 9662 2369 9651
17579 9662 9651 17571
17580 9651 2346 9661
17581 9651 9661 17571
17582 9661 2364 9663
17583 9661 9663 17571
17584 9663 2370 9662
17585 9663 9662 17571
17586 9664 2357 9665
17587 9664 9665 17572
17588 9665 2356 9666
17589 9665 9666 17572
17590 9666 2283 9652
17591 9666 9652 17572
17592 9652 2318 9664
17593 9652 9664 17572
17594 9667 2360 9668
17595 9667 9668 17573
17596 9668 2361 9658
17597 9668 9658 17573
17598 9658 2217 9379
17599 9658 9379 17573
17600 9379 2212 9667
17601 9379 9667 17573
17602 9618 2321 9659
17603 9618 9659 17574
17604 9659 2361 9669
17605 9659 9669 17574
17606 9669 2363 9670
17607 9669 9670 17574
17608 9670 2362 9618
17609 9670 9618 17574
17610 9671 2370 9663
17611 9671 9663 17575
17612 9663 2364 9672
17613 9663 9672 17575
17614 9672 2365 9673
17615 9672 9673 17575
17616 9673 2371 9671
17617 9673 9671 17575
17618 9670 2363 9674
17619 9670 9674 17576
17620 9674 2365 9672
17621 9674 9672 17576
17622 9672 2364 9660
17623 9672 9660 17576
17624 9660 2362 9670
17625 9660 9670 17576
17626 9669 2361 9668
17627 9669 9668 17577
17628 9668 2360 9675
17629 9668 9675 17577
17630 9675 2372 9676
17631 9675 9676 17577
17632 9676 2363 9669
17633 9676 9669 17577
17634 9677 2356 9665
17635 9677 9665 17578
17636 9665 2357 9678
17637 9665 9678 17578
17638 9678 2316 9631
17639 9678 9631 17578
17640 9631 2282 9677
17641 9631 9677 17578
17642 9372 2203 9636
17643 9372 9636 17579
17644 9636 2324 9679
17645 9636 9679 17579
17646 9679 2360 9667
17647 9679 9667 17579
17648 9667 2212 9372
17649 9667 9372 17579
17650 9680 2371 9673
17651 9680 9673 17580
17652 9673 2365 9674
17653 9673 9674 17580
17654 9674 2363 9676
17655 9674 9676 17580
17656 9676 2372 9680
17657 9676 9680 17580
17658 9633 2366 9681
17659 9633 9681 17581
17660 9681 2367 9682
17661 9681 9682 17581
17662 9682 2324 9637
17663 9682 9637 17581
17664 9637 2329 9633
17665 9637 9633 17581
17666 9678 2357 9683
17667 9678 9683 17582
17668 9683 2367 9681
17669 9683 9681 17582
17670 9681 2366 9635
17671 9681 9635 17582
17672 9635 2316 9678
17673 9635 9678 17582
17674 9679 2324 9682
17675 9679 9682 17583
17676 9682 2367 9684
17677 9682 9684 17583
17678 9684 2372 9675
17679 9684 9675 17583
17680 9675 2360 9679
17681 9675 9679 17583
17682 9680 2372 9684
17683 9680 9684 17584
17684 9684 2367 9683
17685 9684 9683 17584
17686 9683 2357 9685
17687 9683 9685 17584
17688 9685 2371 9680
17689 9685 9680 17584
17690 9671 2371 9685
17691 9671 9685 17585
17692 9685 2357 9664
17693 9685 9664 17585
17694 9664 2318 9686
17695 9664 9686 17585
17696 9686 2370 9671
17697 9686 9671 17585
17698 9662 2370 9686
17699 9662 9686 17586
17700 9686 2318 9654
17701 9686 9654 17586
17702 9654 2344 9687
17703 9654 9687 17586
17704 9687 2369 9662
17705 9687 9662 17586
17706 9649 2369 9687
17707 9649 9687 17587
17708 9687 2344 9648
17709 9687 9648 17587
17710 9648 2317 9688
17711 9648 9688 17587
17712 9688 2368 9649
17713 9688 9649 17587
17714 9642 2368 9688
17715 9642 9688 17588
17716 9688 2317 9641
17717 9688 9641 17588
17718 9641 2128 9689
17719 9641 9689 17588
17720 9689 2144 9642
17721 9689 9642 17588
17722 9450 2174 9385
17723 9450 9385 17589
17724 9385 2219 9690
17725 9385 9690 17589
17726 9690 2254 9691
17727 9690 9691 17589
17728 9691 2260 9450
17729 9691 9450 17589
17730 9692 2255 9693
17731 9692 9693 17590
17732 9693 2223 9388
17733 9693 9388 17590
17734 9388 2222 9694
17735 9388 9694 17590
17736 9694 2445 9692
17737 9694 9692 17590
17738 9695 2266 9696
17739 9695 9696 17591
17740 9696 2272 9620
17741 9696 9620 17591
17742 9620 2260 9691
17743 9620 9691 17591
17744 9691 2254 9695
17745 9691 9695 17591
17746 9697 2265 9698
17747 9697 9698 17592
17748 9698 2255 9692
17749 9698 9692 17592
17750 9692 2445 9699
17751 9692 9699 17592
17752 9699 2446 9697
17753 9699 9697 17592
17754 9700 2354 9701
17755 9700 9701 17593
17756 9701 2355 9623
17757 9701 9623 17593
17758 9623 2272 9696
17759 9623 9696 17593
17760 9696 2266 9700
17761 9696 9700 17593
17762 9702 2373 9703
17763 9702 9703 17594
17764 9703 2224 9390
17765 9703 9390 17594
17766 9390 2223 9693
17767 9390 9693 17594
17768 9693 2255 9702
17769 9693 9702 17594
17770 9704 2373 9702
17771 9704 9702 17595
17772 9702 2255 9698
17773 9702 9698 17595
17774 9698 2265 9705
17775 9698 9705 17595
17776 9705 2376 9704
17777 9705 9704 17595
17778 9706 2275 9707
17779 9706 9707 17596
17780 9707 2450 9708
17781 9707 9708 17596
17782 9708 2150 9709
17783 9708 9709 17596
17784 9709 2130 9706
17785 9709 9706 17596
17786 9710 2129 9711
17787 9710 9711 17597
17788 9711 2131 9498
17789 9711 9498 17597
17790 9498 2280 9712
17791 9498 9712 17597
17792 9712 2285 9710
17793 9712 9710 17597
17794 9713 2334 9714
17795 9713 9714 17598
17796 9714 2449 9715
17797 9714 9715 17598
17798 9715 2450 9707
17799 9715 9707 17598
17800 9707 2275 9713
17801 9707 9713 17598
17802 9716 2335 9717
17803 9716 9717 17599
17804 9717 2285 9712
17805 9717 9712 17599
17806 9712 2280 9538
17807 9712 9538 17599
17808 9538 2337 9716
17809 9538 9716 17599
17810 9718 2449 9714
17811 9718 9714 17600
17812 9714 2334 9719
17813 9714 9719 17600
17814 9719 2274 9720
17815 9719 9720 17600
17816 9720 2448 9718
17817 9720 9718 17600
17818 9716 2337 9584
17819 9716 9584 17601
17820 9584 2279 9721
17821 9584 9721 17601
17822 9721 2278 9722
17823 9721 9722 17601
17824 9722 2335 9716
17825 9722 9716 17601
17826 9723 2447 9724
17827 9723 9724 17602
17828 9724 2448 9720
17829 9724 9720 17602
17830 9720 2274 9725
17831 9720 9725 17602
17832 9725 2353 9723
17833 9725 9723 17602
17834 9626 2355 9701
17835 9626 9701 17603
17836 9701 2354 9726
17837 9701 9726 17603
17838 9726 2278 9721
17839 9726 9721 17603
17840 9721 2279 9626
17841 9721 9626 17603
17842 9723 2353 9727
17843 9723 9727 17604
17844 9727 2265 9697
17845 9727 9697 17604
17846 9697 2446 9728
17847 9697 9728 17604
17848 9728 2447 9723
17849 9728 9723 17604
17850 9729 2375 9730
17851 9729 9730 17605
17852 9730 2376 9705
17853 9730 9705 17605
17854 9705 2265 9727
17855 9705 9727 17605
17856 9727 2353 9729
17857 9727 9729 17605
17858 9731 2374 9732
17859 9731 9732 17606
17860 9732 2375 9729
17861 9732 9729 17606
17862 9729 2353 9725
17863 9729 9725 17606
17864 9725 2274 9731
17865 9725 9731 17606
17866 9733 2374 9731
17867 9733 9731 17607
17868 9731 2274 9719
17869 9731 9719 17607
17870 9719 2334 9734
17871 9719 9734 17607
17872 9734 2378 9733
17873 9734 9733 17607
17874 9735 2378 9734
17875 9735 9734 17608
17876 9734 2334 9713
17877 9734 9713 17608
17878 9713 2275 9736
17879 9713 9736 17608
17880 9736 2377 9735
17881 9736 9735 17608
17882 9737 2377 9736
17883 9737 9736 17609
17884 9736 2275 9706
17885 9736 9706 17609
17886 9706 2130 9738
17887 9706 9738 17609
17888 9738 2145 9737
17889 9738 9737 17609
17890 9739 2379 9740
17891 9739 9740 17610
17892 9740 2380 9741
17893 9740 9741 17610
17894 9741 2381 9742
17895 9741 9742 17610
17896 9742 2382 9739
17897 9742 9739 17610
17898 9741 2380 9743
17899 9741 9743 17611
17900 9743 2383 9744
17901 9743 9744 17611
17902 9744 2384 9745
17903 9744 9745 17611
17904 9745 2381 9741
17905 9745 9741 17611
17906 9744 2383 9746
17907 9744 9746 17612
17908 9746 2385 9747
17909 9746 9747 17612
17910 9747 2386 9748
17911 9747 9748 17612
17912 9748 2384 9744
17913 9748 9744 17612
17914 9747 2385 9749
17915 9747 9749 17613
17916 9749 2387 9750
17917 9749 9750 17613
17918 9750 2388 9751
17919 9750 9751 17613
17920 9751 2386 9747
17921 9751 9747 17613
17922 9750 2387 9752
17923 9750 9752 17614
17924 9752 2389 9753
17925 9752 9753 17614
17926 9753 2390 9754
17927 9753 9754 17614
17928 9754 2388 9750
17929 9754 9750 17614
17930 9753 2389 9755
17931 9753 9755 17615
17932 9755 2146 9756
17933 9755 9756 17615
17934 9756 2147 9757
17935 9756 9757 17615
17936 9757 2390 9753
17937 9757 9753 17615
17938 9758 2392 9759
17939 9758 9759 17616
17940 9759 2393 9760
17941 9759 9760 17616
17942 9760 2394 9761
17943 9760 9761 17616
17944 9761 2391 9758
17945 9761 9758 17616
17946 9761 2394 9762
17947 9761 9762 17617
17948 9762 2379 9739
17949 9762 9739 17617
17950 9739 2382 9763
17951 9739 9763 17617
17952 9763 2391 9761
17953 9763 9761 17617
17954 9764 2229 9395
17955 9764 9395 17618
17956 9395 2228 9765
17957 9395 9765 17618
17958 9765 2396 9766
17959 9765 9766 17618
17960 9766 2395 9764
17961 9766 9764 17618
17962 9766 2396 9767
17963 9766 9767 17619
17964 9767 2397 9768
17965 9767 9768 17619
17966 9768 2398 9769
17967 9768 9769 17619
17968 9769 2395 9766
17969 9769 9766 17619
17970 9768 2397 9770
17971 9768 9770 17620
17972 9770 2399 9771
17973 9770 9771 17620
17974 9771 2400 9772
17975 9771 9772 17620
17976 9772 2398 9768
17977 9772 9768 17620
17978 9771 2399 9773
17979 9771 9773 17621
17980 9773 2401 9774
17981 9773 9774 17621
17982 9774 2402 9775
17983 9774 9775 17621
17984 9775 2400 9771
17985 9775 9771 17621
17986 9774 2401 9776
17987 9774 9776 17622
17988 9776 2403 9777
17989 9776 9777 17622
17990 9777 2404 9778
17991 9777 9778 17622
17992 9778 2402 9774
17993 9778 9774 17622
17994 9779 2404 9777
17995 9779 9777 17623
17996 9777 2403 9780
17997 9777 9780 17623
17998 9780 2406 9781
17999 9780 9781 17623
18000 9781 2405 9779
18001 9781 9779 17623
18002 9781 2406 9782
18003 9781 9782 17624
18004 9782 2407 9783
18005 9782 9783 17624
18006 9783 2408 9784
18007 9783 9784 17624
18008 9784 2405 9781
18009 9784 9781 17624
18010 9785 2393 9759
18011 9785 9759 17625
18012 9759 2392 9786
18013 9759 9786 17625
18014 9786 2408 9783
18015 9786 9783 17625
18016 9783 2407 9785
18017 9783 9785 17625
18018 9787 2251 9434
18019 9787 9434 17626
18020 9434 2250 9788
18021 9434 9788 17626
18022 9788 2409 9789
18023 9788 9789 17626
18024 9789 2410 9787
18025 9789 9787 17626
18026 9742 2381 9790
18027 9742 9790 17627
18028 9790 2410 9789
18029 9790 9789 17627
18030 9789 2409 9791
18031 9789 9791 17627
18032 9791 2382 9742
18033 9791 9742 17627
18034 9792 2252 9437
18035 9792 9437 17628
18036 9437 2251 9787
18037 9437 9787 17628
18038 9787 2410 9793
18039 9787 9793 17628
18040 9793 2411 9792
18041 9793 9792 17628
18042 9793 2410 9790
18043 9793 9790 17629
18044 9790 2381 9745
18045 9790 9745 17629
18046 9745 2384 9794
18047 9745 9794 17629
18048 9794 2411 9793
18049 9794 9793 17629
18050 9792 2411 9795
18051 9792 9795 17630
18052 9795 2412 9796
18053 9795 9796 17630
18054 9796 2635 9797
18055 9796 9797 17630
18056 9797 2252 9792
18057 9797 9792 17630
18058 9795 2411 9794
18059 9795 9794 17631
18060 9794 2384 9748
18061 9794 9748 17631
18062 9748 2386 9798
18063 9748 9798 17631
18064 9798 2412 9795
18065 9798 9795 17631
18066 9799 2253 9440
18067 9799 9440 17632
18068 9440 2635 9796
18069 9440 9796 17632
18070 9796 2412 9800
18071 9796 9800 17632
18072 9800 2413 9799
18073 9800 9799 17632
18074 9800 2412 9798
18075 9800 9798 17633
18076 9798 2386 9751
18077 9798 9751 17633
18078 9751 2388 9801
18079 9751 9801 17633
18080 9801 2413 9800
18081 9801 9800 17633
18082 9802 2629 9443
18083 9802 9443 17634
18084 9443 2253 9799
18085 9443 9799 17634
18086 9799 2413 9803
18087 9799 9803 17634
18088 9803 2414 9802
18089 9803 9802 17634
18090 9803 2413 9801
18091 9803 9801 17635
18092 9801 2388 9754
18093 9801 9754 17635
18094 9754 2390 9804
18095 9754 9804 17635
18096 9804 2414 9803
18097 9804 9803 17635
18098 9805 2414 9804
18099 9805 9804 17636
18100 9804 2390 9757
18101 9804 9757 17636
18102 9757 2147 9806
18103 9757 9806 17636
18104 9806 2148 9805
18105 9806 9805 17636
18106 9807 2248 9427
18107 9807 9427 17637
18108 9427 2247 9808
18109 9427 9808 17637
18110 9808 2416 9809
18111 9808 9809 17637
18112 9809 2415 9807
18113 9809 9807 17637
18114 9808 2247 9424
18115 9808 9424 17638
18116 9424 2246 9810
18117 9424 9810 17638
18118 9810 2417 9811
18119 9810 9811 17638
18120 9811 2416 9808
18121 9811 9808 17638
18122 9810 2246 9421
18123 9810 9421 17639
18124 9421 2166 9397
18125 9421 9397 17639
18126 9397 2230 9812
18127 9397 9812 17639
18128 9812 2417 9810
18129 9812 9810 17639
18130 9431 2248 9807
18131 9431 9807 17640
18132 9807 2415 9813
18133 9807 9813 17640
18134 9813 2420 9814
18135 9813 9814 17640
18136 9814 2249 9431
18137 9814 9431 17640
18138 9433 2249 9814
18139 9433 9814 17641
18140 9814 2420 9815
18141 9814 9815 17641
18142 9815 2419 9816
18143 9815 9816 17641
18144 9816 2250 9433
18145 9816 9433 17641
18146 9817 2419 9815
18147 9817 9815 17642
18148 9815 2420 9818
18149 9815 9818 17642
18150 9818 2421 9819
18151 9818 9819 17642
18152 9819 2422 9817
18153 9819 9817 17642
18154 9812 2230 9401
18155 9812 9401 17643
18156 9401 2232 9820
18157 9401 9820 17643
18158 9820 2423 9821
18159 9820 9821 17643
18160 9821 2417 9812
18161 9821 9812 17643
18162 9811 2417 9821
18163 9811 9821 17644
18164 9821 2423 9822
18165 9821 9822 17644
18166 9822 2424 9823
18167 9822 9823 17644
18168 9823 2416 9811
18169 9823 9811 17644
18170 9824 2415 9809
18171 9824 9809 17645
18172 9809 2416 9823
18173 9809 9823 17645
18174 9823 2424 9825
18175 9823 9825 17645
18176 9825 2425 9824
18177 9825 9824 17645
18178 9818 2420 9813
18179 9818 9813 17646
18180 9813 2415 9824
18181 9813 9824 17646
18182 9824 2425 9826
18183 9824 9826 17646
18184 9826 2421 9818
18185 9826 9818 17646
18186 9827 2426 9828
18187 9827 9828 17647
18188 9828 2418 9829
18189 9828 9829 17647
18190 9829 2419 9817
18191 9829 9817 17647
18192 9817 2422 9827
18193 9817 9827 17647
18194 9830 2418 9828
18195 9830 9828 17648
18196 9828 2426 9831
18197 9828 9831 17648
18198 9831 2392 9758
18199 9831 9758 17648
18200 9758 2391 9830
18201 9758 9830 17648
18202 9832 2418 9830
18203 9832 9830 17649
18204 9830 2391 9763
18205 9830 9763 17649
18206 9763 2382 9791
18207 9763 9791 17649
18208 9791 2409 9832
18209 9791 9832 17649
18210 9816 2419 9829
18211 9816 9829 17650
18212 9829 2418 9832
18213 9829 9832 17650
18214 9832 2409 9788
18215 9832 9788 17650
18216 9788 2250 9816
18217 9788 9816 17650
18218 9833 2421 9826
18219 9833 9826 17651
18220 9826 2425 9834
18221 9826 9834 17651
18222 9834 2431 9835
18223 9834 9835 17651
18224 9835 2432 9833
18225 9835 9833 17651
18226 9836 2431 9834
18227 9836 9834 17652
18228 9834 2425 9825
18229 9834 9825 17652
18230 9825 2424 9837
18231 9825 9837 17652
18232 9837 2430 9836
18233 9837 9836 17652
18234 9838 2430 9837
18235 9838 9837 17653
18236 9837 2424 9822
18237 9837 9822 17653
18238 9822 2423 9839
18239 9822 9839 17653
18240 9839 2429 9838
18241 9839 9838 17653
18242 9840 2426 9827
18243 9840 9827 17654
18244 9827 2422 9841
18245 9827 9841 17654
18246 9841 2428 9842
18247 9841 9842 17654
18248 9842 2427 9840
18249 9842 9840 17654
18250 9841 2422 9819
18251 9841 9819 17655
18252 9819 2421 9833
18253 9819 9833 17655
18254 9833 2432 9843
18255 9833 9843 17655
18256 9843 2428 9841
18257 9843 9841 17655
18258 9844 2429 9839
18259 9844 9839 17656
18260 9839 2423 9820
18261 9839 9820 17656
18262 9820 2232 9405
18263 9820 9405 17656
18264 9405 2235 9844
18265 9405 9844 17656
18266 9845 2438 9846
18267 9845 9846 17657
18268 9846 2429 9844
18269 9846 9844 17657
18270 9844 2235 9409
18271 9844 9409 17657
18272 9409 2236 9845
18273 9409 9845 17657
18274 9764 2395 9847
18275 9764 9847 17658
18276 9847 2438 9845
18277 9847 9845 17658
18278 9845 2236 9406
18279 9845 9406 17658
18280 9406 2229 9764
18281 9406 9764 17658
18282 9848 2430 9838
18283 9848 9838 17659
18284 9838 2429 9846
18285 9838 9846 17659
18286 9846 2438 9849
18287 9846 9849 17659
18288 9849 2433 9848
18289 9849 9848 17659
18290 9849 2438 9847
18291 9849 9847 17660
18292 9847 2395 9769
18293 9847 9769 17660
18294 9769 2398 9850
18295 9769 9850 17660
18296 9850 2433 9849
18297 9850 9849 17660
18298 9836 2430 9848
18299 9836 9848 17661
18300 9848 2433 9851
18301 9848 9851 17661
18302 9851 2437 9852
18303 9851 9852 17661
18304 9852 2431 9836
18305 9852 9836 17661
18306 9851 2433 9850
18307 9851 9850 17662
18308 9850 2398 9772
18309 9850 9772 17662
18310 9772 2400 9853
18311 9772 9853 17662
18312 9853 2437 9851
18313 9853 9851 17662
18314 9835 2431 9852
18315 9835 9852 17663
18316 9852 2437 9854
18317 9852 9854 17663
18318 9854 2434 9855
18319 9854 9855 17663
18320 9855 2432 9835
18321 9855 9835 17663
18322 9854 2437 9853
18323 9854 9853 17664
18324 9853 2400 9775
18325 9853 9775 17664
18326 9775 2402 9856
18327 9775 9856 17664
18328 9856 2434 9854
18329 9856 9854 17664
18330 9843 2432 9855
18331 9843 9855 17665
18332 9855 2434 9857
18333 9855 9857 17665
18334 9857 2435 9858
18335 9857 9858 17665
18336 9858 2428 9843
18337 9858 9843 17665
18338 9857 2434 9856
18339 9857 9856 17666
18340 9856 2402 9778
18341 9856 9778 17666
18342 9778 2404 9859
18343 9778 9859 17666
18344 9859 2435 9857
18345 9859 9857 17666
18346 9842 2428 9858
18347 9842 9858 17667
18348 9858 2435 9860
18349 9858 9860 17667
18350 9860 2436 9861
18351 9860 9861 17667
18352 9861 2427 9842
18353 9861 9842 17667
18354 9862 2436 9860
18355 9862 9860 17668
18356 9860 2435 9859
18357 9860 9859 17668
18358 9859 2404 9779
18359 9859 9779 17668
18360 9779 2405 9862
18361 9779 9862 17668
18362 9863 2427 9861
18363 9863 9861 17669
18364 9861 2436 9862
18365 9861 9862 17669
18366 9862 2405 9784
18367 9862 9784 17669
18368 9784 2408 9863
18369 9784 9863 17669
18370 9831 2426 9840
18371 9831 9840 17670
18372 9840 2427 9863
18373 9840 9863 17670
18374 9863 2408 9786
18375 9863 9786 17670
18376 9786 2392 9831
18377 9786 9831 17670
18378 9864 2439 9500
18379 9864 9500 17671
18380 9500 2149 9865
18381 9500 9865 17671
18382 9865 2132 9639
18383 9865 9639 17671
18384 9639 2281 9864
18385 9639 9864 17671
18386 9866 2440 9539
18387 9866 9539 17672
18388 9539 2439 9864
18389 9539 9864 17672
18390 9864 2281 9647
18391 9864 9647 17672
18392 9647 2338 9866
18393 9647 9866 17672
18394 9582 2440 9866
18395 9582 9866 17673
18396 9866 2338 9653
18397 9866 9653 17673
18398 9653 2283 9867
18399 9653 9867 17673
18400 9867 2441 9582
18401 9867 9582 17673
18402 9868 2442 9627
18403 9868 9627 17674
18404 9627 2441 9867
18405 9627 9867 17674
18406 9867 2283 9666
18407 9867 9666 17674
18408 9666 2356 9868
18409 9666 9868 17674
18410 9625 2442 9868
18411 9625 9868 17675
18412 9868 2356 9677
18413 9868 9677 17675
18414 9677 2282 9869
18415 9677 9869 17675
18416 9869 2443 9625
18417 9869 9625 17675
18418 9622 2443 9869
18419 9622 9869 17676
18420 9869 2282 9630
18421 9869 9630 17676
18422 9630 2259 9870
18423 9630 9870 17676
18424 9870 2444 9622
18425 9870 9622 17676
18426 9411 2175 9452
18427 9411 9452 17677
18428 9452 2444 9870
18429 9452 9870 17677
18430 9870 2259 9491
18431 9870 9491 17677
18432 9491 2204 9411
18433 9491 9411 17677
18434 9737 2145 9871
18435 9737 9871 17678
18436 9871 2129 9710
18437 9871 9710 17678
18438 9710 2285 9872
18439 9710 9872 17678
18440 9872 2377 9737
18441 9872 9737 17678
18442 9735 2377 9872
18443 9735 9872 17679
18444 9872 2285 9717
18445 9872 9717 17679
18446 9717 2335 9873
18447 9717 9873 17679
18448 9873 2378 9735
18449 9873 9735 17679
18450 9733 2378 9873
18451 9733 9873 17680
18452 9873 2335 9722
18453 9873 9722 17680
18454 9722 2278 9874
18455 9722 9874 17680
18456 9874 2374 9733
18457 9874 9733 17680
18458 9875 2375 9732
18459 9875 9732 17681
18460 9732 2374 9874
18461 9732 9874 17681
18462 9874 2278 9726
18463 9874 9726 17681
18464 9726 2354 9875
18465 9726 9875 17681
18466 9876 2376 9730
18467 9876 9730 17682
18468 9730 2375 9875
18469 9730 9875 17682
18470 9875 2354 9700
18471 9875 9700 17682
18472 9700 2266 9876
18473 9700 9876 17682
18474 9704 2376 9876
18475 9704 9876 17683
18476 9876 2266 9695
18477 9876 9695 17683
18478 9695 2254 9877
18479 9695 9877 17683
18480 9877 2373 9704
18481 9877 9704 17683
18482 9414 2224 9703
18483 9414 9703 17684
18484 9703 2373 9877
18485 9703 9877 17684
18486 9877 2254 9690
18487 9877 9690 17684
18488 9690 2219 9414
18489 9690 9414 17684
18490 9878 2445 9694
18491 9878 9694 17685
18492 9694 2222 9417
18493 9694 9417 17685
18494 9417 2239 9879
18495 9417 9879 17685
18496 9879 2267 9878
18497 9879 9878 17685
18498 9880 2446 9699
18499 9880 9699 17686
18500 9699 2445 9878
18501 9699 9878 17686
18502 9878 2267 9881
18503 9878 9881 17686
18504 9881 2268 9880
18505 9881 9880 17686
18506 9882 2447 9728
18507 9882 9728 17687
18508 9728 2446 9880
18509 9728 9880 17687
18510 9880 2268 9883
18511 9880 9883 17687
18512 9883 2352 9882
18513 9883 9882 17687
18514 9724 2447 9882
18515 9724 9882 17688
18516 9882 2352 9884
18517 9882 9884 17688
18518 9884 2273 9885
18519 9884 9885 17688
18520 9885 2448 9724
18521 9885 9724 17688
18522 9886 2333 9887
18523 9886 9887 17689
18524 9887 2449 9718
18525 9887 9718 17689
18526 9718 2448 9885
18527 9718 9885 17689
18528 9885 2273 9886
18529 9885 9886 17689
18530 9715 2449 9887
18531 9715 9887 17690
18532 9887 2333 9888
18533 9887 9888 17690
18534 9888 2276 9889
18535 9888 9889 17690
18536 9889 2450 9715
18537 9889 9715 17690
18538 9708 2450 9889
18539 9708 9889 17691
18540 9889 2276 9890
18541 9889 9890 17691
18542 9890 2125 9891
18543 9890 9891 17691
18544 9891 2150 9708
18545 9891 9708 17691
18546 9890 2276 9892
18547 9890 9892 17692
18548 9892 2284 9506
18549 9892 9506 17692
18550 9506 2126 9893
18551 9506 9893 17692
18552 9893 2125 9890
18553 9893 9890 17692
18554 9894 2336 9536
18555 9894 9536 17693
18556 9536 2284 9892
18557 9536 9892 17693
18558 9892 2276 9888
18559 9892 9888 17693
18560 9888 2333 9894
18561 9888 9894 17693
18562 9580 2336 9894
18563 9580 9894 17694
18564 9894 2333 9886
18565 9894 9886 17694
18566 9886 2273 9895
18567 9886 9895 17694
18568 9895 2277 9580
18569 9895 9580 17694
18570 9896 2351 9605
18571 9896 9605 17695
18572 9605 2277 9895
18573 9605 9895 17695
18574 9895 2273 9884
18575 9895 9884 17695
18576 9884 2352 9896
18577 9884 9896 17695
18578 9579 2351 9896
18579 9579 9896 17696
18580 9896 2352 9883
18581 9896 9883 17696
18582 9883 2268 9897
18583 9883 9897 17696
18584 9897 2269 9579
18585 9897 9579 17696
18586 9898 2258 9562
18587 9898 9562 17697
18588 9562 2269 9897
18589 9562 9897 17697
18590 9897 2268 9881
18591 9897 9881 17697
18592 9881 2267 9898
18593 9881 9898 17697
18594 9449 2258 9898
18595 9449 9898 17698
18596 9898 2267 9879
18597 9898 9879 17698
18598 9879 2239 9418
18599 9879 9418 17698
18600 9418 2173 9449
18601 9418 9449 17698
18602 9899 2453 9900
18603 9899 9900 17699
18604 9900 2455 9901
18605 9900 9901 17699
18606 9901 2456 9902
18607 9901 9902 17699
18608 9902 2454 9899
18609 9902 9899 17699
18610 9903 2454 9902
18611 9903 9902 17700
18612 9902 2456 9904
18613 9902 9904 17700
18614 9904 2457 9905
18615 9904 9905 17700
18616 9905 2452 9903
18617 9905 9903 17700
18618 9906 2452 9905
18619 9906 9905 17701
18620 9905 2457 9907
18621 9905 9907 17701
18622 9907 2458 9908
18623 9907 9908 17701
18624 9908 2451 9906
18625 9908 9906 17701
18626 9306 2164 9909
18627 9306 9909 17702
18628 9909 2451 9908
18629 9909 9908 17702
18630 9908 2458 9910
18631 9908 9910 17702
18632 9910 2165 9306
18633 9910 9306 17702
18634 9911 2460 9912
18635 9911 9912 17703
18636 9912 198 5503
18637 9912 5503 17703
18638 5503 199 9913
18639 5503 9913 17703
18640 9913 2459 9911
18641 9913 9911 17703
18642 9914 200 5508
18643 9914 5508 17704
18644 5508 201 9915
18645 5508 9915 17704
18646 9915 2464 9916
18647 9915 9916 17704
18648 9916 2463 9914
18649 9916 9914 17704
18650 9333 2169 9917
18651 9333 9917 17705
18652 9917 2466 9918
18653 9917 9918 17705
18654 9918 2465 9919
18655 9918 9919 17705
18656 9919 2188 9333
18657 9919 9333 17705
18658 9920 2468 9921
18659 9920 9921 17706
18660 9921 2619 9922
18661 9921 9922 17706
18662 9922 2620 9923
18663 9922 9923 17706
18664 9923 2467 9920
18665 9923 9920 17706
18666 9320 2178 9924
18667 9320 9924 17707
18668 9924 2470 9925
18669 9924 9925 17707
18670 9925 2469 9926
18671 9925 9926 17707
18672 9926 2179 9320
18673 9926 9320 17707
18674 9927 2474 9928
18675 9927 9928 17708
18676 9928 2621 9929
18677 9928 9929 17708
18678 9929 2622 9930
18679 9929 9930 17708
18680 9930 2471 9927
18681 9930 9927 17708
18682 9927 2471 9931
18683 9927 9931 17709
18684 9931 2609 9932
18685 9931 9932 17709
18686 9932 2610 9933
18687 9932 9933 17709
18688 9933 2474 9927
18689 9933 9927 17709
18690 9934 2473 9935
18691 9934 9935 17710
18692 9935 2476 9936
18693 9935 9936 17710
18694 9936 2475 9937
18695 9936 9937 17710
18696 9937 2472 9934
18697 9937 9934 17710
18698 9938 2478 9939
18699 9938 9939 17711
18700 9939 2475 9936
18701 9939 9936 17711
18702 9936 2476 9940
18703 9936 9940 17711
18704 9940 2477 9938
18705 9940 9938 17711
18706 9941 2480 9942
18707 9941 9942 17712
18708 9942 2479 9943
18709 9942 9943 17712
18710 9943 2183 9325
18711 9943 9325 17712
18712 9325 2182 9941
18713 9325 9941 17712
18714 9944 2607 9945
18715 9944 9945 17713
18716 9945 2608 9946
18717 9945 9946 17713
18718 9946 2482 9947
18719 9946 9947 17713
18720 9947 2481 9944
18721 9947 9944 17713
18722 9948 2483 9949
18723 9948 9949 17714
18724 9949 2480 9941
18725 9949 9941 17714
18726 9941 2182 9329
18727 9941 9329 17714
18728 9329 2186 9948
18729 9329 9948 17714
18730 9948 2186 9331
18731 9948 9331 17715
18732 9331 2179 9926
18733 9331 9926 17715
18734 9926 2469 9950
18735 9926 9950 17715
18736 9950 2483 9948
18737 9950 9948 17715
18738 9946 2608 9951
18739 9946 9951 17716
18740 9951 2609 9931
18741 9951 9931 17716
18742 9931 2471 9952
18743 9931 9952 17716
18744 9952 2482 9946
18745 9952 9946 17716
18746 9953 2485 9954
18747 9953 9954 17717
18748 9954 2484 9955
18749 9954 9955 17717
18750 9955 2472 9937
18751 9955 9937 17717
18752 9937 2475 9953
18753 9937 9953 17717
18754 9956 2485 9953
18755 9956 9953 17718
18756 9953 2475 9939
18757 9953 9939 17718
18758 9939 2478 9957
18759 9939 9957 17718
18760 9957 2486 9956
18761 9957 9956 17718
18762 9958 2482 9952
18763 9958 9952 17719
18764 9952 2471 9930
18765 9952 9930 17719
18766 9930 2622 9959
18767 9930 9959 17719
18768 9959 2623 9958
18769 9959 9958 17719
18770 9915 201 5511
18771 9915 5511 17720
18772 5511 202 9960
18773 5511 9960 17720
18774 9960 2487 9961
18775 9960 9961 17720
18776 9961 2464 9915
18777 9961 9915 17720
18778 9920 2467 9962
18779 9920 9962 17721
18780 9962 2611 9963
18781 9962 9963 17721
18782 9963 2612 9964
18783 9963 9964 17721
18784 9964 2468 9920
18785 9964 9920 17721
18786 9914 2463 9965
18787 9914 9965 17722
18788 9965 2459 9913
18789 9965 9913 17722
18790 9913 199 5506
18791 9913 5506 17722
18792 5506 200 9914
18793 5506 9914 17722
18794 9960 202 5514
18795 9960 5514 17723
18796 5514 9 9966
18797 5514 9966 17723
18798 9966 2154 9967
18799 9966 9967 17723
18800 9967 2487 9960
18801 9967 9960 17723
18802 9968 2478 9938
18803 9968 9938 17724
18804 9938 2477 9969
18805 9938 9969 17724
18806 9969 2153 9970
18807 9969 9970 17724
18808 9970 2159 9968
18809 9970 9968 17724
18810 9957 2478 9968
18811 9957 9968 17725
18812 9968 2159 9971
18813 9968 9971 17725
18814 9971 2155 9972
18815 9971 9972 17725
18816 9972 2486 9957
18817 9972 9957 17725
18818 9973 2481 9947
18819 9973 9947 17726
18820 9947 2482 9958
18821 9947 9958 17726
18822 9958 2623 9974
18823 9958 9974 17726
18824 9974 2624 9973
18825 9974 9973 17726
18826 9972 2155 9975
18827 9972 9975 17727
18828 9975 2156 9976
18829 9975 9976 17727
18830 9976 2489 9977
18831 9976 9977 17727
18832 9977 2486 9972
18833 9977 9972 17727
18834 9978 2485 9956
18835 9978 9956 17728
18836 9956 2486 9977
18837 9956 9977 17728
18838 9977 2489 9979
18839 9977 9979 17728
18840 9979 2490 9978
18841 9979 9978 17728
18842 9980 2484 9954
18843 9980 9954 17729
18844 9954 2485 9978
18845 9954 9978 17729
18846 9978 2490 9981
18847 9978 9981 17729
18848 9981 2488 9980
18849 9981 9980 17729
18850 9944 2481 9982
18851 9944 9982 17730
18852 9982 2491 9983
18853 9982 9983 17730
18854 9983 2606 9984
18855 9983 9984 17730
18856 9984 2607 9944
18857 9984 9944 17730
18858 9985 2493 9986
18859 9985 9986 17731
18860 9986 2488 9981
18861 9986 9981 17731
18862 9981 2490 9987
18863 9981 9987 17731
18864 9987 2492 9985
18865 9987 9985 17731
18866 9979 2489 9988
18867 9979 9988 17732
18868 9988 2494 9989
18869 9988 9989 17732
18870 9989 2492 9987
18871 9989 9987 17732
18872 9987 2490 9979
18873 9987 9979 17732
18874 9976 2156 9990
18875 9976 9990 17733
18876 9990 2158 9991
18877 9990 9991 17733
18878 9991 2494 9988
18879 9991 9988 17733
18880 9988 2489 9976
18881 9988 9976 17733
18882 9992 2625 9993
18883 9992 9993 17734
18884 9993 2491 9982
18885 9993 9982 17734
18886 9982 2481 9973
18887 9982 9973 17734
18888 9973 2624 9992
18889 9973 9992 17734
18890 9969 2477 9994
18891 9969 9994 17735
18892 9994 2487 9967
18893 9994 9967 17735
18894 9967 2154 9995
18895 9967 9995 17735
18896 9995 2153 9969
18897 9995 9969 17735
18898 9961 2487 9994
18899 9961 9994 17736
18900 9994 2477 9940
18901 9994 9940 17736
18902 9940 2476 9996
18903 9940 9996 17736
18904 9996 2464 9961
18905 9996 9961 17736
18906 9997 2463 9916
18907 9997 9916 17737
18908 9916 2464 9996
18909 9916 9996 17737
18910 9996 2476 9935
18911 9996 9935 17737
18912 9935 2473 9997
18913 9935 9997 17737
18914 9998 2467 9923
18915 9998 9923 17738
18916 9923 2620 9999
18917 9923 9999 17738
18918 9999 2621 9928
18919 9999 9928 17738
18920 9928 2474 9998
18921 9928 9998 17738
18922 9962 2467 9998
18923 9962 9998 17739
18924 9998 2474 9933
18925 9998 9933 17739
18926 9933 2610 10000
18927 9933 10000 17739
18928 10000 2611 9962
18929 10000 9962 17739
18930 9336 2188 9919
18931 9336 9919 17740
18932 9919 2465 10001
18933 9919 10001 17740
18934 10001 2470 9924
18935 10001 9924 17740
18936 9924 2178 9336
18937 9924 9336 17740
18938 10002 2503 10003
18939 10002 10003 17741
18940 10003 2190 9338
18941 10003 9338 17741
18942 9338 2121 10004
18943 9338 10004 17741
18944 10004 2152 10002
18945 10004 10002 17741
18946 10005 2160 10006
18947 10005 10006 17742
18948 10006 2504 10007
18949 10006 10007 17742
18950 10007 2503 10002
18951 10007 10002 17742
18952 10002 2152 10005
18953 10002 10005 17742
18954 10008 2211 9371
18955 10008 9371 17743
18956 9371 2190 10003
18957 9371 10003 17743
18958 10003 2503 10009
18959 10003 10009 17743
18960 10009 2506 10008
18961 10009 10008 17743
18962 10010 2506 10009
18963 10010 10009 17744
18964 10009 2503 10007
18965 10009 10007 17744
18966 10007 2504 10011
18967 10007 10011 17744
18968 10011 2508 10010
18969 10011 10010 17744
18970 10012 2512 10013
18971 10012 10013 17745
18972 10013 2509 10014
18973 10013 10014 17745
18974 10014 2510 10015
18975 10014 10015 17745
18976 10015 2511 10012
18977 10015 10012 17745
18978 10012 2511 10016
18979 10012 10016 17746
18980 10016 2514 10017
18981 10016 10017 17746
18982 10017 2513 10018
18983 10017 10018 17746
18984 10018 2512 10012
18985 10018 10012 17746
18986 10019 2515 10020
18987 10019 10020 17747
18988 10020 2618 10021
18989 10020 10021 17747
18990 10021 2619 9921
18991 10021 9921 17747
18992 9921 2468 10019
18993 9921 10019 17747
18994 10019 2468 9964
18995 10019 9964 17748
18996 9964 2612 10022
18997 9964 10022 17748
18998 10022 2613 10023
18999 10022 10023 17748
19000 10023 2515 10019
19001 10023 10019 17748
19002 9309 2168 10024
19003 9309 10024 17749
19004 10024 2516 10025
19005 10024 10025 17749
19006 10025 2466 9917
19007 10025 9917 17749
19008 9917 2169 9309
19009 9917 9309 17749
19010 10026 2199 9353
19011 10026 9353 17750
19012 9353 2195 10027
19013 9353 10027 17750
19014 10027 2509 10013
19015 10027 10013 17750
19016 10013 2512 10026
19017 10013 10026 17750
19018 9366 2209 10028
19019 9366 10028 17751
19020 10028 2513 10029
19021 10028 10029 17751
19022 10029 2517 10030
19023 10029 10030 17751
19024 10030 2206 9366
19025 10030 9366 17751
19026 10026 2512 10018
19027 10026 10018 17752
19028 10018 2513 10028
19029 10018 10028 17752
19030 10028 2209 9368
19031 10028 9368 17752
19032 9368 2199 10026
19033 9368 10026 17752
19034 10031 2521 10032
19035 10031 10032 17753
19036 10032 2520 10033
19037 10032 10033 17753
19038 10033 2514 10016
19039 10033 10016 17753
19040 10016 2511 10031
19041 10016 10031 17753
19042 10034 2521 10031
19043 10034 10031 17754
19044 10031 2511 10015
19045 10031 10015 17754
19046 10015 2510 10035
19047 10015 10035 17754
19048 10035 2522 10034
19049 10035 10034 17754
19050 10036 2527 10037
19051 10036 10037 17755
19052 10037 2508 10011
19053 10037 10011 17755
19054 10011 2504 10038
19055 10011 10038 17755
19056 10038 2528 10036
19057 10038 10036 17755
19058 10039 2528 10038
19059 10039 10038 17756
19060 10038 2504 10006
19061 10038 10006 17756
19062 10006 2160 10040
19063 10006 10040 17756
19064 10040 2161 10039
19065 10040 10039 17756
19066 10041 2517 10029
19067 10041 10029 17757
19068 10029 2513 10017
19069 10029 10017 17757
19070 10017 2514 10042
19071 10017 10042 17757
19072 10042 2529 10041
19073 10042 10041 17757
19074 9343 2183 9943
19075 9343 9943 17758
19076 9943 2479 10043
19077 9943 10043 17758
19078 10043 2532 10044
19079 10043 10044 17758
19080 10044 2193 9343
19081 10044 9343 17758
19082 10045 2151 10046
19083 10045 10046 17759
19084 10046 2533 10047
19085 10046 10047 17759
19086 10047 2528 10039
19087 10047 10039 17759
19088 10039 2161 10045
19089 10039 10045 17759
19090 10048 2527 10036
19091 10048 10036 17760
19092 10036 2528 10047
19093 10036 10047 17760
19094 10047 2533 10049
19095 10047 10049 17760
19096 10049 2534 10048
19097 10049 10048 17760
19098 10050 2521 10034
19099 10050 10034 17761
19100 10034 2522 10051
19101 10034 10051 17761
19102 10051 2536 10052
19103 10051 10052 17761
19104 10052 2535 10050
19105 10052 10050 17761
19106 10050 2535 10053
19107 10050 10053 17762
19108 10053 2537 10054
19109 10053 10054 17762
19110 10054 2520 10032
19111 10054 10032 17762
19112 10032 2521 10050
19113 10032 10050 17762
19114 5287 137 10055
19115 5287 10055 17763
19116 10055 2537 10053
19117 10055 10053 17763
19118 10053 2535 10056
19119 10053 10056 17763
19120 10056 140 5287
19121 10056 5287 17763
19122 5293 140 10056
19123 5293 10056 17764
19124 10056 2535 10052
19125 10056 10052 17764
19126 10052 2536 10057
19127 10052 10057 17764
19128 10057 142 5293
19129 10057 5293 17764
19130 5281 135 10058
19131 5281 10058 17765
19132 10058 2534 10049
19133 10058 10049 17765
19134 10049 2533 10059
19135 10049 10059 17765
19136 10059 133 5281
19137 10059 5281 17765
19138 5277 133 10059
19139 5277 10059 17766
19140 10059 2533 10046
19141 10059 10046 17766
19142 10046 2151 10060
19143 10046 10060 17766
19144 10060 8 5277
19145 10060 5277 17766
19146 10061 2529 10042
19147 10061 10042 17767
19148 10042 2514 10033
19149 10042 10033 17767
19150 10033 2520 10062
19151 10033 10062 17767
19152 10062 2538 10061
19153 10062 10061 17767
19154 10063 2538 10062
19155 10063 10062 17768
19156 10062 2520 10054
19157 10062 10054 17768
19158 10054 2537 10064
19159 10054 10064 17768
19160 10064 2539 10063
19161 10064 10063 17768
19162 10055 137 5302
19163 10055 5302 17769
19164 5302 148 10065
19165 5302 10065 17769
19166 10065 2539 10064
19167 10065 10064 17769
19168 10064 2537 10055
19169 10064 10055 17769
19170 10066 2494 9991
19171 10066 9991 17770
19172 9991 2158 10067
19173 9991 10067 17770
19174 10067 2157 10068
19175 10067 10068 17770
19176 10068 2547 10066
19177 10068 10066 17770
19178 10069 2493 9985
19179 10069 9985 17771
19180 9985 2492 10070
19181 9985 10070 17771
19182 10070 2549 10071
19183 10070 10071 17771
19184 10071 2548 10069
19185 10071 10069 17771
19186 10066 2547 10072
19187 10066 10072 17772
19188 10072 2549 10070
19189 10072 10070 17772
19190 10070 2492 9989
19191 10070 9989 17772
19192 9989 2494 10066
19193 9989 10066 17772
19194 10073 2626 10074
19195 10073 10074 17773
19196 10074 2550 10075
19197 10074 10075 17773
19198 10075 2491 9993
19199 10075 9993 17773
19200 9993 2625 10073
19201 9993 10073 17773
19202 10076 2606 9983
19203 10076 9983 17774
19204 9983 2491 10075
19205 9983 10075 17774
19206 10075 2550 10077
19207 10075 10077 17774
19208 10077 2605 10076
19209 10077 10076 17774
19210 10078 2551 10079
19211 10078 10079 17775
19212 10079 2552 10080
19213 10079 10080 17775
19214 10080 2532 10043
19215 10080 10043 17775
19216 10043 2479 10078
19217 10043 10078 17775
19218 10081 2604 10082
19219 10081 10082 17776
19220 10082 2605 10077
19221 10082 10077 17776
19222 10077 2550 10083
19223 10077 10083 17776
19224 10083 2553 10081
19225 10083 10081 17776
19226 10084 2553 10083
19227 10084 10083 17777
19228 10083 2550 10074
19229 10083 10074 17777
19230 10074 2626 10085
19231 10074 10085 17777
19232 10085 2627 10084
19233 10085 10084 17777
19234 10086 2555 10087
19235 10086 10087 17778
19236 10087 2548 10071
19237 10087 10071 17778
19238 10071 2549 10088
19239 10071 10088 17778
19240 10088 2556 10086
19241 10088 10086 17778
19242 10089 2556 10088
19243 10089 10088 17779
19244 10088 2549 10072
19245 10088 10072 17779
19246 10072 2547 10090
19247 10072 10090 17779
19248 10090 2557 10089
19249 10090 10089 17779
19250 10091 2557 10090
19251 10091 10090 17780
19252 10090 2547 10068
19253 10090 10068 17780
19254 10068 2157 10092
19255 10068 10092 17780
19256 10092 2163 10091
19257 10092 10091 17780
19258 10093 2555 10086
19259 10093 10086 17781
19260 10086 2556 10094
19261 10086 10094 17781
19262 10094 2559 10095
19263 10094 10095 17781
19264 10095 2558 10093
19265 10095 10093 17781
19266 10094 2556 10089
19267 10094 10089 17782
19268 10089 2557 10096
19269 10089 10096 17782
19270 10096 2560 10097
19271 10096 10097 17782
19272 10097 2559 10094
19273 10097 10094 17782
19274 10096 2557 10091
19275 10096 10091 17783
19276 10091 2163 10098
19277 10091 10098 17783
19278 10098 2162 10099
19279 10098 10099 17783
19280 10099 2560 10096
19281 10099 10096 17783
19282 10100 2553 10084
19283 10100 10084 17784
19284 10084 2627 10101
19285 10084 10101 17784
19286 10101 2628 10102
19287 10101 10102 17784
19288 10102 2561 10100
19289 10102 10100 17784
19290 10103 2562 10104
19291 10103 10104 17785
19292 10104 2454 9903
19293 10104 9903 17785
19294 9903 2452 10105
19295 9903 10105 17785
19296 10105 2552 10103
19297 10105 10103 17785
19298 10106 2554 10107
19299 10106 10107 17786
19300 10107 2562 10103
19301 10107 10103 17786
19302 10103 2552 10079
19303 10103 10079 17786
19304 10079 2551 10106
19305 10079 10106 17786
19306 9899 2454 10104
19307 9899 10104 17787
19308 10104 2562 10108
19309 10104 10108 17787
19310 10108 2563 10109
19311 10108 10109 17787
19312 10109 2453 9899
19313 10109 9899 17787
19314 10108 2562 10107
19315 10108 10107 17788
19316 10107 2554 10110
19317 10107 10110 17788
19318 10110 2564 10111
19319 10110 10111 17788
19320 10111 2563 10108
19321 10111 10108 17788
19322 10112 2604 10081
19323 10112 10081 17789
19324 10081 2553 10100
19325 10081 10100 17789
19326 10100 2561 10113
19327 10100 10113 17789
19328 10113 2603 10112
19329 10113 10112 17789
19330 10114 2532 10080
19331 10114 10080 17790
19332 10080 2552 10105
19333 10080 10105 17790
19334 10105 2452 9906
19335 10105 9906 17790
19336 9906 2451 10114
19337 9906 10114 17790
19338 9346 2193 10044
19339 9346 10044 17791
19340 10044 2532 10114
19341 10044 10114 17791
19342 10114 2451 9909
19343 10114 9909 17791
19344 9909 2164 9346
19345 9909 9346 17791
19346 10115 2565 10116
19347 10115 10116 17792
19348 10116 2498 10117
19349 10116 10117 17792
19350 10117 2500 10118
19351 10117 10118 17792
19352 10118 2566 10115
19353 10118 10115 17792
19354 10014 2509 10119
19355 10014 10119 17793
19356 10119 2497 10120
19357 10119 10120 17793
19358 10120 2499 10121
19359 10120 10121 17793
19360 10121 2510 10014
19361 10121 10014 17793
19362 10122 2523 10123
19363 10122 10123 17794
19364 10123 2522 10035
19365 10123 10035 17794
19366 10035 2510 10121
19367 10035 10121 17794
19368 10121 2499 10122
19369 10121 10122 17794
19370 10124 2566 10118
19371 10124 10118 17795
19372 10118 2500 10125
19373 10118 10125 17795
19374 10125 2524 10126
19375 10125 10126 17795
19376 10126 2567 10124
19377 10126 10124 17795
19378 10051 2522 10123
19379 10051 10123 17796
19380 10123 2523 10127
19381 10123 10127 17796
19382 10127 2545 10128
19383 10127 10128 17796
19384 10128 2536 10051
19385 10128 10051 17796
19386 10128 2545 10129
19387 10128 10129 17797
19388 10129 179 5349
19389 10129 5349 17797
19390 5349 142 10057
19391 5349 10057 17797
19392 10057 2536 10128
19393 10057 10128 17797
19394 10130 2567 10126
19395 10130 10126 17798
19396 10126 2524 10131
19397 10126 10131 17798
19398 10131 2546 10132
19399 10131 10132 17798
19400 10132 2568 10130
19401 10132 10130 17798
19402 10133 2568 10132
19403 10133 10132 17799
19404 10132 2546 10134
19405 10132 10134 17799
19406 10134 180 5355
19407 10134 5355 17799
19408 5355 181 10133
19409 5355 10133 17799
19410 5356 179 10129
19411 5356 10129 17800
19412 10129 2545 10135
19413 10129 10135 17800
19414 10135 2568 10133
19415 10135 10133 17800
19416 10133 181 5356
19417 10133 5356 17800
19418 10130 2568 10135
19419 10130 10135 17801
19420 10135 2545 10127
19421 10135 10127 17801
19422 10127 2523 10136
19423 10127 10136 17801
19424 10136 2567 10130
19425 10136 10130 17801
19426 10124 2567 10136
19427 10124 10136 17802
19428 10136 2523 10122
19429 10136 10122 17802
19430 10122 2499 10137
19431 10122 10137 17802
19432 10137 2566 10124
19433 10137 10124 17802
19434 10115 2566 10137
19435 10115 10137 17803
19436 10137 2499 10120
19437 10137 10120 17803
19438 10120 2497 10138
19439 10120 10138 17803
19440 10138 2565 10115
19441 10138 10115 17803
19442 10139 2570 10140
19443 10139 10140 17804
19444 10140 2507 10141
19445 10140 10141 17804
19446 10141 2526 10142
19447 10141 10142 17804
19448 10142 2571 10139
19449 10142 10139 17804
19450 10037 2527 10143
19451 10037 10143 17805
19452 10143 2526 10141
19453 10143 10141 17805
19454 10141 2507 10144
19455 10141 10144 17805
19456 10144 2508 10037
19457 10144 10037 17805
19458 10143 2527 10048
19459 10143 10048 17806
19460 10048 2534 10145
19461 10048 10145 17806
19462 10145 2543 10146
19463 10145 10146 17806
19464 10146 2526 10143
19465 10146 10143 17806
19466 10058 135 5324
19467 10058 5324 17807
19468 5324 166 10147
19469 5324 10147 17807
19470 10147 2543 10145
19471 10147 10145 17807
19472 10145 2534 10058
19473 10145 10058 17807
19474 10148 2571 10142
19475 10148 10142 17808
19476 10142 2526 10146
19477 10142 10146 17808
19478 10146 2543 10149
19479 10146 10149 17808
19480 10149 2572 10148
19481 10149 10148 17808
19482 10150 2572 10149
19483 10150 10149 17809
19484 10149 2543 10147
19485 10149 10147 17809
19486 10147 166 5358
19487 10147 5358 17809
19488 5358 167 10150
19489 5358 10150 17809
19490 10151 2502 10152
19491 10151 10152 17810
19492 10152 2500 10117
19493 10152 10117 17810
19494 10117 2498 10153
19495 10117 10153 17810
19496 10153 2501 10151
19497 10153 10151 17810
19498 10154 2501 10153
19499 10154 10153 17811
19500 10153 2498 10155
19501 10153 10155 17811
19502 10155 2200 9374
19503 10155 9374 17811
19504 9374 2213 10154
19505 9374 10154 17811
19506 10156 2525 10157
19507 10156 10157 17812
19508 10157 2524 10125
19509 10157 10125 17812
19510 10125 2500 10152
19511 10125 10152 17812
19512 10152 2502 10156
19513 10152 10156 17812
19514 10158 2544 10159
19515 10158 10159 17813
19516 10159 2546 10131
19517 10159 10131 17813
19518 10131 2524 10157
19519 10131 10157 17813
19520 10157 2525 10158
19521 10157 10158 17813
19522 10160 178 5352
19523 10160 5352 17814
19524 5352 180 10134
19525 5352 10134 17814
19526 10134 2546 10159
19527 10134 10159 17814
19528 10159 2544 10160
19529 10159 10160 17814
19530 10161 2572 10150
19531 10161 10150 17815
19532 10150 167 5359
19533 10150 5359 17815
19534 5359 178 10160
19535 5359 10160 17815
19536 10160 2544 10161
19537 10160 10161 17815
19538 10148 2572 10161
19539 10148 10161 17816
19540 10161 2544 10158
19541 10161 10158 17816
19542 10158 2525 10162
19543 10158 10162 17816
19544 10162 2571 10148
19545 10162 10148 17816
19546 10139 2571 10162
19547 10139 10162 17817
19548 10162 2525 10156
19549 10162 10156 17817
19550 10156 2502 10163
19551 10156 10163 17817
19552 10163 2570 10139
19553 10163 10139 17817
19554 10164 2201 9354
19555 10164 9354 17818
19556 9354 2200 10155
19557 9354 10155 17818
19558 10155 2498 10116
19559 10155 10116 17818
19560 10116 2565 10164
19561 10116 10164 17818
19562 10027 2195 9347
19563 10027 9347 17819
19564 9347 2194 10165
19565 9347 10165 17819
19566 10165 2497 10119
19567 10165 10119 17819
19568 10119 2509 10027
19569 10119 10027 17819
19570 9359 2201 10164
19571 9359 10164 17820
19572 10164 2565 10138
19573 10164 10138 17820
19574 10138 2497 10165
19575 10138 10165 17820
19576 10165 2194 9359
19577 10165 9359 17820
19578 10166 2569 10167
19579 10166 10167 17821
19580 10167 2505 10168
19581 10167 10168 17821
19582 10168 2507 10140
19583 10168 10140 17821
19584 10140 2570 10166
19585 10140 10166 17821
19586 10010 2508 10144
19587 10010 10144 17822
19588 10144 2507 10168
19589 10144 10168 17822
19590 10168 2505 10169
19591 10168 10169 17822
19592 10169 2506 10010
19593 10169 10010 17822
19594 10166 2570 10163
19595 10166 10163 17823
19596 10163 2502 10151
19597 10163 10151 17823
19598 10151 2501 10170
19599 10151 10170 17823
19600 10170 2569 10166
19601 10170 10166 17823
19602 10171 2216 9381
19603 10171 9381 17824
19604 9381 2214 10172
19605 9381 10172 17824
19606 10172 2505 10167
19607 10172 10167 17824
19608 10167 2569 10171
19609 10167 10171 17824
19610 10008 2506 10169
19611 10008 10169 17825
19612 10169 2505 10172
19613 10169 10172 17825
19614 10172 2214 9375
19615 10172 9375 17825
19616 9375 2211 10008
19617 9375 10008 17825
19618 10171 2569 10170
19619 10171 10170 17826
19620 10170 2501 10154
19621 10170 10154 17826
19622 10154 2213 9378
19623 10154 9378 17826
19624 9378 2216 10171
19625 9378 10171 17826
19626 10065 148 5394
19627 10065 5394 17827
19628 5394 152 10173
19629 5394 10173 17827
19630 10173 2542 10174
19631 10173 10174 17827
19632 10174 2539 10065
19633 10174 10065 17827
19634 9362 2206 10030
19635 9362 10030 17828
19636 10030 2517 10175
19637 10030 10175 17828
19638 10175 2519 10176
19639 10175 10176 17828
19640 10176 2207 9362
19641 10176 9362 17828
19642 10177 2519 10175
19643 10177 10175 17829
19644 10175 2517 10041
19645 10175 10041 17829
19646 10041 2529 10178
19647 10041 10178 17829
19648 10178 2540 10177
19649 10178 10177 17829
19650 10179 2540 10178
19651 10179 10178 17830
19652 10178 2529 10061
19653 10178 10061 17830
19654 10061 2538 10180
19655 10061 10180 17830
19656 10180 2541 10179
19657 10180 10179 17830
19658 10181 2541 10180
19659 10181 10180 17831
19660 10180 2538 10063
19661 10180 10063 17831
19662 10063 2539 10174
19663 10063 10174 17831
19664 10174 2542 10181
19665 10174 10181 17831
19666 10182 2577 10183
19667 10182 10183 17832
19668 10183 2519 10177
19669 10183 10177 17832
19670 10177 2540 10184
19671 10177 10184 17832
19672 10184 2578 10182
19673 10184 10182 17832
19674 10185 2574 10186
19675 10185 10186 17833
19676 10186 2542 10173
19677 10186 10173 17833
19678 10173 152 5396
19679 10173 5396 17833
19680 5396 189 10185
19681 5396 10185 17833
19682 10187 2573 10188
19683 10187 10188 17834
19684 10188 2541 10181
19685 10188 10181 17834
19686 10181 2542 10186
19687 10181 10186 17834
19688 10186 2574 10187
19689 10186 10187 17834
19690 10189 2578 10184
19691 10189 10184 17835
19692 10184 2540 10179
19693 10184 10179 17835
19694 10179 2541 10188
19695 10179 10188 17835
19696 10188 2573 10189
19697 10188 10189 17835
19698 10190 2516 10024
19699 10190 10024 17836
19700 10024 2168 9313
19701 10024 9313 17836
19702 9313 2172 10191
19703 9313 10191 17836
19704 10191 2496 10190
19705 10191 10190 17836
19706 10192 2614 10193
19707 10192 10193 17837
19708 10193 2531 10194
19709 10193 10194 17837
19710 10194 2515 10023
19711 10194 10023 17837
19712 10023 2613 10192
19713 10023 10192 17837
19714 10194 2531 10195
19715 10194 10195 17838
19716 10195 2617 10196
19717 10195 10196 17838
19718 10196 2618 10020
19719 10196 10020 17838
19720 10020 2515 10194
19721 10020 10194 17838
19722 10197 2582 10198
19723 10197 10198 17839
19724 10198 2616 10199
19725 10198 10199 17839
19726 10199 2617 10195
19727 10199 10195 17839
19728 10195 2531 10197
19729 10195 10197 17839
19730 10200 2530 10201
19731 10200 10201 17840
19732 10201 197 5501
19733 10201 5501 17840
19734 5501 198 9912
19735 5501 9912 17840
19736 9912 2460 10200
19737 9912 10200 17840
19738 10197 2531 10193
19739 10197 10193 17841
19740 10193 2614 10202
19741 10193 10202 17841
19742 10202 2615 10203
19743 10202 10203 17841
19744 10203 2582 10197
19745 10203 10197 17841
19746 10204 2583 10205
19747 10204 10205 17842
19748 10205 196 5498
19749 10205 5498 17842
19750 5498 197 10201
19751 5498 10201 17842
19752 10201 2530 10204
19753 10201 10204 17842
19754 9319 2176 10206
19755 9319 10206 17843
19756 10206 2597 10207
19757 10206 10207 17843
19758 10207 2518 10208
19759 10207 10208 17843
19760 10208 2177 9319
19761 10208 9319 17843
19762 10209 2576 10210
19763 10209 10210 17844
19764 10210 2518 10207
19765 10210 10207 17844
19766 10207 2597 10211
19767 10207 10211 17844
19768 10211 2598 10209
19769 10211 10209 17844
19770 9386 2220 10212
19771 9386 10212 17845
19772 10212 2461 10213
19773 10212 10213 17845
19774 10213 2601 10214
19775 10213 10214 17845
19776 10214 2221 9386
19777 10214 9386 17845
19778 10215 2462 10216
19779 10215 10216 17846
19780 10216 2218 9383
19781 10216 9383 17846
19782 9383 2177 10208
19783 9383 10208 17846
19784 10208 2518 10215
19785 10208 10215 17846
19786 10217 2575 10218
19787 10217 10218 17847
19788 10218 2462 10215
19789 10218 10215 17847
19790 10215 2518 10210
19791 10215 10210 17847
19792 10210 2576 10217
19793 10210 10217 17847
19794 9392 2225 10219
19795 9392 10219 17848
19796 10219 2579 10220
19797 10219 10220 17848
19798 10220 2461 10212
19799 10220 10212 17848
19800 10212 2220 9392
19801 10212 9392 17848
19802 10221 2581 10222
19803 10221 10222 17849
19804 10222 2461 10220
19805 10222 10220 17849
19806 10220 2579 10223
19807 10220 10223 17849
19808 10223 2599 10221
19809 10223 10221 17849
19810 10224 2600 10225
19811 10224 10225 17850
19812 10225 2601 10213
19813 10225 10213 17850
19814 10213 2461 10222
19815 10213 10222 17850
19816 10222 2581 10224
19817 10222 10224 17850
19818 10226 2456 9901
19819 10226 9901 17851
19820 9901 2455 10227
19821 9901 10227 17851
19822 10227 2585 10228
19823 10227 10228 17851
19824 10228 2584 10226
19825 10228 10226 17851
19826 10228 2585 10229
19827 10228 10229 17852
19828 10229 2586 10230
19829 10229 10230 17852
19830 10230 2587 10231
19831 10230 10231 17852
19832 10231 2584 10228
19833 10231 10228 17852
19834 10230 2586 10232
19835 10230 10232 17853
19836 10232 2588 10233
19837 10232 10233 17853
19838 10233 2589 10234
19839 10233 10234 17853
19840 10234 2587 10230
19841 10234 10230 17853
19842 10235 2589 10233
19843 10235 10233 17854
19844 10233 2588 10236
19845 10233 10236 17854
19846 10236 2591 10237
19847 10236 10237 17854
19848 10237 2590 10235
19849 10237 10235 17854
19850 10238 2590 10237
19851 10238 10237 17855
19852 10237 2591 10239
19853 10237 10239 17855
19854 10239 2227 9393
19855 10239 9393 17855
19856 9393 2226 10238
19857 9393 10238 17855
19858 10240 2457 9904
19859 10240 9904 17856
19860 9904 2456 10226
19861 9904 10226 17856
19862 10226 2584 10241
19863 10226 10241 17856
19864 10241 2592 10240
19865 10241 10240 17856
19866 10241 2584 10231
19867 10241 10231 17857
19868 10231 2587 10242
19869 10231 10242 17857
19870 10242 2594 10243
19871 10242 10243 17857
19872 10243 2592 10241
19873 10243 10241 17857
19874 10244 2458 9907
19875 10244 9907 17858
19876 9907 2457 10240
19877 9907 10240 17858
19878 10240 2592 10245
19879 10240 10245 17858
19880 10245 2593 10244
19881 10245 10244 17858
19882 9398 2165 9910
19883 9398 9910 17859
19884 9910 2458 10244
19885 9910 10244 17859
19886 10244 2593 10246
19887 10244 10246 17859
19888 10246 2231 9398
19889 10246 9398 17859
19890 10245 2592 10243
19891 10245 10243 17860
19892 10243 2594 10247
19893 10243 10247 17860
19894 10247 2593 10245
19895 10247 10245 17860
19896 10247 2594 10248
19897 10247 10248 17861
19898 10248 2233 9402
19899 10248 9402 17861
19900 9402 2231 10246
19901 9402 10246 17861
19902 10246 2593 10247
19903 10246 10247 17861
19904 9403 2233 10248
19905 9403 10248 17862
19906 10248 2594 10249
19907 10248 10249 17862
19908 10249 2595 10250
19909 10249 10250 17862
19910 10250 2234 9403
19911 10250 9403 17862
19912 10249 2594 10242
19913 10249 10242 17863
19914 10242 2587 10234
19915 10242 10234 17863
19916 10234 2589 10251
19917 10234 10251 17863
19918 10251 2595 10249
19919 10251 10249 17863
19920 10252 2595 10251
19921 10252 10251 17864
19922 10251 2589 10235
19923 10251 10235 17864
19924 10235 2590 10253
19925 10235 10253 17864
19926 10253 2596 10252
19927 10253 10252 17864
19928 10250 2595 10252
19929 10250 10252 17865
19930 10252 2596 10254
19931 10252 10254 17865
19932 10254 2237 9410
19933 10254 9410 17865
19934 9410 2234 10250
19935 9410 10250 17865
19936 10254 2596 10253
19937 10254 10253 17866
19938 10253 2590 10238
19939 10253 10238 17866
19940 10238 2226 9408
19941 10238 9408 17866
19942 9408 2237 10254
19943 9408 10254 17866
19944 10206 2176 9412
19945 10206 9412 17867
19946 9412 2207 10176
19947 9412 10176 17867
19948 10176 2519 10255
19949 10176 10255 17867
19950 10255 2597 10206
19951 10255 10206 17867
19952 10256 2598 10211
19953 10256 10211 17868
19954 10211 2597 10255
19955 10211 10255 17868
19956 10255 2519 10183
19957 10255 10183 17868
19958 10183 2577 10256
19959 10183 10256 17868
19960 10257 2579 10219
19961 10257 10219 17869
19962 10219 2225 9413
19963 10219 9413 17869
19964 9413 2218 10216
19965 9413 10216 17869
19966 10216 2462 10257
19967 10216 10257 17869
19968 10223 2579 10257
19969 10223 10257 17870
19970 10257 2462 10218
19971 10257 10218 17870
19972 10218 2575 10258
19973 10218 10258 17870
19974 10258 2599 10223
19975 10258 10223 17870
19976 10225 2600 10259
19977 10225 10259 17871
19978 10259 2580 10260
19979 10259 10260 17871
19980 10260 2495 10261
19981 10260 10261 17871
19982 10261 2601 10225
19983 10261 10225 17871
19984 9415 2221 10214
19985 9415 10214 17872
19986 10214 2601 10261
19987 10214 10261 17872
19988 10261 2495 10262
19989 10261 10262 17872
19990 10262 2238 9415
19991 10262 9415 17872
19992 10191 2172 9419
19993 10191 9419 17873
19994 9419 2238 10262
19995 9419 10262 17873
19996 10262 2495 10263
19997 10262 10263 17873
19998 10263 2496 10191
19999 10263 10191 17873
20000 10260 2580 10264
20001 10260 10264 17874
20002 10264 2602 10265
20003 10264 10265 17874
20004 10265 2496 10263
20005 10265 10263 17874
20006 10263 2495 10260
20007 10263 10260 17874
20008 10110 2554 10266
20009 10110 10266 17875
20010 10266 2604 10112
20011 10266 10112 17875
20012 10112 2603 10267
20013 10112 10267 17875
20014 10267 2564 10110
20015 10267 10110 17875
20016 10082 2604 10266
20017 10082 10266 17876
20018 10266 2554 10106
20019 10266 10106 17876
20020 10106 2551 10268
20021 10106 10268 17876
20022 10268 2605 10082
20023 10268 10082 17876
20024 10078 2479 10269
20025 10078 10269 17877
20026 10269 2606 10076
20027 10269 10076 17877
20028 10076 2605 10268
20029 10076 10268 17877
20030 10268 2551 10078
20031 10268 10078 17877
20032 10270 2607 9984
20033 10270 9984 17878
20034 9984 2606 10269
20035 9984 10269 17878
20036 10269 2479 9942
20037 10269 9942 17878
20038 9942 2480 10270
20039 9942 10270 17878
20040 9945 2607 10270
20041 9945 10270 17879
20042 10270 2480 9949
20043 10270 9949 17879
20044 9949 2483 10271
20045 9949 10271 17879
20046 10271 2608 9945
20047 10271 9945 17879
20048 9951 2608 10271
20049 9951 10271 17880
20050 10271 2483 9950
20051 10271 9950 17880
20052 9950 2469 10272
20053 9950 10272 17880
20054 10272 2609 9951
20055 10272 9951 17880
20056 9932 2609 10272
20057 9932 10272 17881
20058 10272 2469 9925
20059 10272 9925 17881
20060 9925 2470 10273
20061 9925 10273 17881
20062 10273 2610 9932
20063 10273 9932 17881
20064 10274 2611 10000
20065 10274 10000 17882
20066 10000 2610 10273
20067 10000 10273 17882
20068 10273 2470 10001
20069 10273 10001 17882
20070 10001 2465 10274
20071 10001 10274 17882
20072 9963 2611 10274
20073 9963 10274 17883
20074 10274 2465 9918
20075 10274 9918 17883
20076 9918 2466 10275
20077 9918 10275 17883
20078 10275 2612 9963
20079 10275 9963 17883
20080 10022 2612 10275
20081 10022 10275 17884
20082 10275 2466 10025
20083 10275 10025 17884
20084 10025 2516 10276
20085 10025 10276 17884
20086 10276 2613 10022
20087 10276 10022 17884
20088 10190 2496 10277
20089 10190 10277 17885
20090 10277 2614 10192
20091 10277 10192 17885
20092 10192 2613 10276
20093 10192 10276 17885
20094 10276 2516 10190
20095 10276 10190 17885
20096 10202 2614 10277
20097 10202 10277 17886
20098 10277 2496 10265
20099 10277 10265 17886
20100 10265 2602 10278
20101 10265 10278 17886
20102 10278 2615 10202
20103 10278 10202 17886
20104 10199 2616 10279
20105 10199 10279 17887
20106 10279 2583 10204
20107 10279 10204 17887
20108 10204 2530 10280
20109 10204 10280 17887
20110 10280 2617 10199
20111 10280 10199 17887
20112 10196 2617 10280
20113 10196 10280 17888
20114 10280 2530 10200
20115 10280 10200 17888
20116 10200 2460 10281
20117 10200 10281 17888
20118 10281 2618 10196
20119 10281 10196 17888
20120 10021 2618 10281
20121 10021 10281 17889
20122 10281 2460 9911
20123 10281 9911 17889
20124 9911 2459 10282
20125 9911 10282 17889
20126 10282 2619 10021
20127 10282 10021 17889
20128 9922 2619 10282
20129 9922 10282 17890
20130 10282 2459 9965
20131 10282 9965 17890
20132 9965 2463 10283
20133 9965 10283 17890
20134 10283 2620 9922
20135 10283 9922 17890
20136 9999 2620 10283
20137 9999 10283 17891
20138 10283 2463 9997
20139 10283 9997 17891
20140 9997 2473 10284
20141 9997 10284 17891
20142 10284 2621 9999
20143 10284 9999 17891
20144 9929 2621 10284
20145 9929 10284 17892
20146 10284 2473 9934
20147 10284 9934 17892
20148 9934 2472 10285
20149 9934 10285 17892
20150 10285 2622 9929
20151 10285 9929 17892
20152 10286 2623 9959
20153 10286 9959 17893
20154 9959 2622 10285
20155 9959 10285 17893
20156 10285 2472 9955
20157 10285 9955 17893
20158 9955 2484 10286
20159 9955 10286 17893
20160 10287 2624 9974
20161 10287 9974 17894
20162 9974 2623 10286
20163 9974 10286 17894
20164 10286 2484 9980
20165 10286 9980 17894
20166 9980 2488 10287
20167 9980 10287 17894
20168 9986 2493 10288
20169 9986 10288 17895
20170 10288 2625 9992
20171 10288 9992 17895
20172 9992 2624 10287
20173 9992 10287 17895
20174 10287 2488 9986
20175 10287 9986 17895
20176 10069 2548 10289
20177 10069 10289 17896
20178 10289 2626 10073
20179 10289 10073 17896
20180 10073 2625 10288
20181 10073 10288 17896
20182 10288 2493 10069
20183 10288 10069 17896
20184 10290 2627 10085
20185 10290 10085 17897
20186 10085 2626 10289
20187 10085 10289 17897
20188 10289 2548 10087
20189 10289 10087 17897
20190 10087 2555 10290
20191 10087 10290 17897
20192 10101 2627 10290
20193 10101 10290 17898
20194 10290 2555 10093
20195 10290 10093 17898
20196 10093 2558 10291
20197 10093 10291 17898
20198 10291 2628 10101
20199 10291 10101 17898
20200 6064 624 6389
20201 6064 6389 17899
20202 6389 196 10205
20203 6389 10205 17899
20204 10205 2583 10292
20205 10205 10292 17899
20206 10292 625 6064
20207 10292 6064 17899
20208 10279 2616 10293
20209 10279 10293 17900
20210 10293 626 6076
20211 10293 6076 17900
20212 6076 625 10292
20213 6076 10292 17900
20214 10292 2583 10279
20215 10292 10279 17900
20216 10198 2582 10294
20217 10198 10294 17901
20218 10294 627 6066
20219 10294 6066 17901
20220 6066 626 10293
20221 6066 10293 17901
20222 10293 2616 10198
20223 10293 10198 17901
20224 5451 627 10294
20225 5451 10294 17902
20226 10294 2582 10203
20227 10294 10203 17902
20228 10203 2615 10295
20229 10203 10295 17902
20230 10295 628 5451
20231 10295 5451 17902
20232 5496 628 10295
20233 5496 10295 17903
20234 10295 2615 10278
20235 10295 10278 17903
20236 10278 2602 10296
20237 10278 10296 17903
20238 10296 629 5496
20239 10296 5496 17903
20240 5455 629 10296
20241 5455 10296 17904
20242 10296 2602 10297
20243 10296 10297 17904
20244 10297 630 5455
20245 10297 5455 17904
20246 5492 630 10297
20247 5492 10297 17905
20248 10297 2602 10264
20249 10297 10264 17905
20250 10264 2580 10298
20251 10264 10298 17905
20252 10298 631 5492
20253 10298 5492 17905
20254 10259 2600 10299
20255 10259 10299 17906
20256 10299 632 5488
20257 10299 5488 17906
20258 5488 631 10298
20259 5488 10298 17906
20260 10298 2580 10259
20261 10298 10259 17906
20262 5494 632 10299
20263 5494 10299 17907
20264 10299 2600 10300
20265 10299 10300 17907
20266 10300 633 5494
20267 10300 5494 17907
20268 10224 2581 10301
20269 10224 10301 17908
20270 10301 634 5462
20271 10301 5462 17908
20272 5462 633 10300
20273 5462 10300 17908
20274 10300 2600 10224
20275 10300 10224 17908
20276 10221 2599 10302
20277 10221 10302 17909
20278 10302 635 5458
20279 10302 5458 17909
20280 5458 634 10301
20281 5458 10301 17909
20282 10301 2581 10221
20283 10301 10221 17909
20284 5466 635 10302
20285 5466 10302 17910
20286 10302 2599 10303
20287 10302 10303 17910
20288 10303 636 5466
20289 10303 5466 17910
20290 5487 636 10303
20291 5487 10303 17911
20292 10303 2599 10258
20293 10303 10258 17911
20294 10258 2575 10304
20295 10258 10304 17911
20296 10304 637 5487
20297 10304 5487 17911
20298 10217 2576 10305
20299 10217 10305 17912
20300 10305 638 5478
20301 10305 5478 17912
20302 5478 637 10304
20303 5478 10304 17912
20304 10304 2575 10217
20305 10304 10217 17912
20306 5484 638 10305
20307 5484 10305 17913
20308 10305 2576 10306
20309 10305 10306 17913
20310 10306 639 5484
20311 10306 5484 17913
20312 10209 2598 10307
20313 10209 10307 17914
20314 10307 640 5474
20315 10307 5474 17914
20316 5474 639 10306
20317 5474 10306 17914
20318 10306 2576 10209
20319 10306 10209 17914
20320 5482 640 10307
20321 5482 10307 17915
20322 10307 2598 10256
20323 10307 10256 17915
20324 10256 2577 10308
20325 10256 10308 17915
20326 10308 641 5482
20327 10308 5482 17915
20328 10182 2578 10309
20329 10182 10309 17916
20330 10309 642 5471
20331 10309 5471 17916
20332 5471 641 10308
20333 5471 10308 17916
20334 10308 2577 10182
20335 10308 10182 17916
20336 10189 2573 10310
20337 10189 10310 17917
20338 10310 643 5468
20339 10310 5468 17917
20340 5468 642 10309
20341 5468 10309 17917
20342 10309 2578 10189
20343 10309 10189 17917
20344 10187 2574 10311
20345 10187 10311 17918
20346 10311 644 5415
20347 10311 5415 17918
20348 5415 643 10310
20349 5415 10310 17918
20350 10310 2573 10187
20351 10310 10187 17918
20352 10185 189 6391
20353 10185 6391 17919
20354 6391 645 5412
20355 6391 5412 17919
20356 5412 644 10311
20357 5412 10311 17919
20358 10311 2574 10185
20359 10311 10185 17919
20360 10312 2629 9802
20361 10312 9802 17920
20362 9802 2414 9805
20363 9802 9805 17920
20364 9805 2148 10313
20365 9805 10313 17920
20366 10313 2124 10312
20367 10313 10312 17920
20368 10314 2630 9444
20369 10314 9444 17921
20370 9444 2629 10312
20371 9444 10312 17921
20372 10312 2124 10315
20373 10312 10315 17921
20374 10315 2123 10314
20375 10315 10314 17921
20376 10316 2631 9488
20377 10316 9488 17922
20378 9488 2630 10314
20379 9488 10314 17922
20380 10314 2123 10317
20381 10314 10317 17922
20382 10317 2138 10316
20383 10317 10316 17922
20384 10318 2632 9528
20385 10318 9528 17923
20386 9528 2631 10316
20387 9528 10316 17923
20388 10316 2138 10319
20389 10316 10319 17923
20390 10319 2139 10318
20391 10319 10318 17923
20392 9518 2311 9522
20393 9518 9522 17924
20394 9522 2632 10318
20395 9522 10318 17924
20396 10318 2139 10320
20397 10318 10320 17924
20398 10320 2137 9518
20399 10320 9518 17924
20400 9477 2633 9530
20401 9477 9530 17925
20402 9530 2327 9485
20403 9530 9485 17925
20404 9485 2243 10321
20405 9485 10321 17925
20406 10321 2634 9477
20407 10321 9477 17925
20408 9439 2634 10321
20409 9439 10321 17926
20410 10321 2243 9435
20411 10321 9435 17926
20412 9435 2252 9797
20413 9435 9797 17926
20414 9797 2635 9439
20415 9797 9439 17926
20416 10322 2650 10323
20417 10322 10323 17927
20418 10323 2651 10324
20419 10323 10324 17927
20420 10324 2652 10325
20421 10324 10325 17927
20422 10325 2649 10322
20423 10325 10322 17927
20424 10326 2654 10327
20425 10326 10327 17928
20426 10327 2650 10322
20427 10327 10322 17928
20428 10322 2649 10328
20429 10322 10328 17928
20430 10328 2653 10326
20431 10328 10326 17928
20432 10329 2656 10330
20433 10329 10330 17929
20434 10330 2657 10331
20435 10330 10331 17929
20436 10331 2658 10332
20437 10331 10332 17929
20438 10332 2655 10329
20439 10332 10329 17929
20440 10333 2660 10334
20441 10333 10334 17930
20442 10334 2656 10329
20443 10334 10329 17930
20444 10329 2655 10335
20445 10329 10335 17930
20446 10335 2659 10333
20447 10335 10333 17930
20448 10336 2661 10337
20449 10336 10337 17931
20450 10337 2662 10338
20451 10337 10338 17931
20452 10338 2657 10330
20453 10338 10330 17931
20454 10330 2656 10336
20455 10330 10336 17931
20456 10339 2663 10340
20457 10339 10340 17932
20458 10340 2661 10336
20459 10340 10336 17932
20460 10336 2656 10334
20461 10336 10334 17932
20462 10334 2660 10339
20463 10334 10339 17932
20464 10324 2651 10341
20465 10324 10341 17933
20466 10341 2664 10342
20467 10341 10342 17933
20468 10342 2665 10343
20469 10342 10343 17933
20470 10343 2652 10324
20471 10343 10324 17933
20472 10331 2657 10344
20473 10331 10344 17934
20474 10344 2666 10345
20475 10344 10345 17934
20476 10345 2667 10346
20477 10345 10346 17934
20478 10346 2658 10331
20479 10346 10331 17934
20480 10338 2662 10347
20481 10338 10347 17935
20482 10347 2668 10348
20483 10347 10348 17935
20484 10348 2666 10344
20485 10348 10344 17935
20486 10344 2657 10338
20487 10344 10338 17935
20488 10349 2673 10350
20489 10349 10350 17936
20490 10350 0 5161
20491 10350 5161 17936
20492 5161 5 10351
20493 5161 10351 17936
20494 10351 2672 10349
20495 10351 10349 17936
20496 10342 2664 10352
20497 10342 10352 17937
20498 10352 2676 10353
20499 10352 10353 17937
20500 10353 2677 10354
20501 10353 10354 17937
20502 10354 2665 10342
20503 10354 10342 17937
20504 10355 2674 10356
20505 10355 10356 17938
20506 10356 2677 10353
20507 10356 10353 17938
20508 10353 2676 10357
20509 10353 10357 17938
20510 10357 2675 10355
20511 10357 10355 17938
20512 10358 2678 10359
20513 10358 10359 17939
20514 10359 2679 10360
20515 10359 10360 17939
20516 10360 2680 10361
20517 10360 10361 17939
20518 10361 2673 10358
20519 10361 10358 17939
20520 10362 1 5176
20521 10362 5176 17940
20522 5176 3 10363
20523 5176 10363 17940
20524 10363 2680 10364
20525 10363 10364 17940
20526 10364 2671 10362
20527 10364 10362 17940
20528 10363 3 5178
20529 10363 5178 17941
20530 5178 0 10350
20531 5178 10350 17941
20532 10350 2673 10361
20533 10350 10361 17941
20534 10361 2680 10363
20535 10361 10363 17941
20536 10365 2662 10337
20537 10365 10337 17942
20538 10337 2661 10366
20539 10337 10366 17942
20540 10366 2682 10367
20541 10366 10367 17942
20542 10367 2681 10365
20543 10367 10365 17942
20544 10366 2661 10340
20545 10366 10340 17943
20546 10340 2663 10368
20547 10340 10368 17943
20548 10368 2683 10369
20549 10368 10369 17943
20550 10369 2682 10366
20551 10369 10366 17943
20552 10370 2668 10347
20553 10370 10347 17944
20554 10347 2662 10365
20555 10347 10365 17944
20556 10365 2681 10371
20557 10365 10371 17944
20558 10371 2669 10370
20559 10371 10370 17944
20560 10372 2678 10358
20561 10372 10358 17945
20562 10358 2673 10349
20563 10358 10349 17945
20564 10349 2672 10373
20565 10349 10373 17945
20566 10373 2684 10372
20567 10373 10372 17945
20568 10374 2685 10375
20569 10374 10375 17946
20570 10375 2671 10364
20571 10375 10364 17946
20572 10364 2680 10360
20573 10364 10360 17946
20574 10360 2679 10374
20575 10360 10374 17946
20576 5193 2 10376
20577 5193 10376 17947
20578 10376 2686 10377
20579 10376 10377 17947
20580 10377 2687 10378
20581 10377 10378 17947
20582 10378 4 5193
20583 10378 5193 17947
20584 10379 2684 10373
20585 10379 10373 17948
20586 10373 2672 10380
20587 10373 10380 17948
20588 10380 2687 10381
20589 10380 10381 17948
20590 10381 2688 10379
20591 10381 10379 17948
20592 5197 4 10378
20593 5197 10378 17949
20594 10378 2687 10380
20595 10378 10380 17949
20596 10380 2672 10351
20597 10380 10351 17949
20598 10351 5 5197
20599 10351 5197 17949
20600 10333 2659 10382
20601 10333 10382 17950
20602 10382 2689 10383
20603 10382 10383 17950
20604 10383 2690 10384
20605 10383 10384 17950
20606 10384 2660 10333
20607 10384 10333 17950
20608 10385 2691 10386
20609 10385 10386 17951
20610 10386 2663 10339
20611 10386 10339 17951
20612 10339 2660 10384
20613 10339 10384 17951
20614 10384 2690 10385
20615 10384 10385 17951
20616 10387 2677 10356
20617 10387 10356 17952
20618 10356 2674 10388
20619 10356 10388 17952
20620 10388 2699 10389
20621 10388 10389 17952
20622 10389 2700 10387
20623 10389 10387 17952
20624 10390 2702 10391
20625 10390 10391 17953
20626 10391 2700 10389
20627 10391 10389 17953
20628 10389 2699 10392
20629 10389 10392 17953
20630 10392 2701 10390
20631 10392 10390 17953
20632 10368 2663 10386
20633 10368 10386 17954
20634 10386 2691 10393
20635 10386 10393 17954
20636 10393 2706 10394
20637 10393 10394 17954
20638 10394 2683 10368
20639 10394 10368 17954
20640 10381 2687 10377
20641 10381 10377 17955
20642 10377 2686 10395
20643 10377 10395 17955
20644 10395 2709 10396
20645 10395 10396 17955
20646 10396 2688 10381
20647 10396 10381 17955
20648 10397 2711 10398
20649 10397 10398 17956
20650 10398 2691 10385
20651 10398 10385 17956
20652 10385 2690 10399
20653 10385 10399 17956
20654 10399 2710 10397
20655 10399 10397 17956
20656 10400 2715 10401
20657 10400 10401 17957
20658 10401 2716 10402
20659 10401 10402 17957
20660 10402 2658 10346
20661 10402 10346 17957
20662 10346 2667 10400
20663 10346 10400 17957
20664 10403 2710 10399
20665 10403 10399 17958
20666 10399 2690 10383
20667 10399 10383 17958
20668 10383 2689 10404
20669 10383 10404 17958
20670 10404 2717 10403
20671 10404 10403 17958
20672 10402 2716 10405
20673 10402 10405 17959
20674 10405 2718 10406
20675 10405 10406 17959
20676 10406 2655 10332
20677 10406 10332 17959
20678 10332 2658 10402
20679 10332 10402 17959
20680 10407 2719 10408
20681 10407 10408 17960
20682 10408 2720 10409
20683 10408 10409 17960
20684 10409 2716 10401
20685 10409 10401 17960
20686 10401 2715 10407
20687 10401 10407 17960
20688 10410 2721 10411
20689 10410 10411 17961
20690 10411 2722 10412
20691 10411 10412 17961
20692 10412 2720 10408
20693 10412 10408 17961
20694 10408 2719 10410
20695 10408 10410 17961
20696 10413 2718 10405
20697 10413 10405 17962
20698 10405 2716 10409
20699 10405 10409 17962
20700 10409 2720 10414
20701 10409 10414 17962
20702 10414 2723 10413
20703 10414 10413 17962
20704 10415 2723 10414
20705 10415 10414 17963
20706 10414 2720 10412
20707 10414 10412 17963
20708 10412 2722 10416
20709 10412 10416 17963
20710 10416 2724 10415
20711 10416 10415 17963
20712 10417 2726 10418
20713 10417 10418 17964
20714 10418 2727 10419
20715 10418 10419 17964
20716 10419 2728 10420
20717 10419 10420 17964
20718 10420 2725 10417
20719 10420 10417 17964
20720 10421 2727 10418
20721 10421 10418 17965
20722 10418 2726 10422
20723 10418 10422 17965
20724 10422 2679 10359
20725 10422 10359 17965
20726 10359 2678 10421
20727 10359 10421 17965
20728 10419 2727 10423
20729 10419 10423 17966
20730 10423 2729 10424
20731 10423 10424 17966
20732 10424 2730 10425
20733 10424 10425 17966
20734 10425 2728 10419
20735 10425 10419 17966
20736 10426 2729 10423
20737 10426 10423 17967
20738 10423 2727 10421
20739 10423 10421 17967
20740 10421 2678 10372
20741 10421 10372 17967
20742 10372 2684 10426
20743 10372 10426 17967
20744 10427 2732 10428
20745 10427 10428 17968
20746 10428 2726 10417
20747 10428 10417 17968
20748 10417 2725 10429
20749 10417 10429 17968
20750 10429 2731 10427
20751 10429 10427 17968
20752 10430 2733 10431
20753 10430 10431 17969
20754 10431 2734 10432
20755 10431 10432 17969
20756 10432 2735 10433
20757 10432 10433 17969
20758 10433 2724 10430
20759 10433 10430 17969
20760 10422 2726 10428
20761 10422 10428 17970
20762 10428 2732 10434
20763 10428 10434 17970
20764 10434 2685 10374
20765 10434 10374 17970
20766 10374 2679 10422
20767 10374 10422 17970
20768 10430 2724 10416
20769 10430 10416 17971
20770 10416 2722 10435
20771 10416 10435 17971
20772 10435 2736 10436
20773 10435 10436 17971
20774 10436 2733 10430
20775 10436 10430 17971
20776 10437 2737 10438
20777 10437 10438 17972
20778 10438 2736 10435
20779 10438 10435 17972
20780 10435 2722 10411
20781 10435 10411 17972
20782 10411 2721 10437
20783 10411 10437 17972
20784 10439 2736 10438
20785 10439 10438 17973
20786 10438 2737 10440
20787 10438 10440 17973
20788 10440 2731 10429
20789 10440 10429 17973
20790 10429 2725 10439
20791 10429 10439 17973
20792 10441 2733 10436
20793 10441 10436 17974
20794 10436 2736 10439
20795 10436 10439 17974
20796 10439 2725 10420
20797 10439 10420 17974
20798 10420 2728 10441
20799 10420 10441 17974
20800 10442 2734 10431
20801 10442 10431 17975
20802 10431 2733 10441
20803 10431 10441 17975
20804 10441 2728 10425
20805 10441 10425 17975
20806 10425 2730 10442
20807 10425 10442 17975
20808 10443 2741 10444
20809 10443 10444 17976
20810 10444 2739 10445
20811 10444 10445 17976
20812 10445 2742 10446
20813 10445 10446 17976
20814 10446 2740 10443
20815 10446 10443 17976
20816 10447 2701 10392
20817 10447 10392 17977
20818 10392 2699 10448
20819 10392 10448 17977
20820 10448 2739 10444
20821 10448 10444 17977
20822 10444 2741 10447
20823 10444 10447 17977
20824 10449 2695 10450
20825 10449 10450 17978
20826 10450 2702 10390
20827 10450 10390 17978
20828 10390 2701 10451
20829 10390 10451 17978
20830 10451 2747 10449
20831 10451 10449 17978
20832 10452 2748 10453
20833 10452 10453 17979
20834 10453 2741 10443
20835 10453 10443 17979
20836 10443 2740 10454
20837 10443 10454 17979
20838 10454 2746 10452
20839 10454 10452 17979
20840 10455 2747 10451
20841 10455 10451 17980
20842 10451 2701 10447
20843 10451 10447 17980
20844 10447 2741 10453
20845 10447 10453 17980
20846 10453 2748 10455
20847 10453 10455 17980
20848 10456 2753 10457
20849 10456 10457 17981
20850 10457 2748 10452
20851 10457 10452 17981
20852 10452 2746 10458
20853 10452 10458 17981
20854 10458 2749 10456
20855 10458 10456 17981
20856 10387 2700 10459
20857 10387 10459 17982
20858 10459 2755 10460
20859 10459 10460 17982
20860 10460 2665 10354
20861 10460 10354 17982
20862 10354 2677 10387
20863 10354 10387 17982
20864 10461 2760 10462
20865 10461 10462 17983
20866 10462 7 5278
20867 10462 5278 17983
20868 5278 8 10463
20869 5278 10463 17983
20870 10463 2759 10461
20871 10463 10461 17983
20872 10464 2762 10465
20873 10464 10465 17984
20874 10465 2760 10461
20875 10465 10461 17984
20876 10461 2759 10466
20877 10461 10466 17984
20878 10466 2761 10464
20879 10466 10464 17984
20880 10376 2 5285
20881 10376 5285 17985
20882 5285 7 10462
20883 5285 10462 17985
20884 10462 2760 10467
20885 10462 10467 17985
20886 10467 2686 10376
20887 10467 10376 17985
20888 10395 2686 10467
20889 10395 10467 17986
20890 10467 2760 10465
20891 10467 10465 17986
20892 10465 2762 10468
20893 10465 10468 17986
20894 10468 2709 10395
20895 10468 10395 17986
20896 10469 2764 10470
20897 10469 10470 17987
20898 10470 2765 10471
20899 10470 10471 17987
20900 10471 2766 10472
20901 10471 10472 17987
20902 10472 2763 10469
20903 10472 10469 17987
20904 10397 2710 10473
20905 10397 10473 17988
20906 10473 2765 10470
20907 10473 10470 17988
20908 10470 2764 10474
20909 10470 10474 17988
20910 10474 2711 10397
20911 10474 10397 17988
20912 10471 2765 10475
20913 10471 10475 17989
20914 10475 2767 10476
20915 10475 10476 17989
20916 10476 2768 10477
20917 10476 10477 17989
20918 10477 2766 10471
20919 10477 10471 17989
20920 10403 2717 10478
20921 10403 10478 17990
20922 10478 2767 10475
20923 10478 10475 17990
20924 10475 2765 10473
20925 10475 10473 17990
20926 10473 2710 10403
20927 10473 10403 17990
20928 10479 2769 10480
20929 10479 10480 17991
20930 10480 2706 10393
20931 10480 10393 17991
20932 10393 2691 10398
20933 10393 10398 17991
20934 10398 2711 10479
20935 10398 10479 17991
20936 10479 2711 10474
20937 10479 10474 17992
20938 10474 2764 10481
20939 10474 10481 17992
20940 10481 2773 10482
20941 10481 10482 17992
20942 10482 2769 10479
20943 10482 10479 17992
20944 10481 2764 10469
20945 10481 10469 17993
20946 10469 2763 10483
20947 10469 10483 17993
20948 10483 2774 10484
20949 10483 10484 17993
20950 10484 2773 10481
20951 10484 10481 17993
20952 10485 2783 10486
20953 10485 10486 17994
20954 10486 2735 10432
20955 10486 10432 17994
20956 10432 2734 10487
20957 10432 10487 17994
20958 10487 2782 10485
20959 10487 10485 17994
20960 10488 2784 10489
20961 10488 10489 17995
20962 10489 2729 10426
20963 10489 10426 17995
20964 10426 2684 10379
20965 10426 10379 17995
20966 10379 2688 10488
20967 10379 10488 17995
20968 10424 2729 10489
20969 10424 10489 17996
20970 10489 2784 10490
20971 10489 10490 17996
20972 10490 2785 10491
20973 10490 10491 17996
20974 10491 2730 10424
20975 10491 10424 17996
20976 10488 2688 10396
20977 10488 10396 17997
20978 10396 2709 10492
20979 10396 10492 17997
20980 10492 2786 10493
20981 10492 10493 17997
20982 10493 2784 10488
20983 10493 10488 17997
20984 10494 2782 10487
20985 10494 10487 17998
20986 10487 2734 10442
20987 10487 10442 17998
20988 10442 2730 10491
20989 10442 10491 17998
20990 10491 2785 10494
20991 10491 10494 17998
20992 10495 2787 10496
20993 10495 10496 17999
20994 10496 2785 10490
20995 10496 10490 17999
20996 10490 2784 10493
20997 10490 10493 17999
20998 10493 2786 10495
20999 10493 10495 17999
21000 10497 2788 10498
21001 10497 10498 18000
21002 10498 2786 10492
21003 10498 10492 18000
21004 10492 2709 10468
21005 10492 10468 18000
21006 10468 2762 10497
21007 10468 10497 18000
21008 10495 2786 10498
21009 10495 10498 18001
21010 10498 2788 10499
21011 10498 10499 18001
21012 10499 2789 10500
21013 10499 10500 18001
21014 10500 2787 10495
21015 10500 10495 18001
21016 10501 2790 10502
21017 10501 10502 18002
21018 10502 2782 10494
21019 10502 10494 18002
21020 10494 2785 10496
21021 10494 10496 18002
21022 10496 2787 10501
21023 10496 10501 18002
21024 10503 2791 10504
21025 10503 10504 18003
21026 10504 2790 10501
21027 10504 10501 18003
21028 10501 2787 10500
21029 10501 10500 18003
21030 10500 2789 10503
21031 10500 10503 18003
21032 10497 2762 10464
21033 10497 10464 18004
21034 10464 2761 10505
21035 10464 10505 18004
21036 10505 2792 10506
21037 10505 10506 18004
21038 10506 2788 10497
21039 10506 10497 18004
21040 10413 2723 10507
21041 10413 10507 18005
21042 10507 2794 10508
21043 10507 10508 18005
21044 10508 2795 10509
21045 10508 10509 18005
21046 10509 2718 10413
21047 10509 10413 18005
21048 10406 2718 10509
21049 10406 10509 18006
21050 10509 2795 10510
21051 10509 10510 18006
21052 10510 2659 10335
21053 10510 10335 18006
21054 10335 2655 10406
21055 10335 10406 18006
21056 10511 2689 10382
21057 10511 10382 18007
21058 10382 2659 10510
21059 10382 10510 18007
21060 10510 2795 10512
21061 10510 10512 18007
21062 10512 2796 10511
21063 10512 10511 18007
21064 10511 2796 10513
21065 10511 10513 18008
21066 10513 2797 10514
21067 10513 10514 18008
21068 10514 2717 10404
21069 10514 10404 18008
21070 10404 2689 10511
21071 10404 10511 18008
21072 10515 2799 10516
21073 10515 10516 18009
21074 10516 2800 10517
21075 10516 10517 18009
21076 10517 2783 10518
21077 10517 10518 18009
21078 10518 2798 10515
21079 10518 10515 18009
21080 10517 2800 10519
21081 10517 10519 18010
21082 10519 2794 10520
21083 10519 10520 18010
21084 10520 2735 10486
21085 10520 10486 18010
21086 10486 2783 10517
21087 10486 10517 18010
21088 10415 2724 10433
21089 10415 10433 18011
21090 10433 2735 10520
21091 10433 10520 18011
21092 10520 2794 10507
21093 10520 10507 18011
21094 10507 2723 10415
21095 10507 10415 18011
21096 10521 2796 10512
21097 10521 10512 18012
21098 10512 2795 10508
21099 10512 10508 18012
21100 10508 2794 10519
21101 10508 10519 18012
21102 10519 2800 10521
21103 10519 10521 18012
21104 10514 2797 10522
21105 10514 10522 18013
21106 10522 2801 10523
21107 10522 10523 18013
21108 10523 2767 10478
21109 10523 10478 18013
21110 10478 2717 10514
21111 10478 10514 18013
21112 10515 2798 10524
21113 10515 10524 18014
21114 10524 2802 10525
21115 10524 10525 18014
21116 10525 2803 10526
21117 10525 10526 18014
21118 10526 2799 10515
21119 10526 10515 18014
21120 10527 2798 10518
21121 10527 10518 18015
21122 10518 2783 10485
21123 10518 10485 18015
21124 10485 2782 10502
21125 10485 10502 18015
21126 10502 2790 10527
21127 10502 10527 18015
21128 10528 2802 10524
21129 10528 10524 18016
21130 10524 2798 10527
21131 10524 10527 18016
21132 10527 2790 10504
21133 10527 10504 18016
21134 10504 2791 10528
21135 10504 10528 18016
21136 10529 2797 10513
21137 10529 10513 18017
21138 10513 2796 10521
21139 10513 10521 18017
21140 10521 2800 10516
21141 10521 10516 18017
21142 10516 2799 10529
21143 10516 10529 18017
21144 10530 2801 10522
21145 10530 10522 18018
21146 10522 2797 10529
21147 10522 10529 18018
21148 10529 2799 10526
21149 10529 10526 18018
21150 10526 2803 10530
21151 10526 10530 18018
21152 10523 2801 10531
21153 10523 10531 18019
21154 10531 2805 10532
21155 10531 10532 18019
21156 10532 2768 10476
21157 10532 10476 18019
21158 10476 2767 10523
21159 10476 10523 18019
21160 10528 2791 10533
21161 10528 10533 18020
21162 10533 2804 10534
21163 10533 10534 18020
21164 10534 2806 10535
21165 10534 10535 18020
21166 10535 2802 10528
21167 10535 10528 18020
21168 10525 2802 10535
21169 10525 10535 18021
21170 10535 2806 10536
21171 10535 10536 18021
21172 10536 2807 10537
21173 10536 10537 18021
21174 10537 2803 10525
21175 10537 10525 18021
21176 10531 2801 10530
21177 10531 10530 18022
21178 10530 2803 10537
21179 10530 10537 18022
21180 10537 2807 10538
21181 10537 10538 18022
21182 10538 2805 10531
21183 10538 10531 18022
21184 10499 2788 10506
21185 10499 10506 18023
21186 10506 2792 10539
21187 10506 10539 18023
21188 10539 2793 10540
21189 10539 10540 18023
21190 10540 2789 10499
21191 10540 10499 18023
21192 10541 2804 10533
21193 10541 10533 18024
21194 10533 2791 10503
21195 10533 10503 18024
21196 10503 2789 10540
21197 10503 10540 18024
21198 10540 2793 10541
21199 10540 10541 18024
21200 10542 2669 10371
21201 10542 10371 18025
21202 10371 2681 10543
21203 10371 10543 18025
21204 10543 2703 10544
21205 10543 10544 18025
21206 10544 2670 10542
21207 10544 10542 18025
21208 10543 2681 10367
21209 10543 10367 18026
21210 10367 2682 10545
21211 10367 10545 18026
21212 10545 2704 10546
21213 10545 10546 18026
21214 10546 2703 10543
21215 10546 10543 18026
21216 10547 2705 10548
21217 10547 10548 18027
21218 10548 2704 10545
21219 10548 10545 18027
21220 10545 2682 10369
21221 10545 10369 18027
21222 10369 2683 10547
21223 10369 10547 18027
21224 10549 2707 10550
21225 10549 10550 18028
21226 10550 2705 10547
21227 10550 10547 18028
21228 10547 2683 10394
21229 10547 10394 18028
21230 10394 2706 10549
21231 10394 10549 18028
21232 10551 2703 10546
21233 10551 10546 18029
21234 10546 2704 10552
21235 10546 10552 18029
21236 10552 2809 10553
21237 10552 10553 18029
21238 10553 2810 10551
21239 10553 10551 18029
21240 10554 2670 10544
21241 10554 10544 18030
21242 10544 2703 10551
21243 10544 10551 18030
21244 10551 2810 10555
21245 10551 10555 18030
21246 10555 2808 10554
21247 10555 10554 18030
21248 10552 2704 10548
21249 10552 10548 18031
21250 10548 2705 10556
21251 10548 10556 18031
21252 10556 2811 10557
21253 10556 10557 18031
21254 10557 2809 10552
21255 10557 10552 18031
21256 10558 2743 10559
21257 10558 10559 18032
21258 10559 2744 10560
21259 10559 10560 18032
21260 10560 2746 10454
21261 10560 10454 18032
21262 10454 2740 10558
21263 10454 10558 18032
21264 10561 2738 10562
21265 10561 10562 18033
21266 10562 2743 10558
21267 10562 10558 18033
21268 10558 2740 10446
21269 10558 10446 18033
21270 10446 2742 10561
21271 10446 10561 18033
21272 10560 2744 10563
21273 10560 10563 18034
21274 10563 2745 10564
21275 10563 10564 18034
21276 10564 2749 10458
21277 10564 10458 18034
21278 10458 2746 10560
21279 10458 10560 18034
21280 10549 2706 10480
21281 10549 10480 18035
21282 10480 2769 10565
21283 10480 10565 18035
21284 10565 2770 10566
21285 10565 10566 18035
21286 10566 2707 10549
21287 10566 10549 18035
21288 10556 2705 10550
21289 10556 10550 18036
21290 10550 2707 10567
21291 10550 10567 18036
21292 10567 2812 10568
21293 10567 10568 18036
21294 10568 2811 10556
21295 10568 10556 18036
21296 10567 2707 10566
21297 10567 10566 18037
21298 10566 2770 10569
21299 10566 10569 18037
21300 10569 2813 10570
21301 10569 10570 18037
21302 10570 2812 10567
21303 10570 10567 18037
21304 10571 2775 10572
21305 10571 10572 18038
21306 10572 2770 10565
21307 10572 10565 18038
21308 10565 2769 10482
21309 10565 10482 18038
21310 10482 2773 10571
21311 10482 10571 18038
21312 10569 2770 10572
21313 10569 10572 18039
21314 10572 2775 10573
21315 10572 10573 18039
21316 10573 2814 10574
21317 10573 10574 18039
21318 10574 2813 10569
21319 10574 10569 18039
21320 10571 2773 10484
21321 10571 10484 18040
21322 10484 2774 10575
21323 10484 10575 18040
21324 10575 2778 10576
21325 10575 10576 18040
21326 10576 2775 10571
21327 10576 10571 18040
21328 10573 2775 10576
21329 10573 10576 18041
21330 10576 2778 10577
21331 10576 10577 18041
21332 10577 2815 10578
21333 10577 10578 18041
21334 10578 2814 10573
21335 10578 10573 18041
21336 10579 2808 10555
21337 10579 10555 18042
21338 10555 2810 10580
21339 10555 10580 18042
21340 10580 2743 10562
21341 10580 10562 18042
21342 10562 2738 10579
21343 10562 10579 18042
21344 10580 2810 10553
21345 10580 10553 18043
21346 10553 2809 10581
21347 10553 10581 18043
21348 10581 2744 10559
21349 10581 10559 18043
21350 10559 2743 10580
21351 10559 10580 18043
21352 10581 2809 10557
21353 10581 10557 18044
21354 10557 2811 10582
21355 10557 10582 18044
21356 10582 2745 10563
21357 10582 10563 18044
21358 10563 2744 10581
21359 10563 10581 18044
21360 10568 2812 10583
21361 10568 10583 18045
21362 10583 2771 10584
21363 10583 10584 18045
21364 10584 2745 10582
21365 10584 10582 18045
21366 10582 2811 10568
21367 10582 10568 18045
21368 10570 2813 10585
21369 10570 10585 18046
21370 10585 3273 10586
21371 10585 10586 18046
21372 10586 2771 10583
21373 10586 10583 18046
21374 10583 2812 10570
21375 10583 10570 18046
21376 10587 2776 10588
21377 10587 10588 18047
21378 10588 2772 10589
21379 10588 10589 18047
21380 10589 3273 10590
21381 10589 10590 18047
21382 10590 3272 10587
21383 10590 10587 18047
21384 10591 2779 10592
21385 10591 10592 18048
21386 10592 2776 10587
21387 10592 10587 18048
21388 10587 3272 10593
21389 10587 10593 18048
21390 10593 3271 10591
21391 10593 10591 18048
21392 10594 2781 10595
21393 10594 10595 18049
21394 10595 2779 10591
21395 10595 10591 18049
21396 10591 3271 10596
21397 10591 10596 18049
21398 10596 3270 10594
21399 10596 10594 18049
21400 10597 2780 10598
21401 10597 10598 18050
21402 10598 2781 10594
21403 10598 10594 18050
21404 10594 3270 10599
21405 10594 10599 18050
21406 10599 3269 10597
21407 10599 10597 18050
21408 10600 2757 10601
21409 10600 10601 18051
21410 10601 2755 10459
21411 10601 10459 18051
21412 10459 2700 10391
21413 10459 10391 18051
21414 10391 2702 10600
21415 10391 10600 18051
21416 10602 2694 10603
21417 10602 10603 18052
21418 10603 2695 10604
21419 10603 10604 18052
21420 10604 2692 10605
21421 10604 10605 18052
21422 10605 2693 10602
21423 10605 10602 18052
21424 10603 2694 10606
21425 10603 10606 18053
21426 10606 2757 10600
21427 10606 10600 18053
21428 10600 2702 10450
21429 10600 10450 18053
21430 10450 2695 10603
21431 10450 10603 18053
21432 10606 2694 10607
21433 10606 10607 18054
21434 10607 2816 10608
21435 10607 10608 18054
21436 10608 2817 10609
21437 10608 10609 18054
21438 10609 2757 10606
21439 10609 10606 18054
21440 10602 2693 10610
21441 10602 10610 18055
21442 10610 2819 10611
21443 10610 10611 18055
21444 10611 2816 10607
21445 10611 10607 18055
21446 10607 2694 10602
21447 10607 10602 18055
21448 10612 2752 10613
21449 10612 10613 18056
21450 10613 2753 10456
21451 10613 10456 18056
21452 10456 2749 10614
21453 10456 10614 18056
21454 10614 2754 10612
21455 10614 10612 18056
21456 10564 2745 10584
21457 10564 10584 18057
21458 10584 2771 10615
21459 10584 10615 18057
21460 10615 2754 10614
21461 10615 10614 18057
21462 10614 2749 10564
21463 10614 10564 18057
21464 10616 2692 10604
21465 10616 10604 18058
21466 10604 2695 10449
21467 10604 10449 18058
21468 10449 2747 10617
21469 10449 10617 18058
21470 10617 2750 10616
21471 10617 10616 18058
21472 10455 2748 10457
21473 10455 10457 18059
21474 10457 2753 10618
21475 10457 10618 18059
21476 10618 2750 10617
21477 10618 10617 18059
21478 10617 2747 10455
21479 10617 10455 18059
21480 10613 2752 10619
21481 10613 10619 18060
21482 10619 2751 10620
21483 10619 10620 18060
21484 10620 2750 10618
21485 10620 10618 18060
21486 10618 2753 10613
21487 10618 10613 18060
21488 10621 2652 10343
21489 10621 10343 18061
21490 10343 2665 10460
21491 10343 10460 18061
21492 10460 2755 10622
21493 10460 10622 18061
21494 10622 2756 10621
21495 10622 10621 18061
21496 10623 2713 10624
21497 10623 10624 18062
21498 10624 2712 10625
21499 10624 10625 18062
21500 10625 2653 10328
21501 10625 10328 18062
21502 10328 2649 10623
21503 10328 10623 18062
21504 10623 2649 10325
21505 10623 10325 18063
21506 10325 2652 10621
21507 10325 10621 18063
21508 10621 2756 10626
21509 10621 10626 18063
21510 10626 2713 10623
21511 10626 10623 18063
21512 10627 2713 10626
21513 10627 10626 18064
21514 10626 2756 10628
21515 10626 10628 18064
21516 10628 2817 10629
21517 10628 10629 18064
21518 10629 2818 10627
21519 10629 10627 18064
21520 10609 2817 10628
21521 10609 10628 18065
21522 10628 2756 10622
21523 10628 10622 18065
21524 10622 2755 10601
21525 10622 10601 18065
21526 10601 2757 10609
21527 10601 10609 18065
21528 10630 2820 10631
21529 10630 10631 18066
21530 10631 2712 10624
21531 10631 10624 18066
21532 10624 2713 10627
21533 10624 10627 18066
21534 10627 2818 10630
21535 10627 10630 18066
21536 10632 2821 10633
21537 10632 10633 18067
21538 10633 3254 10634
21539 10633 10634 18067
21540 10634 3253 10635
21541 10634 10635 18067
21542 10635 2758 10632
21543 10635 10632 18067
21544 10636 2647 10637
21545 10636 10637 18068
21546 10637 3256 10638
21547 10637 10638 18068
21548 10638 3255 10639
21549 10638 10639 18068
21550 10639 2708 10636
21551 10639 10636 18068
21552 10640 2636 10641
21553 10640 10641 18069
21554 10641 2637 10642
21555 10641 10642 18069
21556 10642 3261 10643
21557 10642 10643 18069
21558 10643 3260 10640
21559 10643 10640 18069
21560 10644 2638 10645
21561 10644 10645 18070
21562 10645 2636 10640
21563 10645 10640 18070
21564 10640 3260 10646
21565 10640 10646 18070
21566 10646 3259 10644
21567 10646 10644 18070
21568 10647 3262 10648
21569 10647 10648 18071
21570 10648 3261 10642
21571 10648 10642 18071
21572 10642 2637 10649
21573 10642 10649 18071
21574 10649 2639 10647
21575 10649 10647 18071
21576 10650 2777 10651
21577 10650 10651 18072
21578 10651 2780 10597
21579 10651 10597 18072
21580 10597 3269 10652
21581 10597 10652 18072
21582 10652 3268 10650
21583 10652 10650 18072
21584 10653 2714 10654
21585 10653 10654 18073
21586 10654 2777 10650
21587 10654 10650 18073
21588 10650 3268 10655
21589 10650 10655 18073
21590 10655 3267 10653
21591 10655 10653 18073
21592 10656 2642 10657
21593 10656 10657 18074
21594 10657 2643 10658
21595 10657 10658 18074
21596 10658 3266 10659
21597 10658 10659 18074
21598 10659 3265 10656
21599 10659 10656 18074
21600 10660 2640 10661
21601 10660 10661 18075
21602 10661 2641 10662
21603 10661 10662 18075
21604 10662 3264 10663
21605 10662 10663 18075
21606 10663 3263 10660
21607 10663 10660 18075
21608 10664 2714 10653
21609 10664 10653 18076
21610 10653 3267 10665
21611 10653 10665 18076
21612 10665 3266 10658
21613 10665 10658 18076
21614 10658 2643 10664
21615 10658 10664 18076
21616 10666 2642 10656
21617 10666 10656 18077
21618 10656 3265 10667
21619 10656 10667 18077
21620 10667 3264 10662
21621 10667 10662 18077
21622 10662 2641 10666
21623 10662 10666 18077
21624 10660 3263 10668
21625 10660 10668 18078
21626 10668 3262 10647
21627 10668 10647 18078
21628 10647 2639 10669
21629 10647 10669 18078
21630 10669 2640 10660
21631 10669 10660 18078
21632 10670 2645 10671
21633 10670 10671 18079
21634 10671 2646 10672
21635 10671 10672 18079
21636 10672 3258 10673
21637 10672 10673 18079
21638 10673 3257 10670
21639 10673 10670 18079
21640 10674 2645 10670
21641 10674 10670 18080
21642 10670 3257 10675
21643 10670 10675 18080
21644 10675 3256 10637
21645 10675 10637 18080
21646 10637 2647 10674
21647 10637 10674 18080
21648 10676 2638 10644
21649 10676 10644 18081
21650 10644 3259 10677
21651 10644 10677 18081
21652 10677 3258 10672
21653 10677 10672 18081
21654 10672 2646 10676
21655 10672 10676 18081
21656 10678 2708 10639
21657 10678 10639 18082
21658 10639 3255 10679
21659 10639 10679 18082
21660 10679 3254 10633
21661 10679 10633 18082
21662 10633 2821 10678
21663 10633 10678 18082
21664 10680 2712 10631
21665 10680 10631 18083
21666 10631 2820 10681
21667 10631 10681 18083
21668 10681 2822 10682
21669 10681 10682 18083
21670 10682 2823 10680
21671 10682 10680 18083
21672 10683 2653 10625
21673 10683 10625 18084
21674 10625 2712 10680
21675 10625 10680 18084
21676 10680 2823 10684
21677 10680 10684 18084
21678 10684 2824 10683
21679 10684 10683 18084
21680 10685 2654 10326
21681 10685 10326 18085
21682 10326 2653 10683
21683 10326 10683 18085
21684 10683 2824 10686
21685 10683 10686 18085
21686 10686 2825 10685
21687 10686 10685 18085
21688 10687 2654 10685
21689 10687 10685 18086
21690 10685 2825 10688
21691 10685 10688 18086
21692 10688 2826 10689
21693 10688 10689 18086
21694 10689 2697 10687
21695 10689 10687 18086
21696 10690 2696 10691
21697 10690 10691 18087
21698 10691 2697 10689
21699 10691 10689 18087
21700 10689 2826 10692
21701 10689 10692 18087
21702 10692 2827 10690
21703 10692 10690 18087
21704 10693 2698 10694
21705 10693 10694 18088
21706 10694 2696 10690
21707 10694 10690 18088
21708 10690 2827 10695
21709 10690 10695 18088
21710 10695 2828 10693
21711 10695 10693 18088
21712 5516 6 10696
21713 5516 10696 18089
21714 10696 2698 10693
21715 10696 10693 18089
21716 10693 2828 10697
21717 10693 10697 18089
21718 10697 9 5516
21719 10697 5516 18089
21720 10698 2833 10699
21721 10698 10699 18090
21722 10699 2831 10700
21723 10699 10700 18090
21724 10700 2830 10701
21725 10700 10701 18090
21726 10701 2832 10698
21727 10701 10698 18090
21728 10702 2848 10703
21729 10702 10703 18091
21730 10703 3038 10704
21731 10703 10704 18091
21732 10704 3276 10705
21733 10704 10705 18091
21734 10705 3275 10702
21735 10705 10702 18091
21736 10706 2969 10707
21737 10706 10707 18092
21738 10707 2968 10708
21739 10707 10708 18092
21740 10708 2868 10709
21741 10708 10709 18092
21742 10709 2867 10706
21743 10709 10706 18092
21744 10710 2970 10711
21745 10710 10711 18093
21746 10711 2969 10706
21747 10711 10706 18093
21748 10706 2867 10712
21749 10706 10712 18093
21750 10712 2871 10710
21751 10712 10710 18093
21752 10713 2971 10714
21753 10713 10714 18094
21754 10714 2970 10710
21755 10714 10710 18094
21756 10710 2871 10715
21757 10710 10715 18094
21758 10715 2878 10713
21759 10715 10713 18094
21760 10713 2878 10716
21761 10713 10716 18095
21762 10716 2881 10717
21763 10716 10717 18095
21764 10717 2972 10718
21765 10717 10718 18095
21766 10718 2971 10713
21767 10718 10713 18095
21768 10719 2884 10720
21769 10719 10720 18096
21770 10720 3030 10721
21771 10720 10721 18096
21772 10721 3029 10722
21773 10721 10722 18096
21774 10722 2883 10719
21775 10722 10719 18096
21776 10723 3030 10720
21777 10723 10720 18097
21778 10720 2884 10724
21779 10720 10724 18097
21780 10724 2974 10725
21781 10724 10725 18097
21782 10725 3031 10723
21783 10725 10723 18097
21784 10726 2973 10727
21785 10726 10727 18098
21786 10727 2972 10717
21787 10727 10717 18098
21788 10717 2881 10728
21789 10717 10728 18098
21790 10728 2886 10726
21791 10728 10726 18098
21792 10729 2923 10730
21793 10729 10730 18099
21794 10730 2868 10708
21795 10730 10708 18099
21796 10708 2968 10731
21797 10708 10731 18099
21798 10731 2967 10729
21799 10731 10729 18099
21800 10732 2952 10733
21801 10732 10733 18100
21802 10733 3159 10734
21803 10733 10734 18100
21804 10734 3158 10735
21805 10734 10735 18100
21806 10735 2846 10732
21807 10735 10732 18100
21808 10736 2870 10737
21809 10736 10737 18101
21810 10737 2923 10729
21811 10737 10729 18101
21812 10729 2967 10738
21813 10729 10738 18101
21814 10738 2966 10736
21815 10738 10736 18101
21816 10739 2965 10740
21817 10739 10740 18102
21818 10740 2840 10741
21819 10740 10741 18102
21820 10741 2870 10736
21821 10741 10736 18102
21822 10736 2966 10739
21823 10736 10739 18102
21824 10742 2841 10743
21825 10742 10743 18103
21826 10743 2964 10744
21827 10743 10744 18103
21828 10744 2963 10745
21829 10744 10745 18103
21830 10745 2913 10742
21831 10745 10742 18103
21832 10746 2914 10747
21833 10746 10747 18104
21834 10747 3161 10748
21835 10747 10748 18104
21836 10748 3160 10749
21837 10748 10749 18104
21838 10749 2962 10746
21839 10749 10746 18104
21840 10750 2914 10746
21841 10750 10746 18105
21842 10746 2962 10751
21843 10746 10751 18105
21844 10751 2961 10752
21845 10751 10752 18105
21846 10752 2835 10750
21847 10752 10750 18105
21848 10753 2956 10754
21849 10753 10754 18106
21850 10754 2955 10755
21851 10754 10755 18106
21852 10755 2902 10756
21853 10755 10756 18106
21854 10756 2895 10753
21855 10756 10753 18106
21856 10757 2957 10758
21857 10757 10758 18107
21858 10758 2838 10759
21859 10758 10759 18107
21860 10759 2955 10754
21861 10759 10754 18107
21862 10754 2956 10757
21863 10754 10757 18107
21864 10760 2838 10758
21865 10760 10758 18108
21866 10758 2957 10761
21867 10758 10761 18108
21868 10761 2833 10698
21869 10761 10698 18108
21870 10698 2832 10760
21871 10698 10760 18108
21872 10762 2954 10763
21873 10762 10763 18109
21874 10763 2956 10753
21875 10763 10753 18109
21876 10753 2895 10764
21877 10753 10764 18109
21878 10764 2897 10762
21879 10764 10762 18109
21880 10765 2850 10766
21881 10765 10766 18110
21882 10766 2833 10761
21883 10766 10761 18110
21884 10761 2957 10767
21885 10761 10767 18110
21886 10767 2953 10765
21887 10767 10765 18110
21888 10757 2956 10763
21889 10757 10763 18111
21890 10763 2954 10768
21891 10763 10768 18111
21892 10768 2953 10767
21893 10768 10767 18111
21894 10767 2957 10757
21895 10767 10757 18111
21896 10769 3082 10770
21897 10769 10770 18112
21898 10770 3081 10771
21899 10770 10771 18112
21900 10771 2943 10772
21901 10771 10772 18112
21902 10772 2942 10769
21903 10772 10769 18112
21904 10773 2946 10774
21905 10773 10774 18113
21906 10774 2943 10771
21907 10774 10771 18113
21908 10771 3081 10775
21909 10771 10775 18113
21910 10775 3080 10773
21911 10775 10773 18113
21912 10773 3080 10776
21913 10773 10776 18114
21914 10776 3079 10777
21915 10776 10777 18114
21916 10777 2950 10778
21917 10777 10778 18114
21918 10778 2946 10773
21919 10778 10773 18114
21920 10779 2952 10732
21921 10779 10732 18115
21922 10732 2846 10780
21923 10732 10780 18115
21924 10780 2961 10751
21925 10780 10751 18115
21926 10751 2962 10779
21927 10751 10779 18115
21928 10779 2962 10749
21929 10779 10749 18116
21930 10749 3160 10781
21931 10749 10781 18116
21932 10781 3159 10733
21933 10781 10733 18116
21934 10733 2952 10779
21935 10733 10779 18116
21936 10782 2920 10783
21937 10782 10783 18117
21938 10783 2922 10784
21939 10783 10784 18117
21940 10784 2963 10744
21941 10784 10744 18117
21942 10744 2964 10782
21943 10744 10782 18117
21944 10785 2919 10786
21945 10785 10786 18118
21946 10786 2965 10739
21947 10786 10739 18118
21948 10739 2966 10787
21949 10739 10787 18118
21950 10787 2924 10785
21951 10787 10785 18118
21952 10787 2966 10738
21953 10787 10738 18119
21954 10738 2967 10788
21955 10738 10788 18119
21956 10788 2921 10789
21957 10788 10789 18119
21958 10789 2924 10787
21959 10789 10787 18119
21960 10788 2967 10731
21961 10788 10731 18120
21962 10731 2968 10790
21963 10731 10790 18120
21964 10790 2845 10791
21965 10790 10791 18120
21966 10791 2921 10788
21967 10791 10788 18120
21968 10792 2844 10793
21969 10792 10793 18121
21970 10793 2845 10790
21971 10793 10790 18121
21972 10790 2968 10707
21973 10790 10707 18121
21974 10707 2969 10792
21975 10707 10792 18121
21976 10794 2851 10795
21977 10794 10795 18122
21978 10795 2844 10792
21979 10795 10792 18122
21980 10792 2969 10711
21981 10792 10711 18122
21982 10711 2970 10794
21983 10711 10794 18122
21984 10796 2862 10797
21985 10796 10797 18123
21986 10797 2851 10794
21987 10797 10794 18123
21988 10794 2970 10714
21989 10794 10714 18123
21990 10714 2971 10796
21991 10714 10796 18123
21992 10796 2971 10718
21993 10796 10718 18124
21994 10718 2972 10798
21995 10718 10798 18124
21996 10798 2863 10799
21997 10798 10799 18124
21998 10799 2862 10796
21999 10799 10796 18124
22000 10800 2865 10801
22001 10800 10801 18125
22002 10801 2863 10798
22003 10801 10798 18125
22004 10798 2972 10727
22005 10798 10727 18125
22006 10727 2973 10800
22007 10727 10800 18125
22008 10802 3031 10725
22009 10802 10725 18126
22010 10725 2974 10803
22011 10725 10803 18126
22012 10803 2864 10804
22013 10803 10804 18126
22014 10804 3032 10802
22015 10804 10802 18126
22016 10805 2849 10806
22017 10805 10806 18127
22018 10806 2960 10807
22019 10806 10807 18127
22020 10807 2959 10808
22021 10807 10808 18127
22022 10808 2853 10805
22023 10808 10805 18127
22024 10809 3043 10810
22025 10809 10810 18128
22026 10810 2959 10807
22027 10810 10807 18128
22028 10807 2960 10811
22029 10807 10811 18128
22030 10811 3044 10809
22031 10811 10809 18128
22032 10812 2838 10760
22033 10812 10760 18129
22034 10760 2832 10813
22035 10760 10813 18129
22036 10813 2839 10814
22037 10813 10814 18129
22038 10814 2837 10812
22039 10814 10812 18129
22040 10815 2852 10816
22041 10815 10816 18130
22042 10816 2839 10813
22043 10816 10813 18130
22044 10813 2832 10701
22045 10813 10701 18130
22046 10701 2830 10815
22047 10701 10815 18130
22048 10817 2858 10818
22049 10817 10818 18131
22050 10818 2859 10819
22051 10818 10819 18131
22052 10819 2856 10820
22053 10819 10820 18131
22054 10820 2857 10817
22055 10820 10817 18131
22056 10821 2856 10819
22057 10821 10819 18132
22058 10819 2859 10822
22059 10819 10822 18132
22060 10822 2979 10823
22061 10822 10823 18132
22062 10823 2978 10821
22063 10823 10821 18132
22064 10824 2857 10820
22065 10824 10820 18133
22066 10820 2856 10825
22067 10820 10825 18133
22068 10825 3066 10826
22069 10825 10826 18133
22070 10826 3065 10824
22071 10826 10824 18133
22072 10827 3066 10825
22073 10827 10825 18134
22074 10825 2856 10821
22075 10825 10821 18134
22076 10821 2978 10828
22077 10821 10828 18134
22078 10828 3067 10827
22079 10828 10827 18134
22080 10755 2955 10829
22081 10755 10829 18135
22082 10829 2906 10830
22083 10829 10830 18135
22084 10830 2899 10831
22085 10830 10831 18135
22086 10831 2902 10755
22087 10831 10755 18135
22088 10812 2837 10832
22089 10812 10832 18136
22090 10832 2906 10829
22091 10832 10829 18136
22092 10829 2955 10759
22093 10829 10759 18136
22094 10759 2838 10812
22095 10759 10812 18136
22096 10822 2859 10833
22097 10822 10833 18137
22098 10833 2898 10834
22099 10833 10834 18137
22100 10834 2983 10835
22101 10834 10835 18137
22102 10835 2979 10822
22103 10835 10822 18137
22104 10815 2830 10836
22105 10815 10836 18138
22106 10836 3069 10837
22107 10836 10837 18138
22108 10837 3068 10838
22109 10837 10838 18138
22110 10838 2852 10815
22111 10838 10815 18138
22112 10839 2854 10840
22113 10839 10840 18139
22114 10840 3046 10841
22115 10840 10841 18139
22116 10841 3045 10842
22117 10841 10842 18139
22118 10842 2853 10839
22119 10842 10839 18139
22120 10839 2853 10808
22121 10839 10808 18140
22122 10808 2959 10843
22123 10808 10843 18140
22124 10843 2958 10844
22125 10843 10844 18140
22126 10844 2854 10839
22127 10844 10839 18140
22128 10845 3036 10846
22129 10845 10846 18141
22130 10846 2861 10847
22131 10846 10847 18141
22132 10847 2860 10848
22133 10847 10848 18141
22134 10848 3037 10845
22135 10848 10845 18141
22136 10849 2975 10850
22137 10849 10850 18142
22138 10850 3035 10851
22139 10850 10851 18142
22140 10851 3034 10852
22141 10851 10852 18142
22142 10852 2877 10849
22143 10852 10849 18142
22144 10843 2959 10810
22145 10843 10810 18143
22146 10810 3043 10853
22147 10810 10853 18143
22148 10853 3042 10854
22149 10853 10854 18143
22150 10854 2958 10843
22151 10854 10843 18143
22152 10855 2861 10846
22153 10855 10846 18144
22154 10846 3036 10856
22155 10846 10856 18144
22156 10856 3035 10850
22157 10856 10850 18144
22158 10850 2975 10855
22159 10850 10855 18144
22160 10857 2875 10858
22161 10857 10858 18145
22162 10858 3048 10859
22163 10858 10859 18145
22164 10859 3047 10860
22165 10859 10860 18145
22166 10860 2984 10857
22167 10860 10857 18145
22168 10861 2985 10862
22169 10861 10862 18146
22170 10862 3041 10863
22171 10862 10863 18146
22172 10863 3040 10864
22173 10863 10864 18146
22174 10864 2977 10861
22175 10864 10861 18146
22176 10861 2977 10865
22177 10861 10865 18147
22178 10865 2875 10857
22179 10865 10857 18147
22180 10857 2984 10866
22181 10857 10866 18147
22182 10866 2985 10861
22183 10866 10861 18147
22184 10867 2958 10854
22185 10867 10854 18148
22186 10854 3042 10868
22187 10854 10868 18148
22188 10868 3041 10862
22189 10868 10862 18148
22190 10862 2985 10867
22191 10862 10867 18148
22192 10869 2854 10844
22193 10869 10844 18149
22194 10844 2958 10867
22195 10844 10867 18149
22196 10867 2985 10866
22197 10867 10866 18149
22198 10866 2984 10869
22199 10866 10869 18149
22200 10870 3046 10840
22201 10870 10840 18150
22202 10840 2854 10869
22203 10840 10869 18150
22204 10869 2984 10860
22205 10869 10860 18150
22206 10860 3047 10870
22207 10860 10870 18150
22208 10871 2852 10838
22209 10871 10838 18151
22210 10838 3068 10872
22211 10838 10872 18151
22212 10872 3067 10828
22213 10872 10828 18151
22214 10828 2978 10871
22215 10828 10871 18151
22216 10873 2839 10816
22217 10873 10816 18152
22218 10816 2852 10871
22219 10816 10871 18152
22220 10871 2978 10823
22221 10871 10823 18152
22222 10823 2979 10873
22223 10823 10873 18152
22224 10874 2837 10814
22225 10874 10814 18153
22226 10814 2839 10873
22227 10814 10873 18153
22228 10873 2979 10835
22229 10873 10835 18153
22230 10835 2983 10874
22231 10835 10874 18153
22232 10875 2906 10832
22233 10875 10832 18154
22234 10832 2837 10874
22235 10832 10874 18154
22236 10874 2983 10876
22237 10874 10876 18154
22238 10876 2982 10875
22239 10876 10875 18154
22240 10877 3049 10878
22241 10877 10878 18155
22242 10878 3048 10858
22243 10878 10858 18155
22244 10858 2875 10879
22245 10858 10879 18155
22246 10879 2873 10877
22247 10879 10877 18155
22248 10880 3039 10881
22249 10880 10881 18156
22250 10881 2976 10882
22251 10881 10882 18156
22252 10882 2977 10864
22253 10882 10864 18156
22254 10864 3040 10880
22255 10864 10880 18156
22256 10883 2877 10852
22257 10883 10852 18157
22258 10852 3034 10884
22259 10852 10884 18157
22260 10884 3033 10885
22261 10884 10885 18157
22262 10885 2876 10883
22263 10885 10883 18157
22264 10886 2873 10879
22265 10886 10879 18158
22266 10879 2875 10865
22267 10879 10865 18158
22268 10865 2977 10882
22269 10865 10882 18158
22270 10882 2976 10886
22271 10882 10886 18158
22272 10887 2901 10888
22273 10887 10888 18159
22274 10888 2902 10831
22275 10888 10831 18159
22276 10831 2899 10889
22277 10831 10889 18159
22278 10889 2900 10887
22279 10889 10887 18159
22280 10890 2930 10891
22281 10890 10891 18160
22282 10891 2928 10892
22283 10891 10892 18160
22284 10892 2932 10893
22285 10892 10893 18160
22286 10893 2935 10890
22287 10893 10890 18160
22288 10894 2925 10895
22289 10894 10895 18161
22290 10895 2926 10896
22291 10895 10896 18161
22292 10896 2927 10897
22293 10896 10897 18161
22294 10897 2890 10894
22295 10897 10894 18161
22296 10898 2989 10899
22297 10898 10899 18162
22298 10899 3284 10900
22299 10899 10900 18162
22300 10900 3283 10901
22301 10900 10901 18162
22302 10901 2986 10898
22303 10901 10898 18162
22304 10892 2928 10902
22305 10892 10902 18163
22306 10902 2927 10896
22307 10902 10896 18163
22308 10896 2926 10903
22309 10896 10903 18163
22310 10903 2932 10892
22311 10903 10892 18163
22312 10904 2927 10902
22313 10904 10902 18164
22314 10902 2928 10905
22315 10902 10905 18164
22316 10905 2989 10898
22317 10905 10898 18164
22318 10898 2986 10904
22319 10898 10904 18164
22320 10905 2928 10891
22321 10905 10891 18165
22322 10891 2930 10906
22323 10891 10906 18165
22324 10906 2987 10907
22325 10906 10907 18165
22326 10907 2989 10905
22327 10907 10905 18165
22328 10908 3285 10909
22329 10908 10909 18166
22330 10909 3284 10899
22331 10909 10899 18166
22332 10899 2989 10907
22333 10899 10907 18166
22334 10907 2987 10908
22335 10907 10908 18166
22336 10910 2894 10911
22337 10910 10911 18167
22338 10911 2925 10894
22339 10911 10894 18167
22340 10894 2890 10912
22341 10894 10912 18167
22342 10912 2889 10910
22343 10912 10910 18167
22344 10750 2835 10913
22345 10750 10913 18168
22346 10913 2834 10914
22347 10913 10914 18168
22348 10914 2911 10915
22349 10914 10915 18168
22350 10915 2914 10750
22351 10915 10750 18168
22352 10916 3286 10917
22353 10916 10917 18169
22354 10917 3285 10908
22355 10917 10908 18169
22356 10908 2987 10918
22357 10908 10918 18169
22358 10918 2988 10916
22359 10918 10916 18169
22360 10919 2893 10920
22361 10919 10920 18170
22362 10920 2751 10619
22363 10920 10619 18170
22364 10619 2752 10921
22365 10619 10921 18170
22366 10921 2891 10919
22367 10921 10919 18170
22368 10922 2894 10910
22369 10922 10910 18171
22370 10910 2889 10923
22371 10910 10923 18171
22372 10923 2990 10924
22373 10923 10924 18171
22374 10924 2992 10922
22375 10924 10922 18171
22376 10830 2906 10875
22377 10830 10875 18172
22378 10875 2982 10925
22379 10875 10925 18172
22380 10925 2981 10926
22381 10925 10926 18172
22382 10926 2899 10830
22383 10926 10830 18172
22384 10927 2905 10928
22385 10927 10928 18173
22386 10928 2995 10929
22387 10928 10929 18173
22388 10929 2904 10930
22389 10929 10930 18173
22390 10930 2981 10927
22391 10930 10927 18173
22392 10931 2900 10889
22393 10931 10889 18174
22394 10889 2899 10926
22395 10889 10926 18174
22396 10926 2981 10930
22397 10926 10930 18174
22398 10930 2904 10931
22399 10930 10931 18174
22400 10932 2903 10933
22401 10932 10933 18175
22402 10933 2994 10934
22403 10933 10934 18175
22404 10934 2995 10928
22405 10934 10928 18175
22406 10928 2905 10932
22407 10928 10932 18175
22408 10895 2925 10935
22409 10895 10935 18176
22410 10935 2931 10936
22411 10935 10936 18176
22412 10936 2932 10903
22413 10936 10903 18176
22414 10903 2926 10895
22415 10903 10895 18176
22416 10937 2934 10938
22417 10937 10938 18177
22418 10938 2935 10893
22419 10938 10893 18177
22420 10893 2932 10936
22421 10893 10936 18177
22422 10936 2931 10937
22423 10936 10937 18177
22424 10939 2933 10940
22425 10939 10940 18178
22426 10940 2988 10918
22427 10940 10918 18178
22428 10918 2987 10906
22429 10918 10906 18178
22430 10906 2930 10939
22431 10906 10939 18178
22432 10890 2935 10938
22433 10890 10938 18179
22434 10938 2934 10941
22435 10938 10941 18179
22436 10941 2933 10939
22437 10941 10939 18179
22438 10939 2930 10890
22439 10939 10890 18179
22440 10942 2918 10943
22441 10942 10943 18180
22442 10943 2917 10944
22443 10943 10944 18180
22444 10944 2991 10945
22445 10944 10945 18180
22446 10945 3083 10942
22447 10945 10942 18180
22448 10911 2894 10946
22449 10911 10946 18181
22450 10946 2916 10947
22451 10946 10947 18181
22452 10947 2931 10935
22453 10947 10935 18181
22454 10935 2925 10911
22455 10935 10911 18181
22456 10947 2916 10948
22457 10947 10948 18182
22458 10948 2917 10949
22459 10948 10949 18182
22460 10949 2934 10937
22461 10949 10937 18182
22462 10937 2931 10947
22463 10937 10947 18182
22464 10950 2916 10946
22465 10950 10946 18183
22466 10946 2894 10922
22467 10946 10922 18183
22468 10922 2992 10951
22469 10922 10951 18183
22470 10951 2993 10950
22471 10951 10950 18183
22472 10944 2917 10948
22473 10944 10948 18184
22474 10948 2916 10950
22475 10948 10950 18184
22476 10950 2993 10952
22477 10950 10952 18184
22478 10952 2991 10944
22479 10952 10944 18184
22480 10949 2917 10943
22481 10949 10943 18185
22482 10943 2918 10953
22483 10943 10953 18185
22484 10953 2933 10941
22485 10953 10941 18185
22486 10941 2934 10949
22487 10941 10949 18185
22488 10954 2869 10955
22489 10954 10955 18186
22490 10955 2870 10741
22491 10955 10741 18186
22492 10741 2840 10956
22493 10741 10956 18186
22494 10956 2843 10954
22495 10956 10954 18186
22496 10957 2841 10742
22497 10957 10742 18187
22498 10742 2913 10958
22499 10742 10958 18187
22500 10958 2912 10959
22501 10958 10959 18187
22502 10959 2842 10957
22503 10959 10957 18187
22504 10960 2888 10961
22505 10960 10961 18188
22506 10961 3085 10962
22507 10961 10962 18188
22508 10962 3084 10963
22509 10962 10963 18188
22510 10963 2915 10960
22511 10963 10960 18188
22512 10960 2915 10964
22513 10960 10964 18189
22514 10964 2907 10965
22515 10964 10965 18189
22516 10965 2892 10966
22517 10965 10966 18189
22518 10966 2888 10960
22519 10966 10960 18189
22520 10919 2891 10967
22521 10919 10967 18190
22522 10967 2892 10965
22523 10967 10965 18190
22524 10965 2907 10968
22525 10965 10968 18190
22526 10968 2893 10919
22527 10968 10919 18190
22528 10747 2914 10915
22529 10747 10915 18191
22530 10915 2911 10969
22531 10915 10969 18191
22532 10969 3162 10970
22533 10969 10970 18191
22534 10970 3161 10747
22535 10970 10747 18191
22536 10971 3087 10972
22537 10971 10972 18192
22538 10972 3086 10973
22539 10972 10973 18192
22540 10973 2999 10974
22541 10973 10974 18192
22542 10974 2998 10971
22543 10974 10971 18192
22544 10777 3079 10975
22545 10777 10975 18193
22546 10975 3078 10976
22547 10975 10976 18193
22548 10976 2949 10977
22549 10976 10977 18193
22550 10977 2950 10777
22551 10977 10777 18193
22552 10978 2881 10716
22553 10978 10716 18194
22554 10716 2878 10979
22555 10716 10979 18194
22556 10979 2879 10980
22557 10979 10980 18194
22558 10980 2882 10978
22559 10980 10978 18194
22560 10981 2886 10728
22561 10981 10728 18195
22562 10728 2881 10978
22563 10728 10978 18195
22564 10978 2882 10982
22565 10978 10982 18195
22566 10982 2885 10981
22567 10982 10981 18195
22568 10983 3094 10984
22569 10983 10984 18196
22570 10984 3093 10985
22571 10984 10985 18196
22572 10985 3001 10986
22573 10985 10986 18196
22574 10986 2866 10983
22575 10986 10983 18196
22576 10987 2944 10988
22577 10987 10988 18197
22578 10988 2945 10989
22579 10988 10989 18197
22580 10989 2942 10772
22581 10989 10772 18197
22582 10772 2943 10987
22583 10772 10987 18197
22584 10990 2945 10991
22585 10990 10991 18198
22586 10991 2996 10992
22587 10991 10992 18198
22588 10992 2998 10993
22589 10992 10993 18198
22590 10993 2938 10990
22591 10993 10990 18198
22592 10994 2941 10995
22593 10994 10995 18199
22594 10995 2923 10737
22595 10995 10737 18199
22596 10737 2870 10955
22597 10737 10955 18199
22598 10955 2869 10994
22599 10955 10994 18199
22600 10996 3087 10971
22601 10996 10971 18200
22602 10971 2998 10992
22603 10971 10992 18200
22604 10992 2996 10997
22605 10992 10997 18200
22606 10997 3088 10996
22607 10997 10996 18200
22608 10985 3093 10998
22609 10985 10998 18201
22610 10998 3092 10999
22611 10998 10999 18201
22612 10999 3002 11000
22613 10999 11000 18201
22614 11000 3001 10985
22615 11000 10985 18201
22616 11001 2948 11002
22617 11001 11002 18202
22618 11002 2887 11003
22619 11002 11003 18202
22620 11003 3001 11000
22621 11003 11000 18202
22622 11000 3002 11001
22623 11000 11001 18202
22624 10979 2878 10715
22625 10979 10715 18203
22626 10715 2871 11004
22627 10715 11004 18203
22628 11004 2880 11005
22629 11004 11005 18203
22630 11005 2879 10979
22631 11005 10979 18203
22632 11006 2867 10709
22633 11006 10709 18204
22634 10709 2868 11007
22635 10709 11007 18204
22636 11007 2940 11008
22637 11007 11008 18204
22638 11008 2939 11006
22639 11008 11006 18204
22640 11007 2868 10730
22641 11007 10730 18205
22642 10730 2923 10995
22643 10730 10995 18205
22644 10995 2941 11009
22645 10995 11009 18205
22646 11009 2940 11007
22647 11009 11007 18205
22648 10991 2945 10988
22649 10991 10988 18206
22650 10988 2944 11010
22651 10988 11010 18206
22652 11010 2997 11011
22653 11010 11011 18206
22654 11011 2996 10991
22655 11011 10991 18206
22656 11012 3090 11013
22657 11012 11013 18207
22658 11013 3089 11014
22659 11013 11014 18207
22660 11014 2997 11015
22661 11014 11015 18207
22662 11015 3003 11012
22663 11015 11012 18207
22664 10987 2943 10774
22665 10987 10774 18208
22666 10774 2946 11016
22667 10774 11016 18208
22668 11016 2947 11017
22669 11016 11017 18208
22670 11017 2944 10987
22671 11017 10987 18208
22672 11014 3089 11018
22673 11014 11018 18209
22674 11018 3088 10997
22675 11018 10997 18209
22676 10997 2996 11011
22677 10997 11011 18209
22678 11011 2997 11014
22679 11011 11014 18209
22680 11004 2871 10712
22681 11004 10712 18210
22682 10712 2867 11006
22683 10712 11006 18210
22684 11006 2939 11019
22685 11006 11019 18210
22686 11019 2880 11004
22687 11019 11004 18210
22688 11020 2951 11021
22689 11020 11021 18211
22690 11021 2947 11016
22691 11021 11016 18211
22692 11016 2946 10778
22693 11016 10778 18211
22694 10778 2950 11020
22695 10778 11020 18211
22696 10999 3092 11022
22697 10999 11022 18212
22698 11022 3091 11023
22699 11022 11023 18212
22700 11023 3000 11024
22701 11023 11024 18212
22702 11024 3002 10999
22703 11024 10999 18212
22704 11025 2948 11026
22705 11025 11026 18213
22706 11026 2951 11020
22707 11026 11020 18213
22708 11020 2950 10977
22709 11020 10977 18213
22710 10977 2949 11025
22711 10977 11025 18213
22712 11027 2951 11026
22713 11027 11026 18214
22714 11026 2948 11001
22715 11026 11001 18214
22716 11001 3002 11024
22717 11001 11024 18214
22718 11024 3000 11027
22719 11024 11027 18214
22720 11027 3000 11028
22721 11027 11028 18215
22722 11028 3003 11029
22723 11028 11029 18215
22724 11029 2947 11021
22725 11029 11021 18215
22726 11021 2951 11027
22727 11021 11027 18215
22728 11010 2944 11017
22729 11010 11017 18216
22730 11017 2947 11029
22731 11017 11029 18216
22732 11029 3003 11015
22733 11029 11015 18216
22734 11015 2997 11010
22735 11015 11010 18216
22736 11012 3003 11028
22737 11012 11028 18217
22738 11028 3000 11023
22739 11028 11023 18217
22740 11023 3091 11030
22741 11023 11030 18217
22742 11030 3090 11012
22743 11030 11012 18217
22744 11031 2922 10783
22745 11031 10783 18218
22746 10783 2920 11032
22747 10783 11032 18218
22748 11032 3004 11033
22749 11032 11033 18218
22750 11033 2847 11031
22751 11033 11031 18218
22752 11034 2961 10780
22753 11034 10780 18219
22754 10780 2846 11035
22755 10780 11035 18219
22756 11035 3151 11036
22757 11035 11036 18219
22758 11036 3150 11034
22759 11036 11034 18219
22760 11035 2846 10735
22761 11035 10735 18220
22762 10735 3158 11037
22763 10735 11037 18220
22764 11037 3157 11038
22765 11037 11038 18220
22766 11038 3151 11035
22767 11038 11035 18220
22768 11039 3153 11040
22769 11039 11040 18221
22770 11040 3152 11041
22771 11040 11041 18221
22772 11041 2847 11033
22773 11041 11033 18221
22774 11033 3004 11039
22775 11033 11039 18221
22776 11042 3153 11039
22777 11042 11039 18222
22778 11039 3004 11032
22779 11039 11032 18222
22780 11032 2920 11043
22781 11032 11043 18222
22782 11043 3145 11042
22783 11043 11042 18222
22784 11044 2835 10752
22785 11044 10752 18223
22786 10752 2961 11034
22787 10752 11034 18223
22788 11034 3150 11045
22789 11034 11045 18223
22790 11045 3149 11044
22791 11045 11044 18223
22792 11046 3006 11047
22793 11046 11047 18224
22794 11047 3005 11048
22795 11047 11048 18224
22796 11048 3010 11049
22797 11048 11049 18224
22798 11049 3009 11046
22799 11049 11046 18224
22800 11048 3005 11050
22801 11048 11050 18225
22802 11050 3155 11051
22803 11050 11051 18225
22804 11051 3154 11052
22805 11051 11052 18225
22806 11052 3010 11048
22807 11052 11048 18225
22808 11053 3012 11054
22809 11053 11054 18226
22810 11054 3011 11055
22811 11054 11055 18226
22812 11055 3007 11056
22813 11055 11056 18226
22814 11056 3008 11053
22815 11056 11053 18226
22816 10785 2924 11057
22817 10785 11057 18227
22818 11057 3012 11053
22819 11057 11053 18227
22820 11053 3008 11058
22821 11053 11058 18227
22822 11058 2919 10785
22823 11058 10785 18227
22824 11059 3009 11049
22825 11059 11049 18228
22826 11049 3010 11060
22827 11049 11060 18228
22828 11060 2960 10806
22829 11060 10806 18228
22830 10806 2849 11059
22831 10806 11059 18228
22832 11061 2929 11062
22833 11061 11062 18229
22834 11062 3014 11063
22835 11062 11063 18229
22836 11063 3013 11064
22837 11063 11064 18229
22838 11064 2908 11061
22839 11064 11061 18229
22840 11065 3015 11066
22841 11065 11066 18230
22842 11066 3013 11063
22843 11066 11063 18230
22844 11063 3014 11067
22845 11063 11067 18230
22846 11067 3016 11065
22847 11067 11065 18230
22848 11065 3016 11068
22849 11065 11068 18231
22850 11068 3018 11069
22851 11068 11069 18231
22852 11069 3017 11070
22853 11069 11070 18231
22854 11070 3015 11065
22855 11070 11065 18231
22856 11069 3018 11071
22857 11069 11071 18232
22858 11071 3020 11072
22859 11071 11072 18232
22860 11072 3019 11073
22861 11072 11073 18232
22862 11073 3017 11069
22863 11073 11069 18232
22864 11074 3021 11075
22865 11074 11075 18233
22866 11075 3019 11072
22867 11075 11072 18233
22868 11072 3020 11076
22869 11072 11076 18233
22870 11076 3022 11074
22871 11076 11074 18233
22872 11077 2836 11078
22873 11077 11078 18234
22874 11078 3006 11046
22875 11078 11046 18234
22876 11046 3009 11079
22877 11046 11079 18234
22878 11079 3025 11077
22879 11079 11077 18234
22880 11080 3128 11081
22881 11080 11081 18235
22882 11081 3023 11082
22883 11081 11082 18235
22884 11082 3024 11083
22885 11082 11083 18235
22886 11083 3129 11080
22887 11083 11080 18235
22888 11077 3025 11084
22889 11077 11084 18236
22890 11084 3026 11085
22891 11084 11085 18236
22892 11085 3027 11086
22893 11085 11086 18236
22894 11086 2836 11077
22895 11086 11077 18236
22896 10983 2866 11087
22897 10983 11087 18237
22898 11087 3028 11088
22899 11087 11088 18237
22900 11088 3095 11089
22901 11088 11089 18237
22902 11089 3094 10983
22903 11089 10983 18237
22904 11090 2886 10981
22905 11090 10981 18238
22906 10981 2885 11091
22907 10981 11091 18238
22908 11091 3029 10721
22909 11091 10721 18238
22910 10721 3030 11090
22911 10721 11090 18238
22912 10726 2886 11090
22913 10726 11090 18239
22914 11090 3030 10723
22915 11090 10723 18239
22916 10723 3031 11092
22917 10723 11092 18239
22918 11092 2973 10726
22919 11092 10726 18239
22920 10800 2973 11092
22921 10800 11092 18240
22922 11092 3031 10802
22923 11092 10802 18240
22924 10802 3032 11093
22925 10802 11093 18240
22926 11093 2865 10800
22927 11093 10800 18240
22928 11094 2884 10719
22929 11094 10719 18241
22930 10719 2883 11095
22931 10719 11095 18241
22932 11095 3033 10884
22933 11095 10884 18241
22934 10884 3034 11094
22935 10884 11094 18241
22936 11096 2974 10724
22937 11096 10724 18242
22938 10724 2884 11094
22939 10724 11094 18242
22940 11094 3034 10851
22941 11094 10851 18242
22942 10851 3035 11096
22943 10851 11096 18242
22944 11097 2864 10803
22945 11097 10803 18243
22946 10803 2974 11096
22947 10803 11096 18243
22948 11096 3035 10856
22949 11096 10856 18243
22950 10856 3036 11097
22951 10856 11097 18243
22952 10883 2876 11098
22953 10883 11098 18244
22954 11098 3039 10880
22955 11098 10880 18244
22956 10880 3040 11099
22957 10880 11099 18244
22958 11099 2877 10883
22959 11099 10883 18244
22960 11100 2975 10849
22961 11100 10849 18245
22962 10849 2877 11099
22963 10849 11099 18245
22964 11099 3040 10863
22965 11099 10863 18245
22966 10863 3041 11100
22967 10863 11100 18245
22968 11101 2861 10855
22969 11101 10855 18246
22970 10855 2975 11100
22971 10855 11100 18246
22972 11100 3041 10868
22973 11100 10868 18246
22974 10868 3042 11101
22975 10868 11101 18246
22976 11102 2860 10847
22977 11102 10847 18247
22978 10847 2861 11101
22979 10847 11101 18247
22980 11101 3042 10853
22981 11101 10853 18247
22982 10853 3043 11102
22983 10853 11102 18247
22984 10841 3046 11103
22985 10841 11103 18248
22986 11103 2855 11104
22987 11103 11104 18248
22988 11104 2829 11105
22989 11104 11105 18248
22990 11105 3045 10841
22991 11105 10841 18248
22992 11106 2855 11103
22993 11106 11103 18249
22994 11103 3046 10870
22995 11103 10870 18249
22996 10870 3047 11107
22997 10870 11107 18249
22998 11107 2980 11106
22999 11107 11106 18249
23000 11108 2874 11109
23001 11108 11109 18250
23002 11109 2980 11107
23003 11109 11107 18250
23004 11107 3047 10859
23005 11107 10859 18250
23006 10859 3048 11108
23007 10859 11108 18250
23008 11110 2872 11111
23009 11110 11111 18251
23010 11111 2874 11108
23011 11111 11108 18251
23012 11108 3048 10878
23013 11108 10878 18251
23014 10878 3049 11110
23015 10878 11110 18251
23016 10799 2863 11112
23017 10799 11112 18252
23018 11112 3051 11113
23019 11112 11113 18252
23020 11113 3050 11114
23021 11113 11114 18252
23022 11114 2862 10799
23023 11114 10799 18252
23024 11115 3052 11116
23025 11115 11116 18253
23026 11116 3114 11117
23027 11116 11117 18253
23028 11117 3113 11118
23029 11117 11118 18253
23030 11118 3053 11115
23031 11118 11115 18253
23032 11119 3052 11115
23033 11119 11115 18254
23034 11115 3053 11120
23035 11115 11120 18254
23036 11120 3054 11121
23037 11120 11121 18254
23038 11121 3055 11119
23039 11121 11119 18254
23040 11121 3054 11122
23041 11121 11122 18255
23042 11122 3057 11123
23043 11122 11123 18255
23044 11123 3056 11124
23045 11123 11124 18255
23046 11124 3055 11121
23047 11124 11121 18255
23048 11123 3057 11125
23049 11123 11125 18256
23050 11125 3059 11126
23051 11125 11126 18256
23052 11126 3058 11127
23053 11126 11127 18256
23054 11127 3056 11123
23055 11127 11123 18256
23056 11126 3059 11128
23057 11126 11128 18257
23058 11128 2921 10791
23059 11128 10791 18257
23060 10791 2845 11129
23061 10791 11129 18257
23062 11129 3058 11126
23063 11129 11126 18257
23064 11130 3012 11057
23065 11130 11057 18258
23066 11057 2924 10789
23067 11057 10789 18258
23068 10789 2921 11128
23069 10789 11128 18258
23070 11128 3059 11130
23071 11128 11130 18258
23072 11131 3011 11054
23073 11131 11054 18259
23074 11054 3012 11130
23075 11054 11130 18259
23076 11130 3059 11125
23077 11130 11125 18259
23078 11125 3057 11131
23079 11125 11131 18259
23080 11025 2949 11132
23081 11025 11132 18260
23082 11132 3060 11133
23083 11132 11133 18260
23084 11133 2887 11002
23085 11133 11002 18260
23086 11002 2948 11025
23087 11002 11025 18260
23088 10976 3078 11134
23089 10976 11134 18261
23090 11134 3077 11135
23091 11134 11135 18261
23092 11135 3060 11132
23093 11135 11132 18261
23094 11132 2949 10976
23095 11132 10976 18261
23096 11136 3076 11137
23097 11136 11137 18262
23098 11137 2644 11138
23099 11137 11138 18262
23100 11138 3061 11139
23101 11138 11139 18262
23102 11139 3062 11136
23103 11139 11136 18262
23104 11135 3077 11140
23105 11135 11140 18263
23106 11140 3076 11136
23107 11140 11136 18263
23108 11136 3062 11141
23109 11136 11141 18263
23110 11141 3060 11135
23111 11141 11135 18263
23112 11133 3060 11141
23113 11133 11141 18264
23114 11141 3062 11142
23115 11141 11142 18264
23116 11142 3063 11143
23117 11142 11143 18264
23118 11143 2887 11133
23119 11143 11133 18264
23120 11142 3062 11139
23121 11142 11139 18265
23122 11139 3061 11144
23123 11139 11144 18265
23124 11144 3064 11145
23125 11144 11145 18265
23126 11145 3063 11142
23127 11145 11142 18265
23128 11146 2866 10986
23129 11146 10986 18266
23130 10986 3001 11003
23131 10986 11003 18266
23132 11003 2887 11143
23133 11003 11143 18266
23134 11143 3063 11146
23135 11143 11146 18266
23136 11145 3064 11147
23137 11145 11147 18267
23138 11147 3028 11087
23139 11147 11087 18267
23140 11087 2866 11146
23141 11087 11146 18267
23142 11146 3063 11145
23143 11146 11145 18267
23144 11148 3065 10826
23145 11148 10826 18268
23146 10826 3066 11149
23147 10826 11149 18268
23148 11149 2874 11111
23149 11149 11111 18268
23150 11111 2872 11148
23151 11111 11148 18268
23152 11109 2874 11149
23153 11109 11149 18269
23154 11149 3066 10827
23155 11149 10827 18269
23156 10827 3067 11150
23157 10827 11150 18269
23158 11150 2980 11109
23159 11150 11109 18269
23160 11151 2855 11106
23161 11151 11106 18270
23162 11106 2980 11150
23163 11106 11150 18270
23164 11150 3067 10872
23165 11150 10872 18270
23166 10872 3068 11151
23167 10872 11151 18270
23168 11152 2829 11104
23169 11152 11104 18271
23170 11104 2855 11151
23171 11104 11151 18271
23172 11151 3068 10837
23173 11151 10837 18271
23174 10837 3069 11152
23175 10837 11152 18271
23176 11153 3071 11154
23177 11153 11154 18272
23178 11154 3070 11155
23179 11154 11155 18272
23180 11155 2901 10887
23181 11155 10887 18272
23182 10887 2900 11153
23183 10887 11153 18272
23184 11156 3072 11157
23185 11156 11157 18273
23186 11157 3071 11153
23187 11157 11153 18273
23188 11153 2900 10931
23189 11153 10931 18273
23190 10931 2904 11156
23191 10931 11156 18273
23192 11158 3073 11159
23193 11158 11159 18274
23194 11159 2905 10927
23195 11159 10927 18274
23196 10927 2981 10925
23197 10927 10925 18274
23198 10925 2982 11158
23199 10925 11158 18274
23200 11160 3074 11161
23201 11160 11161 18275
23202 11161 2903 10932
23203 11161 10932 18275
23204 10932 2905 11159
23205 10932 11159 18275
23206 11159 3073 11160
23207 11159 11160 18275
23208 10834 2898 11162
23209 10834 11162 18276
23210 11162 3073 11158
23211 11162 11158 18276
23212 11158 2982 10876
23213 11158 10876 18276
23214 10876 2983 10834
23215 10876 10834 18276
23216 11163 3075 11164
23217 11163 11164 18277
23218 11164 3074 11160
23219 11164 11160 18277
23220 11160 3073 11162
23221 11160 11162 18277
23222 11162 2898 11163
23223 11162 11163 18277
23224 11163 2898 10833
23225 11163 10833 18278
23226 10833 2859 10818
23227 10833 10818 18278
23228 10818 2858 11165
23229 10818 11165 18278
23230 11165 3075 11163
23231 11165 11163 18278
23232 11166 2714 10664
23233 11166 10664 18279
23234 10664 2643 11167
23235 10664 11167 18279
23236 11167 2644 11137
23237 11167 11137 18279
23238 11137 3076 11166
23239 11137 11166 18279
23240 11168 2777 10654
23241 11168 10654 18280
23242 10654 2714 11166
23243 10654 11166 18280
23244 11166 3076 11140
23245 11166 11140 18280
23246 11140 3077 11168
23247 11140 11168 18280
23248 11169 2780 10651
23249 11169 10651 18281
23250 10651 2777 11168
23251 10651 11168 18281
23252 11168 3077 11134
23253 11168 11134 18281
23254 11134 3078 11169
23255 11134 11169 18281
23256 11170 2781 10598
23257 11170 10598 18282
23258 10598 2780 11169
23259 10598 11169 18282
23260 11169 3078 10975
23261 11169 10975 18282
23262 10975 3079 11170
23263 10975 11170 18282
23264 11171 2779 10595
23265 11171 10595 18283
23266 10595 2781 11170
23267 10595 11170 18283
23268 11170 3079 10776
23269 11170 10776 18283
23270 10776 3080 11171
23271 10776 11171 18283
23272 11171 3080 10775
23273 11171 10775 18284
23274 10775 3081 11172
23275 10775 11172 18284
23276 11172 2776 10592
23277 11172 10592 18284
23278 10592 2779 11171
23279 10592 11171 18284
23280 11173 2772 10588
23281 11173 10588 18285
23282 10588 2776 11172
23283 10588 11172 18285
23284 11172 3081 10770
23285 11172 10770 18285
23286 10770 3082 11173
23287 10770 11173 18285
23288 10586 3273 10589
23289 10586 10589 18286
23290 10589 2772 11174
23291 10589 11174 18286
23292 11174 3274 11175
23293 11174 11175 18286
23294 11175 2771 10586
23295 11175 10586 18286
23296 11176 2842 10959
23297 11176 10959 18287
23298 10959 2912 11177
23299 10959 11177 18287
23300 11177 3084 10962
23301 11177 10962 18287
23302 10962 3085 11176
23303 10962 11176 18287
23304 11178 2869 10954
23305 11178 10954 18288
23306 10954 2843 11179
23307 10954 11179 18288
23308 11179 3086 10972
23309 11179 10972 18288
23310 10972 3087 11178
23311 10972 11178 18288
23312 10994 2869 11178
23313 10994 11178 18289
23314 11178 3087 10996
23315 11178 10996 18289
23316 10996 3088 11180
23317 10996 11180 18289
23318 11180 2941 10994
23319 11180 10994 18289
23320 11181 2940 11009
23321 11181 11009 18290
23322 11009 2941 11180
23323 11009 11180 18290
23324 11180 3088 11018
23325 11180 11018 18290
23326 11018 3089 11181
23327 11018 11181 18290
23328 11182 2939 11008
23329 11182 11008 18291
23330 11008 2940 11181
23331 11008 11181 18291
23332 11181 3089 11013
23333 11181 11013 18291
23334 11013 3090 11182
23335 11013 11182 18291
23336 11182 3090 11030
23337 11182 11030 18292
23338 11030 3091 11183
23339 11030 11183 18292
23340 11183 2880 11019
23341 11183 11019 18292
23342 11019 2939 11182
23343 11019 11182 18292
23344 11184 2879 11005
23345 11184 11005 18293
23346 11005 2880 11183
23347 11005 11183 18293
23348 11183 3091 11022
23349 11183 11022 18293
23350 11022 3092 11184
23351 11022 11184 18293
23352 11185 2882 10980
23353 11185 10980 18294
23354 10980 2879 11184
23355 10980 11184 18294
23356 11184 3092 10998
23357 11184 10998 18294
23358 10998 3093 11185
23359 10998 11185 18294
23360 11186 2885 10982
23361 11186 10982 18295
23362 10982 2882 11185
23363 10982 11185 18295
23364 11185 3093 10984
23365 11185 10984 18295
23366 10984 3094 11186
23367 10984 11186 18295
23368 11186 3094 11089
23369 11186 11089 18296
23370 11089 3095 11187
23371 11089 11187 18296
23372 11187 3029 11091
23373 11187 11091 18296
23374 11091 2885 11186
23375 11091 11186 18296
23376 11187 3095 11188
23377 11187 11188 18297
23378 11188 3096 11189
23379 11188 11189 18297
23380 11189 2883 10722
23381 11189 10722 18297
23382 10722 3029 11187
23383 10722 11187 18297
23384 11190 3033 11095
23385 11190 11095 18298
23386 11095 2883 11189
23387 11095 11189 18298
23388 11189 3096 11191
23389 11189 11191 18298
23390 11191 3097 11190
23391 11191 11190 18298
23392 11192 2876 10885
23393 11192 10885 18299
23394 10885 3033 11190
23395 10885 11190 18299
23396 11190 3097 11193
23397 11190 11193 18299
23398 11193 3098 11192
23399 11193 11192 18299
23400 11098 2876 11192
23401 11098 11192 18300
23402 11192 3098 11194
23403 11192 11194 18300
23404 11194 3099 11195
23405 11194 11195 18300
23406 11195 3039 11098
23407 11195 11098 18300
23408 11196 2976 10881
23409 11196 10881 18301
23410 10881 3039 11195
23411 10881 11195 18301
23412 11195 3099 11197
23413 11195 11197 18301
23414 11197 3100 11196
23415 11197 11196 18301
23416 11198 2873 10886
23417 11198 10886 18302
23418 10886 2976 11196
23419 10886 11196 18302
23420 11196 3100 11199
23421 11196 11199 18302
23422 11199 3101 11198
23423 11199 11198 18302
23424 10877 2873 11198
23425 10877 11198 18303
23426 11198 3101 11200
23427 11198 11200 18303
23428 11200 3102 11201
23429 11200 11201 18303
23430 11201 3049 10877
23431 11201 10877 18303
23432 11110 3049 11201
23433 11110 11201 18304
23434 11201 3102 11202
23435 11201 11202 18304
23436 11202 3103 11203
23437 11202 11203 18304
23438 11203 2872 11110
23439 11203 11110 18304
23440 11204 3065 11148
23441 11204 11148 18305
23442 11148 2872 11203
23443 11148 11203 18305
23444 11203 3103 11205
23445 11203 11205 18305
23446 11205 3104 11204
23447 11205 11204 18305
23448 11206 2857 10824
23449 11206 10824 18306
23450 10824 3065 11204
23451 10824 11204 18306
23452 11204 3104 11207
23453 11204 11207 18306
23454 11207 3105 11206
23455 11207 11206 18306
23456 11208 2858 10817
23457 11208 10817 18307
23458 10817 2857 11206
23459 10817 11206 18307
23460 11206 3105 11209
23461 11206 11209 18307
23462 11209 3106 11208
23463 11209 11208 18307
23464 11210 3075 11165
23465 11210 11165 18308
23466 11165 2858 11208
23467 11165 11208 18308
23468 11208 3106 11211
23469 11208 11211 18308
23470 11211 3107 11210
23471 11211 11210 18308
23472 11164 3075 11210
23473 11164 11210 18309
23474 11210 3107 11212
23475 11210 11212 18309
23476 11212 3108 11213
23477 11212 11213 18309
23478 11213 3074 11164
23479 11213 11164 18309
23480 11214 2903 11161
23481 11214 11161 18310
23482 11161 3074 11213
23483 11161 11213 18310
23484 11213 3108 11215
23485 11213 11215 18310
23486 11215 3109 11214
23487 11215 11214 18310
23488 11214 3109 11216
23489 11214 11216 18311
23490 11216 3110 11217
23491 11216 11217 18311
23492 11217 2994 10933
23493 11217 10933 18311
23494 10933 2903 11214
23495 10933 11214 18311
23496 11218 2844 10795
23497 11218 10795 18312
23498 10795 2851 11219
23499 10795 11219 18312
23500 11219 3111 11220
23501 11219 11220 18312
23502 11220 3112 11218
23503 11220 11218 18312
23504 11221 3058 11129
23505 11221 11129 18313
23506 11129 2845 10793
23507 11129 10793 18313
23508 10793 2844 11218
23509 10793 11218 18313
23510 11218 3112 11221
23511 11218 11221 18313
23512 11219 2851 10797
23513 11219 10797 18314
23514 10797 2862 11114
23515 10797 11114 18314
23516 11114 3050 11222
23517 11114 11222 18314
23518 11222 3111 11219
23519 11222 11219 18314
23520 11117 3114 11223
23521 11117 11223 18315
23522 11223 3050 11113
23523 11223 11113 18315
23524 11113 3051 11224
23525 11113 11224 18315
23526 11224 3113 11117
23527 11224 11117 18315
23528 11221 3112 11225
23529 11221 11225 18316
23530 11225 3055 11124
23531 11225 11124 18316
23532 11124 3056 11127
23533 11124 11127 18316
23534 11127 3058 11221
23535 11127 11221 18316
23536 11119 3055 11225
23537 11119 11225 18317
23538 11225 3112 11220
23539 11225 11220 18317
23540 11220 3111 11226
23541 11220 11226 18317
23542 11226 3052 11119
23543 11226 11119 18317
23544 11226 3111 11222
23545 11226 11222 18318
23546 11222 3050 11223
23547 11222 11223 18318
23548 11223 3114 11116
23549 11223 11116 18318
23550 11116 3052 11226
23551 11116 11226 18318
23552 11227 2994 11217
23553 11227 11217 18319
23554 11217 3110 11228
23555 11217 11228 18319
23556 11228 3115 11229
23557 11228 11229 18319
23558 11229 3117 11227
23559 11229 11227 18319
23560 11230 2995 10934
23561 11230 10934 18320
23562 10934 2994 11227
23563 10934 11227 18320
23564 11227 3117 11231
23565 11227 11231 18320
23566 11231 3118 11230
23567 11231 11230 18320
23568 11232 3072 11156
23569 11232 11156 18321
23570 11156 2904 10929
23571 11156 10929 18321
23572 10929 2995 11230
23573 10929 11230 18321
23574 11230 3118 11232
23575 11230 11232 18321
23576 11233 3122 11234
23577 11233 11234 18322
23578 11234 3121 11235
23579 11234 11235 18322
23580 11235 3070 11154
23581 11235 11154 18322
23582 11154 3071 11233
23583 11154 11233 18322
23584 11236 3248 11237
23585 11236 11237 18323
23586 11237 3247 11238
23587 11237 11238 18323
23588 11238 3121 11234
23589 11238 11234 18323
23590 11234 3122 11236
23591 11234 11236 18323
23592 11239 3123 11240
23593 11239 11240 18324
23594 11240 3122 11233
23595 11240 11233 18324
23596 11233 3071 11157
23597 11233 11157 18324
23598 11157 3072 11239
23599 11157 11239 18324
23600 11241 3249 11242
23601 11241 11242 18325
23602 11242 3248 11236
23603 11242 11236 18325
23604 11236 3122 11240
23605 11236 11240 18325
23606 11240 3123 11241
23607 11240 11241 18325
23608 11243 3251 11244
23609 11243 11244 18326
23610 11244 3250 11245
23611 11244 11245 18326
23612 11245 3126 11246
23613 11245 11246 18326
23614 11246 3124 11243
23615 11246 11243 18326
23616 11247 3125 11248
23617 11247 11248 18327
23618 11248 2758 10635
23619 11248 10635 18327
23620 10635 3253 11249
23621 10635 11249 18327
23622 11249 3252 11247
23623 11249 11247 18327
23624 11250 2648 11251
23625 11250 11251 18328
23626 11251 2647 10636
23627 11251 10636 18328
23628 10636 2708 11252
23629 10636 11252 18328
23630 11252 3120 11250
23631 11252 11250 18328
23632 10678 2821 11253
23633 10678 11253 18329
23634 11253 3119 11254
23635 11253 11254 18329
23636 11254 3120 11252
23637 11254 11252 18329
23638 11252 2708 10678
23639 11252 10678 18329
23640 11255 3116 11256
23641 11255 11256 18330
23642 11256 3119 11253
23643 11256 11253 18330
23644 11253 2821 10632
23645 11253 10632 18330
23646 10632 2758 11255
23647 10632 11255 18330
23648 11243 3124 11257
23649 11243 11257 18331
23650 11257 3125 11247
23651 11257 11247 18331
23652 11247 3252 11258
23653 11247 11258 18331
23654 11258 3251 11243
23655 11258 11243 18331
23656 11259 3115 11260
23657 11259 11260 18332
23658 11260 3116 11255
23659 11260 11255 18332
23660 11255 2758 11248
23661 11255 11248 18332
23662 11248 3125 11259
23663 11248 11259 18332
23664 11245 3250 11261
23665 11245 11261 18333
23666 11261 3249 11241
23667 11261 11241 18333
23668 11241 3123 11262
23669 11241 11262 18333
23670 11262 3126 11245
23671 11262 11245 18333
23672 11239 3072 11232
23673 11239 11232 18334
23674 11232 3118 11263
23675 11232 11263 18334
23676 11263 3126 11262
23677 11263 11262 18334
23678 11262 3123 11239
23679 11262 11239 18334
23680 11231 3117 11264
23681 11231 11264 18335
23682 11264 3124 11246
23683 11264 11246 18335
23684 11246 3126 11263
23685 11246 11263 18335
23686 11263 3118 11231
23687 11263 11231 18335
23688 11259 3125 11257
23689 11259 11257 18336
23690 11257 3124 11264
23691 11257 11264 18336
23692 11264 3117 11229
23693 11264 11229 18336
23694 11229 3115 11259
23695 11229 11259 18336
23696 11265 3127 11266
23697 11265 11266 18337
23698 11266 2849 10805
23699 11266 10805 18337
23700 10805 2853 10842
23701 10805 10842 18337
23702 10842 3045 11265
23703 10842 11265 18337
23704 11267 3025 11079
23705 11267 11079 18338
23706 11079 3009 11059
23707 11079 11059 18338
23708 11059 2849 11266
23709 11059 11266 18338
23710 11266 3127 11267
23711 11266 11267 18338
23712 11085 3026 11268
23713 11085 11268 18339
23714 11268 3128 11080
23715 11268 11080 18339
23716 11080 3129 11269
23717 11080 11269 18339
23718 11269 3027 11085
23719 11269 11085 18339
23720 11270 3026 11084
23721 11270 11084 18340
23722 11084 3025 11267
23723 11084 11267 18340
23724 11267 3127 11271
23725 11267 11271 18340
23726 11271 3130 11270
23727 11271 11270 18340
23728 11265 3045 11105
23729 11265 11105 18341
23730 11105 2829 11272
23731 11105 11272 18341
23732 11272 3130 11271
23733 11272 11271 18341
23734 11271 3127 11265
23735 11271 11265 18341
23736 11270 3130 11273
23737 11270 11273 18342
23738 11273 3131 11274
23739 11273 11274 18342
23740 11274 3128 11268
23741 11274 11268 18342
23742 11268 3026 11270
23743 11268 11270 18342
23744 11275 3131 11273
23745 11275 11273 18343
23746 11273 3130 11272
23747 11273 11272 18343
23748 11272 2829 11152
23749 11272 11152 18343
23750 11152 3069 11275
23751 11152 11275 18343
23752 11275 3069 10836
23753 11275 10836 18344
23754 10836 2830 10700
23755 10836 10700 18344
23756 10700 2831 11276
23757 10700 11276 18344
23758 11276 3131 11275
23759 11276 11275 18344
23760 11277 3023 11081
23761 11277 11081 18345
23762 11081 3128 11274
23763 11081 11274 18345
23764 11274 3131 11276
23765 11274 11276 18345
23766 11276 2831 11277
23767 11276 11277 18345
23768 11277 2831 10699
23769 11277 10699 18346
23770 10699 2833 10766
23771 10699 10766 18346
23772 10766 2850 11278
23773 10766 11278 18346
23774 11278 3023 11277
23775 11278 11277 18346
23776 11279 2909 11280
23777 11279 11280 18347
23778 11280 2910 11281
23779 11280 11281 18347
23780 11281 3132 11282
23781 11281 11282 18347
23782 11282 3133 11279
23783 11282 11279 18347
23784 11283 3146 11284
23785 11283 11284 18348
23786 11284 2834 11285
23787 11284 11285 18348
23788 11285 3134 11286
23789 11285 11286 18348
23790 11286 3147 11283
23791 11286 11283 18348
23792 11285 2834 10913
23793 11285 10913 18349
23794 10913 2835 11287
23795 10913 11287 18349
23796 11287 3135 11288
23797 11287 11288 18349
23798 11288 3134 11285
23799 11288 11285 18349
23800 11289 3148 11290
23801 11289 11290 18350
23802 11290 3135 11287
23803 11290 11287 18350
23804 11287 2835 11044
23805 11287 11044 18350
23806 11044 3149 11289
23807 11044 11289 18350
23808 11291 3137 11292
23809 11291 11292 18351
23810 11292 3136 11293
23811 11292 11293 18351
23812 11293 3022 11076
23813 11293 11076 18351
23814 11076 3020 11291
23815 11076 11291 18351
23816 11294 3129 11083
23817 11294 11083 18352
23818 11083 3024 11295
23819 11083 11295 18352
23820 11295 3138 11296
23821 11295 11296 18352
23822 11296 3139 11294
23823 11296 11294 18352
23824 11086 3027 11297
23825 11086 11297 18353
23826 11297 3140 11298
23827 11297 11298 18353
23828 11298 3141 11299
23829 11298 11299 18353
23830 11299 2836 11086
23831 11299 11086 18353
23832 11299 3141 11300
23833 11299 11300 18354
23834 11300 3142 11301
23835 11300 11301 18354
23836 11301 3006 11078
23837 11301 11078 18354
23838 11078 2836 11299
23839 11078 11299 18354
23840 11301 3142 11302
23841 11301 11302 18355
23842 11302 3143 11303
23843 11302 11303 18355
23844 11303 3005 11047
23845 11303 11047 18355
23846 11047 3006 11301
23847 11047 11301 18355
23848 11303 3143 11304
23849 11303 11304 18356
23850 11304 3156 11305
23851 11304 11305 18356
23852 11305 3155 11050
23853 11305 11050 18356
23854 11050 3005 11303
23855 11050 11303 18356
23856 11306 3008 11056
23857 11306 11056 18357
23858 11056 3007 11307
23859 11056 11307 18357
23860 11307 3144 11308
23861 11307 11308 18357
23862 11308 3145 11306
23863 11308 11306 18357
23864 11306 3145 11043
23865 11306 11043 18358
23866 11043 2920 11309
23867 11043 11309 18358
23868 11309 2919 11058
23869 11309 11058 18358
23870 11058 3008 11306
23871 11058 11306 18358
23872 11309 2920 10782
23873 11309 10782 18359
23874 10782 2964 11310
23875 10782 11310 18359
23876 11310 2965 10786
23877 11310 10786 18359
23878 10786 2919 11309
23879 10786 11309 18359
23880 11310 2964 10743
23881 11310 10743 18360
23882 10743 2841 11311
23883 10743 11311 18360
23884 11311 2840 10740
23885 11311 10740 18360
23886 10740 2965 11310
23887 10740 11310 18360
23888 11311 2841 10957
23889 11311 10957 18361
23890 10957 2842 11312
23891 10957 11312 18361
23892 11312 2843 10956
23893 11312 10956 18361
23894 10956 2840 11311
23895 10956 11311 18361
23896 11179 2843 11312
23897 11179 11312 18362
23898 11312 2842 11176
23899 11312 11176 18362
23900 11176 3085 11313
23901 11176 11313 18362
23902 11313 3086 11179
23903 11313 11179 18362
23904 11314 2999 10973
23905 11314 10973 18363
23906 10973 3086 11313
23907 10973 11313 18363
23908 11313 3085 10961
23909 11313 10961 18363
23910 10961 2888 11314
23911 10961 11314 18363
23912 11315 2936 11316
23913 11315 11316 18364
23914 11316 2999 11314
23915 11316 11314 18364
23916 11314 2888 10966
23917 11314 10966 18364
23918 10966 2892 11315
23919 10966 11315 18364
23920 11317 2937 11318
23921 11317 11318 18365
23922 11318 2936 11315
23923 11318 11315 18365
23924 11315 2892 10967
23925 11315 10967 18365
23926 10967 2891 11317
23927 10967 11317 18365
23928 11317 2891 10921
23929 11317 10921 18366
23930 10921 2752 10612
23931 10921 10612 18366
23932 10612 2754 11319
23933 10612 11319 18366
23934 11319 2937 11317
23935 11319 11317 18366
23936 11281 2910 11320
23937 11281 11320 18367
23938 11320 3146 11283
23939 11320 11283 18367
23940 11283 3147 11321
23941 11283 11321 18367
23942 11321 3132 11281
23943 11321 11281 18367
23944 11322 3136 11292
23945 11322 11292 18368
23946 11292 3137 11323
23947 11292 11323 18368
23948 11323 3147 11286
23949 11323 11286 18368
23950 11286 3134 11322
23951 11286 11322 18368
23952 11297 3027 11269
23953 11297 11269 18369
23954 11269 3129 11294
23955 11269 11294 18369
23956 11294 3139 11324
23957 11294 11324 18369
23958 11324 3140 11297
23959 11324 11297 18369
23960 11298 3140 11325
23961 11298 11325 18370
23962 11325 3148 11289
23963 11325 11289 18370
23964 11289 3149 11326
23965 11289 11326 18370
23966 11326 3141 11298
23967 11326 11298 18370
23968 11326 3149 11045
23969 11326 11045 18371
23970 11045 3150 11327
23971 11045 11327 18371
23972 11327 3142 11300
23973 11327 11300 18371
23974 11300 3141 11326
23975 11300 11326 18371
23976 11327 3150 11036
23977 11327 11036 18372
23978 11036 3151 11328
23979 11036 11328 18372
23980 11328 3143 11302
23981 11328 11302 18372
23982 11302 3142 11327
23983 11302 11327 18372
23984 11328 3151 11038
23985 11328 11038 18373
23986 11038 3157 11329
23987 11038 11329 18373
23988 11329 3156 11304
23989 11329 11304 18373
23990 11304 3143 11328
23991 11304 11328 18373
23992 11042 3145 11308
23993 11042 11308 18374
23994 11308 3144 11330
23995 11308 11330 18374
23996 11330 3152 11040
23997 11330 11040 18374
23998 11040 3153 11042
23999 11040 11042 18374
24000 11296 3138 11331
24001 11296 11331 18375
24002 11331 3148 11325
24003 11331 11325 18375
24004 11325 3140 11324
24005 11325 11324 18375
24006 11324 3139 11296
24007 11324 11296 18375
24008 11295 3024 11332
24009 11295 11332 18376
24010 11332 3022 11293
24011 11332 11293 18376
24012 11293 3136 11333
24013 11293 11333 18376
24014 11333 3138 11295
24015 11333 11295 18376
24016 11074 3022 11332
24017 11074 11332 18377
24018 11332 3024 11082
24019 11332 11082 18377
24020 11082 3023 11334
24021 11082 11334 18377
24022 11334 3021 11074
24023 11334 11074 18377
24024 11334 3023 11278
24025 11334 11278 18378
24026 11278 2850 11335
24027 11278 11335 18378
24028 11335 3019 11075
24029 11335 11075 18378
24030 11075 3021 11334
24031 11075 11334 18378
24032 11336 3017 11073
24033 11336 11073 18379
24034 11073 3019 11335
24035 11073 11335 18379
24036 11335 2850 10765
24037 11335 10765 18379
24038 10765 2953 11336
24039 10765 11336 18379
24040 11337 3015 11070
24041 11337 11070 18380
24042 11070 3017 11336
24043 11070 11336 18380
24044 11336 2953 10768
24045 11336 10768 18380
24046 10768 2954 11337
24047 10768 11337 18380
24048 11066 3015 11337
24049 11066 11337 18381
24050 11337 2954 10762
24051 11337 10762 18381
24052 10762 2897 11338
24053 10762 11338 18381
24054 11338 3013 11066
24055 11338 11066 18381
24056 11339 2908 11064
24057 11339 11064 18382
24058 11064 3013 11338
24059 11064 11338 18382
24060 11338 2897 11340
24061 11338 11340 18382
24062 11340 2896 11339
24063 11340 11339 18382
24064 11341 3282 11342
24065 11341 11342 18383
24066 11342 2819 11343
24067 11342 11343 18383
24068 11343 2986 10901
24069 11343 10901 18383
24070 10901 3283 11341
24071 10901 11341 18383
24072 11344 2927 10904
24073 11344 10904 18384
24074 10904 2986 11343
24075 10904 11343 18384
24076 11343 2819 10610
24077 11343 10610 18384
24078 10610 2693 11344
24079 10610 11344 18384
24080 10897 2927 11344
24081 10897 11344 18385
24082 11344 2693 10605
24083 11344 10605 18385
24084 10605 2692 11345
24085 10605 11345 18385
24086 11345 2890 10897
24087 11345 10897 18385
24088 11346 2889 10912
24089 11346 10912 18386
24090 10912 2890 11345
24091 10912 11345 18386
24092 11345 2692 10616
24093 11345 10616 18386
24094 10616 2750 11346
24095 10616 11346 18386
24096 11347 2990 10923
24097 11347 10923 18387
24098 10923 2889 11346
24099 10923 11346 18387
24100 11346 2750 10620
24101 11346 10620 18387
24102 10620 2751 11347
24103 10620 11347 18387
24104 11347 2751 10920
24105 11347 10920 18388
24106 10920 2893 11348
24107 10920 11348 18388
24108 11348 2992 10924
24109 11348 10924 18388
24110 10924 2990 11347
24111 10924 11347 18388
24112 11348 2893 10968
24113 11348 10968 18389
24114 10968 2907 11349
24115 10968 11349 18389
24116 11349 2993 10951
24117 11349 10951 18389
24118 10951 2992 11348
24119 10951 11348 18389
24120 11349 2907 10964
24121 11349 10964 18390
24122 10964 2915 11350
24123 10964 11350 18390
24124 11350 2991 10952
24125 11350 10952 18390
24126 10952 2993 11349
24127 10952 11349 18390
24128 11350 2915 10963
24129 11350 10963 18391
24130 10963 3084 11351
24131 10963 11351 18391
24132 11351 3083 10945
24133 11351 10945 18391
24134 10945 2991 11350
24135 10945 11350 18391
24136 11322 3134 11288
24137 11322 11288 18392
24138 11288 3135 11352
24139 11288 11352 18392
24140 11352 3138 11333
24141 11352 11333 18392
24142 11333 3136 11322
24143 11333 11322 18392
24144 11290 3148 11331
24145 11290 11331 18393
24146 11331 3138 11352
24147 11331 11352 18393
24148 11352 3135 11290
24149 11352 11290 18393
24150 11051 3155 11353
24151 11051 11353 18394
24152 11353 3007 11055
24153 11353 11055 18394
24154 11055 3011 11354
24155 11055 11354 18394
24156 11354 3154 11051
24157 11354 11051 18394
24158 11355 3144 11307
24159 11355 11307 18395
24160 11307 3007 11353
24161 11307 11353 18395
24162 11353 3155 11305
24163 11353 11305 18395
24164 11305 3156 11355
24165 11305 11355 18395
24166 11356 3152 11330
24167 11356 11330 18396
24168 11330 3144 11355
24169 11330 11355 18396
24170 11355 3156 11329
24171 11355 11329 18396
24172 11329 3157 11356
24173 11329 11356 18396
24174 11357 2847 11041
24175 11357 11041 18397
24176 11041 3152 11356
24177 11041 11356 18397
24178 11356 3157 11037
24179 11356 11037 18397
24180 11037 3158 11357
24181 11037 11357 18397
24182 11358 2922 11031
24183 11358 11031 18398
24184 11031 2847 11357
24185 11031 11357 18398
24186 11357 3158 10734
24187 11357 10734 18398
24188 10734 3159 11358
24189 10734 11358 18398
24190 11359 2963 10784
24191 11359 10784 18399
24192 10784 2922 11358
24193 10784 11358 18399
24194 11358 3159 10781
24195 11358 10781 18399
24196 10781 3160 11359
24197 10781 11359 18399
24198 11360 2913 10745
24199 11360 10745 18400
24200 10745 2963 11359
24201 10745 11359 18400
24202 11359 3160 10748
24203 11359 10748 18400
24204 10748 3161 11360
24205 10748 11360 18400
24206 11360 3161 10970
24207 11360 10970 18401
24208 10970 3162 11361
24209 10970 11361 18401
24210 11361 2912 10958
24211 11361 10958 18401
24212 10958 2913 11360
24213 10958 11360 18401
24214 11362 3163 11363
24215 11362 11363 18402
24216 11363 3051 11112
24217 11363 11112 18402
24218 11112 2863 10801
24219 11112 10801 18402
24220 10801 2865 11362
24221 10801 11362 18402
24222 11362 2865 11093
24223 11362 11093 18403
24224 11093 3032 11364
24225 11093 11364 18403
24226 11364 3164 11365
24227 11364 11365 18403
24228 11365 3163 11362
24229 11365 11362 18403
24230 11364 3032 10804
24231 11364 10804 18404
24232 10804 2864 11366
24233 10804 11366 18404
24234 11366 3165 11367
24235 11366 11367 18404
24236 11367 3164 11364
24237 11367 11364 18404
24238 11366 2864 11097
24239 11366 11097 18405
24240 11097 3036 10845
24241 11097 10845 18405
24242 10845 3037 11368
24243 10845 11368 18405
24244 11368 3165 11366
24245 11368 11366 18405
24246 11369 3044 10811
24247 11369 10811 18406
24248 10811 2960 11060
24249 10811 11060 18406
24250 11060 3010 11370
24251 11060 11370 18406
24252 11370 3166 11369
24253 11370 11369 18406
24254 11370 3010 11052
24255 11370 11052 18407
24256 11052 3154 11371
24257 11052 11371 18407
24258 11371 3167 11372
24259 11371 11372 18407
24260 11372 3166 11370
24261 11372 11370 18407
24262 11373 3279 11374
24263 11373 11374 18408
24264 11374 2848 11375
24265 11374 11375 18408
24266 11375 3166 11372
24267 11375 11372 18408
24268 11372 3167 11373
24269 11372 11373 18408
24270 11131 3057 11376
24271 11131 11376 18409
24272 11376 3167 11371
24273 11376 11371 18409
24274 11371 3154 11354
24275 11371 11354 18409
24276 11354 3011 11131
24277 11354 11131 18409
24278 10703 2848 11374
24279 10703 11374 18410
24280 11374 3279 11377
24281 11374 11377 18410
24282 11377 3278 11378
24283 11377 11378 18410
24284 11378 3038 10703
24285 11378 10703 18410
24286 11379 3164 11367
24287 11379 11367 18411
24288 11367 3165 11380
24289 11367 11380 18411
24290 11380 3280 11381
24291 11380 11381 18411
24292 11381 3168 11379
24293 11381 11379 18411
24294 11382 3168 11383
24295 11382 11383 18412
24296 11383 3038 11378
24297 11383 11378 18412
24298 11378 3278 11384
24299 11378 11384 18412
24300 11384 3277 11382
24301 11384 11382 18412
24302 11365 3164 11379
24303 11365 11379 18413
24304 11379 3168 11382
24305 11379 11382 18413
24306 11382 3277 11385
24307 11382 11385 18413
24308 11385 3163 11365
24309 11385 11365 18413
24310 11386 3171 11387
24311 11386 11387 18414
24312 11387 3170 11388
24313 11387 11388 18414
24314 11388 3169 11389
24315 11388 11389 18414
24316 11389 3172 11386
24317 11389 11386 18414
24318 11390 3174 11391
24319 11390 11391 18415
24320 11391 3173 11392
24321 11391 11392 18415
24322 11392 3170 11387
24323 11392 11387 18415
24324 11387 3171 11390
24325 11387 11390 18415
24326 11393 3175 11394
24327 11393 11394 18416
24328 11394 3170 11392
24329 11394 11392 18416
24330 11392 3173 11395
24331 11392 11395 18416
24332 11395 3176 11393
24333 11395 11393 18416
24334 11388 3170 11394
24335 11388 11394 18417
24336 11394 3175 11396
24337 11394 11396 18417
24338 11396 3177 11397
24339 11396 11397 18417
24340 11397 3169 11388
24341 11397 11388 18417
24342 11398 2918 10942
24343 11398 10942 18418
24344 10942 3083 11399
24345 10942 11399 18418
24346 11399 3176 11395
24347 11399 11395 18418
24348 11395 3173 11398
24349 11395 11398 18418
24350 11400 2933 10953
24351 11400 10953 18419
24352 10953 2918 11398
24353 10953 11398 18419
24354 11398 3173 11391
24355 11398 11391 18419
24356 11391 3174 11400
24357 11391 11400 18419
24358 11401 3162 11402
24359 11401 11402 18420
24360 11402 3175 11393
24361 11402 11393 18420
24362 11393 3176 11399
24363 11393 11399 18420
24364 11399 3083 11401
24365 11399 11401 18420
24366 11402 3162 10969
24367 11402 10969 18421
24368 10969 2911 11403
24369 10969 11403 18421
24370 11403 3177 11396
24371 11403 11396 18421
24372 11396 3175 11402
24373 11396 11402 18421
24374 10940 2933 11400
24375 10940 11400 18422
24376 11400 3174 11390
24377 11400 11390 18422
24378 11390 3171 11404
24379 11390 11404 18422
24380 11404 2988 10940
24381 11404 10940 18422
24382 11404 3171 11386
24383 11404 11386 18423
24384 11386 3172 11405
24385 11386 11405 18423
24386 11405 3146 11406
24387 11405 11406 18423
24388 11406 2988 11404
24389 11406 11404 18423
24390 11397 3177 11403
24391 11397 11403 18424
24392 11403 2911 10914
24393 11403 10914 18424
24394 10914 2834 11407
24395 10914 11407 18424
24396 11407 3169 11397
24397 11407 11397 18424
24398 11284 3146 11405
24399 11284 11405 18425
24400 11405 3172 11389
24401 11405 11389 18425
24402 11389 3169 11407
24403 11389 11407 18425
24404 11407 2834 11284
24405 11407 11284 18425
24406 11320 2910 11408
24407 11320 11408 18426
24408 11408 3286 10916
24409 11408 10916 18426
24410 10916 2988 11406
24411 10916 11406 18426
24412 11406 3146 11320
24413 11406 11320 18426
24414 11361 3162 11401
24415 11361 11401 18427
24416 11401 3083 11351
24417 11401 11351 18427
24418 11351 3084 11177
24419 11351 11177 18427
24420 11177 2912 11361
24421 11177 11361 18427
24422 11323 3137 11409
24423 11323 11409 18428
24424 11409 3178 11410
24425 11409 11410 18428
24426 11410 3132 11321
24427 11410 11321 18428
24428 11321 3147 11323
24429 11321 11323 18428
24430 11291 3020 11071
24431 11291 11071 18429
24432 11071 3018 11411
24433 11071 11411 18429
24434 11411 3178 11409
24435 11411 11409 18429
24436 11409 3137 11291
24437 11409 11291 18429
24438 11410 3178 11412
24439 11410 11412 18430
24440 11412 3179 11413
24441 11412 11413 18430
24442 11413 3133 11282
24443 11413 11282 18430
24444 11282 3132 11410
24445 11282 11410 18430
24446 11411 3018 11068
24447 11411 11068 18431
24448 11068 3016 11414
24449 11068 11414 18431
24450 11414 3179 11412
24451 11414 11412 18431
24452 11412 3178 11411
24453 11412 11411 18431
24454 11067 3014 11415
24455 11067 11415 18432
24456 11415 3133 11413
24457 11415 11413 18432
24458 11413 3179 11414
24459 11413 11414 18432
24460 11414 3016 11067
24461 11414 11067 18432
24462 11415 3014 11062
24463 11415 11062 18433
24464 11062 2929 11416
24465 11062 11416 18433
24466 11416 2909 11279
24467 11416 11279 18433
24468 11279 3133 11415
24469 11279 11415 18433
24470 11417 3182 11418
24471 11417 11418 18434
24472 11418 3189 11419
24473 11418 11419 18434
24474 11419 3188 11420
24475 11419 11420 18434
24476 11420 3184 11417
24477 11420 11417 18434
24478 11421 3183 11422
24479 11421 11422 18435
24480 11422 3191 11423
24481 11422 11423 18435
24482 11423 3190 11424
24483 11423 11424 18435
24484 11424 3185 11421
24485 11424 11421 18435
24486 11425 3186 11426
24487 11425 11426 18436
24488 11426 3193 11427
24489 11426 11427 18436
24490 11427 3192 11428
24491 11427 11428 18436
24492 11428 3180 11425
24493 11428 11425 18436
24494 11429 3180 11428
24495 11429 11428 18437
24496 11428 3192 11430
24497 11428 11430 18437
24498 11430 3191 11422
24499 11430 11422 18437
24500 11422 3183 11429
24501 11422 11429 18437
24502 11429 3183 11431
24503 11429 11431 18438
24504 11431 2637 10641
24505 11431 10641 18438
24506 10641 2636 11432
24507 10641 11432 18438
24508 11432 3180 11429
24509 11432 11429 18438
24510 10645 2638 11433
24511 10645 11433 18439
24512 11433 3186 11425
24513 11433 11425 18439
24514 11425 3180 11432
24515 11425 11432 18439
24516 11432 2636 10645
24517 11432 10645 18439
24518 11434 2639 10649
24519 11434 10649 18440
24520 10649 2637 11431
24521 10649 11431 18440
24522 11431 3183 11421
24523 11431 11421 18440
24524 11421 3185 11434
24525 11421 11434 18440
24526 11435 2641 10661
24527 11435 10661 18441
24528 10661 2640 11436
24529 10661 11436 18441
24530 11436 3182 11417
24531 11436 11417 18441
24532 11417 3184 11435
24533 11417 11435 18441
24534 11437 2642 10666
24535 11437 10666 18442
24536 10666 2641 11435
24537 10666 11435 18442
24538 11435 3184 11438
24539 11435 11438 18442
24540 11438 3181 11437
24541 11438 11437 18442
24542 11436 2640 10669
24543 11436 10669 18443
24544 10669 2639 11434
24545 10669 11434 18443
24546 11434 3185 11439
24547 11434 11439 18443
24548 11439 3182 11436
24549 11439 11436 18443
24550 11439 3185 11424
24551 11439 11424 18444
24552 11424 3190 11440
24553 11424 11440 18444
24554 11440 3189 11418
24555 11440 11418 18444
24556 11418 3182 11439
24557 11418 11439 18444
24558 11419 3189 11441
24559 11419 11441 18445
24560 11441 3199 11442
24561 11441 11442 18445
24562 11442 3198 11443
24563 11442 11443 18445
24564 11443 3188 11419
24565 11443 11419 18445
24566 11444 3199 11441
24567 11444 11441 18446
24568 11441 3189 11440
24569 11441 11440 18446
24570 11440 3190 11445
24571 11440 11445 18446
24572 11445 3200 11444
24573 11445 11444 18446
24574 11446 3200 11445
24575 11446 11445 18447
24576 11445 3190 11423
24577 11445 11423 18447
24578 11423 3191 11447
24579 11423 11447 18447
24580 11447 3201 11446
24581 11447 11446 18447
24582 11448 3201 11447
24583 11448 11447 18448
24584 11447 3191 11430
24585 11447 11430 18448
24586 11430 3192 11449
24587 11430 11449 18448
24588 11449 3202 11448
24589 11449 11448 18448
24590 11450 3202 11449
24591 11450 11449 18449
24592 11449 3192 11427
24593 11449 11427 18449
24594 11427 3193 11451
24595 11427 11451 18449
24596 11451 3203 11450
24597 11451 11450 18449
24598 11438 3184 11420
24599 11438 11420 18450
24600 11420 3188 11452
24601 11420 11452 18450
24602 11452 3187 11453
24603 11452 11453 18450
24604 11453 3181 11438
24605 11453 11438 18450
24606 11443 3198 11454
24607 11443 11454 18451
24608 11454 3204 11455
24609 11454 11455 18451
24610 11455 3187 11452
24611 11455 11452 18451
24612 11452 3188 11443
24613 11452 11443 18451
24614 11437 3181 11453
24615 11437 11453 18452
24616 11453 3187 11456
24617 11453 11456 18452
24618 11456 2643 10657
24619 11456 10657 18452
24620 10657 2642 11437
24621 10657 11437 18452
24622 11455 3204 11457
24623 11455 11457 18453
24624 11457 2644 11167
24625 11457 11167 18453
24626 11167 2643 11456
24627 11167 11456 18453
24628 11456 3187 11455
24629 11456 11455 18453
24630 11458 2646 10671
24631 11458 10671 18454
24632 10671 2645 11459
24633 10671 11459 18454
24634 11459 3194 11460
24635 11459 11460 18454
24636 11460 3196 11458
24637 11460 11458 18454
24638 11461 3195 11462
24639 11461 11462 18455
24640 11462 3197 11463
24641 11462 11463 18455
24642 11463 3196 11460
24643 11463 11460 18455
24644 11460 3194 11461
24645 11460 11461 18455
24646 10674 2647 11464
24647 10674 11464 18456
24648 11464 3195 11461
24649 11464 11461 18456
24650 11461 3194 11459
24651 11461 11459 18456
24652 11459 2645 10674
24653 11459 10674 18456
24654 11465 3205 11466
24655 11465 11466 18457
24656 11466 3195 11464
24657 11466 11464 18457
24658 11464 2647 11251
24659 11464 11251 18457
24660 11251 2648 11465
24661 11251 11465 18457
24662 11433 2638 10676
24663 11433 10676 18458
24664 10676 2646 11458
24665 10676 11458 18458
24666 11458 3196 11467
24667 11458 11467 18458
24668 11467 3186 11433
24669 11467 11433 18458
24670 11468 3193 11426
24671 11468 11426 18459
24672 11426 3186 11467
24673 11426 11467 18459
24674 11467 3196 11463
24675 11467 11463 18459
24676 11463 3197 11468
24677 11463 11468 18459
24678 11462 3195 11466
24679 11462 11466 18460
24680 11466 3205 11469
24681 11466 11469 18460
24682 11469 3206 11470
24683 11469 11470 18460
24684 11470 3197 11462
24685 11470 11462 18460
24686 11471 3203 11451
24687 11471 11451 18461
24688 11451 3193 11468
24689 11451 11468 18461
24690 11468 3197 11470
24691 11468 11470 18461
24692 11470 3206 11471
24693 11470 11471 18461
24694 11472 3212 11473
24695 11472 11473 18462
24696 11473 3106 11209
24697 11473 11209 18462
24698 11209 3105 11474
24699 11209 11474 18462
24700 11474 3211 11472
24701 11474 11472 18462
24702 11475 3211 11474
24703 11475 11474 18463
24704 11474 3105 11207
24705 11474 11207 18463
24706 11207 3104 11476
24707 11207 11476 18463
24708 11476 3229 11475
24709 11476 11475 18463
24710 11200 3101 11477
24711 11200 11477 18464
24712 11477 3207 11478
24713 11477 11478 18464
24714 11478 3219 11479
24715 11478 11479 18464
24716 11479 3102 11200
24717 11479 11200 18464
24718 11480 3208 11481
24719 11480 11481 18465
24720 11481 3098 11193
24721 11481 11193 18465
24722 11193 3097 11482
24723 11193 11482 18465
24724 11482 3217 11480
24725 11482 11480 18465
24726 11477 3101 11199
24727 11477 11199 18466
24728 11199 3100 11483
24729 11199 11483 18466
24730 11483 3215 11484
24731 11483 11484 18466
24732 11484 3207 11477
24733 11484 11477 18466
24734 11483 3100 11197
24735 11483 11197 18467
24736 11197 3099 11485
24737 11197 11485 18467
24738 11485 3218 11486
24739 11485 11486 18467
24740 11486 3215 11483
24741 11486 11483 18467
24742 11487 3212 11472
24743 11487 11472 18468
24744 11472 3211 11488
24745 11472 11488 18468
24746 11488 3210 11489
24747 11488 11489 18468
24748 11489 3214 11487
24749 11489 11487 18468
24750 11088 3028 11490
24751 11088 11490 18469
24752 11490 3213 11491
24753 11490 11491 18469
24754 11491 3096 11188
24755 11491 11188 18469
24756 11188 3095 11088
24757 11188 11088 18469
24758 11492 3217 11482
24759 11492 11482 18470
24760 11482 3097 11191
24761 11482 11191 18470
24762 11191 3096 11491
24763 11191 11491 18470
24764 11491 3213 11492
24765 11491 11492 18470
24766 11194 3098 11481
24767 11194 11481 18471
24768 11481 3208 11493
24769 11481 11493 18471
24770 11493 3218 11485
24771 11493 11485 18471
24772 11485 3099 11194
24773 11485 11194 18471
24774 11202 3102 11479
24775 11202 11479 18472
24776 11479 3219 11494
24777 11479 11494 18472
24778 11494 3209 11495
24779 11494 11495 18472
24780 11495 3103 11202
24781 11495 11202 18472
24782 11147 3064 11496
24783 11147 11496 18473
24784 11496 3220 11497
24785 11496 11497 18473
24786 11497 3213 11490
24787 11497 11490 18473
24788 11490 3028 11147
24789 11490 11147 18473
24790 11498 3222 11499
24791 11498 11499 18474
24792 11499 3208 11480
24793 11499 11480 18474
24794 11480 3217 11500
24795 11480 11500 18474
24796 11500 3221 11498
24797 11500 11498 18474
24798 11493 3208 11499
24799 11493 11499 18475
24800 11499 3222 11501
24801 11499 11501 18475
24802 11501 3223 11502
24803 11501 11502 18475
24804 11502 3218 11493
24805 11502 11493 18475
24806 11486 3218 11502
24807 11486 11502 18476
24808 11502 3223 11503
24809 11502 11503 18476
24810 11503 3224 11504
24811 11503 11504 18476
24812 11504 3215 11486
24813 11504 11486 18476
24814 11484 3215 11504
24815 11484 11504 18477
24816 11504 3224 11505
24817 11504 11505 18477
24818 11505 3225 11506
24819 11505 11506 18477
24820 11506 3207 11484
24821 11506 11484 18477
24822 11478 3207 11506
24823 11478 11506 18478
24824 11506 3225 11507
24825 11506 11507 18478
24826 11507 3226 11508
24827 11507 11508 18478
24828 11508 3219 11478
24829 11508 11478 18478
24830 11494 3219 11508
24831 11494 11508 18479
24832 11508 3226 11509
24833 11508 11509 18479
24834 11509 3227 11510
24835 11509 11510 18479
24836 11510 3209 11494
24837 11510 11494 18479
24838 11500 3217 11492
24839 11500 11492 18480
24840 11492 3213 11497
24841 11492 11497 18480
24842 11497 3220 11511
24843 11497 11511 18480
24844 11511 3221 11500
24845 11511 11500 18480
24846 11512 3229 11476
24847 11512 11476 18481
24848 11476 3104 11205
24849 11476 11205 18481
24850 11205 3103 11495
24851 11205 11495 18481
24852 11495 3209 11512
24853 11495 11512 18481
24854 11513 3210 11488
24855 11513 11488 18482
24856 11488 3211 11475
24857 11488 11475 18482
24858 11475 3229 11514
24859 11475 11514 18482
24860 11514 3228 11513
24861 11514 11513 18482
24862 11514 3229 11512
24863 11514 11512 18483
24864 11512 3209 11510
24865 11512 11510 18483
24866 11510 3227 11515
24867 11510 11515 18483
24868 11515 3228 11514
24869 11515 11514 18483
24870 11516 3231 11517
24871 11516 11517 18484
24872 11517 3230 11518
24873 11517 11518 18484
24874 11518 3110 11216
24875 11518 11216 18484
24876 11216 3109 11516
24877 11216 11516 18484
24878 11519 3231 11516
24879 11519 11516 18485
24880 11516 3109 11215
24881 11516 11215 18485
24882 11215 3108 11520
24883 11215 11520 18485
24884 11520 3232 11519
24885 11520 11519 18485
24886 11521 3214 11522
24887 11521 11522 18486
24888 11522 3216 11523
24889 11522 11523 18486
24890 11523 3233 11524
24891 11523 11524 18486
24892 11524 3234 11521
24893 11524 11521 18486
24894 11487 3214 11521
24895 11487 11521 18487
24896 11521 3234 11525
24897 11521 11525 18487
24898 11525 3235 11526
24899 11525 11526 18487
24900 11526 3212 11487
24901 11526 11487 18487
24902 11212 3107 11527
24903 11212 11527 18488
24904 11527 3235 11528
24905 11527 11528 18488
24906 11528 3232 11520
24907 11528 11520 18488
24908 11520 3108 11212
24909 11520 11212 18488
24910 11527 3107 11211
24911 11527 11211 18489
24912 11211 3106 11473
24913 11211 11473 18489
24914 11473 3212 11526
24915 11473 11526 18489
24916 11526 3235 11527
24917 11526 11527 18489
24918 11529 3237 11530
24919 11529 11530 18490
24920 11530 3236 11531
24921 11530 11531 18490
24922 11531 3204 11454
24923 11531 11454 18490
24924 11454 3198 11529
24925 11454 11529 18490
24926 11532 3238 11533
24927 11532 11533 18491
24928 11533 3237 11529
24929 11533 11529 18491
24930 11529 3198 11442
24931 11529 11442 18491
24932 11442 3199 11532
24933 11442 11532 18491
24934 11534 3238 11532
24935 11534 11532 18492
24936 11532 3199 11444
24937 11532 11444 18492
24938 11444 3200 11535
24939 11444 11535 18492
24940 11535 3239 11534
24941 11535 11534 18492
24942 11536 3239 11535
24943 11536 11535 18493
24944 11535 3200 11446
24945 11535 11446 18493
24946 11446 3201 11537
24947 11446 11537 18493
24948 11537 3240 11536
24949 11537 11536 18493
24950 11538 3240 11537
24951 11538 11537 18494
24952 11537 3201 11448
24953 11537 11448 18494
24954 11448 3202 11539
24955 11448 11539 18494
24956 11539 3241 11538
24957 11539 11538 18494
24958 11540 3241 11539
24959 11540 11539 18495
24960 11539 3202 11450
24961 11539 11450 18495
24962 11450 3203 11541
24963 11450 11541 18495
24964 11541 3242 11540
24965 11541 11540 18495
24966 11542 3221 11511
24967 11542 11511 18496
24968 11511 3220 11543
24969 11511 11543 18496
24970 11543 3236 11530
24971 11543 11530 18496
24972 11530 3237 11542
24973 11530 11542 18496
24974 11544 3222 11498
24975 11544 11498 18497
24976 11498 3221 11542
24977 11498 11542 18497
24978 11542 3237 11533
24979 11542 11533 18497
24980 11533 3238 11544
24981 11533 11544 18497
24982 11501 3222 11544
24983 11501 11544 18498
24984 11544 3238 11534
24985 11544 11534 18498
24986 11534 3239 11545
24987 11534 11545 18498
24988 11545 3223 11501
24989 11545 11501 18498
24990 11503 3223 11545
24991 11503 11545 18499
24992 11545 3239 11536
24993 11545 11536 18499
24994 11536 3240 11546
24995 11536 11546 18499
24996 11546 3224 11503
24997 11546 11503 18499
24998 11505 3224 11546
24999 11505 11546 18500
25000 11546 3240 11538
25001 11546 11538 18500
25002 11538 3241 11547
25003 11538 11547 18500
25004 11547 3225 11505
25005 11547 11505 18500
25006 11507 3225 11547
25007 11507 11547 18501
25008 11547 3241 11540
25009 11547 11540 18501
25010 11540 3242 11548
25011 11540 11548 18501
25012 11548 3226 11507
25013 11548 11507 18501
25014 11531 3236 11549
25015 11531 11549 18502
25016 11549 3061 11138
25017 11549 11138 18502
25018 11138 2644 11457
25019 11138 11457 18502
25020 11457 3204 11531
25021 11457 11531 18502
25022 11144 3061 11549
25023 11144 11549 18503
25024 11549 3236 11543
25025 11549 11543 18503
25026 11543 3220 11496
25027 11543 11496 18503
25028 11496 3064 11144
25029 11496 11144 18503
25030 11550 3230 11517
25031 11550 11517 18504
25032 11517 3231 11551
25033 11517 11551 18504
25034 11551 3234 11524
25035 11551 11524 18504
25036 11524 3233 11550
25037 11524 11550 18504
25038 11552 3243 11553
25039 11552 11553 18505
25040 11553 3216 11522
25041 11553 11522 18505
25042 11522 3214 11489
25043 11522 11489 18505
25044 11489 3210 11552
25045 11489 11552 18505
25046 11552 3210 11513
25047 11552 11513 18506
25048 11513 3228 11554
25049 11513 11554 18506
25050 11554 3244 11555
25051 11554 11555 18506
25052 11555 3243 11552
25053 11555 11552 18506
25054 11556 3116 11260
25055 11556 11260 18507
25056 11260 3115 11228
25057 11260 11228 18507
25058 11228 3110 11518
25059 11228 11518 18507
25060 11518 3230 11556
25061 11518 11556 18507
25062 11556 3230 11550
25063 11556 11550 18508
25064 11550 3233 11557
25065 11550 11557 18508
25066 11557 3119 11256
25067 11557 11256 18508
25068 11256 3116 11556
25069 11256 11556 18508
25070 11558 3120 11254
25071 11558 11254 18509
25072 11254 3119 11557
25073 11254 11557 18509
25074 11557 3233 11523
25075 11557 11523 18509
25076 11523 3216 11558
25077 11523 11558 18509
25078 11558 3216 11553
25079 11558 11553 18510
25080 11553 3243 11559
25081 11553 11559 18510
25082 11559 2648 11250
25083 11559 11250 18510
25084 11250 3120 11558
25085 11250 11558 18510
25086 11560 3245 11561
25087 11560 11561 18511
25088 11561 3242 11541
25089 11561 11541 18511
25090 11541 3203 11471
25091 11541 11471 18511
25092 11471 3206 11560
25093 11471 11560 18511
25094 11562 3244 11563
25095 11562 11563 18512
25096 11563 3245 11560
25097 11563 11560 18512
25098 11560 3206 11469
25099 11560 11469 18512
25100 11469 3205 11562
25101 11469 11562 18512
25102 11548 3242 11561
25103 11548 11561 18513
25104 11561 3245 11564
25105 11561 11564 18513
25106 11564 3227 11509
25107 11564 11509 18513
25108 11509 3226 11548
25109 11509 11548 18513
25110 11564 3245 11563
25111 11564 11563 18514
25112 11563 3244 11554
25113 11563 11554 18514
25114 11554 3228 11515
25115 11554 11515 18514
25116 11515 3227 11564
25117 11515 11564 18514
25118 11555 3244 11562
25119 11555 11562 18515
25120 11562 3205 11465
25121 11562 11465 18515
25122 11465 2648 11559
25123 11465 11559 18515
25124 11559 3243 11555
25125 11559 11555 18515
25126 11551 3231 11519
25127 11551 11519 18516
25128 11519 3232 11528
25129 11519 11528 18516
25130 11528 3235 11525
25131 11528 11525 18516
25132 11525 3234 11551
25133 11525 11551 18516
25134 11565 2817 10608
25135 11565 10608 18517
25136 10608 2816 11566
25137 10608 11566 18517
25138 11566 3246 11567
25139 11566 11567 18517
25140 11567 3247 11565
25141 11567 11565 18517
25142 11568 2818 10629
25143 11568 10629 18518
25144 10629 2817 11565
25145 10629 11565 18518
25146 11565 3247 11237
25147 11565 11237 18518
25148 11237 3248 11568
25149 11237 11568 18518
25150 11569 2820 10630
25151 11569 10630 18519
25152 10630 2818 11568
25153 10630 11568 18519
25154 11568 3248 11242
25155 11568 11242 18519
25156 11242 3249 11569
25157 11242 11569 18519
25158 11570 2822 10681
25159 11570 10681 18520
25160 10681 2820 11569
25161 10681 11569 18520
25162 11569 3249 11261
25163 11569 11261 18520
25164 11261 3250 11570
25165 11261 11570 18520
25166 11571 3271 10593
25167 11571 10593 18521
25168 10593 3272 11572
25169 10593 11572 18521
25170 11572 2814 10578
25171 11572 10578 18521
25172 10578 2815 11571
25173 10578 11571 18521
25174 11572 3272 10590
25175 11572 10590 18522
25176 10590 3273 10585
25177 10590 10585 18522
25178 10585 2813 10574
25179 10585 10574 18522
25180 10574 2814 11572
25181 10574 11572 18522
25182 11573 2860 11102
25183 11573 11102 18523
25184 11102 3043 10809
25185 11102 10809 18523
25186 10809 3044 11574
25187 10809 11574 18523
25188 11574 3275 11573
25189 11574 11573 18523
25190 11573 3275 10705
25191 11573 10705 18524
25192 10705 3276 11575
25193 10705 11575 18524
25194 11575 3037 10848
25195 11575 10848 18524
25196 10848 2860 11573
25197 10848 11573 18524
25198 11363 3163 11385
25199 11363 11385 18525
25200 11385 3277 11576
25201 11385 11576 18525
25202 11576 3113 11224
25203 11576 11224 18525
25204 11224 3051 11363
25205 11224 11363 18525
25206 11576 3277 11384
25207 11576 11384 18526
25208 11384 3278 11577
25209 11384 11577 18526
25210 11577 3053 11118
25211 11577 11118 18526
25212 11118 3113 11576
25213 11118 11576 18526
25214 11578 3054 11120
25215 11578 11120 18527
25216 11120 3053 11577
25217 11120 11577 18527
25218 11577 3278 11377
25219 11577 11377 18527
25220 11377 3279 11578
25221 11377 11578 18527
25222 11376 3057 11122
25223 11376 11122 18528
25224 11122 3054 11578
25225 11122 11578 18528
25226 11578 3279 11373
25227 11578 11373 18528
25228 11373 3167 11376
25229 11373 11376 18528
25230 10702 3275 11574
25231 10702 11574 18529
25232 11574 3044 11369
25233 11574 11369 18529
25234 11369 3166 11375
25235 11369 11375 18529
25236 11375 2848 10702
25237 11375 10702 18529
25238 10704 3038 11383
25239 10704 11383 18530
25240 11383 3168 11381
25241 11383 11381 18530
25242 11381 3280 11579
25243 11381 11579 18530
25244 11579 3276 10704
25245 11579 10704 18530
25246 11368 3037 11575
25247 11368 11575 18531
25248 11575 3276 11579
25249 11575 11579 18531
25250 11579 3280 11380
25251 11579 11380 18531
25252 11380 3165 11368
25253 11380 11368 18531
25254 11580 3281 11581
25255 11580 11581 18532
25256 11581 2901 11155
25257 11581 11155 18532
25258 11155 3070 11235
25259 11155 11235 18532
25260 11235 3121 11580
25261 11235 11580 18532
25262 11238 3247 11567
25263 11238 11567 18533
25264 11567 3246 11582
25265 11567 11582 18533
25266 11582 3281 11580
25267 11582 11580 18533
25268 11580 3121 11238
25269 11580 11238 18533
25270 11583 2895 10756
25271 11583 10756 18534
25272 10756 2902 10888
25273 10756 10888 18534
25274 10888 2901 11581
25275 10888 11581 18534
25276 11581 3281 11583
25277 11581 11583 18534
25278 11583 3281 11584
25279 11583 11584 18535
25280 11584 2896 11340
25281 11584 11340 18535
25282 11340 2897 10764
25283 11340 10764 18535
25284 10764 2895 11583
25285 10764 11583 18535
25286 11339 2896 11585
25287 11339 11585 18536
25288 11585 3282 11341
25289 11585 11341 18536
25290 11341 3283 11586
25291 11341 11586 18536
25292 11586 2908 11339
25293 11586 11339 18536
25294 11587 2929 11061
25295 11587 11061 18537
25296 11061 2908 11586
25297 11061 11586 18537
25298 11586 3283 10900
25299 11586 10900 18537
25300 10900 3284 11587
25301 10900 11587 18537
25302 11588 2909 11416
25303 11588 11416 18538
25304 11416 2929 11587
25305 11416 11587 18538
25306 11587 3284 10909
25307 11587 10909 18538
25308 10909 3285 11588
25309 10909 11588 18538
25310 11408 2910 11280
25311 11408 11280 18539
25312 11280 2909 11588
25313 11280 11588 18539
25314 11588 3285 10917
25315 11588 10917 18539
25316 10917 3286 11408
25317 10917 11408 18539
25318 11582 3246 11589
25319 11582 11589 18540
25320 11589 3282 11585
25321 11589 11585 18540
25322 11585 2896 11584
25323 11585 11584 18540
25324 11584 3281 11582
25325 11584 11582 18540
25326 11342 3282 11589
25327 11342 11589 18541
25328 11589 3246 11566
25329 11589 11566 18541
25330 11566 2816 10611
25331 11566 10611 18541
25332 10611 2819 11342
25333 10611 11342 18541
25334 10769 2942 11590
25335 10769 11590 18542
25336 11590 3274 11174
25337 11590 11174 18542
25338 11174 2772 11173
25339 11174 11173 18542
25340 11173 3082 10769
25341 11173 10769 18542
25342 11319 2754 10615
25343 11319 10615 18543
25344 10615 2771 11175
25345 10615 11175 18543
25346 11175 3274 11591
25347 11175 11591 18543
25348 11591 2937 11319
25349 11591 11319 18543
25350 10993 2998 10974
25351 10993 10974 18544
25352 10974 2999 11316
25353 10974 11316 18544
25354 11316 2936 11592
25355 11316 11592 18544
25356 11592 2938 10993
25357 11592 10993 18544
25358 11590 2942 10989
25359 11590 10989 18545
25360 10989 2945 10990
25361 10989 10990 18545
25362 10990 2938 11593
25363 10990 11593 18545
25364 11593 3274 11590
25365 11593 11590 18545
25366 11592 2936 11318
25367 11592 11318 18546
25368 11318 2937 11591
25369 11318 11591 18546
25370 11591 3274 11593
25371 11591 11593 18546
25372 11593 2938 11592
25373 11593 11592 18546
25374 11594 3288 11595
25375 11594 11595 18547
25376 11595 3289 11596
25377 11595 11596 18547
25378 11596 3290 11597
25379 11596 11597 18547
25380 11597 3287 11594
25381 11597 11594 18547
25382 11598 3294 11599
25383 11598 11599 18548
25384 11599 3292 11600
25385 11599 11600 18548
25386 11600 3291 11601
25387 11600 11601 18548
25388 11601 3293 11598
25389 11601 11598 18548
25390 11602 661 6422
25391 11602 6422 18549
25392 6422 1 10362
25393 6422 10362 18549
25394 10362 2671 11603
25395 10362 11603 18549
25396 11603 3295 11602
25397 11603 11602 18549
25398 11604 3297 11605
25399 11604 11605 18550
25400 11605 2674 10355
25401 11605 10355 18550
25402 10355 2675 11606
25403 10355 11606 18550
25404 11606 3296 11604
25405 11606 11604 18550
25406 10345 2666 11607
25407 10345 11607 18551
25408 11607 3298 11608
25409 11607 11608 18551
25410 11608 3299 11609
25411 11608 11609 18551
25412 11609 2667 10345
25413 11609 10345 18551
25414 10348 2668 11610
25415 10348 11610 18552
25416 11610 3300 11611
25417 11610 11611 18552
25418 11611 3298 11607
25419 11611 11607 18552
25420 11607 2666 10348
25421 11607 10348 18552
25422 11612 3302 11613
25423 11612 11613 18553
25424 11613 3303 11614
25425 11613 11614 18553
25426 11614 3297 11615
25427 11614 11615 18553
25428 11615 3301 11612
25429 11615 11612 18553
25430 11616 3305 11617
25431 11616 11617 18554
25432 11617 3299 11608
25433 11617 11608 18554
25434 11608 3298 11618
25435 11608 11618 18554
25436 11618 3304 11616
25437 11618 11616 18554
25438 11619 3306 11620
25439 11619 11620 18555
25440 11620 3300 11621
25441 11620 11621 18555
25442 11621 3292 11599
25443 11621 11599 18555
25444 11599 3294 11619
25445 11599 11619 18555
25446 11622 3301 11615
25447 11622 11615 18556
25448 11615 3297 11604
25449 11615 11604 18556
25450 11604 3296 11623
25451 11604 11623 18556
25452 11623 3307 11622
25453 11623 11622 18556
25454 11621 3300 11610
25455 11621 11610 18557
25456 11610 2668 10370
25457 11610 10370 18557
25458 10370 2669 11624
25459 10370 11624 18557
25460 11624 3292 11621
25461 11624 11621 18557
25462 11611 3300 11620
25463 11611 11620 18558
25464 11620 3306 11625
25465 11620 11625 18558
25466 11625 3304 11618
25467 11625 11618 18558
25468 11618 3298 11611
25469 11618 11611 18558
25470 11626 3308 11627
25471 11626 11627 18559
25472 11627 662 6446
25473 11627 6446 18559
25474 6446 661 11602
25475 6446 11602 18559
25476 11602 3295 11626
25477 11602 11626 18559
25478 11628 3310 11629
25479 11628 11629 18560
25480 11629 3308 11626
25481 11629 11626 18560
25482 11626 3295 11630
25483 11626 11630 18560
25484 11630 3309 11628
25485 11630 11628 18560
25486 11631 3309 11630
25487 11631 11630 18561
25488 11630 3295 11603
25489 11630 11603 18561
25490 11603 2671 10375
25491 11603 10375 18561
25492 10375 2685 11631
25493 10375 11631 18561
25494 11632 3312 11633
25495 11632 11633 18562
25496 11633 3313 11634
25497 11633 11634 18562
25498 11634 3314 11635
25499 11634 11635 18562
25500 11635 3311 11632
25501 11635 11632 18562
25502 11632 3311 11636
25503 11632 11636 18563
25504 11636 3315 11637
25505 11636 11637 18563
25506 11637 3316 11638
25507 11637 11638 18563
25508 11638 3312 11632
25509 11638 11632 18563
25510 11639 3318 11640
25511 11639 11640 18564
25512 11640 3319 11641
25513 11640 11641 18564
25514 11641 3320 11642
25515 11641 11642 18564
25516 11642 3317 11639
25517 11642 11639 18564
25518 11639 3317 11643
25519 11639 11643 18565
25520 11643 3321 11644
25521 11643 11644 18565
25522 11644 3322 11645
25523 11644 11645 18565
25524 11645 3318 11639
25525 11645 11639 18565
25526 11646 3323 11647
25527 11646 11647 18566
25528 11647 3324 11648
25529 11647 11648 18566
25530 11648 3313 11633
25531 11648 11633 18566
25532 11633 3312 11646
25533 11633 11646 18566
25534 11646 3312 11638
25535 11646 11638 18567
25536 11638 3316 11649
25537 11638 11649 18567
25538 11649 3325 11650
25539 11649 11650 18567
25540 11650 3323 11646
25541 11650 11646 18567
25542 11651 2651 10323
25543 11651 10323 18568
25544 10323 2650 11652
25545 10323 11652 18568
25546 11652 3327 11653
25547 11652 11653 18568
25548 11653 3326 11651
25549 11653 11651 18568
25550 10327 2654 11654
25551 10327 11654 18569
25552 11654 3328 11655
25553 11654 11655 18569
25554 11655 3327 11652
25555 11655 11652 18569
25556 11652 2650 10327
25557 11652 10327 18569
25558 11656 3330 11657
25559 11656 11657 18570
25560 11657 3331 11658
25561 11657 11658 18570
25562 11658 3332 11659
25563 11658 11659 18570
25564 11659 3329 11656
25565 11659 11656 18570
25566 11660 3334 11661
25567 11660 11661 18571
25568 11661 3316 11637
25569 11661 11637 18571
25570 11637 3315 11662
25571 11637 11662 18571
25572 11662 3333 11660
25573 11662 11660 18571
25574 11663 4613 11664
25575 11663 11664 18572
25576 11664 4612 11665
25577 11664 11665 18572
25578 11665 3337 11666
25579 11665 11666 18572
25580 11666 3335 11663
25581 11666 11663 18572
25582 11667 3339 11668
25583 11667 11668 18573
25584 11668 3337 11665
25585 11668 11665 18573
25586 11665 4612 11669
25587 11665 11669 18573
25588 11669 4611 11667
25589 11669 11667 18573
25590 11670 3331 11671
25591 11670 11671 18574
25592 11671 3341 11672
25593 11671 11672 18574
25594 11672 3342 11673
25595 11672 11673 18574
25596 11673 3340 11670
25597 11673 11670 18574
25598 11674 3336 11675
25599 11674 11675 18575
25600 11675 3325 11649
25601 11675 11649 18575
25602 11649 3316 11661
25603 11649 11661 18575
25604 11661 3334 11674
25605 11661 11674 18575
25606 11674 3334 11676
25607 11674 11676 18576
25608 11676 3343 11677
25609 11676 11677 18576
25610 11677 3338 11678
25611 11677 11678 18576
25612 11678 3336 11674
25613 11678 11674 18576
25614 11651 3326 11679
25615 11651 11679 18577
25616 11679 3344 11680
25617 11679 11680 18577
25618 11680 2664 10341
25619 11680 10341 18577
25620 10341 2651 11651
25621 10341 11651 18577
25622 11663 3335 11681
25623 11663 11681 18578
25624 11681 3349 11682
25625 11681 11682 18578
25626 11682 4614 11683
25627 11682 11683 18578
25628 11683 4613 11663
25629 11683 11663 18578
25630 11684 3307 11623
25631 11684 11623 18579
25632 11623 3296 11685
25633 11623 11685 18579
25634 11685 3351 11686
25635 11685 11686 18579
25636 11686 3350 11684
25637 11686 11684 18579
25638 11685 3296 11606
25639 11685 11606 18580
25640 11606 2675 11687
25641 11606 11687 18580
25642 11687 3352 11688
25643 11687 11688 18580
25644 11688 3351 11685
25645 11688 11685 18580
25646 11660 3333 11689
25647 11660 11689 18581
25648 11689 3355 11690
25649 11689 11690 18581
25650 11690 3343 11676
25651 11690 11676 18581
25652 11676 3334 11660
25653 11676 11660 18581
25654 11670 3340 11691
25655 11670 11691 18582
25656 11691 3356 11692
25657 11691 11692 18582
25658 11692 3332 11658
25659 11692 11658 18582
25660 11658 3331 11670
25661 11658 11670 18582
25662 11693 2676 10352
25663 11693 10352 18583
25664 10352 2664 11680
25665 10352 11680 18583
25666 11680 3344 11694
25667 11680 11694 18583
25668 11694 3357 11693
25669 11694 11693 18583
25670 11695 4609 11696
25671 11695 11696 18584
25672 11696 4608 11697
25673 11696 11697 18584
25674 11697 3359 11698
25675 11697 11698 18584
25676 11698 3358 11695
25677 11698 11695 18584
25678 11699 4610 11700
25679 11699 11700 18585
25680 11700 4609 11695
25681 11700 11695 18585
25682 11695 3358 11701
25683 11695 11701 18585
25684 11701 3360 11699
25685 11701 11699 18585
25686 11699 3360 11702
25687 11699 11702 18586
25688 11702 3339 11667
25689 11702 11667 18586
25690 11667 4611 11703
25691 11667 11703 18586
25692 11703 4610 11699
25693 11703 11699 18586
25694 11692 3356 11704
25695 11692 11704 18587
25696 11704 3338 11677
25697 11704 11677 18587
25698 11677 3343 11705
25699 11677 11705 18587
25700 11705 3332 11692
25701 11705 11692 18587
25702 11705 3343 11690
25703 11705 11690 18588
25704 11690 3355 11706
25705 11690 11706 18588
25706 11706 3329 11659
25707 11706 11659 18588
25708 11659 3332 11705
25709 11659 11705 18588
25710 11707 3341 11671
25711 11707 11671 18589
25712 11671 3331 11657
25713 11671 11657 18589
25714 11657 3330 11708
25715 11657 11708 18589
25716 11708 3361 11707
25717 11708 11707 18589
25718 11709 3337 11668
25719 11709 11668 18590
25720 11668 3339 11710
25721 11668 11710 18590
25722 11710 3366 11711
25723 11710 11711 18590
25724 11711 3365 11709
25725 11711 11709 18590
25726 11712 3335 11666
25727 11712 11666 18591
25728 11666 3337 11709
25729 11666 11709 18591
25730 11709 3365 11713
25731 11709 11713 18591
25732 11713 3367 11712
25733 11713 11712 18591
25734 11714 3372 11715
25735 11714 11715 18592
25736 11715 3371 11716
25737 11715 11716 18592
25738 11716 2696 10694
25739 11716 10694 18592
25740 10694 2698 11714
25741 10694 11714 18592
25742 11717 3360 11701
25743 11717 11701 18593
25744 11701 3358 11718
25745 11701 11718 18593
25746 11718 3381 11719
25747 11718 11719 18593
25748 11719 3380 11717
25749 11719 11717 18593
25750 11717 3380 11720
25751 11717 11720 18594
25752 11720 3366 11710
25753 11720 11710 18594
25754 11710 3339 11702
25755 11710 11702 18594
25756 11702 3360 11717
25757 11702 11717 18594
25758 11721 3386 11722
25759 11721 11722 18595
25760 11722 3387 11723
25761 11722 11723 18595
25762 11723 3388 11724
25763 11723 11724 18595
25764 11724 3385 11721
25765 11724 11721 18595
25766 11725 3385 11724
25767 11725 11724 18596
25768 11724 3388 11726
25769 11724 11726 18596
25770 11726 3366 11720
25771 11726 11720 18596
25772 11720 3380 11725
25773 11720 11725 18596
25774 11687 2675 10357
25775 11687 10357 18597
25776 10357 2676 11693
25777 10357 11693 18597
25778 11693 3357 11727
25779 11693 11727 18597
25780 11727 3352 11687
25781 11727 11687 18597
25782 11728 3390 11729
25783 11728 11729 18598
25784 11729 3388 11723
25785 11729 11723 18598
25786 11723 3387 11730
25787 11723 11730 18598
25788 11730 3389 11728
25789 11730 11728 18598
25790 11731 3392 11732
25791 11731 11732 18599
25792 11732 3390 11728
25793 11732 11728 18599
25794 11728 3389 11733
25795 11728 11733 18599
25796 11733 3391 11731
25797 11733 11731 18599
25798 11721 3385 11734
25799 11721 11734 18600
25800 11734 3393 11735
25801 11734 11735 18600
25802 11735 3394 11736
25803 11735 11736 18600
25804 11736 3386 11721
25805 11736 11721 18600
25806 11718 3358 11698
25807 11718 11698 18601
25808 11698 3359 11737
25809 11698 11737 18601
25810 11737 3395 11738
25811 11737 11738 18601
25812 11738 3381 11718
25813 11738 11718 18601
25814 11739 3396 11740
25815 11739 11740 18602
25816 11740 3393 11741
25817 11740 11741 18602
25818 11741 3381 11738
25819 11741 11738 18602
25820 11738 3395 11739
25821 11738 11739 18602
25822 11742 3397 11743
25823 11742 11743 18603
25824 11743 3394 11735
25825 11743 11735 18603
25826 11735 3393 11740
25827 11735 11740 18603
25828 11740 3396 11742
25829 11740 11742 18603
25830 11716 3371 11744
25831 11716 11744 18604
25832 11744 3398 11745
25833 11744 11745 18604
25834 11745 2697 10691
25835 11745 10691 18604
25836 10691 2696 11716
25837 10691 11716 18604
25838 11746 3328 11654
25839 11746 11654 18605
25840 11654 2654 10687
25841 11654 10687 18605
25842 10687 2697 11745
25843 10687 11745 18605
25844 11745 3398 11746
25845 11745 11746 18605
25846 11747 3401 11748
25847 11747 11748 18606
25848 11748 3402 11749
25849 11748 11749 18606
25850 11749 3403 11750
25851 11749 11750 18606
25852 11750 3400 11747
25853 11750 11747 18606
25854 11751 3402 11752
25855 11751 11752 18607
25856 11752 3405 11753
25857 11752 11753 18607
25858 11753 4618 11754
25859 11753 11754 18607
25860 11754 4617 11751
25861 11754 11751 18607
25862 11751 4617 11755
25863 11751 11755 18608
25864 11755 4616 11756
25865 11755 11756 18608
25866 11756 3403 11749
25867 11756 11749 18608
25868 11749 3402 11751
25869 11749 11751 18608
25870 11757 3407 11758
25871 11757 11758 18609
25872 11758 3404 11759
25873 11758 11759 18609
25874 11759 3318 11645
25875 11759 11645 18609
25876 11645 3322 11757
25877 11645 11757 18609
25878 11759 3404 11760
25879 11759 11760 18610
25880 11760 3406 11761
25881 11760 11761 18610
25882 11761 3319 11640
25883 11761 11640 18610
25884 11640 3318 11759
25885 11640 11759 18610
25886 11762 3409 11763
25887 11762 11763 18611
25888 11763 3410 11764
25889 11763 11764 18611
25890 11764 3411 11765
25891 11764 11765 18611
25892 11765 3408 11762
25893 11765 11762 18611
25894 11766 3412 11767
25895 11766 11767 18612
25896 11767 3405 11752
25897 11767 11752 18612
25898 11752 3402 11748
25899 11752 11748 18612
25900 11748 3401 11766
25901 11748 11766 18612
25902 11768 3414 11769
25903 11768 11769 18613
25904 11769 3415 11770
25905 11769 11770 18613
25906 11770 3416 11771
25907 11770 11771 18613
25908 11771 3413 11768
25909 11771 11768 18613
25910 11772 3349 11681
25911 11772 11681 18614
25912 11681 3335 11712
25913 11681 11712 18614
25914 11712 3367 11773
25915 11712 11773 18614
25916 11773 3421 11772
25917 11773 11772 18614
25918 11774 3423 11775
25919 11774 11775 18615
25920 11775 3349 11772
25921 11775 11772 18615
25922 11772 3421 11776
25923 11772 11776 18615
25924 11776 3422 11774
25925 11776 11774 18615
25926 11777 3414 11768
25927 11777 11768 18616
25928 11768 3413 11778
25929 11768 11778 18616
25930 11778 3425 11779
25931 11778 11779 18616
25932 11779 3424 11777
25933 11779 11777 18616
25934 11767 3412 11780
25935 11767 11780 18617
25936 11780 672 6602
25937 11780 6602 18617
25938 6602 673 11781
25939 6602 11781 18617
25940 11781 3405 11767
25941 11781 11767 18617
25942 11761 3406 11782
25943 11761 11782 18618
25944 11782 671 6605
25945 11782 6605 18618
25946 6605 670 11783
25947 6605 11783 18618
25948 11783 3319 11761
25949 11783 11761 18618
25950 11747 3400 11784
25951 11747 11784 18619
25952 11784 3428 11785
25953 11784 11785 18619
25954 11785 3416 11786
25955 11785 11786 18619
25956 11786 3401 11747
25957 11786 11747 18619
25958 11770 3415 11787
25959 11770 11787 18620
25960 11787 3412 11766
25961 11787 11766 18620
25962 11766 3401 11786
25963 11766 11786 18620
25964 11786 3416 11770
25965 11786 11770 18620
25966 11788 3430 11789
25967 11788 11789 18621
25968 11789 3392 11731
25969 11789 11731 18621
25970 11731 3391 11790
25971 11731 11790 18621
25972 11790 3429 11788
25973 11790 11788 18621
25974 11764 3410 11791
25975 11764 11791 18622
25976 11791 3431 11792
25977 11791 11792 18622
25978 11792 3432 11793
25979 11792 11793 18622
25980 11793 3411 11764
25981 11793 11764 18622
25982 11778 3413 11771
25983 11778 11771 18623
25984 11771 3416 11785
25985 11771 11785 18623
25986 11785 3428 11794
25987 11785 11794 18623
25988 11794 3425 11778
25989 11794 11778 18623
25990 11795 3430 11796
25991 11795 11796 18624
25992 11796 3437 11797
25993 11796 11797 18624
25994 11797 3422 11776
25995 11797 11776 18624
25996 11776 3421 11795
25997 11776 11795 18624
25998 11798 3438 11799
25999 11798 11799 18625
26000 11799 3432 11792
26001 11799 11792 18625
26002 11792 3431 11800
26003 11792 11800 18625
26004 11800 3437 11798
26005 11800 11798 18625
26006 11788 3429 11801
26007 11788 11801 18626
26008 11801 3438 11798
26009 11801 11798 18626
26010 11798 3437 11796
26011 11798 11796 18626
26012 11796 3430 11788
26013 11796 11788 18626
26014 11802 4615 11803
26015 11802 11803 18627
26016 11803 4614 11682
26017 11803 11682 18627
26018 11682 3349 11775
26019 11682 11775 18627
26020 11775 3423 11802
26021 11775 11802 18627
26022 11804 3439 11805
26023 11804 11805 18628
26024 11805 3440 11806
26025 11805 11806 18628
26026 11806 3394 11743
26027 11806 11743 18628
26028 11743 3397 11804
26029 11743 11804 18628
26030 11806 3440 11807
26031 11806 11807 18629
26032 11807 3441 11808
26033 11807 11808 18629
26034 11808 3386 11736
26035 11808 11736 18629
26036 11736 3394 11806
26037 11736 11806 18629
26038 11809 3387 11722
26039 11809 11722 18630
26040 11722 3386 11808
26041 11722 11808 18630
26042 11808 3441 11810
26043 11808 11810 18630
26044 11810 3442 11809
26045 11810 11809 18630
26046 11811 3389 11730
26047 11811 11730 18631
26048 11730 3387 11809
26049 11730 11809 18631
26050 11809 3442 11812
26051 11809 11812 18631
26052 11812 3443 11811
26053 11812 11811 18631
26054 11811 3443 11813
26055 11811 11813 18632
26056 11813 3444 11814
26057 11813 11814 18632
26058 11814 3391 11733
26059 11814 11733 18632
26060 11733 3389 11811
26061 11733 11811 18632
26062 11814 3444 11815
26063 11814 11815 18633
26064 11815 3445 11816
26065 11815 11816 18633
26066 11816 3429 11790
26067 11816 11790 18633
26068 11790 3391 11814
26069 11790 11814 18633
26070 11816 3445 11817
26071 11816 11817 18634
26072 11817 3446 11818
26073 11817 11818 18634
26074 11818 3438 11801
26075 11818 11801 18634
26076 11801 3429 11816
26077 11801 11816 18634
26078 11819 3432 11799
26079 11819 11799 18635
26080 11799 3438 11818
26081 11799 11818 18635
26082 11818 3446 11820
26083 11818 11820 18635
26084 11820 3447 11819
26085 11820 11819 18635
26086 11819 3447 11821
26087 11819 11821 18636
26088 11821 3448 11822
26089 11821 11822 18636
26090 11822 3411 11793
26091 11822 11793 18636
26092 11793 3432 11819
26093 11793 11819 18636
26094 11822 3448 11823
26095 11822 11823 18637
26096 11823 3449 11824
26097 11823 11824 18637
26098 11824 3408 11765
26099 11824 11765 18637
26100 11765 3411 11822
26101 11765 11822 18637
26102 11825 3408 11824
26103 11825 11824 18638
26104 11824 3449 11826
26105 11824 11826 18638
26106 11826 674 6648
26107 11826 6648 18638
26108 6648 667 11825
26109 6648 11825 18638
26110 11827 676 6651
26111 11827 6651 18639
26112 6651 672 11780
26113 6651 11780 18639
26114 11780 3412 11787
26115 11780 11787 18639
26116 11787 3415 11827
26117 11787 11827 18639
26118 11726 3388 11729
26119 11726 11729 18640
26120 11729 3390 11828
26121 11729 11828 18640
26122 11828 3365 11711
26123 11828 11711 18640
26124 11711 3366 11726
26125 11711 11726 18640
26126 11828 3390 11732
26127 11828 11732 18641
26128 11732 3392 11829
26129 11732 11829 18641
26130 11829 3367 11713
26131 11829 11713 18641
26132 11713 3365 11828
26133 11713 11828 18641
26134 11741 3393 11734
26135 11741 11734 18642
26136 11734 3385 11725
26137 11734 11725 18642
26138 11725 3380 11719
26139 11725 11719 18642
26140 11719 3381 11741
26141 11719 11741 18642
26142 11829 3392 11789
26143 11829 11789 18643
26144 11789 3430 11795
26145 11789 11795 18643
26146 11795 3421 11773
26147 11795 11773 18643
26148 11773 3367 11829
26149 11773 11829 18643
26150 11830 3410 11763
26151 11830 11763 18644
26152 11763 3409 11831
26153 11763 11831 18644
26154 11831 3451 11832
26155 11831 11832 18644
26156 11832 3450 11830
26157 11832 11830 18644
26158 11833 3431 11791
26159 11833 11791 18645
26160 11791 3410 11830
26161 11791 11830 18645
26162 11830 3450 11834
26163 11830 11834 18645
26164 11834 3452 11833
26165 11834 11833 18645
26166 11797 3437 11800
26167 11797 11800 18646
26168 11800 3431 11833
26169 11800 11833 18646
26170 11833 3452 11835
26171 11833 11835 18646
26172 11835 3422 11797
26173 11835 11797 18646
26174 11836 3433 11837
26175 11836 11837 18647
26176 11837 3436 11838
26177 11837 11838 18647
26178 11838 3449 11823
26179 11838 11823 18647
26180 11823 3448 11836
26181 11823 11836 18647
26182 11839 3420 11840
26183 11839 11840 18648
26184 11840 3433 11836
26185 11840 11836 18648
26186 11836 3448 11821
26187 11836 11821 18648
26188 11821 3447 11839
26189 11821 11839 18648
26190 11839 3447 11820
26191 11839 11820 18649
26192 11820 3446 11841
26193 11820 11841 18649
26194 11841 3417 11842
26195 11841 11842 18649
26196 11842 3420 11839
26197 11842 11839 18649
26198 11843 3426 11844
26199 11843 11844 18650
26200 11844 3417 11841
26201 11844 11841 18650
26202 11841 3446 11817
26203 11841 11817 18650
26204 11817 3445 11843
26205 11817 11843 18650
26206 11845 3379 11846
26207 11845 11846 18651
26208 11846 3426 11843
26209 11846 11843 18651
26210 11843 3445 11815
26211 11843 11815 18651
26212 11815 3444 11845
26213 11815 11845 18651
26214 11847 3375 11848
26215 11847 11848 18652
26216 11848 3379 11845
26217 11848 11845 18652
26218 11845 3444 11813
26219 11845 11813 18652
26220 11813 3443 11847
26221 11813 11847 18652
26222 11847 3443 11812
26223 11847 11812 18653
26224 11812 3442 11849
26225 11812 11849 18653
26226 11849 3376 11850
26227 11849 11850 18653
26228 11850 3375 11847
26229 11850 11847 18653
26230 11849 3442 11810
26231 11849 11810 18654
26232 11810 3441 11851
26233 11810 11851 18654
26234 11851 3384 11852
26235 11851 11852 18654
26236 11852 3376 11849
26237 11852 11849 18654
26238 11853 3348 11854
26239 11853 11854 18655
26240 11854 3384 11851
26241 11854 11851 18655
26242 11851 3441 11807
26243 11851 11807 18655
26244 11807 3440 11853
26245 11807 11853 18655
26246 11855 3345 11856
26247 11855 11856 18656
26248 11856 3348 11853
26249 11856 11853 18656
26250 11853 3440 11805
26251 11853 11805 18656
26252 11805 3439 11855
26253 11805 11855 18656
26254 11838 3436 11857
26255 11838 11857 18657
26256 11857 665 6682
26257 11857 6682 18657
26258 6682 674 11826
26259 6682 11826 18657
26260 11826 3449 11838
26261 11826 11838 18657
26262 11644 3321 11858
26263 11644 11858 18658
26264 11858 3314 11634
26265 11858 11634 18658
26266 11634 3313 11859
26267 11634 11859 18658
26268 11859 3322 11644
26269 11859 11644 18658
26270 11648 3324 11860
26271 11648 11860 18659
26272 11860 3407 11757
26273 11860 11757 18659
26274 11757 3322 11859
26275 11757 11859 18659
26276 11859 3313 11648
26277 11859 11648 18659
26278 11861 3423 11774
26279 11861 11774 18660
26280 11774 3422 11862
26281 11774 11862 18660
26282 11862 3400 11750
26283 11862 11750 18660
26284 11750 3403 11861
26285 11750 11861 18660
26286 11861 3403 11756
26287 11861 11756 18661
26288 11756 4616 11863
26289 11756 11863 18661
26290 11863 4615 11802
26291 11863 11802 18661
26292 11802 3423 11861
26293 11802 11861 18661
26294 11862 3422 11835
26295 11862 11835 18662
26296 11835 3452 11864
26297 11835 11864 18662
26298 11864 3428 11784
26299 11864 11784 18662
26300 11784 3400 11862
26301 11784 11862 18662
26302 11864 3452 11834
26303 11864 11834 18663
26304 11834 3450 11865
26305 11834 11865 18663
26306 11865 3425 11794
26307 11865 11794 18663
26308 11794 3428 11864
26309 11794 11864 18663
26310 11866 3424 11779
26311 11866 11779 18664
26312 11779 3425 11865
26313 11779 11865 18664
26314 11865 3450 11832
26315 11865 11832 18664
26316 11832 3451 11866
26317 11832 11866 18664
26318 11867 675 6694
26319 11867 6694 18665
26320 6694 666 11868
26321 6694 11868 18665
26322 11868 3424 11866
26323 11868 11866 18665
26324 11866 3451 11867
26325 11866 11867 18665
26326 10696 6 6697
26327 10696 6697 18666
26328 6697 663 11869
26329 6697 11869 18666
26330 11869 3372 11714
26331 11869 11714 18666
26332 11714 2698 10696
26333 11714 10696 18666
26334 11870 677 6698
26335 11870 6698 18667
26336 6698 676 11827
26337 6698 11827 18667
26338 11827 3415 11769
26339 11827 11769 18667
26340 11769 3414 11870
26341 11769 11870 18667
26342 11871 678 6700
26343 11871 6700 18668
26344 6700 675 11867
26345 6700 11867 18668
26346 11867 3451 11831
26347 11867 11831 18668
26348 11831 3409 11871
26349 11831 11871 18668
26350 6703 669 11872
26351 6703 11872 18669
26352 11872 3320 11641
26353 11872 11641 18669
26354 11641 3319 11783
26355 11641 11783 18669
26356 11783 670 6703
26357 11783 6703 18669
26358 6705 2076 11873
26359 6705 11873 18670
26360 11873 4618 11753
26361 11873 11753 18670
26362 11753 3405 11781
26363 11753 11781 18670
26364 11781 673 6705
26365 11781 6705 18670
26366 11777 3424 11868
26367 11777 11868 18671
26368 11868 666 6706
26369 11868 6706 18671
26370 6706 677 11870
26371 6706 11870 18671
26372 11870 3414 11777
26373 11870 11777 18671
26374 6707 678 11871
26375 6707 11871 18672
26376 11871 3409 11762
26377 11871 11762 18672
26378 11762 3408 11825
26379 11762 11825 18672
26380 11825 667 6707
26381 11825 6707 18672
26382 11616 3304 11874
26383 11616 11874 18673
26384 11874 3453 11875
26385 11874 11875 18673
26386 11875 3454 11876
26387 11875 11876 18673
26388 11876 3305 11616
26389 11876 11616 18673
26390 11625 3306 11877
26391 11625 11877 18674
26392 11877 3455 11878
26393 11877 11878 18674
26394 11878 3453 11874
26395 11878 11874 18674
26396 11874 3304 11625
26397 11874 11625 18674
26398 11879 3457 11880
26399 11879 11880 18675
26400 11880 3342 11672
26401 11880 11672 18675
26402 11672 3341 11881
26403 11672 11881 18675
26404 11881 3456 11879
26405 11881 11879 18675
26406 11882 3459 11883
26407 11882 11883 18676
26408 11883 3460 11884
26409 11883 11884 18676
26410 11884 3288 11885
26411 11884 11885 18676
26412 11885 3458 11882
26413 11885 11882 18676
26414 11684 3350 11886
26415 11684 11886 18677
26416 11886 3461 11887
26417 11886 11887 18677
26418 11887 3462 11888
26419 11887 11888 18677
26420 11888 3307 11684
26421 11888 11684 18677
26422 11889 3464 11890
26423 11889 11890 18678
26424 11890 3287 11891
26425 11890 11891 18678
26426 11891 3465 11892
26427 11891 11892 18678
26428 11892 3463 11889
26429 11892 11889 18678
26430 11893 3458 11885
26431 11893 11885 18679
26432 11885 3288 11594
26433 11885 11594 18679
26434 11594 3287 11890
26435 11594 11890 18679
26436 11890 3464 11893
26437 11890 11893 18679
26438 11894 3467 11895
26439 11894 11895 18680
26440 11895 3294 11598
26441 11895 11598 18680
26442 11598 3293 11896
26443 11598 11896 18680
26444 11896 3466 11894
26445 11896 11894 18680
26446 11897 3460 11883
26447 11897 11883 18681
26448 11883 3459 11898
26449 11883 11898 18681
26450 11898 3469 11899
26451 11898 11899 18681
26452 11899 3468 11897
26453 11899 11897 18681
26454 11900 3468 11899
26455 11900 11899 18682
26456 11899 3469 11901
26457 11899 11901 18682
26458 11901 3470 11902
26459 11901 11902 18682
26460 11902 3310 11900
26461 11902 11900 18682
26462 11903 679 6738
26463 11903 6738 18683
26464 6738 662 11627
26465 6738 11627 18683
26466 11627 3308 11904
26467 11627 11904 18683
26468 11904 3471 11903
26469 11904 11903 18683
26470 11905 3456 11881
26471 11905 11881 18684
26472 11881 3341 11707
26473 11881 11707 18684
26474 11707 3361 11906
26475 11707 11906 18684
26476 11906 3472 11905
26477 11906 11905 18684
26478 11907 3474 11908
26479 11907 11908 18685
26480 11908 3395 11737
26481 11908 11737 18685
26482 11737 3359 11909
26483 11737 11909 18685
26484 11909 3473 11907
26485 11909 11907 18685
26486 11910 3475 11911
26487 11910 11911 18686
26488 11911 3301 11622
26489 11911 11622 18686
26490 11622 3307 11888
26491 11622 11888 18686
26492 11888 3462 11910
26493 11888 11910 18686
26494 11697 4608 11912
26495 11697 11912 18687
26496 11912 4607 11913
26497 11912 11913 18687
26498 11913 3473 11909
26499 11913 11909 18687
26500 11909 3359 11697
26501 11909 11697 18687
26502 11612 3301 11911
26503 11612 11911 18688
26504 11911 3475 11914
26505 11911 11914 18688
26506 11914 3477 11915
26507 11914 11915 18688
26508 11915 3302 11612
26509 11915 11612 18688
26510 11742 3396 11916
26511 11742 11916 18689
26512 11916 3478 11917
26513 11916 11917 18689
26514 11917 3479 11918
26515 11917 11918 18689
26516 11918 3397 11742
26517 11918 11742 18689
26518 11919 3480 11920
26519 11919 11920 18690
26520 11920 3439 11804
26521 11920 11804 18690
26522 11804 3397 11918
26523 11804 11918 18690
26524 11918 3479 11919
26525 11918 11919 18690
26526 11921 3484 11922
26527 11921 11922 18691
26528 11922 3469 11898
26529 11922 11898 18691
26530 11898 3459 11923
26531 11898 11923 18691
26532 11923 3483 11921
26533 11923 11921 18691
26534 11924 3485 11925
26535 11924 11925 18692
26536 11925 3470 11901
26537 11925 11901 18692
26538 11901 3469 11922
26539 11901 11922 18692
26540 11922 3484 11924
26541 11922 11924 18692
26542 11926 3487 11927
26543 11926 11927 18693
26544 11927 3456 11905
26545 11927 11905 18693
26546 11905 3472 11928
26547 11905 11928 18693
26548 11928 3486 11926
26549 11928 11926 18693
26550 11879 3456 11927
26551 11879 11927 18694
26552 11927 3487 11929
26553 11927 11929 18694
26554 11929 3488 11930
26555 11929 11930 18694
26556 11930 3457 11879
26557 11930 11879 18694
26558 11931 3489 11932
26559 11931 11932 18695
26560 11932 3473 11913
26561 11932 11913 18695
26562 11913 4607 11933
26563 11913 11933 18695
26564 11933 4606 11931
26565 11933 11931 18695
26566 11934 3490 11935
26567 11934 11935 18696
26568 11935 3474 11907
26569 11935 11907 18696
26570 11907 3473 11932
26571 11907 11932 18696
26572 11932 3489 11934
26573 11932 11934 18696
26574 11917 3478 11936
26575 11917 11936 18697
26576 11936 3491 11937
26577 11936 11937 18697
26578 11937 3492 11938
26579 11937 11938 18697
26580 11938 3479 11917
26581 11938 11917 18697
26582 11919 3479 11938
26583 11919 11938 18698
26584 11938 3492 11939
26585 11938 11939 18698
26586 11939 3493 11940
26587 11939 11940 18698
26588 11940 3480 11919
26589 11940 11919 18698
26590 11941 3498 11942
26591 11941 11942 18699
26592 11942 3462 11887
26593 11942 11887 18699
26594 11887 3461 11943
26595 11887 11943 18699
26596 11943 3497 11941
26597 11943 11941 18699
26598 11944 3499 11945
26599 11944 11945 18700
26600 11945 3475 11910
26601 11945 11910 18700
26602 11910 3462 11942
26603 11910 11942 18700
26604 11942 3498 11944
26605 11942 11944 18700
26606 11914 3475 11945
26607 11914 11945 18701
26608 11945 3499 11946
26609 11945 11946 18701
26610 11946 3500 11947
26611 11946 11947 18701
26612 11947 3477 11914
26613 11947 11914 18701
26614 11894 3466 11948
26615 11894 11948 18702
26616 11948 3501 11949
26617 11948 11949 18702
26618 11949 3502 11950
26619 11949 11950 18702
26620 11950 3467 11894
26621 11950 11894 18702
26622 11951 3503 11952
26623 11951 11952 18703
26624 11952 3455 11953
26625 11952 11953 18703
26626 11953 3467 11950
26627 11953 11950 18703
26628 11950 3502 11951
26629 11950 11951 18703
26630 11954 3505 11955
26631 11954 11955 18704
26632 11955 3454 11875
26633 11955 11875 18704
26634 11875 3453 11956
26635 11875 11956 18704
26636 11956 3504 11954
26637 11956 11954 18704
26638 11889 3463 11957
26639 11889 11957 18705
26640 11957 3506 11958
26641 11957 11958 18705
26642 11958 3507 11959
26643 11958 11959 18705
26644 11959 3464 11889
26645 11959 11889 18705
26646 11893 3464 11959
26647 11893 11959 18706
26648 11959 3507 11960
26649 11959 11960 18706
26650 11960 3508 11961
26651 11960 11961 18706
26652 11961 3458 11893
26653 11961 11893 18706
26654 11962 3483 11923
26655 11962 11923 18707
26656 11923 3459 11882
26657 11923 11882 18707
26658 11882 3458 11961
26659 11882 11961 18707
26660 11961 3508 11962
26661 11961 11962 18707
26662 11963 3509 11964
26663 11963 11964 18708
26664 11964 680 6798
26665 11964 6798 18708
26666 6798 679 11903
26667 6798 11903 18708
26668 11903 3471 11963
26669 11903 11963 18708
26670 11965 3478 11916
26671 11965 11916 18709
26672 11916 3396 11739
26673 11916 11739 18709
26674 11739 3395 11908
26675 11739 11908 18709
26676 11908 3474 11965
26677 11908 11965 18709
26678 11966 3491 11936
26679 11966 11936 18710
26680 11936 3478 11965
26681 11936 11965 18710
26682 11965 3474 11935
26683 11965 11935 18710
26684 11935 3490 11966
26685 11935 11966 18710
26686 11967 3481 11968
26687 11967 11968 18711
26688 11968 3345 11855
26689 11968 11855 18711
26690 11855 3439 11920
26691 11855 11920 18711
26692 11920 3480 11967
26693 11920 11967 18711
26694 11969 3494 11970
26695 11969 11970 18712
26696 11970 3481 11967
26697 11970 11967 18712
26698 11967 3480 11940
26699 11967 11940 18712
26700 11940 3493 11969
26701 11940 11969 18712
26702 11953 3455 11877
26703 11953 11877 18713
26704 11877 3306 11619
26705 11877 11619 18713
26706 11619 3294 11895
26707 11619 11895 18713
26708 11895 3467 11953
26709 11895 11953 18713
26710 11878 3455 11952
26711 11878 11952 18714
26712 11952 3503 11971
26713 11952 11971 18714
26714 11971 3504 11956
26715 11971 11956 18714
26716 11956 3453 11878
26717 11956 11878 18714
26718 11972 3510 11973
26719 11972 11973 18715
26720 11973 3511 11974
26721 11973 11974 18715
26722 11974 3305 11876
26723 11974 11876 18715
26724 11876 3454 11972
26725 11876 11972 18715
26726 11975 3512 11976
26727 11975 11976 18716
26728 11976 3510 11972
26729 11976 11972 18716
26730 11972 3454 11955
26731 11972 11955 18716
26732 11955 3505 11975
26733 11955 11975 18716
26734 11977 3463 11892
26735 11977 11892 18717
26736 11892 3465 11978
26737 11892 11978 18717
26738 11978 3511 11973
26739 11978 11973 18717
26740 11973 3510 11977
26741 11973 11977 18717
26742 11979 3506 11957
26743 11979 11957 18718
26744 11957 3463 11977
26745 11957 11977 18718
26746 11977 3510 11976
26747 11977 11976 18718
26748 11976 3512 11979
26749 11976 11979 18718
26750 11902 3470 11980
26751 11902 11980 18719
26752 11980 3471 11904
26753 11980 11904 18719
26754 11904 3308 11629
26755 11904 11629 18719
26756 11629 3310 11902
26757 11629 11902 18719
26758 11925 3485 11981
26759 11925 11981 18720
26760 11981 3509 11963
26761 11981 11963 18720
26762 11963 3471 11980
26763 11963 11980 18720
26764 11980 3470 11925
26765 11980 11925 18720
26766 11958 3506 11982
26767 11958 11982 18721
26768 11982 3513 11983
26769 11982 11983 18721
26770 11983 3514 11984
26771 11983 11984 18721
26772 11984 3507 11958
26773 11984 11958 18721
26774 11985 4621 11986
26775 11985 11986 18722
26776 11986 3517 11987
26777 11986 11987 18722
26778 11987 3518 11988
26779 11987 11988 18722
26780 11988 4622 11985
26781 11988 11985 18722
26782 11989 3520 11990
26783 11989 11990 18723
26784 11990 3521 11991
26785 11990 11991 18723
26786 11991 3522 11992
26787 11991 11992 18723
26788 11992 3519 11989
26789 11992 11989 18723
26790 11993 3524 11994
26791 11993 11994 18724
26792 11994 3520 11989
26793 11994 11989 18724
26794 11989 3519 11995
26795 11989 11995 18724
26796 11995 3523 11993
26797 11995 11993 18724
26798 11996 3526 11997
26799 11996 11997 18725
26800 11997 3527 11998
26801 11997 11998 18725
26802 11998 3528 11999
26803 11998 11999 18725
26804 11999 3525 11996
26805 11999 11996 18725
26806 12000 3534 12001
26807 12000 12001 18726
26808 12001 3535 12002
26809 12001 12002 18726
26810 12002 3536 12003
26811 12002 12003 18726
26812 12003 3533 12000
26813 12003 12000 18726
26814 12004 3538 12005
26815 12004 12005 18727
26816 12005 3539 12006
26817 12005 12006 18727
26818 12006 3540 12007
26819 12006 12007 18727
26820 12007 3537 12004
26821 12007 12004 18727
26822 12008 3534 12009
26823 12008 12009 18728
26824 12009 3538 12004
26825 12009 12004 18728
26826 12004 3537 12010
26827 12004 12010 18728
26828 12010 3529 12008
26829 12010 12008 18728
26830 12011 4605 12012
26831 12011 12012 18729
26832 12012 4604 12013
26833 12012 12013 18729
26834 12013 3548 12014
26835 12013 12014 18729
26836 12014 3545 12011
26837 12014 12011 18729
26838 12013 4604 12015
26839 12013 12015 18730
26840 12015 4603 12016
26841 12015 12016 18730
26842 12016 3550 12017
26843 12016 12017 18730
26844 12017 3548 12013
26845 12017 12013 18730
26846 12018 3551 12019
26847 12018 12019 18731
26848 12019 3552 12020
26849 12019 12020 18731
26850 12020 3548 12017
26851 12020 12017 18731
26852 12017 3550 12018
26853 12017 12018 18731
26854 12020 3552 12021
26855 12020 12021 18732
26856 12021 3553 12022
26857 12021 12022 18732
26858 12022 3545 12014
26859 12022 12014 18732
26860 12014 3548 12020
26861 12014 12020 18732
26862 12023 3555 12024
26863 12023 12024 18733
26864 12024 3487 11926
26865 12024 11926 18733
26866 11926 3486 12025
26867 11926 12025 18733
26868 12025 3554 12023
26869 12025 12023 18733
26870 12026 3508 11960
26871 12026 11960 18734
26872 11960 3507 11984
26873 11960 11984 18734
26874 11984 3514 12027
26875 11984 12027 18734
26876 12027 3556 12026
26877 12027 12026 18734
26878 12018 3550 12028
26879 12018 12028 18735
26880 12028 3557 12029
26881 12028 12029 18735
26882 12029 3558 12030
26883 12029 12030 18735
26884 12030 3551 12018
26885 12030 12018 18735
26886 12031 3557 12028
26887 12031 12028 18736
26888 12028 3550 12016
26889 12028 12016 18736
26890 12016 4603 12032
26891 12016 12032 18736
26892 12032 4602 12031
26893 12032 12031 18736
26894 12033 3561 12034
26895 12033 12034 18737
26896 12034 4620 12035
26897 12034 12035 18737
26898 12035 4619 12036
26899 12035 12036 18737
26900 12036 3560 12033
26901 12036 12033 18737
26902 12037 3531 12038
26903 12037 12038 18738
26904 12038 3530 12039
26905 12038 12039 18738
26906 12039 3565 12040
26907 12039 12040 18738
26908 12040 3564 12037
26909 12040 12037 18738
26910 12041 3567 12042
26911 12041 12042 18739
26912 12042 3568 12043
26913 12042 12043 18739
26914 12043 3569 12044
26915 12043 12044 18739
26916 12044 3566 12041
26917 12044 12041 18739
26918 12045 3575 12046
26919 12045 12046 18740
26920 12046 3574 12047
26921 12046 12047 18740
26922 12047 4599 12048
26923 12047 12048 18740
26924 12048 4598 12045
26925 12048 12045 18740
26926 12049 3576 12050
26927 12049 12050 18741
26928 12050 4588 12051
26929 12050 12051 18741
26930 12051 2044 6885
26931 12051 6885 18741
26932 6885 683 12049
26933 6885 12049 18741
26934 11949 3501 12052
26935 11949 12052 18742
26936 12052 3578 12053
26937 12052 12053 18742
26938 12053 3579 12054
26939 12053 12054 18742
26940 12054 3502 11949
26941 12054 11949 18742
26942 12055 3583 12056
26943 12055 12056 18743
26944 12056 3505 11954
26945 12056 11954 18743
26946 11954 3504 12057
26947 11954 12057 18743
26948 12057 3582 12055
26949 12057 12055 18743
26950 12058 3585 12059
26951 12058 12059 18744
26952 12059 3586 12060
26953 12059 12060 18744
26954 12060 3587 12061
26955 12060 12061 18744
26956 12061 3584 12058
26957 12061 12058 18744
26958 12062 3588 12063
26959 12062 12063 18745
26960 12063 3503 11951
26961 12063 11951 18745
26962 11951 3502 12054
26963 11951 12054 18745
26964 12054 3579 12062
26965 12054 12062 18745
26966 12064 3589 12065
26967 12064 12065 18746
26968 12065 3483 11962
26969 12065 11962 18746
26970 11962 3508 12026
26971 11962 12026 18746
26972 12026 3556 12064
26973 12026 12064 18746
26974 12066 3590 12067
26975 12066 12067 18747
26976 12067 3484 11921
26977 12067 11921 18747
26978 11921 3483 12065
26979 11921 12065 18747
26980 12065 3589 12066
26981 12065 12066 18747
26982 12068 3591 12069
26983 12068 12069 18748
26984 12069 3592 12070
26985 12069 12070 18748
26986 12070 3593 12071
26987 12070 12071 18748
26988 12071 3590 12068
26989 12071 12068 18748
26990 12072 3595 12073
26991 12072 12073 18749
26992 12073 3593 12070
26993 12073 12070 18749
26994 12070 3592 12074
26995 12070 12074 18749
26996 12074 3594 12072
26997 12074 12072 18749
26998 12075 3592 12069
26999 12075 12069 18750
27000 12069 3591 12076
27001 12069 12076 18750
27002 12076 3597 12077
27003 12076 12077 18750
27004 12077 3596 12075
27005 12077 12075 18750
27006 12078 4420 12079
27007 12078 12079 18751
27008 12079 4421 12080
27009 12079 12080 18751
27010 12080 3599 12081
27011 12080 12081 18751
27012 12081 3598 12078
27013 12081 12078 18751
27014 12082 3606 12083
27015 12082 12083 18752
27016 12083 3607 12084
27017 12083 12084 18752
27018 12084 3528 12085
27019 12084 12085 18752
27020 12085 3605 12082
27021 12085 12082 18752
27022 12086 3607 12083
27023 12086 12083 18753
27024 12083 3606 12087
27025 12083 12087 18753
27026 12087 3570 12088
27027 12087 12088 18753
27028 12088 3573 12086
27029 12088 12086 18753
27030 12089 3596 12077
27031 12089 12077 18754
27032 12077 3597 12090
27033 12077 12090 18754
27034 12090 3609 12091
27035 12090 12091 18754
27036 12091 3608 12089
27037 12091 12089 18754
27038 12092 3485 11924
27039 12092 11924 18755
27040 11924 3484 12067
27041 11924 12067 18755
27042 12067 3590 12071
27043 12067 12071 18755
27044 12071 3593 12092
27045 12071 12092 18755
27046 12093 3509 11981
27047 12093 11981 18756
27048 11981 3485 12092
27049 11981 12092 18756
27050 12092 3593 12073
27051 12092 12073 18756
27052 12073 3595 12093
27053 12073 12093 18756
27054 12094 3535 12001
27055 12094 12001 18757
27056 12001 3534 12008
27057 12001 12008 18757
27058 12008 3529 12095
27059 12008 12095 18757
27060 12095 3532 12094
27061 12095 12094 18757
27062 12096 3539 12005
27063 12096 12005 18758
27064 12005 3538 12097
27065 12005 12097 18758
27066 12097 3611 12098
27067 12097 12098 18758
27068 12098 3610 12096
27069 12098 12096 18758
27070 12097 3538 12009
27071 12097 12009 18759
27072 12009 3534 12000
27073 12009 12000 18759
27074 12000 3533 12099
27075 12000 12099 18759
27076 12099 3611 12097
27077 12099 12097 18759
27078 11929 3487 12024
27079 11929 12024 18760
27080 12024 3555 12100
27081 12024 12100 18760
27082 12100 3546 12101
27083 12100 12101 18760
27084 12101 3488 11929
27085 12101 11929 18760
27086 12022 3553 12102
27087 12022 12102 18761
27088 12102 3490 11934
27089 12102 11934 18761
27090 11934 3489 12103
27091 11934 12103 18761
27092 12103 3545 12022
27093 12103 12022 18761
27094 11939 3492 12104
27095 11939 12104 18762
27096 12104 3619 12105
27097 12104 12105 18762
27098 12105 3620 12106
27099 12105 12106 18762
27100 12106 3493 11939
27101 12106 11939 18762
27102 12107 3622 12108
27103 12107 12108 18763
27104 12108 3623 12109
27105 12108 12109 18763
27106 12109 3624 12110
27107 12109 12110 18763
27108 12110 3621 12107
27109 12110 12107 18763
27110 12111 3626 12112
27111 12111 12112 18764
27112 12112 3622 12107
27113 12112 12107 18764
27114 12107 3621 12113
27115 12107 12113 18764
27116 12113 3625 12111
27117 12113 12111 18764
27118 12114 3626 12115
27119 12114 12115 18765
27120 12115 3619 12116
27121 12115 12116 18765
27122 12116 3628 12117
27123 12116 12117 18765
27124 12117 3627 12114
27125 12117 12114 18765
27126 12105 3619 12115
27127 12105 12115 18766
27128 12115 3626 12111
27129 12115 12111 18766
27130 12111 3625 12118
27131 12111 12118 18766
27132 12118 3620 12105
27133 12118 12105 18766
27134 12119 3629 12120
27135 12119 12120 18767
27136 12120 3630 12121
27137 12120 12121 18767
27138 12121 3514 11983
27139 12121 11983 18767
27140 11983 3513 12119
27141 11983 12119 18767
27142 12122 3631 12123
27143 12122 12123 18768
27144 12123 3632 12124
27145 12123 12124 18768
27146 12124 3583 12055
27147 12124 12055 18768
27148 12055 3582 12122
27149 12055 12122 18768
27150 12125 3633 12126
27151 12125 12126 18769
27152 12126 3634 12127
27153 12126 12127 18769
27154 12127 3597 12076
27155 12127 12076 18769
27156 12076 3591 12125
27157 12076 12125 18769
27158 12128 3635 12129
27159 12128 12129 18770
27160 12129 3636 12130
27161 12129 12130 18770
27162 12130 3590 12066
27163 12130 12066 18770
27164 12066 3589 12128
27165 12066 12128 18770
27166 12130 3636 12131
27167 12130 12131 18771
27168 12131 3633 12125
27169 12131 12125 18771
27170 12125 3591 12068
27171 12125 12068 18771
27172 12068 3590 12130
27173 12068 12130 18771
27174 12132 3637 12133
27175 12132 12133 18772
27176 12133 3556 12027
27177 12133 12027 18772
27178 12027 3514 12121
27179 12027 12121 18772
27180 12121 3630 12132
27181 12121 12132 18772
27182 12134 3639 12135
27183 12134 12135 18773
27184 12135 3588 12062
27185 12135 12062 18773
27186 12062 3579 12136
27187 12062 12136 18773
27188 12136 3638 12134
27189 12136 12134 18773
27190 12053 3578 12137
27191 12053 12137 18774
27192 12137 3640 12138
27193 12137 12138 18774
27194 12138 3638 12136
27195 12138 12136 18774
27196 12136 3579 12053
27197 12136 12053 18774
27198 12139 3641 12140
27199 12139 12140 18775
27200 12140 3609 12090
27201 12140 12090 18775
27202 12090 3597 12127
27203 12090 12127 18775
27204 12127 3634 12139
27205 12127 12139 18775
27206 12141 3635 12128
27207 12141 12128 18776
27208 12128 3589 12064
27209 12128 12064 18776
27210 12064 3556 12133
27211 12064 12133 18776
27212 12133 3637 12141
27213 12133 12141 18776
27214 12142 3643 12143
27215 12142 12143 18777
27216 12143 3644 12144
27217 12143 12144 18777
27218 12144 3645 12145
27219 12144 12145 18777
27220 12145 3642 12142
27221 12145 12142 18777
27222 11941 3497 12146
27223 11941 12146 18778
27224 12146 3644 12143
27225 12146 12143 18778
27226 12143 3643 12147
27227 12143 12147 18778
27228 12147 3498 11941
27229 12147 11941 18778
27230 11944 3498 12147
27231 11944 12147 18779
27232 12147 3643 12148
27233 12147 12148 18779
27234 12148 3646 12149
27235 12148 12149 18779
27236 12149 3499 11944
27237 12149 11944 18779
27238 12150 3646 12148
27239 12150 12148 18780
27240 12148 3643 12142
27241 12148 12142 18780
27242 12142 3642 12151
27243 12142 12151 18780
27244 12151 3648 12150
27245 12151 12150 18780
27246 11988 3518 12152
27247 11988 12152 18781
27248 12152 693 6990
27249 12152 6990 18781
27250 6990 2081 12153
27251 6990 12153 18781
27252 12153 4622 11988
27253 12153 11988 18781
27254 12011 3545 12103
27255 12011 12103 18782
27256 12103 3489 11931
27257 12103 11931 18782
27258 11931 4606 12154
27259 11931 12154 18782
27260 12154 4605 12011
27261 12154 12011 18782
27262 12155 3649 12156
27263 12155 12156 18783
27264 12156 3650 12157
27265 12156 12157 18783
27266 12157 3646 12150
27267 12157 12150 18783
27268 12150 3648 12155
27269 12150 12155 18783
27270 11946 3499 12149
27271 11946 12149 18784
27272 12149 3646 12157
27273 12149 12157 18784
27274 12157 3650 12158
27275 12157 12158 18784
27276 12158 3500 11946
27277 12158 11946 18784
27278 12159 3587 12060
27279 12159 12060 18785
27280 12060 3586 12160
27281 12060 12160 18785
27282 12160 3652 12161
27283 12160 12161 18785
27284 12161 3651 12159
27285 12161 12159 18785
27286 11937 3491 12162
27287 11937 12162 18786
27288 12162 3628 12116
27289 12162 12116 18786
27290 12116 3619 12104
27291 12116 12104 18786
27292 12104 3492 11937
27293 12104 11937 18786
27294 12163 3623 12108
27295 12163 12108 18787
27296 12108 3622 12164
27297 12108 12164 18787
27298 12164 3654 12165
27299 12164 12165 18787
27300 12165 3653 12163
27301 12165 12163 18787
27302 12114 3627 12166
27303 12114 12166 18788
27304 12166 3654 12164
27305 12166 12164 18788
27306 12164 3622 12112
27307 12164 12112 18788
27308 12112 3626 12114
27309 12112 12114 18788
27310 12167 4509 12168
27311 12167 12168 18789
27312 12168 4508 12169
27313 12168 12169 18789
27314 12169 3658 12170
27315 12169 12170 18789
27316 12170 3655 12167
27317 12170 12167 18789
27318 12171 3660 12172
27319 12171 12172 18790
27320 12172 3661 12173
27321 12172 12173 18790
27322 12173 3662 12174
27323 12173 12174 18790
27324 12174 3659 12171
27325 12174 12171 18790
27326 12175 3673 12176
27327 12175 12176 18791
27328 12176 3674 12177
27329 12176 12177 18791
27330 12177 3642 12145
27331 12177 12145 18791
27332 12145 3645 12175
27333 12145 12175 18791
27334 12177 3674 12178
27335 12177 12178 18792
27336 12178 3675 12179
27337 12178 12179 18792
27338 12179 3648 12151
27339 12179 12151 18792
27340 12151 3642 12177
27341 12151 12177 18792
27342 12180 3676 12181
27343 12180 12181 18793
27344 12181 3649 12155
27345 12181 12155 18793
27346 12155 3648 12179
27347 12155 12179 18793
27348 12179 3675 12180
27349 12179 12180 18793
27350 12182 3547 12183
27351 12182 12183 18794
27352 12183 3546 12100
27353 12183 12100 18794
27354 12100 3555 12184
27355 12100 12184 18794
27356 12184 3679 12182
27357 12184 12182 18794
27358 12023 3554 12185
27359 12023 12185 18795
27360 12185 3680 12186
27361 12185 12186 18795
27362 12186 3679 12184
27363 12186 12184 18795
27364 12184 3555 12023
27365 12184 12023 18795
27366 12187 3560 12188
27367 12187 12188 18796
27368 12188 3679 12186
27369 12188 12186 18796
27370 12186 3680 12189
27371 12186 12189 18796
27372 12189 3681 12187
27373 12189 12187 18796
27374 12190 3682 12191
27375 12190 12191 18797
27376 12191 3561 12033
27377 12191 12033 18797
27378 12033 3560 12187
27379 12033 12187 18797
27380 12187 3681 12190
27381 12187 12190 18797
27382 11993 3523 12192
27383 11993 12192 18798
27384 12192 3569 12043
27385 12192 12043 18798
27386 12043 3568 12193
27387 12043 12193 18798
27388 12193 3524 11993
27389 12193 11993 18798
27390 12194 3686 12195
27391 12194 12195 18799
27392 12195 697 7033
27393 12195 7033 18799
27394 7033 741 12196
27395 7033 12196 18799
27396 12196 3685 12194
27397 12196 12194 18799
27398 11991 3521 12197
27399 11991 12197 18800
27400 12197 689 7037
27401 12197 7037 18800
27402 7037 698 12198
27403 7037 12198 18800
27404 12198 3522 11991
27405 12198 11991 18800
27406 12199 3651 12161
27407 12199 12161 18801
27408 12161 3652 12200
27409 12161 12200 18801
27410 12200 3564 12040
27411 12200 12040 18801
27412 12040 3565 12199
27413 12040 12199 18801
27414 12201 3653 12165
27415 12201 12165 18802
27416 12165 3654 12202
27417 12165 12202 18802
27418 12202 3551 12030
27419 12202 12030 18802
27420 12030 3558 12201
27421 12030 12201 18802
27422 12202 3654 12166
27423 12202 12166 18803
27424 12166 3627 12203
27425 12166 12203 18803
27426 12203 3552 12019
27427 12203 12019 18803
27428 12019 3551 12202
27429 12019 12202 18803
27430 12203 3627 12117
27431 12203 12117 18804
27432 12117 3628 12204
27433 12117 12204 18804
27434 12204 3553 12021
27435 12204 12021 18804
27436 12021 3552 12203
27437 12021 12203 18804
27438 12204 3628 12162
27439 12204 12162 18805
27440 12162 3491 11966
27441 12162 11966 18805
27442 11966 3490 12102
27443 11966 12102 18805
27444 12102 3553 12204
27445 12102 12204 18805
27446 12205 3665 12206
27447 12205 12206 18806
27448 12206 3585 12058
27449 12206 12058 18806
27450 12058 3584 12207
27451 12058 12207 18806
27452 12207 3666 12205
27453 12207 12205 18806
27454 12208 3669 12209
27455 12208 12209 18807
27456 12209 3621 12110
27457 12209 12110 18807
27458 12110 3624 12210
27459 12110 12210 18807
27460 12210 3670 12208
27461 12210 12208 18807
27462 12211 3677 12212
27463 12211 12212 18808
27464 12212 3625 12113
27465 12212 12113 18808
27466 12113 3621 12209
27467 12113 12209 18808
27468 12209 3669 12211
27469 12209 12211 18808
27470 12213 3671 12214
27471 12213 12214 18809
27472 12214 3494 11969
27473 12214 11969 18809
27474 11969 3493 12106
27475 11969 12106 18809
27476 12106 3620 12213
27477 12106 12213 18809
27478 12118 3625 12212
27479 12118 12212 18810
27480 12212 3677 12215
27481 12212 12215 18810
27482 12215 3671 12213
27483 12215 12213 18810
27484 12213 3620 12118
27485 12213 12118 18810
27486 12216 3598 12217
27487 12216 12217 18811
27488 12217 3689 12218
27489 12217 12218 18811
27490 12218 3690 12219
27491 12218 12219 18811
27492 12219 3686 12216
27493 12219 12216 18811
27494 12217 3598 12081
27495 12217 12081 18812
27496 12081 3599 12220
27497 12081 12220 18812
27498 12220 3691 12221
27499 12220 12221 18812
27500 12221 3689 12217
27501 12221 12217 18812
27502 12222 3693 12223
27503 12222 12223 18813
27504 12223 3694 12224
27505 12223 12224 18813
27506 12224 3519 11992
27507 12224 11992 18813
27508 11992 3522 12222
27509 11992 12222 18813
27510 12225 3571 12226
27511 12225 12226 18814
27512 12226 3698 12227
27513 12226 12227 18814
27514 12227 3699 12228
27515 12227 12228 18814
27516 12228 3697 12225
27517 12228 12225 18814
27518 12229 3698 12226
27519 12229 12226 18815
27520 12226 3571 12230
27521 12226 12230 18815
27522 12230 3570 12231
27523 12230 12231 18815
27524 12231 3700 12229
27525 12231 12229 18815
27526 12087 3606 12232
27527 12087 12232 18816
27528 12232 3701 12233
27529 12232 12233 18816
27530 12233 3700 12231
27531 12233 12231 18816
27532 12231 3570 12087
27533 12231 12087 18816
27534 12234 3701 12232
27535 12234 12232 18817
27536 12232 3606 12082
27537 12232 12082 18817
27538 12082 3605 12235
27539 12082 12235 18817
27540 12235 3702 12234
27541 12235 12234 18817
27542 12236 3609 12140
27543 12236 12140 18818
27544 12140 3641 12237
27545 12140 12237 18818
27546 12237 3703 12238
27547 12237 12238 18818
27548 12238 4421 12236
27549 12238 12236 18818
27550 12239 3608 12091
27551 12239 12091 18819
27552 12091 3609 12236
27553 12091 12236 18819
27554 12236 4421 12079
27555 12236 12079 18819
27556 12079 4420 12239
27557 12079 12239 18819
27558 12240 3704 12241
27559 12240 12241 18820
27560 12241 3685 12196
27561 12241 12196 18820
27562 12196 741 7080
27563 12196 7080 18820
27564 7080 699 12240
27565 7080 12240 18820
27566 12242 3709 12243
27567 12242 12243 18821
27568 12243 3708 12244
27569 12243 12244 18821
27570 12244 3610 12098
27571 12244 12098 18821
27572 12098 3611 12242
27573 12098 12242 18821
27574 12245 3526 11996
27575 12245 11996 18822
27576 11996 3525 12246
27577 11996 12246 18822
27578 12246 3533 12003
27579 12246 12003 18822
27580 12003 3536 12245
27581 12003 12245 18822
27582 12247 4620 12034
27583 12247 12034 18823
27584 12034 3561 12248
27585 12034 12248 18823
27586 12248 3517 11986
27587 12248 11986 18823
27588 11986 4621 12247
27589 11986 12247 18823
27590 12249 3710 12250
27591 12249 12250 18824
27592 12250 3517 12248
27593 12250 12248 18824
27594 12248 3561 12191
27595 12248 12191 18824
27596 12191 3682 12249
27597 12191 12249 18824
27598 12251 3568 12042
27599 12251 12042 18825
27600 12042 3567 12252
27601 12042 12252 18825
27602 12252 3699 12227
27603 12252 12227 18825
27604 12227 3698 12251
27605 12227 12251 18825
27606 12253 3524 12193
27607 12253 12193 18826
27608 12193 3568 12251
27609 12193 12251 18826
27610 12251 3698 12229
27611 12251 12229 18826
27612 12229 3700 12253
27613 12229 12253 18826
27614 12254 3520 11994
27615 12254 11994 18827
27616 11994 3524 12253
27617 11994 12253 18827
27618 12253 3700 12233
27619 12253 12233 18827
27620 12233 3701 12254
27621 12233 12254 18827
27622 12255 3521 11990
27623 12255 11990 18828
27624 11990 3520 12254
27625 11990 12254 18828
27626 12254 3701 12234
27627 12254 12234 18828
27628 12234 3702 12255
27629 12234 12255 18828
27630 12256 3657 12257
27631 12256 12257 18829
27632 12257 3656 12258
27633 12257 12258 18829
27634 12258 3705 12259
27635 12258 12259 18829
27636 12259 3706 12256
27637 12259 12256 18829
27638 12260 3711 12261
27639 12260 12261 18830
27640 12261 3713 12262
27641 12261 12262 18830
27642 12262 3714 12263
27643 12262 12263 18830
27644 12263 3712 12260
27645 12263 12260 18830
27646 12264 4511 12265
27647 12264 12265 18831
27648 12265 4510 12266
27649 12265 12266 18831
27650 12266 3716 12267
27651 12266 12267 18831
27652 12267 3715 12264
27653 12267 12264 18831
27654 12268 3718 12269
27655 12268 12269 18832
27656 12269 3719 12270
27657 12269 12270 18832
27658 12270 4514 12271
27659 12270 12271 18832
27660 12271 4513 12268
27661 12271 12268 18832
27662 12272 3722 12273
27663 12272 12273 18833
27664 12273 3723 12274
27665 12273 12274 18833
27666 12274 3717 12275
27667 12274 12275 18833
27668 12275 3721 12272
27669 12275 12272 18833
27670 12276 3674 12176
27671 12276 12176 18834
27672 12176 3673 12277
27673 12176 12277 18834
27674 12277 3722 12272
27675 12277 12272 18834
27676 12272 3721 12276
27677 12272 12276 18834
27678 12278 3723 12273
27679 12278 12273 18835
27680 12273 3722 12279
27681 12273 12279 18835
27682 12279 3712 12263
27683 12279 12263 18835
27684 12263 3714 12278
27685 12263 12278 18835
27686 12280 3728 12281
27687 12280 12281 18836
27688 12281 4512 12282
27689 12281 12282 18836
27690 12282 4511 12264
27691 12282 12264 18836
27692 12264 3715 12280
27693 12264 12280 18836
27694 12283 3718 12268
27695 12283 12268 18837
27696 12268 4513 12284
27697 12268 12284 18837
27698 12284 4512 12281
27699 12284 12281 18837
27700 12281 3728 12283
27701 12281 12283 18837
27702 11971 3503 12063
27703 11971 12063 18838
27704 12063 3588 12285
27705 12063 12285 18838
27706 12285 3582 12057
27707 12285 12057 18838
27708 12057 3504 11971
27709 12057 11971 18838
27710 12285 3588 12135
27711 12285 12135 18839
27712 12135 3639 12286
27713 12135 12286 18839
27714 12286 3631 12122
27715 12286 12122 18839
27716 12122 3582 12285
27717 12122 12285 18839
27718 12287 3729 12288
27719 12287 12288 18840
27720 12288 3512 11975
27721 12288 11975 18840
27722 11975 3505 12056
27723 11975 12056 18840
27724 12056 3583 12287
27725 12056 12287 18840
27726 12289 3730 12290
27727 12289 12290 18841
27728 12290 3729 12287
27729 12290 12287 18841
27730 12287 3583 12124
27731 12287 12124 18841
27732 12124 3632 12289
27733 12124 12289 18841
27734 12291 3513 11982
27735 12291 11982 18842
27736 11982 3506 11979
27737 11982 11979 18842
27738 11979 3512 12288
27739 11979 12288 18842
27740 12288 3729 12291
27741 12288 12291 18842
27742 12292 3629 12119
27743 12292 12119 18843
27744 12119 3513 12291
27745 12119 12291 18843
27746 12291 3729 12290
27747 12291 12290 18843
27748 12290 3730 12292
27749 12290 12292 18843
27750 12293 3732 12294
27751 12293 12294 18844
27752 12294 3733 12295
27753 12294 12295 18844
27754 12295 3734 12296
27755 12295 12296 18844
27756 12296 3731 12293
27757 12296 12293 18844
27758 12297 3739 12298
27759 12297 12298 18845
27760 12298 3740 12299
27761 12298 12299 18845
27762 12299 3741 12300
27763 12299 12300 18845
27764 12300 3738 12297
27765 12300 12297 18845
27766 12301 3742 12302
27767 12301 12302 18846
27768 12302 3743 12303
27769 12302 12303 18846
27770 12303 3739 12297
27771 12303 12297 18846
27772 12297 3738 12301
27773 12297 12301 18846
27774 12299 3740 12304
27775 12299 12304 18847
27776 12304 3736 12305
27777 12304 12305 18847
27778 12305 3735 12306
27779 12305 12306 18847
27780 12306 3741 12299
27781 12306 12299 18847
27782 12307 3744 12308
27783 12307 12308 18848
27784 12308 3745 12309
27785 12308 12309 18848
27786 12309 3743 12302
27787 12309 12302 18848
27788 12302 3742 12307
27789 12302 12307 18848
27790 12310 3731 12296
27791 12310 12296 18849
27792 12296 3734 12311
27793 12296 12311 18849
27794 12311 3745 12308
27795 12311 12308 18849
27796 12308 3744 12310
27797 12308 12310 18849
27798 12312 3747 12313
27799 12312 12313 18850
27800 12313 3733 12294
27801 12313 12294 18850
27802 12294 3732 12314
27803 12294 12314 18850
27804 12314 3746 12312
27805 12314 12312 18850
27806 12315 3749 12316
27807 12315 12316 18851
27808 12316 3747 12312
27809 12316 12312 18851
27810 12312 3746 12317
27811 12312 12317 18851
27812 12317 3748 12315
27813 12317 12315 18851
27814 12318 3751 12319
27815 12318 12319 18852
27816 12319 3752 12320
27817 12319 12320 18852
27818 12320 3753 12321
27819 12320 12321 18852
27820 12321 3750 12318
27821 12321 12318 18852
27822 12322 3757 12323
27823 12322 12323 18853
27824 12323 3758 12324
27825 12323 12324 18853
27826 12324 3759 12325
27827 12324 12325 18853
27828 12325 3756 12322
27829 12325 12322 18853
27830 12326 3761 12327
27831 12326 12327 18854
27832 12327 3762 12328
27833 12327 12328 18854
27834 12328 3763 12329
27835 12328 12329 18854
27836 12329 3760 12326
27837 12329 12326 18854
27838 12330 3765 12331
27839 12330 12331 18855
27840 12331 3749 12315
27841 12331 12315 18855
27842 12315 3748 12332
27843 12315 12332 18855
27844 12332 3764 12330
27845 12332 12330 18855
27846 12333 3759 12324
27847 12333 12324 18856
27848 12324 3758 12334
27849 12324 12334 18856
27850 12334 3769 12335
27851 12334 12335 18856
27852 12335 3768 12333
27853 12335 12333 18856
27854 12336 3768 12335
27855 12336 12335 18857
27856 12335 3769 12337
27857 12335 12337 18857
27858 12337 3762 12327
27859 12337 12327 18857
27860 12327 3761 12336
27861 12327 12336 18857
27862 12321 3753 12338
27863 12321 12338 18858
27864 12338 3765 12330
27865 12338 12330 18858
27866 12330 3764 12339
27867 12330 12339 18858
27868 12339 3750 12321
27869 12339 12321 18858
27870 12340 3773 12341
27871 12340 12341 18859
27872 12341 3774 12342
27873 12341 12342 18859
27874 12342 4645 12343
27875 12342 12343 18859
27876 12343 4644 12340
27877 12343 12340 18859
27878 12344 3785 12345
27879 12344 12345 18860
27880 12345 3786 12346
27881 12345 12346 18860
27882 12346 4631 12347
27883 12346 12347 18860
27884 12347 4630 12344
27885 12347 12344 18860
27886 12348 3789 12349
27887 12348 12349 18861
27888 12349 3788 12350
27889 12349 12350 18861
27890 12350 4642 12351
27891 12350 12351 18861
27892 12351 4641 12348
27893 12351 12348 18861
27894 12352 3790 12353
27895 12352 12353 18862
27896 12353 3782 12354
27897 12353 12354 18862
27898 12354 4647 12355
27899 12354 12355 18862
27900 12355 4646 12352
27901 12355 12352 18862
27902 12356 3779 12357
27903 12356 12357 18863
27904 12357 3778 12358
27905 12357 12358 18863
27906 12358 4649 12359
27907 12358 12359 18863
27908 12359 4648 12356
27909 12359 12356 18863
27910 12360 3791 12361
27911 12360 12361 18864
27912 12361 3792 12362
27913 12361 12362 18864
27914 12362 4636 12363
27915 12362 12363 18864
27916 12363 4635 12360
27917 12363 12360 18864
27918 12364 3787 12365
27919 12364 12365 18865
27920 12365 3776 12366
27921 12365 12366 18865
27922 12366 4651 12367
27923 12366 12367 18865
27924 12367 4650 12364
27925 12367 12364 18865
27926 12358 3778 12368
27927 12358 12368 18866
27928 12368 3787 12364
27929 12368 12364 18866
27930 12364 4650 12369
27931 12364 12369 18866
27932 12369 4649 12358
27933 12369 12358 18866
27934 12366 3776 12370
27935 12366 12370 18867
27936 12370 3771 12371
27937 12370 12371 18867
27938 12371 4652 12372
27939 12371 12372 18867
27940 12372 4651 12366
27941 12372 12366 18867
27942 12373 3793 12374
27943 12373 12374 18868
27944 12374 3794 12375
27945 12374 12375 18868
27946 12375 4633 12376
27947 12375 12376 18868
27948 12376 4632 12373
27949 12376 12373 18868
27950 12354 3782 12377
27951 12354 12377 18869
27952 12377 3779 12356
27953 12377 12356 18869
27954 12356 4648 12378
27955 12356 12378 18869
27956 12378 4647 12354
27957 12378 12354 18869
27958 12342 3774 12379
27959 12342 12379 18870
27960 12379 3790 12352
27961 12379 12352 18870
27962 12352 4646 12380
27963 12352 12380 18870
27964 12380 4645 12342
27965 12380 12342 18870
27966 12381 3775 12382
27967 12381 12382 18871
27968 12382 3773 12340
27969 12382 12340 18871
27970 12340 4644 12383
27971 12340 12383 18871
27972 12383 4643 12381
27973 12383 12381 18871
27974 12384 3795 12385
27975 12384 12385 18872
27976 12385 3791 12360
27977 12385 12360 18872
27978 12360 4635 12386
27979 12360 12386 18872
27980 12386 4634 12384
27981 12386 12384 18872
27982 12375 3794 12387
27983 12375 12387 18873
27984 12387 3795 12384
27985 12387 12384 18873
27986 12384 4634 12388
27987 12384 12388 18873
27988 12388 4633 12375
27989 12388 12375 18873
27990 12341 3773 12389
27991 12341 12389 18874
27992 12389 3798 12390
27993 12389 12390 18874
27994 12390 3799 12391
27995 12390 12391 18874
27996 12391 3774 12341
27997 12391 12341 18874
27998 12392 3801 12393
27999 12392 12393 18875
28000 12393 3786 12345
28001 12393 12345 18875
28002 12345 3785 12394
28003 12345 12394 18875
28004 12394 3800 12392
28005 12394 12392 18875
28006 12382 3775 12395
28007 12382 12395 18876
28008 12395 3803 12396
28009 12395 12396 18876
28010 12396 3798 12389
28011 12396 12389 18876
28012 12389 3773 12382
28013 12389 12382 18876
28014 12397 3778 12357
28015 12397 12357 18877
28016 12357 3779 12398
28017 12357 12398 18877
28018 12398 3805 12399
28019 12398 12399 18877
28020 12399 3804 12397
28021 12399 12397 18877
28022 12379 3774 12391
28023 12379 12391 18878
28024 12391 3799 12400
28025 12391 12400 18878
28026 12400 3806 12401
28027 12400 12401 18878
28028 12401 3790 12379
28029 12401 12379 18878
28030 12361 3791 12402
28031 12361 12402 18879
28032 12402 3807 12403
28033 12402 12403 18879
28034 12403 3808 12404
28035 12403 12404 18879
28036 12404 3792 12361
28037 12404 12361 18879
28038 12374 3793 12405
28039 12374 12405 18880
28040 12405 3810 12406
28041 12405 12406 18880
28042 12406 3811 12407
28043 12406 12407 18880
28044 12407 3794 12374
28045 12407 12374 18880
28046 12408 3782 12353
28047 12408 12353 18881
28048 12353 3790 12401
28049 12353 12401 18881
28050 12401 3806 12409
28051 12401 12409 18881
28052 12409 3812 12408
28053 12409 12408 18881
28054 12398 3779 12377
28055 12398 12377 18882
28056 12377 3782 12408
28057 12377 12408 18882
28058 12408 3812 12410
28059 12408 12410 18882
28060 12410 3805 12398
28061 12410 12398 18882
28062 12411 3787 12368
28063 12411 12368 18883
28064 12368 3778 12397
28065 12368 12397 18883
28066 12397 3804 12412
28067 12397 12412 18883
28068 12412 3813 12411
28069 12412 12411 18883
28070 12387 3794 12407
28071 12387 12407 18884
28072 12407 3811 12413
28073 12407 12413 18884
28074 12413 3814 12414
28075 12413 12414 18884
28076 12414 3795 12387
28077 12414 12387 18884
28078 12385 3795 12414
28079 12385 12414 18885
28080 12414 3814 12415
28081 12414 12415 18885
28082 12415 3807 12402
28083 12415 12402 18885
28084 12402 3791 12385
28085 12402 12385 18885
28086 12416 3775 12381
28087 12416 12381 18886
28088 12381 4643 12417
28089 12381 12417 18886
28090 12417 4642 12350
28091 12417 12350 18886
28092 12350 3788 12416
28093 12350 12416 18886
28094 12072 3594 12418
28095 12072 12418 18887
28096 12418 685 7260
28097 12418 7260 18887
28098 7260 700 12419
28099 7260 12419 18887
28100 12419 3595 12072
28101 12419 12072 18887
28102 12420 3704 12240
28103 12420 12240 18888
28104 12240 699 7263
28105 12240 7263 18888
28106 7263 692 12421
28107 7263 12421 18888
28108 12421 3816 12420
28109 12421 12420 18888
28110 12422 701 7267
28111 12422 7267 18889
28112 7267 694 12423
28113 7267 12423 18889
28114 12423 3817 12424
28115 12423 12424 18889
28116 12424 3693 12422
28117 12424 12422 18889
28118 12425 3816 12421
28119 12425 12421 18890
28120 12421 692 7269
28121 12421 7269 18890
28122 7269 685 12418
28123 7269 12418 18890
28124 12418 3594 12425
28125 12418 12425 18890
28126 7273 687 12426
28127 7273 12426 18891
28128 12426 3605 12085
28129 12426 12085 18891
28130 12085 3528 12427
28131 12085 12427 18891
28132 12427 702 7273
28133 12427 7273 18891
28134 7274 680 11964
28135 7274 11964 18892
28136 11964 3509 12093
28137 11964 12093 18892
28138 12093 3595 12419
28139 12093 12419 18892
28140 12419 700 7274
28141 12419 7274 18892
28142 12428 3817 12423
28143 12428 12423 18893
28144 12423 694 7276
28145 12423 7276 18893
28146 7276 703 12429
28147 7276 12429 18893
28148 12429 3818 12428
28149 12429 12428 18893
28150 12430 3818 12429
28151 12430 12429 18894
28152 12429 703 7279
28153 12429 7279 18894
28154 7279 691 12431
28155 7279 12431 18894
28156 12431 3577 12430
28157 12431 12430 18894
28158 7282 702 12427
28159 7282 12427 18895
28160 12427 3528 11998
28161 12427 11998 18895
28162 11998 3527 12432
28163 11998 12432 18895
28164 12432 688 7282
28165 12432 7282 18895
28166 7284 697 12195
28167 7284 12195 18896
28168 12195 3686 12219
28169 12195 12219 18896
28170 12219 3690 12433
28171 12219 12433 18896
28172 12433 684 7284
28173 12433 7284 18896
28174 12198 698 7285
28175 12198 7285 18897
28176 7285 701 12422
28177 7285 12422 18897
28178 12422 3693 12222
28179 12422 12222 18897
28180 12222 3522 12198
28181 12222 12198 18897
28182 7287 690 12434
28183 7287 12434 18898
28184 12434 3702 12235
28185 12434 12235 18898
28186 12235 3605 12426
28187 12235 12426 18898
28188 12426 687 7287
28189 12426 7287 18898
28190 12435 3819 12436
28191 12435 12436 18899
28192 12436 704 7288
28193 12436 7288 18899
28194 7288 684 12433
28195 7288 12433 18899
28196 12433 3690 12435
28197 12433 12435 18899
28198 12255 3702 12434
28199 12255 12434 18900
28200 12434 690 7291
28201 12434 7291 18900
28202 7291 689 12197
28203 7291 12197 18900
28204 12197 3521 12255
28205 12197 12255 18900
28206 7294 693 12152
28207 7294 12152 18901
28208 12152 3518 12437
28209 12152 12437 18901
28210 12437 3820 12438
28211 12437 12438 18901
28212 12438 696 7294
28213 12438 7294 18901
28214 12439 3822 12440
28215 12439 12440 18902
28216 12440 3566 12441
28217 12440 12441 18902
28218 12441 3823 12442
28219 12441 12442 18902
28220 12442 3821 12439
28221 12442 12439 18902
28222 12443 3601 12444
28223 12443 12444 18903
28224 12444 3821 12442
28225 12444 12442 18903
28226 12442 3823 12445
28227 12442 12445 18903
28228 12445 3827 12443
28229 12445 12443 18903
28230 12252 3567 12041
28231 12252 12041 18904
28232 12041 3566 12440
28233 12041 12440 18904
28234 12440 3822 12446
28235 12440 12446 18904
28236 12446 3699 12252
28237 12446 12252 18904
28238 12075 3596 12447
28239 12075 12447 18905
28240 12447 3816 12425
28241 12447 12425 18905
28242 12425 3594 12074
28243 12425 12074 18905
28244 12074 3592 12075
28245 12074 12075 18905
28246 12078 3598 12216
28247 12078 12216 18906
28248 12216 3686 12194
28249 12216 12194 18906
28250 12194 3685 12448
28251 12194 12448 18906
28252 12448 4420 12078
28253 12448 12078 18906
28254 12089 3608 12449
28255 12089 12449 18907
28256 12449 3704 12420
28257 12449 12420 18907
28258 12420 3816 12447
28259 12420 12447 18907
28260 12447 3596 12089
28261 12447 12089 18907
28262 12241 3704 12449
28263 12241 12449 18908
28264 12449 3608 12239
28265 12449 12239 18908
28266 12239 4420 12448
28267 12239 12448 18908
28268 12448 3685 12241
28269 12448 12241 18908
28270 12242 3611 12099
28271 12242 12099 18909
28272 12099 3533 12450
28273 12099 12450 18909
28274 12450 3828 12451
28275 12450 12451 18909
28276 12451 3709 12242
28277 12451 12242 18909
28278 12450 3533 12246
28279 12450 12246 18910
28280 12246 3525 12452
28281 12246 12452 18910
28282 12452 3832 12453
28283 12452 12453 18910
28284 12453 3828 12450
28285 12453 12450 18910
28286 12452 3525 11999
28287 12452 11999 18911
28288 11999 3528 12084
28289 11999 12084 18911
28290 12084 3607 12454
28291 12084 12454 18911
28292 12454 3832 12452
28293 12454 12452 18911
28294 12086 3573 12455
28295 12086 12455 18912
28296 12455 3833 12456
28297 12455 12456 18912
28298 12456 3832 12454
28299 12456 12454 18912
28300 12454 3607 12086
28301 12454 12086 18912
28302 12457 3828 12453
28303 12457 12453 18913
28304 12453 3832 12456
28305 12453 12456 18913
28306 12456 3833 12458
28307 12456 12458 18913
28308 12458 3830 12457
28309 12458 12457 18913
28310 11987 3517 12250
28311 11987 12250 18914
28312 12250 3710 12459
28313 12250 12459 18914
28314 12459 3820 12437
28315 12459 12437 18914
28316 12437 3518 11987
28317 12437 11987 18914
28318 11614 3303 12460
28319 11614 12460 18915
28320 12460 2699 10388
28321 12460 10388 18915
28322 10388 2674 11605
28323 10388 11605 18915
28324 11605 3297 11614
28325 11605 11614 18915
28326 12006 3539 12461
28327 12006 12461 18916
28328 12461 3613 12462
28329 12461 12462 18916
28330 12462 3848 12463
28331 12462 12463 18916
28332 12463 3540 12006
28333 12463 12006 18916
28334 12464 3849 12465
28335 12464 12465 18917
28336 12465 3575 12045
28337 12465 12045 18917
28338 12045 4598 12466
28339 12045 12466 18917
28340 12466 4597 12464
28341 12466 12464 18917
28342 12467 3850 12468
28343 12467 12468 18918
28344 12468 3848 12462
28345 12468 12462 18918
28346 12462 3613 12469
28347 12462 12469 18918
28348 12469 3614 12467
28349 12469 12467 18918
28350 12470 3852 12471
28351 12470 12471 18919
28352 12471 3849 12464
28353 12471 12464 18919
28354 12464 4597 12472
28355 12464 12472 18919
28356 12472 4596 12470
28357 12472 12470 18919
28358 12428 3818 12473
28359 12428 12473 18920
28360 12473 3853 12474
28361 12473 12474 18920
28362 12474 3854 12475
28363 12474 12475 18920
28364 12475 3817 12428
28365 12475 12428 18920
28366 12476 3694 12223
28367 12476 12223 18921
28368 12223 3693 12424
28369 12223 12424 18921
28370 12424 3817 12475
28371 12424 12475 18921
28372 12475 3854 12476
28373 12475 12476 18921
28374 12477 3684 12478
28375 12477 12478 18922
28376 12478 3855 12479
28377 12478 12479 18922
28378 12479 3856 12480
28379 12479 12480 18922
28380 12480 3618 12477
28381 12480 12477 18922
28382 12481 3855 12478
28383 12481 12478 18923
28384 12478 3684 12482
28385 12478 12482 18923
28386 12482 3602 12483
28387 12482 12483 18923
28388 12483 3857 12481
28389 12483 12481 18923
28390 12484 3857 12483
28391 12484 12483 18924
28392 12483 3602 12485
28393 12483 12485 18924
28394 12485 3601 12443
28395 12485 12443 18924
28396 12443 3827 12484
28397 12443 12484 18924
28398 12486 4588 12050
28399 12486 12050 18925
28400 12050 3576 12487
28401 12050 12487 18925
28402 12487 3859 12488
28403 12487 12488 18925
28404 12488 4589 12486
28405 12488 12486 18925
28406 12473 3818 12430
28407 12473 12430 18926
28408 12430 3577 12489
28409 12430 12489 18926
28410 12489 3858 12490
28411 12489 12490 18926
28412 12490 3853 12473
28413 12490 12473 18926
28414 12491 3694 12476
28415 12491 12476 18927
28416 12476 3854 12492
28417 12476 12492 18927
28418 12492 3871 12493
28419 12492 12493 18927
28420 12493 3860 12491
28421 12493 12491 18927
28422 12494 3523 11995
28423 12494 11995 18928
28424 11995 3519 12224
28425 11995 12224 18928
28426 12224 3694 12491
28427 12224 12491 18928
28428 12491 3860 12494
28429 12491 12494 18928
28430 12495 3569 12192
28431 12495 12192 18929
28432 12192 3523 12494
28433 12192 12494 18929
28434 12494 3860 12496
28435 12494 12496 18929
28436 12496 3861 12495
28437 12496 12495 18929
28438 12495 3861 12497
28439 12495 12497 18930
28440 12497 3823 12441
28441 12497 12441 18930
28442 12441 3566 12044
28443 12441 12044 18930
28444 12044 3569 12495
28445 12044 12495 18930
28446 12480 3856 12498
28447 12480 12498 18931
28448 12498 3862 12499
28449 12498 12499 18931
28450 12499 3541 12500
28451 12499 12500 18931
28452 12500 3618 12480
28453 12500 12480 18931
28454 12499 3862 12501
28455 12499 12501 18932
28456 12501 3863 12502
28457 12501 12502 18932
28458 12502 3542 12503
28459 12502 12503 18932
28460 12503 3541 12499
28461 12503 12499 18932
28462 12504 3865 12505
28463 12504 12505 18933
28464 12505 3866 12506
28465 12505 12506 18933
28466 12506 3867 12507
28467 12506 12507 18933
28468 12507 3864 12504
28469 12507 12504 18933
28470 12508 4589 12488
28471 12508 12488 18934
28472 12488 3859 12509
28473 12488 12509 18934
28474 12509 3869 12510
28475 12509 12510 18934
28476 12510 4590 12508
28477 12510 12508 18934
28478 12511 3853 12490
28479 12511 12490 18935
28480 12490 3858 12512
28481 12490 12512 18935
28482 12512 3868 12513
28483 12512 12513 18935
28484 12513 3870 12511
28485 12513 12511 18935
28486 12492 3854 12474
28487 12492 12474 18936
28488 12474 3853 12511
28489 12474 12511 18936
28490 12511 3870 12514
28491 12511 12514 18936
28492 12514 3871 12492
28493 12514 12492 18936
28494 12515 3861 12496
28495 12515 12496 18937
28496 12496 3860 12516
28497 12496 12516 18937
28498 12516 3855 12481
28499 12516 12481 18937
28500 12481 3857 12515
28501 12481 12515 18937
28502 12445 3823 12497
28503 12445 12497 18938
28504 12497 3861 12515
28505 12497 12515 18938
28506 12515 3857 12484
28507 12515 12484 18938
28508 12484 3827 12445
28509 12484 12445 18938
28510 12517 4591 12518
28511 12517 12518 18939
28512 12518 3872 12519
28513 12518 12519 18939
28514 12519 3844 12520
28515 12519 12520 18939
28516 12520 4592 12517
28517 12520 12517 18939
28518 12519 3872 12521
28519 12519 12521 18940
28520 12521 3865 12504
28521 12521 12504 18940
28522 12504 3864 12522
28523 12504 12522 18940
28524 12522 3844 12519
28525 12522 12519 18940
28526 12523 3856 12479
28527 12523 12479 18941
28528 12479 3855 12516
28529 12479 12516 18941
28530 12516 3860 12493
28531 12516 12493 18941
28532 12493 3871 12523
28533 12493 12523 18941
28534 12524 3862 12498
28535 12524 12498 18942
28536 12498 3856 12523
28537 12498 12523 18942
28538 12523 3871 12514
28539 12523 12514 18942
28540 12514 3870 12524
28541 12514 12524 18942
28542 12525 3863 12501
28543 12525 12501 18943
28544 12501 3862 12524
28545 12501 12524 18943
28546 12524 3870 12513
28547 12524 12513 18943
28548 12513 3868 12525
28549 12513 12525 18943
28550 12526 3872 12518
28551 12526 12518 18944
28552 12518 4591 12527
28553 12518 12527 18944
28554 12527 4590 12510
28555 12527 12510 18944
28556 12510 3869 12526
28557 12510 12526 18944
28558 12528 3879 12529
28559 12528 12529 18945
28560 12529 3880 12530
28561 12529 12530 18945
28562 12530 3587 12159
28563 12530 12159 18945
28564 12159 3651 12528
28565 12159 12528 18945
28566 12531 3882 12532
28567 12531 12532 18946
28568 12532 3662 12173
28569 12532 12173 18946
28570 12173 3661 12533
28571 12173 12533 18946
28572 12533 3881 12531
28573 12533 12531 18946
28574 12169 4508 12534
28575 12169 12534 18947
28576 12534 4507 12535
28577 12534 12535 18947
28578 12535 3884 12536
28579 12535 12536 18947
28580 12536 3658 12169
28581 12536 12169 18947
28582 12537 3886 12538
28583 12537 12538 18948
28584 12538 3887 12539
28585 12538 12539 18948
28586 12539 3888 12540
28587 12539 12540 18948
28588 12540 3885 12537
28589 12540 12537 18948
28590 12530 3880 12541
28591 12530 12541 18949
28592 12541 3889 12542
28593 12541 12542 18949
28594 12542 3584 12061
28595 12542 12061 18949
28596 12061 3587 12530
28597 12061 12530 18949
28598 12543 3875 12544
28599 12543 12544 18950
28600 12544 3886 12537
28601 12544 12537 18950
28602 12537 3885 12545
28603 12537 12545 18950
28604 12545 3876 12543
28605 12545 12543 18950
28606 12542 3889 12546
28607 12542 12546 18951
28608 12546 3877 12547
28609 12546 12547 18951
28610 12547 3666 12207
28611 12547 12207 18951
28612 12207 3584 12542
28613 12207 12542 18951
28614 12256 3706 12548
28615 12256 12548 18952
28616 12548 3893 12549
28617 12548 12549 18952
28618 12549 3883 12550
28619 12549 12550 18952
28620 12550 3657 12256
28621 12550 12256 18952
28622 12551 3897 12552
28623 12551 12552 18953
28624 12552 3785 12344
28625 12552 12344 18953
28626 12344 4630 12553
28627 12344 12553 18953
28628 12553 4629 12551
28629 12553 12551 18953
28630 12394 3785 12552
28631 12394 12552 18954
28632 12552 3897 12554
28633 12552 12554 18954
28634 12554 3840 12555
28635 12554 12555 18954
28636 12555 3800 12394
28637 12555 12394 18954
28638 12556 3899 12557
28639 12556 12557 18955
28640 12557 3840 12554
28641 12557 12554 18955
28642 12554 3897 12558
28643 12554 12558 18955
28644 12558 3898 12556
28645 12558 12556 18955
28646 12559 4628 12560
28647 12559 12560 18956
28648 12560 3898 12558
28649 12560 12558 18956
28650 12558 3897 12551
28651 12558 12551 18956
28652 12551 4629 12559
28653 12551 12559 18956
28654 12561 3886 12544
28655 12561 12544 18957
28656 12544 3875 12562
28657 12544 12562 18957
28658 12562 3905 12563
28659 12562 12563 18957
28660 12563 3906 12561
28661 12563 12561 18957
28662 12564 3887 12538
28663 12564 12538 18958
28664 12538 3886 12561
28665 12538 12561 18958
28666 12561 3906 12565
28667 12561 12565 18958
28668 12565 3907 12564
28669 12565 12564 18958
28670 12566 3574 12046
28671 12566 12046 18959
28672 12046 3575 12465
28673 12046 12465 18959
28674 12465 3849 12567
28675 12465 12567 18959
28676 12567 3908 12566
28677 12567 12566 18959
28678 12568 3908 12567
28679 12568 12567 18960
28680 12567 3849 12471
28681 12567 12471 18960
28682 12471 3852 12569
28683 12471 12569 18960
28684 12569 3851 12568
28685 12569 12568 18960
28686 12570 3889 12541
28687 12570 12541 18961
28688 12541 3880 12571
28689 12541 12571 18961
28690 12571 3907 12565
28691 12571 12565 18961
28692 12565 3906 12570
28693 12565 12570 18961
28694 12572 3877 12546
28695 12572 12546 18962
28696 12546 3889 12570
28697 12546 12570 18962
28698 12570 3906 12563
28699 12570 12563 18962
28700 12563 3905 12572
28701 12563 12572 18962
28702 12573 3883 12549
28703 12573 12549 18963
28704 12549 3893 12574
28705 12549 12574 18963
28706 12574 3903 12575
28707 12574 12575 18963
28708 12575 3909 12573
28709 12575 12573 18963
28710 12576 3884 12535
28711 12576 12535 18964
28712 12535 4507 12577
28713 12535 12577 18964
28714 12577 4506 12578
28715 12577 12578 18964
28716 12578 3910 12576
28717 12578 12576 18964
28718 12579 3882 12531
28719 12579 12531 18965
28720 12531 3881 12580
28721 12531 12580 18965
28722 12580 3911 12581
28723 12580 12581 18965
28724 12581 3896 12579
28725 12581 12579 18965
28726 12582 681 7440
28727 12582 7440 18966
28728 7440 682 12583
28729 7440 12583 18966
28730 12583 3913 12584
28731 12583 12584 18966
28732 12584 3912 12582
28733 12584 12582 18966
28734 12049 683 7444
28735 12049 7444 18967
28736 7444 686 12585
28737 7444 12585 18967
28738 12585 3914 12586
28739 12585 12586 18967
28740 12586 3576 12049
28741 12586 12049 18967
28742 12582 3912 12587
28743 12582 12587 18968
28744 12587 3915 12588
28745 12587 12588 18968
28746 12588 695 7445
28747 12588 7445 18968
28748 7445 681 12582
28749 7445 12582 18968
28750 12585 686 7449
28751 12585 7449 18969
28752 7449 695 12588
28753 7449 12588 18969
28754 12588 3915 12589
28755 12588 12589 18969
28756 12589 3914 12585
28757 12589 12585 18969
28758 12436 3819 12590
28759 12436 12590 18970
28760 12590 3913 12583
28761 12590 12583 18970
28762 12583 682 7450
28763 12583 7450 18970
28764 7450 704 12436
28765 7450 12436 18970
28766 12591 3914 12589
28767 12591 12589 18971
28768 12589 3915 12592
28769 12589 12592 18971
28770 12592 3917 12593
28771 12592 12593 18971
28772 12593 3916 12591
28773 12593 12591 18971
28774 12591 3916 12594
28775 12591 12594 18972
28776 12594 3859 12487
28777 12594 12487 18972
28778 12487 3576 12586
28779 12487 12586 18972
28780 12586 3914 12591
28781 12586 12591 18972
28782 12593 3917 12595
28783 12593 12595 18973
28784 12595 3918 12596
28785 12595 12596 18973
28786 12596 3919 12597
28787 12596 12597 18973
28788 12597 3916 12593
28789 12597 12593 18973
28790 12509 3859 12594
28791 12509 12594 18974
28792 12594 3916 12597
28793 12594 12597 18974
28794 12597 3919 12598
28795 12597 12598 18974
28796 12598 3869 12509
28797 12598 12509 18974
28798 12599 3865 12521
28799 12599 12521 18975
28800 12521 3872 12526
28801 12521 12526 18975
28802 12526 3869 12598
28803 12526 12598 18975
28804 12598 3919 12599
28805 12598 12599 18975
28806 12600 3866 12505
28807 12600 12505 18976
28808 12505 3865 12599
28809 12505 12599 18976
28810 12599 3919 12596
28811 12599 12596 18976
28812 12596 3918 12600
28813 12596 12600 18976
28814 12506 3866 12601
28815 12506 12601 18977
28816 12601 3923 12602
28817 12601 12602 18977
28818 12602 3888 12603
28819 12602 12603 18977
28820 12603 3867 12506
28821 12603 12506 18977
28822 12592 3915 12587
28823 12592 12587 18978
28824 12587 3912 12604
28825 12587 12604 18978
28826 12604 3927 12605
28827 12604 12605 18978
28828 12605 3917 12592
28829 12605 12592 18978
28830 12602 3923 12606
28831 12602 12606 18979
28832 12606 3928 12607
28833 12606 12607 18979
28834 12607 3885 12540
28835 12607 12540 18979
28836 12540 3888 12602
28837 12540 12602 18979
28838 12607 3928 12608
28839 12607 12608 18980
28840 12608 3922 12609
28841 12608 12609 18980
28842 12609 3876 12545
28843 12609 12545 18980
28844 12545 3885 12607
28845 12545 12607 18980
28846 12610 3923 12601
28847 12610 12601 18981
28848 12601 3866 12600
28849 12601 12600 18981
28850 12600 3918 12611
28851 12600 12611 18981
28852 12611 3929 12610
28853 12611 12610 18981
28854 12612 3929 12611
28855 12612 12611 18982
28856 12611 3918 12595
28857 12611 12595 18982
28858 12595 3917 12605
28859 12595 12605 18982
28860 12605 3927 12612
28861 12605 12612 18982
28862 12613 3928 12606
28863 12613 12606 18983
28864 12606 3923 12610
28865 12606 12610 18983
28866 12610 3929 12614
28867 12610 12614 18983
28868 12614 3930 12613
28869 12614 12613 18983
28870 12615 3922 12608
28871 12615 12608 18984
28872 12608 3928 12613
28873 12608 12613 18984
28874 12613 3930 12616
28875 12613 12616 18984
28876 12616 3931 12615
28877 12616 12615 18984
28878 12617 3936 12618
28879 12617 12618 18985
28880 12618 3689 12221
28881 12618 12221 18985
28882 12221 3691 12619
28883 12221 12619 18985
28884 12619 3935 12617
28885 12619 12617 18985
28886 12218 3689 12618
28887 12218 12618 18986
28888 12618 3936 12620
28889 12618 12620 18986
28890 12620 3819 12435
28891 12620 12435 18986
28892 12435 3690 12218
28893 12435 12218 18986
28894 12617 3935 12621
28895 12617 12621 18987
28896 12621 3943 12622
28897 12621 12622 18987
28898 12622 3948 12623
28899 12622 12623 18987
28900 12623 3936 12617
28901 12623 12617 18987
28902 12604 3912 12584
28903 12604 12584 18988
28904 12584 3913 12624
28905 12584 12624 18988
28906 12624 3948 12625
28907 12624 12625 18988
28908 12625 3927 12604
28909 12625 12604 18988
28910 12626 3948 12622
28911 12626 12622 18989
28912 12622 3943 12627
28913 12622 12627 18989
28914 12627 3931 12616
28915 12627 12616 18989
28916 12616 3930 12626
28917 12616 12626 18989
28918 12590 3819 12620
28919 12590 12620 18990
28920 12620 3936 12623
28921 12620 12623 18990
28922 12623 3948 12624
28923 12623 12624 18990
28924 12624 3913 12590
28925 12624 12590 18990
28926 12626 3930 12614
28927 12626 12614 18991
28928 12614 3929 12612
28929 12614 12612 18991
28930 12612 3927 12625
28931 12612 12625 18991
28932 12625 3948 12626
28933 12625 12626 18991
28934 12539 3887 12628
28935 12539 12628 18992
28936 12628 3952 12629
28937 12628 12629 18992
28938 12629 3867 12603
28939 12629 12603 18992
28940 12603 3888 12539
28941 12603 12539 18992
28942 12630 3952 12628
28943 12630 12628 18993
28944 12628 3887 12564
28945 12628 12564 18993
28946 12564 3907 12631
28947 12564 12631 18993
28948 12631 3953 12630
28949 12631 12630 18993
28950 12632 3955 12633
28951 12632 12633 18994
28952 12633 3565 12039
28953 12633 12039 18994
28954 12039 3530 12634
28955 12039 12634 18994
28956 12634 3954 12632
28957 12634 12632 18994
28958 12634 3530 12635
28959 12634 12635 18995
28960 12635 3574 12566
28961 12635 12566 18995
28962 12566 3908 12636
28963 12566 12636 18995
28964 12636 3954 12634
28965 12636 12634 18995
28966 12629 3952 12637
28967 12629 12637 18996
28968 12637 3956 12638
28969 12637 12638 18996
28970 12638 3864 12507
28971 12638 12507 18996
28972 12507 3867 12629
28973 12507 12629 18996
28974 12528 3651 12199
28975 12528 12199 18997
28976 12199 3565 12633
28977 12199 12633 18997
28978 12633 3955 12639
28979 12633 12639 18997
28980 12639 3879 12528
28981 12639 12528 18997
28982 12640 3956 12637
28983 12640 12637 18998
28984 12637 3952 12630
28985 12637 12630 18998
28986 12630 3953 12641
28987 12630 12641 18998
28988 12641 3957 12640
28989 12641 12640 18998
28990 12638 3956 12642
28991 12638 12642 18999
28992 12642 3958 12643
28993 12642 12643 18999
28994 12643 3844 12522
28995 12643 12522 18999
28996 12522 3864 12638
28997 12522 12638 18999
28998 12644 3959 12645
28999 12644 12645 19000
29000 12645 3957 12646
29001 12645 12646 19000
29002 12646 3955 12632
29003 12646 12632 19000
29004 12632 3954 12644
29005 12632 12644 19000
29006 12647 3959 12648
29007 12647 12648 19001
29008 12648 3851 12649
29009 12648 12649 19001
29010 12649 3847 12650
29011 12649 12650 19001
29012 12650 3958 12647
29013 12650 12647 19001
29014 12644 3954 12636
29015 12644 12636 19002
29016 12636 3908 12568
29017 12636 12568 19002
29018 12568 3851 12648
29019 12568 12648 19002
29020 12648 3959 12644
29021 12648 12644 19002
29022 12651 3879 12639
29023 12651 12639 19003
29024 12639 3955 12646
29025 12639 12646 19003
29026 12646 3957 12641
29027 12646 12641 19003
29028 12641 3953 12651
29029 12641 12651 19003
29030 12571 3880 12529
29031 12571 12529 19004
29032 12529 3879 12651
29033 12529 12651 19004
29034 12651 3953 12631
29035 12651 12631 19004
29036 12631 3907 12571
29037 12631 12571 19004
29038 12640 3957 12645
29039 12640 12645 19005
29040 12645 3959 12647
29041 12645 12647 19005
29042 12647 3958 12642
29043 12647 12642 19005
29044 12642 3956 12640
29045 12642 12640 19005
29046 12652 3961 12653
29047 12652 12653 19006
29048 12653 4497 12654
29049 12653 12654 19006
29050 12654 4496 12655
29051 12654 12655 19006
29052 12655 3960 12652
29053 12655 12652 19006
29054 12656 4495 12657
29055 12656 12657 19007
29056 12657 3965 12658
29057 12657 12658 19007
29058 12658 3960 12655
29059 12658 12655 19007
29060 12655 4496 12656
29061 12655 12656 19007
29062 12659 4498 12660
29063 12659 12660 19008
29064 12660 4497 12653
29065 12660 12653 19008
29066 12653 3961 12661
29067 12653 12661 19008
29068 12661 3966 12659
29069 12661 12659 19008
29070 12662 4494 12663
29071 12662 12663 19009
29072 12663 3969 12664
29073 12663 12664 19009
29074 12664 3965 12657
29075 12664 12657 19009
29076 12657 4495 12662
29077 12657 12662 19009
29078 12665 4493 12666
29079 12665 12666 19010
29080 12666 3971 12667
29081 12666 12667 19010
29082 12667 3969 12663
29083 12667 12663 19010
29084 12663 4494 12665
29085 12663 12665 19010
29086 12668 4492 12669
29087 12668 12669 19011
29088 12669 3973 12670
29089 12669 12670 19011
29090 12670 3971 12666
29091 12670 12666 19011
29092 12666 4493 12668
29093 12666 12668 19011
29094 12671 3975 12672
29095 12671 12672 19012
29096 12672 3632 12123
29097 12672 12123 19012
29098 12123 3631 12673
29099 12123 12673 19012
29100 12673 3974 12671
29101 12673 12671 19012
29102 12672 3975 12674
29103 12672 12674 19013
29104 12674 3976 12675
29105 12674 12675 19013
29106 12675 3730 12289
29107 12675 12289 19013
29108 12289 3632 12672
29109 12289 12672 19013
29110 12676 3630 12120
29111 12676 12120 19014
29112 12120 3629 12677
29113 12120 12677 19014
29114 12677 3978 12678
29115 12677 12678 19014
29116 12678 3977 12676
29117 12678 12676 19014
29118 12679 3637 12132
29119 12679 12132 19015
29120 12132 3630 12676
29121 12132 12676 19015
29122 12676 3977 12680
29123 12676 12680 19015
29124 12680 3979 12679
29125 12680 12679 19015
29126 12681 3635 12141
29127 12681 12141 19016
29128 12141 3637 12679
29129 12141 12679 19016
29130 12679 3979 12682
29131 12679 12682 19016
29132 12682 3980 12681
29133 12682 12681 19016
29134 12683 3636 12129
29135 12683 12129 19017
29136 12129 3635 12681
29137 12129 12681 19017
29138 12681 3980 12684
29139 12681 12684 19017
29140 12684 3981 12683
29141 12684 12683 19017
29142 12685 3982 12686
29143 12685 12686 19018
29144 12686 3633 12131
29145 12686 12131 19018
29146 12131 3636 12683
29147 12131 12683 19018
29148 12683 3981 12685
29149 12683 12685 19018
29150 12687 3983 12688
29151 12687 12688 19019
29152 12688 3634 12126
29153 12688 12126 19019
29154 12126 3633 12686
29155 12126 12686 19019
29156 12686 3982 12687
29157 12686 12687 19019
29158 12689 4000 12690
29159 12689 12690 19020
29160 12690 4519 12691
29161 12690 12691 19020
29162 12691 4518 12692
29163 12691 12692 19020
29164 12692 3996 12689
29165 12692 12689 19020
29166 12693 4490 12694
29167 12693 12694 19021
29168 12694 4004 12695
29169 12694 12695 19021
29170 12695 4005 12696
29171 12695 12696 19021
29172 12696 4491 12693
29173 12696 12693 19021
29174 12697 4491 12696
29175 12697 12696 19022
29176 12696 4005 12698
29177 12696 12698 19022
29178 12698 3973 12669
29179 12698 12669 19022
29180 12669 4492 12697
29181 12669 12697 19022
29182 12699 4007 12700
29183 12699 12700 19023
29184 12700 4004 12694
29185 12700 12694 19023
29186 12694 4490 12701
29187 12694 12701 19023
29188 12701 4520 12699
29189 12701 12699 19023
29190 12702 4519 12690
29191 12702 12690 19024
29192 12690 4000 12703
29193 12690 12703 19024
29194 12703 4007 12699
29195 12703 12699 19024
29196 12699 4520 12702
29197 12699 12702 19024
29198 12286 3639 12704
29199 12286 12704 19025
29200 12704 3994 12705
29201 12704 12705 19025
29202 12705 3974 12673
29203 12705 12673 19025
29204 12673 3631 12286
29205 12673 12286 19025
29206 12675 3976 12706
29207 12675 12706 19026
29208 12706 3978 12677
29209 12706 12677 19026
29210 12677 3629 12292
29211 12677 12292 19026
29212 12292 3730 12675
29213 12292 12675 19026
29214 12707 3641 12139
29215 12707 12139 19027
29216 12139 3634 12688
29217 12139 12688 19027
29218 12688 3983 12708
29219 12688 12708 19027
29220 12708 4013 12707
29221 12708 12707 19027
29222 11900 3310 11628
29223 11900 11628 19028
29224 11628 3309 12709
29225 11628 12709 19028
29226 12709 4019 12710
29227 12709 12710 19028
29228 12710 3468 11900
29229 12710 11900 19028
29230 11974 3511 12711
29231 11974 12711 19029
29232 12711 4020 12712
29233 12711 12712 19029
29234 12712 3299 11617
29235 12712 11617 19029
29236 11617 3305 11974
29237 11617 11974 19029
29238 11891 3287 11597
29239 11891 11597 19030
29240 11597 3290 12713
29241 11597 12713 19030
29242 12713 4021 12714
29243 12713 12714 19030
29244 12714 3465 11891
29245 12714 11891 19030
29246 12715 4021 12716
29247 12715 12716 19031
29248 12716 2719 10407
29249 12716 10407 19031
29250 10407 2715 12717
29251 10407 12717 19031
29252 12717 4020 12715
29253 12717 12715 19031
29254 12712 4020 12717
29255 12712 12717 19032
29256 12717 2715 10400
29257 12717 10400 19032
29258 10400 2667 11609
29259 10400 11609 19032
29260 11609 3299 12712
29261 11609 12712 19032
29262 12715 4020 12711
29263 12715 12711 19033
29264 12711 3511 11978
29265 12711 11978 19033
29266 11978 3465 12714
29267 11978 12714 19033
29268 12714 4021 12715
29269 12714 12715 19033
29270 12713 3290 12718
29271 12713 12718 19034
29272 12718 2721 10410
29273 12718 10410 19034
29274 10410 2719 12716
29275 10410 12716 19034
29276 12716 4021 12713
29277 12716 12713 19034
29278 11884 3460 12719
29279 11884 12719 19035
29280 12719 4022 12720
29281 12719 12720 19035
29282 12720 3289 11595
29283 12720 11595 19035
29284 11595 3288 11884
29285 11595 11884 19035
29286 12721 4019 12722
29287 12721 12722 19036
29288 12722 2732 10427
29289 12722 10427 19036
29290 10427 2731 12723
29291 10427 12723 19036
29292 12723 4022 12721
29293 12723 12721 19036
29294 10434 2732 12722
29295 10434 12722 19037
29296 12722 4019 12709
29297 12722 12709 19037
29298 12709 3309 11631
29299 12709 11631 19037
29300 11631 2685 10434
29301 11631 10434 19037
29302 11897 3468 12710
29303 11897 12710 19038
29304 12710 4019 12721
29305 12710 12721 19038
29306 12721 4022 12719
29307 12721 12719 19038
29308 12719 3460 11897
29309 12719 11897 19038
29310 11596 3289 12724
29311 11596 12724 19039
29312 12724 2737 10437
29313 12724 10437 19039
29314 10437 2721 12718
29315 10437 12718 19039
29316 12718 3290 11596
29317 12718 11596 19039
29318 10440 2737 12724
29319 10440 12724 19040
29320 12724 3289 12720
29321 12724 12720 19040
29322 12720 4022 12723
29323 12720 12723 19040
29324 12723 2731 10440
29325 12723 10440 19040
29326 12725 4023 12726
29327 12725 12726 19041
29328 12726 4024 12727
29329 12726 12727 19041
29330 12727 3303 11613
29331 12727 11613 19041
29332 11613 3302 12725
29333 11613 12725 19041
29334 12728 4024 12726
29335 12728 12726 19042
29336 12726 4023 12729
29337 12726 12729 19042
29338 12729 4028 12730
29339 12729 12730 19042
29340 12730 4027 12728
29341 12730 12728 19042
29342 12729 4023 12731
29343 12729 12731 19043
29344 12731 4029 12732
29345 12731 12732 19043
29346 12732 4030 12733
29347 12732 12733 19043
29348 12733 4028 12729
29349 12733 12729 19043
29350 12734 4580 12735
29351 12734 12735 19044
29352 12735 4579 12736
29353 12735 12736 19044
29354 12736 3466 11896
29355 12736 11896 19044
29356 11896 3293 12734
29357 11896 12734 19044
29358 12737 4029 12731
29359 12737 12731 19045
29360 12731 4023 12725
29361 12731 12725 19045
29362 12725 3302 11915
29363 12725 11915 19045
29364 11915 3477 12737
29365 11915 12737 19045
29366 12738 4032 12739
29367 12738 12739 19046
29368 12739 4029 12737
29369 12739 12737 19046
29370 12737 3477 11947
29371 12737 11947 19046
29372 11947 3500 12738
29373 11947 12738 19046
29374 12732 4029 12739
29375 12732 12739 19047
29376 12739 4032 12740
29377 12739 12740 19047
29378 12740 4033 12741
29379 12740 12741 19047
29380 12741 4030 12732
29381 12741 12732 19047
29382 12736 4579 12742
29383 12736 12742 19048
29384 12742 4578 12743
29385 12742 12743 19048
29386 12743 3501 11948
29387 12743 11948 19048
29388 11948 3466 12736
29389 11948 12736 19048
29390 12743 4578 12744
29391 12743 12744 19049
29392 12744 4577 12745
29393 12744 12745 19049
29394 12745 3578 12052
29395 12745 12052 19049
29396 12052 3501 12743
29397 12052 12743 19049
29398 12746 4036 12747
29399 12746 12747 19050
29400 12747 4032 12738
29401 12747 12738 19050
29402 12738 3500 12158
29403 12738 12158 19050
29404 12158 3650 12746
29405 12158 12746 19050
29406 12748 3640 12137
29407 12748 12137 19051
29408 12137 3578 12745
29409 12137 12745 19051
29410 12745 4577 12749
29411 12745 12749 19051
29412 12749 4576 12748
29413 12749 12748 19051
29414 12750 4036 12751
29415 12750 12751 19052
29416 12751 4039 12752
29417 12751 12752 19052
29418 12752 4040 12753
29419 12752 12753 19052
29420 12753 4038 12750
29421 12753 12750 19052
29422 12746 3650 12156
29423 12746 12156 19053
29424 12156 3649 12754
29425 12156 12754 19053
29426 12754 4039 12751
29427 12754 12751 19053
29428 12751 4036 12746
29429 12751 12746 19053
29430 12740 4032 12747
29431 12740 12747 19054
29432 12747 4036 12750
29433 12747 12750 19054
29434 12750 4038 12755
29435 12750 12755 19054
29436 12755 4033 12740
29437 12755 12740 19054
29438 12756 4041 12757
29439 12756 12757 19055
29440 12757 4039 12754
29441 12757 12754 19055
29442 12754 3649 12181
29443 12754 12181 19055
29444 12181 3676 12756
29445 12181 12756 19055
29446 12727 4024 12758
29447 12727 12758 19056
29448 12758 2739 10448
29449 12758 10448 19056
29450 10448 2699 12460
29451 10448 12460 19056
29452 12460 3303 12727
29453 12460 12727 19056
29454 10445 2739 12758
29455 10445 12758 19057
29456 12758 4024 12728
29457 12758 12728 19057
29458 12728 4027 12759
29459 12728 12759 19057
29460 12759 2742 10445
29461 12759 10445 19057
29462 12760 4031 12761
29463 12760 12761 19058
29464 12761 4025 12762
29465 12761 12762 19058
29466 12762 4028 12733
29467 12762 12733 19058
29468 12733 4030 12760
29469 12733 12760 19058
29470 12763 4034 12764
29471 12763 12764 19059
29472 12764 4031 12760
29473 12764 12760 19059
29474 12760 4030 12741
29475 12760 12741 19059
29476 12741 4033 12763
29477 12741 12763 19059
29478 12765 4035 12766
29479 12765 12766 19060
29480 12766 4034 12763
29481 12766 12763 19060
29482 12763 4033 12755
29483 12763 12755 19060
29484 12755 4038 12765
29485 12755 12765 19060
29486 12767 4037 12768
29487 12767 12768 19061
29488 12768 4035 12765
29489 12768 12765 19061
29490 12765 4038 12753
29491 12765 12753 19061
29492 12753 4040 12767
29493 12753 12767 19061
29494 12134 3638 12769
29495 12134 12769 19062
29496 12769 4045 12770
29497 12769 12770 19062
29498 12770 3994 12704
29499 12770 12704 19062
29500 12704 3639 12134
29501 12704 12134 19062
29502 12771 4045 12769
29503 12771 12769 19063
29504 12769 3638 12138
29505 12769 12138 19063
29506 12138 3640 12772
29507 12138 12772 19063
29508 12772 4048 12771
29509 12772 12771 19063
29510 12773 3786 12393
29511 12773 12393 19064
29512 12393 3801 12774
29513 12393 12774 19064
29514 12774 3810 12405
29515 12774 12405 19064
29516 12405 3793 12773
29517 12405 12773 19064
29518 12775 4631 12346
29519 12775 12346 19065
29520 12346 3786 12773
29521 12346 12773 19065
29522 12773 3793 12373
29523 12773 12373 19065
29524 12373 4632 12775
29525 12373 12775 19065
29526 12171 3659 12776
29527 12171 12776 19066
29528 12776 3757 12322
29529 12776 12322 19066
29530 12322 3756 12777
29531 12322 12777 19066
29532 12777 3660 12171
29533 12777 12171 19066
29534 12778 4509 12167
29535 12778 12167 19067
29536 12167 3655 12779
29537 12167 12779 19067
29538 12779 3716 12266
29539 12779 12266 19067
29540 12266 4510 12778
29541 12266 12778 19067
29542 12780 3705 12258
29543 12780 12258 19068
29544 12258 3656 12781
29545 12258 12781 19068
29546 12781 3713 12261
29547 12781 12261 19068
29548 12261 3711 12780
29549 12261 12780 19068
29550 12782 3670 12210
29551 12782 12210 19069
29552 12210 3624 12783
29553 12210 12783 19069
29554 12783 3585 12206
29555 12783 12206 19069
29556 12206 3665 12782
29557 12206 12782 19069
29558 12784 3586 12059
29559 12784 12059 19070
29560 12059 3585 12783
29561 12059 12783 19070
29562 12783 3624 12109
29563 12783 12109 19070
29564 12109 3623 12784
29565 12109 12784 19070
29566 12160 3586 12784
29567 12160 12784 19071
29568 12784 3623 12163
29569 12784 12163 19071
29570 12163 3653 12785
29571 12163 12785 19071
29572 12785 3652 12160
29573 12785 12160 19071
29574 12200 3652 12785
29575 12200 12785 19072
29576 12785 3653 12201
29577 12785 12201 19072
29578 12201 3558 12786
29579 12201 12786 19072
29580 12786 3564 12200
29581 12786 12200 19072
29582 12787 3531 12037
29583 12787 12037 19073
29584 12037 3564 12786
29585 12037 12786 19073
29586 12786 3558 12029
29587 12786 12029 19073
29588 12029 3557 12787
29589 12029 12787 19073
29590 12788 3531 12787
29591 12788 12787 19074
29592 12787 3557 12031
29593 12787 12031 19074
29594 12031 4602 12789
29595 12031 12789 19074
29596 12789 4601 12788
29597 12789 12788 19074
29598 12790 3535 12094
29599 12790 12094 19075
29600 12094 3532 12791
29601 12094 12791 19075
29602 12791 3559 12792
29603 12791 12792 19075
29604 12792 3563 12790
29605 12792 12790 19075
29606 12793 3536 12002
29607 12793 12002 19076
29608 12002 3535 12790
29609 12002 12790 19076
29610 12790 3563 12794
29611 12790 12794 19076
29612 12794 3562 12793
29613 12794 12793 19076
29614 12245 3536 12793
29615 12245 12793 19077
29616 12793 3562 12795
29617 12793 12795 19077
29618 12795 3516 12796
29619 12795 12796 19077
29620 12796 3526 12245
29621 12796 12245 19077
29622 11997 3526 12796
29623 11997 12796 19078
29624 12796 3516 12797
29625 12796 12797 19078
29626 12797 3515 12798
29627 12797 12798 19078
29628 12798 3527 11997
29629 12798 11997 19078
29630 12798 3515 12799
29631 12798 12799 19079
29632 12799 705 7660
29633 12799 7660 19079
29634 7660 688 12432
29635 7660 12432 19079
29636 12432 3527 12798
29637 12432 12798 19079
29638 12800 3660 12777
29639 12800 12777 19080
29640 12777 3756 12801
29641 12777 12801 19080
29642 12801 3716 12779
29643 12801 12779 19080
29644 12779 3655 12800
29645 12779 12800 19080
29646 12801 3756 12325
29647 12801 12325 19081
29648 12325 3759 12802
29649 12325 12802 19081
29650 12802 3715 12267
29651 12802 12267 19081
29652 12267 3716 12801
29653 12267 12801 19081
29654 12280 3715 12802
29655 12280 12802 19082
29656 12802 3759 12333
29657 12802 12333 19082
29658 12333 3768 12803
29659 12333 12803 19082
29660 12803 3728 12280
29661 12803 12280 19082
29662 12283 3728 12803
29663 12283 12803 19083
29664 12803 3768 12336
29665 12803 12336 19083
29666 12336 3761 12804
29667 12336 12804 19083
29668 12804 3718 12283
29669 12804 12283 19083
29670 12269 3718 12804
29671 12269 12804 19084
29672 12804 3761 12326
29673 12804 12326 19084
29674 12326 3760 12805
29675 12326 12805 19084
29676 12805 3719 12269
29677 12805 12269 19084
29678 12689 3996 12806
29679 12689 12806 19085
29680 12806 3751 12318
29681 12806 12318 19085
29682 12318 3750 12807
29683 12318 12807 19085
29684 12807 4000 12689
29685 12807 12689 19085
29686 12807 3750 12339
29687 12807 12339 19086
29688 12339 3764 12808
29689 12339 12808 19086
29690 12808 4007 12703
29691 12808 12703 19086
29692 12703 4000 12807
29693 12703 12807 19086
29694 12808 3764 12332
29695 12808 12332 19087
29696 12332 3748 12809
29697 12332 12809 19087
29698 12809 4004 12700
29699 12809 12700 19087
29700 12700 4007 12808
29701 12700 12808 19087
29702 12809 3748 12317
29703 12809 12317 19088
29704 12317 3746 12810
29705 12317 12810 19088
29706 12810 4005 12695
29707 12810 12695 19088
29708 12695 4004 12809
29709 12695 12809 19088
29710 12810 3746 12314
29711 12810 12314 19089
29712 12314 3732 12811
29713 12314 12811 19089
29714 12811 3973 12698
29715 12811 12698 19089
29716 12698 4005 12810
29717 12698 12810 19089
29718 12670 3973 12811
29719 12670 12811 19090
29720 12811 3732 12293
29721 12811 12293 19090
29722 12293 3731 12812
29723 12293 12812 19090
29724 12812 3971 12670
29725 12812 12670 19090
29726 12667 3971 12812
29727 12667 12812 19091
29728 12812 3731 12310
29729 12812 12310 19091
29730 12310 3744 12813
29731 12310 12813 19091
29732 12813 3969 12667
29733 12813 12667 19091
29734 12664 3969 12813
29735 12664 12813 19092
29736 12813 3744 12307
29737 12813 12307 19092
29738 12307 3742 12814
29739 12307 12814 19092
29740 12814 3965 12664
29741 12814 12664 19092
29742 12658 3965 12814
29743 12658 12814 19093
29744 12814 3742 12301
29745 12814 12301 19093
29746 12301 3738 12815
29747 12301 12815 19093
29748 12815 3960 12658
29749 12815 12658 19093
29750 12815 3738 12300
29751 12815 12300 19094
29752 12300 3741 12816
29753 12300 12816 19094
29754 12816 3961 12652
29755 12816 12652 19094
29756 12652 3960 12815
29757 12652 12815 19094
29758 12816 3741 12306
29759 12816 12306 19095
29760 12306 3735 12817
29761 12306 12817 19095
29762 12817 3966 12661
29763 12817 12661 19095
29764 12661 3961 12816
29765 12661 12816 19095
29766 12818 3884 12576
29767 12818 12576 19096
29768 12576 3910 12819
29769 12576 12819 19096
29770 12819 3911 12580
29771 12819 12580 19096
29772 12580 3881 12818
29773 12580 12818 19096
29774 12818 3881 12533
29775 12818 12533 19097
29776 12533 3661 12820
29777 12533 12820 19097
29778 12820 3658 12536
29779 12820 12536 19097
29780 12536 3884 12818
29781 12536 12818 19097
29782 12800 3655 12170
29783 12800 12170 19098
29784 12170 3658 12820
29785 12170 12820 19098
29786 12820 3661 12172
29787 12820 12172 19098
29788 12172 3660 12800
29789 12172 12800 19098
29790 12821 4057 12822
29791 12821 12822 19099
29792 12822 4058 12823
29793 12822 12823 19099
29794 12823 4059 12824
29795 12823 12824 19099
29796 12824 4056 12821
29797 12824 12821 19099
29798 12825 4060 12826
29799 12825 12826 19100
29800 12826 4061 12827
29801 12826 12827 19100
29802 12827 4058 12822
29803 12827 12822 19100
29804 12822 4057 12825
29805 12822 12825 19100
29806 12828 4063 12829
29807 12828 12829 19101
29808 12829 4064 12830
29809 12829 12830 19101
29810 12830 4065 12831
29811 12830 12831 19101
29812 12831 4062 12828
29813 12831 12828 19101
29814 12832 4067 12833
29815 12832 12833 19102
29816 12833 4068 12834
29817 12833 12834 19102
29818 12834 4069 12835
29819 12834 12835 19102
29820 12835 4066 12832
29821 12835 12832 19102
29822 12836 4070 12837
29823 12836 12837 19103
29824 12837 4071 12838
29825 12837 12838 19103
29826 12838 4066 12835
29827 12838 12835 19103
29828 12835 4069 12836
29829 12835 12836 19103
29830 12839 4072 12840
29831 12839 12840 19104
29832 12840 4073 12841
29833 12840 12841 19104
29834 12841 4062 12831
29835 12841 12831 19104
29836 12831 4065 12839
29837 12831 12839 19104
29838 12842 4075 12843
29839 12842 12843 19105
29840 12843 4076 12844
29841 12843 12844 19105
29842 12844 4077 12845
29843 12844 12845 19105
29844 12845 4074 12842
29845 12845 12842 19105
29846 12846 4068 12833
29847 12846 12833 19106
29848 12833 4067 12847
29849 12833 12847 19106
29850 12847 4085 12848
29851 12847 12848 19106
29852 12848 4084 12846
29853 12848 12846 19106
29854 12849 4064 12829
29855 12849 12829 19107
29856 12829 4063 12850
29857 12829 12850 19107
29858 12850 4086 12851
29859 12850 12851 19107
29860 12851 4074 12849
29861 12851 12849 19107
29862 12852 4087 12853
29863 12852 12853 19108
29864 12853 4075 12842
29865 12853 12842 19108
29866 12842 4074 12851
29867 12842 12851 19108
29868 12851 4086 12852
29869 12851 12852 19108
29870 12854 4088 12855
29871 12854 12855 19109
29872 12855 4089 12856
29873 12855 12856 19109
29874 12856 4084 12848
29875 12856 12848 19109
29876 12848 4085 12854
29877 12848 12854 19109
29878 12857 4091 12858
29879 12857 12858 19110
29880 12858 4092 12859
29881 12858 12859 19110
29882 12859 4093 12860
29883 12859 12860 19110
29884 12860 4090 12857
29885 12860 12857 19110
29886 12861 4090 12860
29887 12861 12860 19111
29888 12860 4093 12862
29889 12860 12862 19111
29890 12862 4095 12863
29891 12862 12863 19111
29892 12863 4094 12861
29893 12863 12861 19111
29894 12864 4101 12865
29895 12864 12865 19112
29896 12865 4102 12866
29897 12865 12866 19112
29898 12866 4103 12867
29899 12866 12867 19112
29900 12867 4100 12864
29901 12867 12864 19112
29902 12868 4105 12869
29903 12868 12869 19113
29904 12869 4067 12832
29905 12869 12832 19113
29906 12832 4066 12870
29907 12832 12870 19113
29908 12870 4104 12868
29909 12870 12868 19113
29910 12871 4107 12872
29911 12871 12872 19114
29912 12872 4079 12873
29913 12872 12873 19114
29914 12873 4081 12874
29915 12873 12874 19114
29916 12874 4106 12871
29917 12874 12871 19114
29918 12859 4092 12875
29919 12859 12875 19115
29920 12875 4108 12876
29921 12875 12876 19115
29922 12876 4109 12877
29923 12876 12877 19115
29924 12877 4093 12859
29925 12877 12859 19115
29926 12878 4106 12874
29927 12878 12874 19116
29928 12874 4081 12879
29929 12874 12879 19116
29930 12879 4080 12880
29931 12879 12880 19116
29932 12880 4110 12878
29933 12880 12878 19116
29934 12862 4093 12877
29935 12862 12877 19117
29936 12877 4109 12881
29937 12877 12881 19117
29938 12881 4111 12882
29939 12881 12882 19117
29940 12882 4095 12862
29941 12882 12862 19117
29942 12883 4112 12884
29943 12883 12884 19118
29944 12884 4085 12847
29945 12884 12847 19118
29946 12847 4067 12869
29947 12847 12869 19118
29948 12869 4105 12883
29949 12869 12883 19118
29950 12885 4113 12886
29951 12885 12886 19119
29952 12886 4088 12854
29953 12886 12854 19119
29954 12854 4085 12884
29955 12854 12884 19119
29956 12884 4112 12885
29957 12884 12885 19119
29958 12887 4115 12888
29959 12887 12888 19120
29960 12888 4116 12889
29961 12888 12889 19120
29962 12889 4117 12890
29963 12889 12890 19120
29964 12890 4114 12887
29965 12890 12887 19120
29966 12891 4100 12867
29967 12891 12867 19121
29968 12867 4103 12892
29969 12867 12892 19121
29970 12892 4119 12893
29971 12892 12893 19121
29972 12893 4118 12891
29973 12893 12891 19121
29974 12894 4121 12895
29975 12894 12895 19122
29976 12895 4122 12896
29977 12895 12896 19122
29978 12896 4123 12897
29979 12896 12897 19122
29980 12897 4120 12894
29981 12897 12894 19122
29982 12898 4122 12895
29983 12898 12895 19123
29984 12895 4121 12899
29985 12895 12899 19123
29986 12899 4125 12900
29987 12899 12900 19123
29988 12900 4124 12898
29989 12900 12898 19123
29990 12901 4129 12902
29991 12901 12902 19124
29992 12902 4130 12903
29993 12902 12903 19124
29994 12903 4131 12904
29995 12903 12904 19124
29996 12904 4128 12901
29997 12904 12901 19124
29998 12905 4056 12824
29999 12905 12824 19125
30000 12824 4059 12906
30001 12824 12906 19125
30002 12906 4128 12904
30003 12906 12904 19125
30004 12904 4131 12905
30005 12904 12905 19125
30006 12907 4133 12908
30007 12907 12908 19126
30008 12908 4134 12909
30009 12908 12909 19126
30010 12909 4135 12910
30011 12909 12910 19126
30012 12910 4132 12907
30013 12910 12907 19126
30014 12911 707 7774
30015 12911 7774 19127
30016 7774 706 12912
30017 7774 12912 19127
30018 12912 4120 12897
30019 12912 12897 19127
30020 12897 4123 12911
30021 12897 12911 19127
30022 12872 4107 12913
30023 12872 12913 19128
30024 12913 716 7777
30025 12913 7777 19128
30026 7777 713 12914
30027 7777 12914 19128
30028 12914 4079 12872
30029 12914 12872 19128
30030 12866 4102 12915
30031 12866 12915 19129
30032 12915 4143 12916
30033 12915 12916 19129
30034 12916 4144 12917
30035 12916 12917 19129
30036 12917 4103 12866
30037 12917 12866 19129
30038 12918 4145 12919
30039 12918 12919 19130
30040 12919 4146 12920
30041 12919 12920 19130
30042 12920 4116 12888
30043 12920 12888 19130
30044 12888 4115 12918
30045 12888 12918 19130
30046 12838 4071 12921
30047 12838 12921 19131
30048 12921 4147 12922
30049 12921 12922 19131
30050 12922 4104 12870
30051 12922 12870 19131
30052 12870 4066 12838
30053 12870 12838 19131
30054 12923 4148 12924
30055 12923 12924 19132
30056 12924 4149 12925
30057 12924 12925 19132
30058 12925 4134 12908
30059 12925 12908 19132
30060 12908 4133 12923
30061 12908 12923 19132
30062 12926 736 7791
30063 12926 7791 19133
30064 7791 708 12927
30065 7791 12927 19133
30066 12927 4108 12875
30067 12927 12875 19133
30068 12875 4092 12926
30069 12875 12926 19133
30070 12928 4143 12915
30071 12928 12915 19134
30072 12915 4102 12929
30073 12915 12929 19134
30074 12929 4071 12837
30075 12929 12837 19134
30076 12837 4070 12928
30077 12837 12928 19134
30078 12930 4146 12919
30079 12930 12919 19135
30080 12919 4145 12931
30081 12919 12931 19135
30082 12931 4073 12840
30083 12931 12840 19135
30084 12840 4072 12930
30085 12840 12930 19135
30086 12932 4149 12924
30087 12932 12924 19136
30088 12924 4148 12933
30089 12924 12933 19136
30090 12933 4130 12902
30091 12933 12902 19136
30092 12902 4129 12932
30093 12902 12932 19136
30094 12929 4102 12865
30095 12929 12865 19137
30096 12865 4101 12934
30097 12865 12934 19137
30098 12934 4147 12921
30099 12934 12921 19137
30100 12921 4071 12929
30101 12921 12929 19137
30102 12935 4155 12936
30103 12935 12936 19138
30104 12936 4119 12892
30105 12936 12892 19138
30106 12892 4103 12917
30107 12892 12917 19138
30108 12917 4144 12935
30109 12917 12935 19138
30110 12937 4133 12907
30111 12937 12907 19139
30112 12907 4132 12938
30113 12907 12938 19139
30114 12938 4157 12939
30115 12938 12939 19139
30116 12939 4156 12937
30117 12939 12937 19139
30118 12923 4133 12937
30119 12923 12937 19140
30120 12937 4156 12940
30121 12937 12940 19140
30122 12940 4158 12941
30123 12940 12941 19140
30124 12941 4148 12923
30125 12941 12923 19140
30126 12933 4148 12941
30127 12933 12941 19141
30128 12941 4158 12942
30129 12941 12942 19141
30130 12942 4159 12943
30131 12942 12943 19141
30132 12943 4130 12933
30133 12943 12933 19141
30134 12903 4130 12943
30135 12903 12943 19142
30136 12943 4159 12944
30137 12943 12944 19142
30138 12944 4160 12945
30139 12944 12945 19142
30140 12945 4131 12903
30141 12945 12903 19142
30142 12905 4131 12945
30143 12905 12945 19143
30144 12945 4160 12946
30145 12945 12946 19143
30146 12946 4161 12947
30147 12946 12947 19143
30148 12947 4056 12905
30149 12947 12905 19143
30150 12821 4056 12947
30151 12821 12947 19144
30152 12947 4161 12948
30153 12947 12948 19144
30154 12948 4162 12949
30155 12948 12949 19144
30156 12949 4057 12821
30157 12949 12821 19144
30158 12950 4163 12951
30159 12950 12951 19145
30160 12951 4060 12825
30161 12951 12825 19145
30162 12825 4057 12949
30163 12825 12949 19145
30164 12949 4162 12950
30165 12949 12950 19145
30166 12952 4165 12953
30167 12952 12953 19146
30168 12953 4122 12898
30169 12953 12898 19146
30170 12898 4124 12954
30171 12898 12954 19146
30172 12954 4164 12952
30173 12954 12952 19146
30174 12896 4122 12953
30175 12896 12953 19147
30176 12953 4165 12955
30177 12953 12955 19147
30178 12955 4166 12956
30179 12955 12956 19147
30180 12956 4123 12896
30181 12956 12896 19147
30182 12909 4134 12957
30183 12909 12957 19148
30184 12957 4167 12958
30185 12957 12958 19148
30186 12958 4168 12959
30187 12958 12959 19148
30188 12959 4135 12909
30189 12959 12909 19148
30190 12925 4149 12960
30191 12925 12960 19149
30192 12960 4169 12961
30193 12960 12961 19149
30194 12961 4167 12957
30195 12961 12957 19149
30196 12957 4134 12925
30197 12957 12925 19149
30198 12962 4169 12960
30199 12962 12960 19150
30200 12960 4149 12932
30201 12960 12932 19150
30202 12932 4129 12963
30203 12932 12963 19150
30204 12963 4170 12962
30205 12963 12962 19150
30206 12964 4170 12963
30207 12964 12963 19151
30208 12963 4129 12901
30209 12963 12901 19151
30210 12901 4128 12965
30211 12901 12965 19151
30212 12965 4171 12964
30213 12965 12964 19151
30214 12906 4059 12966
30215 12906 12966 19152
30216 12966 4172 12967
30217 12966 12967 19152
30218 12967 4171 12965
30219 12967 12965 19152
30220 12965 4128 12906
30221 12965 12906 19152
30222 12823 4058 12968
30223 12823 12968 19153
30224 12968 4173 12969
30225 12968 12969 19153
30226 12969 4172 12966
30227 12969 12966 19153
30228 12966 4059 12823
30229 12966 12823 19153
30230 12827 4061 12970
30231 12827 12970 19154
30232 12970 4174 12971
30233 12970 12971 19154
30234 12971 4173 12968
30235 12971 12968 19154
30236 12968 4058 12827
30237 12968 12827 19154
30238 12899 4121 12972
30239 12899 12972 19155
30240 12972 4175 12973
30241 12972 12973 19155
30242 12973 4176 12974
30243 12973 12974 19155
30244 12974 4125 12899
30245 12974 12899 19155
30246 12975 4175 12972
30247 12975 12972 19156
30248 12972 4121 12894
30249 12972 12894 19156
30250 12894 4120 12976
30251 12894 12976 19156
30252 12976 4177 12975
30253 12976 12975 19156
30254 12958 4167 12977
30255 12958 12977 19157
30256 12977 4100 12891
30257 12977 12891 19157
30258 12891 4118 12978
30259 12891 12978 19157
30260 12978 4168 12958
30261 12978 12958 19157
30262 12961 4169 12979
30263 12961 12979 19158
30264 12979 4101 12864
30265 12979 12864 19158
30266 12864 4100 12977
30267 12864 12977 19158
30268 12977 4167 12961
30269 12977 12961 19158
30270 12934 4101 12979
30271 12934 12979 19159
30272 12979 4169 12962
30273 12979 12962 19159
30274 12962 4170 12980
30275 12962 12980 19159
30276 12980 4147 12934
30277 12980 12934 19159
30278 12922 4147 12980
30279 12922 12980 19160
30280 12980 4170 12964
30281 12980 12964 19160
30282 12964 4171 12981
30283 12964 12981 19160
30284 12981 4104 12922
30285 12981 12922 19160
30286 12868 4104 12981
30287 12868 12981 19161
30288 12981 4171 12967
30289 12981 12967 19161
30290 12967 4172 12982
30291 12967 12982 19161
30292 12982 4105 12868
30293 12982 12868 19161
30294 12883 4105 12982
30295 12883 12982 19162
30296 12982 4172 12969
30297 12982 12969 19162
30298 12969 4173 12983
30299 12969 12983 19162
30300 12983 4112 12883
30301 12983 12883 19162
30302 12885 4112 12983
30303 12885 12983 19163
30304 12983 4173 12971
30305 12983 12971 19163
30306 12971 4174 12984
30307 12971 12984 19163
30308 12984 4113 12885
30309 12984 12885 19163
30310 12973 4175 12985
30311 12973 12985 19164
30312 12985 4090 12861
30313 12985 12861 19164
30314 12861 4094 12986
30315 12861 12986 19164
30316 12986 4176 12973
30317 12986 12973 19164
30318 12975 4177 12987
30319 12975 12987 19165
30320 12987 4091 12857
30321 12987 12857 19165
30322 12857 4090 12985
30323 12857 12985 19165
30324 12985 4175 12975
30325 12985 12975 19165
30326 12988 4182 12989
30327 12988 12989 19166
30328 12989 4064 12849
30329 12989 12849 19166
30330 12849 4074 12845
30331 12849 12845 19166
30332 12845 4077 12988
30333 12845 12988 19166
30334 12990 4188 12991
30335 12990 12991 19167
30336 12991 4065 12830
30337 12991 12830 19167
30338 12830 4064 12989
30339 12830 12989 19167
30340 12989 4182 12990
30341 12989 12990 19167
30342 12992 4191 12993
30343 12992 12993 19168
30344 12993 4116 12920
30345 12993 12920 19168
30346 12920 4146 12994
30347 12920 12994 19168
30348 12994 4192 12992
30349 12994 12992 19168
30350 12995 4194 12996
30351 12995 12996 19169
30352 12996 4072 12839
30353 12996 12839 19169
30354 12839 4065 12991
30355 12839 12991 19169
30356 12991 4188 12995
30357 12991 12995 19169
30358 12997 4192 12994
30359 12997 12994 19170
30360 12994 4146 12930
30361 12994 12930 19170
30362 12930 4072 12996
30363 12930 12996 19170
30364 12996 4194 12997
30365 12996 12997 19170
30366 12993 4191 12998
30367 12993 12998 19171
30368 12998 4196 12999
30369 12998 12999 19171
30370 12999 4117 12889
30371 12999 12889 19171
30372 12889 4116 12993
30373 12889 12993 19171
30374 13000 711 7865
30375 13000 7865 19172
30376 7865 736 12926
30377 7865 12926 19172
30378 12926 4092 12858
30379 12926 12858 19172
30380 12858 4091 13000
30381 12858 13000 19172
30382 13001 715 7867
30383 13001 7867 19173
30384 7867 707 12911
30385 7867 12911 19173
30386 12911 4123 12956
30387 12911 12956 19173
30388 12956 4166 13001
30389 12956 13001 19173
30390 12912 706 7870
30391 12912 7870 19174
30392 7870 712 13002
30393 7870 13002 19174
30394 13002 4177 12976
30395 13002 12976 19174
30396 12976 4120 12912
30397 12976 12912 19174
30398 13002 712 7871
30399 13002 7871 19175
30400 7871 711 13000
30401 7871 13000 19175
30402 13000 4091 12987
30403 13000 12987 19175
30404 12987 4177 13002
30405 12987 13002 19175
30406 13003 4164 12954
30407 13003 12954 19176
30408 12954 4124 13004
30409 12954 13004 19176
30410 13004 4060 12951
30411 13004 12951 19176
30412 12951 4163 13003
30413 12951 13003 19176
30414 13005 4080 13006
30415 13005 13006 19177
30416 13006 4083 13007
30417 13006 13007 19177
30418 13007 4076 12843
30419 13007 12843 19177
30420 12843 4075 13005
30421 12843 13005 19177
30422 13005 4075 12853
30423 13005 12853 19178
30424 12853 4087 13008
30425 12853 13008 19178
30426 13008 4110 12880
30427 13008 12880 19178
30428 12880 4080 13005
30429 12880 13005 19178
30430 13009 4113 12984
30431 13009 12984 19179
30432 12984 4174 13010
30433 12984 13010 19179
30434 13010 4176 12986
30435 13010 12986 19179
30436 12986 4094 13009
30437 12986 13009 19179
30438 13009 4094 12863
30439 13009 12863 19180
30440 12863 4095 13011
30441 12863 13011 19180
30442 13011 4088 12886
30443 13011 12886 19180
30444 12886 4113 13009
30445 12886 13009 19180
30446 13011 4095 12882
30447 13011 12882 19181
30448 12882 4111 13012
30449 12882 13012 19181
30450 13012 4089 12855
30451 13012 12855 19181
30452 12855 4088 13011
30453 12855 13011 19181
30454 13004 4124 12900
30455 13004 12900 19182
30456 12900 4125 13013
30457 12900 13013 19182
30458 13013 4061 12826
30459 13013 12826 19182
30460 12826 4060 13004
30461 12826 13004 19182
30462 13013 4125 12974
30463 13013 12974 19183
30464 12974 4176 13010
30465 12974 13010 19183
30466 13010 4174 12970
30467 13010 12970 19183
30468 12970 4061 13013
30469 12970 13013 19183
30470 13014 4108 12927
30471 13014 12927 19184
30472 12927 708 7883
30473 12927 7883 19184
30474 7883 716 12913
30475 7883 12913 19184
30476 12913 4107 13014
30477 12913 13014 19184
30478 12876 4108 13014
30479 12876 13014 19185
30480 13014 4107 12871
30481 13014 12871 19185
30482 12871 4106 13015
30483 12871 13015 19185
30484 13015 4109 12876
30485 13015 12876 19185
30486 12881 4109 13015
30487 12881 13015 19186
30488 13015 4106 12878
30489 13015 12878 19186
30490 12878 4110 13016
30491 12878 13016 19186
30492 13016 4111 12881
30493 13016 12881 19186
30494 13017 4089 13012
30495 13017 13012 19187
30496 13012 4111 13016
30497 13012 13016 19187
30498 13016 4110 13008
30499 13016 13008 19187
30500 13008 4087 13017
30501 13008 13017 19187
30502 12856 4089 13017
30503 12856 13017 19188
30504 13017 4087 12852
30505 13017 12852 19188
30506 12852 4086 13018
30507 12852 13018 19188
30508 13018 4084 12856
30509 13018 12856 19188
30510 13019 4068 12846
30511 13019 12846 19189
30512 12846 4084 13018
30513 12846 13018 19189
30514 13018 4086 12850
30515 13018 12850 19189
30516 12850 4063 13019
30517 12850 13019 19189
30518 12834 4068 13019
30519 12834 13019 19190
30520 13019 4063 12828
30521 13019 12828 19190
30522 12828 4062 13020
30523 12828 13020 19190
30524 13020 4069 12834
30525 13020 12834 19190
30526 13021 4070 12836
30527 13021 12836 19191
30528 12836 4069 13020
30529 12836 13020 19191
30530 13020 4062 12841
30531 13020 12841 19191
30532 12841 4073 13021
30533 12841 13021 19191
30534 13022 4143 12928
30535 13022 12928 19192
30536 12928 4070 13021
30537 12928 13021 19192
30538 13021 4073 12931
30539 13021 12931 19192
30540 12931 4145 13022
30541 12931 13022 19192
30542 12916 4143 13022
30543 12916 13022 19193
30544 13022 4145 12918
30545 13022 12918 19193
30546 12918 4115 13023
30547 12918 13023 19193
30548 13023 4144 12916
30549 13023 12916 19193
30550 12935 4144 13023
30551 12935 13023 19194
30552 13023 4115 12887
30553 13023 12887 19194
30554 12887 4114 13024
30555 12887 13024 19194
30556 13024 4155 12935
30557 13024 12935 19194
30558 13025 4156 12939
30559 13025 12939 19195
30560 12939 4157 13026
30561 12939 13026 19195
30562 13026 4154 13027
30563 13026 13027 19195
30564 13027 4099 13025
30565 13027 13025 19195
30566 12940 4156 13025
30567 12940 13025 19196
30568 13025 4099 13028
30569 13025 13028 19196
30570 13028 4098 13029
30571 13028 13029 19196
30572 13029 4158 12940
30573 13029 12940 19196
30574 12942 4158 13029
30575 12942 13029 19197
30576 13029 4098 13030
30577 13029 13030 19197
30578 13030 4153 13031
30579 13030 13031 19197
30580 13031 4159 12942
30581 13031 12942 19197
30582 12944 4159 13031
30583 12944 13031 19198
30584 13031 4153 13032
30585 13031 13032 19198
30586 13032 4096 13033
30587 13032 13033 19198
30588 13033 4160 12944
30589 13033 12944 19198
30590 12946 4160 13033
30591 12946 13033 19199
30592 13033 4096 13034
30593 13033 13034 19199
30594 13034 4097 13035
30595 13034 13035 19199
30596 13035 4161 12946
30597 13035 12946 19199
30598 13036 4162 12948
30599 13036 12948 19200
30600 12948 4161 13035
30601 12948 13035 19200
30602 13035 4097 13037
30603 13035 13037 19200
30604 13037 4126 13036
30605 13037 13036 19200
30606 13036 4126 13038
30607 13036 13038 19201
30608 13038 4127 13039
30609 13038 13039 19201
30610 13039 4163 12950
30611 13039 12950 19201
30612 12950 4162 13036
30613 12950 13036 19201
30614 13040 4164 13003
30615 13040 13003 19202
30616 13003 4163 13039
30617 13003 13039 19202
30618 13039 4127 13041
30619 13039 13041 19202
30620 13041 4055 13040
30621 13041 13040 19202
30622 13042 4165 12952
30623 13042 12952 19203
30624 12952 4164 13040
30625 12952 13040 19203
30626 13040 4055 13043
30627 13040 13043 19203
30628 13043 4054 13042
30629 13043 13042 19203
30630 12955 4165 13042
30631 12955 13042 19204
30632 13042 4054 13044
30633 13042 13044 19204
30634 13044 4053 13045
30635 13044 13045 19204
30636 13045 4166 12955
30637 13045 12955 19204
30638 7917 715 13001
30639 7917 13001 19205
30640 13001 4166 13045
30641 13001 13045 19205
30642 13045 4053 13046
30643 13045 13046 19205
30644 13046 720 7917
30645 13046 7917 19205
30646 12893 4119 13047
30647 12893 13047 19206
30648 13047 4200 13048
30649 13047 13048 19206
30650 13048 4201 13049
30651 13048 13049 19206
30652 13049 4118 12893
30653 13049 12893 19206
30654 12890 4117 13050
30655 12890 13050 19207
30656 13050 4202 13051
30657 13050 13051 19207
30658 13051 4203 13052
30659 13051 13052 19207
30660 13052 4114 12890
30661 13052 12890 19207
30662 13053 4200 13047
30663 13053 13047 19208
30664 13047 4119 12936
30665 13047 12936 19208
30666 12936 4155 13054
30667 12936 13054 19208
30668 13054 4204 13053
30669 13054 13053 19208
30670 13055 4202 13050
30671 13055 13050 19209
30672 13050 4117 12999
30673 13050 12999 19209
30674 12999 4196 13056
30675 12999 13056 19209
30676 13056 4205 13055
30677 13056 13055 19209
30678 12910 4135 13057
30679 12910 13057 19210
30680 13057 4206 13058
30681 13057 13058 19210
30682 13058 4207 13059
30683 13058 13059 19210
30684 13059 4132 12910
30685 13059 12910 19210
30686 13060 4209 13061
30687 13060 13061 19211
30688 13061 4202 13055
30689 13061 13055 19211
30690 13055 4205 13062
30691 13055 13062 19211
30692 13062 4208 13060
30693 13062 13060 19211
30694 13051 4202 13061
30695 13051 13061 19212
30696 13061 4209 13063
30697 13061 13063 19212
30698 13063 4210 13064
30699 13063 13064 19212
30700 13064 4203 13051
30701 13064 13051 19212
30702 13065 4212 13066
30703 13065 13066 19213
30704 13066 4200 13053
30705 13066 13053 19213
30706 13053 4204 13067
30707 13053 13067 19213
30708 13067 4211 13065
30709 13067 13065 19213
30710 13068 4213 13069
30711 13068 13069 19214
30712 13069 4201 13048
30713 13069 13048 19214
30714 13048 4200 13066
30715 13048 13066 19214
30716 13066 4212 13068
30717 13066 13068 19214
30718 13070 4215 13071
30719 13070 13071 19215
30720 13071 4207 13058
30721 13071 13058 19215
30722 13058 4206 13072
30723 13058 13072 19215
30724 13072 4214 13070
30725 13072 13070 19215
30726 13073 4207 13071
30727 13073 13071 19216
30728 13071 4215 13074
30729 13071 13074 19216
30730 13074 4218 13075
30731 13074 13075 19216
30732 13075 4217 13073
30733 13075 13073 19216
30734 12938 4132 13059
30735 12938 13059 19217
30736 13059 4207 13073
30737 13059 13073 19217
30738 13073 4217 13076
30739 13073 13076 19217
30740 13076 4157 12938
30741 13076 12938 19217
30742 13077 4219 13078
30743 13077 13078 19218
30744 13078 4220 13079
30745 13078 13079 19218
30746 13079 4214 13072
30747 13079 13072 19218
30748 13072 4206 13077
30749 13072 13077 19218
30750 12959 4168 13080
30751 12959 13080 19219
30752 13080 4219 13077
30753 13080 13077 19219
30754 13077 4206 13057
30755 13077 13057 19219
30756 13057 4135 12959
30757 13057 12959 19219
30758 13081 4201 13069
30759 13081 13069 19220
30760 13069 4213 13082
30761 13069 13082 19220
30762 13082 4220 13078
30763 13082 13078 19220
30764 13078 4219 13081
30765 13078 13081 19220
30766 13081 4219 13080
30767 13081 13080 19221
30768 13080 4168 12978
30769 13080 12978 19221
30770 12978 4118 13049
30771 12978 13049 19221
30772 13049 4201 13081
30773 13049 13081 19221
30774 13024 4114 13052
30775 13024 13052 19222
30776 13052 4203 13083
30777 13052 13083 19222
30778 13083 4204 13054
30779 13083 13054 19222
30780 13054 4155 13024
30781 13054 13024 19222
30782 13083 4203 13064
30783 13083 13064 19223
30784 13064 4210 13084
30785 13064 13084 19223
30786 13084 4211 13067
30787 13084 13067 19223
30788 13067 4204 13083
30789 13067 13083 19223
30790 13085 4216 13086
30791 13085 13086 19224
30792 13086 4199 13087
30793 13086 13087 19224
30794 13087 4217 13075
30795 13087 13075 19224
30796 13075 4218 13085
30797 13075 13085 19224
30798 13026 4157 13076
30799 13026 13076 19225
30800 13076 4217 13087
30801 13076 13087 19225
30802 13087 4199 13088
30803 13087 13088 19225
30804 13088 4154 13026
30805 13088 13026 19225
30806 13089 4226 13090
30807 13089 13090 19226
30808 13090 4227 13091
30809 13090 13091 19226
30810 13091 4228 13092
30811 13091 13092 19226
30812 13092 4225 13089
30813 13092 13089 19226
30814 13093 4230 13094
30815 13093 13094 19227
30816 13094 4231 13095
30817 13094 13095 19227
30818 13095 4232 13096
30819 13095 13096 19227
30820 13096 4229 13093
30821 13096 13093 19227
30822 13097 4234 13098
30823 13097 13098 19228
30824 13098 4230 13093
30825 13098 13093 19228
30826 13093 4229 13099
30827 13093 13099 19228
30828 13099 4233 13097
30829 13099 13097 19228
30830 13100 4226 13101
30831 13100 13101 19229
30832 13101 4236 13102
30833 13101 13102 19229
30834 13102 4237 13103
30835 13102 13103 19229
30836 13103 4235 13100
30837 13103 13100 19229
30838 13100 4235 13104
30839 13100 13104 19230
30840 13104 4238 13105
30841 13104 13105 19230
30842 13105 4227 13090
30843 13105 13090 19230
30844 13090 4226 13100
30845 13090 13100 19230
30846 13106 4240 13107
30847 13106 13107 19231
30848 13107 4234 13097
30849 13107 13097 19231
30850 13097 4233 13108
30851 13097 13108 19231
30852 13108 4239 13106
30853 13108 13106 19231
30854 13102 4236 13109
30855 13102 13109 19232
30856 13109 4241 13110
30857 13109 13110 19232
30858 13110 4242 13111
30859 13110 13111 19232
30860 13111 4237 13102
30861 13111 13102 19232
30862 13112 4244 13113
30863 13112 13113 19233
30864 13113 4245 13114
30865 13113 13114 19233
30866 13114 4246 13115
30867 13114 13115 19233
30868 13115 4243 13112
30869 13115 13112 19233
30870 13116 4248 13117
30871 13116 13117 19234
30872 13117 4249 13118
30873 13117 13118 19234
30874 13118 4250 13119
30875 13118 13119 19234
30876 13119 4247 13116
30877 13119 13116 19234
30878 13120 4252 13121
30879 13120 13121 19235
30880 13121 4253 13122
30881 13121 13122 19235
30882 13122 4254 13123
30883 13122 13123 19235
30884 13123 4251 13120
30885 13123 13120 19235
30886 13124 4256 13125
30887 13124 13125 19236
30888 13125 4252 13120
30889 13125 13120 19236
30890 13120 4251 13126
30891 13120 13126 19236
30892 13126 4255 13124
30893 13126 13124 19236
30894 13124 4255 13127
30895 13124 13127 19237
30896 13127 4257 13128
30897 13127 13128 19237
30898 13128 4258 13129
30899 13128 13129 19237
30900 13129 4256 13124
30901 13129 13124 19237
30902 13130 4261 13131
30903 13130 13131 19238
30904 13131 4262 13132
30905 13131 13132 19238
30906 13132 4263 13133
30907 13132 13133 19238
30908 13133 4260 13130
30909 13133 13130 19238
30910 13134 4264 13135
30911 13134 13135 19239
30912 13135 4213 13068
30913 13135 13068 19239
30914 13068 4212 13136
30915 13068 13136 19239
30916 13136 4231 13134
30917 13136 13134 19239
30918 13137 4230 13098
30919 13137 13098 19240
30920 13098 4234 13138
30921 13098 13138 19240
30922 13138 4266 13139
30923 13138 13139 19240
30924 13139 4265 13137
30925 13139 13137 19240
30926 13137 4265 13140
30927 13137 13140 19241
30928 13140 4264 13134
30929 13140 13134 19241
30930 13134 4231 13094
30931 13134 13094 19241
30932 13094 4230 13137
30933 13094 13137 19241
30934 13138 4234 13107
30935 13138 13107 19242
30936 13107 4240 13141
30937 13107 13141 19242
30938 13141 4267 13142
30939 13141 13142 19242
30940 13142 4266 13138
30941 13142 13138 19242
30942 13143 4245 13113
30943 13143 13113 19243
30944 13113 4244 13144
30945 13113 13144 19243
30946 13144 4269 13145
30947 13144 13145 19243
30948 13145 4268 13143
30949 13145 13143 19243
30950 13063 4209 13146
30951 13063 13146 19244
30952 13146 4227 13105
30953 13146 13105 19244
30954 13105 4238 13147
30955 13105 13147 19244
30956 13147 4210 13063
30957 13147 13063 19244
30958 13095 4231 13136
30959 13095 13136 19245
30960 13136 4212 13065
30961 13136 13065 19245
30962 13065 4211 13148
30963 13065 13148 19245
30964 13148 4232 13095
30965 13148 13095 19245
30966 13091 4227 13146
30967 13091 13146 19246
30968 13146 4209 13060
30969 13146 13060 19246
30970 13060 4208 13149
30971 13060 13149 19246
30972 13149 4228 13091
30973 13149 13091 19246
30974 13118 4249 13150
30975 13118 13150 19247
30976 13150 728 8022
30977 13150 8022 19247
30978 8022 731 13151
30979 8022 13151 19247
30980 13151 4250 13118
30981 13151 13118 19247
30982 13128 4257 13152
30983 13128 13152 19248
30984 13152 4215 13070
30985 13152 13070 19248
30986 13070 4214 13153
30987 13070 13153 19248
30988 13153 4258 13128
30989 13153 13128 19248
30990 13154 4277 13155
30991 13154 13155 19249
30992 13155 732 8026
30993 13155 8026 19249
30994 8026 728 13150
30995 8026 13150 19249
30996 13150 4249 13154
30997 13150 13154 19249
30998 13156 4278 13157
30999 13156 13157 19250
31000 13157 4277 13154
31001 13157 13154 19250
31002 13154 4249 13117
31003 13154 13117 19250
31004 13117 4248 13156
31005 13117 13156 19250
31006 13112 4243 13158
31007 13112 13158 19251
31008 13158 722 8032
31009 13158 8032 19251
31010 8032 709 13159
31011 8032 13159 19251
31012 13159 4244 13112
31013 13159 13112 19251
31014 13160 4282 13161
31015 13160 13161 19252
31016 13161 4283 13162
31017 13161 13162 19252
31018 13162 4260 13133
31019 13162 13133 19252
31020 13133 4263 13160
31021 13133 13160 19252
31022 13163 4284 13164
31023 13163 13164 19253
31024 13164 4285 13165
31025 13164 13165 19253
31026 13165 4251 13123
31027 13165 13123 19253
31028 13123 4254 13163
31029 13123 13163 19253
31030 13165 4285 13166
31031 13165 13166 19254
31032 13166 4286 13167
31033 13166 13167 19254
31034 13167 4255 13126
31035 13167 13126 19254
31036 13126 4251 13165
31037 13126 13165 19254
31038 13168 4257 13127
31039 13168 13127 19255
31040 13127 4255 13167
31041 13127 13167 19255
31042 13167 4286 13169
31043 13167 13169 19255
31044 13169 4287 13168
31045 13169 13168 19255
31046 13168 4287 13170
31047 13168 13170 19256
31048 13170 4218 13074
31049 13170 13074 19256
31050 13074 4215 13152
31051 13074 13152 19256
31052 13152 4257 13168
31053 13152 13168 19256
31054 13171 4288 13172
31055 13171 13172 19257
31056 13172 4289 13173
31057 13172 13173 19257
31058 13173 4262 13131
31059 13173 13131 19257
31060 13131 4261 13171
31061 13131 13171 19257
31062 13174 4290 13175
31063 13174 13175 19258
31064 13175 4291 13176
31065 13175 13176 19258
31066 13176 4253 13121
31067 13176 13121 19258
31068 13121 4252 13174
31069 13121 13174 19258
31070 13177 4292 13178
31071 13177 13178 19259
31072 13178 4290 13174
31073 13178 13174 19259
31074 13174 4252 13125
31075 13174 13125 19259
31076 13125 4256 13177
31077 13125 13177 19259
31078 13179 4293 13180
31079 13179 13180 19260
31080 13180 4292 13177
31081 13180 13177 19260
31082 13177 4256 13129
31083 13177 13129 19260
31084 13129 4258 13179
31085 13129 13179 19260
31086 13179 4258 13153
31087 13179 13153 19261
31088 13153 4214 13079
31089 13153 13079 19261
31090 13079 4220 13181
31091 13079 13181 19261
31092 13181 4293 13179
31093 13181 13179 19261
31094 13182 4289 13172
31095 13182 13172 19262
31096 13172 4288 13183
31097 13172 13183 19262
31098 13183 4268 13145
31099 13183 13145 19262
31100 13145 4269 13182
31101 13145 13182 19262
31102 13184 4291 13175
31103 13184 13175 19263
31104 13175 4290 13185
31105 13175 13185 19263
31106 13185 4266 13142
31107 13185 13142 19263
31108 13142 4267 13184
31109 13142 13184 19263
31110 13185 4290 13178
31111 13185 13178 19264
31112 13178 4292 13186
31113 13178 13186 19264
31114 13186 4265 13139
31115 13186 13139 19264
31116 13139 4266 13185
31117 13139 13185 19264
31118 13187 4264 13140
31119 13187 13140 19265
31120 13140 4265 13186
31121 13140 13186 19265
31122 13186 4292 13180
31123 13186 13180 19265
31124 13180 4293 13187
31125 13180 13187 19265
31126 13187 4293 13181
31127 13187 13181 19266
31128 13181 4220 13082
31129 13181 13082 19266
31130 13082 4213 13135
31131 13082 13135 19266
31132 13135 4264 13187
31133 13135 13187 19266
31134 13144 4244 13159
31135 13144 13159 19267
31136 13159 709 8063
31137 13159 8063 19267
31138 8063 727 13188
31139 8063 13188 19267
31140 13188 4269 13144
31141 13188 13144 19267
31142 13162 4283 13189
31143 13162 13189 19268
31144 13189 4284 13163
31145 13189 13163 19268
31146 13163 4254 13190
31147 13163 13190 19268
31148 13190 4260 13162
31149 13190 13162 19268
31150 13122 4253 13191
31151 13122 13191 19269
31152 13191 4261 13130
31153 13191 13130 19269
31154 13130 4260 13190
31155 13130 13190 19269
31156 13190 4254 13122
31157 13190 13122 19269
31158 13176 4291 13192
31159 13176 13192 19270
31160 13192 4288 13171
31161 13192 13171 19270
31162 13171 4261 13191
31163 13171 13191 19270
31164 13191 4253 13176
31165 13191 13176 19270
31166 13183 4288 13192
31167 13183 13192 19271
31168 13192 4291 13184
31169 13192 13184 19271
31170 13184 4267 13193
31171 13184 13193 19271
31172 13193 4268 13183
31173 13193 13183 19271
31174 13141 4240 13194
31175 13141 13194 19272
31176 13194 4245 13143
31177 13194 13143 19272
31178 13143 4268 13193
31179 13143 13193 19272
31180 13193 4267 13141
31181 13193 13141 19272
31182 13114 4245 13194
31183 13114 13194 19273
31184 13194 4240 13106
31185 13194 13106 19273
31186 13106 4239 13195
31187 13106 13195 19273
31188 13195 4246 13114
31189 13195 13114 19273
31190 13110 4241 13196
31191 13110 13196 19274
31192 13196 4248 13116
31193 13196 13116 19274
31194 13116 4247 13197
31195 13116 13197 19274
31196 13197 4242 13110
31197 13197 13110 19274
31198 13198 724 8074
31199 13198 8074 19275
31200 8074 725 13199
31201 8074 13199 19275
31202 13199 4282 13160
31203 13199 13160 19275
31204 13160 4263 13198
31205 13160 13198 19275
31206 13200 726 8077
31207 13200 8077 19276
31208 8077 730 13201
31209 8077 13201 19276
31210 13201 4262 13173
31211 13201 13173 19276
31212 13173 4289 13200
31213 13173 13200 19276
31214 8079 726 13200
31215 8079 13200 19277
31216 13200 4289 13182
31217 13200 13182 19277
31218 13182 4269 13188
31219 13182 13188 19277
31220 13188 727 8079
31221 13188 8079 19277
31222 13201 730 8080
31223 13201 8080 19278
31224 8080 724 13198
31225 8080 13198 19278
31226 13198 4263 13132
31227 13198 13132 19278
31228 13132 4262 13201
31229 13132 13201 19278
31230 13084 4210 13147
31231 13084 13147 19279
31232 13147 4238 13202
31233 13147 13202 19279
31234 13202 4232 13148
31235 13202 13148 19279
31236 13148 4211 13084
31237 13148 13084 19279
31238 13203 4229 13096
31239 13203 13096 19280
31240 13096 4232 13202
31241 13096 13202 19280
31242 13202 4238 13104
31243 13202 13104 19280
31244 13104 4235 13203
31245 13104 13203 19280
31246 13203 4235 13103
31247 13203 13103 19281
31248 13103 4237 13204
31249 13103 13204 19281
31250 13204 4233 13099
31251 13204 13099 19281
31252 13099 4229 13203
31253 13099 13203 19281
31254 13204 4237 13111
31255 13204 13111 19282
31256 13111 4242 13205
31257 13111 13205 19282
31258 13205 4239 13108
31259 13205 13108 19282
31260 13108 4233 13204
31261 13108 13204 19282
31262 13205 4242 13197
31263 13205 13197 19283
31264 13197 4247 13206
31265 13197 13206 19283
31266 13206 4246 13195
31267 13206 13195 19283
31268 13195 4239 13205
31269 13195 13205 19283
31270 13206 4247 13119
31271 13206 13119 19284
31272 13119 4250 13207
31273 13119 13207 19284
31274 13207 4243 13115
31275 13207 13115 19284
31276 13115 4246 13206
31277 13115 13206 19284
31278 13207 4250 13151
31279 13207 13151 19285
31280 13151 731 8087
31281 13151 8087 19285
31282 8087 722 13158
31283 8087 13158 19285
31284 13158 4243 13207
31285 13158 13207 19285
31286 13208 4282 13199
31287 13208 13199 19286
31288 13199 725 8089
31289 13199 8089 19286
31290 8089 735 13209
31291 8089 13209 19286
31292 13209 4303 13208
31293 13209 13208 19286
31294 13208 4303 13210
31295 13208 13210 19287
31296 13210 4302 13211
31297 13210 13211 19287
31298 13211 4283 13161
31299 13211 13161 19287
31300 13161 4282 13208
31301 13161 13208 19287
31302 13211 4302 13212
31303 13211 13212 19288
31304 13212 4281 13213
31305 13212 13213 19288
31306 13213 4284 13189
31307 13213 13189 19288
31308 13189 4283 13211
31309 13189 13211 19288
31310 13213 4281 13214
31311 13213 13214 19289
31312 13214 4280 13215
31313 13214 13215 19289
31314 13215 4285 13164
31315 13215 13164 19289
31316 13164 4284 13213
31317 13164 13213 19289
31318 13215 4280 13216
31319 13215 13216 19290
31320 13216 4279 13217
31321 13216 13217 19290
31322 13217 4286 13166
31323 13217 13166 19290
31324 13166 4285 13215
31325 13166 13215 19290
31326 13217 4279 13218
31327 13217 13218 19291
31328 13218 4259 13219
31329 13218 13219 19291
31330 13219 4287 13169
31331 13219 13169 19291
31332 13169 4286 13217
31333 13169 13217 19291
31334 13219 4259 13220
31335 13219 13220 19292
31336 13220 4216 13085
31337 13220 13085 19292
31338 13085 4218 13170
31339 13085 13170 19292
31340 13170 4287 13219
31341 13170 13219 19292
31342 13044 4054 13221
31343 13044 13221 19293
31344 13221 3317 11642
31345 13221 11642 19293
31346 11642 3320 13222
31347 11642 13222 19293
31348 13222 4053 13044
31349 13222 13044 19293
31350 13223 3321 11643
31351 13223 11643 19294
31352 11643 3317 13221
31353 11643 13221 19294
31354 13221 4054 13043
31355 13221 13043 19294
31356 13043 4055 13223
31357 13043 13223 19294
31358 13224 3333 11662
31359 13224 11662 19295
31360 11662 3315 13225
31361 11662 13225 19295
31362 13225 4097 13034
31363 13225 13034 19295
31364 13034 4096 13224
31365 13034 13224 19295
31366 13028 4099 13226
31367 13028 13226 19296
31368 13226 3330 11656
31369 13226 11656 19296
31370 11656 3329 13227
31371 11656 13227 19296
31372 13227 4098 13028
31373 13227 13028 19296
31374 13228 3311 11635
31375 13228 11635 19297
31376 11635 3314 13229
31377 11635 13229 19297
31378 13229 4127 13038
31379 13229 13038 19297
31380 13038 4126 13228
31381 13038 13228 19297
31382 13228 4126 13037
31383 13228 13037 19298
31384 13037 4097 13225
31385 13037 13225 19298
31386 13225 3315 11636
31387 13225 11636 19298
31388 11636 3311 13228
31389 11636 13228 19298
31390 13046 4053 13222
31391 13046 13222 19299
31392 13222 3320 11872
31393 13222 11872 19299
31394 11872 669 8111
31395 11872 8111 19299
31396 8111 720 13046
31397 8111 13046 19299
31398 13032 4153 13230
31399 13032 13230 19300
31400 13230 3355 11689
31401 13230 11689 19300
31402 11689 3333 13224
31403 11689 13224 19300
31404 13224 4096 13032
31405 13224 13032 19300
31406 11706 3355 13230
31407 11706 13230 19301
31408 13230 4153 13030
31409 13230 13030 19301
31410 13030 4098 13227
31411 13030 13227 19301
31412 13227 3329 11706
31413 13227 11706 19301
31414 13226 4099 13027
31415 13226 13027 19302
31416 13027 4154 13231
31417 13027 13231 19302
31418 13231 3361 11708
31419 13231 11708 19302
31420 11708 3330 13226
31421 11708 13226 19302
31422 13223 4055 13041
31423 13223 13041 19303
31424 13041 4127 13229
31425 13041 13229 19303
31426 13229 3314 11858
31427 13229 11858 19303
31428 11858 3321 13223
31429 11858 13223 19303
31430 13231 4154 13088
31431 13231 13088 19304
31432 13088 4199 13232
31433 13088 13232 19304
31434 13232 3472 11906
31435 13232 11906 19304
31436 11906 3361 13231
31437 11906 13231 19304
31438 13233 3486 11928
31439 13233 11928 19305
31440 11928 3472 13232
31441 11928 13232 19305
31442 13232 4199 13086
31443 13232 13086 19305
31444 13086 4216 13233
31445 13086 13233 19305
31446 13234 3554 12025
31447 13234 12025 19306
31448 12025 3486 13233
31449 12025 13233 19306
31450 13233 4216 13220
31451 13233 13220 19306
31452 13220 4259 13234
31453 13220 13234 19306
31454 13235 3680 12185
31455 13235 12185 19307
31456 12185 3554 13234
31457 12185 13234 19307
31458 13234 4259 13218
31459 13234 13218 19307
31460 13218 4279 13235
31461 13218 13235 19307
31462 13235 4279 13216
31463 13235 13216 19308
31464 13216 4280 13236
31465 13216 13236 19308
31466 13236 3681 12189
31467 13236 12189 19308
31468 12189 3680 13235
31469 12189 13235 19308
31470 12190 3681 13236
31471 12190 13236 19309
31472 13236 4280 13214
31473 13236 13214 19309
31474 13214 4281 13237
31475 13214 13237 19309
31476 13237 3682 12190
31477 13237 12190 19309
31478 13237 4281 13212
31479 13237 13212 19310
31480 13212 4302 13238
31481 13212 13238 19310
31482 13238 3710 12249
31483 13238 12249 19310
31484 12249 3682 13237
31485 12249 13237 19310
31486 13239 3820 12459
31487 13239 12459 19311
31488 12459 3710 13238
31489 12459 13238 19311
31490 13238 4302 13210
31491 13238 13210 19311
31492 13210 4303 13239
31493 13210 13239 19311
31494 8122 696 12438
31495 8122 12438 19312
31496 12438 3820 13239
31497 12438 13239 19312
31498 13239 4303 13209
31499 13239 13209 19312
31500 13209 735 8122
31501 13209 8122 19312
31502 12230 3571 13240
31503 12230 13240 19313
31504 13240 3572 13241
31505 13240 13241 19313
31506 13241 3573 12088
31507 13241 12088 19313
31508 12088 3570 12230
31509 12088 12230 19313
31510 13241 3572 13242
31511 13241 13242 19314
31512 13242 3836 13243
31513 13242 13243 19314
31514 13243 3833 12455
31515 13243 12455 19314
31516 12455 3573 13241
31517 12455 13241 19314
31518 12225 3697 13244
31519 12225 13244 19315
31520 13244 3837 13245
31521 13244 13245 19315
31522 13245 3572 13240
31523 13245 13240 19315
31524 13240 3571 12225
31525 13240 12225 19315
31526 13245 3837 13246
31527 13245 13246 19316
31528 13246 4304 13247
31529 13246 13247 19316
31530 13247 3836 13242
31531 13247 13242 19316
31532 13242 3572 13245
31533 13242 13245 19316
31534 13248 3543 13249
31535 13248 13249 19317
31536 13249 3544 13250
31537 13249 13250 19317
31538 13250 3541 12503
31539 13250 12503 19317
31540 12503 3542 13248
31541 12503 13248 19317
31542 13251 3580 13252
31543 13251 13252 19318
31544 13252 3581 13253
31545 13252 13253 19318
31546 13253 4308 13254
31547 13253 13254 19318
31548 13254 4307 13251
31549 13254 13251 19318
31550 12485 3602 13255
31551 12485 13255 19319
31552 13255 3603 13256
31553 13255 13256 19319
31554 13256 3600 13257
31555 13256 13257 19319
31556 13257 3601 12485
31557 13257 12485 19319
31558 13258 3618 12500
31559 13258 12500 19320
31560 12500 3541 13250
31561 12500 13250 19320
31562 13250 3544 13259
31563 13250 13259 19320
31564 13259 3617 13258
31565 13259 13258 19320
31566 13255 3602 12482
31567 13255 12482 19321
31568 12482 3684 13260
31569 12482 13260 19321
31570 13260 3683 13261
31571 13260 13261 19321
31572 13261 3603 13255
31573 13261 13255 19321
31574 13258 3617 13262
31575 13258 13262 19322
31576 13262 3683 13260
31577 13262 13260 19322
31578 13260 3684 12477
31579 13260 12477 19322
31580 12477 3618 13258
31581 12477 13258 19322
31582 13263 4592 12520
31583 13263 12520 19323
31584 12520 3844 13264
31585 12520 13264 19323
31586 13264 3845 13265
31587 13264 13265 19323
31588 13265 4593 13263
31589 13265 13263 19323
31590 13266 3846 13267
31591 13266 13267 19324
31592 13267 4595 13268
31593 13267 13268 19324
31594 13268 4594 13269
31595 13268 13269 19324
31596 13269 4312 13266
31597 13269 13266 19324
31598 13266 4312 13270
31599 13266 13270 19325
31600 13270 3845 13271
31601 13270 13271 19325
31602 13271 3847 13272
31603 13271 13272 19325
31604 13272 3846 13266
31605 13272 13266 19325
31606 13273 3581 13252
31607 13273 13252 19326
31608 13252 3580 13274
31609 13252 13274 19326
31610 13274 3850 12467
31611 13274 12467 19326
31612 12467 3614 13273
31613 12467 13273 19326
31614 12649 3851 12569
31615 12649 12569 19327
31616 12569 3852 13275
31617 12569 13275 19327
31618 13275 3846 13272
31619 13275 13272 19327
31620 13272 3847 12649
31621 13272 12649 19327
31622 13275 3852 12470
31623 13275 12470 19328
31624 12470 4596 13276
31625 12470 13276 19328
31626 13276 4595 13267
31627 13276 13267 19328
31628 13267 3846 13275
31629 13267 13275 19328
31630 12650 3847 13271
31631 12650 13271 19329
31632 13271 3845 13264
31633 13271 13264 19329
31634 13264 3844 12643
31635 13264 12643 19329
31636 12643 3958 12650
31637 12643 12650 19329
31638 13277 4593 13265
31639 13277 13265 19330
31640 13265 3845 13270
31641 13265 13270 19330
31642 13270 4312 13269
31643 13270 13269 19330
31644 13269 4594 13277
31645 13269 13277 19330
31646 13278 3544 13249
31647 13278 13249 19331
31648 13249 3543 13279
31649 13249 13279 19331
31650 13279 4307 13254
31651 13279 13254 19331
31652 13254 4308 13278
31653 13254 13278 19331
31654 13280 3617 13259
31655 13280 13259 19332
31656 13259 3544 13278
31657 13259 13278 19332
31658 13278 4308 13281
31659 13278 13281 19332
31660 13281 4310 13280
31661 13281 13280 19332
31662 13282 3683 13262
31663 13282 13262 19333
31664 13262 3617 13280
31665 13262 13280 19333
31666 13280 4310 13283
31667 13280 13283 19333
31668 13283 4311 13282
31669 13283 13282 19333
31670 13284 3603 13261
31671 13284 13261 19334
31672 13261 3683 13282
31673 13261 13282 19334
31674 13282 4311 13285
31675 13282 13285 19334
31676 13285 4309 13284
31677 13285 13284 19334
31678 13256 3603 13284
31679 13256 13284 19335
31680 13284 4309 13286
31681 13284 13286 19335
31682 13286 3604 13287
31683 13286 13287 19335
31684 13287 3600 13256
31685 13287 13256 19335
31686 12096 3610 13288
31687 12096 13288 19336
31688 13288 3612 13289
31689 13288 13289 19336
31690 13289 3613 12461
31691 13289 12461 19336
31692 12461 3539 12096
31693 12461 12096 19336
31694 13288 3610 12244
31695 13288 12244 19337
31696 12244 3708 13290
31697 12244 13290 19337
31698 13290 3707 13291
31699 13290 13291 19337
31700 13291 3612 13288
31701 13291 13288 19337
31702 13292 3615 13293
31703 13292 13293 19338
31704 13293 3614 12469
31705 13293 12469 19338
31706 12469 3613 13289
31707 12469 13289 19338
31708 13289 3612 13292
31709 13289 13292 19338
31710 13292 3612 13291
31711 13292 13291 19339
31712 13291 3707 13294
31713 13291 13294 19339
31714 13294 4315 13295
31715 13294 13295 19339
31716 13295 3615 13292
31717 13295 13292 19339
31718 13296 3616 13297
31719 13296 13297 19340
31720 13297 3581 13273
31721 13297 13273 19340
31722 13273 3614 13293
31723 13273 13293 19340
31724 13293 3615 13296
31725 13293 13296 19340
31726 13253 3581 13297
31727 13253 13297 19341
31728 13297 3616 13298
31729 13297 13298 19341
31730 13298 4310 13281
31731 13298 13281 19341
31732 13281 4308 13253
31733 13281 13253 19341
31734 13283 4310 13298
31735 13283 13298 19342
31736 13298 3616 13299
31737 13298 13299 19342
31738 13299 4313 13300
31739 13299 13300 19342
31740 13300 4311 13283
31741 13300 13283 19342
31742 13301 4313 13299
31743 13301 13299 19343
31744 13299 3616 13296
31745 13299 13296 19343
31746 13296 3615 13295
31747 13296 13295 19343
31748 13295 4315 13301
31749 13295 13301 19343
31750 13302 729 8187
31751 13302 8187 19344
31752 8187 733 13303
31753 8187 13303 19344
31754 13303 4300 13304
31755 13303 13304 19344
31756 13304 4324 13302
31757 13304 13302 19344
31758 8190 732 13155
31759 8190 13155 19345
31760 13155 4277 13305
31761 13155 13305 19345
31762 13305 4300 13303
31763 13305 13303 19345
31764 13303 733 8190
31765 13303 8190 19345
31766 13306 4078 13307
31767 13306 13307 19346
31768 13307 4079 12914
31769 13307 12914 19346
31770 12914 713 8191
31771 12914 8191 19346
31772 8191 717 13306
31773 8191 13306 19346
31774 12879 4081 13308
31775 12879 13308 19347
31776 13308 4082 13309
31777 13308 13309 19347
31778 13309 4083 13006
31779 13309 13006 19347
31780 13006 4080 12879
31781 13006 12879 19347
31782 13310 4082 13308
31783 13310 13308 19348
31784 13308 4081 12873
31785 13308 12873 19348
31786 12873 4079 13307
31787 12873 13307 19348
31788 13307 4078 13310
31789 13307 13310 19348
31790 13311 714 8199
31791 13311 8199 19349
31792 8199 737 13312
31793 8199 13312 19349
31794 13312 4354 13313
31795 13312 13313 19349
31796 13313 4319 13311
31797 13313 13311 19349
31798 13314 719 8202
31799 13314 8202 19350
31800 8202 714 13311
31801 8202 13311 19350
31802 13311 4319 13315
31803 13311 13315 19350
31804 13315 4320 13314
31805 13315 13314 19350
31806 8207 734 13316
31807 8207 13316 19351
31808 13316 4322 13317
31809 13316 13317 19351
31810 13317 4323 13318
31811 13317 13318 19351
31812 13318 723 8207
31813 13318 8207 19351
31814 8211 738 13319
31815 8211 13319 19352
31816 13319 4363 13320
31817 13319 13320 19352
31818 13320 4318 13321
31819 13320 13321 19352
31820 13321 721 8211
31821 13321 8211 19352
31822 13157 4278 13322
31823 13157 13322 19353
31824 13322 4299 13323
31825 13322 13323 19353
31826 13323 4300 13305
31827 13323 13305 19353
31828 13305 4277 13157
31829 13305 13157 19353
31830 8215 729 13302
31831 8215 13302 19354
31832 13302 4324 13324
31833 13302 13324 19354
31834 13324 4322 13316
31835 13324 13316 19354
31836 13316 734 8215
31837 13316 8215 19354
31838 13325 4320 13315
31839 13325 13315 19355
31840 13315 4319 13326
31841 13315 13326 19355
31842 13326 4327 13327
31843 13326 13327 19355
31844 13327 4326 13325
31845 13327 13325 19355
31846 13326 4319 13313
31847 13326 13313 19356
31848 13313 4354 13328
31849 13313 13328 19356
31850 13328 4353 13329
31851 13328 13329 19356
31852 13329 4327 13326
31853 13329 13326 19356
31854 13330 4318 13320
31855 13330 13320 19357
31856 13320 4363 13331
31857 13320 13331 19357
31858 13331 4362 13332
31859 13331 13332 19357
31860 13332 4328 13330
31861 13332 13330 19357
31862 13333 4150 13334
31863 13333 13334 19358
31864 13334 4151 13335
31865 13334 13335 19358
31866 13335 4326 13327
31867 13335 13327 19358
31868 13327 4327 13333
31869 13327 13333 19358
31870 13336 4352 13337
31871 13336 13337 19359
31872 13337 4150 13333
31873 13337 13333 19359
31874 13333 4327 13329
31875 13333 13329 19359
31876 13329 4353 13336
31877 13329 13336 19359
31878 13338 4361 13339
31879 13338 13339 19360
31880 13339 4152 13340
31881 13339 13340 19360
31882 13340 4328 13332
31883 13340 13332 19360
31884 13332 4362 13338
31885 13332 13338 19360
31886 13341 4275 13342
31887 13341 13342 19361
31888 13342 4276 13343
31889 13342 13343 19361
31890 13343 4241 13109
31891 13343 13109 19361
31892 13109 4236 13341
31893 13109 13341 19361
31894 13089 4225 13344
31895 13089 13344 19362
31896 13344 4275 13341
31897 13344 13341 19362
31898 13341 4236 13101
31899 13341 13101 19362
31900 13101 4226 13089
31901 13101 13089 19362
31902 13343 4276 13345
31903 13343 13345 19363
31904 13345 4278 13156
31905 13345 13156 19363
31906 13156 4248 13196
31907 13156 13196 19363
31908 13196 4241 13343
31909 13196 13343 19363
31910 13346 4299 13322
31911 13346 13322 19364
31912 13322 4278 13345
31913 13322 13345 19364
31914 13345 4276 13347
31915 13345 13347 19364
31916 13347 4298 13346
31917 13347 13346 19364
31918 13304 4300 13323
31919 13304 13323 19365
31920 13323 4299 13348
31921 13323 13348 19365
31922 13348 4301 13349
31923 13348 13349 19365
31924 13349 4324 13304
31925 13349 13304 19365
31926 13350 4301 13348
31927 13350 13348 19366
31928 13348 4299 13346
31929 13348 13346 19366
31930 13346 4298 13351
31931 13346 13351 19366
31932 13351 4331 13350
31933 13351 13350 19366
31934 13317 4322 13352
31935 13317 13352 19367
31936 13352 4330 13353
31937 13352 13353 19367
31938 13353 4329 13354
31939 13353 13354 19367
31940 13354 4323 13317
31941 13354 13317 19367
31942 13355 4330 13352
31943 13355 13352 19368
31944 13352 4322 13324
31945 13352 13324 19368
31946 13324 4324 13349
31947 13324 13349 19368
31948 13349 4301 13355
31949 13349 13355 19368
31950 13356 4271 13357
31951 13356 13357 19369
31952 13357 4329 13353
31953 13357 13353 19369
31954 13353 4330 13358
31955 13353 13358 19369
31956 13358 4272 13356
31957 13358 13356 19369
31958 13350 4331 13359
31959 13350 13359 19370
31960 13359 4272 13358
31961 13359 13358 19370
31962 13358 4330 13355
31963 13358 13355 19370
31964 13355 4301 13350
31965 13355 13350 19370
31966 13360 4225 13092
31967 13360 13092 19371
31968 13092 4228 13361
31969 13092 13361 19371
31970 13361 4295 13362
31971 13361 13362 19371
31972 13362 4294 13360
31973 13362 13360 19371
31974 13363 4139 13364
31975 13363 13364 19372
31976 13364 4151 13334
31977 13364 13334 19372
31978 13334 4150 13365
31979 13334 13365 19372
31980 13365 4136 13363
31981 13365 13363 19372
31982 13365 4150 13337
31983 13365 13337 19373
31984 13337 4352 13366
31985 13337 13366 19373
31986 13366 4351 13367
31987 13366 13367 19373
31988 13367 4136 13365
31989 13367 13365 19373
31990 13368 4152 13339
31991 13368 13339 19374
31992 13339 4361 13369
31993 13339 13369 19374
31994 13369 4360 13370
31995 13369 13370 19374
31996 13370 4142 13368
31997 13370 13368 19374
31998 13371 4275 13344
31999 13371 13344 19375
32000 13344 4225 13360
32001 13344 13360 19375
32002 13360 4294 13372
32003 13360 13372 19375
32004 13372 4297 13371
32005 13372 13371 19375
32006 13373 4298 13347
32007 13373 13347 19376
32008 13347 4276 13342
32009 13347 13342 19376
32010 13342 4275 13371
32011 13342 13371 19376
32012 13371 4297 13373
32013 13371 13373 19376
32014 13374 4271 13356
32015 13374 13356 19377
32016 13356 4272 13375
32017 13356 13375 19377
32018 13375 4273 13376
32019 13375 13376 19377
32020 13376 4270 13374
32021 13376 13374 19377
32022 13377 4273 13375
32023 13377 13375 19378
32024 13375 4272 13359
32025 13375 13359 19378
32026 13359 4331 13378
32027 13359 13378 19378
32028 13378 4296 13377
32029 13378 13377 19378
32030 13351 4298 13373
32031 13351 13373 19379
32032 13373 4297 13379
32033 13373 13379 19379
32034 13379 4296 13378
32035 13379 13378 19379
32036 13378 4331 13351
32037 13378 13351 19379
32038 13380 4332 13381
32039 13380 13381 19380
32040 13381 4333 13382
32041 13381 13382 19380
32042 13382 4340 13383
32043 13382 13383 19380
32044 13383 4339 13380
32045 13383 13380 19380
32046 13382 4333 13384
32047 13382 13384 19381
32048 13384 4350 13385
32049 13384 13385 19381
32050 13385 4349 13386
32051 13385 13386 19381
32052 13386 4340 13382
32053 13386 13382 19381
32054 13387 4193 13388
32055 13387 13388 19382
32056 13388 4194 12995
32057 13388 12995 19382
32058 12995 4188 13389
32059 12995 13389 19382
32060 13389 4187 13387
32061 13389 13387 19382
32062 13390 4335 13391
32063 13390 13391 19383
32064 13391 4332 13380
32065 13391 13380 19383
32066 13380 4339 13392
32067 13380 13392 19383
32068 13392 4342 13390
32069 13392 13390 19383
32070 13390 4342 13393
32071 13390 13393 19384
32072 13393 4193 13387
32073 13393 13387 19384
32074 13387 4187 13394
32075 13387 13394 19384
32076 13394 4335 13390
32077 13394 13390 19384
32078 13379 4297 13372
32079 13379 13372 19385
32080 13372 4294 13395
32081 13372 13395 19385
32082 13395 4338 13396
32083 13395 13396 19385
32084 13396 4296 13379
32085 13396 13379 19385
32086 13377 4296 13396
32087 13377 13396 19386
32088 13396 4338 13397
32089 13396 13397 19386
32090 13397 4337 13398
32091 13397 13398 19386
32092 13398 4273 13377
32093 13398 13377 19386
32094 13399 4270 13376
32095 13399 13376 19387
32096 13376 4273 13398
32097 13376 13398 19387
32098 13398 4337 13400
32099 13398 13400 19387
32100 13400 4336 13399
32101 13400 13399 19387
32102 13401 4142 13370
32103 13401 13370 19388
32104 13370 4360 13402
32105 13370 13402 19388
32106 13402 4359 13403
32107 13402 13403 19388
32108 13403 4334 13401
32109 13403 13401 19388
32110 13404 4136 13367
32111 13404 13367 19389
32112 13367 4351 13405
32113 13367 13405 19389
32114 13405 4350 13384
32115 13405 13384 19389
32116 13384 4333 13404
32117 13384 13404 19389
32118 13363 4136 13404
32119 13363 13404 19390
32120 13404 4333 13381
32121 13404 13381 19390
32122 13381 4332 13406
32123 13381 13406 19390
32124 13406 4139 13363
32125 13406 13363 19390
32126 13407 4334 13403
32127 13407 13403 19391
32128 13403 4359 13408
32129 13403 13408 19391
32130 13408 4358 13409
32131 13408 13409 19391
32132 13409 4341 13407
32133 13409 13407 19391
32134 13410 4336 13400
32135 13410 13400 19392
32136 13400 4337 13411
32137 13400 13411 19392
32138 13411 4344 13412
32139 13411 13412 19392
32140 13412 4343 13410
32141 13412 13410 19392
32142 13362 4295 13413
32143 13362 13413 19393
32144 13413 4223 13414
32145 13413 13414 19393
32146 13414 4338 13395
32147 13414 13395 19393
32148 13395 4294 13362
32149 13395 13362 19393
32150 13415 4344 13411
32151 13415 13411 19394
32152 13411 4337 13397
32153 13411 13397 19394
32154 13397 4338 13414
32155 13397 13414 19394
32156 13414 4223 13415
32157 13414 13415 19394
32158 13416 4190 13417
32159 13416 13417 19395
32160 13417 4191 12992
32161 13417 12992 19395
32162 12992 4192 13418
32163 12992 13418 19395
32164 13418 4189 13416
32165 13418 13416 19395
32166 13419 4189 13418
32167 13419 13418 19396
32168 13418 4192 12997
32169 13418 12997 19396
32170 12997 4194 13388
32171 12997 13388 19396
32172 13388 4193 13419
32173 13388 13419 19396
32174 13420 4334 13407
32175 13420 13407 19397
32176 13407 4341 13421
32177 13407 13421 19397
32178 13421 4349 13385
32179 13421 13385 19397
32180 13385 4350 13420
32181 13385 13420 19397
32182 13422 4142 13401
32183 13422 13401 19398
32184 13401 4334 13420
32185 13401 13420 19398
32186 13420 4350 13405
32187 13420 13405 19398
32188 13405 4351 13422
32189 13405 13422 19398
32190 13423 4152 13368
32191 13423 13368 19399
32192 13368 4142 13422
32193 13368 13422 19399
32194 13422 4351 13366
32195 13422 13366 19399
32196 13366 4352 13423
32197 13366 13423 19399
32198 13340 4152 13423
32199 13340 13423 19400
32200 13423 4352 13336
32201 13423 13336 19400
32202 13336 4353 13424
32203 13336 13424 19400
32204 13424 4328 13340
32205 13424 13340 19400
32206 13425 4318 13330
32207 13425 13330 19401
32208 13330 4328 13424
32209 13330 13424 19401
32210 13424 4353 13328
32211 13424 13328 19401
32212 13328 4354 13425
32213 13328 13425 19401
32214 8317 721 13321
32215 8317 13321 19402
32216 13321 4318 13425
32217 13321 13425 19402
32218 13425 4354 13312
32219 13425 13312 19402
32220 13312 737 8317
32221 13312 8317 19402
32222 13426 4224 13427
32223 13426 13427 19403
32224 13427 4274 13428
32225 13427 13428 19403
32226 13428 4343 13412
32227 13428 13412 19403
32228 13412 4344 13426
32229 13412 13426 19403
32230 13429 4195 13430
32231 13429 13430 19404
32232 13430 4196 12998
32233 13430 12998 19404
32234 12998 4191 13417
32235 12998 13417 19404
32236 13417 4190 13429
32237 13417 13429 19404
32238 13431 4336 13410
32239 13431 13410 19405
32240 13410 4343 13432
32241 13410 13432 19405
32242 13432 4358 13408
32243 13432 13408 19405
32244 13408 4359 13431
32245 13408 13431 19405
32246 13433 4270 13399
32247 13433 13399 19406
32248 13399 4336 13431
32249 13399 13431 19406
32250 13431 4359 13402
32251 13431 13402 19406
32252 13402 4360 13433
32253 13402 13433 19406
32254 13434 4271 13374
32255 13434 13374 19407
32256 13374 4270 13433
32257 13374 13433 19407
32258 13433 4360 13369
32259 13433 13369 19407
32260 13369 4361 13434
32261 13369 13434 19407
32262 13357 4271 13434
32263 13357 13434 19408
32264 13434 4361 13338
32265 13434 13338 19408
32266 13338 4362 13435
32267 13338 13435 19408
32268 13435 4329 13357
32269 13435 13357 19408
32270 13436 4323 13354
32271 13436 13354 19409
32272 13354 4329 13435
32273 13354 13435 19409
32274 13435 4362 13331
32275 13435 13331 19409
32276 13331 4363 13436
32277 13331 13436 19409
32278 8329 723 13318
32279 8329 13318 19410
32280 13318 4323 13436
32281 13318 13436 19410
32282 13436 4363 13319
32283 13436 13319 19410
32284 13319 738 8329
32285 13319 8329 19410
32286 13437 4222 13438
32287 13437 13438 19411
32288 13438 4295 13361
32289 13438 13361 19411
32290 13361 4228 13149
32291 13361 13149 19411
32292 13149 4208 13437
32293 13149 13437 19411
32294 13430 4195 13439
32295 13430 13439 19412
32296 13439 4221 13440
32297 13439 13440 19412
32298 13440 4205 13056
32299 13440 13056 19412
32300 13056 4196 13430
32301 13056 13430 19412
32302 13437 4208 13062
32303 13437 13062 19413
32304 13062 4205 13440
32305 13062 13440 19413
32306 13440 4221 13441
32307 13440 13441 19413
32308 13441 4222 13437
32309 13441 13437 19413
32310 13413 4295 13438
32311 13413 13438 19414
32312 13438 4222 13442
32313 13438 13442 19414
32314 13442 4345 13443
32315 13442 13443 19414
32316 13443 4223 13413
32317 13443 13413 19414
32318 13415 4223 13443
32319 13415 13443 19415
32320 13443 4345 13444
32321 13443 13444 19415
32322 13444 4224 13426
32323 13444 13426 19415
32324 13426 4344 13415
32325 13426 13415 19415
32326 13445 4355 13446
32327 13445 13446 19416
32328 13446 4345 13442
32329 13446 13442 19416
32330 13442 4222 13441
32331 13442 13441 19416
32332 13441 4221 13445
32333 13441 13445 19416
32334 13447 4357 13448
32335 13447 13448 19417
32336 13448 4274 13427
32337 13448 13427 19417
32338 13427 4224 13449
32339 13427 13449 19417
32340 13449 4356 13447
32341 13449 13447 19417
32342 13428 4274 13448
32343 13428 13448 19418
32344 13448 4357 13450
32345 13448 13450 19418
32346 13450 4358 13432
32347 13450 13432 19418
32348 13432 4343 13428
32349 13432 13428 19418
32350 13446 4355 13451
32351 13446 13451 19419
32352 13451 4356 13449
32353 13451 13449 19419
32354 13449 4224 13444
32355 13449 13444 19419
32356 13444 4345 13446
32357 13444 13446 19419
32358 13452 4348 13453
32359 13452 13453 19420
32360 13453 4137 13454
32361 13453 13454 19420
32362 13454 4340 13386
32363 13454 13386 19420
32364 13386 4349 13452
32365 13386 13452 19420
32366 13419 4193 13393
32367 13419 13393 19421
32368 13393 4342 13455
32369 13393 13455 19421
32370 13455 4197 13456
32371 13455 13456 19421
32372 13456 4189 13419
32373 13456 13419 19421
32374 13457 4138 13458
32375 13457 13458 19422
32376 13458 4197 13455
32377 13458 13455 19422
32378 13455 4342 13392
32379 13455 13392 19422
32380 13392 4339 13457
32381 13392 13457 19422
32382 13459 4138 13457
32383 13459 13457 19423
32384 13457 4339 13383
32385 13457 13383 19423
32386 13383 4340 13454
32387 13383 13454 19423
32388 13454 4137 13459
32389 13454 13459 19423
32390 13453 4348 13460
32391 13453 13460 19424
32392 13460 4347 13461
32393 13460 13461 19424
32394 13461 4138 13459
32395 13461 13459 19424
32396 13459 4137 13453
32397 13459 13453 19424
32398 13456 4197 13462
32399 13456 13462 19425
32400 13462 4346 13463
32401 13462 13463 19425
32402 13463 4190 13416
32403 13463 13416 19425
32404 13416 4189 13456
32405 13416 13456 19425
32406 13429 4190 13463
32407 13429 13463 19426
32408 13463 4346 13464
32409 13463 13464 19426
32410 13464 4198 13465
32411 13464 13465 19426
32412 13465 4195 13429
32413 13465 13429 19426
32414 13450 4357 13466
32415 13450 13466 19427
32416 13466 4140 13467
32417 13466 13467 19427
32418 13467 4341 13409
32419 13467 13409 19427
32420 13409 4358 13450
32421 13409 13450 19427
32422 13467 4140 13468
32423 13467 13468 19428
32424 13468 4348 13452
32425 13468 13452 19428
32426 13452 4349 13421
32427 13452 13421 19428
32428 13421 4341 13467
32429 13421 13467 19428
32430 13469 4347 13470
32431 13469 13470 19429
32432 13470 4141 13471
32433 13470 13471 19429
32434 13471 4198 13464
32435 13471 13464 19429
32436 13464 4346 13469
32437 13464 13469 19429
32438 13472 4140 13466
32439 13472 13466 19430
32440 13466 4357 13447
32441 13466 13447 19430
32442 13447 4356 13473
32443 13447 13473 19430
32444 13473 4141 13472
32445 13473 13472 19430
32446 13451 4355 13474
32447 13451 13474 19431
32448 13474 4198 13471
32449 13474 13471 19431
32450 13471 4141 13473
32451 13471 13473 19431
32452 13473 4356 13451
32453 13473 13451 19431
32454 13472 4141 13470
32455 13472 13470 19432
32456 13470 4347 13460
32457 13470 13460 19432
32458 13460 4348 13468
32459 13460 13468 19432
32460 13468 4140 13472
32461 13468 13472 19432
32462 13465 4198 13474
32463 13465 13474 19433
32464 13474 4355 13445
32465 13474 13445 19433
32466 13445 4221 13439
32467 13445 13439 19433
32468 13439 4195 13465
32469 13439 13465 19433
32470 13462 4197 13458
32471 13462 13458 19434
32472 13458 4138 13461
32473 13458 13461 19434
32474 13461 4347 13469
32475 13461 13469 19434
32476 13469 4346 13462
32477 13469 13462 19434
32478 13475 4184 13476
32479 13475 13476 19435
32480 13476 4083 13309
32481 13476 13309 19435
32482 13309 4082 13477
32483 13309 13477 19435
32484 13477 4185 13475
32485 13477 13475 19435
32486 13478 4185 13477
32487 13478 13477 19436
32488 13477 4082 13310
32489 13477 13310 19436
32490 13310 4078 13479
32491 13310 13479 19436
32492 13479 4186 13478
32493 13479 13478 19436
32494 13480 4186 13479
32495 13480 13479 19437
32496 13479 4078 13306
32497 13479 13306 19437
32498 13306 717 8373
32499 13306 8373 19437
32500 8373 718 13480
32501 8373 13480 19437
32502 13481 4187 13389
32503 13481 13389 19438
32504 13389 4188 12990
32505 13389 12990 19438
32506 12990 4182 13482
32507 12990 13482 19438
32508 13482 4181 13481
32509 13482 13481 19438
32510 13483 4179 13484
32511 13483 13484 19439
32512 13484 4077 12844
32513 13484 12844 19439
32514 12844 4076 13485
32515 12844 13485 19439
32516 13485 4180 13483
32517 13485 13483 19439
32518 13486 4180 13485
32519 13486 13485 19440
32520 13485 4076 13007
32521 13485 13007 19440
32522 13007 4083 13476
32523 13007 13476 19440
32524 13476 4184 13486
32525 13476 13486 19440
32526 13475 4185 13487
32527 13475 13487 19441
32528 13487 4365 13488
32529 13487 13488 19441
32530 13488 4364 13489
32531 13488 13489 19441
32532 13489 4184 13475
32533 13489 13475 19441
32534 13478 4186 13490
32535 13478 13490 19442
32536 13490 4366 13491
32537 13490 13491 19442
32538 13491 4365 13487
32539 13491 13487 19442
32540 13487 4185 13478
32541 13487 13478 19442
32542 13492 710 8387
32543 13492 8387 19443
32544 8387 719 13314
32545 8387 13314 19443
32546 13314 4320 13493
32547 13314 13493 19443
32548 13493 4321 13492
32549 13493 13492 19443
32550 13480 718 8390
32551 13480 8390 19444
32552 8390 739 13494
32553 8390 13494 19444
32554 13494 4366 13490
32555 13494 13490 19444
32556 13490 4186 13480
32557 13490 13480 19444
32558 13495 4321 13493
32559 13495 13493 19445
32560 13493 4320 13325
32561 13493 13325 19445
32562 13325 4326 13496
32563 13325 13496 19445
32564 13496 4325 13495
32565 13496 13495 19445
32566 13335 4151 13497
32567 13335 13497 19446
32568 13497 4183 13498
32569 13497 13498 19446
32570 13498 4325 13496
32571 13498 13496 19446
32572 13496 4326 13335
32573 13496 13335 19446
32574 13499 4179 13483
32575 13499 13483 19447
32576 13483 4180 13500
32577 13483 13500 19447
32578 13500 4367 13501
32579 13500 13501 19447
32580 13501 4368 13499
32581 13501 13499 19447
32582 13502 4181 13482
32583 13502 13482 19448
32584 13482 4182 12988
32585 13482 12988 19448
32586 12988 4077 13484
32587 12988 13484 19448
32588 13484 4179 13502
32589 13484 13502 19448
32590 13503 4181 13502
32591 13503 13502 19449
32592 13502 4179 13499
32593 13502 13499 19449
32594 13499 4368 13504
32595 13499 13504 19449
32596 13504 4178 13503
32597 13504 13503 19449
32598 13505 4183 13497
32599 13505 13497 19450
32600 13497 4151 13364
32601 13497 13364 19450
32602 13364 4139 13506
32603 13364 13506 19450
32604 13506 4178 13505
32605 13506 13505 19450
32606 13486 4184 13489
32607 13486 13489 19451
32608 13489 4364 13507
32609 13489 13507 19451
32610 13507 4367 13500
32611 13507 13500 19451
32612 13500 4180 13486
32613 13500 13486 19451
32614 13508 4178 13506
32615 13508 13506 19452
32616 13506 4139 13406
32617 13506 13406 19452
32618 13406 4332 13391
32619 13406 13391 19452
32620 13391 4335 13508
32621 13391 13508 19452
32622 13481 4181 13503
32623 13481 13503 19453
32624 13503 4178 13508
32625 13503 13508 19453
32626 13508 4335 13394
32627 13508 13394 19453
32628 13394 4187 13481
32629 13394 13481 19453
32630 13501 4367 13507
32631 13501 13507 19454
32632 13507 4364 13509
32633 13507 13509 19454
32634 13509 4369 13510
32635 13509 13510 19454
32636 13510 4368 13501
32637 13510 13501 19454
32638 13509 4364 13488
32639 13509 13488 19455
32640 13488 4365 13511
32641 13488 13511 19455
32642 13511 4370 13512
32643 13511 13512 19455
32644 13512 4369 13509
32645 13512 13509 19455
32646 13511 4365 13491
32647 13511 13491 19456
32648 13491 4366 13513
32649 13491 13513 19456
32650 13513 4371 13514
32651 13513 13514 19456
32652 13514 4370 13511
32653 13514 13511 19456
32654 13513 4366 13494
32655 13513 13494 19457
32656 13494 739 8412
32657 13494 8412 19457
32658 8412 740 13515
32659 8412 13515 19457
32660 13515 4371 13513
32661 13515 13513 19457
32662 13516 4183 13505
32663 13516 13505 19458
32664 13505 4178 13504
32665 13505 13504 19458
32666 13504 4368 13510
32667 13504 13510 19458
32668 13510 4369 13516
32669 13510 13516 19458
32670 13517 4325 13498
32671 13517 13498 19459
32672 13498 4183 13516
32673 13498 13516 19459
32674 13516 4369 13512
32675 13516 13512 19459
32676 13512 4370 13517
32677 13512 13517 19459
32678 13518 4321 13495
32679 13518 13495 19460
32680 13495 4325 13517
32681 13495 13517 19460
32682 13517 4370 13514
32683 13517 13514 19460
32684 13514 4371 13518
32685 13514 13518 19460
32686 8416 710 13492
32687 8416 13492 19461
32688 13492 4321 13518
32689 13492 13518 19461
32690 13518 4371 13515
32691 13518 13515 19461
32692 13515 740 8416
32693 13515 8416 19461
32694 13519 3825 13520
32695 13519 13520 19462
32696 13520 3822 12439
32697 13520 12439 19462
32698 12439 3821 13521
32699 12439 13521 19462
32700 13521 3824 13519
32701 13521 13519 19462
32702 12446 3822 13520
32703 12446 13520 19463
32704 13520 3825 13522
32705 13520 13522 19463
32706 13522 3697 12228
32707 13522 12228 19463
32708 12228 3699 12446
32709 12228 12446 19463
32710 13523 3824 13521
32711 13523 13521 19464
32712 13521 3821 12444
32713 13521 12444 19464
32714 12444 3601 13257
32715 12444 13257 19464
32716 13257 3600 13523
32717 13257 13523 19464
32718 13524 3830 12458
32719 13524 12458 19465
32720 12458 3833 13243
32721 12458 13243 19465
32722 13243 3836 13525
32723 13243 13525 19465
32724 13525 3834 13524
32725 13525 13524 19465
32726 13294 3707 13526
32727 13294 13526 19466
32728 13526 3841 13527
32729 13526 13527 19466
32730 13527 4316 13528
32731 13527 13528 19466
32732 13528 4315 13294
32733 13528 13294 19466
32734 13529 4314 13530
32735 13529 13530 19467
32736 13530 4309 13285
32737 13530 13285 19467
32738 13285 4311 13300
32739 13285 13300 19467
32740 13300 4313 13529
32741 13300 13529 19467
32742 13529 4313 13301
32743 13529 13301 19468
32744 13301 4315 13528
32745 13301 13528 19468
32746 13528 4316 13531
32747 13528 13531 19468
32748 13531 4314 13529
32749 13531 13529 19468
32750 13532 3709 12451
32751 13532 12451 19469
32752 12451 3828 12457
32753 12451 12457 19469
32754 12457 3830 13533
32755 12457 13533 19469
32756 13533 3829 13532
32757 13533 13532 19469
32758 13534 3831 13535
32759 13534 13535 19470
32760 13535 3708 12243
32761 13535 12243 19470
32762 12243 3709 13532
32763 12243 13532 19470
32764 13532 3829 13534
32765 13532 13534 19470
32766 13290 3708 13535
32767 13290 13535 19471
32768 13535 3831 13536
32769 13535 13536 19471
32770 13536 3841 13526
32771 13536 13526 19471
32772 13526 3707 13290
32773 13526 13290 19471
32774 13537 3837 13244
32775 13537 13244 19472
32776 13244 3697 13522
32777 13244 13522 19472
32778 13522 3825 13538
32779 13522 13538 19472
32780 13538 3838 13537
32781 13538 13537 19472
32782 13519 3824 13539
32783 13519 13539 19473
32784 13539 3826 13540
32785 13539 13540 19473
32786 13540 3838 13538
32787 13540 13538 19473
32788 13538 3825 13519
32789 13538 13519 19473
32790 13541 3826 13539
32791 13541 13539 19474
32792 13539 3824 13523
32793 13539 13523 19474
32794 13523 3600 13287
32795 13523 13287 19474
32796 13287 3604 13541
32797 13287 13541 19474
32798 13542 3835 13543
32799 13542 13543 19475
32800 13543 3829 13533
32801 13543 13533 19475
32802 13533 3830 13524
32803 13533 13524 19475
32804 13524 3834 13542
32805 13524 13542 19475
32806 13544 4372 13545
32807 13544 13545 19476
32808 13545 3831 13534
32809 13545 13534 19476
32810 13534 3829 13543
32811 13534 13543 19476
32812 13543 3835 13544
32813 13543 13544 19476
32814 13546 3839 13547
32815 13546 13547 19477
32816 13547 4317 13548
32817 13547 13548 19477
32818 13548 4316 13527
32819 13548 13527 19477
32820 13527 3841 13546
32821 13527 13546 19477
32822 13286 4309 13530
32823 13286 13530 19478
32824 13530 4314 13549
32825 13530 13549 19478
32826 13549 3842 13550
32827 13549 13550 19478
32828 13550 3604 13286
32829 13550 13286 19478
32830 13549 4314 13531
32831 13549 13531 19479
32832 13531 4316 13548
32833 13531 13548 19479
32834 13548 4317 13551
32835 13548 13551 19479
32836 13551 3842 13549
32837 13551 13549 19479
32838 13537 3838 13552
32839 13537 13552 19480
32840 13552 4305 13553
32841 13552 13553 19480
32842 13553 4304 13246
32843 13553 13246 19480
32844 13246 3837 13537
32845 13246 13537 19480
32846 13525 3836 13247
32847 13525 13247 19481
32848 13247 4304 13553
32849 13247 13553 19481
32850 13553 4305 13554
32851 13553 13554 19481
32852 13554 3834 13525
32853 13554 13525 19481
32854 13555 3835 13542
32855 13555 13542 19482
32856 13542 3834 13554
32857 13542 13554 19482
32858 13554 4305 13556
32859 13554 13556 19482
32860 13556 4306 13555
32861 13556 13555 19482
32862 13557 4373 13558
32863 13557 13558 19483
32864 13558 3843 13559
32865 13558 13559 19483
32866 13559 3842 13551
32867 13559 13551 19483
32868 13551 4317 13557
32869 13551 13557 19483
32870 13540 3826 13560
32871 13540 13560 19484
32872 13560 3843 13561
32873 13560 13561 19484
32874 13561 4305 13552
32875 13561 13552 19484
32876 13552 3838 13540
32877 13552 13540 19484
32878 13559 3843 13560
32879 13559 13560 19485
32880 13560 3826 13541
32881 13560 13541 19485
32882 13541 3604 13550
32883 13541 13550 19485
32884 13550 3842 13559
32885 13550 13559 19485
32886 13557 4317 13547
32887 13557 13547 19486
32888 13547 3839 13562
32889 13547 13562 19486
32890 13562 4372 13563
32891 13562 13563 19486
32892 13563 4373 13557
32893 13563 13557 19486
32894 13546 3841 13536
32895 13546 13536 19487
32896 13536 3831 13545
32897 13536 13545 19487
32898 13545 4372 13562
32899 13545 13562 19487
32900 13562 3839 13546
32901 13562 13546 19487
32902 13558 4373 13564
32903 13558 13564 19488
32904 13564 4306 13556
32905 13564 13556 19488
32906 13556 4305 13561
32907 13556 13561 19488
32908 13561 3843 13558
32909 13561 13558 19488
32910 13544 3835 13555
32911 13544 13555 19489
32912 13555 4306 13564
32913 13555 13564 19489
32914 13564 4373 13563
32915 13564 13563 19489
32916 13563 4372 13544
32917 13563 13544 19489
32918 12370 3776 13565
32919 12370 13565 19490
32920 13565 3777 13566
32921 13565 13566 19490
32922 13566 3772 13567
32923 13566 13567 19490
32924 13567 3771 12370
32925 13567 12370 19490
32926 13568 4376 13569
32927 13568 13569 19491
32928 13569 4375 13570
32929 13569 13570 19491
32930 13570 3799 12390
32931 13570 12390 19491
32932 12390 3798 13568
32933 12390 13568 19491
32934 13571 4378 13572
32935 13571 13572 19492
32936 13572 4377 13573
32937 13572 13573 19492
32938 13573 3801 12392
32939 13573 12392 19492
32940 12392 3800 13571
32941 12392 13571 19492
32942 13574 4381 13575
32943 13574 13575 19493
32944 13575 4380 13576
32945 13575 13576 19493
32946 13576 3804 12399
32947 13576 12399 19493
32948 12399 3805 13574
32949 12399 13574 19493
32950 13570 4375 13577
32951 13570 13577 19494
32952 13577 4382 13578
32953 13577 13578 19494
32954 13578 3806 12400
32955 13578 12400 19494
32956 12400 3799 13570
32957 12400 13570 19494
32958 13579 4383 13580
32959 13579 13580 19495
32960 13580 4384 13581
32961 13580 13581 19495
32962 13581 3808 12403
32963 13581 12403 19495
32964 12403 3807 13579
32965 12403 13579 19495
32966 13582 4386 13583
32967 13582 13583 19496
32968 13583 4385 13584
32969 13583 13584 19496
32970 13584 3811 12406
32971 13584 12406 19496
32972 12406 3810 13582
32973 12406 13582 19496
32974 13578 4382 13585
32975 13578 13585 19497
32976 13585 4387 13586
32977 13585 13586 19497
32978 13586 3812 12409
32979 13586 12409 19497
32980 12409 3806 13578
32981 12409 13578 19497
32982 13586 4387 13587
32983 13586 13587 19498
32984 13587 4381 13574
32985 13587 13574 19498
32986 13574 3805 12410
32987 13574 12410 19498
32988 12410 3812 13586
32989 12410 13586 19498
32990 13576 4380 13588
32991 13576 13588 19499
32992 13588 4388 13589
32993 13588 13589 19499
32994 13589 3813 12412
32995 13589 12412 19499
32996 12412 3804 13576
32997 12412 13576 19499
32998 13584 4385 13590
32999 13584 13590 19500
33000 13590 4389 13591
33001 13590 13591 19500
33002 13591 3814 12413
33003 13591 12413 19500
33004 12413 3811 13584
33005 12413 13584 19500
33006 13591 4389 13592
33007 13591 13592 19501
33008 13592 4383 13579
33009 13592 13579 19501
33010 13579 3807 12415
33011 13579 12415 19501
33012 12415 3814 13591
33013 12415 13591 19501
33014 13593 4391 13594
33015 13593 13594 19502
33016 13594 4378 13571
33017 13594 13571 19502
33018 13571 3800 12555
33019 13571 12555 19502
33020 12555 3840 13593
33021 12555 13593 19502
33022 13595 4392 13596
33023 13595 13596 19503
33024 13596 4391 13593
33025 13596 13593 19503
33026 13593 3840 12557
33027 13593 12557 19503
33028 12557 3899 13595
33029 12557 13595 19503
33030 13573 4377 13597
33031 13573 13597 19504
33032 13597 4386 13582
33033 13597 13582 19504
33034 13582 3810 12774
33035 13582 12774 19504
33036 12774 3801 13573
33037 12774 13573 19504
33038 13598 3797 13599
33039 13598 13599 19505
33040 13599 3802 13600
33041 13599 13600 19505
33042 13600 3788 12349
33043 13600 12349 19505
33044 12349 3789 13598
33045 12349 13598 19505
33046 13600 3802 13601
33047 13600 13601 19506
33048 13601 3803 12395
33049 13601 12395 19506
33050 12395 3775 12416
33051 12395 12416 19506
33052 12416 3788 13600
33053 12416 13600 19506
33054 13602 3803 13601
33055 13602 13601 19507
33056 13601 3802 13603
33057 13601 13603 19507
33058 13603 4414 13604
33059 13603 13604 19507
33060 13604 4379 13602
33061 13604 13602 19507
33062 13602 4379 13605
33063 13602 13605 19508
33064 13605 4376 13568
33065 13605 13568 19508
33066 13568 3798 12396
33067 13568 12396 19508
33068 12396 3803 13602
33069 12396 13602 19508
33070 13606 4397 13607
33071 13606 13607 19509
33072 13607 4377 13572
33073 13607 13572 19509
33074 13572 4378 13608
33075 13572 13608 19509
33076 13608 4398 13606
33077 13608 13606 19509
33078 13609 4400 13610
33079 13609 13610 19510
33080 13610 4380 13575
33081 13610 13575 19510
33082 13575 4381 13611
33083 13575 13611 19510
33084 13611 4401 13609
33085 13611 13609 19510
33086 13612 4395 13613
33087 13612 13613 19511
33088 13613 4402 13614
33089 13613 13614 19511
33090 13614 4382 13577
33091 13614 13577 19511
33092 13577 4375 13612
33093 13577 13612 19511
33094 13615 4406 13616
33095 13615 13616 19512
33096 13616 4405 13617
33097 13616 13617 19512
33098 13617 4385 13583
33099 13617 13583 19512
33100 13583 4386 13615
33101 13583 13615 19512
33102 13614 4402 13618
33103 13614 13618 19513
33104 13618 4407 13619
33105 13618 13619 19513
33106 13619 4387 13585
33107 13619 13585 19513
33108 13585 4382 13614
33109 13585 13614 19513
33110 13619 4407 13620
33111 13619 13620 19514
33112 13620 4401 13611
33113 13620 13611 19514
33114 13611 4381 13587
33115 13611 13587 19514
33116 13587 4387 13619
33117 13587 13619 19514
33118 13621 4409 13622
33119 13621 13622 19515
33120 13622 4389 13590
33121 13622 13590 19515
33122 13590 4385 13617
33123 13590 13617 19515
33124 13617 4405 13621
33125 13617 13621 19515
33126 13623 4398 13608
33127 13623 13608 19516
33128 13608 4378 13594
33129 13608 13594 19516
33130 13594 4391 13624
33131 13594 13624 19516
33132 13624 4411 13623
33133 13624 13623 19516
33134 13625 4406 13615
33135 13625 13615 19517
33136 13615 4386 13597
33137 13615 13597 19517
33138 13597 4377 13607
33139 13597 13607 19517
33140 13607 4397 13625
33141 13607 13625 19517
33142 13626 4458 13627
33143 13626 13627 19518
33144 13627 4457 13628
33145 13627 13628 19518
33146 13628 4430 13629
33147 13628 13629 19518
33148 13629 4429 13626
33149 13629 13626 19518
33150 13630 4459 13631
33151 13630 13631 19519
33152 13631 4458 13626
33153 13631 13626 19519
33154 13626 4429 13632
33155 13626 13632 19519
33156 13632 4428 13630
33157 13632 13630 19519
33158 13633 4443 13634
33159 13633 13634 19520
33160 13634 4442 13635
33161 13634 13635 19520
33162 13635 4428 13632
33163 13635 13632 19520
33164 13632 4429 13633
33165 13632 13633 19520
33166 13636 4444 13637
33167 13636 13637 19521
33168 13637 4443 13633
33169 13637 13633 19521
33170 13633 4429 13629
33171 13633 13629 19521
33172 13629 4430 13636
33173 13629 13636 19521
33174 13638 4456 13639
33175 13638 13639 19522
33176 13639 4416 13640
33177 13639 13640 19522
33178 13640 4430 13628
33179 13640 13628 19522
33180 13628 4457 13638
33181 13628 13638 19522
33182 13641 4444 13636
33183 13641 13636 19523
33184 13636 4430 13640
33185 13636 13640 19523
33186 13640 4416 13642
33187 13640 13642 19523
33188 13642 4445 13641
33189 13642 13641 19523
33190 13643 4396 13644
33191 13643 13644 19524
33192 13644 4395 13612
33193 13644 13612 19524
33194 13612 4375 13569
33195 13612 13569 19524
33196 13569 4376 13643
33197 13569 13643 19524
33198 13639 4456 13645
33199 13639 13645 19525
33200 13645 4455 13646
33201 13645 13646 19525
33202 13646 4417 13647
33203 13646 13647 19525
33204 13647 4416 13639
33205 13647 13639 19525
33206 13648 4445 13642
33207 13648 13642 19526
33208 13642 4416 13647
33209 13642 13647 19526
33210 13647 4417 13649
33211 13647 13649 19526
33212 13649 4446 13648
33213 13649 13648 19526
33214 13650 4399 13651
33215 13650 13651 19527
33216 13651 4396 13643
33217 13651 13643 19527
33218 13643 4376 13605
33219 13643 13605 19527
33220 13605 4379 13650
33221 13605 13650 19527
33222 13652 4404 13653
33223 13652 13653 19528
33224 13653 4384 13580
33225 13653 13580 19528
33226 13580 4383 13654
33227 13580 13654 19528
33228 13654 4403 13652
33229 13654 13652 19528
33230 13655 4403 13654
33231 13655 13654 19529
33232 13654 4383 13592
33233 13654 13592 19529
33234 13592 4389 13622
33235 13592 13622 19529
33236 13622 4409 13655
33237 13622 13655 19529
33238 13656 4447 13657
33239 13656 13657 19530
33240 13657 4418 13658
33241 13657 13658 19530
33242 13658 4419 13659
33243 13658 13659 19530
33244 13659 4448 13656
33245 13659 13656 19530
33246 13650 4379 13604
33247 13650 13604 19531
33248 13604 4414 13660
33249 13604 13660 19531
33250 13660 4415 13661
33251 13660 13661 19531
33252 13661 4399 13650
33253 13661 13650 19531
33254 13662 4446 13649
33255 13662 13649 19532
33256 13649 4417 13663
33257 13649 13663 19532
33258 13663 4418 13657
33259 13663 13657 19532
33260 13657 4447 13662
33261 13657 13662 19532
33262 13664 4418 13663
33263 13664 13663 19533
33264 13663 4417 13646
33265 13663 13646 19533
33266 13646 4455 13665
33267 13646 13665 19533
33268 13665 4454 13664
33269 13665 13664 19533
33270 13666 4453 13667
33271 13666 13667 19534
33272 13667 4452 13668
33273 13667 13668 19534
33274 13668 4394 13669
33275 13668 13669 19534
33276 13669 4419 13666
33277 13669 13666 19534
33278 13664 4454 13670
33279 13664 13670 19535
33280 13670 4453 13666
33281 13670 13666 19535
33282 13666 4419 13658
33283 13666 13658 19535
33284 13658 4418 13664
33285 13658 13664 19535
33286 13669 4394 13671
33287 13669 13671 19536
33288 13671 4449 13672
33289 13671 13672 19536
33290 13672 4448 13659
33291 13672 13659 19536
33292 13659 4419 13669
33293 13659 13669 19536
33294 12365 3787 12411
33295 12365 12411 19537
33296 12411 3813 13673
33297 12411 13673 19537
33298 13673 3815 13674
33299 13673 13674 19537
33300 13674 3776 12365
33301 13674 12365 19537
33302 13610 4400 13675
33303 13610 13675 19538
33304 13675 4408 13676
33305 13675 13676 19538
33306 13676 4388 13588
33307 13676 13588 19538
33308 13588 4380 13610
33309 13588 13610 19538
33310 13565 3776 13674
33311 13565 13674 19539
33312 13674 3815 13677
33313 13674 13677 19539
33314 13677 4431 13678
33315 13677 13678 19539
33316 13678 3777 13565
33317 13678 13565 19539
33318 13624 4391 13596
33319 13624 13596 19540
33320 13596 4392 13679
33321 13596 13679 19540
33322 13679 4412 13680
33323 13679 13680 19540
33324 13680 4411 13624
33325 13680 13624 19540
33326 13681 4432 13682
33327 13681 13682 19541
33328 13682 4426 13683
33329 13682 13683 19541
33330 13683 3777 13678
33331 13683 13678 19541
33332 13678 4431 13681
33333 13678 13681 19541
33334 13684 4460 13685
33335 13684 13685 19542
33336 13685 4459 13630
33337 13685 13630 19542
33338 13630 4428 13686
33339 13630 13686 19542
33340 13686 4427 13684
33341 13686 13684 19542
33342 13635 4442 13687
33343 13635 13687 19543
33344 13687 4441 13688
33345 13687 13688 19543
33346 13688 4427 13686
33347 13688 13686 19543
33348 13686 4428 13635
33349 13686 13635 19543
33350 13682 4432 13689
33351 13682 13689 19544
33352 13689 3951 13690
33353 13689 13690 19544
33354 13690 3941 13691
33355 13690 13691 19544
33356 13691 4426 13682
33357 13691 13682 19544
33358 13692 4390 13693
33359 13692 13693 19545
33360 13693 3815 13673
33361 13693 13673 19545
33362 13673 3813 13589
33363 13673 13589 19545
33364 13589 4388 13692
33365 13589 13692 19545
33366 13677 3815 13693
33367 13677 13693 19546
33368 13693 4390 13694
33369 13693 13694 19546
33370 13694 4410 13695
33371 13694 13695 19546
33372 13695 4431 13677
33373 13695 13677 19546
33374 13694 4390 13692
33375 13694 13692 19547
33376 13692 4388 13676
33377 13692 13676 19547
33378 13676 4408 13696
33379 13676 13696 19547
33380 13696 4410 13694
33381 13696 13694 19547
33382 13697 4392 13595
33383 13697 13595 19548
33384 13595 3899 13698
33385 13595 13698 19548
33386 13698 3900 13699
33387 13698 13699 19548
33388 13699 4393 13697
33389 13699 13697 19548
33390 13700 4413 13701
33391 13700 13701 19549
33392 13701 4393 13699
33393 13701 13699 19549
33394 13699 3900 13702
33395 13699 13702 19549
33396 13702 4438 13700
33397 13702 13700 19549
33398 13703 4427 13688
33399 13703 13688 19550
33400 13688 4441 13704
33401 13688 13704 19550
33402 13704 4440 13705
33403 13704 13705 19550
33404 13705 4439 13703
33405 13705 13703 19550
33406 13706 4412 13679
33407 13706 13679 19551
33408 13679 4392 13697
33409 13679 13697 19551
33410 13697 4393 13701
33411 13697 13701 19551
33412 13701 4413 13706
33413 13701 13706 19551
33414 13707 4461 13708
33415 13707 13708 19552
33416 13708 4460 13684
33417 13708 13684 19552
33418 13684 4427 13703
33419 13684 13703 19552
33420 13703 4439 13707
33421 13703 13707 19552
33422 13709 4461 13707
33423 13709 13707 19553
33424 13707 4439 13710
33425 13707 13710 19553
33426 13710 3951 13689
33427 13710 13689 19553
33428 13689 4432 13709
33429 13689 13709 19553
33430 13690 3951 13711
33431 13690 13711 19554
33432 13711 4435 13712
33433 13711 13712 19554
33434 13712 4434 13713
33435 13712 13713 19554
33436 13713 3941 13690
33437 13713 13690 19554
33438 13714 4435 13711
33439 13714 13711 19555
33440 13711 3951 13710
33441 13711 13710 19555
33442 13710 4439 13705
33443 13710 13705 19555
33444 13705 4440 13714
33445 13705 13714 19555
33446 13700 4438 13715
33447 13700 13715 19556
33448 13715 4435 13714
33449 13715 13714 19556
33450 13714 4440 13716
33451 13714 13716 19556
33452 13716 4413 13700
33453 13716 13700 19556
33454 13717 4412 13706
33455 13717 13706 19557
33456 13706 4413 13716
33457 13706 13716 19557
33458 13716 4440 13704
33459 13716 13704 19557
33460 13704 4441 13717
33461 13704 13717 19557
33462 13718 4411 13680
33463 13718 13680 19558
33464 13680 4412 13717
33465 13680 13717 19558
33466 13717 4441 13687
33467 13717 13687 19558
33468 13687 4442 13718
33469 13687 13718 19558
33470 13719 4398 13623
33471 13719 13623 19559
33472 13623 4411 13718
33473 13623 13718 19559
33474 13718 4442 13634
33475 13718 13634 19559
33476 13634 4443 13719
33477 13634 13719 19559
33478 13720 4397 13606
33479 13720 13606 19560
33480 13606 4398 13719
33481 13606 13719 19560
33482 13719 4443 13637
33483 13719 13637 19560
33484 13637 4444 13720
33485 13637 13720 19560
33486 13625 4397 13720
33487 13625 13720 19561
33488 13720 4444 13641
33489 13720 13641 19561
33490 13641 4445 13721
33491 13641 13721 19561
33492 13721 4406 13625
33493 13721 13625 19561
33494 13616 4406 13721
33495 13616 13721 19562
33496 13721 4445 13648
33497 13721 13648 19562
33498 13648 4446 13722
33499 13648 13722 19562
33500 13722 4405 13616
33501 13722 13616 19562
33502 13621 4405 13722
33503 13621 13722 19563
33504 13722 4446 13662
33505 13722 13662 19563
33506 13662 4447 13723
33507 13662 13723 19563
33508 13723 4409 13621
33509 13723 13621 19563
33510 13655 4409 13723
33511 13655 13723 19564
33512 13723 4447 13656
33513 13723 13656 19564
33514 13656 4448 13724
33515 13656 13724 19564
33516 13724 4403 13655
33517 13724 13655 19564
33518 13725 4404 13652
33519 13725 13652 19565
33520 13652 4403 13724
33521 13652 13724 19565
33522 13724 4448 13672
33523 13724 13672 19565
33524 13672 4449 13725
33525 13672 13725 19565
33526 13599 3797 13726
33527 13599 13726 19566
33528 13726 4451 13727
33529 13726 13727 19566
33530 13727 4414 13603
33531 13727 13603 19566
33532 13603 3802 13599
33533 13603 13599 19566
33534 13728 4415 13660
33535 13728 13660 19567
33536 13660 4414 13727
33537 13660 13727 19567
33538 13727 4451 13729
33539 13727 13729 19567
33540 13729 4452 13728
33541 13729 13728 19567
33542 13730 4399 13661
33543 13730 13661 19568
33544 13661 4415 13728
33545 13661 13728 19568
33546 13728 4452 13667
33547 13728 13667 19568
33548 13667 4453 13730
33549 13667 13730 19568
33550 13731 4396 13651
33551 13731 13651 19569
33552 13651 4399 13730
33553 13651 13730 19569
33554 13730 4453 13670
33555 13730 13670 19569
33556 13670 4454 13731
33557 13670 13731 19569
33558 13731 4454 13665
33559 13731 13665 19570
33560 13665 4455 13732
33561 13665 13732 19570
33562 13732 4395 13644
33563 13732 13644 19570
33564 13644 4396 13731
33565 13644 13731 19570
33566 13733 4402 13613
33567 13733 13613 19571
33568 13613 4395 13732
33569 13613 13732 19571
33570 13732 4455 13645
33571 13732 13645 19571
33572 13645 4456 13733
33573 13645 13733 19571
33574 13618 4402 13733
33575 13618 13733 19572
33576 13733 4456 13638
33577 13733 13638 19572
33578 13638 4457 13734
33579 13638 13734 19572
33580 13734 4407 13618
33581 13734 13618 19572
33582 13735 4401 13620
33583 13735 13620 19573
33584 13620 4407 13734
33585 13620 13734 19573
33586 13734 4457 13627
33587 13734 13627 19573
33588 13627 4458 13735
33589 13627 13735 19573
33590 13736 4400 13609
33591 13736 13609 19574
33592 13609 4401 13735
33593 13609 13735 19574
33594 13735 4458 13631
33595 13735 13631 19574
33596 13631 4459 13736
33597 13631 13736 19574
33598 13737 4408 13675
33599 13737 13675 19575
33600 13675 4400 13736
33601 13675 13736 19575
33602 13736 4459 13685
33603 13736 13685 19575
33604 13685 4460 13737
33605 13685 13737 19575
33606 13738 4410 13696
33607 13738 13696 19576
33608 13696 4408 13737
33609 13696 13737 19576
33610 13737 4460 13708
33611 13737 13708 19576
33612 13708 4461 13738
33613 13708 13738 19576
33614 13681 4431 13695
33615 13681 13695 19577
33616 13695 4410 13738
33617 13695 13738 19577
33618 13738 4461 13709
33619 13738 13709 19577
33620 13709 4432 13681
33621 13709 13681 19577
33622 13739 3644 12146
33623 13739 12146 19578
33624 12146 3497 13740
33625 12146 13740 19578
33626 13740 3496 13741
33627 13740 13741 19578
33628 13741 3647 13739
33629 13741 13739 19578
33630 13742 3664 13743
33631 13742 13743 19579
33632 13743 3665 12205
33633 13743 12205 19579
33634 12205 3666 13744
33635 12205 13744 19579
33636 13744 3663 13742
33637 13744 13742 19579
33638 13745 3668 13746
33639 13745 13746 19580
33640 13746 3669 12208
33641 13746 12208 19580
33642 12208 3670 13747
33643 12208 13747 19580
33644 13747 3667 13745
33645 13747 13745 19580
33646 13748 3678 13749
33647 13748 13749 19581
33648 13749 3672 13750
33649 13749 13750 19581
33650 13750 3671 12215
33651 13750 12215 19581
33652 12215 3677 13748
33653 12215 13748 19581
33654 13751 3645 12144
33655 13751 12144 19582
33656 12144 3644 13739
33657 12144 13739 19582
33658 13739 3647 13752
33659 13739 13752 19582
33660 13752 3687 13751
33661 13752 13751 19582
33662 13748 3677 12211
33663 13748 12211 19583
33664 12211 3669 13746
33665 12211 13746 19583
33666 13746 3668 13753
33667 13746 13753 19583
33668 13753 3678 13748
33669 13753 13748 19583
33670 12175 3645 13751
33671 12175 13751 19584
33672 13751 3687 13754
33673 13751 13754 19584
33674 13754 3688 13755
33675 13754 13755 19584
33676 13755 3673 12175
33677 13755 12175 19584
33678 13756 3687 13752
33679 13756 13752 19585
33680 13752 3647 13757
33681 13752 13757 19585
33682 13757 4464 13758
33683 13757 13758 19585
33684 13758 4465 13756
33685 13758 13756 19585
33686 13759 3688 13754
33687 13759 13754 19586
33688 13754 3687 13756
33689 13754 13756 19586
33690 13756 4465 13760
33691 13756 13760 19586
33692 13760 4466 13759
33693 13760 13759 19586
33694 13761 3692 13762
33695 13761 13762 19587
33696 13762 3688 13759
33697 13762 13759 19587
33698 13759 4466 13763
33699 13759 13763 19587
33700 13763 4467 13761
33701 13763 13761 19587
33702 13764 3695 13765
33703 13764 13765 19588
33704 13765 3696 13766
33705 13765 13766 19588
33706 13766 4468 13767
33707 13766 13767 19588
33708 13767 4469 13764
33709 13767 13764 19588
33710 13768 3696 13765
33711 13768 13765 19589
33712 13765 3695 13769
33713 13765 13769 19589
33714 13769 3706 12259
33715 13769 12259 19589
33716 12259 3705 13768
33717 12259 13768 19589
33718 13770 3688 13762
33719 13770 13762 19590
33720 13762 3692 13771
33721 13762 13771 19590
33722 13771 3711 12260
33723 13771 12260 19590
33724 12260 3712 13770
33725 12260 13770 19590
33726 12277 3673 13755
33727 12277 13755 19591
33728 13755 3688 13770
33729 13755 13770 19591
33730 13770 3712 12279
33731 13770 12279 19591
33732 12279 3722 12277
33733 12279 12277 19591
33734 12547 3877 13772
33735 12547 13772 19592
33736 13772 3878 13773
33737 13772 13773 19592
33738 13773 3663 13744
33739 13773 13744 19592
33740 13744 3666 12547
33741 13744 12547 19592
33742 13774 3892 13775
33743 13774 13775 19593
33744 13775 3695 13764
33745 13775 13764 19593
33746 13764 4469 13776
33747 13764 13776 19593
33748 13776 4470 13774
33749 13776 13774 19593
33750 13769 3695 13775
33751 13769 13775 19594
33752 13775 3892 13777
33753 13775 13777 19594
33754 13777 3893 12548
33755 13777 12548 19594
33756 12548 3706 13769
33757 12548 13769 19594
33758 12562 3875 13778
33759 12562 13778 19595
33760 13778 3874 13779
33761 13778 13779 19595
33762 13779 3904 13780
33763 13779 13780 19595
33764 13780 3905 12562
33765 13780 12562 19595
33766 13781 3878 13772
33767 13781 13772 19596
33768 13772 3877 12572
33769 13772 12572 19596
33770 12572 3905 13780
33771 12572 13780 19596
33772 13780 3904 13781
33773 13780 13781 19596
33774 13782 3901 13783
33775 13782 13783 19597
33776 13783 3892 13774
33777 13783 13774 19597
33778 13774 4470 13784
33779 13774 13784 19597
33780 13784 4471 13782
33781 13784 13782 19597
33782 13777 3892 13783
33783 13777 13783 19598
33784 13783 3901 13785
33785 13783 13785 19598
33786 13785 3903 12574
33787 13785 12574 19598
33788 12574 3893 13777
33789 12574 13777 19598
33790 13771 3692 13786
33791 13771 13786 19599
33792 13786 3696 13768
33793 13786 13768 19599
33794 13768 3705 12780
33795 13768 12780 19599
33796 12780 3711 13771
33797 12780 13771 19599
33798 13766 3696 13786
33799 13766 13786 19600
33800 13786 3692 13761
33801 13786 13761 19600
33802 13761 4467 13787
33803 13761 13787 19600
33804 13787 4468 13766
33805 13787 13766 19600
33806 13788 3667 13747
33807 13788 13747 19601
33808 13747 3670 12782
33809 13747 12782 19601
33810 12782 3665 13743
33811 12782 13743 19601
33812 13743 3664 13788
33813 13743 13788 19601
33814 13789 3874 13778
33815 13789 13778 19602
33816 13778 3875 12543
33817 13778 12543 19602
33818 12543 3876 13790
33819 12543 13790 19602
33820 13790 3873 13789
33821 13790 13789 19602
33822 12609 3922 13791
33823 12609 13791 19603
33824 13791 3920 13792
33825 13791 13792 19603
33826 13792 3873 13790
33827 13792 13790 19603
33828 13790 3876 12609
33829 13790 12609 19603
33830 13793 3920 13791
33831 13793 13791 19604
33832 13791 3922 12615
33833 13791 12615 19604
33834 12615 3931 13794
33835 12615 13794 19604
33836 13794 3932 13793
33837 13794 13793 19604
33838 13795 3932 13794
33839 13795 13794 19605
33840 13794 3931 12627
33841 13794 12627 19605
33842 12627 3943 13796
33843 12627 13796 19605
33844 13796 3944 13795
33845 13796 13795 19605
33846 13797 4011 13798
33847 13797 13798 19606
33848 13798 3944 13796
33849 13798 13796 19606
33850 13796 3943 12621
33851 13796 12621 19606
33852 12621 3935 13797
33853 12621 13797 19606
33854 13799 3904 13779
33855 13799 13779 19607
33856 13779 3874 13800
33857 13779 13800 19607
33858 13800 4472 13801
33859 13800 13801 19607
33860 13801 4471 13799
33861 13801 13799 19607
33862 13802 3878 13781
33863 13802 13781 19608
33864 13781 3904 13799
33865 13781 13799 19608
33866 13799 4471 13784
33867 13799 13784 19608
33868 13784 4470 13802
33869 13784 13802 19608
33870 13803 3663 13773
33871 13803 13773 19609
33872 13773 3878 13802
33873 13773 13802 19609
33874 13802 4470 13776
33875 13802 13776 19609
33876 13776 4469 13803
33877 13776 13803 19609
33878 13804 3664 13742
33879 13804 13742 19610
33880 13742 3663 13803
33881 13742 13803 19610
33882 13803 4469 13767
33883 13803 13767 19610
33884 13767 4468 13804
33885 13767 13804 19610
33886 13805 3667 13788
33887 13805 13788 19611
33888 13788 3664 13804
33889 13788 13804 19611
33890 13804 4468 13787
33891 13804 13787 19611
33892 13787 4467 13805
33893 13787 13805 19611
33894 13806 3668 13745
33895 13806 13745 19612
33896 13745 3667 13805
33897 13745 13805 19612
33898 13805 4467 13763
33899 13805 13763 19612
33900 13763 4466 13806
33901 13763 13806 19612
33902 13807 3678 13753
33903 13807 13753 19613
33904 13753 3668 13806
33905 13753 13806 19613
33906 13806 4466 13760
33907 13806 13760 19613
33908 13760 4465 13807
33909 13760 13807 19613
33910 13808 3672 13749
33911 13808 13749 19614
33912 13749 3678 13807
33913 13749 13807 19614
33914 13807 4465 13758
33915 13807 13758 19614
33916 13758 4464 13808
33917 13758 13808 19614
33918 12659 3966 13809
33919 12659 13809 19615
33920 13809 4009 13810
33921 13809 13810 19615
33922 13810 4499 13811
33923 13810 13811 19615
33924 13811 4498 12659
33925 13811 12659 19615
33926 12707 4013 13812
33927 12707 13812 19616
33928 13812 4422 13813
33929 13812 13813 19616
33930 13813 3703 12237
33931 13813 12237 19616
33932 12237 3641 12707
33933 12237 12707 19616
33934 13814 3599 12080
33935 13814 12080 19617
33936 12080 4421 12238
33937 12080 12238 19617
33938 12238 3703 13815
33939 12238 13815 19617
33940 13815 4008 13814
33941 13815 13814 19617
33942 13816 3691 12220
33943 13816 12220 19618
33944 12220 3599 13814
33945 12220 13814 19618
33946 13814 4008 13817
33947 13814 13817 19618
33948 13817 4010 13816
33949 13817 13816 19618
33950 13816 4010 13818
33951 13816 13818 19619
33952 13818 4011 13797
33953 13818 13797 19619
33954 13797 3935 12619
33955 13797 12619 19619
33956 12619 3691 13816
33957 12619 13816 19619
33958 13819 4008 13815
33959 13819 13815 19620
33960 13815 3703 13813
33961 13815 13813 19620
33962 13813 4422 13820
33963 13813 13820 19620
33964 13820 4014 13819
33965 13820 13819 19620
33966 13821 4010 13817
33967 13821 13817 19621
33968 13817 4008 13819
33969 13817 13819 19621
33970 13819 4014 13822
33971 13819 13822 19621
33972 13822 4474 13821
33973 13822 13821 19621
33974 13823 3901 13782
33975 13823 13782 19622
33976 13782 4471 13801
33977 13782 13801 19622
33978 13801 4472 13824
33979 13801 13824 19622
33980 13824 3891 13823
33981 13824 13823 19622
33982 13795 3944 13825
33983 13795 13825 19623
33984 13825 4476 13826
33985 13825 13826 19623
33986 13826 4478 13827
33987 13826 13827 19623
33988 13827 3932 13795
33989 13827 13795 19623
33990 13793 3932 13827
33991 13793 13827 19624
33992 13827 4478 13828
33993 13827 13828 19624
33994 13828 4477 13829
33995 13828 13829 19624
33996 13829 3920 13793
33997 13829 13793 19624
33998 13792 3920 13829
33999 13792 13829 19625
34000 13829 4477 13830
34001 13829 13830 19625
34002 13830 4473 13831
34003 13830 13831 19625
34004 13831 3873 13792
34005 13831 13792 19625
34006 13789 3873 13831
34007 13789 13831 19626
34008 13831 4473 13832
34009 13831 13832 19626
34010 13832 4472 13800
34011 13832 13800 19626
34012 13800 3874 13789
34013 13800 13789 19626
34014 13833 4475 13834
34015 13833 13834 19627
34016 13834 4476 13825
34017 13834 13825 19627
34018 13825 3944 13798
34019 13825 13798 19627
34020 13798 4011 13833
34021 13798 13833 19627
34022 13821 4474 13835
34023 13821 13835 19628
34024 13835 4475 13833
34025 13835 13833 19628
34026 13833 4011 13818
34027 13833 13818 19628
34028 13818 4010 13821
34029 13818 13821 19628
34030 13836 3950 13837
34031 13836 13837 19629
34032 13837 4503 13838
34033 13837 13838 19629
34034 13838 4502 13839
34035 13838 13839 19629
34036 13839 4017 13836
34037 13839 13836 19629
34038 13840 3883 12573
34039 13840 12573 19630
34040 12573 3909 13841
34041 12573 13841 19630
34042 13841 4506 12577
34043 13841 12577 19630
34044 12577 4507 13840
34045 12577 13840 19630
34046 13842 3657 12550
34047 13842 12550 19631
34048 12550 3883 13840
34049 12550 13840 19631
34050 13840 4507 12534
34051 13840 12534 19631
34052 12534 4508 13842
34053 12534 13842 19631
34054 13843 3656 12257
34055 13843 12257 19632
34056 12257 3657 13842
34057 12257 13842 19632
34058 13842 4508 12168
34059 13842 12168 19632
34060 12168 4509 13843
34061 12168 13843 19632
34062 12781 3656 13843
34063 12781 13843 19633
34064 13843 4509 12778
34065 13843 12778 19633
34066 12778 4510 13844
34067 12778 13844 19633
34068 13844 3713 12781
34069 13844 12781 19633
34070 13845 3714 12262
34071 13845 12262 19634
34072 12262 3713 13844
34073 12262 13844 19634
34074 13844 4510 12265
34075 13844 12265 19634
34076 12265 4511 13845
34077 12265 13845 19634
34078 13846 3723 12278
34079 13846 12278 19635
34080 12278 3714 13845
34081 12278 13845 19635
34082 13845 4511 12282
34083 13845 12282 19635
34084 12282 4512 13846
34085 12282 13846 19635
34086 13847 3717 12274
34087 13847 12274 19636
34088 12274 3723 13846
34089 12274 13846 19636
34090 13846 4512 12284
34091 13846 12284 19636
34092 12284 4513 13847
34093 12284 13847 19636
34094 13848 3942 13849
34095 13848 13849 19637
34096 13849 3945 13850
34097 13849 13850 19637
34098 13850 3947 13851
34099 13850 13851 19637
34100 13851 3950 13848
34101 13851 13848 19637
34102 13852 3891 13824
34103 13852 13824 19638
34104 13824 4472 13832
34105 13824 13832 19638
34106 13832 4473 13853
34107 13832 13853 19638
34108 13853 3890 13852
34109 13853 13852 19638
34110 13854 4504 13855
34111 13854 13855 19639
34112 13855 4503 13837
34113 13855 13837 19639
34114 13837 3950 13851
34115 13837 13851 19639
34116 13851 3947 13854
34117 13851 13854 19639
34118 13856 3926 13857
34119 13856 13857 19640
34120 13857 3910 12578
34121 13857 12578 19640
34122 12578 4506 13858
34123 12578 13858 19640
34124 13858 4505 13856
34125 13858 13856 19640
34126 13850 3945 13859
34127 13850 13859 19641
34128 13859 4523 13860
34129 13859 13860 19641
34130 13860 4524 13861
34131 13860 13861 19641
34132 13861 3947 13850
34133 13861 13850 19641
34134 13862 3925 13863
34135 13862 13863 19642
34136 13863 3909 12575
34137 13863 12575 19642
34138 12575 3903 13864
34139 12575 13864 19642
34140 13864 3902 13862
34141 13864 13862 19642
34142 13785 3901 13823
34143 13785 13823 19643
34144 13823 3891 13865
34145 13823 13865 19643
34146 13865 3902 13864
34147 13865 13864 19643
34148 13864 3903 13785
34149 13864 13785 19643
34150 13854 3947 13861
34151 13854 13861 19644
34152 13861 4524 13866
34153 13861 13866 19644
34154 13866 4525 13867
34155 13866 13867 19644
34156 13867 4504 13854
34157 13867 13854 19644
34158 13868 4505 13858
34159 13868 13858 19645
34160 13858 4506 13841
34161 13858 13841 19645
34162 13841 3909 13863
34163 13841 13863 19645
34164 13863 3925 13868
34165 13863 13868 19645
34166 13869 4525 13866
34167 13869 13866 19646
34168 13866 4524 13870
34169 13866 13870 19646
34170 13870 4530 13871
34171 13870 13871 19646
34172 13871 4529 13869
34173 13871 13869 19646
34174 13872 3926 13856
34175 13872 13856 19647
34176 13856 4505 13873
34177 13856 13873 19647
34178 13873 4529 13871
34179 13873 13871 19647
34180 13871 4530 13872
34181 13871 13872 19647
34182 13874 4013 12708
34183 13874 12708 19648
34184 12708 3983 13875
34185 12708 13875 19648
34186 13875 3989 13876
34187 13875 13876 19648
34188 13876 4012 13874
34189 13876 13874 19648
34190 13877 4422 13812
34191 13877 13812 19649
34192 13812 4013 13874
34193 13812 13874 19649
34194 13874 4012 13878
34195 13874 13878 19649
34196 13878 4016 13877
34197 13878 13877 19649
34198 13879 4016 13878
34199 13879 13878 19650
34200 13878 4012 13880
34201 13878 13880 19650
34202 13880 4534 13881
34203 13880 13881 19650
34204 13881 4535 13879
34205 13881 13879 19650
34206 13882 4482 13883
34207 13882 13883 19651
34208 13883 4016 13879
34209 13883 13879 19651
34210 13879 4535 13884
34211 13879 13884 19651
34212 13884 4536 13882
34213 13884 13882 19651
34214 13877 4016 13883
34215 13877 13883 19652
34216 13883 4482 13885
34217 13883 13885 19652
34218 13885 4014 13820
34219 13885 13820 19652
34220 13820 4422 13877
34221 13820 13877 19652
34222 13886 4475 13835
34223 13886 13835 19653
34224 13835 4474 13887
34225 13835 13887 19653
34226 13887 4015 13888
34227 13887 13888 19653
34228 13888 4489 13886
34229 13888 13886 19653
34230 13889 4488 13890
34231 13889 13890 19654
34232 13890 4489 13891
34233 13890 13891 19654
34234 13891 4538 13892
34235 13891 13892 19654
34236 13892 4537 13889
34237 13892 13889 19654
34238 13887 4474 13822
34239 13887 13822 19655
34240 13822 4014 13885
34241 13822 13885 19655
34242 13885 4482 13893
34243 13885 13893 19655
34244 13893 4015 13887
34245 13893 13887 19655
34246 13894 4015 13893
34247 13894 13893 19656
34248 13893 4482 13882
34249 13893 13882 19656
34250 13882 4536 13895
34251 13882 13895 19656
34252 13895 4539 13894
34253 13895 13894 19656
34254 13891 4489 13888
34255 13891 13888 19657
34256 13888 4015 13894
34257 13888 13894 19657
34258 13894 4539 13896
34259 13894 13896 19657
34260 13896 4538 13891
34261 13896 13891 19657
34262 13897 4476 13834
34263 13897 13834 19658
34264 13834 4475 13886
34265 13834 13886 19658
34266 13886 4489 13890
34267 13886 13890 19658
34268 13890 4488 13897
34269 13890 13897 19658
34270 13898 4498 13811
34271 13898 13811 19659
34272 13811 4499 13899
34273 13811 13899 19659
34274 13899 4423 13900
34275 13899 13900 19659
34276 13900 3967 13898
34277 13900 13898 19659
34278 13899 4499 13901
34279 13899 13901 19660
34280 13901 4500 13902
34281 13901 13902 19660
34282 13902 4481 13903
34283 13902 13903 19660
34284 13903 4423 13899
34285 13903 13899 19660
34286 13902 4500 13904
34287 13902 13904 19661
34288 13904 4501 13905
34289 13904 13905 19661
34290 13905 4484 13906
34291 13905 13906 19661
34292 13906 4481 13902
34293 13906 13902 19661
34294 13907 4018 13908
34295 13907 13908 19662
34296 13908 4484 13905
34297 13908 13905 19662
34298 13905 4501 13909
34299 13905 13909 19662
34300 13909 4502 13907
34301 13909 13907 19662
34302 13910 4018 13907
34303 13910 13907 19663
34304 13907 4502 13838
34305 13907 13838 19663
34306 13838 4503 13911
34307 13838 13911 19663
34308 13911 3949 13910
34309 13911 13910 19663
34310 13912 4487 13913
34311 13912 13913 19664
34312 13913 4488 13889
34313 13913 13889 19664
34314 13889 4537 13914
34315 13889 13914 19664
34316 13914 4540 13912
34317 13914 13912 19664
34318 13826 4476 13897
34319 13826 13897 19665
34320 13897 4488 13913
34321 13897 13913 19665
34322 13913 4487 13915
34323 13913 13915 19665
34324 13915 4478 13826
34325 13915 13826 19665
34326 13916 3949 13911
34327 13916 13911 19666
34328 13911 4503 13855
34329 13911 13855 19666
34330 13855 4504 13917
34331 13855 13917 19666
34332 13917 3946 13916
34333 13917 13916 19666
34334 13918 3890 13919
34335 13918 13919 19667
34336 13919 4486 13920
34337 13919 13920 19667
34338 13920 4541 13921
34339 13920 13921 19667
34340 13921 3921 13918
34341 13921 13918 19667
34342 13865 3891 13852
34343 13865 13852 19668
34344 13852 3890 13918
34345 13852 13918 19668
34346 13918 3921 13922
34347 13918 13922 19668
34348 13922 3902 13865
34349 13922 13865 19668
34350 13920 4486 13923
34351 13920 13923 19669
34352 13923 4487 13912
34353 13923 13912 19669
34354 13912 4540 13924
34355 13912 13924 19669
34356 13924 4541 13920
34357 13924 13920 19669
34358 13915 4487 13923
34359 13915 13923 19670
34360 13923 4486 13925
34361 13923 13925 19670
34362 13925 4477 13828
34363 13925 13828 19670
34364 13828 4478 13915
34365 13828 13915 19670
34366 13830 4477 13925
34367 13830 13925 19671
34368 13925 4486 13919
34369 13925 13919 19671
34370 13919 3890 13853
34371 13919 13853 19671
34372 13853 4473 13830
34373 13853 13830 19671
34374 13926 3946 13917
34375 13926 13917 19672
34376 13917 4504 13867
34377 13917 13867 19672
34378 13867 4525 13927
34379 13867 13927 19672
34380 13927 4526 13926
34381 13927 13926 19672
34382 13928 4526 13927
34383 13928 13927 19673
34384 13927 4525 13869
34385 13927 13869 19673
34386 13869 4529 13929
34387 13869 13929 19673
34388 13929 4528 13928
34389 13929 13928 19673
34390 13862 3902 13922
34391 13862 13922 19674
34392 13922 3921 13930
34393 13922 13930 19674
34394 13930 4528 13931
34395 13930 13931 19674
34396 13931 3925 13862
34397 13931 13862 19674
34398 13873 4505 13868
34399 13873 13868 19675
34400 13868 3925 13931
34401 13868 13931 19675
34402 13931 4528 13929
34403 13931 13929 19675
34404 13929 4529 13873
34405 13929 13873 19675
34406 13928 4528 13930
34407 13928 13930 19676
34408 13930 3921 13921
34409 13930 13921 19676
34410 13921 4541 13932
34411 13921 13932 19676
34412 13932 4526 13928
34413 13932 13928 19676
34414 13933 3946 13926
34415 13933 13926 19677
34416 13926 4526 13932
34417 13926 13932 19677
34418 13932 4541 13924
34419 13932 13924 19677
34420 13924 4540 13933
34421 13924 13933 19677
34422 13934 3949 13916
34423 13934 13916 19678
34424 13916 3946 13933
34425 13916 13933 19678
34426 13933 4540 13914
34427 13933 13914 19678
34428 13914 4537 13934
34429 13914 13934 19678
34430 13935 4018 13910
34431 13935 13910 19679
34432 13910 3949 13934
34433 13910 13934 19679
34434 13934 4537 13892
34435 13934 13892 19679
34436 13892 4538 13935
34437 13892 13935 19679
34438 13936 4484 13908
34439 13936 13908 19680
34440 13908 4018 13935
34441 13908 13935 19680
34442 13935 4538 13896
34443 13935 13896 19680
34444 13896 4539 13936
34445 13896 13936 19680
34446 13937 4481 13906
34447 13937 13906 19681
34448 13906 4484 13936
34449 13906 13936 19681
34450 13936 4539 13895
34451 13936 13895 19681
34452 13895 4536 13937
34453 13895 13937 19681
34454 13938 4423 13903
34455 13938 13903 19682
34456 13903 4481 13937
34457 13903 13937 19682
34458 13937 4536 13884
34459 13937 13884 19682
34460 13884 4535 13938
34461 13884 13938 19682
34462 13939 3967 13900
34463 13939 13900 19683
34464 13900 4423 13938
34465 13900 13938 19683
34466 13938 4535 13881
34467 13938 13881 19683
34468 13881 4534 13939
34469 13881 13939 19683
34470 13940 3979 12680
34471 13940 12680 19684
34472 12680 3977 13941
34473 12680 13941 19684
34474 13941 3985 13942
34475 13941 13942 19684
34476 13942 3984 13940
34477 13942 13940 19684
34478 13943 3980 12682
34479 13943 12682 19685
34480 12682 3979 13940
34481 12682 13940 19685
34482 13940 3984 13944
34483 13940 13944 19685
34484 13944 3986 13943
34485 13944 13943 19685
34486 13945 3981 12684
34487 13945 12684 19686
34488 12684 3980 13943
34489 12684 13943 19686
34490 13943 3986 13946
34491 13943 13946 19686
34492 13946 3987 13945
34493 13946 13945 19686
34494 12706 3976 13947
34495 12706 13947 19687
34496 13947 3991 13948
34497 13947 13948 19687
34498 13948 3990 13949
34499 13948 13949 19687
34500 13949 3978 12706
34501 13949 12706 19687
34502 12671 3974 13950
34503 12671 13950 19688
34504 13950 3993 13951
34505 13950 13951 19688
34506 13951 3992 13952
34507 13951 13952 19688
34508 13952 3975 12671
34509 13952 12671 19688
34510 12705 3994 13953
34511 12705 13953 19689
34512 13953 3995 13954
34513 13953 13954 19689
34514 13954 3993 13950
34515 13954 13950 19689
34516 13950 3974 12705
34517 13950 12705 19689
34518 13941 3977 12678
34519 13941 12678 19690
34520 12678 3978 13949
34521 12678 13949 19690
34522 13949 3990 13955
34523 13949 13955 19690
34524 13955 3985 13941
34525 13955 13941 19690
34526 12674 3975 13952
34527 12674 13952 19691
34528 13952 3992 13956
34529 13952 13956 19691
34530 13956 3991 13947
34531 13956 13947 19691
34532 13947 3976 12674
34533 13947 12674 19691
34534 13957 3987 13946
34535 13957 13946 19692
34536 13946 3986 13958
34537 13946 13958 19692
34538 13958 4543 13959
34539 13958 13959 19692
34540 13959 4542 13957
34541 13959 13957 19692
34542 13958 3986 13944
34543 13958 13944 19693
34544 13944 3984 13960
34545 13944 13960 19693
34546 13960 4544 13961
34547 13960 13961 19693
34548 13961 4543 13958
34549 13961 13958 19693
34550 13960 3984 13942
34551 13960 13942 19694
34552 13942 3985 13962
34553 13942 13962 19694
34554 13962 4545 13963
34555 13962 13963 19694
34556 13963 4544 13960
34557 13963 13960 19694
34558 13962 3985 13955
34559 13962 13955 19695
34560 13955 3990 13964
34561 13955 13964 19695
34562 13964 4546 13965
34563 13964 13965 19695
34564 13965 4545 13962
34565 13965 13962 19695
34566 13964 3990 13948
34567 13964 13948 19696
34568 13948 3991 13966
34569 13948 13966 19696
34570 13966 4547 13967
34571 13966 13967 19696
34572 13967 4546 13964
34573 13967 13964 19696
34574 13966 3991 13956
34575 13966 13956 19697
34576 13956 3992 13968
34577 13956 13968 19697
34578 13968 4548 13969
34579 13968 13969 19697
34580 13969 4547 13966
34581 13969 13966 19697
34582 13968 3992 13951
34583 13968 13951 19698
34584 13951 3993 13970
34585 13951 13970 19698
34586 13970 4549 13971
34587 13970 13971 19698
34588 13971 4548 13968
34589 13971 13968 19698
34590 13970 3993 13954
34591 13970 13954 19699
34592 13954 3995 13972
34593 13954 13972 19699
34594 13972 4550 13973
34595 13972 13973 19699
34596 13973 4549 13970
34597 13973 13970 19699
34598 12770 4045 13974
34599 12770 13974 19700
34600 13974 4046 13975
34601 13974 13975 19700
34602 13975 3995 13953
34603 13975 13953 19700
34604 13953 3994 12770
34605 13953 12770 19700
34606 13976 4003 13977
34607 13976 13977 19701
34608 13977 4490 12693
34609 13977 12693 19701
34610 12693 4491 13978
34611 12693 13978 19701
34612 13978 4002 13976
34613 13978 13976 19701
34614 13979 4002 13978
34615 13979 13978 19702
34616 13978 4491 12697
34617 13978 12697 19702
34618 12697 4492 13980
34619 12697 13980 19702
34620 13980 3972 13979
34621 13980 13979 19702
34622 13980 4492 12668
34623 13980 12668 19703
34624 12668 4493 13981
34625 12668 13981 19703
34626 13981 3970 13982
34627 13981 13982 19703
34628 13982 3972 13980
34629 13982 13980 19703
34630 13981 4493 12665
34631 13981 12665 19704
34632 12665 4494 13983
34633 12665 13983 19704
34634 13983 3968 13984
34635 13983 13984 19704
34636 13984 3970 13981
34637 13984 13981 19704
34638 13983 4494 12662
34639 13983 12662 19705
34640 12662 4495 13985
34641 12662 13985 19705
34642 13985 3964 13986
34643 13985 13986 19705
34644 13986 3968 13983
34645 13986 13983 19705
34646 13987 4001 13988
34647 13987 13988 19706
34648 13988 3997 13989
34649 13988 13989 19706
34650 13989 4518 12691
34651 13989 12691 19706
34652 12691 4519 13987
34653 12691 13987 19706
34654 13987 4519 12702
34655 13987 12702 19707
34656 12702 4520 13990
34657 12702 13990 19707
34658 13990 4006 13991
34659 13990 13991 19707
34660 13991 4001 13987
34661 13991 13987 19707
34662 13990 4520 12701
34663 13990 12701 19708
34664 12701 4490 13977
34665 12701 13977 19708
34666 13977 4003 13992
34667 13977 13992 19708
34668 13992 4006 13990
34669 13992 13990 19708
34670 13993 3982 12685
34671 13993 12685 19709
34672 12685 3981 13945
34673 12685 13945 19709
34674 13945 3987 13994
34675 13945 13994 19709
34676 13994 3988 13993
34677 13994 13993 19709
34678 13875 3983 12687
34679 13875 12687 19710
34680 12687 3982 13993
34681 12687 13993 19710
34682 13993 3988 13995
34683 13993 13995 19710
34684 13995 3989 13875
34685 13995 13875 19710
34686 13996 3989 13995
34687 13996 13995 19711
34688 13995 3988 13997
34689 13995 13997 19711
34690 13997 4533 13998
34691 13997 13998 19711
34692 13998 4532 13996
34693 13998 13996 19711
34694 13997 3988 13994
34695 13997 13994 19712
34696 13994 3987 13957
34697 13994 13957 19712
34698 13957 4542 13999
34699 13957 13999 19712
34700 13999 4533 13997
34701 13999 13997 19712
34702 13880 4012 13876
34703 13880 13876 19713
34704 13876 3989 13996
34705 13876 13996 19713
34706 13996 4532 14000
34707 13996 14000 19713
34708 14000 4534 13880
34709 14000 13880 19713
34710 13985 4495 12656
34711 13985 12656 19714
34712 12656 4496 14001
34713 12656 14001 19714
34714 14001 3963 14002
34715 14001 14002 19714
34716 14002 3964 13985
34717 14002 13985 19714
34718 14003 3962 14004
34719 14003 14004 19715
34720 14004 3963 14001
34721 14004 14001 19715
34722 14001 4496 12654
34723 14001 12654 19715
34724 12654 4497 14003
34725 12654 14003 19715
34726 13898 3967 14005
34727 13898 14005 19716
34728 14005 3962 14003
34729 14005 14003 19716
34730 14003 4497 12660
34731 14003 12660 19716
34732 12660 4498 13898
34733 12660 13898 19716
34734 14006 3962 14005
34735 14006 14005 19717
34736 14005 3967 13939
34737 14005 13939 19717
34738 13939 4534 14000
34739 13939 14000 19717
34740 14000 4532 14006
34741 14000 14006 19717
34742 14007 3963 14004
34743 14007 14004 19718
34744 14004 3962 14006
34745 14004 14006 19718
34746 14006 4532 13998
34747 14006 13998 19718
34748 13998 4533 14007
34749 13998 14007 19718
34750 14008 3964 14002
34751 14008 14002 19719
34752 14002 3963 14007
34753 14002 14007 19719
34754 14007 4533 13999
34755 14007 13999 19719
34756 13999 4542 14008
34757 13999 14008 19719
34758 14009 3968 13986
34759 14009 13986 19720
34760 13986 3964 14008
34761 13986 14008 19720
34762 14008 4542 13959
34763 14008 13959 19720
34764 13959 4543 14009
34765 13959 14009 19720
34766 14010 3970 13984
34767 14010 13984 19721
34768 13984 3968 14009
34769 13984 14009 19721
34770 14009 4543 13961
34771 14009 13961 19721
34772 13961 4544 14010
34773 13961 14010 19721
34774 14011 3972 13982
34775 14011 13982 19722
34776 13982 3970 14010
34777 13982 14010 19722
34778 14010 4544 13963
34779 14010 13963 19722
34780 13963 4545 14011
34781 13963 14011 19722
34782 14012 4002 13979
34783 14012 13979 19723
34784 13979 3972 14011
34785 13979 14011 19723
34786 14011 4545 13965
34787 14011 13965 19723
34788 13965 4546 14012
34789 13965 14012 19723
34790 14013 4003 13976
34791 14013 13976 19724
34792 13976 4002 14012
34793 13976 14012 19724
34794 14012 4546 13967
34795 14012 13967 19724
34796 13967 4547 14013
34797 13967 14013 19724
34798 14014 4006 13992
34799 14014 13992 19725
34800 13992 4003 14013
34801 13992 14013 19725
34802 14013 4547 13969
34803 14013 13969 19725
34804 13969 4548 14014
34805 13969 14014 19725
34806 14015 4001 13991
34807 14015 13991 19726
34808 13991 4006 14014
34809 13991 14014 19726
34810 14014 4548 13971
34811 14014 13971 19726
34812 13971 4549 14015
34813 13971 14015 19726
34814 14016 3997 13988
34815 14016 13988 19727
34816 13988 4001 14015
34817 13988 14015 19727
34818 14015 4549 13973
34819 14015 13973 19727
34820 13973 4550 14016
34821 13973 14016 19727
34822 14017 3809 14018
34823 14017 14018 19728
34824 14018 4450 14019
34825 14018 14019 19728
34826 14019 4558 14020
34827 14019 14020 19728
34828 14020 4557 14017
34829 14020 14017 19728
34830 14018 3809 14021
34831 14018 14021 19729
34832 14021 3808 13581
34833 14021 13581 19729
34834 13581 4384 14022
34835 13581 14022 19729
34836 14022 4450 14018
34837 14022 14018 19729
34838 13726 3797 14023
34839 13726 14023 19730
34840 14023 3796 14024
34841 14023 14024 19730
34842 14024 4374 14025
34843 14024 14025 19730
34844 14025 4451 13726
34845 14025 13726 19730
34846 14019 4450 14026
34847 14019 14026 19731
34848 14026 4449 14027
34849 14026 14027 19731
34850 14027 4558 14019
34851 14027 14019 19731
34852 14028 4394 13668
34853 14028 13668 19732
34854 13668 4452 13729
34855 13668 13729 19732
34856 13729 4451 14025
34857 13729 14025 19732
34858 14025 4374 14028
34859 14025 14028 19732
34860 14022 4384 13653
34861 14022 13653 19733
34862 13653 4404 13725
34863 13653 13725 19733
34864 13725 4449 14026
34865 13725 14026 19733
34866 14026 4450 14022
34867 14026 14022 19733
34868 14029 4637 14030
34869 14029 14030 19734
34870 14030 4636 12362
34871 14030 12362 19734
34872 12362 3792 14031
34873 12362 14031 19734
34874 14031 3780 14029
34875 14031 14029 19734
34876 12404 3808 14021
34877 12404 14021 19735
34878 14021 3809 14032
34879 14021 14032 19735
34880 14032 3780 14031
34881 14032 14031 19735
34882 14031 3792 12404
34883 14031 12404 19735
34884 14033 4374 14024
34885 14033 14024 19736
34886 14024 3796 14034
34887 14024 14034 19736
34888 14034 4557 14020
34889 14034 14020 19736
34890 14020 4558 14033
34891 14020 14033 19736
34892 13972 3995 13975
34893 13972 13975 19737
34894 13975 4046 14035
34895 13975 14035 19737
34896 14035 4551 14036
34897 14035 14036 19737
34898 14036 4550 13972
34899 14036 13972 19737
34900 12270 3719 14037
34901 12270 14037 19738
34902 14037 3727 14038
34903 14037 14038 19738
34904 14038 4515 14039
34905 14038 14039 19738
34906 14039 4514 12270
34907 14039 12270 19738
34908 12329 3763 14040
34909 12329 14040 19739
34910 14040 3767 14041
34911 14040 14041 19739
34912 14041 3766 14042
34913 14041 14042 19739
34914 14042 3760 12329
34915 14042 12329 19739
34916 14037 3719 12805
34917 14037 12805 19740
34918 12805 3760 14042
34919 12805 14042 19740
34920 14042 3766 14043
34921 14042 14043 19740
34922 14043 3727 14037
34923 14043 14037 19740
34924 14044 3720 14045
34925 14044 14045 19741
34926 14045 3725 14046
34927 14045 14046 19741
34928 14046 3726 14047
34929 14046 14047 19741
34930 14047 3724 14044
34931 14047 14044 19741
34932 14048 3676 12180
34933 14048 12180 19742
34934 12180 3675 14049
34935 12180 14049 19742
34936 14049 3724 14047
34937 14049 14047 19742
34938 14047 3726 14048
34939 14047 14048 19742
34940 14050 3721 12275
34941 14050 12275 19743
34942 12275 3717 14051
34943 12275 14051 19743
34944 14051 3720 14044
34945 14051 14044 19743
34946 14044 3724 14050
34947 14044 14050 19743
34948 14049 3675 12178
34949 14049 12178 19744
34950 12178 3674 12276
34951 12178 12276 19744
34952 12276 3721 14050
34953 12276 14050 19744
34954 14050 3724 14049
34955 14050 14049 19744
34956 14052 4041 12756
34957 14052 12756 19745
34958 12756 3676 14048
34959 12756 14048 19745
34960 14048 3726 14053
34961 14048 14053 19745
34962 14053 4042 14052
34963 14053 14052 19745
34964 12271 4514 14054
34965 12271 14054 19746
34966 14054 3720 14051
34967 14054 14051 19746
34968 14051 3717 13847
34969 14051 13847 19746
34970 13847 4513 12271
34971 13847 12271 19746
34972 14055 3725 14045
34973 14055 14045 19747
34974 14045 3720 14054
34975 14045 14054 19747
34976 14054 4514 14039
34977 14054 14039 19747
34978 14039 4515 14055
34979 14039 14055 19747
34980 14046 3725 14056
34981 14046 14056 19748
34982 14056 4043 14057
34983 14056 14057 19748
34984 14057 4042 14053
34985 14057 14053 19748
34986 14053 3726 14046
34987 14053 14046 19748
34988 12752 4039 12757
34989 12752 12757 19749
34990 12757 4041 14058
34991 12757 14058 19749
34992 14058 4047 14059
34993 14058 14059 19749
34994 14059 4040 12752
34995 14059 12752 19749
34996 14060 4048 12772
34997 14060 12772 19750
34998 12772 3640 12748
34999 12772 12748 19750
35000 12748 4576 14061
35001 12748 14061 19750
35002 14061 4575 14060
35003 14061 14060 19750
35004 14062 4050 14063
35005 14062 14063 19751
35006 14063 4037 12767
35007 14063 12767 19751
35008 12767 4040 14059
35009 12767 14059 19751
35010 14059 4047 14062
35011 14059 14062 19751
35012 14064 4047 14058
35013 14064 14058 19752
35014 14058 4041 14052
35015 14058 14052 19752
35016 14052 4042 14065
35017 14052 14065 19752
35018 14065 4051 14064
35019 14065 14064 19752
35020 14062 4047 14064
35021 14062 14064 19753
35022 14064 4051 14066
35023 14064 14066 19753
35024 14066 4052 14067
35025 14066 14067 19753
35026 14067 4050 14062
35027 14067 14062 19753
35028 12771 4048 14068
35029 12771 14068 19754
35030 14068 4049 14069
35031 14068 14069 19754
35032 14069 4046 13974
35033 14069 13974 19754
35034 13974 4045 12771
35035 13974 12771 19754
35036 14070 4049 14068
35037 14070 14068 19755
35038 14068 4048 14060
35039 14068 14060 19755
35040 14060 4575 14071
35041 14060 14071 19755
35042 14071 4574 14070
35043 14071 14070 19755
35044 14035 4046 14069
35045 14035 14069 19756
35046 14069 4049 14072
35047 14069 14072 19756
35048 14072 4552 14073
35049 14072 14073 19756
35050 14073 4551 14035
35051 14073 14035 19756
35052 14072 4049 14070
35053 14072 14070 19757
35054 14070 4574 14074
35055 14070 14074 19757
35056 14074 4052 14075
35057 14074 14075 19757
35058 14075 4552 14072
35059 14075 14072 19757
35060 14076 3781 14077
35061 14076 14077 19758
35062 14077 3789 12348
35063 14077 12348 19758
35064 12348 4641 14078
35065 12348 14078 19758
35066 14078 4640 14076
35067 14078 14076 19758
35068 14079 4638 14080
35069 14079 14080 19759
35070 14080 4637 14029
35071 14080 14029 19759
35072 14029 3780 14081
35073 14029 14081 19759
35074 14081 4555 14079
35075 14081 14079 19759
35076 14082 3796 14023
35077 14082 14023 19760
35078 14023 3797 13598
35079 14023 13598 19760
35080 13598 3789 14077
35081 13598 14077 19760
35082 14077 3781 14082
35083 14077 14082 19760
35084 14083 4639 14084
35085 14083 14084 19761
35086 14084 4638 14079
35087 14084 14079 19761
35088 14079 4555 14085
35089 14079 14085 19761
35090 14085 4559 14083
35091 14085 14083 19761
35092 14032 3809 14017
35093 14032 14017 19762
35094 14017 4557 14086
35095 14017 14086 19762
35096 14086 4555 14081
35097 14086 14081 19762
35098 14081 3780 14032
35099 14081 14032 19762
35100 14082 3781 14087
35101 14082 14087 19763
35102 14087 4559 14088
35103 14087 14088 19763
35104 14088 4557 14034
35105 14088 14034 19763
35106 14034 3796 14082
35107 14034 14082 19763
35108 14089 3754 14090
35109 14089 14090 19764
35110 14090 3755 14091
35111 14090 14091 19764
35112 14091 3752 12319
35113 14091 12319 19764
35114 12319 3751 14089
35115 12319 14089 19764
35116 12692 4518 14092
35117 12692 14092 19765
35118 14092 4517 14093
35119 14092 14093 19765
35120 14093 3999 14094
35121 14093 14094 19765
35122 14094 3996 12692
35123 14094 12692 19765
35124 14094 3999 14095
35125 14094 14095 19766
35126 14095 3754 14089
35127 14095 14089 19766
35128 14089 3751 12806
35129 14089 12806 19766
35130 12806 3996 14094
35131 12806 14094 19766
35132 14096 3998 14097
35133 14096 14097 19767
35134 14097 4517 14092
35135 14097 14092 19767
35136 14092 4518 13989
35137 14092 13989 19767
35138 13989 3997 14096
35139 13989 14096 19767
35140 14096 3997 14016
35141 14096 14016 19768
35142 14016 4550 14036
35143 14016 14036 19768
35144 14036 4551 14098
35145 14036 14098 19768
35146 14098 3998 14096
35147 14098 14096 19768
35148 14099 3766 14041
35149 14099 14041 19769
35150 14041 3767 14100
35151 14041 14100 19769
35152 14100 4553 14101
35153 14100 14101 19769
35154 14101 4554 14099
35155 14101 14099 19769
35156 14102 4556 14103
35157 14102 14103 19770
35158 14103 4516 14104
35159 14103 14104 19770
35160 14104 4515 14038
35161 14104 14038 19770
35162 14038 3727 14102
35163 14038 14102 19770
35164 14105 4561 14106
35165 14105 14106 19771
35166 14106 4521 14107
35167 14106 14107 19771
35168 14107 4516 14103
35169 14107 14103 19771
35170 14103 4556 14105
35171 14103 14105 19771
35172 14102 3727 14043
35173 14102 14043 19772
35174 14043 3766 14099
35175 14043 14099 19772
35176 14099 4554 14108
35177 14099 14108 19772
35178 14108 4556 14102
35179 14108 14102 19772
35180 14105 4556 14108
35181 14105 14108 19773
35182 14108 4554 14109
35183 14108 14109 19773
35184 14109 4562 14110
35185 14109 14110 19773
35186 14110 4561 14105
35187 14110 14105 19773
35188 14109 4554 14101
35189 14109 14101 19774
35190 14101 4553 14111
35191 14101 14111 19774
35192 14111 4560 14112
35193 14111 14112 19774
35194 14112 4562 14109
35195 14112 14109 19774
35196 14106 4561 14113
35197 14106 14113 19775
35198 14113 3999 14093
35199 14113 14093 19775
35200 14093 4517 14114
35201 14093 14114 19775
35202 14114 4521 14106
35203 14114 14106 19775
35204 14056 3725 14055
35205 14056 14055 19776
35206 14055 4515 14104
35207 14055 14104 19776
35208 14104 4516 14115
35209 14104 14115 19776
35210 14115 4043 14056
35211 14115 14056 19776
35212 14114 4517 14097
35213 14114 14097 19777
35214 14097 3998 14116
35215 14097 14116 19777
35216 14116 4044 14117
35217 14116 14117 19777
35218 14117 4521 14114
35219 14117 14114 19777
35220 14118 4043 14115
35221 14118 14115 19778
35222 14115 4516 14107
35223 14115 14107 19778
35224 14107 4521 14117
35225 14107 14117 19778
35226 14117 4044 14118
35227 14117 14118 19778
35228 14098 4551 14073
35229 14098 14073 19779
35230 14073 4552 14119
35231 14073 14119 19779
35232 14119 4044 14116
35233 14119 14116 19779
35234 14116 3998 14098
35235 14116 14098 19779
35236 14119 4552 14075
35237 14119 14075 19780
35238 14075 4052 14066
35239 14075 14066 19780
35240 14066 4051 14120
35241 14066 14120 19780
35242 14120 4044 14119
35243 14120 14119 19780
35244 14118 4044 14120
35245 14118 14120 19781
35246 14120 4051 14065
35247 14120 14065 19781
35248 14065 4042 14057
35249 14065 14057 19781
35250 14057 4043 14118
35251 14057 14118 19781
35252 14121 3754 14095
35253 14121 14095 19782
35254 14095 3999 14113
35255 14095 14113 19782
35256 14113 4561 14110
35257 14113 14110 19782
35258 14110 4562 14121
35259 14110 14121 19782
35260 14122 3755 14090
35261 14122 14090 19783
35262 14090 3754 14121
35263 14090 14121 19783
35264 14121 4562 14112
35265 14121 14112 19783
35266 14112 4560 14122
35267 14112 14122 19783
35268 14087 3781 14076
35269 14087 14076 19784
35270 14076 4640 14123
35271 14076 14123 19784
35272 14123 4639 14083
35273 14123 14083 19784
35274 14083 4559 14087
35275 14083 14087 19784
35276 14124 3924 14125
35277 14124 14125 19785
35278 14125 3911 12819
35279 14125 12819 19785
35280 12819 3910 13857
35281 12819 13857 19785
35282 13857 3926 14124
35283 13857 14124 19785
35284 13860 4523 14126
35285 13860 14126 19786
35286 14126 4531 14127
35287 14126 14127 19786
35288 14127 4530 13870
35289 14127 13870 19786
35290 13870 4524 13860
35291 13870 13860 19786
35292 14124 3926 13872
35293 14124 13872 19787
35294 13872 4530 14127
35295 13872 14127 19787
35296 14127 4531 14128
35297 14127 14128 19787
35298 14128 3924 14124
35299 14128 14124 19787
35300 14129 3362 14130
35301 14129 14130 19788
35302 14130 3363 14131
35303 14130 14131 19788
35304 14131 3326 11653
35305 14131 11653 19788
35306 11653 3327 14129
35307 11653 14129 19788
35308 14129 3327 11655
35309 14129 11655 19789
35310 11655 3328 14132
35311 11655 14132 19789
35312 14132 3364 14133
35313 14132 14133 19789
35314 14133 3362 14129
35315 14133 14129 19789
35316 14134 3368 14135
35317 14134 14135 19790
35318 14135 3369 14136
35319 14135 14136 19790
35320 14136 3357 11694
35321 14136 11694 19790
35322 11694 3344 14134
35323 11694 14134 19790
35324 14131 3363 14137
35325 14131 14137 19791
35326 14137 3368 14134
35327 14137 14134 19791
35328 14134 3344 11679
35329 14134 11679 19791
35330 11679 3326 14131
35331 11679 14131 19791
35332 14138 3371 11715
35333 14138 11715 19792
35334 11715 3372 14139
35335 11715 14139 19792
35336 14139 3373 14140
35337 14139 14140 19792
35338 14140 3370 14138
35339 14140 14138 19792
35340 14141 3375 11850
35341 14141 11850 19793
35342 11850 3376 14142
35343 11850 14142 19793
35344 14142 3377 14143
35345 14142 14143 19793
35346 14143 3374 14141
35347 14143 14141 19793
35348 14141 3374 14144
35349 14141 14144 19794
35350 14144 3378 14145
35351 14144 14145 19794
35352 14145 3379 11848
35353 14145 11848 19794
35354 11848 3375 14141
35355 11848 14141 19794
35356 14146 3383 14147
35357 14146 14147 19795
35358 14147 3377 14142
35359 14147 14142 19795
35360 14142 3376 11852
35361 14142 11852 19795
35362 11852 3384 14146
35363 11852 14146 19795
35364 14148 3398 11744
35365 14148 11744 19796
35366 11744 3371 14138
35367 11744 14138 19796
35368 14138 3370 14149
35369 14138 14149 19796
35370 14149 3399 14148
35371 14149 14148 19796
35372 11869 663 9049
35373 11869 9049 19797
35374 9049 668 14150
35375 9049 14150 19797
35376 14150 3373 14139
35377 14150 14139 19797
35378 14139 3372 11869
35379 14139 11869 19797
35380 14148 3399 14151
35381 14148 14151 19798
35382 14151 3364 14132
35383 14151 14132 19798
35384 14132 3328 11746
35385 14132 11746 19798
35386 11746 3398 14148
35387 11746 14148 19798
35388 14152 3418 14153
35389 14152 14153 19799
35390 14153 3419 14154
35391 14153 14154 19799
35392 14154 3420 11842
35393 14154 11842 19799
35394 11842 3417 14152
35395 11842 14152 19799
35396 14155 3427 14156
35397 14155 14156 19800
35398 14156 3418 14152
35399 14156 14152 19800
35400 14152 3417 11844
35401 14152 11844 19800
35402 11844 3426 14155
35403 11844 14155 19800
35404 14145 3378 14157
35405 14145 14157 19801
35406 14157 3427 14155
35407 14157 14155 19801
35408 14155 3426 11846
35409 14155 11846 19801
35410 11846 3379 14145
35411 11846 14145 19801
35412 14158 3434 14159
35413 14158 14159 19802
35414 14159 3435 14160
35415 14159 14160 19802
35416 14160 3436 11837
35417 14160 11837 19802
35418 11837 3433 14158
35419 11837 14158 19802
35420 14161 664 9060
35421 14161 9060 19803
35422 9060 665 11857
35423 9060 11857 19803
35424 11857 3436 14160
35425 11857 14160 19803
35426 14160 3435 14161
35427 14160 14161 19803
35428 14158 3433 11840
35429 14158 11840 19804
35430 11840 3420 14154
35431 11840 14154 19804
35432 14154 3419 14162
35433 14154 14162 19804
35434 14162 3434 14158
35435 14162 14158 19804
35436 14163 3373 14150
35437 14163 14150 19805
35438 14150 668 9064
35439 14150 9064 19805
35440 9064 2018 14164
35441 9064 14164 19805
35442 14164 4563 14163
35443 14164 14163 19805
35444 14165 3370 14140
35445 14165 14140 19806
35446 14140 3373 14163
35447 14140 14163 19806
35448 14163 4563 14166
35449 14163 14166 19806
35450 14166 4564 14165
35451 14166 14165 19806
35452 14167 3399 14149
35453 14167 14149 19807
35454 14149 3370 14165
35455 14149 14165 19807
35456 14165 4564 14168
35457 14165 14168 19807
35458 14168 4565 14167
35459 14168 14167 19807
35460 14169 3364 14151
35461 14169 14151 19808
35462 14151 3399 14167
35463 14151 14167 19808
35464 14167 4565 14170
35465 14167 14170 19808
35466 14170 4566 14169
35467 14170 14169 19808
35468 14171 3362 14133
35469 14171 14133 19809
35470 14133 3364 14169
35471 14133 14169 19809
35472 14169 4566 14172
35473 14169 14172 19809
35474 14172 4567 14171
35475 14172 14171 19809
35476 14173 3363 14130
35477 14173 14130 19810
35478 14130 3362 14171
35479 14130 14171 19810
35480 14171 4567 14174
35481 14171 14174 19810
35482 14174 4568 14173
35483 14174 14173 19810
35484 14175 3368 14137
35485 14175 14137 19811
35486 14137 3363 14173
35487 14137 14173 19811
35488 14173 4568 14176
35489 14173 14176 19811
35490 14176 4569 14175
35491 14176 14175 19811
35492 14177 3369 14135
35493 14177 14135 19812
35494 14135 3368 14175
35495 14135 14175 19812
35496 14175 4569 14178
35497 14175 14178 19812
35498 14178 4570 14177
35499 14178 14177 19812
35500 14179 3494 12214
35501 14179 12214 19813
35502 12214 3671 13750
35503 12214 13750 19813
35504 13750 3672 14180
35505 13750 14180 19813
35506 14180 3495 14179
35507 14180 14179 19813
35508 13757 3647 13741
35509 13757 13741 19814
35510 13741 3496 14181
35511 13741 14181 19814
35512 14181 4463 14182
35513 14181 14182 19814
35514 14182 4464 13757
35515 14182 13757 19814
35516 14183 3495 14180
35517 14183 14180 19815
35518 14180 3672 13808
35519 14180 13808 19815
35520 13808 4464 14182
35521 13808 14182 19815
35522 14182 4463 14183
35523 14182 14183 19815
35524 14184 3374 14143
35525 14184 14143 19816
35526 14143 3377 14185
35527 14143 14185 19816
35528 14185 4570 14178
35529 14185 14178 19816
35530 14178 4569 14184
35531 14178 14184 19816
35532 14186 3378 14144
35533 14186 14144 19817
35534 14144 3374 14184
35535 14144 14184 19817
35536 14184 4569 14176
35537 14184 14176 19817
35538 14176 4568 14186
35539 14176 14186 19817
35540 14187 3427 14157
35541 14187 14157 19818
35542 14157 3378 14186
35543 14157 14186 19818
35544 14186 4568 14174
35545 14186 14174 19818
35546 14174 4567 14187
35547 14174 14187 19818
35548 14188 3418 14156
35549 14188 14156 19819
35550 14156 3427 14187
35551 14156 14187 19819
35552 14187 4567 14172
35553 14187 14172 19819
35554 14172 4566 14188
35555 14172 14188 19819
35556 14189 3419 14153
35557 14189 14153 19820
35558 14153 3418 14188
35559 14153 14188 19820
35560 14188 4566 14170
35561 14188 14170 19820
35562 14170 4565 14189
35563 14170 14189 19820
35564 14190 3434 14162
35565 14190 14162 19821
35566 14162 3419 14189
35567 14162 14189 19821
35568 14189 4565 14168
35569 14189 14168 19821
35570 14168 4564 14190
35571 14168 14190 19821
35572 14191 3435 14159
35573 14191 14159 19822
35574 14159 3434 14190
35575 14159 14190 19822
35576 14190 4564 14166
35577 14190 14166 19822
35578 14166 4563 14191
35579 14166 14191 19822
35580 9093 664 14161
35581 9093 14161 19823
35582 14161 3435 14191
35583 14161 14191 19823
35584 14191 4563 14164
35585 14191 14164 19823
35586 14164 2018 9093
35587 14164 9093 19823
35588 14192 3382 14193
35589 14192 14193 19824
35590 14193 3354 14194
35591 14193 14194 19824
35592 14194 3351 11688
35593 14194 11688 19824
35594 11688 3352 14192
35595 11688 14192 19824
35596 14146 3384 11854
35597 14146 11854 19825
35598 11854 3348 14195
35599 11854 14195 19825
35600 14195 3347 14196
35601 14195 14196 19825
35602 14196 3383 14146
35603 14196 14146 19825
35604 14192 3352 11727
35605 14192 11727 19826
35606 11727 3357 14136
35607 11727 14136 19826
35608 14136 3369 14197
35609 14136 14197 19826
35610 14197 3382 14192
35611 14197 14192 19826
35612 14198 3382 14197
35613 14198 14197 19827
35614 14197 3369 14177
35615 14197 14177 19827
35616 14177 4570 14199
35617 14177 14199 19827
35618 14199 4571 14198
35619 14199 14198 19827
35620 14200 3354 14193
35621 14200 14193 19828
35622 14193 3382 14198
35623 14193 14198 19828
35624 14198 4571 14201
35625 14198 14201 19828
35626 14201 4572 14200
35627 14201 14200 19828
35628 14202 3346 14203
35629 14202 14203 19829
35630 14203 3347 14195
35631 14203 14195 19829
35632 14195 3348 11856
35633 14195 11856 19829
35634 11856 3345 14202
35635 11856 14202 19829
35636 14204 3350 11686
35637 14204 11686 19830
35638 11686 3351 14194
35639 11686 14194 19830
35640 14194 3354 14205
35641 14194 14205 19830
35642 14205 3353 14204
35643 14205 14204 19830
35644 14206 3347 14203
35645 14206 14203 19831
35646 14203 3346 14207
35647 14203 14207 19831
35648 14207 4573 14208
35649 14207 14208 19831
35650 14208 4572 14206
35651 14208 14206 19831
35652 14209 3476 14210
35653 14209 14210 19832
35654 14210 3461 11886
35655 14210 11886 19832
35656 11886 3350 14204
35657 11886 14204 19832
35658 14204 3353 14209
35659 14204 14209 19832
35660 14202 3345 11968
35661 14202 11968 19833
35662 11968 3481 14211
35663 11968 14211 19833
35664 14211 3482 14212
35665 14211 14212 19833
35666 14212 3346 14202
35667 14212 14202 19833
35668 14211 3481 11970
35669 14211 11970 19834
35670 11970 3494 14179
35671 11970 14179 19834
35672 14179 3495 14213
35673 14179 14213 19834
35674 14213 3482 14211
35675 14213 14211 19834
35676 14210 3476 14214
35677 14210 14214 19835
35678 14214 3496 13740
35679 14214 13740 19835
35680 13740 3497 11943
35681 13740 11943 19835
35682 11943 3461 14210
35683 11943 14210 19835
35684 14215 4573 14216
35685 14215 14216 19836
35686 14216 4462 14217
35687 14216 14217 19836
35688 14217 3476 14209
35689 14217 14209 19836
35690 14209 3353 14215
35691 14209 14215 19836
35692 14214 3476 14217
35693 14214 14217 19837
35694 14217 4462 14218
35695 14217 14218 19837
35696 14218 4463 14181
35697 14218 14181 19837
35698 14181 3496 14214
35699 14181 14214 19837
35700 14219 3482 14213
35701 14219 14213 19838
35702 14213 3495 14183
35703 14213 14183 19838
35704 14183 4463 14218
35705 14183 14218 19838
35706 14218 4462 14219
35707 14218 14219 19838
35708 14207 3346 14212
35709 14207 14212 19839
35710 14212 3482 14219
35711 14212 14219 19839
35712 14219 4462 14216
35713 14219 14216 19839
35714 14216 4573 14207
35715 14216 14207 19839
35716 14220 3383 14196
35717 14220 14196 19840
35718 14196 3347 14206
35719 14196 14206 19840
35720 14206 4572 14201
35721 14206 14201 19840
35722 14201 4571 14220
35723 14201 14220 19840
35724 14185 3377 14147
35725 14185 14147 19841
35726 14147 3383 14220
35727 14147 14220 19841
35728 14220 4571 14199
35729 14220 14199 19841
35730 14199 4570 14185
35731 14199 14185 19841
35732 14215 3353 14205
35733 14215 14205 19842
35734 14205 3354 14200
35735 14205 14200 19842
35736 14200 4572 14208
35737 14200 14208 19842
35738 14208 4573 14215
35739 14208 14215 19842
35740 14074 4574 14071
35741 14074 14071 19843
35742 14071 4575 14221
35743 14071 14221 19843
35744 14221 4050 14067
35745 14221 14067 19843
35746 14067 4052 14074
35747 14067 14074 19843
35748 14221 4575 14061
35749 14221 14061 19844
35750 14061 4576 14222
35751 14061 14222 19844
35752 14222 4037 14063
35753 14222 14063 19844
35754 14063 4050 14221
35755 14063 14221 19844
35756 14222 4576 12749
35757 14222 12749 19845
35758 12749 4577 14223
35759 12749 14223 19845
35760 14223 4035 12768
35761 14223 12768 19845
35762 12768 4037 14222
35763 12768 14222 19845
35764 14223 4577 12744
35765 14223 12744 19846
35766 12744 4578 14224
35767 12744 14224 19846
35768 14224 4034 12766
35769 14224 12766 19846
35770 12766 4035 14223
35771 12766 14223 19846
35772 14224 4578 12742
35773 14224 12742 19847
35774 12742 4579 14225
35775 12742 14225 19847
35776 14225 4031 12764
35777 14225 12764 19847
35778 12764 4034 14224
35779 12764 14224 19847
35780 14225 4579 12735
35781 14225 12735 19848
35782 12735 4580 14226
35783 12735 14226 19848
35784 14226 4025 12761
35785 14226 12761 19848
35786 12761 4031 14225
35787 12761 14225 19848
35788 11600 3292 11624
35789 11600 11624 19849
35790 11624 2669 10542
35791 11624 10542 19849
35792 10542 2670 14227
35793 10542 14227 19849
35794 14227 3291 11600
35795 14227 11600 19849
35796 12734 3293 11601
35797 12734 11601 19850
35798 11601 3291 14228
35799 11601 14228 19850
35800 14228 4581 14229
35801 14228 14229 19850
35802 14229 4580 12734
35803 14229 12734 19850
35804 14228 3291 14227
35805 14228 14227 19851
35806 14227 2670 10554
35807 14227 10554 19851
35808 10554 2808 14230
35809 10554 14230 19851
35810 14230 4581 14228
35811 14230 14228 19851
35812 14231 4026 14232
35813 14231 14232 19852
35814 14232 2738 10561
35815 14232 10561 19852
35816 10561 2742 12759
35817 10561 12759 19852
35818 12759 4027 14231
35819 12759 14231 19852
35820 12762 4025 14233
35821 12762 14233 19853
35822 14233 4026 14231
35823 14233 14231 19853
35824 14231 4027 12730
35825 14231 12730 19853
35826 12730 4028 12762
35827 12730 12762 19853
35828 14226 4580 14229
35829 14226 14229 19854
35830 14229 4581 14234
35831 14229 14234 19854
35832 14234 4026 14233
35833 14234 14233 19854
35834 14233 4025 14226
35835 14233 14226 19854
35836 14234 4581 14230
35837 14234 14230 19855
35838 14230 2808 10579
35839 14230 10579 19855
35840 10579 2738 14232
35841 10579 14232 19855
35842 14232 4026 14234
35843 14232 14234 19855
35844 13849 3942 14235
35845 13849 14235 19856
35846 14235 3940 14236
35847 14235 14236 19856
35848 14236 3895 14237
35849 14236 14237 19856
35850 14237 3945 13849
35851 14237 13849 19856
35852 14237 3895 14238
35853 14237 14238 19857
35854 14238 4522 14239
35855 14238 14239 19857
35856 14239 4523 13859
35857 14239 13859 19857
35858 13859 3945 14237
35859 13859 14237 19857
35860 13848 3950 13836
35861 13848 13836 19858
35862 13836 4017 14240
35863 13836 14240 19858
35864 14240 3934 14241
35865 14240 14241 19858
35866 14241 3942 13848
35867 14241 13848 19858
35868 14242 4480 14243
35869 14242 14243 19859
35870 14243 4500 13901
35871 14243 13901 19859
35872 13901 4499 13810
35873 13901 13810 19859
35874 13810 4009 14242
35875 13810 14242 19859
35876 14244 4485 14245
35877 14244 14245 19860
35878 14245 4501 13904
35879 14245 13904 19860
35880 13904 4500 14243
35881 13904 14243 19860
35882 14243 4480 14244
35883 14243 14244 19860
35884 13839 4502 13909
35885 13839 13909 19861
35886 13909 4501 14245
35887 13909 14245 19861
35888 14245 4485 14246
35889 14245 14246 19861
35890 14246 4017 13839
35891 14246 13839 19861
35892 14247 4424 14248
35893 14247 14248 19862
35894 14248 4009 13809
35895 14248 13809 19862
35896 13809 3966 12817
35897 13809 12817 19862
35898 12817 3735 14247
35899 12817 14247 19862
35900 14249 4479 14250
35901 14249 14250 19863
35902 14250 4480 14242
35903 14250 14242 19863
35904 14242 4009 14248
35905 14242 14248 19863
35906 14248 4424 14249
35907 14248 14249 19863
35908 14251 4483 14252
35909 14251 14252 19864
35910 14252 4485 14244
35911 14252 14244 19864
35912 14244 4480 14250
35913 14244 14250 19864
35914 14250 4479 14251
35915 14250 14251 19864
35916 14240 4017 14246
35917 14240 14246 19865
35918 14246 4485 14252
35919 14246 14252 19865
35920 14252 4483 14253
35921 14252 14253 19865
35922 14253 3934 14240
35923 14253 14240 19865
35924 14254 3933 14255
35925 14254 14255 19866
35926 14255 3940 14235
35927 14255 14235 19866
35928 14235 3942 14241
35929 14235 14241 19866
35930 14241 3934 14254
35931 14241 14254 19866
35932 12305 3736 14256
35933 12305 14256 19867
35934 14256 3737 14257
35935 14256 14257 19867
35936 14257 4424 14247
35937 14257 14247 19867
35938 14247 3735 12305
35939 14247 12305 19867
35940 14258 3939 14259
35941 14258 14259 19868
35942 14259 3784 14260
35943 14259 14260 19868
35944 14260 4658 14261
35945 14260 14261 19868
35946 14261 4657 14258
35947 14261 14258 19868
35948 14262 3894 14263
35949 14262 14263 19869
35950 14263 3896 12581
35951 14263 12581 19869
35952 12581 3911 14125
35953 12581 14125 19869
35954 14125 3924 14262
35955 14125 14262 19869
35956 14239 4522 14264
35957 14239 14264 19870
35958 14264 4527 14265
35959 14264 14265 19870
35960 14265 4531 14126
35961 14265 14126 19870
35962 14126 4523 14239
35963 14126 14239 19870
35964 14262 3924 14128
35965 14262 14128 19871
35966 14128 4531 14265
35967 14128 14265 19871
35968 14265 4527 14266
35969 14265 14266 19871
35970 14266 3894 14262
35971 14266 14262 19871
35972 14260 3784 14267
35973 14260 14267 19872
35974 14267 4584 14268
35975 14267 14268 19872
35976 14268 4659 14269
35977 14268 14269 19872
35978 14269 4658 14260
35979 14269 14260 19872
35980 14270 4433 14271
35981 14270 14271 19873
35982 14271 4434 14272
35983 14271 14272 19873
35984 14272 4437 14273
35985 14272 14273 19873
35986 14273 4436 14270
35987 14273 14270 19873
35988 13715 4438 14274
35989 13715 14274 19874
35990 14274 4437 14272
35991 14274 14272 19874
35992 14272 4434 13712
35993 14272 13712 19874
35994 13712 4435 13715
35995 13712 13715 19874
35996 14275 3784 14259
35997 14275 14259 19875
35998 14259 3939 14276
35999 14259 14276 19875
36000 14276 4433 14270
36001 14276 14270 19875
36002 14270 4436 14275
36003 14270 14275 19875
36004 14277 3783 14278
36005 14277 14278 19876
36006 14278 3898 12560
36007 14278 12560 19876
36008 12560 4628 14279
36009 12560 14279 19876
36010 14279 4627 14277
36011 14279 14277 19876
36012 14278 3783 14280
36013 14278 14280 19877
36014 14280 3900 13698
36015 14280 13698 19877
36016 13698 3899 12556
36017 13698 12556 19877
36018 12556 3898 14278
36019 12556 14278 19877
36020 14274 4438 13702
36021 14274 13702 19878
36022 13702 3900 14280
36023 13702 14280 19878
36024 14280 3783 14281
36025 14280 14281 19878
36026 14281 4437 14274
36027 14281 14274 19878
36028 14282 4585 14283
36029 14282 14283 19879
36030 14283 3783 14277
36031 14283 14277 19879
36032 14277 4627 14284
36033 14277 14284 19879
36034 14284 4660 14282
36035 14284 14282 19879
36036 14285 4585 14282
36037 14285 14282 19880
36038 14282 4660 14286
36039 14282 14286 19880
36040 14286 4659 14268
36041 14286 14268 19880
36042 14268 4584 14285
36043 14268 14285 19880
36044 14283 4585 14285
36045 14283 14285 19881
36046 14285 4584 14267
36047 14285 14267 19881
36048 14267 3784 14287
36049 14267 14287 19881
36050 14287 3783 14283
36051 14287 14283 19881
36052 14275 4436 14273
36053 14275 14273 19882
36054 14273 4437 14281
36055 14273 14281 19882
36056 14281 3783 14287
36057 14281 14287 19882
36058 14287 3784 14275
36059 14287 14275 19882
36060 14257 3737 14288
36061 14257 14288 19883
36062 14288 4583 14289
36063 14288 14289 19883
36064 14289 4479 14249
36065 14289 14249 19883
36066 14249 4424 14257
36067 14249 14257 19883
36068 14254 3934 14253
36069 14254 14253 19884
36070 14253 4483 14290
36071 14253 14290 19884
36072 14290 4582 14291
36073 14290 14291 19884
36074 14291 3933 14254
36075 14291 14254 19884
36076 14290 4483 14251
36077 14290 14251 19885
36078 14251 4479 14289
36079 14251 14289 19885
36080 14289 4583 14292
36081 14289 14292 19885
36082 14292 4582 14290
36083 14292 14290 19885
36084 14293 4587 14294
36085 14293 14294 19886
36086 14294 4586 14295
36087 14294 14295 19886
36088 14295 4655 14296
36089 14295 14296 19886
36090 14296 4654 14293
36091 14296 14293 19886
36092 14297 3937 14298
36093 14297 14298 19887
36094 14298 3939 14258
36095 14298 14258 19887
36096 14258 4657 14299
36097 14258 14299 19887
36098 14299 4656 14297
36099 14299 14297 19887
36100 13566 3777 13683
36101 13566 13683 19888
36102 13683 4426 14300
36103 13683 14300 19888
36104 14300 4425 14301
36105 14300 14301 19888
36106 14301 3772 13566
36107 14301 13566 19888
36108 14302 3938 14303
36109 14302 14303 19889
36110 14303 4425 14300
36111 14303 14300 19889
36112 14300 4426 13691
36113 14300 13691 19889
36114 13691 3941 14302
36115 13691 14302 19889
36116 14304 3938 14302
36117 14304 14302 19890
36118 14302 3941 13713
36119 14302 13713 19890
36120 13713 4434 14271
36121 13713 14271 19890
36122 14271 4433 14304
36123 14271 14304 19890
36124 14301 4425 14305
36125 14301 14305 19891
36126 14305 3770 14306
36127 14305 14306 19891
36128 14306 3771 13567
36129 14306 13567 19891
36130 13567 3772 14301
36131 13567 14301 19891
36132 14307 4586 14294
36133 14307 14294 19892
36134 14294 4587 14308
36135 14294 14308 19892
36136 14308 3770 14309
36137 14308 14309 19892
36138 14309 3937 14307
36139 14309 14307 19892
36140 14276 3939 14298
36141 14276 14298 19893
36142 14298 3937 14310
36143 14298 14310 19893
36144 14310 3938 14304
36145 14310 14304 19893
36146 14304 4433 14276
36147 14304 14276 19893
36148 14311 4653 14312
36149 14311 14312 19894
36150 14312 4652 12371
36151 14312 12371 19894
36152 12371 3771 14306
36153 12371 14306 19894
36154 14306 3770 14311
36155 14306 14311 19894
36156 14308 4587 14293
36157 14308 14293 19895
36158 14293 4654 14313
36159 14293 14313 19895
36160 14313 4653 14311
36161 14313 14311 19895
36162 14311 3770 14308
36163 14311 14308 19895
36164 14295 4586 14307
36165 14295 14307 19896
36166 14307 3937 14297
36167 14307 14297 19896
36168 14297 4656 14314
36169 14297 14314 19896
36170 14314 4655 14295
36171 14314 14295 19896
36172 14305 4425 14303
36173 14305 14303 19897
36174 14303 3938 14310
36175 14303 14310 19897
36176 14310 3937 14309
36177 14310 14309 19897
36178 14309 3770 14305
36179 14309 14305 19897
36180 14028 4374 14033
36181 14028 14033 19898
36182 14033 4558 14027
36183 14033 14027 19898
36184 14027 4449 13671
36185 14027 13671 19898
36186 13671 4394 14028
36187 13671 14028 19898
36188 14085 4555 14086
36189 14085 14086 19899
36190 14086 4557 14088
36191 14086 14088 19899
36192 14088 4559 14085
36193 14088 14085 19899
36194 12051 4588 14315
36195 12051 14315 19900
36196 14315 3577 12431
36197 14315 12431 19900
36198 12431 691 9217
36199 12431 9217 19900
36200 9217 2044 12051
36201 9217 12051 19900
36202 12489 3577 14315
36203 12489 14315 19901
36204 14315 4588 12486
36205 14315 12486 19901
36206 12486 4589 14316
36207 12486 14316 19901
36208 14316 3858 12489
36209 14316 12489 19901
36210 12512 3858 14316
36211 12512 14316 19902
36212 14316 4589 12508
36213 14316 12508 19902
36214 12508 4590 14317
36215 12508 14317 19902
36216 14317 3868 12512
36217 14317 12512 19902
36218 14318 3863 12525
36219 14318 12525 19903
36220 12525 3868 14317
36221 12525 14317 19903
36222 14317 4590 12527
36223 14317 12527 19903
36224 12527 4591 14318
36225 12527 14318 19903
36226 12502 3863 14318
36227 12502 14318 19904
36228 14318 4591 12517
36229 14318 12517 19904
36230 12517 4592 14319
36231 12517 14319 19904
36232 14319 3542 12502
36233 14319 12502 19904
36234 13248 3542 14319
36235 13248 14319 19905
36236 14319 4592 13263
36237 14319 13263 19905
36238 13263 4593 14320
36239 13263 14320 19905
36240 14320 3543 13248
36241 14320 13248 19905
36242 13279 3543 14320
36243 13279 14320 19906
36244 14320 4593 13277
36245 14320 13277 19906
36246 13277 4594 14321
36247 13277 14321 19906
36248 14321 4307 13279
36249 14321 13279 19906
36250 14322 3580 13251
36251 14322 13251 19907
36252 13251 4307 14321
36253 13251 14321 19907
36254 14321 4594 13268
36255 14321 13268 19907
36256 13268 4595 14322
36257 13268 14322 19907
36258 14323 3850 13274
36259 14323 13274 19908
36260 13274 3580 14322
36261 13274 14322 19908
36262 14322 4595 13276
36263 14322 13276 19908
36264 13276 4596 14323
36265 13276 14323 19908
36266 14323 4596 12472
36267 14323 12472 19909
36268 12472 4597 14324
36269 12472 14324 19909
36270 14324 3848 12468
36271 14324 12468 19909
36272 12468 3850 14323
36273 12468 14323 19909
36274 14324 4597 12466
36275 14324 12466 19910
36276 12466 4598 14325
36277 12466 14325 19910
36278 14325 3540 12463
36279 14325 12463 19910
36280 12463 3848 14324
36281 12463 14324 19910
36282 14325 4598 12048
36283 14325 12048 19911
36284 12048 4599 14326
36285 12048 14326 19911
36286 14326 3537 12007
36287 14326 12007 19911
36288 12007 3540 14325
36289 12007 14325 19911
36290 14326 4599 14327
36291 14326 14327 19912
36292 14327 4600 14328
36293 14327 14328 19912
36294 14328 3529 12010
36295 14328 12010 19912
36296 12010 3537 14326
36297 12010 14326 19912
36298 14328 4600 14329
36299 14328 14329 19913
36300 14329 4601 14330
36301 14329 14330 19913
36302 14330 3532 12095
36303 14330 12095 19913
36304 12095 3529 14328
36305 12095 14328 19913
36306 14330 4601 12789
36307 14330 12789 19914
36308 12789 4602 14331
36309 12789 14331 19914
36310 14331 3559 12791
36311 14331 12791 19914
36312 12791 3532 14330
36313 12791 14330 19914
36314 14332 3547 14333
36315 14332 14333 19915
36316 14333 3549 14334
36317 14333 14334 19915
36318 14334 4603 12015
36319 14334 12015 19915
36320 12015 4604 14332
36321 12015 14332 19915
36322 14335 3546 12183
36323 14335 12183 19916
36324 12183 3547 14332
36325 12183 14332 19916
36326 14332 4604 12012
36327 14332 12012 19916
36328 12012 4605 14335
36329 12012 14335 19916
36330 14335 4605 12154
36331 14335 12154 19917
36332 12154 4606 14336
36333 12154 14336 19917
36334 14336 3488 12101
36335 14336 12101 19917
36336 12101 3546 14335
36337 12101 14335 19917
36338 14336 4606 11933
36339 14336 11933 19918
36340 11933 4607 14337
36341 11933 14337 19918
36342 14337 3457 11930
36343 14337 11930 19918
36344 11930 3488 14336
36345 11930 14336 19918
36346 14338 3342 11880
36347 14338 11880 19919
36348 11880 3457 14337
36349 11880 14337 19919
36350 14337 4607 11912
36351 14337 11912 19919
36352 11912 4608 14338
36353 11912 14338 19919
36354 14339 3340 11673
36355 14339 11673 19920
36356 11673 3342 14338
36357 11673 14338 19920
36358 14338 4608 11696
36359 14338 11696 19920
36360 11696 4609 14339
36361 11696 14339 19920
36362 14340 3356 11691
36363 14340 11691 19921
36364 11691 3340 14339
36365 11691 14339 19921
36366 14339 4609 11700
36367 14339 11700 19921
36368 11700 4610 14340
36369 11700 14340 19921
36370 14340 4610 11703
36371 14340 11703 19922
36372 11703 4611 14341
36373 11703 14341 19922
36374 14341 3338 11704
36375 14341 11704 19922
36376 11704 3356 14340
36377 11704 14340 19922
36378 14341 4611 11669
36379 14341 11669 19923
36380 11669 4612 14342
36381 11669 14342 19923
36382 14342 3336 11678
36383 14342 11678 19923
36384 11678 3338 14341
36385 11678 14341 19923
36386 14343 3325 11675
36387 14343 11675 19924
36388 11675 3336 14342
36389 11675 14342 19924
36390 14342 4612 11664
36391 14342 11664 19924
36392 11664 4613 14343
36393 11664 14343 19924
36394 14343 4613 11683
36395 14343 11683 19925
36396 11683 4614 14344
36397 11683 14344 19925
36398 14344 3323 11650
36399 14344 11650 19925
36400 11650 3325 14343
36401 11650 14343 19925
36402 14345 3324 11647
36403 14345 11647 19926
36404 11647 3323 14344
36405 11647 14344 19926
36406 14344 4614 11803
36407 14344 11803 19926
36408 11803 4615 14345
36409 11803 14345 19926
36410 14346 3407 11860
36411 14346 11860 19927
36412 11860 3324 14345
36413 11860 14345 19927
36414 14345 4615 11863
36415 14345 11863 19927
36416 11863 4616 14346
36417 11863 14346 19927
36418 14347 3404 11758
36419 14347 11758 19928
36420 11758 3407 14346
36421 11758 14346 19928
36422 14346 4616 11755
36423 14346 11755 19928
36424 11755 4617 14347
36425 11755 14347 19928
36426 14347 4617 11754
36427 14347 11754 19929
36428 11754 4618 14348
36429 11754 14348 19929
36430 14348 3406 11760
36431 14348 11760 19929
36432 11760 3404 14347
36433 11760 14347 19929
36434 9252 671 11782
36435 9252 11782 19930
36436 11782 3406 14348
36437 11782 14348 19930
36438 14348 4618 11873
36439 14348 11873 19930
36440 11873 2076 9252
36441 11873 9252 19930
36442 12035 4620 14349
36443 12035 14349 19931
36444 14349 4624 14350
36445 14349 14350 19931
36446 14350 4623 14351
36447 14350 14351 19931
36448 14351 4619 12035
36449 14351 12035 19931
36450 14352 4624 14349
36451 14352 14349 19932
36452 14349 4620 12247
36453 14349 12247 19932
36454 12247 4621 14353
36455 12247 14353 19932
36456 14353 4625 14352
36457 14353 14352 19932
36458 14354 4625 14353
36459 14354 14353 19933
36460 14353 4621 11985
36461 14353 11985 19933
36462 11985 4622 14355
36463 11985 14355 19933
36464 14355 4626 14354
36465 14355 14354 19933
36466 14355 4622 12153
36467 14355 12153 19934
36468 12153 2081 9261
36469 12153 9261 19934
36470 9261 2086 14356
36471 9261 14356 19934
36472 14356 4626 14355
36473 14356 14355 19934
36474 12036 4619 14357
36475 12036 14357 19935
36476 14357 3547 12182
36477 14357 12182 19935
36478 12182 3679 12188
36479 12182 12188 19935
36480 12188 3560 12036
36481 12188 12036 19935
36482 14350 4624 14358
36483 14350 14358 19936
36484 14358 3562 12794
36485 14358 12794 19936
36486 12794 3563 14359
36487 12794 14359 19936
36488 14359 4623 14350
36489 14359 14350 19936
36490 12795 3562 14358
36491 12795 14358 19937
36492 14358 4624 14352
36493 14358 14352 19937
36494 14352 4625 14360
36495 14352 14360 19937
36496 14360 3516 12795
36497 14360 12795 19937
36498 12797 3516 14360
36499 12797 14360 19938
36500 14360 4625 14354
36501 14360 14354 19938
36502 14354 4626 14361
36503 14354 14361 19938
36504 14361 3515 12797
36505 14361 12797 19938
36506 14361 4626 14356
36507 14361 14356 19939
36508 14356 2086 9267
36509 14356 9267 19939
36510 9267 705 12799
36511 9267 12799 19939
36512 12799 3515 14361
36513 12799 14361 19939
36514 14333 3547 14357
36515 14333 14357 19940
36516 14357 4619 14351
36517 14357 14351 19940
36518 14351 4623 14362
36519 14351 14362 19940
36520 14362 3549 14333
36521 14362 14333 19940
36522 14363 3549 14362
36523 14363 14362 19941
36524 14362 4623 14359
36525 14362 14359 19941
36526 14359 3563 12792
36527 14359 12792 19941
36528 12792 3559 14363
36529 12792 14363 19941
36530 12032 4603 14334
36531 12032 14334 19942
36532 14334 3549 14363
36533 14334 14363 19942
36534 14363 3559 14331
36535 14363 14331 19942
36536 14331 4602 12032
36537 14331 12032 19942
36538 12635 3530 14364
36539 12635 14364 19943
36540 14364 4600 14327
36541 14364 14327 19943
36542 14327 4599 12047
36543 14327 12047 19943
36544 12047 3574 12635
36545 12047 12635 19943
36546 14329 4600 14364
36547 14329 14364 19944
36548 14364 3530 12038
36549 14364 12038 19944
36550 12038 3531 12788
36551 12038 12788 19944
36552 12788 4601 14329
36553 12788 14329 19944
36554 14365 4627 14279
36555 14365 14279 19945
36556 14279 4628 14366
36557 14279 14366 19945
36558 14366 3896 14263
36559 14366 14263 19945
36560 14263 3894 14365
36561 14263 14365 19945
36562 12579 3896 14366
36563 12579 14366 19946
36564 14366 4628 12559
36565 14366 12559 19946
36566 12559 4629 14367
36567 12559 14367 19946
36568 14367 3882 12579
36569 14367 12579 19946
36570 14367 4629 12553
36571 14367 12553 19947
36572 12553 4630 14368
36573 12553 14368 19947
36574 14368 3662 12532
36575 14368 12532 19947
36576 12532 3882 14367
36577 12532 14367 19947
36578 14368 4630 12347
36579 14368 12347 19948
36580 12347 4631 14369
36581 12347 14369 19948
36582 14369 3659 12174
36583 14369 12174 19948
36584 12174 3662 14368
36585 12174 14368 19948
36586 12776 3659 14369
36587 12776 14369 19949
36588 14369 4631 12775
36589 14369 12775 19949
36590 12775 4632 14370
36591 12775 14370 19949
36592 14370 3757 12776
36593 14370 12776 19949
36594 14370 4632 12376
36595 14370 12376 19950
36596 12376 4633 14371
36597 12376 14371 19950
36598 14371 3758 12323
36599 14371 12323 19950
36600 12323 3757 14370
36601 12323 14370 19950
36602 14371 4633 12388
36603 14371 12388 19951
36604 12388 4634 14372
36605 12388 14372 19951
36606 14372 3769 12334
36607 14372 12334 19951
36608 12334 3758 14371
36609 12334 14371 19951
36610 14372 4634 12386
36611 14372 12386 19952
36612 12386 4635 14373
36613 12386 14373 19952
36614 14373 3762 12337
36615 14373 12337 19952
36616 12337 3769 14372
36617 12337 14372 19952
36618 14373 4635 12363
36619 14373 12363 19953
36620 12363 4636 14374
36621 12363 14374 19953
36622 14374 3763 12328
36623 14374 12328 19953
36624 12328 3762 14373
36625 12328 14373 19953
36626 14375 3767 14040
36627 14375 14040 19954
36628 14040 3763 14374
36629 14040 14374 19954
36630 14374 4636 14030
36631 14374 14030 19954
36632 14030 4637 14375
36633 14030 14375 19954
36634 14376 4553 14100
36635 14376 14100 19955
36636 14100 3767 14375
36637 14100 14375 19955
36638 14375 4637 14080
36639 14375 14080 19955
36640 14080 4638 14376
36641 14080 14376 19955
36642 14377 4560 14111
36643 14377 14111 19956
36644 14111 4553 14376
36645 14111 14376 19956
36646 14376 4638 14084
36647 14376 14084 19956
36648 14084 4639 14377
36649 14084 14377 19956
36650 14378 3755 14122
36651 14378 14122 19957
36652 14122 4560 14377
36653 14122 14377 19957
36654 14377 4639 14123
36655 14377 14123 19957
36656 14123 4640 14378
36657 14123 14378 19957
36658 14378 4640 14078
36659 14378 14078 19958
36660 14078 4641 14379
36661 14078 14379 19958
36662 14379 3752 14091
36663 14379 14091 19958
36664 14091 3755 14378
36665 14091 14378 19958
36666 14379 4641 12351
36667 14379 12351 19959
36668 12351 4642 14380
36669 12351 14380 19959
36670 14380 3753 12320
36671 14380 12320 19959
36672 12320 3752 14379
36673 12320 14379 19959
36674 14381 3765 12338
36675 14381 12338 19960
36676 12338 3753 14380
36677 12338 14380 19960
36678 14380 4642 12417
36679 14380 12417 19960
36680 12417 4643 14381
36681 12417 14381 19960
36682 14381 4643 12383
36683 14381 12383 19961
36684 12383 4644 14382
36685 12383 14382 19961
36686 14382 3749 12331
36687 14382 12331 19961
36688 12331 3765 14381
36689 12331 14381 19961
36690 14382 4644 12343
36691 14382 12343 19962
36692 12343 4645 14383
36693 12343 14383 19962
36694 14383 3747 12316
36695 14383 12316 19962
36696 12316 3749 14382
36697 12316 14382 19962
36698 14383 4645 12380
36699 14383 12380 19963
36700 12380 4646 14384
36701 12380 14384 19963
36702 14384 3733 12313
36703 14384 12313 19963
36704 12313 3747 14383
36705 12313 14383 19963
36706 14384 4646 12355
36707 14384 12355 19964
36708 12355 4647 14385
36709 12355 14385 19964
36710 14385 3734 12295
36711 14385 12295 19964
36712 12295 3733 14384
36713 12295 14384 19964
36714 14385 4647 12378
36715 14385 12378 19965
36716 12378 4648 14386
36717 12378 14386 19965
36718 14386 3745 12311
36719 14386 12311 19965
36720 12311 3734 14385
36721 12311 14385 19965
36722 14386 4648 12359
36723 14386 12359 19966
36724 12359 4649 14387
36725 12359 14387 19966
36726 14387 3743 12309
36727 14387 12309 19966
36728 12309 3745 14386
36729 12309 14386 19966
36730 14387 4649 12369
36731 14387 12369 19967
36732 12369 4650 14388
36733 12369 14388 19967
36734 14388 3739 12303
36735 14388 12303 19967
36736 12303 3743 14387
36737 12303 14387 19967
36738 14388 4650 12367
36739 14388 12367 19968
36740 12367 4651 14389
36741 12367 14389 19968
36742 14389 3740 12298
36743 14389 12298 19968
36744 12298 3739 14388
36745 12298 14388 19968
36746 14389 4651 12372
36747 14389 12372 19969
36748 12372 4652 14390
36749 12372 14390 19969
36750 14390 3736 12304
36751 14390 12304 19969
36752 12304 3740 14389
36753 12304 14389 19969
36754 14391 3737 14256
36755 14391 14256 19970
36756 14256 3736 14390
36757 14256 14390 19970
36758 14390 4652 14312
36759 14390 14312 19970
36760 14312 4653 14391
36761 14312 14391 19970
36762 14392 4583 14288
36763 14392 14288 19971
36764 14288 3737 14391
36765 14288 14391 19971
36766 14391 4653 14313
36767 14391 14313 19971
36768 14313 4654 14392
36769 14313 14392 19971
36770 14392 4654 14296
36771 14392 14296 19972
36772 14296 4655 14393
36773 14296 14393 19972
36774 14393 4582 14292
36775 14393 14292 19972
36776 14292 4583 14392
36777 14292 14392 19972
36778 14393 4655 14314
36779 14393 14314 19973
36780 14314 4656 14394
36781 14314 14394 19973
36782 14394 3933 14291
36783 14394 14291 19973
36784 14291 4582 14393
36785 14291 14393 19973
36786 14394 4656 14299
36787 14394 14299 19974
36788 14299 4657 14395
36789 14299 14395 19974
36790 14395 3940 14255
36791 14395 14255 19974
36792 14255 3933 14394
36793 14255 14394 19974
36794 14395 4657 14261
36795 14395 14261 19975
36796 14261 4658 14396
36797 14261 14396 19975
36798 14396 3895 14236
36799 14396 14236 19975
36800 14236 3940 14395
36801 14236 14395 19975
36802 14396 4658 14269
36803 14396 14269 19976
36804 14269 4659 14397
36805 14269 14397 19976
36806 14397 4522 14238
36807 14397 14238 19976
36808 14238 3895 14396
36809 14238 14396 19976
36810 14398 4527 14264
36811 14398 14264 19977
36812 14264 4522 14397
36813 14264 14397 19977
36814 14397 4659 14286
36815 14397 14286 19977
36816 14286 4660 14398
36817 14286 14398 19977
36818 14398 4660 14284
36819 14398 14284 19978
36820 14284 4627 14365
36821 14284 14365 19978
36822 14365 3894 14266
36823 14365 14266 19978
36824 14266 4527 14398
36825 14266 14398 19978
36826 14399 4663 14400
36827 14399 14400 19979
36828 14400 4662 14401
36829 14400 14401 19979
36830 14401 4661 14402
36831 14401 14402 19979
36832 14402 4664 14399
36833 14402 14399 19979
36834 14403 4668 14404
36835 14403 14404 19980
36836 14404 4667 14405
36837 14404 14405 19980
36838 14405 4666 14406
36839 14405 14406 19980
36840 14406 4665 14403
36841 14406 14403 19980
36842 14407 4670 14408
36843 14407 14408 19981
36844 14408 4668 14403
36845 14408 14403 19981
36846 14403 4665 14409
36847 14403 14409 19981
36848 14409 4669 14407
36849 14409 14407 19981
36850 14410 4673 14411
36851 14410 14411 19982
36852 14411 4672 14412
36853 14411 14412 19982
36854 14412 4671 14413
36855 14412 14413 19982
36856 14413 4674 14410
36857 14413 14410 19982
36858 14414 4678 14415
36859 14414 14415 19983
36860 14415 4677 14416
36861 14415 14416 19983
36862 14416 4676 14417
36863 14416 14417 19983
36864 14417 4675 14414
36865 14417 14414 19983
36866 14418 4681 14419
36867 14418 14419 19984
36868 14419 4680 14420
36869 14419 14420 19984
36870 14420 4679 14421
36871 14420 14421 19984
36872 14421 4682 14418
36873 14421 14418 19984
36874 14422 4682 14421
36875 14422 14421 19985
36876 14421 4679 14423
36877 14421 14423 19985
36878 14423 4683 14424
36879 14423 14424 19985
36880 14424 4684 14422
36881 14424 14422 19985
36882 14425 4684 14424
36883 14425 14424 19986
36884 14424 4683 14426
36885 14424 14426 19986
36886 14426 4676 14416
36887 14426 14416 19986
36888 14416 4677 14425
36889 14416 14425 19986
36890 14405 4667 14427
36891 14405 14427 19987
36892 14427 4686 14428
36893 14427 14428 19987
36894 14428 4685 14429
36895 14428 14429 19987
36896 14429 4666 14405
36897 14429 14405 19987
36898 14430 4678 14414
36899 14430 14414 19988
36900 14414 4675 14431
36901 14414 14431 19988
36902 14431 4685 14428
36903 14431 14428 19988
36904 14428 4686 14430
36905 14428 14430 19988
36906 9341 2122 14432
36907 9341 14432 19989
36908 14432 4688 14433
36909 14432 14433 19989
36910 14433 4687 14434
36911 14433 14434 19989
36912 14434 2121 9341
36913 14434 9341 19989
36914 14435 4690 14436
36915 14435 14436 19990
36916 14436 4680 14419
36917 14436 14419 19990
36918 14419 4681 14437
36919 14419 14437 19990
36920 14437 4689 14435
36921 14437 14435 19990
36922 14402 4661 14438
36923 14402 14438 19991
36924 14438 4690 14435
36925 14438 14435 19991
36926 14435 4689 14439
36927 14435 14439 19991
36928 14439 4664 14402
36929 14439 14402 19991
36930 14440 4694 14441
36931 14440 14441 19992
36932 14441 4693 14442
36933 14441 14442 19992
36934 14442 4692 14443
36935 14442 14443 19992
36936 14443 4691 14440
36937 14443 14440 19992
36938 14444 4692 14442
36939 14444 14442 19993
36940 14442 4693 14445
36941 14442 14445 19993
36942 14445 4695 14446
36943 14445 14446 19993
36944 14446 4696 14444
36945 14446 14444 19993
36946 14447 4700 14448
36947 14447 14448 19994
36948 14448 4699 14449
36949 14448 14449 19994
36950 14449 4698 14450
36951 14449 14450 19994
36952 14450 4697 14447
36953 14450 14447 19994
36954 14440 4691 14451
36955 14440 14451 19995
36956 14451 4698 14449
36957 14451 14449 19995
36958 14449 4699 14452
36959 14449 14452 19995
36960 14452 4694 14440
36961 14452 14440 19995
36962 14453 4704 14454
36963 14453 14454 19996
36964 14454 4703 14455
36965 14454 14455 19996
36966 14455 4702 14456
36967 14455 14456 19996
36968 14456 4701 14453
36969 14456 14453 19996
36970 14455 4703 14457
36971 14455 14457 19997
36972 14457 4706 14458
36973 14457 14458 19997
36974 14458 4705 14459
36975 14458 14459 19997
36976 14459 4702 14455
36977 14459 14455 19997
36978 14458 4706 14460
36979 14458 14460 19998
36980 14460 4696 14446
36981 14460 14446 19998
36982 14446 4695 14461
36983 14446 14461 19998
36984 14461 4705 14458
36985 14461 14458 19998
36986 14462 4687 14433
36987 14462 14433 19999
36988 14433 4688 14463
36989 14433 14463 19999
36990 14463 4707 14464
36991 14463 14464 19999
36992 14464 4708 14462
36993 14464 14462 19999
36994 14465 4710 14466
36995 14465 14466 20000
36996 14466 4709 14467
36997 14466 14467 20000
36998 14467 4700 14447
36999 14467 14447 20000
37000 14447 4697 14465
37001 14447 14465 20000
37002 14468 4712 14469
37003 14468 14469 20001
37004 14469 4711 14470
37005 14469 14470 20001
37006 14470 4708 14464
37007 14470 14464 20001
37008 14464 4707 14468
37009 14464 14468 20001
37010 14471 4714 14472
37011 14471 14472 20002
37012 14472 4709 14466
37013 14472 14466 20002
37014 14466 4710 14473
37015 14466 14473 20002
37016 14473 4713 14471
37017 14473 14471 20002
37018 14469 4712 14474
37019 14469 14474 20003
37020 14474 4714 14471
37021 14474 14471 20003
37022 14471 4713 14475
37023 14471 14475 20003
37024 14475 4711 14469
37025 14475 14469 20003
37026 14413 4671 14476
37027 14413 14476 20004
37028 14476 4716 14477
37029 14476 14477 20004
37030 14477 4715 14478
37031 14477 14478 20004
37032 14478 4674 14413
37033 14478 14413 20004
37034 14479 4720 14480
37035 14479 14480 20005
37036 14480 4719 14481
37037 14480 14481 20005
37038 14481 4718 14482
37039 14481 14482 20005
37040 14482 4717 14479
37041 14482 14479 20005
37042 14479 4717 14483
37043 14479 14483 20006
37044 14483 4722 14484
37045 14483 14484 20006
37046 14484 4721 14485
37047 14484 14485 20006
37048 14485 4720 14479
37049 14485 14479 20006
37050 14486 4726 14487
37051 14486 14487 20007
37052 14487 4725 14488
37053 14487 14488 20007
37054 14488 4724 14489
37055 14488 14489 20007
37056 14489 4723 14486
37057 14489 14486 20007
37058 14490 4728 14491
37059 14490 14491 20008
37060 14491 4662 14400
37061 14491 14400 20008
37062 14400 4663 14492
37063 14400 14492 20008
37064 14492 4727 14490
37065 14492 14490 20008
37066 14493 4728 14490
37067 14493 14490 20009
37068 14490 4727 14494
37069 14490 14494 20009
37070 14494 4729 14495
37071 14494 14495 20009
37072 14495 4730 14493
37073 14495 14493 20009
37074 14496 4732 14497
37075 14496 14497 20010
37076 14497 4731 14498
37077 14497 14498 20010
37078 14498 4730 14495
37079 14498 14495 20010
37080 14495 4729 14496
37081 14495 14496 20010
37082 14499 4734 14500
37083 14499 14500 20011
37084 14500 4733 14501
37085 14500 14501 20011
37086 14501 4726 14486
37087 14501 14486 20011
37088 14486 4723 14499
37089 14486 14499 20011
37090 14502 4731 14497
37091 14502 14497 20012
37092 14497 4732 14503
37093 14497 14503 20012
37094 14503 4733 14500
37095 14503 14500 20012
37096 14500 4734 14502
37097 14500 14502 20012
37098 14504 4704 14453
37099 14504 14453 20013
37100 14453 4701 14505
37101 14453 14505 20013
37102 14505 4672 14411
37103 14505 14411 20013
37104 14411 4673 14504
37105 14411 14504 20013
37106 14477 4716 14506
37107 14477 14506 20014
37108 14506 4721 14484
37109 14506 14484 20014
37110 14484 4722 14507
37111 14484 14507 20014
37112 14507 4715 14477
37113 14507 14477 20014
37114 14508 4736 14509
37115 14508 14509 20015
37116 14509 4735 14510
37117 14509 14510 20015
37118 14510 4718 14481
37119 14510 14481 20015
37120 14481 4719 14508
37121 14481 14508 20015
37122 14511 4735 14509
37123 14511 14509 20016
37124 14509 4736 14512
37125 14509 14512 20016
37126 14512 4670 14407
37127 14512 14407 20016
37128 14407 4669 14511
37129 14407 14511 20016
37130 14513 4743 14514
37131 14513 14514 20017
37132 14514 4663 14399
37133 14514 14399 20017
37134 14399 4664 14515
37135 14399 14515 20017
37136 14515 4737 14513
37137 14515 14513 20017
37138 14516 4744 14517
37139 14516 14517 20018
37140 14517 4743 14513
37141 14517 14513 20018
37142 14513 4737 14518
37143 14513 14518 20018
37144 14518 4739 14516
37145 14518 14516 20018
37146 14519 4745 14520
37147 14519 14520 20019
37148 14520 4744 14516
37149 14520 14516 20019
37150 14516 4739 14521
37151 14516 14521 20019
37152 14521 4738 14519
37153 14521 14519 20019
37154 14522 4745 14519
37155 14522 14519 20020
37156 14519 4738 14523
37157 14519 14523 20020
37158 14523 4742 14524
37159 14523 14524 20020
37160 14524 4746 14522
37161 14524 14522 20020
37162 14525 4747 14526
37163 14525 14526 20021
37164 14526 4746 14524
37165 14526 14524 20021
37166 14524 4742 14527
37167 14524 14527 20021
37168 14527 4748 14525
37169 14527 14525 20021
37170 14528 4748 14527
37171 14528 14527 20022
37172 14527 4742 14529
37173 14527 14529 20022
37174 14529 4740 14530
37175 14529 14530 20022
37176 14530 4749 14528
37177 14530 14528 20022
37178 14531 4750 14532
37179 14531 14532 20023
37180 14532 5132 14533
37181 14532 14533 20023
37182 14533 5131 14534
37183 14533 14534 20023
37184 14534 4741 14531
37185 14534 14531 20023
37186 14535 5126 14536
37187 14535 14536 20024
37188 14536 4750 14531
37189 14536 14531 20024
37190 14531 4741 14537
37191 14531 14537 20024
37192 14537 5127 14535
37193 14537 14535 20024
37194 14538 4753 14539
37195 14538 14539 20025
37196 14539 4754 14540
37197 14539 14540 20025
37198 14540 4667 14404
37199 14540 14404 20025
37200 14404 4668 14538
37201 14404 14538 20025
37202 14538 4668 14408
37203 14538 14408 20026
37204 14408 4670 14541
37205 14408 14541 20026
37206 14541 4755 14542
37207 14541 14542 20026
37208 14542 4753 14538
37209 14542 14538 20026
37210 14543 4941 14544
37211 14543 14544 20027
37212 14544 4757 14545
37213 14544 14545 20027
37214 14545 4671 14412
37215 14545 14412 20027
37216 14412 4672 14543
37217 14412 14543 20027
37218 14546 4787 14547
37219 14546 14547 20028
37220 14547 4790 14548
37221 14547 14548 20028
37222 14548 4677 14415
37223 14548 14415 20028
37224 14415 4678 14546
37225 14415 14546 20028
37226 14549 4792 14550
37227 14549 14550 20029
37228 14550 4793 14551
37229 14550 14551 20029
37230 14551 4794 14552
37231 14551 14552 20029
37232 14552 4791 14549
37233 14552 14549 20029
37234 14553 4793 14550
37235 14553 14550 20030
37236 14550 4792 14554
37237 14550 14554 20030
37238 14554 4796 14555
37239 14554 14555 20030
37240 14555 4795 14553
37241 14555 14553 20030
37242 14556 4681 14418
37243 14556 14418 20031
37244 14418 4682 14557
37245 14418 14557 20031
37246 14557 4797 14558
37247 14557 14558 20031
37248 14558 4791 14556
37249 14558 14556 20031
37250 14549 4791 14558
37251 14549 14558 20032
37252 14558 4797 14559
37253 14558 14559 20032
37254 14559 4798 14560
37255 14559 14560 20032
37256 14560 4792 14549
37257 14560 14549 20032
37258 14557 4682 14422
37259 14557 14422 20033
37260 14422 4684 14561
37261 14422 14561 20033
37262 14561 4802 14562
37263 14561 14562 20033
37264 14562 4797 14557
37265 14562 14557 20033
37266 14548 4790 14563
37267 14548 14563 20034
37268 14563 4802 14561
37269 14563 14561 20034
37270 14561 4684 14425
37271 14561 14425 20034
37272 14425 4677 14548
37273 14425 14548 20034
37274 14540 4754 14564
37275 14540 14564 20035
37276 14564 4807 14565
37277 14564 14565 20035
37278 14565 4686 14427
37279 14565 14427 20035
37280 14427 4667 14540
37281 14427 14540 20035
37282 14566 4787 14546
37283 14566 14546 20036
37284 14546 4678 14430
37285 14546 14430 20036
37286 14430 4686 14565
37287 14430 14565 20036
37288 14565 4807 14566
37289 14565 14566 20036
37290 14567 4689 14437
37291 14567 14437 20037
37292 14437 4681 14556
37293 14437 14556 20037
37294 14556 4791 14552
37295 14556 14552 20037
37296 14552 4794 14567
37297 14552 14567 20037
37298 14534 5131 14568
37299 14534 14568 20038
37300 14568 5130 14569
37301 14568 14569 20038
37302 14569 4822 14570
37303 14569 14570 20038
37304 14570 4741 14534
37305 14570 14534 20038
37306 14515 4664 14439
37307 14515 14439 20039
37308 14439 4689 14567
37309 14439 14567 20039
37310 14567 4794 14571
37311 14567 14571 20039
37312 14571 4737 14515
37313 14571 14515 20039
37314 14518 4737 14571
37315 14518 14571 20040
37316 14571 4794 14551
37317 14571 14551 20040
37318 14551 4793 14572
37319 14551 14572 20040
37320 14572 4739 14518
37321 14572 14518 20040
37322 14521 4739 14572
37323 14521 14572 20041
37324 14572 4793 14553
37325 14572 14553 20041
37326 14553 4795 14573
37327 14553 14573 20041
37328 14573 4738 14521
37329 14573 14521 20041
37330 14523 4738 14573
37331 14523 14573 20042
37332 14573 4795 14574
37333 14573 14574 20042
37334 14574 4825 14575
37335 14574 14575 20042
37336 14575 4742 14523
37337 14575 14523 20042
37338 14574 4795 14555
37339 14574 14555 20043
37340 14555 4796 14576
37341 14555 14576 20043
37342 14576 4823 14577
37343 14576 14577 20043
37344 14577 4825 14574
37345 14577 14574 20043
37346 14575 4825 14578
37347 14575 14578 20044
37348 14578 4824 14579
37349 14578 14579 20044
37350 14579 4740 14529
37351 14579 14529 20044
37352 14529 4742 14575
37353 14529 14575 20044
37354 14580 5127 14537
37355 14580 14537 20045
37356 14537 4741 14570
37357 14537 14570 20045
37358 14570 4822 14581
37359 14570 14581 20045
37360 14581 5128 14580
37361 14581 14580 20045
37362 14441 4694 14582
37363 14441 14582 20046
37364 14582 4819 14583
37365 14582 14583 20046
37366 14583 4695 14445
37367 14583 14445 20046
37368 14445 4693 14441
37369 14445 14441 20046
37370 14584 4812 14585
37371 14584 14585 20047
37372 14585 4756 14586
37373 14585 14586 20047
37374 14586 4701 14456
37375 14586 14456 20047
37376 14456 4702 14584
37377 14456 14584 20047
37378 14587 4820 14588
37379 14587 14588 20048
37380 14588 4812 14584
37381 14588 14584 20048
37382 14584 4702 14459
37383 14584 14459 20048
37384 14459 4705 14587
37385 14459 14587 20048
37386 14583 4819 14589
37387 14583 14589 20049
37388 14589 4820 14587
37389 14589 14587 20049
37390 14587 4705 14461
37391 14587 14461 20049
37392 14461 4695 14583
37393 14461 14583 20049
37394 14590 2149 9499
37395 14590 9499 20050
37396 9499 2131 14591
37397 9499 14591 20050
37398 14591 4777 14592
37399 14591 14592 20050
37400 14592 4936 14590
37401 14592 14590 20050
37402 14593 2127 9503
37403 14593 9503 20051
37404 9503 2136 14594
37405 9503 14594 20051
37406 14594 4761 14595
37407 14594 14595 20051
37408 14595 4760 14593
37409 14595 14593 20051
37410 14593 4760 14596
37411 14593 14596 20052
37412 14596 4781 14597
37413 14596 14597 20052
37414 14597 2126 9505
37415 14597 9505 20052
37416 9505 2127 14593
37417 9505 14593 20052
37418 14598 2134 9510
37419 14598 9510 20053
37420 9510 2133 14599
37421 9510 14599 20053
37422 14599 4785 14600
37423 14599 14600 20053
37424 14600 4784 14598
37425 14600 14598 20053
37426 9514 2135 14601
37427 9514 14601 20054
37428 14601 4803 14602
37429 14601 14602 20054
37430 14602 4785 14599
37431 14602 14599 20054
37432 14599 2133 9514
37433 14599 9514 20054
37434 14603 4805 14604
37435 14603 14604 20055
37436 14604 4761 14594
37437 14604 14594 20055
37438 14594 2136 9515
37439 14594 9515 20055
37440 9515 2140 14603
37441 9515 14603 20055
37442 14605 4803 14601
37443 14605 14601 20056
37444 14601 2135 9519
37445 14601 9519 20056
37446 9519 2137 14606
37447 9519 14606 20056
37448 14606 4808 14605
37449 14606 14605 20056
37450 14607 4809 14608
37451 14607 14608 20057
37452 14608 4808 14609
37453 14608 14609 20057
37454 14609 5129 14610
37455 14609 14610 20057
37456 14610 4811 14607
37457 14610 14607 20057
37458 14598 4784 14611
37459 14598 14611 20058
37460 14611 4805 14603
37461 14611 14603 20058
37462 14603 2140 9525
37463 14603 9525 20058
37464 9525 2134 14598
37465 9525 14598 20058
37466 14612 5128 14581
37467 14612 14581 20059
37468 14581 4822 14613
37469 14581 14613 20059
37470 14613 4811 14610
37471 14613 14610 20059
37472 14610 5129 14612
37473 14610 14612 20059
37474 14614 4824 14615
37475 14614 14615 20060
37476 14615 4811 14613
37477 14615 14613 20060
37478 14613 4822 14569
37479 14613 14569 20060
37480 14569 5130 14614
37481 14569 14614 20060
37482 14616 4811 14615
37483 14616 14615 20061
37484 14615 4824 14578
37485 14615 14578 20061
37486 14578 4825 14577
37487 14578 14577 20061
37488 14577 4823 14616
37489 14577 14616 20061
37490 14617 4760 14595
37491 14617 14595 20062
37492 14595 4761 14618
37493 14595 14618 20062
37494 14618 4828 14619
37495 14618 14619 20062
37496 14619 4829 14617
37497 14619 14617 20062
37498 14620 4781 14596
37499 14620 14596 20063
37500 14596 4760 14617
37501 14596 14617 20063
37502 14617 4829 14621
37503 14617 14621 20063
37504 14621 4833 14620
37505 14621 14620 20063
37506 14622 4936 14592
37507 14622 14592 20064
37508 14592 4777 14623
37509 14592 14623 20064
37510 14623 4834 14624
37511 14623 14624 20064
37512 14624 4937 14622
37513 14624 14622 20064
37514 14554 4792 14560
37515 14554 14560 20065
37516 14560 4798 14625
37517 14560 14625 20065
37518 14625 4799 14626
37519 14625 14626 20065
37520 14626 4796 14554
37521 14626 14554 20065
37522 14576 4796 14626
37523 14576 14626 20066
37524 14626 4799 14627
37525 14626 14627 20066
37526 14627 4810 14628
37527 14627 14628 20066
37528 14628 4823 14576
37529 14628 14576 20066
37530 14629 4836 14630
37531 14629 14630 20067
37532 14630 4838 14631
37533 14630 14631 20067
37534 14631 4845 14632
37535 14631 14632 20067
37536 14632 4844 14629
37537 14632 14629 20067
37538 14633 4803 14605
37539 14633 14605 20068
37540 14605 4808 14608
37541 14605 14608 20068
37542 14608 4809 14634
37543 14608 14634 20068
37544 14634 4838 14633
37545 14634 14633 20068
37546 14635 4809 14607
37547 14635 14607 20069
37548 14607 4811 14616
37549 14607 14616 20069
37550 14616 4823 14628
37551 14616 14628 20069
37552 14628 4810 14635
37553 14628 14635 20069
37554 14636 4845 14631
37555 14636 14631 20070
37556 14631 4838 14634
37557 14631 14634 20070
37558 14634 4809 14635
37559 14634 14635 20070
37560 14635 4810 14636
37561 14635 14636 20070
37562 14637 4785 14602
37563 14637 14602 20071
37564 14602 4803 14633
37565 14602 14633 20071
37566 14633 4838 14630
37567 14633 14630 20071
37568 14630 4836 14637
37569 14630 14637 20071
37570 14638 4784 14600
37571 14638 14600 20072
37572 14600 4785 14637
37573 14600 14637 20072
37574 14637 4836 14639
37575 14637 14639 20072
37576 14639 4837 14638
37577 14639 14638 20072
37578 14640 4805 14611
37579 14640 14611 20073
37580 14611 4784 14638
37581 14611 14638 20073
37582 14638 4837 14641
37583 14638 14641 20073
37584 14641 4839 14640
37585 14641 14640 20073
37586 14618 4761 14604
37587 14618 14604 20074
37588 14604 4805 14640
37589 14604 14640 20074
37590 14640 4839 14642
37591 14640 14642 20074
37592 14642 4828 14618
37593 14642 14618 20074
37594 14643 4754 14539
37595 14643 14539 20075
37596 14539 4753 14644
37597 14539 14644 20075
37598 14644 4768 14645
37599 14644 14645 20075
37600 14645 4767 14643
37601 14645 14643 20075
37602 14644 4753 14542
37603 14644 14542 20076
37604 14542 4755 14646
37605 14542 14646 20076
37606 14646 4766 14647
37607 14646 14647 20076
37608 14647 4768 14644
37609 14647 14644 20076
37610 14648 4788 14649
37611 14648 14649 20077
37612 14649 4789 14650
37613 14649 14650 20077
37614 14650 4790 14547
37615 14650 14547 20077
37616 14547 4787 14648
37617 14547 14648 20077
37618 14651 4800 14652
37619 14651 14652 20078
37620 14652 4798 14559
37621 14652 14559 20078
37622 14559 4797 14562
37623 14559 14562 20078
37624 14562 4802 14651
37625 14562 14651 20078
37626 14650 4789 14653
37627 14650 14653 20079
37628 14653 4800 14651
37629 14653 14651 20079
37630 14651 4802 14563
37631 14651 14563 20079
37632 14563 4790 14650
37633 14563 14650 20079
37634 14643 4767 14654
37635 14643 14654 20080
37636 14654 4806 14655
37637 14654 14655 20080
37638 14655 4807 14564
37639 14655 14564 20080
37640 14564 4754 14643
37641 14564 14643 20080
37642 14648 4787 14566
37643 14648 14566 20081
37644 14566 4807 14655
37645 14566 14655 20081
37646 14655 4806 14656
37647 14655 14656 20081
37648 14656 4788 14648
37649 14656 14648 20081
37650 14657 4758 14658
37651 14657 14658 20082
37652 14658 4759 14659
37653 14658 14659 20082
37654 14659 4829 14619
37655 14659 14619 20082
37656 14619 4828 14657
37657 14619 14657 20082
37658 14660 4767 14645
37659 14660 14645 20083
37660 14645 4768 14661
37661 14645 14661 20083
37662 14661 4846 14662
37663 14661 14662 20083
37664 14662 4847 14660
37665 14662 14660 20083
37666 14661 4768 14647
37667 14661 14647 20084
37668 14647 4766 14663
37669 14647 14663 20084
37670 14663 4848 14664
37671 14663 14664 20084
37672 14664 4846 14661
37673 14664 14661 20084
37674 14659 4759 14665
37675 14659 14665 20085
37676 14665 4774 14666
37677 14665 14666 20085
37678 14666 4833 14621
37679 14666 14621 20085
37680 14621 4829 14659
37681 14621 14659 20085
37682 14667 4776 14668
37683 14667 14668 20086
37684 14668 4938 14669
37685 14668 14669 20086
37686 14669 4937 14624
37687 14669 14624 20086
37688 14624 4834 14667
37689 14624 14667 20086
37690 14629 4844 14670
37691 14629 14670 20087
37692 14670 4783 14671
37693 14670 14671 20087
37694 14671 4837 14639
37695 14671 14639 20087
37696 14639 4836 14629
37697 14639 14629 20087
37698 14672 4855 14673
37699 14672 14673 20088
37700 14673 4786 14674
37701 14673 14674 20088
37702 14674 4789 14649
37703 14674 14649 20088
37704 14649 4788 14672
37705 14649 14672 20088
37706 14675 4801 14676
37707 14675 14676 20089
37708 14676 4799 14625
37709 14676 14625 20089
37710 14625 4798 14652
37711 14625 14652 20089
37712 14652 4800 14675
37713 14652 14675 20089
37714 14674 4786 14677
37715 14674 14677 20090
37716 14677 4801 14675
37717 14677 14675 20090
37718 14675 4800 14653
37719 14675 14653 20090
37720 14653 4789 14674
37721 14653 14674 20090
37722 14678 4804 14679
37723 14678 14679 20091
37724 14679 4758 14657
37725 14679 14657 20091
37726 14657 4828 14642
37727 14657 14642 20091
37728 14642 4839 14678
37729 14642 14678 20091
37730 14680 4806 14654
37731 14680 14654 20092
37732 14654 4767 14660
37733 14654 14660 20092
37734 14660 4847 14681
37735 14660 14681 20092
37736 14681 4856 14680
37737 14681 14680 20092
37738 14672 4788 14656
37739 14672 14656 20093
37740 14656 4806 14680
37741 14656 14680 20093
37742 14680 4856 14682
37743 14680 14682 20093
37744 14682 4855 14672
37745 14682 14672 20093
37746 14671 4783 14683
37747 14671 14683 20094
37748 14683 4804 14678
37749 14683 14678 20094
37750 14678 4839 14641
37751 14678 14641 20094
37752 14641 4837 14671
37753 14641 14671 20094
37754 14673 4855 14684
37755 14673 14684 20095
37756 14684 4783 14670
37757 14684 14670 20095
37758 14670 4844 14685
37759 14670 14685 20095
37760 14685 4786 14673
37761 14685 14673 20095
37762 14686 4801 14677
37763 14686 14677 20096
37764 14677 4786 14685
37765 14677 14685 20096
37766 14685 4844 14632
37767 14685 14632 20096
37768 14632 4845 14686
37769 14632 14686 20096
37770 14627 4799 14676
37771 14627 14676 20097
37772 14676 4801 14686
37773 14676 14686 20097
37774 14686 4845 14636
37775 14686 14636 20097
37776 14636 4810 14627
37777 14636 14627 20097
37778 14687 4804 14683
37779 14687 14683 20098
37780 14683 4783 14684
37781 14683 14684 20098
37782 14684 4855 14682
37783 14684 14682 20098
37784 14682 4856 14687
37785 14682 14687 20098
37786 14688 4758 14679
37787 14688 14679 20099
37788 14679 4804 14687
37789 14679 14687 20099
37790 14687 4856 14681
37791 14687 14681 20099
37792 14681 4847 14688
37793 14681 14688 20099
37794 14689 4759 14658
37795 14689 14658 20100
37796 14658 4758 14688
37797 14658 14688 20100
37798 14688 4847 14662
37799 14688 14662 20100
37800 14662 4846 14689
37801 14662 14689 20100
37802 14690 4774 14665
37803 14690 14665 20101
37804 14665 4759 14689
37805 14665 14689 20101
37806 14689 4846 14664
37807 14689 14664 20101
37808 14664 4848 14690
37809 14664 14690 20101
37810 14432 2122 9608
37811 14432 9608 20102
37812 9608 2143 14691
37813 9608 14691 20102
37814 14691 4817 14692
37815 14691 14692 20102
37816 14692 4688 14432
37817 14692 14432 20102
37818 14693 4840 14694
37819 14693 14694 20103
37820 14694 4707 14463
37821 14694 14463 20103
37822 14463 4688 14692
37823 14463 14692 20103
37824 14692 4817 14693
37825 14692 14693 20103
37826 14695 4818 14696
37827 14695 14696 20104
37828 14696 4712 14468
37829 14696 14468 20104
37830 14468 4707 14694
37831 14468 14694 20104
37832 14694 4840 14695
37833 14694 14695 20104
37834 14697 4816 14698
37835 14697 14698 20105
37836 14698 4842 14699
37837 14698 14699 20105
37838 14699 4840 14693
37839 14699 14693 20105
37840 14693 4817 14697
37841 14693 14697 20105
37842 9617 2141 14700
37843 9617 14700 20106
37844 14700 4816 14697
37845 14700 14697 20106
37846 14697 4817 14691
37847 14697 14691 20106
37848 14691 2143 9617
37849 14691 9617 20106
37850 14695 4840 14699
37851 14695 14699 20107
37852 14699 4842 14701
37853 14699 14701 20107
37854 14701 4859 14702
37855 14701 14702 20107
37856 14702 4818 14695
37857 14702 14695 20107
37858 14544 4941 14703
37859 14544 14703 20108
37860 14703 4940 14704
37861 14703 14704 20108
37862 14704 4769 14705
37863 14704 14705 20108
37864 14705 4757 14544
37865 14705 14544 20108
37866 14704 4940 14706
37867 14704 14706 20109
37868 14706 4939 14707
37869 14706 14707 20109
37870 14707 4852 14708
37871 14707 14708 20109
37872 14708 4769 14704
37873 14708 14704 20109
37874 14709 4938 14668
37875 14709 14668 20110
37876 14668 4776 14710
37877 14668 14710 20110
37878 14710 4852 14707
37879 14710 14707 20110
37880 14707 4939 14709
37881 14707 14709 20110
37882 14711 4819 14582
37883 14711 14582 20111
37884 14582 4694 14452
37885 14582 14452 20111
37886 14452 4699 14712
37887 14452 14712 20111
37888 14712 4826 14711
37889 14712 14711 20111
37890 14713 4813 14714
37891 14713 14714 20112
37892 14714 4779 14715
37893 14714 14715 20112
37894 14715 4756 14585
37895 14715 14585 20112
37896 14585 4812 14713
37897 14585 14713 20112
37898 14716 4820 14589
37899 14716 14589 20113
37900 14589 4819 14711
37901 14589 14711 20113
37902 14711 4826 14717
37903 14711 14717 20113
37904 14717 4863 14716
37905 14717 14716 20113
37906 14588 4820 14716
37907 14588 14716 20114
37908 14716 4863 14718
37909 14716 14718 20114
37910 14718 4813 14713
37911 14718 14713 20114
37912 14713 4812 14588
37913 14713 14588 20114
37914 14719 4826 14712
37915 14719 14712 20115
37916 14712 4699 14448
37917 14712 14448 20115
37918 14448 4700 14720
37919 14448 14720 20115
37920 14720 4821 14719
37921 14720 14719 20115
37922 14721 2128 9640
37923 14721 9640 20116
37924 9640 2132 14722
37925 9640 14722 20116
37926 14722 4778 14723
37927 14722 14723 20116
37928 14723 4814 14721
37929 14723 14721 20116
37930 14724 4827 14725
37931 14724 14725 20117
37932 14725 2142 9643
37933 14725 9643 20117
37934 9643 2144 14726
37935 9643 14726 20117
37936 14726 4865 14724
37937 14726 14724 20117
37938 14727 4814 14723
37939 14727 14723 20118
37940 14723 4778 14728
37941 14723 14728 20118
37942 14728 4835 14729
37943 14728 14729 20118
37944 14729 4841 14727
37945 14729 14727 20118
37946 14730 4843 14731
37947 14730 14731 20119
37948 14731 4827 14724
37949 14731 14724 20119
37950 14724 4865 14732
37951 14724 14732 20119
37952 14732 4866 14730
37953 14732 14730 20119
37954 14733 4841 14729
37955 14733 14729 20120
37956 14729 4835 14734
37957 14729 14734 20120
37958 14734 4780 14735
37959 14734 14735 20120
37960 14735 4815 14733
37961 14735 14733 20120
37962 14736 4816 14700
37963 14736 14700 20121
37964 14700 2141 9655
37965 14700 9655 20121
37966 9655 2142 14725
37967 9655 14725 20121
37968 14725 4827 14736
37969 14725 14736 20121
37970 14731 4843 14737
37971 14731 14737 20122
37972 14737 4842 14698
37973 14737 14698 20122
37974 14698 4816 14736
37975 14698 14736 20122
37976 14736 4827 14731
37977 14736 14731 20122
37978 14696 4818 14738
37979 14696 14738 20123
37980 14738 4858 14739
37981 14738 14739 20123
37982 14739 4714 14474
37983 14739 14474 20123
37984 14474 4712 14696
37985 14474 14696 20123
37986 14701 4842 14737
37987 14701 14737 20124
37988 14737 4843 14740
37989 14737 14740 20124
37990 14740 4861 14741
37991 14740 14741 20124
37992 14741 4859 14701
37993 14741 14701 20124
37994 14742 4861 14740
37995 14742 14740 20125
37996 14740 4843 14730
37997 14740 14730 20125
37998 14730 4866 14743
37999 14730 14743 20125
38000 14743 4867 14742
38001 14743 14742 20125
38002 14735 4780 14744
38003 14735 14744 20126
38004 14744 4853 14745
38005 14744 14745 20126
38006 14745 4854 14746
38007 14745 14746 20126
38008 14746 4815 14735
38009 14746 14735 20126
38010 14472 4714 14739
38011 14472 14739 20127
38012 14739 4858 14747
38013 14739 14747 20127
38014 14747 4857 14748
38015 14747 14748 20127
38016 14748 4709 14472
38017 14748 14472 20127
38018 14749 4860 14750
38019 14749 14750 20128
38020 14750 4858 14738
38021 14750 14738 20128
38022 14738 4818 14702
38023 14738 14702 20128
38024 14702 4859 14749
38025 14702 14749 20128
38026 14751 4862 14752
38027 14751 14752 20129
38028 14752 4861 14742
38029 14752 14742 20129
38030 14742 4867 14753
38031 14742 14753 20129
38032 14753 4868 14751
38033 14753 14751 20129
38034 14741 4861 14752
38035 14741 14752 20130
38036 14752 4862 14754
38037 14752 14754 20130
38038 14754 4860 14749
38039 14754 14749 20130
38040 14749 4859 14741
38041 14749 14741 20130
38042 14755 4869 14756
38043 14755 14756 20131
38044 14756 4857 14747
38045 14756 14747 20131
38046 14747 4858 14750
38047 14747 14750 20131
38048 14750 4860 14755
38049 14750 14755 20131
38050 14714 4813 14757
38051 14714 14757 20132
38052 14757 4854 14745
38053 14757 14745 20132
38054 14745 4853 14758
38055 14745 14758 20132
38056 14758 4779 14714
38057 14758 14714 20132
38058 14748 4857 14759
38059 14748 14759 20133
38060 14759 4821 14720
38061 14759 14720 20133
38062 14720 4700 14467
38063 14720 14467 20133
38064 14467 4709 14748
38065 14467 14748 20133
38066 14755 4860 14754
38067 14755 14754 20134
38068 14754 4862 14751
38069 14754 14751 20134
38070 14751 4868 14760
38071 14751 14760 20134
38072 14760 4869 14755
38073 14760 14755 20134
38074 14719 4821 14761
38075 14719 14761 20135
38076 14761 4864 14762
38077 14761 14762 20135
38078 14762 4863 14717
38079 14762 14717 20135
38080 14717 4826 14719
38081 14717 14719 20135
38082 14718 4863 14762
38083 14718 14762 20136
38084 14762 4864 14763
38085 14762 14763 20136
38086 14763 4854 14757
38087 14763 14757 20136
38088 14757 4813 14718
38089 14757 14718 20136
38090 14756 4869 14764
38091 14756 14764 20137
38092 14764 4864 14761
38093 14764 14761 20137
38094 14761 4821 14759
38095 14761 14759 20137
38096 14759 4857 14756
38097 14759 14756 20137
38098 14765 4854 14763
38099 14765 14763 20138
38100 14763 4864 14764
38101 14763 14764 20138
38102 14764 4869 14760
38103 14764 14760 20138
38104 14760 4868 14765
38105 14760 14765 20138
38106 14766 4815 14746
38107 14766 14746 20139
38108 14746 4854 14765
38109 14746 14765 20139
38110 14765 4868 14753
38111 14765 14753 20139
38112 14753 4867 14766
38113 14753 14766 20139
38114 14767 4841 14733
38115 14767 14733 20140
38116 14733 4815 14766
38117 14733 14766 20140
38118 14766 4867 14743
38119 14766 14743 20140
38120 14743 4866 14767
38121 14743 14767 20140
38122 14768 4814 14727
38123 14768 14727 20141
38124 14727 4841 14767
38125 14727 14767 20141
38126 14767 4866 14732
38127 14767 14732 20141
38128 14732 4865 14768
38129 14732 14768 20141
38130 9689 2128 14721
38131 9689 14721 20142
38132 14721 4814 14768
38133 14721 14768 20142
38134 14768 4865 14726
38135 14768 14726 20142
38136 14726 2144 9689
38137 14726 9689 20142
38138 14769 4751 14770
38139 14769 14770 20143
38140 14770 4716 14476
38141 14770 14476 20143
38142 14476 4671 14545
38143 14476 14545 20143
38144 14545 4757 14769
38145 14545 14769 20143
38146 14771 4719 14480
38147 14771 14480 20144
38148 14480 4720 14772
38149 14480 14772 20144
38150 14772 4752 14773
38151 14772 14773 20144
38152 14773 4942 14771
38153 14773 14771 20144
38154 14769 4757 14705
38155 14769 14705 20145
38156 14705 4769 14774
38157 14705 14774 20145
38158 14774 4763 14775
38159 14774 14775 20145
38160 14775 4751 14769
38161 14775 14769 20145
38162 14776 4942 14773
38163 14776 14773 20146
38164 14773 4752 14777
38165 14773 14777 20146
38166 14777 4762 14778
38167 14777 14778 20146
38168 14778 4943 14776
38169 14778 14776 20146
38170 14774 4769 14708
38171 14774 14708 20147
38172 14708 4852 14779
38173 14708 14779 20147
38174 14779 4851 14780
38175 14779 14780 20147
38176 14780 4763 14774
38177 14780 14774 20147
38178 14772 4720 14485
38179 14772 14485 20148
38180 14485 4721 14781
38181 14485 14781 20148
38182 14781 4870 14782
38183 14781 14782 20148
38184 14782 4752 14772
38185 14782 14772 20148
38186 14783 4762 14777
38187 14783 14777 20149
38188 14777 4752 14782
38189 14777 14782 20149
38190 14782 4870 14784
38191 14782 14784 20149
38192 14784 4873 14783
38193 14784 14783 20149
38194 9709 2150 14785
38195 9709 14785 20150
38196 14785 4947 14786
38197 14785 14786 20150
38198 14786 4772 14787
38199 14786 14787 20150
38200 14787 2130 9709
38201 14787 9709 20150
38202 14788 4777 14591
38203 14788 14591 20151
38204 14591 2131 9711
38205 14591 9711 20151
38206 9711 2129 14789
38207 9711 14789 20151
38208 14789 4782 14788
38209 14789 14788 20151
38210 14786 4947 14790
38211 14786 14790 20152
38212 14790 4946 14791
38213 14790 14791 20152
38214 14791 4831 14792
38215 14791 14792 20152
38216 14792 4772 14786
38217 14792 14786 20152
38218 14623 4777 14788
38219 14623 14788 20153
38220 14788 4782 14793
38221 14788 14793 20153
38222 14793 4832 14794
38223 14793 14794 20153
38224 14794 4834 14623
38225 14794 14623 20153
38226 14795 4771 14796
38227 14795 14796 20154
38228 14796 4831 14791
38229 14796 14791 20154
38230 14791 4946 14797
38231 14791 14797 20154
38232 14797 4945 14795
38233 14797 14795 20154
38234 14798 4775 14799
38235 14798 14799 20155
38236 14799 4776 14667
38237 14799 14667 20155
38238 14667 4834 14794
38239 14667 14794 20155
38240 14794 4832 14798
38241 14794 14798 20155
38242 14800 4771 14795
38243 14800 14795 20156
38244 14795 4945 14801
38245 14795 14801 20156
38246 14801 4944 14802
38247 14801 14802 20156
38248 14802 4850 14800
38249 14802 14800 20156
38250 14799 4775 14803
38251 14799 14803 20157
38252 14803 4851 14779
38253 14803 14779 20157
38254 14779 4852 14710
38255 14779 14710 20157
38256 14710 4776 14799
38257 14710 14799 20157
38258 14804 4943 14778
38259 14804 14778 20158
38260 14778 4762 14805
38261 14778 14805 20158
38262 14805 4850 14802
38263 14805 14802 20158
38264 14802 4944 14804
38265 14802 14804 20158
38266 14805 4762 14783
38267 14805 14783 20159
38268 14783 4873 14806
38269 14783 14806 20159
38270 14806 4872 14807
38271 14806 14807 20159
38272 14807 4850 14805
38273 14807 14805 20159
38274 14800 4850 14807
38275 14800 14807 20160
38276 14807 4872 14808
38277 14807 14808 20160
38278 14808 4871 14809
38279 14808 14809 20160
38280 14809 4771 14800
38281 14809 14800 20160
38282 14810 4831 14796
38283 14810 14796 20161
38284 14796 4771 14809
38285 14796 14809 20161
38286 14809 4871 14811
38287 14809 14811 20161
38288 14811 4875 14810
38289 14811 14810 20161
38290 14812 4772 14792
38291 14812 14792 20162
38292 14792 4831 14810
38293 14792 14810 20162
38294 14810 4875 14813
38295 14810 14813 20162
38296 14813 4874 14812
38297 14813 14812 20162
38298 9738 2130 14787
38299 9738 14787 20163
38300 14787 4772 14812
38301 14787 14812 20163
38302 14812 4874 14814
38303 14812 14814 20163
38304 14814 2145 9738
38305 14814 9738 20163
38306 14815 4878 14816
38307 14815 14816 20164
38308 14816 4877 14817
38309 14816 14817 20164
38310 14817 4876 14818
38311 14817 14818 20164
38312 14818 4879 14815
38313 14818 14815 20164
38314 14819 4881 14820
38315 14819 14820 20165
38316 14820 4880 14821
38317 14820 14821 20165
38318 14821 4877 14816
38319 14821 14816 20165
38320 14816 4878 14819
38321 14816 14819 20165
38322 14822 4883 14823
38323 14822 14823 20166
38324 14823 4882 14824
38325 14823 14824 20166
38326 14824 4880 14820
38327 14824 14820 20166
38328 14820 4881 14822
38329 14820 14822 20166
38330 14825 4885 14826
38331 14825 14826 20167
38332 14826 4884 14827
38333 14826 14827 20167
38334 14827 4882 14823
38335 14827 14823 20167
38336 14823 4883 14825
38337 14823 14825 20167
38338 14828 4887 14829
38339 14828 14829 20168
38340 14829 4886 14830
38341 14829 14830 20168
38342 14830 4884 14826
38343 14830 14826 20168
38344 14826 4885 14828
38345 14826 14828 20168
38346 14831 2147 9756
38347 14831 9756 20169
38348 9756 2146 14832
38349 9756 14832 20169
38350 14832 4886 14829
38351 14832 14829 20169
38352 14829 4887 14831
38353 14829 14831 20169
38354 14833 4891 14834
38355 14833 14834 20170
38356 14834 4890 14835
38357 14834 14835 20170
38358 14835 4889 14836
38359 14835 14836 20170
38360 14836 4888 14833
38361 14836 14833 20170
38362 14837 4879 14818
38363 14837 14818 20171
38364 14818 4876 14838
38365 14818 14838 20171
38366 14838 4891 14833
38367 14838 14833 20171
38368 14833 4888 14837
38369 14833 14837 20171
38370 14839 4893 14840
38371 14839 14840 20172
38372 14840 4725 14487
38373 14840 14487 20172
38374 14487 4726 14841
38375 14487 14841 20172
38376 14841 4892 14839
38377 14841 14839 20172
38378 14842 4895 14843
38379 14842 14843 20173
38380 14843 4894 14844
38381 14843 14844 20173
38382 14844 4893 14839
38383 14844 14839 20173
38384 14839 4892 14842
38385 14839 14842 20173
38386 14845 4897 14846
38387 14845 14846 20174
38388 14846 4896 14847
38389 14846 14847 20174
38390 14847 4894 14843
38391 14847 14843 20174
38392 14843 4895 14845
38393 14843 14845 20174
38394 14848 4899 14849
38395 14848 14849 20175
38396 14849 4898 14850
38397 14849 14850 20175
38398 14850 4896 14846
38399 14850 14846 20175
38400 14846 4897 14848
38401 14846 14848 20175
38402 14851 4901 14852
38403 14851 14852 20176
38404 14852 4900 14853
38405 14852 14853 20176
38406 14853 4898 14849
38407 14853 14849 20176
38408 14849 4899 14851
38409 14849 14851 20176
38410 14854 4903 14855
38411 14854 14855 20177
38412 14855 4900 14852
38413 14855 14852 20177
38414 14852 4901 14856
38415 14852 14856 20177
38416 14856 4902 14854
38417 14856 14854 20177
38418 14857 4905 14858
38419 14857 14858 20178
38420 14858 4904 14859
38421 14858 14859 20178
38422 14859 4903 14854
38423 14859 14854 20178
38424 14854 4902 14857
38425 14854 14857 20178
38426 14858 4905 14860
38427 14858 14860 20179
38428 14860 4889 14835
38429 14860 14835 20179
38430 14835 4890 14861
38431 14835 14861 20179
38432 14861 4904 14858
38433 14861 14858 20179
38434 14862 4906 14863
38435 14862 14863 20180
38436 14863 4747 14525
38437 14863 14525 20180
38438 14525 4748 14864
38439 14525 14864 20180
38440 14864 4907 14862
38441 14864 14862 20180
38442 14865 4906 14862
38443 14865 14862 20181
38444 14862 4907 14866
38445 14862 14866 20181
38446 14866 4878 14815
38447 14866 14815 20181
38448 14815 4879 14865
38449 14815 14865 20181
38450 14867 4907 14864
38451 14867 14864 20182
38452 14864 4748 14528
38453 14864 14528 20182
38454 14528 4749 14868
38455 14528 14868 20182
38456 14868 4908 14867
38457 14868 14867 20182
38458 14869 4881 14819
38459 14869 14819 20183
38460 14819 4878 14866
38461 14819 14866 20183
38462 14866 4907 14867
38463 14866 14867 20183
38464 14867 4908 14869
38465 14867 14869 20183
38466 14870 5132 14871
38467 14870 14871 20184
38468 14871 4909 14872
38469 14871 14872 20184
38470 14872 4908 14868
38471 14872 14868 20184
38472 14868 4749 14870
38473 14868 14870 20184
38474 14873 4883 14822
38475 14873 14822 20185
38476 14822 4881 14869
38477 14822 14869 20185
38478 14869 4908 14872
38479 14869 14872 20185
38480 14872 4909 14873
38481 14872 14873 20185
38482 14874 4909 14871
38483 14874 14871 20186
38484 14871 5132 14532
38485 14871 14532 20186
38486 14532 4750 14875
38487 14532 14875 20186
38488 14875 4910 14874
38489 14875 14874 20186
38490 14876 4885 14825
38491 14876 14825 20187
38492 14825 4883 14873
38493 14825 14873 20187
38494 14873 4909 14874
38495 14873 14874 20187
38496 14874 4910 14876
38497 14874 14876 20187
38498 14877 4910 14875
38499 14877 14875 20188
38500 14875 4750 14536
38501 14875 14536 20188
38502 14536 5126 14878
38503 14536 14878 20188
38504 14878 4911 14877
38505 14878 14877 20188
38506 14879 4887 14828
38507 14879 14828 20189
38508 14828 4885 14876
38509 14828 14876 20189
38510 14876 4910 14877
38511 14876 14877 20189
38512 14877 4911 14879
38513 14877 14879 20189
38514 9806 2147 14831
38515 9806 14831 20190
38516 14831 4887 14879
38517 14831 14879 20190
38518 14879 4911 14880
38519 14879 14880 20190
38520 14880 2148 9806
38521 14880 9806 20190
38522 14881 4913 14882
38523 14881 14882 20191
38524 14882 4744 14520
38525 14882 14520 20191
38526 14520 4745 14883
38527 14520 14883 20191
38528 14883 4912 14881
38529 14883 14881 20191
38530 14884 4914 14885
38531 14884 14885 20192
38532 14885 4743 14517
38533 14885 14517 20192
38534 14517 4744 14882
38535 14517 14882 20192
38536 14882 4913 14884
38537 14882 14884 20192
38538 14886 4727 14492
38539 14886 14492 20193
38540 14492 4663 14514
38541 14492 14514 20193
38542 14514 4743 14885
38543 14514 14885 20193
38544 14885 4914 14886
38545 14885 14886 20193
38546 14887 4917 14888
38547 14887 14888 20194
38548 14888 4912 14883
38549 14888 14883 20194
38550 14883 4745 14522
38551 14883 14522 20194
38552 14522 4746 14887
38553 14522 14887 20194
38554 14889 4916 14890
38555 14889 14890 20195
38556 14890 4917 14887
38557 14890 14887 20195
38558 14887 4746 14526
38559 14887 14526 20195
38560 14526 4747 14889
38561 14526 14889 20195
38562 14891 4918 14892
38563 14891 14892 20196
38564 14892 4917 14890
38565 14892 14890 20196
38566 14890 4916 14893
38567 14890 14893 20196
38568 14893 4919 14891
38569 14893 14891 20196
38570 14894 4920 14895
38571 14894 14895 20197
38572 14895 4729 14494
38573 14895 14494 20197
38574 14494 4727 14886
38575 14494 14886 20197
38576 14886 4914 14894
38577 14886 14894 20197
38578 14896 4921 14897
38579 14896 14897 20198
38580 14897 4920 14894
38581 14897 14894 20198
38582 14894 4914 14884
38583 14894 14884 20198
38584 14884 4913 14896
38585 14884 14896 20198
38586 14898 4921 14896
38587 14898 14896 20199
38588 14896 4913 14881
38589 14896 14881 20199
38590 14881 4912 14899
38591 14881 14899 20199
38592 14899 4922 14898
38593 14899 14898 20199
38594 14900 4922 14899
38595 14900 14899 20200
38596 14899 4912 14888
38597 14899 14888 20200
38598 14888 4917 14892
38599 14888 14892 20200
38600 14892 4918 14900
38601 14892 14900 20200
38602 14893 4916 14901
38603 14893 14901 20201
38604 14901 4915 14902
38605 14901 14902 20201
38606 14902 4923 14903
38607 14902 14903 20201
38608 14903 4919 14893
38609 14903 14893 20201
38610 14836 4889 14904
38611 14836 14904 20202
38612 14904 4923 14902
38613 14904 14902 20202
38614 14902 4915 14905
38615 14902 14905 20202
38616 14905 4888 14836
38617 14905 14836 20202
38618 14865 4879 14837
38619 14865 14837 20203
38620 14837 4888 14905
38621 14837 14905 20203
38622 14905 4915 14906
38623 14905 14906 20203
38624 14906 4906 14865
38625 14906 14865 20203
38626 14863 4906 14906
38627 14863 14906 20204
38628 14906 4915 14901
38629 14906 14901 20204
38630 14901 4916 14889
38631 14901 14889 20204
38632 14889 4747 14863
38633 14889 14863 20204
38634 14907 4928 14908
38635 14907 14908 20205
38636 14908 4922 14900
38637 14908 14900 20205
38638 14900 4918 14909
38639 14900 14909 20205
38640 14909 4929 14907
38641 14909 14907 20205
38642 14910 4921 14898
38643 14910 14898 20206
38644 14898 4922 14908
38645 14898 14908 20206
38646 14908 4928 14911
38647 14908 14911 20206
38648 14911 4927 14910
38649 14911 14910 20206
38650 14912 4920 14897
38651 14912 14897 20207
38652 14897 4921 14910
38653 14897 14910 20207
38654 14910 4927 14913
38655 14910 14913 20207
38656 14913 4926 14912
38657 14913 14912 20207
38658 14914 4925 14915
38659 14914 14915 20208
38660 14915 4919 14903
38661 14915 14903 20208
38662 14903 4923 14916
38663 14903 14916 20208
38664 14916 4924 14914
38665 14916 14914 20208
38666 14917 4929 14909
38667 14917 14909 20209
38668 14909 4918 14891
38669 14909 14891 20209
38670 14891 4919 14915
38671 14891 14915 20209
38672 14915 4925 14917
38673 14915 14917 20209
38674 14496 4729 14895
38675 14496 14895 20210
38676 14895 4920 14912
38677 14895 14912 20210
38678 14912 4926 14918
38679 14912 14918 20210
38680 14918 4732 14496
38681 14918 14496 20210
38682 14503 4732 14918
38683 14503 14918 20211
38684 14918 4926 14919
38685 14918 14919 20211
38686 14919 4935 14920
38687 14919 14920 20211
38688 14920 4733 14503
38689 14920 14503 20211
38690 14501 4733 14920
38691 14501 14920 20212
38692 14920 4935 14921
38693 14920 14921 20212
38694 14921 4892 14841
38695 14921 14841 20212
38696 14841 4726 14501
38697 14841 14501 20212
38698 14922 4935 14919
38699 14922 14919 20213
38700 14919 4926 14913
38701 14919 14913 20213
38702 14913 4927 14923
38703 14913 14923 20213
38704 14923 4930 14922
38705 14923 14922 20213
38706 14924 4895 14842
38707 14924 14842 20214
38708 14842 4892 14921
38709 14842 14921 20214
38710 14921 4935 14922
38711 14921 14922 20214
38712 14922 4930 14924
38713 14922 14924 20214
38714 14925 4934 14926
38715 14925 14926 20215
38716 14926 4930 14923
38717 14926 14923 20215
38718 14923 4927 14911
38719 14923 14911 20215
38720 14911 4928 14925
38721 14911 14925 20215
38722 14927 4897 14845
38723 14927 14845 20216
38724 14845 4895 14924
38725 14845 14924 20216
38726 14924 4930 14926
38727 14924 14926 20216
38728 14926 4934 14927
38729 14926 14927 20216
38730 14928 4931 14929
38731 14928 14929 20217
38732 14929 4934 14925
38733 14929 14925 20217
38734 14925 4928 14907
38735 14925 14907 20217
38736 14907 4929 14928
38737 14907 14928 20217
38738 14930 4899 14848
38739 14930 14848 20218
38740 14848 4897 14927
38741 14848 14927 20218
38742 14927 4934 14929
38743 14927 14929 20218
38744 14929 4931 14930
38745 14929 14930 20218
38746 14931 4932 14932
38747 14931 14932 20219
38748 14932 4931 14928
38749 14932 14928 20219
38750 14928 4929 14917
38751 14928 14917 20219
38752 14917 4925 14931
38753 14917 14931 20219
38754 14933 4901 14851
38755 14933 14851 20220
38756 14851 4899 14930
38757 14851 14930 20220
38758 14930 4931 14932
38759 14930 14932 20220
38760 14932 4932 14933
38761 14932 14933 20220
38762 14934 4933 14935
38763 14934 14935 20221
38764 14935 4932 14931
38765 14935 14931 20221
38766 14931 4925 14914
38767 14931 14914 20221
38768 14914 4924 14934
38769 14914 14934 20221
38770 14856 4901 14933
38771 14856 14933 20222
38772 14933 4932 14935
38773 14933 14935 20222
38774 14935 4933 14936
38775 14935 14936 20222
38776 14936 4902 14856
38777 14936 14856 20222
38778 14857 4902 14936
38779 14857 14936 20223
38780 14936 4933 14934
38781 14936 14934 20223
38782 14934 4924 14937
38783 14934 14937 20223
38784 14937 4905 14857
38785 14937 14857 20223
38786 14860 4905 14937
38787 14860 14937 20224
38788 14937 4924 14916
38789 14937 14916 20224
38790 14916 4923 14904
38791 14916 14904 20224
38792 14904 4889 14860
38793 14904 14860 20224
38794 14722 2132 9865
38795 14722 9865 20225
38796 9865 2149 14590
38797 9865 14590 20225
38798 14590 4936 14938
38799 14590 14938 20225
38800 14938 4778 14722
38801 14938 14722 20225
38802 14728 4778 14938
38803 14728 14938 20226
38804 14938 4936 14622
38805 14938 14622 20226
38806 14622 4937 14939
38807 14622 14939 20226
38808 14939 4835 14728
38809 14939 14728 20226
38810 14940 4780 14734
38811 14940 14734 20227
38812 14734 4835 14939
38813 14734 14939 20227
38814 14939 4937 14669
38815 14939 14669 20227
38816 14669 4938 14940
38817 14669 14940 20227
38818 14744 4780 14940
38819 14744 14940 20228
38820 14940 4938 14709
38821 14940 14709 20228
38822 14709 4939 14941
38823 14709 14941 20228
38824 14941 4853 14744
38825 14941 14744 20228
38826 14942 4779 14758
38827 14942 14758 20229
38828 14758 4853 14941
38829 14758 14941 20229
38830 14941 4939 14706
38831 14941 14706 20229
38832 14706 4940 14942
38833 14706 14942 20229
38834 14943 4756 14715
38835 14943 14715 20230
38836 14715 4779 14942
38837 14715 14942 20230
38838 14942 4940 14703
38839 14942 14703 20230
38840 14703 4941 14943
38841 14703 14943 20230
38842 14586 4756 14943
38843 14586 14943 20231
38844 14943 4941 14543
38845 14943 14543 20231
38846 14543 4672 14505
38847 14543 14505 20231
38848 14505 4701 14586
38849 14505 14586 20231
38850 14944 4782 14789
38851 14944 14789 20232
38852 14789 2129 9871
38853 14789 9871 20232
38854 9871 2145 14814
38855 9871 14814 20232
38856 14814 4874 14944
38857 14814 14944 20232
38858 14945 4832 14793
38859 14945 14793 20233
38860 14793 4782 14944
38861 14793 14944 20233
38862 14944 4874 14813
38863 14944 14813 20233
38864 14813 4875 14945
38865 14813 14945 20233
38866 14946 4775 14798
38867 14946 14798 20234
38868 14798 4832 14945
38869 14798 14945 20234
38870 14945 4875 14811
38871 14945 14811 20234
38872 14811 4871 14946
38873 14811 14946 20234
38874 14803 4775 14946
38875 14803 14946 20235
38876 14946 4871 14808
38877 14946 14808 20235
38878 14808 4872 14947
38879 14808 14947 20235
38880 14947 4851 14803
38881 14947 14803 20235
38882 14780 4851 14947
38883 14780 14947 20236
38884 14947 4872 14806
38885 14947 14806 20236
38886 14806 4873 14948
38887 14806 14948 20236
38888 14948 4763 14780
38889 14948 14780 20236
38890 14949 4751 14775
38891 14949 14775 20237
38892 14775 4763 14948
38893 14775 14948 20237
38894 14948 4873 14784
38895 14948 14784 20237
38896 14784 4870 14949
38897 14784 14949 20237
38898 14770 4751 14949
38899 14770 14949 20238
38900 14949 4870 14781
38901 14949 14781 20238
38902 14781 4721 14506
38903 14781 14506 20238
38904 14506 4716 14770
38905 14506 14770 20238
38906 14950 4736 14508
38907 14950 14508 20239
38908 14508 4719 14771
38909 14508 14771 20239
38910 14771 4942 14951
38911 14771 14951 20239
38912 14951 4764 14950
38913 14951 14950 20239
38914 14952 4764 14951
38915 14952 14951 20240
38916 14951 4942 14776
38917 14951 14776 20240
38918 14776 4943 14953
38919 14776 14953 20240
38920 14953 4765 14952
38921 14953 14952 20240
38922 14954 4765 14953
38923 14954 14953 20241
38924 14953 4943 14804
38925 14953 14804 20241
38926 14804 4944 14955
38927 14804 14955 20241
38928 14955 4849 14954
38929 14955 14954 20241
38930 14956 4770 14957
38931 14956 14957 20242
38932 14957 4849 14955
38933 14957 14955 20242
38934 14955 4944 14801
38935 14955 14801 20242
38936 14801 4945 14956
38937 14801 14956 20242
38938 14956 4945 14797
38939 14956 14797 20243
38940 14797 4946 14958
38941 14797 14958 20243
38942 14958 4830 14959
38943 14958 14959 20243
38944 14959 4770 14956
38945 14959 14956 20243
38946 14960 4773 14961
38947 14960 14961 20244
38948 14961 4830 14958
38949 14961 14958 20244
38950 14958 4946 14790
38951 14958 14790 20244
38952 14790 4947 14960
38953 14790 14960 20244
38954 9891 2125 14962
38955 9891 14962 20245
38956 14962 4773 14960
38957 14962 14960 20245
38958 14960 4947 14785
38959 14960 14785 20245
38960 14785 2150 9891
38961 14785 9891 20245
38962 9893 2126 14597
38963 9893 14597 20246
38964 14597 4781 14963
38965 14597 14963 20246
38966 14963 4773 14962
38967 14963 14962 20246
38968 14962 2125 9893
38969 14962 9893 20246
38970 14961 4773 14963
38971 14961 14963 20247
38972 14963 4781 14620
38973 14963 14620 20247
38974 14620 4833 14964
38975 14620 14964 20247
38976 14964 4830 14961
38977 14964 14961 20247
38978 14965 4770 14959
38979 14965 14959 20248
38980 14959 4830 14964
38981 14959 14964 20248
38982 14964 4833 14666
38983 14964 14666 20248
38984 14666 4774 14965
38985 14666 14965 20248
38986 14957 4770 14965
38987 14957 14965 20249
38988 14965 4774 14690
38989 14965 14690 20249
38990 14690 4848 14966
38991 14690 14966 20249
38992 14966 4849 14957
38993 14966 14957 20249
38994 14967 4765 14954
38995 14967 14954 20250
38996 14954 4849 14966
38997 14954 14966 20250
38998 14966 4848 14663
38999 14966 14663 20250
39000 14663 4766 14967
39001 14663 14967 20250
39002 14952 4765 14967
39003 14952 14967 20251
39004 14967 4766 14646
39005 14967 14646 20251
39006 14646 4755 14968
39007 14646 14968 20251
39008 14968 4764 14952
39009 14968 14952 20251
39010 14512 4736 14950
39011 14512 14950 20252
39012 14950 4764 14968
39013 14950 14968 20252
39014 14968 4755 14541
39015 14968 14541 20252
39016 14541 4670 14512
39017 14541 14512 20252
39018 14969 4953 14970
39019 14969 14970 20253
39020 14970 4952 14971
39021 14970 14971 20253
39022 14971 4950 14972
39023 14971 14972 20253
39024 14972 4951 14969
39025 14972 14969 20253
39026 14973 4954 14974
39027 14973 14974 20254
39028 14974 4953 14969
39029 14974 14969 20254
39030 14969 4951 14975
39031 14969 14975 20254
39032 14975 4949 14973
39033 14975 14973 20254
39034 14976 4955 14977
39035 14976 14977 20255
39036 14977 4954 14973
39037 14977 14973 20255
39038 14973 4949 14978
39039 14973 14978 20255
39040 14978 4948 14976
39041 14978 14976 20255
39042 14979 4955 14976
39043 14979 14976 20256
39044 14976 4948 14980
39045 14976 14980 20256
39046 14980 4661 14401
39047 14980 14401 20256
39048 14401 4662 14979
39049 14401 14979 20256
39050 14981 2825 10686
39051 14981 10686 20257
39052 10686 2824 14982
39053 10686 14982 20257
39054 14982 4957 14983
39055 14982 14983 20257
39056 14983 4956 14981
39057 14983 14981 20257
39058 14984 4961 14985
39059 14984 14985 20258
39060 14985 2827 10692
39061 14985 10692 20258
39062 10692 2826 14986
39063 10692 14986 20258
39064 14986 4960 14984
39065 14986 14984 20258
39066 14987 4962 14988
39067 14987 14988 20259
39068 14988 4963 14989
39069 14988 14989 20259
39070 14989 4666 14429
39071 14989 14429 20259
39072 14429 4685 14987
39073 14429 14987 20259
39074 14990 5117 14991
39075 14990 14991 20260
39076 14991 5116 14992
39077 14991 14992 20260
39078 14992 4965 14993
39079 14992 14993 20260
39080 14993 4964 14990
39081 14993 14990 20260
39082 14994 4966 14995
39083 14994 14995 20261
39084 14995 4967 14996
39085 14995 14996 20261
39086 14996 4675 14417
39087 14996 14417 20261
39088 14417 4676 14994
39089 14417 14994 20261
39090 14997 5119 14998
39091 14997 14998 20262
39092 14998 5118 14999
39093 14998 14999 20262
39094 14999 4971 15000
39095 14999 15000 20262
39096 15000 4968 14997
39097 15000 14997 20262
39098 15001 5107 15002
39099 15001 15002 20263
39100 15002 5106 15003
39101 15002 15003 20263
39102 15003 4968 15000
39103 15003 15000 20263
39104 15000 4971 15001
39105 15000 15001 20263
39106 15004 4972 15005
39107 15004 15005 20264
39108 15005 4973 15006
39109 15005 15006 20264
39110 15006 4970 15007
39111 15006 15007 20264
39112 15007 4969 15004
39113 15007 15004 20264
39114 15008 4973 15005
39115 15008 15005 20265
39116 15005 4972 15009
39117 15005 15009 20265
39118 15009 4975 15010
39119 15009 15010 20265
39120 15010 4974 15008
39121 15010 15008 20265
39122 14420 4680 15011
39123 14420 15011 20266
39124 15011 4976 15012
39125 15011 15012 20266
39126 15012 4977 15013
39127 15012 15013 20266
39128 15013 4679 14420
39129 15013 14420 20266
39130 15014 4979 15015
39131 15014 15015 20267
39132 15015 5105 15016
39133 15015 15016 20267
39134 15016 5104 15017
39135 15016 15017 20267
39136 15017 4978 15014
39137 15017 15014 20267
39138 14423 4679 15013
39139 14423 15013 20268
39140 15013 4977 15018
39141 15013 15018 20268
39142 15018 4980 15019
39143 15018 15019 20268
39144 15019 4683 14423
39145 15019 14423 20268
39146 15020 4966 14994
39147 15020 14994 20269
39148 14994 4676 14426
39149 14994 14426 20269
39150 14426 4683 15019
39151 14426 15019 20269
39152 15019 4980 15020
39153 15019 15020 20269
39154 15021 4968 15003
39155 15021 15003 20270
39156 15003 5106 15022
39157 15003 15022 20270
39158 15022 5105 15015
39159 15022 15015 20270
39160 15015 4979 15021
39161 15015 15021 20270
39162 15004 4969 15023
39163 15004 15023 20271
39164 15023 4981 15024
39165 15023 15024 20271
39166 15024 4982 15025
39167 15024 15025 20271
39168 15025 4972 15004
39169 15025 15004 20271
39170 15026 4975 15009
39171 15026 15009 20272
39172 15009 4972 15025
39173 15009 15025 20272
39174 15025 4982 15027
39175 15025 15027 20272
39176 15027 4983 15026
39177 15027 15026 20272
39178 15028 5119 14997
39179 15028 14997 20273
39180 14997 4968 15021
39181 14997 15021 20273
39182 15021 4979 15029
39183 15021 15029 20273
39184 15029 5120 15028
39185 15029 15028 20273
39186 15030 4984 15031
39187 15030 15031 20274
39188 15031 2828 10695
39189 15031 10695 20274
39190 10695 2827 14985
39191 10695 14985 20274
39192 14985 4961 15030
39193 14985 15030 20274
39194 15032 5109 15033
39195 15032 15033 20275
39196 15033 5108 15034
39197 15033 15034 20275
39198 15034 4964 14993
39199 15034 14993 20275
39200 14993 4965 15032
39201 14993 15032 20275
39202 10688 2825 14981
39203 10688 14981 20276
39204 14981 4956 15035
39205 14981 15035 20276
39206 15035 4960 14986
39207 15035 14986 20276
39208 14986 2826 10688
39209 14986 10688 20276
39210 15036 2154 9966
39211 15036 9966 20277
39212 9966 9 10697
39213 9966 10697 20277
39214 10697 2828 15031
39215 10697 15031 20277
39216 15031 4984 15036
39217 15031 15036 20277
39218 9970 2153 15037
39219 9970 15037 20278
39220 15037 4974 15010
39221 15037 15010 20278
39222 15010 4975 15038
39223 15010 15038 20278
39224 15038 2159 9970
39225 15038 9970 20278
39226 15039 2155 9971
39227 15039 9971 20279
39228 9971 2159 15038
39229 9971 15038 20279
39230 15038 4975 15026
39231 15038 15026 20279
39232 15026 4983 15039
39233 15026 15039 20279
39234 15040 5120 15029
39235 15040 15029 20280
39236 15029 4979 15014
39237 15029 15014 20280
39238 15014 4978 15041
39239 15014 15041 20280
39240 15041 5121 15040
39241 15041 15040 20280
39242 15042 4986 15043
39243 15042 15043 20281
39244 15043 2156 9975
39245 15043 9975 20281
39246 9975 2155 15039
39247 9975 15039 20281
39248 15039 4983 15042
39249 15039 15042 20281
39250 15044 4986 15042
39251 15044 15042 20282
39252 15042 4983 15027
39253 15042 15027 20282
39254 15027 4982 15045
39255 15027 15045 20282
39256 15045 4987 15044
39257 15045 15044 20282
39258 15046 4987 15045
39259 15046 15045 20283
39260 15045 4982 15024
39261 15045 15024 20283
39262 15024 4981 15047
39263 15024 15047 20283
39264 15047 4985 15046
39265 15047 15046 20283
39266 15048 5103 15049
39267 15048 15049 20284
39268 15049 4988 15050
39269 15049 15050 20284
39270 15050 4978 15017
39271 15050 15017 20284
39272 15017 5104 15048
39273 15017 15048 20284
39274 15051 4987 15046
39275 15051 15046 20285
39276 15046 4985 15052
39277 15046 15052 20285
39278 15052 4990 15053
39279 15052 15053 20285
39280 15053 4989 15051
39281 15053 15051 20285
39282 15051 4989 15054
39283 15051 15054 20286
39284 15054 4991 15055
39285 15054 15055 20286
39286 15055 4986 15044
39287 15055 15044 20286
39288 15044 4987 15051
39289 15044 15051 20286
39290 15055 4991 15056
39291 15055 15056 20287
39292 15056 2158 9990
39293 15056 9990 20287
39294 9990 2156 15043
39295 9990 15043 20287
39296 15043 4986 15055
39297 15043 15055 20287
39298 15041 4978 15050
39299 15041 15050 20288
39300 15050 4988 15057
39301 15050 15057 20288
39302 15057 5122 15058
39303 15057 15058 20288
39304 15058 5121 15041
39305 15058 15041 20288
39306 9995 2154 15036
39307 9995 15036 20289
39308 15036 4984 15059
39309 15036 15059 20289
39310 15059 4974 15037
39311 15059 15037 20289
39312 15037 2153 9995
39313 15037 9995 20289
39314 15060 4973 15008
39315 15060 15008 20290
39316 15008 4974 15059
39317 15008 15059 20290
39318 15059 4984 15030
39319 15059 15030 20290
39320 15030 4961 15060
39321 15030 15060 20290
39322 15006 4973 15060
39323 15006 15060 20291
39324 15060 4961 14984
39325 15060 14984 20291
39326 14984 4960 15061
39327 14984 15061 20291
39328 15061 4970 15006
39329 15061 15006 20291
39330 14999 5118 15062
39331 14999 15062 20292
39332 15062 5117 14990
39333 15062 14990 20292
39334 14990 4964 15063
39335 14990 15063 20292
39336 15063 4971 14999
39337 15063 14999 20292
39338 15064 5107 15001
39339 15064 15001 20293
39340 15001 4971 15063
39341 15001 15063 20293
39342 15063 4964 15034
39343 15063 15034 20293
39344 15034 5108 15064
39345 15034 15064 20293
39346 14996 4967 15065
39347 14996 15065 20294
39348 15065 4962 14987
39349 15065 14987 20294
39350 14987 4685 14431
39351 14987 14431 20294
39352 14431 4675 14996
39353 14431 14996 20294
39354 10004 2121 14434
39355 10004 14434 20295
39356 14434 4687 15066
39357 14434 15066 20295
39358 15066 5000 15067
39359 15066 15067 20295
39360 15067 2152 10004
39361 15067 10004 20295
39362 15067 5000 15068
39363 15067 15068 20296
39364 15068 5001 15069
39365 15068 15069 20296
39366 15069 2160 10005
39367 15069 10005 20296
39368 10005 2152 15067
39369 10005 15067 20296
39370 15070 5000 15066
39371 15070 15066 20297
39372 15066 4687 14462
39373 15066 14462 20297
39374 14462 4708 15071
39375 14462 15071 20297
39376 15071 5003 15070
39377 15071 15070 20297
39378 15072 5001 15068
39379 15072 15068 20298
39380 15068 5000 15070
39381 15068 15070 20298
39382 15070 5003 15073
39383 15070 15073 20298
39384 15073 5005 15072
39385 15073 15072 20298
39386 15074 5007 15075
39387 15074 15075 20299
39388 15075 5006 15076
39389 15075 15076 20299
39390 15076 5009 15077
39391 15076 15077 20299
39392 15077 5008 15074
39393 15077 15074 20299
39394 15078 5010 15079
39395 15078 15079 20300
39396 15079 5011 15080
39397 15079 15080 20300
39398 15080 5008 15077
39399 15080 15077 20300
39400 15077 5009 15078
39401 15077 15078 20300
39402 14992 5116 15081
39403 14992 15081 20301
39404 15081 5115 15082
39405 15081 15082 20301
39406 15082 5012 15083
39407 15082 15083 20301
39408 15083 4965 14992
39409 15083 14992 20301
39410 15084 5110 15085
39411 15084 15085 20302
39412 15085 5109 15032
39413 15085 15032 20302
39414 15032 4965 15083
39415 15032 15083 20302
39416 15083 5012 15084
39417 15083 15084 20302
39418 14989 4963 15086
39419 14989 15086 20303
39420 15086 5013 15087
39421 15086 15087 20303
39422 15087 4665 14406
39423 15087 14406 20303
39424 14406 4666 14989
39425 14406 14989 20303
39426 15076 5006 15088
39427 15076 15088 20304
39428 15088 4692 14444
39429 15088 14444 20304
39430 14444 4696 15089
39431 14444 15089 20304
39432 15089 5009 15076
39433 15089 15076 20304
39434 15090 5014 15091
39435 15090 15091 20305
39436 15091 5010 15092
39437 15091 15092 20305
39438 15092 4706 14457
39439 15092 14457 20305
39440 14457 4703 15090
39441 14457 15090 20305
39442 14460 4706 15092
39443 14460 15092 20306
39444 15092 5010 15078
39445 15092 15078 20306
39446 15078 5009 15089
39447 15078 15089 20306
39448 15089 4696 14460
39449 15089 14460 20306
39450 15080 5011 15093
39451 15080 15093 20307
39452 15093 5017 15094
39453 15093 15094 20307
39454 15094 5018 15095
39455 15094 15095 20307
39456 15095 5008 15080
39457 15095 15080 20307
39458 15096 5007 15074
39459 15096 15074 20308
39460 15074 5008 15095
39461 15074 15095 20308
39462 15095 5018 15097
39463 15095 15097 20308
39464 15097 5019 15096
39465 15097 15096 20308
39466 15098 5001 15072
39467 15098 15072 20309
39468 15072 5005 15099
39469 15072 15099 20309
39470 15099 5024 15100
39471 15099 15100 20309
39472 15100 5025 15098
39473 15100 15098 20309
39474 10040 2160 15069
39475 10040 15069 20310
39476 15069 5001 15098
39477 15069 15098 20310
39478 15098 5025 15101
39479 15098 15101 20310
39480 15101 2161 10040
39481 15101 10040 20310
39482 15102 5011 15079
39483 15102 15079 20311
39484 15079 5010 15091
39485 15079 15091 20311
39486 15091 5014 15103
39487 15091 15103 20311
39488 15103 5026 15102
39489 15103 15102 20311
39490 15104 5029 15105
39491 15104 15105 20312
39492 15105 4976 15011
39493 15105 15011 20312
39494 15011 4680 14436
39495 15011 14436 20312
39496 14436 4690 15104
39497 14436 15104 20312
39498 15101 5025 15106
39499 15101 15106 20313
39500 15106 5030 15107
39501 15106 15107 20313
39502 15107 2151 10045
39503 15107 10045 20313
39504 10045 2161 15101
39505 10045 15101 20313
39506 15108 5030 15106
39507 15108 15106 20314
39508 15106 5025 15100
39509 15106 15100 20314
39510 15100 5024 15109
39511 15100 15109 20314
39512 15109 5031 15108
39513 15109 15108 20314
39514 15110 5033 15111
39515 15110 15111 20315
39516 15111 5019 15097
39517 15111 15097 20315
39518 15097 5018 15112
39519 15097 15112 20315
39520 15112 5032 15110
39521 15112 15110 20315
39522 15094 5017 15113
39523 15094 15113 20316
39524 15113 5034 15114
39525 15113 15114 20316
39526 15114 5032 15112
39527 15114 15112 20316
39528 15112 5018 15094
39529 15112 15094 20316
39530 15115 5032 15114
39531 15115 15114 20317
39532 15114 5034 15116
39533 15114 15116 20317
39534 15116 2763 10472
39535 15116 10472 20317
39536 10472 2766 15115
39537 10472 15115 20317
39538 15117 5033 15110
39539 15117 15110 20318
39540 15110 5032 15115
39541 15110 15115 20318
39542 15115 2766 10477
39543 15115 10477 20318
39544 10477 2768 15117
39545 10477 15117 20318
39546 15118 5030 15108
39547 15118 15108 20319
39548 15108 5031 15119
39549 15108 15119 20319
39550 15119 2761 10466
39551 15119 10466 20319
39552 10466 2759 15118
39553 10466 15118 20319
39554 10060 2151 15107
39555 10060 15107 20320
39556 15107 5030 15118
39557 15107 15118 20320
39558 15118 2759 10463
39559 15118 10463 20320
39560 10463 8 10060
39561 10463 10060 20320
39562 15120 5017 15093
39563 15120 15093 20321
39564 15093 5011 15102
39565 15093 15102 20321
39566 15102 5026 15121
39567 15102 15121 20321
39568 15121 5035 15120
39569 15121 15120 20321
39570 15122 5034 15113
39571 15122 15113 20322
39572 15113 5017 15120
39573 15113 15120 20322
39574 15120 5035 15123
39575 15120 15123 20322
39576 15123 5036 15122
39577 15123 15122 20322
39578 15122 5036 15124
39579 15122 15124 20323
39580 15124 2774 10483
39581 15124 10483 20323
39582 10483 2763 15116
39583 10483 15116 20323
39584 15116 5034 15122
39585 15116 15122 20323
39586 15125 2157 10067
39587 15125 10067 20324
39588 10067 2158 15056
39589 10067 15056 20324
39590 15056 4991 15126
39591 15056 15126 20324
39592 15126 5044 15125
39593 15126 15125 20324
39594 15127 5046 15128
39595 15127 15128 20325
39596 15128 4989 15053
39597 15128 15053 20325
39598 15053 4990 15129
39599 15053 15129 20325
39600 15129 5045 15127
39601 15129 15127 20325
39602 15054 4989 15128
39603 15054 15128 20326
39604 15128 5046 15130
39605 15128 15130 20326
39606 15130 5044 15126
39607 15130 15126 20326
39608 15126 4991 15054
39609 15126 15054 20326
39610 15057 4988 15131
39611 15057 15131 20327
39612 15131 5047 15132
39613 15131 15132 20327
39614 15132 5123 15133
39615 15132 15133 20327
39616 15133 5122 15057
39617 15133 15057 20327
39618 15134 5047 15131
39619 15134 15131 20328
39620 15131 4988 15049
39621 15131 15049 20328
39622 15049 5103 15135
39623 15049 15135 20328
39624 15135 5102 15134
39625 15135 15134 20328
39626 15105 5029 15136
39627 15105 15136 20329
39628 15136 5049 15137
39629 15136 15137 20329
39630 15137 5048 15138
39631 15137 15138 20329
39632 15138 4976 15105
39633 15138 15105 20329
39634 15139 5047 15134
39635 15139 15134 20330
39636 15134 5102 15140
39637 15134 15140 20330
39638 15140 5101 15141
39639 15140 15141 20330
39640 15141 5050 15139
39641 15141 15139 20330
39642 15142 5123 15132
39643 15142 15132 20331
39644 15132 5047 15139
39645 15132 15139 20331
39646 15139 5050 15143
39647 15139 15143 20331
39648 15143 5124 15142
39649 15143 15142 20331
39650 15144 5046 15127
39651 15144 15127 20332
39652 15127 5045 15145
39653 15127 15145 20332
39654 15145 5052 15146
39655 15145 15146 20332
39656 15146 5053 15144
39657 15146 15144 20332
39658 15147 5044 15130
39659 15147 15130 20333
39660 15130 5046 15144
39661 15130 15144 20333
39662 15144 5053 15148
39663 15144 15148 20333
39664 15148 5054 15147
39665 15148 15147 20333
39666 10092 2157 15125
39667 10092 15125 20334
39668 15125 5044 15147
39669 15125 15147 20334
39670 15147 5054 15149
39671 15147 15149 20334
39672 15149 2163 10092
39673 15149 10092 20334
39674 15150 5056 15151
39675 15150 15151 20335
39676 15151 5053 15146
39677 15151 15146 20335
39678 15146 5052 15152
39679 15146 15152 20335
39680 15152 5055 15150
39681 15152 15150 20335
39682 15153 5057 15154
39683 15153 15154 20336
39684 15154 5054 15148
39685 15154 15148 20336
39686 15148 5053 15151
39687 15148 15151 20336
39688 15151 5056 15153
39689 15151 15153 20336
39690 15155 2162 10098
39691 15155 10098 20337
39692 10098 2163 15149
39693 10098 15149 20337
39694 15149 5054 15154
39695 15149 15154 20337
39696 15154 5057 15155
39697 15154 15155 20337
39698 15156 5125 15157
39699 15156 15157 20338
39700 15157 5124 15143
39701 15157 15143 20338
39702 15143 5050 15158
39703 15143 15158 20338
39704 15158 5058 15156
39705 15158 15156 20338
39706 15159 4949 14975
39707 15159 14975 20339
39708 14975 4951 15160
39709 14975 15160 20339
39710 15160 5059 15161
39711 15160 15161 20339
39712 15161 5049 15159
39713 15161 15159 20339
39714 15137 5049 15161
39715 15137 15161 20340
39716 15161 5059 15162
39717 15161 15162 20340
39718 15162 5051 15163
39719 15162 15163 20340
39720 15163 5048 15137
39721 15163 15137 20340
39722 15164 5060 15165
39723 15164 15165 20341
39724 15165 5059 15160
39725 15165 15160 20341
39726 15160 4951 14972
39727 15160 14972 20341
39728 14972 4950 15164
39729 14972 15164 20341
39730 15166 5061 15167
39731 15166 15167 20342
39732 15167 5051 15162
39733 15167 15162 20342
39734 15162 5059 15165
39735 15162 15165 20342
39736 15165 5060 15166
39737 15165 15166 20342
39738 15168 5058 15158
39739 15168 15158 20343
39740 15158 5050 15141
39741 15158 15141 20343
39742 15141 5101 15169
39743 15141 15169 20343
39744 15169 5100 15168
39745 15169 15168 20343
39746 14978 4949 15159
39747 14978 15159 20344
39748 15159 5049 15136
39749 15159 15136 20344
39750 15136 5029 15170
39751 15136 15170 20344
39752 15170 4948 14978
39753 15170 14978 20344
39754 14980 4948 15170
39755 14980 15170 20345
39756 15170 5029 15104
39757 15170 15104 20345
39758 15104 4690 14438
39759 15104 14438 20345
39760 14438 4661 14980
39761 14438 14980 20345
39762 15171 4997 15172
39763 15171 15172 20346
39764 15172 4995 15173
39765 15172 15173 20346
39766 15173 5062 15174
39767 15173 15174 20346
39768 15174 5063 15171
39769 15174 15171 20346
39770 15175 4996 15176
39771 15175 15176 20347
39772 15176 4994 15177
39773 15176 15177 20347
39774 15177 5006 15075
39775 15177 15075 20347
39776 15075 5007 15175
39777 15075 15175 20347
39778 15175 5007 15096
39779 15175 15096 20348
39780 15096 5019 15178
39781 15096 15178 20348
39782 15178 5020 15179
39783 15178 15179 20348
39784 15179 4996 15175
39785 15179 15175 20348
39786 15180 5021 15181
39787 15180 15181 20349
39788 15181 4997 15171
39789 15181 15171 20349
39790 15171 5063 15182
39791 15171 15182 20349
39792 15182 5064 15180
39793 15182 15180 20349
39794 15183 5042 15184
39795 15183 15184 20350
39796 15184 5020 15178
39797 15184 15178 20350
39798 15178 5019 15111
39799 15178 15111 20350
39800 15111 5033 15183
39801 15111 15183 20350
39802 15117 2768 10532
39803 15117 10532 20351
39804 10532 2805 15185
39805 10532 15185 20351
39806 15185 5042 15183
39807 15185 15183 20351
39808 15183 5033 15117
39809 15183 15117 20351
39810 15186 5043 15187
39811 15186 15187 20352
39812 15187 5021 15180
39813 15187 15180 20352
39814 15180 5064 15188
39815 15180 15188 20352
39816 15188 5065 15186
39817 15188 15186 20352
39818 10536 2806 15189
39819 10536 15189 20353
39820 15189 5043 15186
39821 15189 15186 20353
39822 15186 5065 15190
39823 15186 15190 20353
39824 15190 2807 10536
39825 15190 10536 20353
39826 15190 5065 15191
39827 15190 15191 20354
39828 15191 5042 15185
39829 15191 15185 20354
39830 15185 2805 10538
39831 15185 10538 20354
39832 10538 2807 15190
39833 10538 15190 20354
39834 15192 5020 15184
39835 15192 15184 20355
39836 15184 5042 15191
39837 15184 15191 20355
39838 15191 5065 15188
39839 15191 15188 20355
39840 15188 5064 15192
39841 15188 15192 20355
39842 15193 4996 15179
39843 15193 15179 20356
39844 15179 5020 15192
39845 15179 15192 20356
39846 15192 5064 15182
39847 15192 15182 20356
39848 15182 5063 15193
39849 15182 15193 20356
39850 15194 4994 15176
39851 15194 15176 20357
39852 15176 4996 15193
39853 15176 15193 20357
39854 15193 5063 15174
39855 15193 15174 20357
39856 15174 5062 15194
39857 15174 15194 20357
39858 15195 5023 15196
39859 15195 15196 20358
39860 15196 5004 15197
39861 15196 15197 20358
39862 15197 5067 15198
39863 15197 15198 20358
39864 15198 5068 15195
39865 15198 15195 20358
39866 15199 5004 15196
39867 15199 15196 20359
39868 15196 5023 15200
39869 15196 15200 20359
39870 15200 5024 15099
39871 15200 15099 20359
39872 15099 5005 15199
39873 15099 15199 20359
39874 15201 5040 15202
39875 15201 15202 20360
39876 15202 5031 15109
39877 15202 15109 20360
39878 15109 5024 15200
39879 15109 15200 20360
39880 15200 5023 15201
39881 15200 15201 20360
39882 15202 5040 15203
39883 15202 15203 20361
39884 15203 2792 10505
39885 15203 10505 20361
39886 10505 2761 15119
39887 10505 15119 20361
39888 15119 5031 15202
39889 15119 15202 20361
39890 15204 5040 15201
39891 15204 15201 20362
39892 15201 5023 15195
39893 15201 15195 20362
39894 15195 5068 15205
39895 15195 15205 20362
39896 15205 5069 15204
39897 15205 15204 20362
39898 10539 2792 15203
39899 10539 15203 20363
39900 15203 5040 15204
39901 15203 15204 20363
39902 15204 5069 15206
39903 15204 15206 20363
39904 15206 2793 10539
39905 15206 10539 20363
39906 15207 4995 15172
39907 15207 15172 20364
39908 15172 4997 15208
39909 15172 15208 20364
39910 15208 4999 15209
39911 15208 15209 20364
39912 15209 4998 15207
39913 15209 15207 20364
39914 14465 4697 15210
39915 14465 15210 20365
39916 15210 4995 15207
39917 15210 15207 20365
39918 15207 4998 15211
39919 15207 15211 20365
39920 15211 4710 14465
39921 15211 14465 20365
39922 15208 4997 15181
39923 15208 15181 20366
39924 15181 5021 15212
39925 15181 15212 20366
39926 15212 5022 15213
39927 15212 15213 20366
39928 15213 4999 15208
39929 15213 15208 20366
39930 15212 5021 15187
39931 15212 15187 20367
39932 15187 5043 15214
39933 15187 15214 20367
39934 15214 5041 15215
39935 15214 15215 20367
39936 15215 5022 15212
39937 15215 15212 20367
39938 15214 5043 15189
39939 15214 15189 20368
39940 15189 2806 10534
39941 15189 10534 20368
39942 10534 2804 15216
39943 10534 15216 20368
39944 15216 5041 15214
39945 15216 15214 20368
39946 15216 2804 10541
39947 15216 10541 20369
39948 10541 2793 15206
39949 10541 15206 20369
39950 15206 5069 15217
39951 15206 15217 20369
39952 15217 5041 15216
39953 15217 15216 20369
39954 15218 5022 15215
39955 15218 15215 20370
39956 15215 5041 15217
39957 15215 15217 20370
39958 15217 5069 15205
39959 15217 15205 20370
39960 15205 5068 15218
39961 15205 15218 20370
39962 15219 4999 15213
39963 15219 15213 20371
39964 15213 5022 15218
39965 15213 15218 20371
39966 15218 5068 15198
39967 15218 15198 20371
39968 15198 5067 15219
39969 15198 15219 20371
39970 15173 4995 15210
39971 15173 15210 20372
39972 15210 4697 14450
39973 15210 14450 20372
39974 14450 4698 15220
39975 14450 15220 20372
39976 15220 5062 15173
39977 15220 15173 20372
39978 15177 4994 15221
39979 15177 15221 20373
39980 15221 4691 14443
39981 15221 14443 20373
39982 14443 4692 15088
39983 14443 15088 20373
39984 15088 5006 15177
39985 15088 15177 20373
39986 15221 4994 15194
39987 15221 15194 20374
39988 15194 5062 15220
39989 15194 15220 20374
39990 15220 4698 14451
39991 15220 14451 20374
39992 14451 4691 15221
39993 14451 15221 20374
39994 15197 5004 15222
39995 15197 15222 20375
39996 15222 5002 15223
39997 15222 15223 20375
39998 15223 5066 15224
39999 15223 15224 20375
40000 15224 5067 15197
40001 15224 15197 20375
40002 15225 5002 15222
40003 15225 15222 20376
40004 15222 5004 15199
40005 15222 15199 20376
40006 15199 5005 15073
40007 15199 15073 20376
40008 15073 5003 15225
40009 15073 15225 20376
40010 15226 4998 15209
40011 15226 15209 20377
40012 15209 4999 15219
40013 15209 15219 20377
40014 15219 5067 15224
40015 15219 15224 20377
40016 15224 5066 15226
40017 15224 15226 20377
40018 15223 5002 15227
40019 15223 15227 20378
40020 15227 4711 14475
40021 15227 14475 20378
40022 14475 4713 15228
40023 14475 15228 20378
40024 15228 5066 15223
40025 15228 15223 20378
40026 14470 4711 15227
40027 14470 15227 20379
40028 15227 5002 15225
40029 15227 15225 20379
40030 15225 5003 15071
40031 15225 15071 20379
40032 15071 4708 14470
40033 15071 14470 20379
40034 14473 4710 15211
40035 14473 15211 20380
40036 15211 4998 15226
40037 15211 15226 20380
40038 15226 5066 15228
40039 15226 15228 20380
40040 15228 4713 14473
40041 15228 14473 20380
40042 15229 5039 15230
40043 15229 15230 20381
40044 15230 2778 10575
40045 15230 10575 20381
40046 10575 2774 15124
40047 10575 15124 20381
40048 15124 5036 15229
40049 15124 15229 20381
40050 15231 5016 15232
40051 15231 15232 20382
40052 15232 5014 15090
40053 15232 15090 20382
40054 15090 4703 14454
40055 15090 14454 20382
40056 14454 4704 15231
40057 14454 15231 20382
40058 15233 5026 15103
40059 15233 15103 20383
40060 15103 5014 15232
40061 15103 15232 20383
40062 15232 5016 15234
40063 15232 15234 20383
40064 15234 5037 15233
40065 15234 15233 20383
40066 15235 5035 15121
40067 15235 15121 20384
40068 15121 5026 15233
40069 15121 15233 20384
40070 15233 5037 15236
40071 15233 15236 20384
40072 15236 5038 15235
40073 15236 15235 20384
40074 15229 5036 15123
40075 15229 15123 20385
40076 15123 5035 15235
40077 15123 15235 20385
40078 15235 5038 15237
40079 15235 15237 20385
40080 15237 5039 15229
40081 15237 15229 20385
40082 15238 5037 15234
40083 15238 15234 20386
40084 15234 5016 15239
40085 15234 15239 20386
40086 15239 5074 15240
40087 15239 15240 20386
40088 15240 5075 15238
40089 15240 15238 20386
40090 10577 2778 15230
40091 10577 15230 20387
40092 15230 5039 15241
40093 15230 15241 20387
40094 15241 5071 15242
40095 15241 15242 20387
40096 15242 2815 10577
40097 15242 10577 20387
40098 15241 5039 15237
40099 15241 15237 20388
40100 15237 5038 15243
40101 15237 15243 20388
40102 15243 5070 15244
40103 15243 15244 20388
40104 15244 5071 15241
40105 15244 15241 20388
40106 15243 5038 15236
40107 15243 15236 20389
40108 15236 5037 15238
40109 15236 15238 20389
40110 15238 5075 15245
40111 15238 15245 20389
40112 15245 5070 15243
40113 15245 15243 20389
40114 15246 4669 14409
40115 15246 14409 20390
40116 14409 4665 15087
40117 14409 15087 20390
40118 15087 5013 15247
40119 15087 15247 20390
40120 15247 4993 15246
40121 15247 15246 20390
40122 15084 5012 15248
40123 15084 15248 20391
40124 15248 5028 15249
40125 15248 15249 20391
40126 15249 5111 15250
40127 15249 15250 20391
40128 15250 5110 15084
40129 15250 15084 20391
40130 15082 5115 15251
40131 15082 15251 20392
40132 15251 5114 15252
40133 15251 15252 20392
40134 15252 5028 15248
40135 15252 15248 20392
40136 15248 5012 15082
40137 15248 15082 20392
40138 15252 5114 15253
40139 15252 15253 20393
40140 15253 5113 15254
40141 15253 15254 20393
40142 15254 5079 15255
40143 15254 15255 20393
40144 15255 5028 15252
40145 15255 15252 20393
40146 14982 2824 10684
40147 14982 10684 20394
40148 10684 2823 15256
40149 10684 15256 20394
40150 15256 5027 15257
40151 15256 15257 20394
40152 15257 4957 14982
40153 15257 14982 20394
40154 15258 5112 15259
40155 15258 15259 20395
40156 15259 5111 15249
40157 15259 15249 20395
40158 15249 5028 15255
40159 15249 15255 20395
40160 15255 5079 15258
40161 15255 15258 20395
40162 15256 2823 10682
40163 15256 10682 20396
40164 10682 2822 15260
40165 10682 15260 20396
40166 15260 5080 15261
40167 15260 15261 20396
40168 15261 5027 15256
40169 15261 15256 20396
40170 15262 5015 15263
40171 15262 15263 20397
40172 15263 5094 15264
40173 15263 15264 20397
40174 15264 4673 14410
40175 15264 14410 20397
40176 14410 4674 15262
40177 14410 15262 20397
40178 15265 5094 15263
40179 15265 15263 20398
40180 15263 5015 15266
40181 15263 15266 20398
40182 15266 5073 15267
40183 15266 15267 20398
40184 15267 5095 15265
40185 15267 15265 20398
40186 15268 5098 15269
40187 15268 15269 20399
40188 15269 4958 15270
40189 15269 15270 20399
40190 15270 4717 14482
40191 15270 14482 20399
40192 14482 4718 15268
40193 14482 15268 20399
40194 15262 4674 14478
40195 15262 14478 20400
40196 14478 4715 15271
40197 14478 15271 20400
40198 15271 4959 15272
40199 15271 15272 20400
40200 15272 5015 15262
40201 15272 15262 20400
40202 15266 5015 15272
40203 15266 15272 20401
40204 15272 4959 15273
40205 15272 15273 20401
40206 15273 5072 15274
40207 15273 15274 20401
40208 15274 5073 15266
40209 15274 15266 20401
40210 15270 4958 15275
40211 15270 15275 20402
40212 15275 5076 15276
40213 15275 15276 20402
40214 15276 4722 14483
40215 15276 14483 20402
40216 14483 4717 15270
40217 14483 15270 20402
40218 15277 5076 15275
40219 15277 15275 20403
40220 15275 4958 15278
40221 15275 15278 20403
40222 15278 5078 15279
40223 15278 15279 20403
40224 15279 5096 15277
40225 15279 15277 20403
40226 15278 4958 15269
40227 15278 15269 20404
40228 15269 5098 15280
40229 15269 15280 20404
40230 15280 5097 15281
40231 15280 15281 20404
40232 15281 5078 15278
40233 15281 15278 20404
40234 15282 5082 15283
40235 15282 15283 20405
40236 15283 4952 14970
40237 15283 14970 20405
40238 14970 4953 15284
40239 14970 15284 20405
40240 15284 5081 15282
40241 15284 15282 20405
40242 15285 5084 15286
40243 15285 15286 20406
40244 15286 5083 15287
40245 15286 15287 20406
40246 15287 5082 15282
40247 15287 15282 20406
40248 15282 5081 15285
40249 15282 15285 20406
40250 15288 5086 15289
40251 15288 15289 20407
40252 15289 5085 15290
40253 15289 15290 20407
40254 15290 5083 15286
40255 15290 15286 20407
40256 15286 5084 15288
40257 15286 15288 20407
40258 15291 5088 15292
40259 15291 15292 20408
40260 15292 5085 15289
40261 15292 15289 20408
40262 15289 5086 15293
40263 15289 15293 20408
40264 15293 5087 15291
40265 15293 15291 20408
40266 14489 4724 15294
40267 14489 15294 20409
40268 15294 5088 15291
40269 15294 15291 20409
40270 15291 5087 15295
40271 15291 15295 20409
40272 15295 4723 14489
40273 15295 14489 20409
40274 15296 5081 15284
40275 15296 15284 20410
40276 15284 4953 14974
40277 15284 14974 20410
40278 14974 4954 15297
40279 14974 15297 20410
40280 15297 5089 15296
40281 15297 15296 20410
40282 15298 5091 15299
40283 15298 15299 20411
40284 15299 5084 15285
40285 15299 15285 20411
40286 15285 5081 15296
40287 15285 15296 20411
40288 15296 5089 15298
40289 15296 15298 20411
40290 15300 5089 15297
40291 15300 15297 20412
40292 15297 4954 14977
40293 15297 14977 20412
40294 14977 4955 15301
40295 14977 15301 20412
40296 15301 5090 15300
40297 15301 15300 20412
40298 15302 5090 15301
40299 15302 15301 20413
40300 15301 4955 14979
40301 15301 14979 20413
40302 14979 4662 14491
40303 14979 14491 20413
40304 14491 4728 15302
40305 14491 15302 20413
40306 15303 5091 15298
40307 15303 15298 20414
40308 15298 5089 15300
40309 15298 15300 20414
40310 15300 5090 15303
40311 15300 15303 20414
40312 15302 4728 14493
40313 15302 14493 20415
40314 14493 4730 15304
40315 14493 15304 20415
40316 15304 5091 15303
40317 15304 15303 20415
40318 15303 5090 15302
40319 15303 15302 20415
40320 15305 5092 15306
40321 15305 15306 20416
40322 15306 5091 15304
40323 15306 15304 20416
40324 15304 4730 14498
40325 15304 14498 20416
40326 14498 4731 15305
40327 14498 15305 20416
40328 15307 5086 15288
40329 15307 15288 20417
40330 15288 5084 15299
40331 15288 15299 20417
40332 15299 5091 15306
40333 15299 15306 20417
40334 15306 5092 15307
40335 15306 15307 20417
40336 15308 5087 15293
40337 15308 15293 20418
40338 15293 5086 15307
40339 15293 15307 20418
40340 15307 5092 15309
40341 15307 15309 20418
40342 15309 5093 15308
40343 15309 15308 20418
40344 14502 4734 15310
40345 14502 15310 20419
40346 15310 5093 15309
40347 15310 15309 20419
40348 15309 5092 15305
40349 15309 15305 20419
40350 15305 4731 14502
40351 15305 14502 20419
40352 14499 4723 15295
40353 14499 15295 20420
40354 15295 5087 15308
40355 15295 15308 20420
40356 15308 5093 15310
40357 15308 15310 20420
40358 15310 4734 14499
40359 15310 14499 20420
40360 15311 5016 15231
40361 15311 15231 20421
40362 15231 4704 14504
40363 15231 14504 20421
40364 14504 4673 15264
40365 14504 15264 20421
40366 15264 5094 15311
40367 15264 15311 20421
40368 15239 5016 15311
40369 15239 15311 20422
40370 15311 5094 15265
40371 15311 15265 20422
40372 15265 5095 15312
40373 15265 15312 20422
40374 15312 5074 15239
40375 15312 15239 20422
40376 15271 4715 14507
40377 15271 14507 20423
40378 14507 4722 15276
40379 14507 15276 20423
40380 15276 5076 15313
40381 15276 15313 20423
40382 15313 4959 15271
40383 15313 15271 20423
40384 15314 5072 15273
40385 15314 15273 20424
40386 15273 4959 15313
40387 15273 15313 20424
40388 15313 5076 15277
40389 15313 15277 20424
40390 15277 5096 15314
40391 15277 15314 20424
40392 15315 4992 15316
40393 15315 15316 20425
40394 15316 5077 15317
40395 15316 15317 20425
40396 15317 5097 15280
40397 15317 15280 20425
40398 15280 5098 15315
40399 15280 15315 20425
40400 15318 4992 15315
40401 15318 15315 20426
40402 15315 5098 15268
40403 15315 15268 20426
40404 15268 4718 14510
40405 15268 14510 20426
40406 14510 4735 15318
40407 14510 15318 20426
40408 15319 4992 15318
40409 15319 15318 20427
40410 15318 4735 14511
40411 15318 14511 20427
40412 14511 4669 15246
40413 14511 15246 20427
40414 15246 4993 15319
40415 15246 15319 20427
40416 15319 4993 15320
40417 15319 15320 20428
40418 15320 5099 15321
40419 15320 15321 20428
40420 15321 5077 15316
40421 15321 15316 20428
40422 15316 4992 15319
40423 15316 15319 20428
40424 15322 5100 15169
40425 15322 15169 20429
40426 15169 5101 15323
40427 15169 15323 20429
40428 15323 5051 15167
40429 15323 15167 20429
40430 15167 5061 15322
40431 15167 15322 20429
40432 15324 5048 15163
40433 15324 15163 20430
40434 15163 5051 15323
40435 15163 15323 20430
40436 15323 5101 15140
40437 15323 15140 20430
40438 15140 5102 15324
40439 15140 15324 20430
40440 15324 5102 15135
40441 15324 15135 20431
40442 15135 5103 15325
40443 15135 15325 20431
40444 15325 4976 15138
40445 15325 15138 20431
40446 15138 5048 15324
40447 15138 15324 20431
40448 15012 4976 15325
40449 15012 15325 20432
40450 15325 5103 15048
40451 15325 15048 20432
40452 15048 5104 15326
40453 15048 15326 20432
40454 15326 4977 15012
40455 15326 15012 20432
40456 15327 4980 15018
40457 15327 15018 20433
40458 15018 4977 15326
40459 15018 15326 20433
40460 15326 5104 15016
40461 15326 15016 20433
40462 15016 5105 15327
40463 15016 15327 20433
40464 15328 4966 15020
40465 15328 15020 20434
40466 15020 4980 15327
40467 15020 15327 20434
40468 15327 5105 15022
40469 15327 15022 20434
40470 15022 5106 15328
40471 15022 15328 20434
40472 15329 4967 14995
40473 15329 14995 20435
40474 14995 4966 15328
40475 14995 15328 20435
40476 15328 5106 15002
40477 15328 15002 20435
40478 15002 5107 15329
40479 15002 15329 20435
40480 15065 4967 15329
40481 15065 15329 20436
40482 15329 5107 15064
40483 15329 15064 20436
40484 15064 5108 15330
40485 15064 15330 20436
40486 15330 4962 15065
40487 15330 15065 20436
40488 15331 4963 14988
40489 15331 14988 20437
40490 14988 4962 15330
40491 14988 15330 20437
40492 15330 5108 15033
40493 15330 15033 20437
40494 15033 5109 15331
40495 15033 15331 20437
40496 15332 5013 15086
40497 15332 15086 20438
40498 15086 4963 15331
40499 15086 15331 20438
40500 15331 5109 15085
40501 15331 15085 20438
40502 15085 5110 15332
40503 15085 15332 20438
40504 15332 5110 15250
40505 15332 15250 20439
40506 15250 5111 15333
40507 15250 15333 20439
40508 15333 4993 15247
40509 15333 15247 20439
40510 15247 5013 15332
40511 15247 15332 20439
40512 15334 5099 15320
40513 15334 15320 20440
40514 15320 4993 15333
40515 15320 15333 20440
40516 15333 5111 15259
40517 15333 15259 20440
40518 15259 5112 15334
40519 15259 15334 20440
40520 15335 5027 15261
40521 15335 15261 20441
40522 15261 5080 15336
40523 15261 15336 20441
40524 15336 5113 15253
40525 15336 15253 20441
40526 15253 5114 15335
40527 15253 15335 20441
40528 15337 4957 15257
40529 15337 15257 20442
40530 15257 5027 15335
40531 15257 15335 20442
40532 15335 5114 15251
40533 15335 15251 20442
40534 15251 5115 15337
40535 15251 15337 20442
40536 15338 4956 14983
40537 15338 14983 20443
40538 14983 4957 15337
40539 14983 15337 20443
40540 15337 5115 15081
40541 15337 15081 20443
40542 15081 5116 15338
40543 15081 15338 20443
40544 15339 4960 15035
40545 15339 15035 20444
40546 15035 4956 15338
40547 15035 15338 20444
40548 15338 5116 14991
40549 15338 14991 20444
40550 14991 5117 15339
40551 14991 15339 20444
40552 15340 4970 15061
40553 15340 15061 20445
40554 15061 4960 15339
40555 15061 15339 20445
40556 15339 5117 15062
40557 15339 15062 20445
40558 15062 5118 15340
40559 15062 15340 20445
40560 15341 4969 15007
40561 15341 15007 20446
40562 15007 4970 15340
40563 15007 15340 20446
40564 15340 5118 14998
40565 15340 14998 20446
40566 14998 5119 15341
40567 14998 15341 20446
40568 15023 4969 15341
40569 15023 15341 20447
40570 15341 5119 15028
40571 15341 15028 20447
40572 15028 5120 15342
40573 15028 15342 20447
40574 15342 4981 15023
40575 15342 15023 20447
40576 15047 4981 15342
40577 15047 15342 20448
40578 15342 5120 15040
40579 15342 15040 20448
40580 15040 5121 15343
40581 15040 15343 20448
40582 15343 4985 15047
40583 15343 15047 20448
40584 15343 5121 15058
40585 15343 15058 20449
40586 15058 5122 15344
40587 15058 15344 20449
40588 15344 4990 15052
40589 15344 15052 20449
40590 15052 4985 15343
40591 15052 15343 20449
40592 15344 5122 15133
40593 15344 15133 20450
40594 15133 5123 15345
40595 15133 15345 20450
40596 15345 5045 15129
40597 15345 15129 20450
40598 15129 4990 15344
40599 15129 15344 20450
40600 15145 5045 15345
40601 15145 15345 20451
40602 15345 5123 15142
40603 15345 15142 20451
40604 15142 5124 15346
40605 15142 15346 20451
40606 15346 5052 15145
40607 15346 15145 20451
40608 15347 5055 15152
40609 15347 15152 20452
40610 15152 5052 15346
40611 15152 15346 20452
40612 15346 5124 15157
40613 15346 15157 20452
40614 15157 5125 15347
40615 15157 15347 20452
40616 15348 5080 15260
40617 15348 15260 20453
40618 15260 2822 11570
40619 15260 11570 20453
40620 11570 3250 11244
40621 11570 11244 20453
40622 11244 3251 15348
40623 11244 15348 20453
40624 15348 3251 11258
40625 15348 11258 20454
40626 11258 3252 15349
40627 11258 15349 20454
40628 15349 5113 15336
40629 15349 15336 20454
40630 15336 5080 15348
40631 15336 15348 20454
40632 15349 3252 11249
40633 15349 11249 20455
40634 11249 3253 15350
40635 11249 15350 20455
40636 15350 5079 15254
40637 15350 15254 20455
40638 15254 5113 15349
40639 15254 15349 20455
40640 15351 5112 15258
40641 15351 15258 20456
40642 15258 5079 15350
40643 15258 15350 20456
40644 15350 3253 10634
40645 15350 10634 20456
40646 10634 3254 15351
40647 10634 15351 20456
40648 15352 5099 15334
40649 15352 15334 20457
40650 15334 5112 15351
40651 15334 15351 20457
40652 15351 3254 10679
40653 15351 10679 20457
40654 10679 3255 15352
40655 10679 15352 20457
40656 15353 5099 15352
40657 15353 15352 20458
40658 15352 3255 10638
40659 15352 10638 20458
40660 10638 3256 15353
40661 10638 15353 20458
40662 15354 5077 15321
40663 15354 15321 20459
40664 15321 5099 15353
40665 15321 15353 20459
40666 15353 3256 10675
40667 15353 10675 20459
40668 10675 3257 15354
40669 10675 15354 20459
40670 15354 3257 10673
40671 15354 10673 20460
40672 10673 3258 15355
40673 10673 15355 20460
40674 15355 5097 15317
40675 15355 15317 20460
40676 15317 5077 15354
40677 15317 15354 20460
40678 15356 5097 15355
40679 15356 15355 20461
40680 15355 3258 10677
40681 15355 10677 20461
40682 10677 3259 15356
40683 10677 15356 20461
40684 15356 3259 10646
40685 15356 10646 20462
40686 10646 3260 15357
40687 10646 15357 20462
40688 15357 5078 15281
40689 15357 15281 20462
40690 15281 5097 15356
40691 15281 15356 20462
40692 15357 3260 10643
40693 15357 10643 20463
40694 10643 3261 15358
40695 10643 15358 20463
40696 15358 5096 15279
40697 15358 15279 20463
40698 15279 5078 15357
40699 15279 15357 20463
40700 15359 5096 15358
40701 15359 15358 20464
40702 15358 3261 10648
40703 15358 10648 20464
40704 10648 3262 15359
40705 10648 15359 20464
40706 15360 5072 15314
40707 15360 15314 20465
40708 15314 5096 15359
40709 15314 15359 20465
40710 15359 3262 10668
40711 15359 10668 20465
40712 10668 3263 15360
40713 10668 15360 20465
40714 15360 3263 10663
40715 15360 10663 20466
40716 10663 3264 15361
40717 10663 15361 20466
40718 15361 5073 15274
40719 15361 15274 20466
40720 15274 5072 15360
40721 15274 15360 20466
40722 15362 5073 15361
40723 15362 15361 20467
40724 15361 3264 10667
40725 15361 10667 20467
40726 10667 3265 15362
40727 10667 15362 20467
40728 15362 3265 10659
40729 15362 10659 20468
40730 10659 3266 15363
40731 10659 15363 20468
40732 15363 5095 15267
40733 15363 15267 20468
40734 15267 5073 15362
40735 15267 15362 20468
40736 15364 5074 15312
40737 15364 15312 20469
40738 15312 5095 15363
40739 15312 15363 20469
40740 15363 3266 10665
40741 15363 10665 20469
40742 10665 3267 15364
40743 10665 15364 20469
40744 15364 3267 10655
40745 15364 10655 20470
40746 10655 3268 15365
40747 10655 15365 20470
40748 15365 5075 15240
40749 15365 15240 20470
40750 15240 5074 15364
40751 15240 15364 20470
40752 15365 3268 10652
40753 15365 10652 20471
40754 10652 3269 15366
40755 10652 15366 20471
40756 15366 5070 15245
40757 15366 15245 20471
40758 15245 5075 15365
40759 15245 15365 20471
40760 15366 3269 10599
40761 15366 10599 20472
40762 10599 3270 15367
40763 10599 15367 20472
40764 15367 5071 15244
40765 15367 15244 20472
40766 15244 5070 15366
40767 15244 15366 20472
40768 15367 3270 10596
40769 15367 10596 20473
40770 10596 3271 11571
40771 10596 11571 20473
40772 11571 2815 15242
40773 11571 15242 20473
40774 15242 5071 15367
40775 15242 15367 20473
40776 10313 2148 14880
40777 10313 14880 20474
40778 14880 4911 14878
40779 14880 14878 20474
40780 14878 5126 15368
40781 14878 15368 20474
40782 15368 2124 10313
40783 15368 10313 20474
40784 10315 2124 15368
40785 10315 15368 20475
40786 15368 5126 14535
40787 15368 14535 20475
40788 14535 5127 15369
40789 14535 15369 20475
40790 15369 2123 10315
40791 15369 10315 20475
40792 10317 2123 15369
40793 10317 15369 20476
40794 15369 5127 14580
40795 15369 14580 20476
40796 14580 5128 15370
40797 14580 15370 20476
40798 15370 2138 10317
40799 15370 10317 20476
40800 10319 2138 15370
40801 10319 15370 20477
40802 15370 5128 14612
40803 15370 14612 20477
40804 14612 5129 15371
40805 14612 15371 20477
40806 15371 2139 10319
40807 15371 10319 20477
40808 10320 2139 15371
40809 10320 15371 20478
40810 15371 5129 14609
40811 15371 14609 20478
40812 14609 4808 14606
40813 14609 14606 20478
40814 14606 2137 10320
40815 14606 10320 20478
40816 15372 4740 14579
40817 15372 14579 20479
40818 14579 4824 14614
40819 14579 14614 20479
40820 14614 5130 14568
40821 14614 14568 20479
40822 14568 5131 15372
40823 14568 15372 20479
40824 14870 4749 14530
40825 14870 14530 20480
40826 14530 4740 15372
40827 14530 15372 20480
40828 15372 5131 14533
40829 15372 14533 20480
40830 14533 5132 14870
40831 14533 14870 20480
